time,expected_wait_d,expected_wait_e,scenario,seed
0,3.0,3.0,legacy,0
1,3.0,3.0,legacy,0
2,3.0,3.0,legacy,0
3,3.0,3.0,legacy,0
4,3.0,3.0,legacy,0
5,3.0,3.0,legacy,0
6,3.0,3.0,legacy,0
7,3.0,3.0,legacy,0
8,3.0,3.0,legacy,0
9,3.0,3.0,legacy,0
10,3.0,3.0,legacy,0
11,3.0,3.0,legacy,0
12,3.0,3.0,legacy,0
13,3.0,3.0,legacy,0
14,3.0,3.0,legacy,0
15,3.0,3.0,legacy,0
16,3.0,3.0,legacy,0
17,3.0,3.0,legacy,0
18,3.0,3.0,legacy,0
19,3.0,3.0,legacy,0
20,3.0,3.0,legacy,0
21,3.0,3.0,legacy,0
22,3.0,3.0,legacy,0
23,3.0,3.0,legacy,0
24,3.0,3.0,legacy,0
25,3.0,3.0,legacy,0
26,3.0,3.0,legacy,0
27,3.0,3.0,legacy,0
28,3.0,3.0,legacy,0
29,3.0,3.0,legacy,0
30,3.0,3.0,legacy,0
31,3.0,3.0,legacy,0
32,3.0,3.0,legacy,0
33,3.0,3.0,legacy,0
34,3.0,3.0,legacy,0
35,3.0,3.0,legacy,0
36,3.0,3.0,legacy,0
37,3.0,3.0,legacy,0
38,3.0,3.0,legacy,0
39,3.0,3.0,legacy,0
40,3.0,3.0,legacy,0
41,3.0,3.0,legacy,0
42,3.0,3.0,legacy,0
43,3.0,3.0,legacy,0
44,3.0,3.0,legacy,0
45,3.0,3.0,legacy,0
46,3.0,3.0,legacy,0
47,3.0,3.0,legacy,0
48,3.0,3.0,legacy,0
49,3.0,3.0,legacy,0
50,3.0,3.0,legacy,0
51,3.0,3.0,legacy,0
52,3.0,3.0,legacy,0
53,3.0,3.0,legacy,0
54,3.0,3.0,legacy,0
55,3.0,3.0,legacy,0
56,3.0,3.0,legacy,0
57,3.0,3.0,legacy,0
58,3.0,3.0,legacy,0
59,3.0,3.0,legacy,0
60,3.0,3.0,legacy,0
61,3.0,3.0,legacy,0
62,3.0,3.0,legacy,0
63,3.0,3.0,legacy,0
64,3.0,3.0,legacy,0
65,3.0,3.0,legacy,0
0,3.0,3.0,base,0
1,3.0,3.0,base,0
2,3.0,3.0,base,0
3,3.0,3.0,base,0
4,3.0,3.0,base,0
5,3.0,3.0,base,0
6,3.0,3.0,base,0
7,3.0,3.0,base,0
8,3.0,3.0,base,0
9,3.0,3.0,base,0
10,3.0,3.0,base,0
11,3.0,3.0,base,0
12,3.0,3.0,base,0
13,3.0,3.0,base,0
14,3.0,3.0,base,0
15,3.0,3.0,base,0
16,3.0,3.0,base,0
17,3.0,3.0,base,0
18,3.0,3.0,base,0
19,3.0,3.0,base,0
20,3.0,3.0,base,0
21,3.0,3.0,base,0
22,3.0,3.0,base,0
23,3.0,3.0,base,0
24,3.0,3.0,base,0
25,3.0,3.0,base,0
26,3.0,3.0,base,0
27,3.0,3.0,base,0
28,3.0,3.0,base,0
29,3.0,3.0,base,0
30,3.0,3.0,base,0
31,3.0,3.0,base,0
32,3.0,3.0,base,0
33,3.0,3.0,base,0
34,3.0,3.0,base,0
35,3.0,3.0,base,0
36,3.0,3.0,base,0
37,3.0,3.0,base,0
38,3.0,3.0,base,0
39,3.0,3.0,base,0
40,3.0,3.0,base,0
41,3.0,3.0,base,0
42,3.0,3.0,base,0
43,3.0,3.0,base,0
44,3.0,3.0,base,0
45,3.0,3.0,base,0
46,3.0,3.0,base,0
47,3.0,3.0,base,0
48,3.0,3.0,base,0
49,3.0,3.0,base,0
50,3.0,3.0,base,0
51,3.0,3.0,base,0
52,3.0,3.0,base,0
53,3.0,3.0,base,0
54,3.0,3.0,base,0
55,3.0,3.0,base,0
56,3.0,3.0,base,0
57,3.0,3.0,base,0
58,3.0,3.0,base,0
59,3.0,3.0,base,0
60,3.0,3.0,base,0
61,3.0,3.0,base,0
62,3.0,3.0,base,0
63,3.0,3.0,base,0
64,3.0,3.0,base,0
65,3.0,3.0,base,0
0,3.0,3.0,wait_learning,0
1,2.888888888888889,3.0,wait_learning,0
2,2.9333333333333336,2.9,wait_learning,0
3,2.9466666666666668,2.9666666666666663,wait_learning,0
4,2.81969696969697,2.9696969696969693,wait_learning,0
5,2.8400000000000003,2.8455555555555554,wait_learning,0
6,2.851754385964912,2.869736842105263,wait_learning,0
7,2.8612318840579714,2.9181159420289853,wait_learning,0
8,2.8007936507936506,2.90515873015873,wait_learning,0
9,2.831060606060606,2.910227272727273,wait_learning,0
10,2.8385416666666665,2.848263888888889,wait_learning,0
11,2.843,2.8673333333333333,wait_learning,0
12,2.8565104166666666,2.8690104166666663,wait_learning,0
13,2.7782142857142857,2.8749319727891156,wait_learning,0
14,2.7744419642857143,2.8369791666666666,wait_learning,0
15,2.7969742063492067,2.835185185185185,wait_learning,0
16,2.7745156395891692,2.8587535014005603,wait_learning,0
17,2.7966284872534874,2.8606481481481483,wait_learning,0
18,2.8005411255411254,2.8696581196581192,wait_learning,0
19,2.8145310245310244,2.8462797619047615,wait_learning,0
20,2.7825814536340854,2.8430764411027565,wait_learning,0
21,2.79478835978836,2.886851851851852,wait_learning,0
22,2.7922004913076344,2.8360544217687074,wait_learning,0
23,2.837161246612466,2.834552845528455,wait_learning,0
24,2.853532524120759,2.8759337068160598,wait_learning,0
25,2.7938307493540053,2.8794573643410852,wait_learning,0
26,2.8004270186335405,2.8797101449275364,wait_learning,0
27,2.8153108465608465,2.8567708333333335,wait_learning,0
28,2.8296401515151515,2.8640151515151513,wait_learning,0
29,2.8258492063492064,2.871166666666667,wait_learning,0
30,2.846041834813021,2.9031073446327684,wait_learning,0
31,2.820544733044733,2.8983333333333334,wait_learning,0
32,2.8115539965986396,2.8971726190476192,wait_learning,0
33,2.8173280423280422,2.887865497076023,wait_learning,0
34,2.844253117913832,2.8494047619047618,wait_learning,0
35,2.8521959913909067,2.899858757062147,wait_learning,0
36,2.8099358974358974,2.9007692307692303,wait_learning,0
37,2.8096970269589314,2.866137566137566,wait_learning,0
38,2.829454985119048,2.8733072916666664,wait_learning,0
39,2.842554012345679,2.843419312169312,wait_learning,0
40,2.7943272005772006,2.7889790764790763,wait_learning,0
41,2.8310990338164252,2.8291407867494827,wait_learning,0
42,2.8393000573723466,2.8523092369477907,wait_learning,0
43,2.7993998015873016,2.8252083333333333,wait_learning,0
44,2.7925646113146114,2.8201007326007326,wait_learning,0
45,2.8183943089430894,2.833855981416957,wait_learning,0
46,2.7715695488721805,2.826942355889724,wait_learning,0
47,2.8181324404761905,2.8540922619047615,wait_learning,0
48,2.825731497418244,2.8495768789443487,wait_learning,0
49,2.8156919642857146,2.856019345238095,wait_learning,0
50,2.8223553345388788,2.868015370705244,wait_learning,0
51,2.8431199752628324,2.8671846011131725,wait_learning,0
52,2.841713048855906,2.8671846011131725,wait_learning,0
53,2.8545454545454545,2.872047000618429,wait_learning,0
54,2.8592764378478663,2.8946815089672233,wait_learning,0
55,2.8592764378478663,2.8946815089672233,wait_learning,0
56,2.870021645021645,2.8946815089672233,wait_learning,0
57,2.868382807668522,2.918491032776747,wait_learning,0
58,2.8822510822510825,2.8968460111317254,wait_learning,0
59,2.884632034632035,2.9267316017316016,wait_learning,0
60,2.900877192982456,2.959100877192982,wait_learning,0
61,2.8874999999999997,2.9092105263157895,wait_learning,0
62,2.8925555555555555,2.9317777777777776,wait_learning,0
63,2.8987777777777777,2.9623333333333335,wait_learning,0
64,2.930405405405405,2.9600225225225225,wait_learning,0
65,2.910698198198198,2.927027027027027,wait_learning,0
0,3.0,3.0,wait_no_outcomes,0
1,2.888888888888889,3.0,wait_no_outcomes,0
2,2.9333333333333336,2.9,wait_no_outcomes,0
3,2.9466666666666668,2.9666666666666663,wait_no_outcomes,0
4,2.81969696969697,2.9696969696969693,wait_no_outcomes,0
5,2.8400000000000003,2.8455555555555554,wait_no_outcomes,0
6,2.851754385964912,2.869736842105263,wait_no_outcomes,0
7,2.8612318840579714,2.9181159420289853,wait_no_outcomes,0
8,2.8126984126984125,2.90515873015873,wait_no_outcomes,0
9,2.8150793650793653,2.9119047619047618,wait_no_outcomes,0
10,2.8043478260869565,2.8942028985507244,wait_no_outcomes,0
11,2.8203809523809524,2.873666666666667,wait_no_outcomes,0
12,2.8504464285714284,2.8481770833333333,wait_no_outcomes,0
13,2.7744922969187678,2.8761554621848737,wait_no_outcomes,0
14,2.778417818740399,2.833333333333333,wait_no_outcomes,0
15,2.7961399711399713,2.8383838383838387,wait_no_outcomes,0
16,2.7705627705627704,2.878787878787879,wait_no_outcomes,0
17,2.8000355596784168,2.8545918367346936,wait_no_outcomes,0
18,2.8205793840662263,2.867763157894737,wait_no_outcomes,0
19,2.8113169238169236,2.8453296703296704,wait_no_outcomes,0
20,2.799450113378685,2.8372448979591836,wait_no_outcomes,0
21,2.815895562770563,2.8787608225108223,wait_no_outcomes,0
22,2.807166477702192,2.8576814058956916,wait_no_outcomes,0
23,2.8434202059202063,2.8396396396396395,wait_no_outcomes,0
24,2.8717727567217364,2.8826044703595723,wait_no_outcomes,0
25,2.858476375046142,2.874640088593577,wait_no_outcomes,0
26,2.8587477954144616,2.8742592592592593,wait_no_outcomes,0
27,2.862293488824101,2.8804421768707478,wait_no_outcomes,0
28,2.8626763668430333,2.8698148148148146,wait_no_outcomes,0
29,2.889686673280423,2.887673611111111,wait_no_outcomes,0
30,2.898872180451128,2.889766081871345,wait_no_outcomes,0
31,2.868970458553792,2.85950176366843,wait_no_outcomes,0
32,2.850807574491785,2.883208020050125,wait_no_outcomes,0
33,2.853215654077723,2.887171592775041,wait_no_outcomes,0
34,2.8926977040816326,2.876785714285714,wait_no_outcomes,0
35,2.8792978208232447,2.9101694915254237,wait_no_outcomes,0
36,2.8831593406593403,2.864249084249084,wait_no_outcomes,0
37,2.8325585789871504,2.8892479213907785,wait_no_outcomes,0
38,2.8465608465608465,2.8820483749055175,wait_no_outcomes,0
39,2.87648401826484,2.8611056751467707,wait_no_outcomes,0
40,2.800509768009768,2.8187179487179486,wait_no_outcomes,0
41,2.8531629318394027,2.84546568627451,wait_no_outcomes,0
42,2.86049627669998,2.8626543209876543,wait_no_outcomes,0
43,2.8535638939119954,2.8178119349005426,wait_no_outcomes,0
44,2.8180079365079362,2.8202857142857143,wait_no_outcomes,0
45,2.849174107142857,2.8449999999999998,wait_no_outcomes,0
46,2.8211843711843714,2.824404761904762,wait_no_outcomes,0
47,2.837940917107584,2.842982069370958,wait_no_outcomes,0
48,2.8443098072562356,2.8600552721088435,wait_no_outcomes,0
49,2.8326793062904176,2.853123162845385,wait_no_outcomes,0
50,2.8425558495002936,2.859634038800705,wait_no_outcomes,0
51,2.8703262786596118,2.864263668430335,wait_no_outcomes,0
52,2.869955357142857,2.8637127976190473,wait_no_outcomes,0
53,2.886875,2.869441964285714,wait_no_outcomes,0
54,2.886875,2.881875,wait_no_outcomes,0
55,2.886875,2.881875,wait_no_outcomes,0
56,2.8921577380952384,2.8939880952380954,wait_no_outcomes,0
57,2.9013244047619047,2.9032589285714283,wait_no_outcomes,0
58,2.9079166666666665,2.907425595238095,wait_no_outcomes,0
59,2.9079166666666665,2.9271874999999996,wait_no_outcomes,0
60,2.9321875,2.947083333333333,wait_no_outcomes,0
61,2.9315625,2.9459375,wait_no_outcomes,0
62,2.9208333333333334,2.9451041666666664,wait_no_outcomes,0
63,2.9205208333333332,2.9607291666666664,wait_no_outcomes,0
64,2.9639583333333333,2.966145833333333,wait_no_outcomes,0
65,2.9639583333333333,2.9854166666666666,wait_no_outcomes,0
0,3.0,3.0,followup_12,0
1,3.0,3.0,followup_12,0
2,3.0,3.0,followup_12,0
3,3.0,3.0,followup_12,0
4,3.0,3.0,followup_12,0
5,3.0,3.0,followup_12,0
6,3.0,3.0,followup_12,0
7,3.0,3.0,followup_12,0
8,3.0,3.0,followup_12,0
9,3.0,3.0,followup_12,0
10,3.0,3.0,followup_12,0
11,3.0,3.0,followup_12,0
12,3.0,3.0,followup_12,0
13,3.0,3.0,followup_12,0
14,3.0,3.0,followup_12,0
15,3.0,3.0,followup_12,0
16,3.0,3.0,followup_12,0
17,3.0,3.0,followup_12,0
18,3.0,3.0,followup_12,0
19,3.0,3.0,followup_12,0
20,3.0,3.0,followup_12,0
21,3.0,3.0,followup_12,0
22,3.0,3.0,followup_12,0
23,3.0,3.0,followup_12,0
24,3.0,3.0,followup_12,0
25,3.0,3.0,followup_12,0
26,3.0,3.0,followup_12,0
27,3.0,3.0,followup_12,0
28,3.0,3.0,followup_12,0
29,3.0,3.0,followup_12,0
30,3.0,3.0,followup_12,0
31,3.0,3.0,followup_12,0
32,3.0,3.0,followup_12,0
33,3.0,3.0,followup_12,0
34,3.0,3.0,followup_12,0
35,3.0,3.0,followup_12,0
36,3.0,3.0,followup_12,0
37,3.0,3.0,followup_12,0
38,3.0,3.0,followup_12,0
39,3.0,3.0,followup_12,0
40,3.0,3.0,followup_12,0
41,3.0,3.0,followup_12,0
42,3.0,3.0,followup_12,0
43,3.0,3.0,followup_12,0
44,3.0,3.0,followup_12,0
45,3.0,3.0,followup_12,0
46,3.0,3.0,followup_12,0
47,3.0,3.0,followup_12,0
48,3.0,3.0,followup_12,0
49,3.0,3.0,followup_12,0
50,3.0,3.0,followup_12,0
51,3.0,3.0,followup_12,0
52,3.0,3.0,followup_12,0
53,3.0,3.0,followup_12,0
0,3.0,3.0,followup_48,0
1,3.0,3.0,followup_48,0
2,3.0,3.0,followup_48,0
3,3.0,3.0,followup_48,0
4,3.0,3.0,followup_48,0
5,3.0,3.0,followup_48,0
6,3.0,3.0,followup_48,0
7,3.0,3.0,followup_48,0
8,3.0,3.0,followup_48,0
9,3.0,3.0,followup_48,0
10,3.0,3.0,followup_48,0
11,3.0,3.0,followup_48,0
12,3.0,3.0,followup_48,0
13,3.0,3.0,followup_48,0
14,3.0,3.0,followup_48,0
15,3.0,3.0,followup_48,0
16,3.0,3.0,followup_48,0
17,3.0,3.0,followup_48,0
18,3.0,3.0,followup_48,0
19,3.0,3.0,followup_48,0
20,3.0,3.0,followup_48,0
21,3.0,3.0,followup_48,0
22,3.0,3.0,followup_48,0
23,3.0,3.0,followup_48,0
24,3.0,3.0,followup_48,0
25,3.0,3.0,followup_48,0
26,3.0,3.0,followup_48,0
27,3.0,3.0,followup_48,0
28,3.0,3.0,followup_48,0
29,3.0,3.0,followup_48,0
30,3.0,3.0,followup_48,0
31,3.0,3.0,followup_48,0
32,3.0,3.0,followup_48,0
33,3.0,3.0,followup_48,0
34,3.0,3.0,followup_48,0
35,3.0,3.0,followup_48,0
36,3.0,3.0,followup_48,0
37,3.0,3.0,followup_48,0
38,3.0,3.0,followup_48,0
39,3.0,3.0,followup_48,0
40,3.0,3.0,followup_48,0
41,3.0,3.0,followup_48,0
42,3.0,3.0,followup_48,0
43,3.0,3.0,followup_48,0
44,3.0,3.0,followup_48,0
45,3.0,3.0,followup_48,0
46,3.0,3.0,followup_48,0
47,3.0,3.0,followup_48,0
48,3.0,3.0,followup_48,0
49,3.0,3.0,followup_48,0
50,3.0,3.0,followup_48,0
51,3.0,3.0,followup_48,0
52,3.0,3.0,followup_48,0
53,3.0,3.0,followup_48,0
54,3.0,3.0,followup_48,0
55,3.0,3.0,followup_48,0
56,3.0,3.0,followup_48,0
57,3.0,3.0,followup_48,0
58,3.0,3.0,followup_48,0
59,3.0,3.0,followup_48,0
60,3.0,3.0,followup_48,0
61,3.0,3.0,followup_48,0
62,3.0,3.0,followup_48,0
63,3.0,3.0,followup_48,0
64,3.0,3.0,followup_48,0
65,3.0,3.0,followup_48,0
66,3.0,3.0,followup_48,0
67,3.0,3.0,followup_48,0
68,3.0,3.0,followup_48,0
69,3.0,3.0,followup_48,0
70,3.0,3.0,followup_48,0
71,3.0,3.0,followup_48,0
72,3.0,3.0,followup_48,0
73,3.0,3.0,followup_48,0
74,3.0,3.0,followup_48,0
75,3.0,3.0,followup_48,0
76,3.0,3.0,followup_48,0
77,3.0,3.0,followup_48,0
78,3.0,3.0,followup_48,0
79,3.0,3.0,followup_48,0
80,3.0,3.0,followup_48,0
81,3.0,3.0,followup_48,0
82,3.0,3.0,followup_48,0
83,3.0,3.0,followup_48,0
84,3.0,3.0,followup_48,0
85,3.0,3.0,followup_48,0
86,3.0,3.0,followup_48,0
87,3.0,3.0,followup_48,0
88,3.0,3.0,followup_48,0
89,3.0,3.0,followup_48,0
0,3.0,3.0,spacing_3,0
1,3.0,3.0,spacing_3,0
2,3.0,3.0,spacing_3,0
3,3.0,3.0,spacing_3,0
4,3.0,3.0,spacing_3,0
5,3.0,3.0,spacing_3,0
6,3.0,3.0,spacing_3,0
7,3.0,3.0,spacing_3,0
8,3.0,3.0,spacing_3,0
9,3.0,3.0,spacing_3,0
10,3.0,3.0,spacing_3,0
11,3.0,3.0,spacing_3,0
12,3.0,3.0,spacing_3,0
13,3.0,3.0,spacing_3,0
14,3.0,3.0,spacing_3,0
15,3.0,3.0,spacing_3,0
16,3.0,3.0,spacing_3,0
17,3.0,3.0,spacing_3,0
18,3.0,3.0,spacing_3,0
19,3.0,3.0,spacing_3,0
20,3.0,3.0,spacing_3,0
21,3.0,3.0,spacing_3,0
22,3.0,3.0,spacing_3,0
23,3.0,3.0,spacing_3,0
24,3.0,3.0,spacing_3,0
25,3.0,3.0,spacing_3,0
26,3.0,3.0,spacing_3,0
27,3.0,3.0,spacing_3,0
28,3.0,3.0,spacing_3,0
29,3.0,3.0,spacing_3,0
30,3.0,3.0,spacing_3,0
31,3.0,3.0,spacing_3,0
32,3.0,3.0,spacing_3,0
33,3.0,3.0,spacing_3,0
34,3.0,3.0,spacing_3,0
35,3.0,3.0,spacing_3,0
36,3.0,3.0,spacing_3,0
37,3.0,3.0,spacing_3,0
38,3.0,3.0,spacing_3,0
39,3.0,3.0,spacing_3,0
40,3.0,3.0,spacing_3,0
41,3.0,3.0,spacing_3,0
42,3.0,3.0,spacing_3,0
43,3.0,3.0,spacing_3,0
44,3.0,3.0,spacing_3,0
0,3.0,3.0,spacing_12,0
1,3.0,3.0,spacing_12,0
2,3.0,3.0,spacing_12,0
3,3.0,3.0,spacing_12,0
4,3.0,3.0,spacing_12,0
5,3.0,3.0,spacing_12,0
6,3.0,3.0,spacing_12,0
7,3.0,3.0,spacing_12,0
8,3.0,3.0,spacing_12,0
9,3.0,3.0,spacing_12,0
10,3.0,3.0,spacing_12,0
11,3.0,3.0,spacing_12,0
12,3.0,3.0,spacing_12,0
13,3.0,3.0,spacing_12,0
14,3.0,3.0,spacing_12,0
15,3.0,3.0,spacing_12,0
16,3.0,3.0,spacing_12,0
17,3.0,3.0,spacing_12,0
18,3.0,3.0,spacing_12,0
19,3.0,3.0,spacing_12,0
20,3.0,3.0,spacing_12,0
21,3.0,3.0,spacing_12,0
22,3.0,3.0,spacing_12,0
23,3.0,3.0,spacing_12,0
24,3.0,3.0,spacing_12,0
25,3.0,3.0,spacing_12,0
26,3.0,3.0,spacing_12,0
27,3.0,3.0,spacing_12,0
28,3.0,3.0,spacing_12,0
29,3.0,3.0,spacing_12,0
30,3.0,3.0,spacing_12,0
31,3.0,3.0,spacing_12,0
32,3.0,3.0,spacing_12,0
33,3.0,3.0,spacing_12,0
34,3.0,3.0,spacing_12,0
35,3.0,3.0,spacing_12,0
36,3.0,3.0,spacing_12,0
37,3.0,3.0,spacing_12,0
38,3.0,3.0,spacing_12,0
39,3.0,3.0,spacing_12,0
40,3.0,3.0,spacing_12,0
41,3.0,3.0,spacing_12,0
42,3.0,3.0,spacing_12,0
43,3.0,3.0,spacing_12,0
44,3.0,3.0,spacing_12,0
45,3.0,3.0,spacing_12,0
46,3.0,3.0,spacing_12,0
47,3.0,3.0,spacing_12,0
48,3.0,3.0,spacing_12,0
49,3.0,3.0,spacing_12,0
50,3.0,3.0,spacing_12,0
51,3.0,3.0,spacing_12,0
52,3.0,3.0,spacing_12,0
53,3.0,3.0,spacing_12,0
54,3.0,3.0,spacing_12,0
55,3.0,3.0,spacing_12,0
56,3.0,3.0,spacing_12,0
57,3.0,3.0,spacing_12,0
58,3.0,3.0,spacing_12,0
59,3.0,3.0,spacing_12,0
60,3.0,3.0,spacing_12,0
61,3.0,3.0,spacing_12,0
62,3.0,3.0,spacing_12,0
63,3.0,3.0,spacing_12,0
64,3.0,3.0,spacing_12,0
65,3.0,3.0,spacing_12,0
66,3.0,3.0,spacing_12,0
67,3.0,3.0,spacing_12,0
68,3.0,3.0,spacing_12,0
69,3.0,3.0,spacing_12,0
70,3.0,3.0,spacing_12,0
71,3.0,3.0,spacing_12,0
72,3.0,3.0,spacing_12,0
73,3.0,3.0,spacing_12,0
74,3.0,3.0,spacing_12,0
75,3.0,3.0,spacing_12,0
76,3.0,3.0,spacing_12,0
77,3.0,3.0,spacing_12,0
78,3.0,3.0,spacing_12,0
79,3.0,3.0,spacing_12,0
80,3.0,3.0,spacing_12,0
81,3.0,3.0,spacing_12,0
82,3.0,3.0,spacing_12,0
83,3.0,3.0,spacing_12,0
84,3.0,3.0,spacing_12,0
85,3.0,3.0,spacing_12,0
86,3.0,3.0,spacing_12,0
87,3.0,3.0,spacing_12,0
88,3.0,3.0,spacing_12,0
89,3.0,3.0,spacing_12,0
90,3.0,3.0,spacing_12,0
91,3.0,3.0,spacing_12,0
92,3.0,3.0,spacing_12,0
93,3.0,3.0,spacing_12,0
94,3.0,3.0,spacing_12,0
95,3.0,3.0,spacing_12,0
96,3.0,3.0,spacing_12,0
97,3.0,3.0,spacing_12,0
98,3.0,3.0,spacing_12,0
99,3.0,3.0,spacing_12,0
100,3.0,3.0,spacing_12,0
101,3.0,3.0,spacing_12,0
102,3.0,3.0,spacing_12,0
103,3.0,3.0,spacing_12,0
104,3.0,3.0,spacing_12,0
105,3.0,3.0,spacing_12,0
106,3.0,3.0,spacing_12,0
107,3.0,3.0,spacing_12,0
0,3.0,3.0,memory_6,0
1,3.0,3.0,memory_6,0
2,3.0,3.0,memory_6,0
3,3.0,3.0,memory_6,0
4,3.0,3.0,memory_6,0
5,3.0,3.0,memory_6,0
6,3.0,3.0,memory_6,0
7,3.0,3.0,memory_6,0
8,3.0,3.0,memory_6,0
9,3.0,3.0,memory_6,0
10,3.0,3.0,memory_6,0
11,3.0,3.0,memory_6,0
12,3.0,3.0,memory_6,0
13,3.0,3.0,memory_6,0
14,3.0,3.0,memory_6,0
15,3.0,3.0,memory_6,0
16,3.0,3.0,memory_6,0
17,3.0,3.0,memory_6,0
18,3.0,3.0,memory_6,0
19,3.0,3.0,memory_6,0
20,3.0,3.0,memory_6,0
21,3.0,3.0,memory_6,0
22,3.0,3.0,memory_6,0
23,3.0,3.0,memory_6,0
24,3.0,3.0,memory_6,0
25,3.0,3.0,memory_6,0
26,3.0,3.0,memory_6,0
27,3.0,3.0,memory_6,0
28,3.0,3.0,memory_6,0
29,3.0,3.0,memory_6,0
30,3.0,3.0,memory_6,0
31,3.0,3.0,memory_6,0
32,3.0,3.0,memory_6,0
33,3.0,3.0,memory_6,0
34,3.0,3.0,memory_6,0
35,3.0,3.0,memory_6,0
36,3.0,3.0,memory_6,0
37,3.0,3.0,memory_6,0
38,3.0,3.0,memory_6,0
39,3.0,3.0,memory_6,0
40,3.0,3.0,memory_6,0
41,3.0,3.0,memory_6,0
42,3.0,3.0,memory_6,0
43,3.0,3.0,memory_6,0
44,3.0,3.0,memory_6,0
45,3.0,3.0,memory_6,0
46,3.0,3.0,memory_6,0
47,3.0,3.0,memory_6,0
48,3.0,3.0,memory_6,0
49,3.0,3.0,memory_6,0
50,3.0,3.0,memory_6,0
51,3.0,3.0,memory_6,0
52,3.0,3.0,memory_6,0
53,3.0,3.0,memory_6,0
54,3.0,3.0,memory_6,0
55,3.0,3.0,memory_6,0
56,3.0,3.0,memory_6,0
57,3.0,3.0,memory_6,0
58,3.0,3.0,memory_6,0
59,3.0,3.0,memory_6,0
60,3.0,3.0,memory_6,0
61,3.0,3.0,memory_6,0
62,3.0,3.0,memory_6,0
63,3.0,3.0,memory_6,0
64,3.0,3.0,memory_6,0
65,3.0,3.0,memory_6,0
0,3.0,3.0,memory_36,0
1,3.0,3.0,memory_36,0
2,3.0,3.0,memory_36,0
3,3.0,3.0,memory_36,0
4,3.0,3.0,memory_36,0
5,3.0,3.0,memory_36,0
6,3.0,3.0,memory_36,0
7,3.0,3.0,memory_36,0
8,3.0,3.0,memory_36,0
9,3.0,3.0,memory_36,0
10,3.0,3.0,memory_36,0
11,3.0,3.0,memory_36,0
12,3.0,3.0,memory_36,0
13,3.0,3.0,memory_36,0
14,3.0,3.0,memory_36,0
15,3.0,3.0,memory_36,0
16,3.0,3.0,memory_36,0
17,3.0,3.0,memory_36,0
18,3.0,3.0,memory_36,0
19,3.0,3.0,memory_36,0
20,3.0,3.0,memory_36,0
21,3.0,3.0,memory_36,0
22,3.0,3.0,memory_36,0
23,3.0,3.0,memory_36,0
24,3.0,3.0,memory_36,0
25,3.0,3.0,memory_36,0
26,3.0,3.0,memory_36,0
27,3.0,3.0,memory_36,0
28,3.0,3.0,memory_36,0
29,3.0,3.0,memory_36,0
30,3.0,3.0,memory_36,0
31,3.0,3.0,memory_36,0
32,3.0,3.0,memory_36,0
33,3.0,3.0,memory_36,0
34,3.0,3.0,memory_36,0
35,3.0,3.0,memory_36,0
36,3.0,3.0,memory_36,0
37,3.0,3.0,memory_36,0
38,3.0,3.0,memory_36,0
39,3.0,3.0,memory_36,0
40,3.0,3.0,memory_36,0
41,3.0,3.0,memory_36,0
42,3.0,3.0,memory_36,0
43,3.0,3.0,memory_36,0
44,3.0,3.0,memory_36,0
45,3.0,3.0,memory_36,0
46,3.0,3.0,memory_36,0
47,3.0,3.0,memory_36,0
48,3.0,3.0,memory_36,0
49,3.0,3.0,memory_36,0
50,3.0,3.0,memory_36,0
51,3.0,3.0,memory_36,0
52,3.0,3.0,memory_36,0
53,3.0,3.0,memory_36,0
54,3.0,3.0,memory_36,0
55,3.0,3.0,memory_36,0
56,3.0,3.0,memory_36,0
57,3.0,3.0,memory_36,0
58,3.0,3.0,memory_36,0
59,3.0,3.0,memory_36,0
60,3.0,3.0,memory_36,0
61,3.0,3.0,memory_36,0
62,3.0,3.0,memory_36,0
63,3.0,3.0,memory_36,0
64,3.0,3.0,memory_36,0
65,3.0,3.0,memory_36,0
0,3.0,3.0,symmetric_random,0
1,3.0,3.0,symmetric_random,0
2,3.0,3.0,symmetric_random,0
3,3.0,3.0,symmetric_random,0
4,3.0,3.0,symmetric_random,0
5,3.0,3.0,symmetric_random,0
6,3.0,3.0,symmetric_random,0
7,3.0,3.0,symmetric_random,0
8,3.0,3.0,symmetric_random,0
9,3.0,3.0,symmetric_random,0
10,3.0,3.0,symmetric_random,0
11,3.0,3.0,symmetric_random,0
12,3.0,3.0,symmetric_random,0
13,3.0,3.0,symmetric_random,0
14,3.0,3.0,symmetric_random,0
15,3.0,3.0,symmetric_random,0
16,3.0,3.0,symmetric_random,0
17,3.0,3.0,symmetric_random,0
18,3.0,3.0,symmetric_random,0
19,3.0,3.0,symmetric_random,0
20,3.0,3.0,symmetric_random,0
21,3.0,3.0,symmetric_random,0
22,3.0,3.0,symmetric_random,0
23,3.0,3.0,symmetric_random,0
24,3.0,3.0,symmetric_random,0
25,3.0,3.0,symmetric_random,0
26,3.0,3.0,symmetric_random,0
27,3.0,3.0,symmetric_random,0
28,3.0,3.0,symmetric_random,0
29,3.0,3.0,symmetric_random,0
30,3.0,3.0,symmetric_random,0
31,3.0,3.0,symmetric_random,0
32,3.0,3.0,symmetric_random,0
33,3.0,3.0,symmetric_random,0
34,3.0,3.0,symmetric_random,0
35,3.0,3.0,symmetric_random,0
36,3.0,3.0,symmetric_random,0
37,3.0,3.0,symmetric_random,0
38,3.0,3.0,symmetric_random,0
39,3.0,3.0,symmetric_random,0
40,3.0,3.0,symmetric_random,0
41,3.0,3.0,symmetric_random,0
42,3.0,3.0,symmetric_random,0
43,3.0,3.0,symmetric_random,0
44,3.0,3.0,symmetric_random,0
45,3.0,3.0,symmetric_random,0
46,3.0,3.0,symmetric_random,0
47,3.0,3.0,symmetric_random,0
48,3.0,3.0,symmetric_random,0
49,3.0,3.0,symmetric_random,0
50,3.0,3.0,symmetric_random,0
51,3.0,3.0,symmetric_random,0
52,3.0,3.0,symmetric_random,0
53,3.0,3.0,symmetric_random,0
54,3.0,3.0,symmetric_random,0
55,3.0,3.0,symmetric_random,0
56,3.0,3.0,symmetric_random,0
57,3.0,3.0,symmetric_random,0
58,3.0,3.0,symmetric_random,0
59,3.0,3.0,symmetric_random,0
60,3.0,3.0,symmetric_random,0
61,3.0,3.0,symmetric_random,0
62,3.0,3.0,symmetric_random,0
63,3.0,3.0,symmetric_random,0
64,3.0,3.0,symmetric_random,0
65,3.0,3.0,symmetric_random,0
0,3.0,3.0,symmetric_legacy,0
1,3.0,3.0,symmetric_legacy,0
2,3.0,3.0,symmetric_legacy,0
3,3.0,3.0,symmetric_legacy,0
4,3.0,3.0,symmetric_legacy,0
5,3.0,3.0,symmetric_legacy,0
6,3.0,3.0,symmetric_legacy,0
7,3.0,3.0,symmetric_legacy,0
8,3.0,3.0,symmetric_legacy,0
9,3.0,3.0,symmetric_legacy,0
10,3.0,3.0,symmetric_legacy,0
11,3.0,3.0,symmetric_legacy,0
12,3.0,3.0,symmetric_legacy,0
13,3.0,3.0,symmetric_legacy,0
14,3.0,3.0,symmetric_legacy,0
15,3.0,3.0,symmetric_legacy,0
16,3.0,3.0,symmetric_legacy,0
17,3.0,3.0,symmetric_legacy,0
18,3.0,3.0,symmetric_legacy,0
19,3.0,3.0,symmetric_legacy,0
20,3.0,3.0,symmetric_legacy,0
21,3.0,3.0,symmetric_legacy,0
22,3.0,3.0,symmetric_legacy,0
23,3.0,3.0,symmetric_legacy,0
24,3.0,3.0,symmetric_legacy,0
25,3.0,3.0,symmetric_legacy,0
26,3.0,3.0,symmetric_legacy,0
27,3.0,3.0,symmetric_legacy,0
28,3.0,3.0,symmetric_legacy,0
29,3.0,3.0,symmetric_legacy,0
30,3.0,3.0,symmetric_legacy,0
31,3.0,3.0,symmetric_legacy,0
32,3.0,3.0,symmetric_legacy,0
33,3.0,3.0,symmetric_legacy,0
34,3.0,3.0,symmetric_legacy,0
35,3.0,3.0,symmetric_legacy,0
36,3.0,3.0,symmetric_legacy,0
37,3.0,3.0,symmetric_legacy,0
38,3.0,3.0,symmetric_legacy,0
39,3.0,3.0,symmetric_legacy,0
40,3.0,3.0,symmetric_legacy,0
41,3.0,3.0,symmetric_legacy,0
42,3.0,3.0,symmetric_legacy,0
43,3.0,3.0,symmetric_legacy,0
44,3.0,3.0,symmetric_legacy,0
45,3.0,3.0,symmetric_legacy,0
46,3.0,3.0,symmetric_legacy,0
47,3.0,3.0,symmetric_legacy,0
48,3.0,3.0,symmetric_legacy,0
49,3.0,3.0,symmetric_legacy,0
50,3.0,3.0,symmetric_legacy,0
51,3.0,3.0,symmetric_legacy,0
52,3.0,3.0,symmetric_legacy,0
53,3.0,3.0,symmetric_legacy,0
54,3.0,3.0,symmetric_legacy,0
55,3.0,3.0,symmetric_legacy,0
56,3.0,3.0,symmetric_legacy,0
57,3.0,3.0,symmetric_legacy,0
58,3.0,3.0,symmetric_legacy,0
59,3.0,3.0,symmetric_legacy,0
60,3.0,3.0,symmetric_legacy,0
61,3.0,3.0,symmetric_legacy,0
62,3.0,3.0,symmetric_legacy,0
63,3.0,3.0,symmetric_legacy,0
64,3.0,3.0,symmetric_legacy,0
65,3.0,3.0,symmetric_legacy,0
0,3.0,3.0,grid_r0.4_c0.5,0
1,3.0,3.0,grid_r0.4_c0.5,0
2,3.0,3.0,grid_r0.4_c0.5,0
3,3.0,3.0,grid_r0.4_c0.5,0
4,3.0,3.0,grid_r0.4_c0.5,0
5,3.0,3.0,grid_r0.4_c0.5,0
6,3.0,3.0,grid_r0.4_c0.5,0
7,3.0,3.0,grid_r0.4_c0.5,0
8,3.0,3.0,grid_r0.4_c0.5,0
9,3.0,3.0,grid_r0.4_c0.5,0
10,3.0,3.0,grid_r0.4_c0.5,0
11,3.0,3.0,grid_r0.4_c0.5,0
12,3.0,3.0,grid_r0.4_c0.5,0
13,3.0,3.0,grid_r0.4_c0.5,0
14,3.0,3.0,grid_r0.4_c0.5,0
15,3.0,3.0,grid_r0.4_c0.5,0
16,3.0,3.0,grid_r0.4_c0.5,0
17,3.0,3.0,grid_r0.4_c0.5,0
18,3.0,3.0,grid_r0.4_c0.5,0
19,3.0,3.0,grid_r0.4_c0.5,0
20,3.0,3.0,grid_r0.4_c0.5,0
21,3.0,3.0,grid_r0.4_c0.5,0
22,3.0,3.0,grid_r0.4_c0.5,0
23,3.0,3.0,grid_r0.4_c0.5,0
24,3.0,3.0,grid_r0.4_c0.5,0
25,3.0,3.0,grid_r0.4_c0.5,0
26,3.0,3.0,grid_r0.4_c0.5,0
27,3.0,3.0,grid_r0.4_c0.5,0
28,3.0,3.0,grid_r0.4_c0.5,0
29,3.0,3.0,grid_r0.4_c0.5,0
30,3.0,3.0,grid_r0.4_c0.5,0
31,3.0,3.0,grid_r0.4_c0.5,0
32,3.0,3.0,grid_r0.4_c0.5,0
33,3.0,3.0,grid_r0.4_c0.5,0
34,3.0,3.0,grid_r0.4_c0.5,0
35,3.0,3.0,grid_r0.4_c0.5,0
36,3.0,3.0,grid_r0.4_c0.5,0
37,3.0,3.0,grid_r0.4_c0.5,0
38,3.0,3.0,grid_r0.4_c0.5,0
39,3.0,3.0,grid_r0.4_c0.5,0
40,3.0,3.0,grid_r0.4_c0.5,0
41,3.0,3.0,grid_r0.4_c0.5,0
42,3.0,3.0,grid_r0.4_c0.5,0
43,3.0,3.0,grid_r0.4_c0.5,0
44,3.0,3.0,grid_r0.4_c0.5,0
45,3.0,3.0,grid_r0.4_c0.5,0
46,3.0,3.0,grid_r0.4_c0.5,0
47,3.0,3.0,grid_r0.4_c0.5,0
48,3.0,3.0,grid_r0.4_c0.5,0
49,3.0,3.0,grid_r0.4_c0.5,0
50,3.0,3.0,grid_r0.4_c0.5,0
51,3.0,3.0,grid_r0.4_c0.5,0
52,3.0,3.0,grid_r0.4_c0.5,0
53,3.0,3.0,grid_r0.4_c0.5,0
54,3.0,3.0,grid_r0.4_c0.5,0
55,3.0,3.0,grid_r0.4_c0.5,0
56,3.0,3.0,grid_r0.4_c0.5,0
57,3.0,3.0,grid_r0.4_c0.5,0
58,3.0,3.0,grid_r0.4_c0.5,0
59,3.0,3.0,grid_r0.4_c0.5,0
60,3.0,3.0,grid_r0.4_c0.5,0
61,3.0,3.0,grid_r0.4_c0.5,0
62,3.0,3.0,grid_r0.4_c0.5,0
63,3.0,3.0,grid_r0.4_c0.5,0
64,3.0,3.0,grid_r0.4_c0.5,0
65,3.0,3.0,grid_r0.4_c0.5,0
0,3.0,3.0,grid_r0.4_c1.0,0
1,3.0,3.0,grid_r0.4_c1.0,0
2,3.0,3.0,grid_r0.4_c1.0,0
3,3.0,3.0,grid_r0.4_c1.0,0
4,3.0,3.0,grid_r0.4_c1.0,0
5,3.0,3.0,grid_r0.4_c1.0,0
6,3.0,3.0,grid_r0.4_c1.0,0
7,3.0,3.0,grid_r0.4_c1.0,0
8,3.0,3.0,grid_r0.4_c1.0,0
9,3.0,3.0,grid_r0.4_c1.0,0
10,3.0,3.0,grid_r0.4_c1.0,0
11,3.0,3.0,grid_r0.4_c1.0,0
12,3.0,3.0,grid_r0.4_c1.0,0
13,3.0,3.0,grid_r0.4_c1.0,0
14,3.0,3.0,grid_r0.4_c1.0,0
15,3.0,3.0,grid_r0.4_c1.0,0
16,3.0,3.0,grid_r0.4_c1.0,0
17,3.0,3.0,grid_r0.4_c1.0,0
18,3.0,3.0,grid_r0.4_c1.0,0
19,3.0,3.0,grid_r0.4_c1.0,0
20,3.0,3.0,grid_r0.4_c1.0,0
21,3.0,3.0,grid_r0.4_c1.0,0
22,3.0,3.0,grid_r0.4_c1.0,0
23,3.0,3.0,grid_r0.4_c1.0,0
24,3.0,3.0,grid_r0.4_c1.0,0
25,3.0,3.0,grid_r0.4_c1.0,0
26,3.0,3.0,grid_r0.4_c1.0,0
27,3.0,3.0,grid_r0.4_c1.0,0
28,3.0,3.0,grid_r0.4_c1.0,0
29,3.0,3.0,grid_r0.4_c1.0,0
30,3.0,3.0,grid_r0.4_c1.0,0
31,3.0,3.0,grid_r0.4_c1.0,0
32,3.0,3.0,grid_r0.4_c1.0,0
33,3.0,3.0,grid_r0.4_c1.0,0
34,3.0,3.0,grid_r0.4_c1.0,0
35,3.0,3.0,grid_r0.4_c1.0,0
36,3.0,3.0,grid_r0.4_c1.0,0
37,3.0,3.0,grid_r0.4_c1.0,0
38,3.0,3.0,grid_r0.4_c1.0,0
39,3.0,3.0,grid_r0.4_c1.0,0
40,3.0,3.0,grid_r0.4_c1.0,0
41,3.0,3.0,grid_r0.4_c1.0,0
42,3.0,3.0,grid_r0.4_c1.0,0
43,3.0,3.0,grid_r0.4_c1.0,0
44,3.0,3.0,grid_r0.4_c1.0,0
45,3.0,3.0,grid_r0.4_c1.0,0
46,3.0,3.0,grid_r0.4_c1.0,0
47,3.0,3.0,grid_r0.4_c1.0,0
48,3.0,3.0,grid_r0.4_c1.0,0
49,3.0,3.0,grid_r0.4_c1.0,0
50,3.0,3.0,grid_r0.4_c1.0,0
51,3.0,3.0,grid_r0.4_c1.0,0
52,3.0,3.0,grid_r0.4_c1.0,0
53,3.0,3.0,grid_r0.4_c1.0,0
54,3.0,3.0,grid_r0.4_c1.0,0
55,3.0,3.0,grid_r0.4_c1.0,0
56,3.0,3.0,grid_r0.4_c1.0,0
57,3.0,3.0,grid_r0.4_c1.0,0
58,3.0,3.0,grid_r0.4_c1.0,0
59,3.0,3.0,grid_r0.4_c1.0,0
60,3.0,3.0,grid_r0.4_c1.0,0
61,3.0,3.0,grid_r0.4_c1.0,0
62,3.0,3.0,grid_r0.4_c1.0,0
63,3.0,3.0,grid_r0.4_c1.0,0
64,3.0,3.0,grid_r0.4_c1.0,0
65,3.0,3.0,grid_r0.4_c1.0,0
0,3.0,3.0,grid_r0.4_c1.5,0
1,3.0,3.0,grid_r0.4_c1.5,0
2,3.0,3.0,grid_r0.4_c1.5,0
3,3.0,3.0,grid_r0.4_c1.5,0
4,3.0,3.0,grid_r0.4_c1.5,0
5,3.0,3.0,grid_r0.4_c1.5,0
6,3.0,3.0,grid_r0.4_c1.5,0
7,3.0,3.0,grid_r0.4_c1.5,0
8,3.0,3.0,grid_r0.4_c1.5,0
9,3.0,3.0,grid_r0.4_c1.5,0
10,3.0,3.0,grid_r0.4_c1.5,0
11,3.0,3.0,grid_r0.4_c1.5,0
12,3.0,3.0,grid_r0.4_c1.5,0
13,3.0,3.0,grid_r0.4_c1.5,0
14,3.0,3.0,grid_r0.4_c1.5,0
15,3.0,3.0,grid_r0.4_c1.5,0
16,3.0,3.0,grid_r0.4_c1.5,0
17,3.0,3.0,grid_r0.4_c1.5,0
18,3.0,3.0,grid_r0.4_c1.5,0
19,3.0,3.0,grid_r0.4_c1.5,0
20,3.0,3.0,grid_r0.4_c1.5,0
21,3.0,3.0,grid_r0.4_c1.5,0
22,3.0,3.0,grid_r0.4_c1.5,0
23,3.0,3.0,grid_r0.4_c1.5,0
24,3.0,3.0,grid_r0.4_c1.5,0
25,3.0,3.0,grid_r0.4_c1.5,0
26,3.0,3.0,grid_r0.4_c1.5,0
27,3.0,3.0,grid_r0.4_c1.5,0
28,3.0,3.0,grid_r0.4_c1.5,0
29,3.0,3.0,grid_r0.4_c1.5,0
30,3.0,3.0,grid_r0.4_c1.5,0
31,3.0,3.0,grid_r0.4_c1.5,0
32,3.0,3.0,grid_r0.4_c1.5,0
33,3.0,3.0,grid_r0.4_c1.5,0
34,3.0,3.0,grid_r0.4_c1.5,0
35,3.0,3.0,grid_r0.4_c1.5,0
36,3.0,3.0,grid_r0.4_c1.5,0
37,3.0,3.0,grid_r0.4_c1.5,0
38,3.0,3.0,grid_r0.4_c1.5,0
39,3.0,3.0,grid_r0.4_c1.5,0
40,3.0,3.0,grid_r0.4_c1.5,0
41,3.0,3.0,grid_r0.4_c1.5,0
42,3.0,3.0,grid_r0.4_c1.5,0
43,3.0,3.0,grid_r0.4_c1.5,0
44,3.0,3.0,grid_r0.4_c1.5,0
45,3.0,3.0,grid_r0.4_c1.5,0
46,3.0,3.0,grid_r0.4_c1.5,0
47,3.0,3.0,grid_r0.4_c1.5,0
48,3.0,3.0,grid_r0.4_c1.5,0
49,3.0,3.0,grid_r0.4_c1.5,0
50,3.0,3.0,grid_r0.4_c1.5,0
51,3.0,3.0,grid_r0.4_c1.5,0
52,3.0,3.0,grid_r0.4_c1.5,0
53,3.0,3.0,grid_r0.4_c1.5,0
54,3.0,3.0,grid_r0.4_c1.5,0
55,3.0,3.0,grid_r0.4_c1.5,0
56,3.0,3.0,grid_r0.4_c1.5,0
57,3.0,3.0,grid_r0.4_c1.5,0
58,3.0,3.0,grid_r0.4_c1.5,0
59,3.0,3.0,grid_r0.4_c1.5,0
60,3.0,3.0,grid_r0.4_c1.5,0
61,3.0,3.0,grid_r0.4_c1.5,0
62,3.0,3.0,grid_r0.4_c1.5,0
63,3.0,3.0,grid_r0.4_c1.5,0
64,3.0,3.0,grid_r0.4_c1.5,0
65,3.0,3.0,grid_r0.4_c1.5,0
0,3.0,3.0,grid_r0.7_c0.5,0
1,3.0,3.0,grid_r0.7_c0.5,0
2,3.0,3.0,grid_r0.7_c0.5,0
3,3.0,3.0,grid_r0.7_c0.5,0
4,3.0,3.0,grid_r0.7_c0.5,0
5,3.0,3.0,grid_r0.7_c0.5,0
6,3.0,3.0,grid_r0.7_c0.5,0
7,3.0,3.0,grid_r0.7_c0.5,0
8,3.0,3.0,grid_r0.7_c0.5,0
9,3.0,3.0,grid_r0.7_c0.5,0
10,3.0,3.0,grid_r0.7_c0.5,0
11,3.0,3.0,grid_r0.7_c0.5,0
12,3.0,3.0,grid_r0.7_c0.5,0
13,3.0,3.0,grid_r0.7_c0.5,0
14,3.0,3.0,grid_r0.7_c0.5,0
15,3.0,3.0,grid_r0.7_c0.5,0
16,3.0,3.0,grid_r0.7_c0.5,0
17,3.0,3.0,grid_r0.7_c0.5,0
18,3.0,3.0,grid_r0.7_c0.5,0
19,3.0,3.0,grid_r0.7_c0.5,0
20,3.0,3.0,grid_r0.7_c0.5,0
21,3.0,3.0,grid_r0.7_c0.5,0
22,3.0,3.0,grid_r0.7_c0.5,0
23,3.0,3.0,grid_r0.7_c0.5,0
24,3.0,3.0,grid_r0.7_c0.5,0
25,3.0,3.0,grid_r0.7_c0.5,0
26,3.0,3.0,grid_r0.7_c0.5,0
27,3.0,3.0,grid_r0.7_c0.5,0
28,3.0,3.0,grid_r0.7_c0.5,0
29,3.0,3.0,grid_r0.7_c0.5,0
30,3.0,3.0,grid_r0.7_c0.5,0
31,3.0,3.0,grid_r0.7_c0.5,0
32,3.0,3.0,grid_r0.7_c0.5,0
33,3.0,3.0,grid_r0.7_c0.5,0
34,3.0,3.0,grid_r0.7_c0.5,0
35,3.0,3.0,grid_r0.7_c0.5,0
36,3.0,3.0,grid_r0.7_c0.5,0
37,3.0,3.0,grid_r0.7_c0.5,0
38,3.0,3.0,grid_r0.7_c0.5,0
39,3.0,3.0,grid_r0.7_c0.5,0
40,3.0,3.0,grid_r0.7_c0.5,0
41,3.0,3.0,grid_r0.7_c0.5,0
42,3.0,3.0,grid_r0.7_c0.5,0
43,3.0,3.0,grid_r0.7_c0.5,0
44,3.0,3.0,grid_r0.7_c0.5,0
45,3.0,3.0,grid_r0.7_c0.5,0
46,3.0,3.0,grid_r0.7_c0.5,0
47,3.0,3.0,grid_r0.7_c0.5,0
48,3.0,3.0,grid_r0.7_c0.5,0
49,3.0,3.0,grid_r0.7_c0.5,0
50,3.0,3.0,grid_r0.7_c0.5,0
51,3.0,3.0,grid_r0.7_c0.5,0
52,3.0,3.0,grid_r0.7_c0.5,0
53,3.0,3.0,grid_r0.7_c0.5,0
54,3.0,3.0,grid_r0.7_c0.5,0
55,3.0,3.0,grid_r0.7_c0.5,0
56,3.0,3.0,grid_r0.7_c0.5,0
57,3.0,3.0,grid_r0.7_c0.5,0
58,3.0,3.0,grid_r0.7_c0.5,0
59,3.0,3.0,grid_r0.7_c0.5,0
60,3.0,3.0,grid_r0.7_c0.5,0
61,3.0,3.0,grid_r0.7_c0.5,0
62,3.0,3.0,grid_r0.7_c0.5,0
63,3.0,3.0,grid_r0.7_c0.5,0
64,3.0,3.0,grid_r0.7_c0.5,0
65,3.0,3.0,grid_r0.7_c0.5,0
0,3.0,3.0,grid_r0.7_c1.0,0
1,3.0,3.0,grid_r0.7_c1.0,0
2,3.0,3.0,grid_r0.7_c1.0,0
3,3.0,3.0,grid_r0.7_c1.0,0
4,3.0,3.0,grid_r0.7_c1.0,0
5,3.0,3.0,grid_r0.7_c1.0,0
6,3.0,3.0,grid_r0.7_c1.0,0
7,3.0,3.0,grid_r0.7_c1.0,0
8,3.0,3.0,grid_r0.7_c1.0,0
9,3.0,3.0,grid_r0.7_c1.0,0
10,3.0,3.0,grid_r0.7_c1.0,0
11,3.0,3.0,grid_r0.7_c1.0,0
12,3.0,3.0,grid_r0.7_c1.0,0
13,3.0,3.0,grid_r0.7_c1.0,0
14,3.0,3.0,grid_r0.7_c1.0,0
15,3.0,3.0,grid_r0.7_c1.0,0
16,3.0,3.0,grid_r0.7_c1.0,0
17,3.0,3.0,grid_r0.7_c1.0,0
18,3.0,3.0,grid_r0.7_c1.0,0
19,3.0,3.0,grid_r0.7_c1.0,0
20,3.0,3.0,grid_r0.7_c1.0,0
21,3.0,3.0,grid_r0.7_c1.0,0
22,3.0,3.0,grid_r0.7_c1.0,0
23,3.0,3.0,grid_r0.7_c1.0,0
24,3.0,3.0,grid_r0.7_c1.0,0
25,3.0,3.0,grid_r0.7_c1.0,0
26,3.0,3.0,grid_r0.7_c1.0,0
27,3.0,3.0,grid_r0.7_c1.0,0
28,3.0,3.0,grid_r0.7_c1.0,0
29,3.0,3.0,grid_r0.7_c1.0,0
30,3.0,3.0,grid_r0.7_c1.0,0
31,3.0,3.0,grid_r0.7_c1.0,0
32,3.0,3.0,grid_r0.7_c1.0,0
33,3.0,3.0,grid_r0.7_c1.0,0
34,3.0,3.0,grid_r0.7_c1.0,0
35,3.0,3.0,grid_r0.7_c1.0,0
36,3.0,3.0,grid_r0.7_c1.0,0
37,3.0,3.0,grid_r0.7_c1.0,0
38,3.0,3.0,grid_r0.7_c1.0,0
39,3.0,3.0,grid_r0.7_c1.0,0
40,3.0,3.0,grid_r0.7_c1.0,0
41,3.0,3.0,grid_r0.7_c1.0,0
42,3.0,3.0,grid_r0.7_c1.0,0
43,3.0,3.0,grid_r0.7_c1.0,0
44,3.0,3.0,grid_r0.7_c1.0,0
45,3.0,3.0,grid_r0.7_c1.0,0
46,3.0,3.0,grid_r0.7_c1.0,0
47,3.0,3.0,grid_r0.7_c1.0,0
48,3.0,3.0,grid_r0.7_c1.0,0
49,3.0,3.0,grid_r0.7_c1.0,0
50,3.0,3.0,grid_r0.7_c1.0,0
51,3.0,3.0,grid_r0.7_c1.0,0
52,3.0,3.0,grid_r0.7_c1.0,0
53,3.0,3.0,grid_r0.7_c1.0,0
54,3.0,3.0,grid_r0.7_c1.0,0
55,3.0,3.0,grid_r0.7_c1.0,0
56,3.0,3.0,grid_r0.7_c1.0,0
57,3.0,3.0,grid_r0.7_c1.0,0
58,3.0,3.0,grid_r0.7_c1.0,0
59,3.0,3.0,grid_r0.7_c1.0,0
60,3.0,3.0,grid_r0.7_c1.0,0
61,3.0,3.0,grid_r0.7_c1.0,0
62,3.0,3.0,grid_r0.7_c1.0,0
63,3.0,3.0,grid_r0.7_c1.0,0
64,3.0,3.0,grid_r0.7_c1.0,0
65,3.0,3.0,grid_r0.7_c1.0,0
0,3.0,3.0,grid_r0.7_c1.5,0
1,3.0,3.0,grid_r0.7_c1.5,0
2,3.0,3.0,grid_r0.7_c1.5,0
3,3.0,3.0,grid_r0.7_c1.5,0
4,3.0,3.0,grid_r0.7_c1.5,0
5,3.0,3.0,grid_r0.7_c1.5,0
6,3.0,3.0,grid_r0.7_c1.5,0
7,3.0,3.0,grid_r0.7_c1.5,0
8,3.0,3.0,grid_r0.7_c1.5,0
9,3.0,3.0,grid_r0.7_c1.5,0
10,3.0,3.0,grid_r0.7_c1.5,0
11,3.0,3.0,grid_r0.7_c1.5,0
12,3.0,3.0,grid_r0.7_c1.5,0
13,3.0,3.0,grid_r0.7_c1.5,0
14,3.0,3.0,grid_r0.7_c1.5,0
15,3.0,3.0,grid_r0.7_c1.5,0
16,3.0,3.0,grid_r0.7_c1.5,0
17,3.0,3.0,grid_r0.7_c1.5,0
18,3.0,3.0,grid_r0.7_c1.5,0
19,3.0,3.0,grid_r0.7_c1.5,0
20,3.0,3.0,grid_r0.7_c1.5,0
21,3.0,3.0,grid_r0.7_c1.5,0
22,3.0,3.0,grid_r0.7_c1.5,0
23,3.0,3.0,grid_r0.7_c1.5,0
24,3.0,3.0,grid_r0.7_c1.5,0
25,3.0,3.0,grid_r0.7_c1.5,0
26,3.0,3.0,grid_r0.7_c1.5,0
27,3.0,3.0,grid_r0.7_c1.5,0
28,3.0,3.0,grid_r0.7_c1.5,0
29,3.0,3.0,grid_r0.7_c1.5,0
30,3.0,3.0,grid_r0.7_c1.5,0
31,3.0,3.0,grid_r0.7_c1.5,0
32,3.0,3.0,grid_r0.7_c1.5,0
33,3.0,3.0,grid_r0.7_c1.5,0
34,3.0,3.0,grid_r0.7_c1.5,0
35,3.0,3.0,grid_r0.7_c1.5,0
36,3.0,3.0,grid_r0.7_c1.5,0
37,3.0,3.0,grid_r0.7_c1.5,0
38,3.0,3.0,grid_r0.7_c1.5,0
39,3.0,3.0,grid_r0.7_c1.5,0
40,3.0,3.0,grid_r0.7_c1.5,0
41,3.0,3.0,grid_r0.7_c1.5,0
42,3.0,3.0,grid_r0.7_c1.5,0
43,3.0,3.0,grid_r0.7_c1.5,0
44,3.0,3.0,grid_r0.7_c1.5,0
45,3.0,3.0,grid_r0.7_c1.5,0
46,3.0,3.0,grid_r0.7_c1.5,0
47,3.0,3.0,grid_r0.7_c1.5,0
48,3.0,3.0,grid_r0.7_c1.5,0
49,3.0,3.0,grid_r0.7_c1.5,0
50,3.0,3.0,grid_r0.7_c1.5,0
51,3.0,3.0,grid_r0.7_c1.5,0
52,3.0,3.0,grid_r0.7_c1.5,0
53,3.0,3.0,grid_r0.7_c1.5,0
54,3.0,3.0,grid_r0.7_c1.5,0
55,3.0,3.0,grid_r0.7_c1.5,0
56,3.0,3.0,grid_r0.7_c1.5,0
57,3.0,3.0,grid_r0.7_c1.5,0
58,3.0,3.0,grid_r0.7_c1.5,0
59,3.0,3.0,grid_r0.7_c1.5,0
60,3.0,3.0,grid_r0.7_c1.5,0
61,3.0,3.0,grid_r0.7_c1.5,0
62,3.0,3.0,grid_r0.7_c1.5,0
63,3.0,3.0,grid_r0.7_c1.5,0
64,3.0,3.0,grid_r0.7_c1.5,0
65,3.0,3.0,grid_r0.7_c1.5,0
0,3.0,3.0,grid_r1.0_c0.5,0
1,3.0,3.0,grid_r1.0_c0.5,0
2,3.0,3.0,grid_r1.0_c0.5,0
3,3.0,3.0,grid_r1.0_c0.5,0
4,3.0,3.0,grid_r1.0_c0.5,0
5,3.0,3.0,grid_r1.0_c0.5,0
6,3.0,3.0,grid_r1.0_c0.5,0
7,3.0,3.0,grid_r1.0_c0.5,0
8,3.0,3.0,grid_r1.0_c0.5,0
9,3.0,3.0,grid_r1.0_c0.5,0
10,3.0,3.0,grid_r1.0_c0.5,0
11,3.0,3.0,grid_r1.0_c0.5,0
12,3.0,3.0,grid_r1.0_c0.5,0
13,3.0,3.0,grid_r1.0_c0.5,0
14,3.0,3.0,grid_r1.0_c0.5,0
15,3.0,3.0,grid_r1.0_c0.5,0
16,3.0,3.0,grid_r1.0_c0.5,0
17,3.0,3.0,grid_r1.0_c0.5,0
18,3.0,3.0,grid_r1.0_c0.5,0
19,3.0,3.0,grid_r1.0_c0.5,0
20,3.0,3.0,grid_r1.0_c0.5,0
21,3.0,3.0,grid_r1.0_c0.5,0
22,3.0,3.0,grid_r1.0_c0.5,0
23,3.0,3.0,grid_r1.0_c0.5,0
24,3.0,3.0,grid_r1.0_c0.5,0
25,3.0,3.0,grid_r1.0_c0.5,0
26,3.0,3.0,grid_r1.0_c0.5,0
27,3.0,3.0,grid_r1.0_c0.5,0
28,3.0,3.0,grid_r1.0_c0.5,0
29,3.0,3.0,grid_r1.0_c0.5,0
30,3.0,3.0,grid_r1.0_c0.5,0
31,3.0,3.0,grid_r1.0_c0.5,0
32,3.0,3.0,grid_r1.0_c0.5,0
33,3.0,3.0,grid_r1.0_c0.5,0
34,3.0,3.0,grid_r1.0_c0.5,0
35,3.0,3.0,grid_r1.0_c0.5,0
36,3.0,3.0,grid_r1.0_c0.5,0
37,3.0,3.0,grid_r1.0_c0.5,0
38,3.0,3.0,grid_r1.0_c0.5,0
39,3.0,3.0,grid_r1.0_c0.5,0
40,3.0,3.0,grid_r1.0_c0.5,0
41,3.0,3.0,grid_r1.0_c0.5,0
42,3.0,3.0,grid_r1.0_c0.5,0
43,3.0,3.0,grid_r1.0_c0.5,0
44,3.0,3.0,grid_r1.0_c0.5,0
45,3.0,3.0,grid_r1.0_c0.5,0
46,3.0,3.0,grid_r1.0_c0.5,0
47,3.0,3.0,grid_r1.0_c0.5,0
48,3.0,3.0,grid_r1.0_c0.5,0
49,3.0,3.0,grid_r1.0_c0.5,0
50,3.0,3.0,grid_r1.0_c0.5,0
51,3.0,3.0,grid_r1.0_c0.5,0
52,3.0,3.0,grid_r1.0_c0.5,0
53,3.0,3.0,grid_r1.0_c0.5,0
54,3.0,3.0,grid_r1.0_c0.5,0
55,3.0,3.0,grid_r1.0_c0.5,0
56,3.0,3.0,grid_r1.0_c0.5,0
57,3.0,3.0,grid_r1.0_c0.5,0
58,3.0,3.0,grid_r1.0_c0.5,0
59,3.0,3.0,grid_r1.0_c0.5,0
60,3.0,3.0,grid_r1.0_c0.5,0
61,3.0,3.0,grid_r1.0_c0.5,0
62,3.0,3.0,grid_r1.0_c0.5,0
63,3.0,3.0,grid_r1.0_c0.5,0
64,3.0,3.0,grid_r1.0_c0.5,0
65,3.0,3.0,grid_r1.0_c0.5,0
0,3.0,3.0,grid_r1.0_c1.0,0
1,3.0,3.0,grid_r1.0_c1.0,0
2,3.0,3.0,grid_r1.0_c1.0,0
3,3.0,3.0,grid_r1.0_c1.0,0
4,3.0,3.0,grid_r1.0_c1.0,0
5,3.0,3.0,grid_r1.0_c1.0,0
6,3.0,3.0,grid_r1.0_c1.0,0
7,3.0,3.0,grid_r1.0_c1.0,0
8,3.0,3.0,grid_r1.0_c1.0,0
9,3.0,3.0,grid_r1.0_c1.0,0
10,3.0,3.0,grid_r1.0_c1.0,0
11,3.0,3.0,grid_r1.0_c1.0,0
12,3.0,3.0,grid_r1.0_c1.0,0
13,3.0,3.0,grid_r1.0_c1.0,0
14,3.0,3.0,grid_r1.0_c1.0,0
15,3.0,3.0,grid_r1.0_c1.0,0
16,3.0,3.0,grid_r1.0_c1.0,0
17,3.0,3.0,grid_r1.0_c1.0,0
18,3.0,3.0,grid_r1.0_c1.0,0
19,3.0,3.0,grid_r1.0_c1.0,0
20,3.0,3.0,grid_r1.0_c1.0,0
21,3.0,3.0,grid_r1.0_c1.0,0
22,3.0,3.0,grid_r1.0_c1.0,0
23,3.0,3.0,grid_r1.0_c1.0,0
24,3.0,3.0,grid_r1.0_c1.0,0
25,3.0,3.0,grid_r1.0_c1.0,0
26,3.0,3.0,grid_r1.0_c1.0,0
27,3.0,3.0,grid_r1.0_c1.0,0
28,3.0,3.0,grid_r1.0_c1.0,0
29,3.0,3.0,grid_r1.0_c1.0,0
30,3.0,3.0,grid_r1.0_c1.0,0
31,3.0,3.0,grid_r1.0_c1.0,0
32,3.0,3.0,grid_r1.0_c1.0,0
33,3.0,3.0,grid_r1.0_c1.0,0
34,3.0,3.0,grid_r1.0_c1.0,0
35,3.0,3.0,grid_r1.0_c1.0,0
36,3.0,3.0,grid_r1.0_c1.0,0
37,3.0,3.0,grid_r1.0_c1.0,0
38,3.0,3.0,grid_r1.0_c1.0,0
39,3.0,3.0,grid_r1.0_c1.0,0
40,3.0,3.0,grid_r1.0_c1.0,0
41,3.0,3.0,grid_r1.0_c1.0,0
42,3.0,3.0,grid_r1.0_c1.0,0
43,3.0,3.0,grid_r1.0_c1.0,0
44,3.0,3.0,grid_r1.0_c1.0,0
45,3.0,3.0,grid_r1.0_c1.0,0
46,3.0,3.0,grid_r1.0_c1.0,0
47,3.0,3.0,grid_r1.0_c1.0,0
48,3.0,3.0,grid_r1.0_c1.0,0
49,3.0,3.0,grid_r1.0_c1.0,0
50,3.0,3.0,grid_r1.0_c1.0,0
51,3.0,3.0,grid_r1.0_c1.0,0
52,3.0,3.0,grid_r1.0_c1.0,0
53,3.0,3.0,grid_r1.0_c1.0,0
54,3.0,3.0,grid_r1.0_c1.0,0
55,3.0,3.0,grid_r1.0_c1.0,0
56,3.0,3.0,grid_r1.0_c1.0,0
57,3.0,3.0,grid_r1.0_c1.0,0
58,3.0,3.0,grid_r1.0_c1.0,0
59,3.0,3.0,grid_r1.0_c1.0,0
60,3.0,3.0,grid_r1.0_c1.0,0
61,3.0,3.0,grid_r1.0_c1.0,0
62,3.0,3.0,grid_r1.0_c1.0,0
63,3.0,3.0,grid_r1.0_c1.0,0
64,3.0,3.0,grid_r1.0_c1.0,0
65,3.0,3.0,grid_r1.0_c1.0,0
0,3.0,3.0,grid_r1.0_c1.5,0
1,3.0,3.0,grid_r1.0_c1.5,0
2,3.0,3.0,grid_r1.0_c1.5,0
3,3.0,3.0,grid_r1.0_c1.5,0
4,3.0,3.0,grid_r1.0_c1.5,0
5,3.0,3.0,grid_r1.0_c1.5,0
6,3.0,3.0,grid_r1.0_c1.5,0
7,3.0,3.0,grid_r1.0_c1.5,0
8,3.0,3.0,grid_r1.0_c1.5,0
9,3.0,3.0,grid_r1.0_c1.5,0
10,3.0,3.0,grid_r1.0_c1.5,0
11,3.0,3.0,grid_r1.0_c1.5,0
12,3.0,3.0,grid_r1.0_c1.5,0
13,3.0,3.0,grid_r1.0_c1.5,0
14,3.0,3.0,grid_r1.0_c1.5,0
15,3.0,3.0,grid_r1.0_c1.5,0
16,3.0,3.0,grid_r1.0_c1.5,0
17,3.0,3.0,grid_r1.0_c1.5,0
18,3.0,3.0,grid_r1.0_c1.5,0
19,3.0,3.0,grid_r1.0_c1.5,0
20,3.0,3.0,grid_r1.0_c1.5,0
21,3.0,3.0,grid_r1.0_c1.5,0
22,3.0,3.0,grid_r1.0_c1.5,0
23,3.0,3.0,grid_r1.0_c1.5,0
24,3.0,3.0,grid_r1.0_c1.5,0
25,3.0,3.0,grid_r1.0_c1.5,0
26,3.0,3.0,grid_r1.0_c1.5,0
27,3.0,3.0,grid_r1.0_c1.5,0
28,3.0,3.0,grid_r1.0_c1.5,0
29,3.0,3.0,grid_r1.0_c1.5,0
30,3.0,3.0,grid_r1.0_c1.5,0
31,3.0,3.0,grid_r1.0_c1.5,0
32,3.0,3.0,grid_r1.0_c1.5,0
33,3.0,3.0,grid_r1.0_c1.5,0
34,3.0,3.0,grid_r1.0_c1.5,0
35,3.0,3.0,grid_r1.0_c1.5,0
36,3.0,3.0,grid_r1.0_c1.5,0
37,3.0,3.0,grid_r1.0_c1.5,0
38,3.0,3.0,grid_r1.0_c1.5,0
39,3.0,3.0,grid_r1.0_c1.5,0
40,3.0,3.0,grid_r1.0_c1.5,0
41,3.0,3.0,grid_r1.0_c1.5,0
42,3.0,3.0,grid_r1.0_c1.5,0
43,3.0,3.0,grid_r1.0_c1.5,0
44,3.0,3.0,grid_r1.0_c1.5,0
45,3.0,3.0,grid_r1.0_c1.5,0
46,3.0,3.0,grid_r1.0_c1.5,0
47,3.0,3.0,grid_r1.0_c1.5,0
48,3.0,3.0,grid_r1.0_c1.5,0
49,3.0,3.0,grid_r1.0_c1.5,0
50,3.0,3.0,grid_r1.0_c1.5,0
51,3.0,3.0,grid_r1.0_c1.5,0
52,3.0,3.0,grid_r1.0_c1.5,0
53,3.0,3.0,grid_r1.0_c1.5,0
54,3.0,3.0,grid_r1.0_c1.5,0
55,3.0,3.0,grid_r1.0_c1.5,0
56,3.0,3.0,grid_r1.0_c1.5,0
57,3.0,3.0,grid_r1.0_c1.5,0
58,3.0,3.0,grid_r1.0_c1.5,0
59,3.0,3.0,grid_r1.0_c1.5,0
60,3.0,3.0,grid_r1.0_c1.5,0
61,3.0,3.0,grid_r1.0_c1.5,0
62,3.0,3.0,grid_r1.0_c1.5,0
63,3.0,3.0,grid_r1.0_c1.5,0
64,3.0,3.0,grid_r1.0_c1.5,0
65,3.0,3.0,grid_r1.0_c1.5,0
0,3.0,3.0,objective_0.2,0
1,3.0,3.0,objective_0.2,0
2,3.0,3.0,objective_0.2,0
3,3.0,3.0,objective_0.2,0
4,3.0,3.0,objective_0.2,0
5,3.0,3.0,objective_0.2,0
6,3.0,3.0,objective_0.2,0
7,3.0,3.0,objective_0.2,0
8,3.0,3.0,objective_0.2,0
9,3.0,3.0,objective_0.2,0
10,3.0,3.0,objective_0.2,0
11,3.0,3.0,objective_0.2,0
12,3.0,3.0,objective_0.2,0
13,3.0,3.0,objective_0.2,0
14,3.0,3.0,objective_0.2,0
15,3.0,3.0,objective_0.2,0
16,3.0,3.0,objective_0.2,0
17,3.0,3.0,objective_0.2,0
18,3.0,3.0,objective_0.2,0
19,3.0,3.0,objective_0.2,0
20,3.0,3.0,objective_0.2,0
21,3.0,3.0,objective_0.2,0
22,3.0,3.0,objective_0.2,0
23,3.0,3.0,objective_0.2,0
24,3.0,3.0,objective_0.2,0
25,3.0,3.0,objective_0.2,0
26,3.0,3.0,objective_0.2,0
27,3.0,3.0,objective_0.2,0
28,3.0,3.0,objective_0.2,0
29,3.0,3.0,objective_0.2,0
30,3.0,3.0,objective_0.2,0
31,3.0,3.0,objective_0.2,0
32,3.0,3.0,objective_0.2,0
33,3.0,3.0,objective_0.2,0
34,3.0,3.0,objective_0.2,0
35,3.0,3.0,objective_0.2,0
36,3.0,3.0,objective_0.2,0
37,3.0,3.0,objective_0.2,0
38,3.0,3.0,objective_0.2,0
39,3.0,3.0,objective_0.2,0
40,3.0,3.0,objective_0.2,0
41,3.0,3.0,objective_0.2,0
42,3.0,3.0,objective_0.2,0
43,3.0,3.0,objective_0.2,0
44,3.0,3.0,objective_0.2,0
45,3.0,3.0,objective_0.2,0
46,3.0,3.0,objective_0.2,0
47,3.0,3.0,objective_0.2,0
48,3.0,3.0,objective_0.2,0
49,3.0,3.0,objective_0.2,0
50,3.0,3.0,objective_0.2,0
51,3.0,3.0,objective_0.2,0
52,3.0,3.0,objective_0.2,0
53,3.0,3.0,objective_0.2,0
54,3.0,3.0,objective_0.2,0
55,3.0,3.0,objective_0.2,0
56,3.0,3.0,objective_0.2,0
57,3.0,3.0,objective_0.2,0
58,3.0,3.0,objective_0.2,0
59,3.0,3.0,objective_0.2,0
60,3.0,3.0,objective_0.2,0
61,3.0,3.0,objective_0.2,0
62,3.0,3.0,objective_0.2,0
63,3.0,3.0,objective_0.2,0
64,3.0,3.0,objective_0.2,0
65,3.0,3.0,objective_0.2,0
0,3.0,3.0,objective_0.5,0
1,3.0,3.0,objective_0.5,0
2,3.0,3.0,objective_0.5,0
3,3.0,3.0,objective_0.5,0
4,3.0,3.0,objective_0.5,0
5,3.0,3.0,objective_0.5,0
6,3.0,3.0,objective_0.5,0
7,3.0,3.0,objective_0.5,0
8,3.0,3.0,objective_0.5,0
9,3.0,3.0,objective_0.5,0
10,3.0,3.0,objective_0.5,0
11,3.0,3.0,objective_0.5,0
12,3.0,3.0,objective_0.5,0
13,3.0,3.0,objective_0.5,0
14,3.0,3.0,objective_0.5,0
15,3.0,3.0,objective_0.5,0
16,3.0,3.0,objective_0.5,0
17,3.0,3.0,objective_0.5,0
18,3.0,3.0,objective_0.5,0
19,3.0,3.0,objective_0.5,0
20,3.0,3.0,objective_0.5,0
21,3.0,3.0,objective_0.5,0
22,3.0,3.0,objective_0.5,0
23,3.0,3.0,objective_0.5,0
24,3.0,3.0,objective_0.5,0
25,3.0,3.0,objective_0.5,0
26,3.0,3.0,objective_0.5,0
27,3.0,3.0,objective_0.5,0
28,3.0,3.0,objective_0.5,0
29,3.0,3.0,objective_0.5,0
30,3.0,3.0,objective_0.5,0
31,3.0,3.0,objective_0.5,0
32,3.0,3.0,objective_0.5,0
33,3.0,3.0,objective_0.5,0
34,3.0,3.0,objective_0.5,0
35,3.0,3.0,objective_0.5,0
36,3.0,3.0,objective_0.5,0
37,3.0,3.0,objective_0.5,0
38,3.0,3.0,objective_0.5,0
39,3.0,3.0,objective_0.5,0
40,3.0,3.0,objective_0.5,0
41,3.0,3.0,objective_0.5,0
42,3.0,3.0,objective_0.5,0
43,3.0,3.0,objective_0.5,0
44,3.0,3.0,objective_0.5,0
45,3.0,3.0,objective_0.5,0
46,3.0,3.0,objective_0.5,0
47,3.0,3.0,objective_0.5,0
48,3.0,3.0,objective_0.5,0
49,3.0,3.0,objective_0.5,0
50,3.0,3.0,objective_0.5,0
51,3.0,3.0,objective_0.5,0
52,3.0,3.0,objective_0.5,0
53,3.0,3.0,objective_0.5,0
54,3.0,3.0,objective_0.5,0
55,3.0,3.0,objective_0.5,0
56,3.0,3.0,objective_0.5,0
57,3.0,3.0,objective_0.5,0
58,3.0,3.0,objective_0.5,0
59,3.0,3.0,objective_0.5,0
60,3.0,3.0,objective_0.5,0
61,3.0,3.0,objective_0.5,0
62,3.0,3.0,objective_0.5,0
63,3.0,3.0,objective_0.5,0
64,3.0,3.0,objective_0.5,0
65,3.0,3.0,objective_0.5,0
0,3.0,3.0,objective_0.8,0
1,3.0,3.0,objective_0.8,0
2,3.0,3.0,objective_0.8,0
3,3.0,3.0,objective_0.8,0
4,3.0,3.0,objective_0.8,0
5,3.0,3.0,objective_0.8,0
6,3.0,3.0,objective_0.8,0
7,3.0,3.0,objective_0.8,0
8,3.0,3.0,objective_0.8,0
9,3.0,3.0,objective_0.8,0
10,3.0,3.0,objective_0.8,0
11,3.0,3.0,objective_0.8,0
12,3.0,3.0,objective_0.8,0
13,3.0,3.0,objective_0.8,0
14,3.0,3.0,objective_0.8,0
15,3.0,3.0,objective_0.8,0
16,3.0,3.0,objective_0.8,0
17,3.0,3.0,objective_0.8,0
18,3.0,3.0,objective_0.8,0
19,3.0,3.0,objective_0.8,0
20,3.0,3.0,objective_0.8,0
21,3.0,3.0,objective_0.8,0
22,3.0,3.0,objective_0.8,0
23,3.0,3.0,objective_0.8,0
24,3.0,3.0,objective_0.8,0
25,3.0,3.0,objective_0.8,0
26,3.0,3.0,objective_0.8,0
27,3.0,3.0,objective_0.8,0
28,3.0,3.0,objective_0.8,0
29,3.0,3.0,objective_0.8,0
30,3.0,3.0,objective_0.8,0
31,3.0,3.0,objective_0.8,0
32,3.0,3.0,objective_0.8,0
33,3.0,3.0,objective_0.8,0
34,3.0,3.0,objective_0.8,0
35,3.0,3.0,objective_0.8,0
36,3.0,3.0,objective_0.8,0
37,3.0,3.0,objective_0.8,0
38,3.0,3.0,objective_0.8,0
39,3.0,3.0,objective_0.8,0
40,3.0,3.0,objective_0.8,0
41,3.0,3.0,objective_0.8,0
42,3.0,3.0,objective_0.8,0
43,3.0,3.0,objective_0.8,0
44,3.0,3.0,objective_0.8,0
45,3.0,3.0,objective_0.8,0
46,3.0,3.0,objective_0.8,0
47,3.0,3.0,objective_0.8,0
48,3.0,3.0,objective_0.8,0
49,3.0,3.0,objective_0.8,0
50,3.0,3.0,objective_0.8,0
51,3.0,3.0,objective_0.8,0
52,3.0,3.0,objective_0.8,0
53,3.0,3.0,objective_0.8,0
54,3.0,3.0,objective_0.8,0
55,3.0,3.0,objective_0.8,0
56,3.0,3.0,objective_0.8,0
57,3.0,3.0,objective_0.8,0
58,3.0,3.0,objective_0.8,0
59,3.0,3.0,objective_0.8,0
60,3.0,3.0,objective_0.8,0
61,3.0,3.0,objective_0.8,0
62,3.0,3.0,objective_0.8,0
63,3.0,3.0,objective_0.8,0
64,3.0,3.0,objective_0.8,0
65,3.0,3.0,objective_0.8,0
0,3.0,3.0,prior_0.25,0
1,3.0,3.0,prior_0.25,0
2,3.0,3.0,prior_0.25,0
3,3.0,3.0,prior_0.25,0
4,3.0,3.0,prior_0.25,0
5,3.0,3.0,prior_0.25,0
6,3.0,3.0,prior_0.25,0
7,3.0,3.0,prior_0.25,0
8,3.0,3.0,prior_0.25,0
9,3.0,3.0,prior_0.25,0
10,3.0,3.0,prior_0.25,0
11,3.0,3.0,prior_0.25,0
12,3.0,3.0,prior_0.25,0
13,3.0,3.0,prior_0.25,0
14,3.0,3.0,prior_0.25,0
15,3.0,3.0,prior_0.25,0
16,3.0,3.0,prior_0.25,0
17,3.0,3.0,prior_0.25,0
18,3.0,3.0,prior_0.25,0
19,3.0,3.0,prior_0.25,0
20,3.0,3.0,prior_0.25,0
21,3.0,3.0,prior_0.25,0
22,3.0,3.0,prior_0.25,0
23,3.0,3.0,prior_0.25,0
24,3.0,3.0,prior_0.25,0
25,3.0,3.0,prior_0.25,0
26,3.0,3.0,prior_0.25,0
27,3.0,3.0,prior_0.25,0
28,3.0,3.0,prior_0.25,0
29,3.0,3.0,prior_0.25,0
30,3.0,3.0,prior_0.25,0
31,3.0,3.0,prior_0.25,0
32,3.0,3.0,prior_0.25,0
33,3.0,3.0,prior_0.25,0
34,3.0,3.0,prior_0.25,0
35,3.0,3.0,prior_0.25,0
36,3.0,3.0,prior_0.25,0
37,3.0,3.0,prior_0.25,0
38,3.0,3.0,prior_0.25,0
39,3.0,3.0,prior_0.25,0
40,3.0,3.0,prior_0.25,0
41,3.0,3.0,prior_0.25,0
42,3.0,3.0,prior_0.25,0
43,3.0,3.0,prior_0.25,0
44,3.0,3.0,prior_0.25,0
45,3.0,3.0,prior_0.25,0
46,3.0,3.0,prior_0.25,0
47,3.0,3.0,prior_0.25,0
48,3.0,3.0,prior_0.25,0
49,3.0,3.0,prior_0.25,0
50,3.0,3.0,prior_0.25,0
51,3.0,3.0,prior_0.25,0
52,3.0,3.0,prior_0.25,0
53,3.0,3.0,prior_0.25,0
54,3.0,3.0,prior_0.25,0
55,3.0,3.0,prior_0.25,0
56,3.0,3.0,prior_0.25,0
57,3.0,3.0,prior_0.25,0
58,3.0,3.0,prior_0.25,0
59,3.0,3.0,prior_0.25,0
60,3.0,3.0,prior_0.25,0
61,3.0,3.0,prior_0.25,0
62,3.0,3.0,prior_0.25,0
63,3.0,3.0,prior_0.25,0
64,3.0,3.0,prior_0.25,0
65,3.0,3.0,prior_0.25,0
0,3.0,3.0,prior_0.5,0
1,3.0,3.0,prior_0.5,0
2,3.0,3.0,prior_0.5,0
3,3.0,3.0,prior_0.5,0
4,3.0,3.0,prior_0.5,0
5,3.0,3.0,prior_0.5,0
6,3.0,3.0,prior_0.5,0
7,3.0,3.0,prior_0.5,0
8,3.0,3.0,prior_0.5,0
9,3.0,3.0,prior_0.5,0
10,3.0,3.0,prior_0.5,0
11,3.0,3.0,prior_0.5,0
12,3.0,3.0,prior_0.5,0
13,3.0,3.0,prior_0.5,0
14,3.0,3.0,prior_0.5,0
15,3.0,3.0,prior_0.5,0
16,3.0,3.0,prior_0.5,0
17,3.0,3.0,prior_0.5,0
18,3.0,3.0,prior_0.5,0
19,3.0,3.0,prior_0.5,0
20,3.0,3.0,prior_0.5,0
21,3.0,3.0,prior_0.5,0
22,3.0,3.0,prior_0.5,0
23,3.0,3.0,prior_0.5,0
24,3.0,3.0,prior_0.5,0
25,3.0,3.0,prior_0.5,0
26,3.0,3.0,prior_0.5,0
27,3.0,3.0,prior_0.5,0
28,3.0,3.0,prior_0.5,0
29,3.0,3.0,prior_0.5,0
30,3.0,3.0,prior_0.5,0
31,3.0,3.0,prior_0.5,0
32,3.0,3.0,prior_0.5,0
33,3.0,3.0,prior_0.5,0
34,3.0,3.0,prior_0.5,0
35,3.0,3.0,prior_0.5,0
36,3.0,3.0,prior_0.5,0
37,3.0,3.0,prior_0.5,0
38,3.0,3.0,prior_0.5,0
39,3.0,3.0,prior_0.5,0
40,3.0,3.0,prior_0.5,0
41,3.0,3.0,prior_0.5,0
42,3.0,3.0,prior_0.5,0
43,3.0,3.0,prior_0.5,0
44,3.0,3.0,prior_0.5,0
45,3.0,3.0,prior_0.5,0
46,3.0,3.0,prior_0.5,0
47,3.0,3.0,prior_0.5,0
48,3.0,3.0,prior_0.5,0
49,3.0,3.0,prior_0.5,0
50,3.0,3.0,prior_0.5,0
51,3.0,3.0,prior_0.5,0
52,3.0,3.0,prior_0.5,0
53,3.0,3.0,prior_0.5,0
54,3.0,3.0,prior_0.5,0
55,3.0,3.0,prior_0.5,0
56,3.0,3.0,prior_0.5,0
57,3.0,3.0,prior_0.5,0
58,3.0,3.0,prior_0.5,0
59,3.0,3.0,prior_0.5,0
60,3.0,3.0,prior_0.5,0
61,3.0,3.0,prior_0.5,0
62,3.0,3.0,prior_0.5,0
63,3.0,3.0,prior_0.5,0
64,3.0,3.0,prior_0.5,0
65,3.0,3.0,prior_0.5,0
0,3.0,3.0,prior_0.75,0
1,3.0,3.0,prior_0.75,0
2,3.0,3.0,prior_0.75,0
3,3.0,3.0,prior_0.75,0
4,3.0,3.0,prior_0.75,0
5,3.0,3.0,prior_0.75,0
6,3.0,3.0,prior_0.75,0
7,3.0,3.0,prior_0.75,0
8,3.0,3.0,prior_0.75,0
9,3.0,3.0,prior_0.75,0
10,3.0,3.0,prior_0.75,0
11,3.0,3.0,prior_0.75,0
12,3.0,3.0,prior_0.75,0
13,3.0,3.0,prior_0.75,0
14,3.0,3.0,prior_0.75,0
15,3.0,3.0,prior_0.75,0
16,3.0,3.0,prior_0.75,0
17,3.0,3.0,prior_0.75,0
18,3.0,3.0,prior_0.75,0
19,3.0,3.0,prior_0.75,0
20,3.0,3.0,prior_0.75,0
21,3.0,3.0,prior_0.75,0
22,3.0,3.0,prior_0.75,0
23,3.0,3.0,prior_0.75,0
24,3.0,3.0,prior_0.75,0
25,3.0,3.0,prior_0.75,0
26,3.0,3.0,prior_0.75,0
27,3.0,3.0,prior_0.75,0
28,3.0,3.0,prior_0.75,0
29,3.0,3.0,prior_0.75,0
30,3.0,3.0,prior_0.75,0
31,3.0,3.0,prior_0.75,0
32,3.0,3.0,prior_0.75,0
33,3.0,3.0,prior_0.75,0
34,3.0,3.0,prior_0.75,0
35,3.0,3.0,prior_0.75,0
36,3.0,3.0,prior_0.75,0
37,3.0,3.0,prior_0.75,0
38,3.0,3.0,prior_0.75,0
39,3.0,3.0,prior_0.75,0
40,3.0,3.0,prior_0.75,0
41,3.0,3.0,prior_0.75,0
42,3.0,3.0,prior_0.75,0
43,3.0,3.0,prior_0.75,0
44,3.0,3.0,prior_0.75,0
45,3.0,3.0,prior_0.75,0
46,3.0,3.0,prior_0.75,0
47,3.0,3.0,prior_0.75,0
48,3.0,3.0,prior_0.75,0
49,3.0,3.0,prior_0.75,0
50,3.0,3.0,prior_0.75,0
51,3.0,3.0,prior_0.75,0
52,3.0,3.0,prior_0.75,0
53,3.0,3.0,prior_0.75,0
54,3.0,3.0,prior_0.75,0
55,3.0,3.0,prior_0.75,0
56,3.0,3.0,prior_0.75,0
57,3.0,3.0,prior_0.75,0
58,3.0,3.0,prior_0.75,0
59,3.0,3.0,prior_0.75,0
60,3.0,3.0,prior_0.75,0
61,3.0,3.0,prior_0.75,0
62,3.0,3.0,prior_0.75,0
63,3.0,3.0,prior_0.75,0
64,3.0,3.0,prior_0.75,0
65,3.0,3.0,prior_0.75,0
0,3.0,3.0,legacy,1
1,3.0,3.0,legacy,1
2,3.0,3.0,legacy,1
3,3.0,3.0,legacy,1
4,3.0,3.0,legacy,1
5,3.0,3.0,legacy,1
6,3.0,3.0,legacy,1
7,3.0,3.0,legacy,1
8,3.0,3.0,legacy,1
9,3.0,3.0,legacy,1
10,3.0,3.0,legacy,1
11,3.0,3.0,legacy,1
12,3.0,3.0,legacy,1
13,3.0,3.0,legacy,1
14,3.0,3.0,legacy,1
15,3.0,3.0,legacy,1
16,3.0,3.0,legacy,1
17,3.0,3.0,legacy,1
18,3.0,3.0,legacy,1
19,3.0,3.0,legacy,1
20,3.0,3.0,legacy,1
21,3.0,3.0,legacy,1
22,3.0,3.0,legacy,1
23,3.0,3.0,legacy,1
24,3.0,3.0,legacy,1
25,3.0,3.0,legacy,1
26,3.0,3.0,legacy,1
27,3.0,3.0,legacy,1
28,3.0,3.0,legacy,1
29,3.0,3.0,legacy,1
30,3.0,3.0,legacy,1
31,3.0,3.0,legacy,1
32,3.0,3.0,legacy,1
33,3.0,3.0,legacy,1
34,3.0,3.0,legacy,1
35,3.0,3.0,legacy,1
36,3.0,3.0,legacy,1
37,3.0,3.0,legacy,1
38,3.0,3.0,legacy,1
39,3.0,3.0,legacy,1
40,3.0,3.0,legacy,1
41,3.0,3.0,legacy,1
42,3.0,3.0,legacy,1
43,3.0,3.0,legacy,1
44,3.0,3.0,legacy,1
45,3.0,3.0,legacy,1
46,3.0,3.0,legacy,1
47,3.0,3.0,legacy,1
48,3.0,3.0,legacy,1
49,3.0,3.0,legacy,1
50,3.0,3.0,legacy,1
51,3.0,3.0,legacy,1
52,3.0,3.0,legacy,1
53,3.0,3.0,legacy,1
54,3.0,3.0,legacy,1
55,3.0,3.0,legacy,1
56,3.0,3.0,legacy,1
57,3.0,3.0,legacy,1
58,3.0,3.0,legacy,1
59,3.0,3.0,legacy,1
60,3.0,3.0,legacy,1
61,3.0,3.0,legacy,1
62,3.0,3.0,legacy,1
63,3.0,3.0,legacy,1
64,3.0,3.0,legacy,1
65,3.0,3.0,legacy,1
0,3.0,3.0,base,1
1,3.0,3.0,base,1
2,3.0,3.0,base,1
3,3.0,3.0,base,1
4,3.0,3.0,base,1
5,3.0,3.0,base,1
6,3.0,3.0,base,1
7,3.0,3.0,base,1
8,3.0,3.0,base,1
9,3.0,3.0,base,1
10,3.0,3.0,base,1
11,3.0,3.0,base,1
12,3.0,3.0,base,1
13,3.0,3.0,base,1
14,3.0,3.0,base,1
15,3.0,3.0,base,1
16,3.0,3.0,base,1
17,3.0,3.0,base,1
18,3.0,3.0,base,1
19,3.0,3.0,base,1
20,3.0,3.0,base,1
21,3.0,3.0,base,1
22,3.0,3.0,base,1
23,3.0,3.0,base,1
24,3.0,3.0,base,1
25,3.0,3.0,base,1
26,3.0,3.0,base,1
27,3.0,3.0,base,1
28,3.0,3.0,base,1
29,3.0,3.0,base,1
30,3.0,3.0,base,1
31,3.0,3.0,base,1
32,3.0,3.0,base,1
33,3.0,3.0,base,1
34,3.0,3.0,base,1
35,3.0,3.0,base,1
36,3.0,3.0,base,1
37,3.0,3.0,base,1
38,3.0,3.0,base,1
39,3.0,3.0,base,1
40,3.0,3.0,base,1
41,3.0,3.0,base,1
42,3.0,3.0,base,1
43,3.0,3.0,base,1
44,3.0,3.0,base,1
45,3.0,3.0,base,1
46,3.0,3.0,base,1
47,3.0,3.0,base,1
48,3.0,3.0,base,1
49,3.0,3.0,base,1
50,3.0,3.0,base,1
51,3.0,3.0,base,1
52,3.0,3.0,base,1
53,3.0,3.0,base,1
54,3.0,3.0,base,1
55,3.0,3.0,base,1
56,3.0,3.0,base,1
57,3.0,3.0,base,1
58,3.0,3.0,base,1
59,3.0,3.0,base,1
60,3.0,3.0,base,1
61,3.0,3.0,base,1
62,3.0,3.0,base,1
63,3.0,3.0,base,1
64,3.0,3.0,base,1
65,3.0,3.0,base,1
0,3.0,3.0,wait_learning,1
1,2.9523809523809526,3.0,wait_learning,1
2,2.9166666666666665,2.9444444444444446,wait_learning,1
3,2.9053030303030303,2.924242424242424,wait_learning,1
4,2.7895833333333333,2.90625,wait_learning,1
5,2.852222222222222,2.9138888888888888,wait_learning,1
6,2.8631944444444444,2.8854166666666665,wait_learning,1
7,2.8316666666666666,2.8758333333333335,wait_learning,1
8,2.8023809523809526,2.871031746031746,wait_learning,1
9,2.7840476190476187,2.860333333333333,wait_learning,1
10,2.8036190476190472,2.8739999999999997,wait_learning,1
11,2.815927750410509,2.8715517241379307,wait_learning,1
12,2.791020408163265,2.892142857142857,wait_learning,1
13,2.7900418275418275,2.882207207207207,wait_learning,1
14,2.778205128205128,2.86517094017094,wait_learning,1
15,2.7702228327228324,2.8792735042735043,wait_learning,1
16,2.7554639804639804,2.9,wait_learning,1
17,2.77891156462585,2.87281746031746,wait_learning,1
18,2.7986030126336248,2.8569727891156464,wait_learning,1
19,2.8000485908649178,2.8727891156462584,wait_learning,1
20,2.7978427895981084,2.867021276595745,wait_learning,1
21,2.810835537918871,2.8588403880070548,wait_learning,1
22,2.780380036630037,2.8752289377289375,wait_learning,1
23,2.8049603174603175,2.881302521008403,wait_learning,1
24,2.8434704184704183,2.8771212121212124,wait_learning,1
25,2.816468253968254,2.88375,wait_learning,1
26,2.814328231292517,2.858184523809524,wait_learning,1
27,2.8015624999999997,2.895684523809524,wait_learning,1
28,2.8059941520467837,2.873099415204678,wait_learning,1
29,2.8012005649717517,2.8843220338983047,wait_learning,1
30,2.78525641025641,2.885164835164835,wait_learning,1
31,2.812329931972789,2.860449735449736,wait_learning,1
32,2.8314980158730156,2.8666335978835975,wait_learning,1
33,2.7860660173160174,2.826641414141414,wait_learning,1
34,2.779027777777778,2.8565277777777776,wait_learning,1
35,2.80006038647343,2.869806763285024,wait_learning,1
36,2.8131220506220505,2.8608268983268985,wait_learning,1
37,2.780416938464884,2.8619699934768428,wait_learning,1
38,2.7881448412698413,2.879398148148148,wait_learning,1
39,2.789535070785071,2.903072715572715,wait_learning,1
40,2.7974259974259974,2.865259009009009,wait_learning,1
41,2.8150106837606836,2.8854700854700854,wait_learning,1
42,2.8201140873015875,2.8565625,wait_learning,1
43,2.8044900058788946,2.875411522633745,wait_learning,1
44,2.810093065003779,2.8651785714285714,wait_learning,1
45,2.791703580657069,2.8374031007751936,wait_learning,1
46,2.796075581395349,2.838538205980066,wait_learning,1
47,2.832433712121212,2.8670589826839827,wait_learning,1
48,2.8325026164311877,2.8786891679748825,wait_learning,1
49,2.8225789192081328,2.880791867308721,wait_learning,1
50,2.7978896103896105,2.9065476190476187,wait_learning,1
51,2.808824750830565,2.916486710963455,wait_learning,1
52,2.8213235294117647,2.9150140056022407,wait_learning,1
53,2.8473497732426303,2.93125,wait_learning,1
54,2.8495748299319725,2.930257936507936,wait_learning,1
55,2.851020408163265,2.930257936507936,wait_learning,1
56,2.862599206349206,2.930257936507936,wait_learning,1
57,2.884566838783706,2.9299196787148594,wait_learning,1
58,2.879948364888124,2.940963855421687,wait_learning,1
59,2.896514629948365,2.923694779116466,wait_learning,1
60,2.9090361445783133,2.9505020080321285,wait_learning,1
61,2.916361788617886,2.9363821138211383,wait_learning,1
62,2.9070987654320986,2.9587448559670784,wait_learning,1
63,2.9335390946502056,2.9710905349794237,wait_learning,1
64,2.942479674796748,2.9566056910569105,wait_learning,1
65,2.9519547325102877,2.971604938271605,wait_learning,1
0,3.0,3.0,wait_no_outcomes,1
1,2.9523809523809526,3.0,wait_no_outcomes,1
2,2.9166666666666665,2.9444444444444446,wait_no_outcomes,1
3,2.9053030303030303,2.924242424242424,wait_no_outcomes,1
4,2.7895833333333333,2.90625,wait_no_outcomes,1
5,2.852222222222222,2.9138888888888888,wait_no_outcomes,1
6,2.8631944444444444,2.904513888888889,wait_no_outcomes,1
7,2.8316666666666666,2.878333333333333,wait_no_outcomes,1
8,2.8265873015873018,2.8857142857142857,wait_no_outcomes,1
9,2.792,2.8659999999999997,wait_no_outcomes,1
10,2.7827619047619048,2.8689999999999998,wait_no_outcomes,1
11,2.8184948979591837,2.870238095238095,wait_no_outcomes,1
12,2.792629551820728,2.8546568627450983,wait_no_outcomes,1
13,2.772585034013605,2.8521428571428573,wait_no_outcomes,1
14,2.784942084942085,2.8373873873873876,wait_no_outcomes,1
15,2.7899107142857145,2.8491666666666666,wait_no_outcomes,1
16,2.794374731874732,2.8383204633204633,wait_no_outcomes,1
17,2.791180083144369,2.846371882086168,wait_no_outcomes,1
18,2.7982619047619046,2.837214285714286,wait_no_outcomes,1
19,2.813265306122449,2.8096695821185618,wait_no_outcomes,1
20,2.820656028368794,2.811246200607903,wait_no_outcomes,1
21,2.818126684636119,2.8319856244384547,wait_no_outcomes,1
22,2.790234126984127,2.8228809523809524,wait_no_outcomes,1
23,2.83089013383131,2.8498366013071896,wait_no_outcomes,1
24,2.8380385487528343,2.8499149659863945,wait_no_outcomes,1
25,2.814197892271663,2.8553083528493364,wait_no_outcomes,1
26,2.8048611111111112,2.8370484400656815,wait_no_outcomes,1
27,2.8162126715092817,2.8495762711864407,wait_no_outcomes,1
28,2.8164715608465607,2.8550992063492067,wait_no_outcomes,1
29,2.829795534032822,2.86408393866021,wait_no_outcomes,1
30,2.840659340659341,2.869065934065934,wait_no_outcomes,1
31,2.8447111631537862,2.8429352068696327,wait_no_outcomes,1
32,2.872300469483568,2.8530181086519115,wait_no_outcomes,1
33,2.826831501831502,2.8436996336996336,wait_no_outcomes,1
34,2.8334677419354835,2.8588709677419355,wait_no_outcomes,1
35,2.8478753306878306,2.8669312169312167,wait_no_outcomes,1
36,2.847571428571429,2.8363095238095237,wait_no_outcomes,1
37,2.8349179536679534,2.831845238095238,wait_no_outcomes,1
38,2.831641462891463,2.841811454311454,wait_no_outcomes,1
39,2.8444078947368423,2.8513157894736842,wait_no_outcomes,1
40,2.8401490776490776,2.828458815958816,wait_no_outcomes,1
41,2.868565400843882,2.8512658227848102,wait_no_outcomes,1
42,2.9175559380378657,2.85197934595525,wait_no_outcomes,1
43,2.8745789779326363,2.855284552845528,wait_no_outcomes,1
44,2.8867913832199545,2.861578798185941,wait_no_outcomes,1
45,2.853613945578231,2.8383786848072563,wait_no_outcomes,1
46,2.852891156462585,2.820861678004535,wait_no_outcomes,1
47,2.8617830086580085,2.864042207792208,wait_no_outcomes,1
48,2.885866402116402,2.878227513227513,wait_no_outcomes,1
49,2.8742382776865534,2.865982484948002,wait_no_outcomes,1
50,2.890924369747899,2.8708683473389356,wait_no_outcomes,1
51,2.889859943977591,2.884593837535014,wait_no_outcomes,1
52,2.888949579831933,2.892254901960784,wait_no_outcomes,1
53,2.9147899159663866,2.9123529411764704,wait_no_outcomes,1
54,2.914005602240896,2.914803921568627,wait_no_outcomes,1
55,2.9135014005602238,2.914803921568627,wait_no_outcomes,1
56,2.9255742296918767,2.9273529411764705,wait_no_outcomes,1
57,2.9255742296918767,2.9399019607843138,wait_no_outcomes,1
58,2.9287254901960784,2.9535294117647055,wait_no_outcomes,1
59,2.927156862745098,2.958627450980392,wait_no_outcomes,1
60,2.9258823529411764,2.9659803921568626,wait_no_outcomes,1
61,2.929705882352941,2.9659803921568626,wait_no_outcomes,1
62,2.929705882352941,2.9659803921568626,wait_no_outcomes,1
63,2.9549999999999996,2.968921568627451,wait_no_outcomes,1
64,2.9549999999999996,2.973823529411765,wait_no_outcomes,1
65,2.9657843137254902,2.9797058823529414,wait_no_outcomes,1
0,3.0,3.0,followup_12,1
1,3.0,3.0,followup_12,1
2,3.0,3.0,followup_12,1
3,3.0,3.0,followup_12,1
4,3.0,3.0,followup_12,1
5,3.0,3.0,followup_12,1
6,3.0,3.0,followup_12,1
7,3.0,3.0,followup_12,1
8,3.0,3.0,followup_12,1
9,3.0,3.0,followup_12,1
10,3.0,3.0,followup_12,1
11,3.0,3.0,followup_12,1
12,3.0,3.0,followup_12,1
13,3.0,3.0,followup_12,1
14,3.0,3.0,followup_12,1
15,3.0,3.0,followup_12,1
16,3.0,3.0,followup_12,1
17,3.0,3.0,followup_12,1
18,3.0,3.0,followup_12,1
19,3.0,3.0,followup_12,1
20,3.0,3.0,followup_12,1
21,3.0,3.0,followup_12,1
22,3.0,3.0,followup_12,1
23,3.0,3.0,followup_12,1
24,3.0,3.0,followup_12,1
25,3.0,3.0,followup_12,1
26,3.0,3.0,followup_12,1
27,3.0,3.0,followup_12,1
28,3.0,3.0,followup_12,1
29,3.0,3.0,followup_12,1
30,3.0,3.0,followup_12,1
31,3.0,3.0,followup_12,1
32,3.0,3.0,followup_12,1
33,3.0,3.0,followup_12,1
34,3.0,3.0,followup_12,1
35,3.0,3.0,followup_12,1
36,3.0,3.0,followup_12,1
37,3.0,3.0,followup_12,1
38,3.0,3.0,followup_12,1
39,3.0,3.0,followup_12,1
40,3.0,3.0,followup_12,1
41,3.0,3.0,followup_12,1
42,3.0,3.0,followup_12,1
43,3.0,3.0,followup_12,1
44,3.0,3.0,followup_12,1
45,3.0,3.0,followup_12,1
46,3.0,3.0,followup_12,1
47,3.0,3.0,followup_12,1
48,3.0,3.0,followup_12,1
49,3.0,3.0,followup_12,1
50,3.0,3.0,followup_12,1
51,3.0,3.0,followup_12,1
52,3.0,3.0,followup_12,1
53,3.0,3.0,followup_12,1
0,3.0,3.0,followup_48,1
1,3.0,3.0,followup_48,1
2,3.0,3.0,followup_48,1
3,3.0,3.0,followup_48,1
4,3.0,3.0,followup_48,1
5,3.0,3.0,followup_48,1
6,3.0,3.0,followup_48,1
7,3.0,3.0,followup_48,1
8,3.0,3.0,followup_48,1
9,3.0,3.0,followup_48,1
10,3.0,3.0,followup_48,1
11,3.0,3.0,followup_48,1
12,3.0,3.0,followup_48,1
13,3.0,3.0,followup_48,1
14,3.0,3.0,followup_48,1
15,3.0,3.0,followup_48,1
16,3.0,3.0,followup_48,1
17,3.0,3.0,followup_48,1
18,3.0,3.0,followup_48,1
19,3.0,3.0,followup_48,1
20,3.0,3.0,followup_48,1
21,3.0,3.0,followup_48,1
22,3.0,3.0,followup_48,1
23,3.0,3.0,followup_48,1
24,3.0,3.0,followup_48,1
25,3.0,3.0,followup_48,1
26,3.0,3.0,followup_48,1
27,3.0,3.0,followup_48,1
28,3.0,3.0,followup_48,1
29,3.0,3.0,followup_48,1
30,3.0,3.0,followup_48,1
31,3.0,3.0,followup_48,1
32,3.0,3.0,followup_48,1
33,3.0,3.0,followup_48,1
34,3.0,3.0,followup_48,1
35,3.0,3.0,followup_48,1
36,3.0,3.0,followup_48,1
37,3.0,3.0,followup_48,1
38,3.0,3.0,followup_48,1
39,3.0,3.0,followup_48,1
40,3.0,3.0,followup_48,1
41,3.0,3.0,followup_48,1
42,3.0,3.0,followup_48,1
43,3.0,3.0,followup_48,1
44,3.0,3.0,followup_48,1
45,3.0,3.0,followup_48,1
46,3.0,3.0,followup_48,1
47,3.0,3.0,followup_48,1
48,3.0,3.0,followup_48,1
49,3.0,3.0,followup_48,1
50,3.0,3.0,followup_48,1
51,3.0,3.0,followup_48,1
52,3.0,3.0,followup_48,1
53,3.0,3.0,followup_48,1
54,3.0,3.0,followup_48,1
55,3.0,3.0,followup_48,1
56,3.0,3.0,followup_48,1
57,3.0,3.0,followup_48,1
58,3.0,3.0,followup_48,1
59,3.0,3.0,followup_48,1
60,3.0,3.0,followup_48,1
61,3.0,3.0,followup_48,1
62,3.0,3.0,followup_48,1
63,3.0,3.0,followup_48,1
64,3.0,3.0,followup_48,1
65,3.0,3.0,followup_48,1
66,3.0,3.0,followup_48,1
67,3.0,3.0,followup_48,1
68,3.0,3.0,followup_48,1
69,3.0,3.0,followup_48,1
70,3.0,3.0,followup_48,1
71,3.0,3.0,followup_48,1
72,3.0,3.0,followup_48,1
73,3.0,3.0,followup_48,1
74,3.0,3.0,followup_48,1
75,3.0,3.0,followup_48,1
76,3.0,3.0,followup_48,1
77,3.0,3.0,followup_48,1
78,3.0,3.0,followup_48,1
79,3.0,3.0,followup_48,1
80,3.0,3.0,followup_48,1
81,3.0,3.0,followup_48,1
82,3.0,3.0,followup_48,1
83,3.0,3.0,followup_48,1
84,3.0,3.0,followup_48,1
85,3.0,3.0,followup_48,1
86,3.0,3.0,followup_48,1
87,3.0,3.0,followup_48,1
88,3.0,3.0,followup_48,1
89,3.0,3.0,followup_48,1
0,3.0,3.0,spacing_3,1
1,3.0,3.0,spacing_3,1
2,3.0,3.0,spacing_3,1
3,3.0,3.0,spacing_3,1
4,3.0,3.0,spacing_3,1
5,3.0,3.0,spacing_3,1
6,3.0,3.0,spacing_3,1
7,3.0,3.0,spacing_3,1
8,3.0,3.0,spacing_3,1
9,3.0,3.0,spacing_3,1
10,3.0,3.0,spacing_3,1
11,3.0,3.0,spacing_3,1
12,3.0,3.0,spacing_3,1
13,3.0,3.0,spacing_3,1
14,3.0,3.0,spacing_3,1
15,3.0,3.0,spacing_3,1
16,3.0,3.0,spacing_3,1
17,3.0,3.0,spacing_3,1
18,3.0,3.0,spacing_3,1
19,3.0,3.0,spacing_3,1
20,3.0,3.0,spacing_3,1
21,3.0,3.0,spacing_3,1
22,3.0,3.0,spacing_3,1
23,3.0,3.0,spacing_3,1
24,3.0,3.0,spacing_3,1
25,3.0,3.0,spacing_3,1
26,3.0,3.0,spacing_3,1
27,3.0,3.0,spacing_3,1
28,3.0,3.0,spacing_3,1
29,3.0,3.0,spacing_3,1
30,3.0,3.0,spacing_3,1
31,3.0,3.0,spacing_3,1
32,3.0,3.0,spacing_3,1
33,3.0,3.0,spacing_3,1
34,3.0,3.0,spacing_3,1
35,3.0,3.0,spacing_3,1
36,3.0,3.0,spacing_3,1
37,3.0,3.0,spacing_3,1
38,3.0,3.0,spacing_3,1
39,3.0,3.0,spacing_3,1
40,3.0,3.0,spacing_3,1
41,3.0,3.0,spacing_3,1
42,3.0,3.0,spacing_3,1
43,3.0,3.0,spacing_3,1
44,3.0,3.0,spacing_3,1
0,3.0,3.0,spacing_12,1
1,3.0,3.0,spacing_12,1
2,3.0,3.0,spacing_12,1
3,3.0,3.0,spacing_12,1
4,3.0,3.0,spacing_12,1
5,3.0,3.0,spacing_12,1
6,3.0,3.0,spacing_12,1
7,3.0,3.0,spacing_12,1
8,3.0,3.0,spacing_12,1
9,3.0,3.0,spacing_12,1
10,3.0,3.0,spacing_12,1
11,3.0,3.0,spacing_12,1
12,3.0,3.0,spacing_12,1
13,3.0,3.0,spacing_12,1
14,3.0,3.0,spacing_12,1
15,3.0,3.0,spacing_12,1
16,3.0,3.0,spacing_12,1
17,3.0,3.0,spacing_12,1
18,3.0,3.0,spacing_12,1
19,3.0,3.0,spacing_12,1
20,3.0,3.0,spacing_12,1
21,3.0,3.0,spacing_12,1
22,3.0,3.0,spacing_12,1
23,3.0,3.0,spacing_12,1
24,3.0,3.0,spacing_12,1
25,3.0,3.0,spacing_12,1
26,3.0,3.0,spacing_12,1
27,3.0,3.0,spacing_12,1
28,3.0,3.0,spacing_12,1
29,3.0,3.0,spacing_12,1
30,3.0,3.0,spacing_12,1
31,3.0,3.0,spacing_12,1
32,3.0,3.0,spacing_12,1
33,3.0,3.0,spacing_12,1
34,3.0,3.0,spacing_12,1
35,3.0,3.0,spacing_12,1
36,3.0,3.0,spacing_12,1
37,3.0,3.0,spacing_12,1
38,3.0,3.0,spacing_12,1
39,3.0,3.0,spacing_12,1
40,3.0,3.0,spacing_12,1
41,3.0,3.0,spacing_12,1
42,3.0,3.0,spacing_12,1
43,3.0,3.0,spacing_12,1
44,3.0,3.0,spacing_12,1
45,3.0,3.0,spacing_12,1
46,3.0,3.0,spacing_12,1
47,3.0,3.0,spacing_12,1
48,3.0,3.0,spacing_12,1
49,3.0,3.0,spacing_12,1
50,3.0,3.0,spacing_12,1
51,3.0,3.0,spacing_12,1
52,3.0,3.0,spacing_12,1
53,3.0,3.0,spacing_12,1
54,3.0,3.0,spacing_12,1
55,3.0,3.0,spacing_12,1
56,3.0,3.0,spacing_12,1
57,3.0,3.0,spacing_12,1
58,3.0,3.0,spacing_12,1
59,3.0,3.0,spacing_12,1
60,3.0,3.0,spacing_12,1
61,3.0,3.0,spacing_12,1
62,3.0,3.0,spacing_12,1
63,3.0,3.0,spacing_12,1
64,3.0,3.0,spacing_12,1
65,3.0,3.0,spacing_12,1
66,3.0,3.0,spacing_12,1
67,3.0,3.0,spacing_12,1
68,3.0,3.0,spacing_12,1
69,3.0,3.0,spacing_12,1
70,3.0,3.0,spacing_12,1
71,3.0,3.0,spacing_12,1
72,3.0,3.0,spacing_12,1
73,3.0,3.0,spacing_12,1
74,3.0,3.0,spacing_12,1
75,3.0,3.0,spacing_12,1
76,3.0,3.0,spacing_12,1
77,3.0,3.0,spacing_12,1
78,3.0,3.0,spacing_12,1
79,3.0,3.0,spacing_12,1
80,3.0,3.0,spacing_12,1
81,3.0,3.0,spacing_12,1
82,3.0,3.0,spacing_12,1
83,3.0,3.0,spacing_12,1
84,3.0,3.0,spacing_12,1
85,3.0,3.0,spacing_12,1
86,3.0,3.0,spacing_12,1
87,3.0,3.0,spacing_12,1
88,3.0,3.0,spacing_12,1
89,3.0,3.0,spacing_12,1
90,3.0,3.0,spacing_12,1
91,3.0,3.0,spacing_12,1
92,3.0,3.0,spacing_12,1
93,3.0,3.0,spacing_12,1
94,3.0,3.0,spacing_12,1
95,3.0,3.0,spacing_12,1
96,3.0,3.0,spacing_12,1
97,3.0,3.0,spacing_12,1
98,3.0,3.0,spacing_12,1
99,3.0,3.0,spacing_12,1
100,3.0,3.0,spacing_12,1
101,3.0,3.0,spacing_12,1
102,3.0,3.0,spacing_12,1
103,3.0,3.0,spacing_12,1
104,3.0,3.0,spacing_12,1
105,3.0,3.0,spacing_12,1
106,3.0,3.0,spacing_12,1
107,3.0,3.0,spacing_12,1
0,3.0,3.0,memory_6,1
1,3.0,3.0,memory_6,1
2,3.0,3.0,memory_6,1
3,3.0,3.0,memory_6,1
4,3.0,3.0,memory_6,1
5,3.0,3.0,memory_6,1
6,3.0,3.0,memory_6,1
7,3.0,3.0,memory_6,1
8,3.0,3.0,memory_6,1
9,3.0,3.0,memory_6,1
10,3.0,3.0,memory_6,1
11,3.0,3.0,memory_6,1
12,3.0,3.0,memory_6,1
13,3.0,3.0,memory_6,1
14,3.0,3.0,memory_6,1
15,3.0,3.0,memory_6,1
16,3.0,3.0,memory_6,1
17,3.0,3.0,memory_6,1
18,3.0,3.0,memory_6,1
19,3.0,3.0,memory_6,1
20,3.0,3.0,memory_6,1
21,3.0,3.0,memory_6,1
22,3.0,3.0,memory_6,1
23,3.0,3.0,memory_6,1
24,3.0,3.0,memory_6,1
25,3.0,3.0,memory_6,1
26,3.0,3.0,memory_6,1
27,3.0,3.0,memory_6,1
28,3.0,3.0,memory_6,1
29,3.0,3.0,memory_6,1
30,3.0,3.0,memory_6,1
31,3.0,3.0,memory_6,1
32,3.0,3.0,memory_6,1
33,3.0,3.0,memory_6,1
34,3.0,3.0,memory_6,1
35,3.0,3.0,memory_6,1
36,3.0,3.0,memory_6,1
37,3.0,3.0,memory_6,1
38,3.0,3.0,memory_6,1
39,3.0,3.0,memory_6,1
40,3.0,3.0,memory_6,1
41,3.0,3.0,memory_6,1
42,3.0,3.0,memory_6,1
43,3.0,3.0,memory_6,1
44,3.0,3.0,memory_6,1
45,3.0,3.0,memory_6,1
46,3.0,3.0,memory_6,1
47,3.0,3.0,memory_6,1
48,3.0,3.0,memory_6,1
49,3.0,3.0,memory_6,1
50,3.0,3.0,memory_6,1
51,3.0,3.0,memory_6,1
52,3.0,3.0,memory_6,1
53,3.0,3.0,memory_6,1
54,3.0,3.0,memory_6,1
55,3.0,3.0,memory_6,1
56,3.0,3.0,memory_6,1
57,3.0,3.0,memory_6,1
58,3.0,3.0,memory_6,1
59,3.0,3.0,memory_6,1
60,3.0,3.0,memory_6,1
61,3.0,3.0,memory_6,1
62,3.0,3.0,memory_6,1
63,3.0,3.0,memory_6,1
64,3.0,3.0,memory_6,1
65,3.0,3.0,memory_6,1
0,3.0,3.0,memory_36,1
1,3.0,3.0,memory_36,1
2,3.0,3.0,memory_36,1
3,3.0,3.0,memory_36,1
4,3.0,3.0,memory_36,1
5,3.0,3.0,memory_36,1
6,3.0,3.0,memory_36,1
7,3.0,3.0,memory_36,1
8,3.0,3.0,memory_36,1
9,3.0,3.0,memory_36,1
10,3.0,3.0,memory_36,1
11,3.0,3.0,memory_36,1
12,3.0,3.0,memory_36,1
13,3.0,3.0,memory_36,1
14,3.0,3.0,memory_36,1
15,3.0,3.0,memory_36,1
16,3.0,3.0,memory_36,1
17,3.0,3.0,memory_36,1
18,3.0,3.0,memory_36,1
19,3.0,3.0,memory_36,1
20,3.0,3.0,memory_36,1
21,3.0,3.0,memory_36,1
22,3.0,3.0,memory_36,1
23,3.0,3.0,memory_36,1
24,3.0,3.0,memory_36,1
25,3.0,3.0,memory_36,1
26,3.0,3.0,memory_36,1
27,3.0,3.0,memory_36,1
28,3.0,3.0,memory_36,1
29,3.0,3.0,memory_36,1
30,3.0,3.0,memory_36,1
31,3.0,3.0,memory_36,1
32,3.0,3.0,memory_36,1
33,3.0,3.0,memory_36,1
34,3.0,3.0,memory_36,1
35,3.0,3.0,memory_36,1
36,3.0,3.0,memory_36,1
37,3.0,3.0,memory_36,1
38,3.0,3.0,memory_36,1
39,3.0,3.0,memory_36,1
40,3.0,3.0,memory_36,1
41,3.0,3.0,memory_36,1
42,3.0,3.0,memory_36,1
43,3.0,3.0,memory_36,1
44,3.0,3.0,memory_36,1
45,3.0,3.0,memory_36,1
46,3.0,3.0,memory_36,1
47,3.0,3.0,memory_36,1
48,3.0,3.0,memory_36,1
49,3.0,3.0,memory_36,1
50,3.0,3.0,memory_36,1
51,3.0,3.0,memory_36,1
52,3.0,3.0,memory_36,1
53,3.0,3.0,memory_36,1
54,3.0,3.0,memory_36,1
55,3.0,3.0,memory_36,1
56,3.0,3.0,memory_36,1
57,3.0,3.0,memory_36,1
58,3.0,3.0,memory_36,1
59,3.0,3.0,memory_36,1
60,3.0,3.0,memory_36,1
61,3.0,3.0,memory_36,1
62,3.0,3.0,memory_36,1
63,3.0,3.0,memory_36,1
64,3.0,3.0,memory_36,1
65,3.0,3.0,memory_36,1
0,3.0,3.0,symmetric_random,1
1,3.0,3.0,symmetric_random,1
2,3.0,3.0,symmetric_random,1
3,3.0,3.0,symmetric_random,1
4,3.0,3.0,symmetric_random,1
5,3.0,3.0,symmetric_random,1
6,3.0,3.0,symmetric_random,1
7,3.0,3.0,symmetric_random,1
8,3.0,3.0,symmetric_random,1
9,3.0,3.0,symmetric_random,1
10,3.0,3.0,symmetric_random,1
11,3.0,3.0,symmetric_random,1
12,3.0,3.0,symmetric_random,1
13,3.0,3.0,symmetric_random,1
14,3.0,3.0,symmetric_random,1
15,3.0,3.0,symmetric_random,1
16,3.0,3.0,symmetric_random,1
17,3.0,3.0,symmetric_random,1
18,3.0,3.0,symmetric_random,1
19,3.0,3.0,symmetric_random,1
20,3.0,3.0,symmetric_random,1
21,3.0,3.0,symmetric_random,1
22,3.0,3.0,symmetric_random,1
23,3.0,3.0,symmetric_random,1
24,3.0,3.0,symmetric_random,1
25,3.0,3.0,symmetric_random,1
26,3.0,3.0,symmetric_random,1
27,3.0,3.0,symmetric_random,1
28,3.0,3.0,symmetric_random,1
29,3.0,3.0,symmetric_random,1
30,3.0,3.0,symmetric_random,1
31,3.0,3.0,symmetric_random,1
32,3.0,3.0,symmetric_random,1
33,3.0,3.0,symmetric_random,1
34,3.0,3.0,symmetric_random,1
35,3.0,3.0,symmetric_random,1
36,3.0,3.0,symmetric_random,1
37,3.0,3.0,symmetric_random,1
38,3.0,3.0,symmetric_random,1
39,3.0,3.0,symmetric_random,1
40,3.0,3.0,symmetric_random,1
41,3.0,3.0,symmetric_random,1
42,3.0,3.0,symmetric_random,1
43,3.0,3.0,symmetric_random,1
44,3.0,3.0,symmetric_random,1
45,3.0,3.0,symmetric_random,1
46,3.0,3.0,symmetric_random,1
47,3.0,3.0,symmetric_random,1
48,3.0,3.0,symmetric_random,1
49,3.0,3.0,symmetric_random,1
50,3.0,3.0,symmetric_random,1
51,3.0,3.0,symmetric_random,1
52,3.0,3.0,symmetric_random,1
53,3.0,3.0,symmetric_random,1
54,3.0,3.0,symmetric_random,1
55,3.0,3.0,symmetric_random,1
56,3.0,3.0,symmetric_random,1
57,3.0,3.0,symmetric_random,1
58,3.0,3.0,symmetric_random,1
59,3.0,3.0,symmetric_random,1
60,3.0,3.0,symmetric_random,1
61,3.0,3.0,symmetric_random,1
62,3.0,3.0,symmetric_random,1
63,3.0,3.0,symmetric_random,1
64,3.0,3.0,symmetric_random,1
65,3.0,3.0,symmetric_random,1
0,3.0,3.0,symmetric_legacy,1
1,3.0,3.0,symmetric_legacy,1
2,3.0,3.0,symmetric_legacy,1
3,3.0,3.0,symmetric_legacy,1
4,3.0,3.0,symmetric_legacy,1
5,3.0,3.0,symmetric_legacy,1
6,3.0,3.0,symmetric_legacy,1
7,3.0,3.0,symmetric_legacy,1
8,3.0,3.0,symmetric_legacy,1
9,3.0,3.0,symmetric_legacy,1
10,3.0,3.0,symmetric_legacy,1
11,3.0,3.0,symmetric_legacy,1
12,3.0,3.0,symmetric_legacy,1
13,3.0,3.0,symmetric_legacy,1
14,3.0,3.0,symmetric_legacy,1
15,3.0,3.0,symmetric_legacy,1
16,3.0,3.0,symmetric_legacy,1
17,3.0,3.0,symmetric_legacy,1
18,3.0,3.0,symmetric_legacy,1
19,3.0,3.0,symmetric_legacy,1
20,3.0,3.0,symmetric_legacy,1
21,3.0,3.0,symmetric_legacy,1
22,3.0,3.0,symmetric_legacy,1
23,3.0,3.0,symmetric_legacy,1
24,3.0,3.0,symmetric_legacy,1
25,3.0,3.0,symmetric_legacy,1
26,3.0,3.0,symmetric_legacy,1
27,3.0,3.0,symmetric_legacy,1
28,3.0,3.0,symmetric_legacy,1
29,3.0,3.0,symmetric_legacy,1
30,3.0,3.0,symmetric_legacy,1
31,3.0,3.0,symmetric_legacy,1
32,3.0,3.0,symmetric_legacy,1
33,3.0,3.0,symmetric_legacy,1
34,3.0,3.0,symmetric_legacy,1
35,3.0,3.0,symmetric_legacy,1
36,3.0,3.0,symmetric_legacy,1
37,3.0,3.0,symmetric_legacy,1
38,3.0,3.0,symmetric_legacy,1
39,3.0,3.0,symmetric_legacy,1
40,3.0,3.0,symmetric_legacy,1
41,3.0,3.0,symmetric_legacy,1
42,3.0,3.0,symmetric_legacy,1
43,3.0,3.0,symmetric_legacy,1
44,3.0,3.0,symmetric_legacy,1
45,3.0,3.0,symmetric_legacy,1
46,3.0,3.0,symmetric_legacy,1
47,3.0,3.0,symmetric_legacy,1
48,3.0,3.0,symmetric_legacy,1
49,3.0,3.0,symmetric_legacy,1
50,3.0,3.0,symmetric_legacy,1
51,3.0,3.0,symmetric_legacy,1
52,3.0,3.0,symmetric_legacy,1
53,3.0,3.0,symmetric_legacy,1
54,3.0,3.0,symmetric_legacy,1
55,3.0,3.0,symmetric_legacy,1
56,3.0,3.0,symmetric_legacy,1
57,3.0,3.0,symmetric_legacy,1
58,3.0,3.0,symmetric_legacy,1
59,3.0,3.0,symmetric_legacy,1
60,3.0,3.0,symmetric_legacy,1
61,3.0,3.0,symmetric_legacy,1
62,3.0,3.0,symmetric_legacy,1
63,3.0,3.0,symmetric_legacy,1
64,3.0,3.0,symmetric_legacy,1
65,3.0,3.0,symmetric_legacy,1
0,3.0,3.0,grid_r0.4_c0.5,1
1,3.0,3.0,grid_r0.4_c0.5,1
2,3.0,3.0,grid_r0.4_c0.5,1
3,3.0,3.0,grid_r0.4_c0.5,1
4,3.0,3.0,grid_r0.4_c0.5,1
5,3.0,3.0,grid_r0.4_c0.5,1
6,3.0,3.0,grid_r0.4_c0.5,1
7,3.0,3.0,grid_r0.4_c0.5,1
8,3.0,3.0,grid_r0.4_c0.5,1
9,3.0,3.0,grid_r0.4_c0.5,1
10,3.0,3.0,grid_r0.4_c0.5,1
11,3.0,3.0,grid_r0.4_c0.5,1
12,3.0,3.0,grid_r0.4_c0.5,1
13,3.0,3.0,grid_r0.4_c0.5,1
14,3.0,3.0,grid_r0.4_c0.5,1
15,3.0,3.0,grid_r0.4_c0.5,1
16,3.0,3.0,grid_r0.4_c0.5,1
17,3.0,3.0,grid_r0.4_c0.5,1
18,3.0,3.0,grid_r0.4_c0.5,1
19,3.0,3.0,grid_r0.4_c0.5,1
20,3.0,3.0,grid_r0.4_c0.5,1
21,3.0,3.0,grid_r0.4_c0.5,1
22,3.0,3.0,grid_r0.4_c0.5,1
23,3.0,3.0,grid_r0.4_c0.5,1
24,3.0,3.0,grid_r0.4_c0.5,1
25,3.0,3.0,grid_r0.4_c0.5,1
26,3.0,3.0,grid_r0.4_c0.5,1
27,3.0,3.0,grid_r0.4_c0.5,1
28,3.0,3.0,grid_r0.4_c0.5,1
29,3.0,3.0,grid_r0.4_c0.5,1
30,3.0,3.0,grid_r0.4_c0.5,1
31,3.0,3.0,grid_r0.4_c0.5,1
32,3.0,3.0,grid_r0.4_c0.5,1
33,3.0,3.0,grid_r0.4_c0.5,1
34,3.0,3.0,grid_r0.4_c0.5,1
35,3.0,3.0,grid_r0.4_c0.5,1
36,3.0,3.0,grid_r0.4_c0.5,1
37,3.0,3.0,grid_r0.4_c0.5,1
38,3.0,3.0,grid_r0.4_c0.5,1
39,3.0,3.0,grid_r0.4_c0.5,1
40,3.0,3.0,grid_r0.4_c0.5,1
41,3.0,3.0,grid_r0.4_c0.5,1
42,3.0,3.0,grid_r0.4_c0.5,1
43,3.0,3.0,grid_r0.4_c0.5,1
44,3.0,3.0,grid_r0.4_c0.5,1
45,3.0,3.0,grid_r0.4_c0.5,1
46,3.0,3.0,grid_r0.4_c0.5,1
47,3.0,3.0,grid_r0.4_c0.5,1
48,3.0,3.0,grid_r0.4_c0.5,1
49,3.0,3.0,grid_r0.4_c0.5,1
50,3.0,3.0,grid_r0.4_c0.5,1
51,3.0,3.0,grid_r0.4_c0.5,1
52,3.0,3.0,grid_r0.4_c0.5,1
53,3.0,3.0,grid_r0.4_c0.5,1
54,3.0,3.0,grid_r0.4_c0.5,1
55,3.0,3.0,grid_r0.4_c0.5,1
56,3.0,3.0,grid_r0.4_c0.5,1
57,3.0,3.0,grid_r0.4_c0.5,1
58,3.0,3.0,grid_r0.4_c0.5,1
59,3.0,3.0,grid_r0.4_c0.5,1
60,3.0,3.0,grid_r0.4_c0.5,1
61,3.0,3.0,grid_r0.4_c0.5,1
62,3.0,3.0,grid_r0.4_c0.5,1
63,3.0,3.0,grid_r0.4_c0.5,1
64,3.0,3.0,grid_r0.4_c0.5,1
65,3.0,3.0,grid_r0.4_c0.5,1
0,3.0,3.0,grid_r0.4_c1.0,1
1,3.0,3.0,grid_r0.4_c1.0,1
2,3.0,3.0,grid_r0.4_c1.0,1
3,3.0,3.0,grid_r0.4_c1.0,1
4,3.0,3.0,grid_r0.4_c1.0,1
5,3.0,3.0,grid_r0.4_c1.0,1
6,3.0,3.0,grid_r0.4_c1.0,1
7,3.0,3.0,grid_r0.4_c1.0,1
8,3.0,3.0,grid_r0.4_c1.0,1
9,3.0,3.0,grid_r0.4_c1.0,1
10,3.0,3.0,grid_r0.4_c1.0,1
11,3.0,3.0,grid_r0.4_c1.0,1
12,3.0,3.0,grid_r0.4_c1.0,1
13,3.0,3.0,grid_r0.4_c1.0,1
14,3.0,3.0,grid_r0.4_c1.0,1
15,3.0,3.0,grid_r0.4_c1.0,1
16,3.0,3.0,grid_r0.4_c1.0,1
17,3.0,3.0,grid_r0.4_c1.0,1
18,3.0,3.0,grid_r0.4_c1.0,1
19,3.0,3.0,grid_r0.4_c1.0,1
20,3.0,3.0,grid_r0.4_c1.0,1
21,3.0,3.0,grid_r0.4_c1.0,1
22,3.0,3.0,grid_r0.4_c1.0,1
23,3.0,3.0,grid_r0.4_c1.0,1
24,3.0,3.0,grid_r0.4_c1.0,1
25,3.0,3.0,grid_r0.4_c1.0,1
26,3.0,3.0,grid_r0.4_c1.0,1
27,3.0,3.0,grid_r0.4_c1.0,1
28,3.0,3.0,grid_r0.4_c1.0,1
29,3.0,3.0,grid_r0.4_c1.0,1
30,3.0,3.0,grid_r0.4_c1.0,1
31,3.0,3.0,grid_r0.4_c1.0,1
32,3.0,3.0,grid_r0.4_c1.0,1
33,3.0,3.0,grid_r0.4_c1.0,1
34,3.0,3.0,grid_r0.4_c1.0,1
35,3.0,3.0,grid_r0.4_c1.0,1
36,3.0,3.0,grid_r0.4_c1.0,1
37,3.0,3.0,grid_r0.4_c1.0,1
38,3.0,3.0,grid_r0.4_c1.0,1
39,3.0,3.0,grid_r0.4_c1.0,1
40,3.0,3.0,grid_r0.4_c1.0,1
41,3.0,3.0,grid_r0.4_c1.0,1
42,3.0,3.0,grid_r0.4_c1.0,1
43,3.0,3.0,grid_r0.4_c1.0,1
44,3.0,3.0,grid_r0.4_c1.0,1
45,3.0,3.0,grid_r0.4_c1.0,1
46,3.0,3.0,grid_r0.4_c1.0,1
47,3.0,3.0,grid_r0.4_c1.0,1
48,3.0,3.0,grid_r0.4_c1.0,1
49,3.0,3.0,grid_r0.4_c1.0,1
50,3.0,3.0,grid_r0.4_c1.0,1
51,3.0,3.0,grid_r0.4_c1.0,1
52,3.0,3.0,grid_r0.4_c1.0,1
53,3.0,3.0,grid_r0.4_c1.0,1
54,3.0,3.0,grid_r0.4_c1.0,1
55,3.0,3.0,grid_r0.4_c1.0,1
56,3.0,3.0,grid_r0.4_c1.0,1
57,3.0,3.0,grid_r0.4_c1.0,1
58,3.0,3.0,grid_r0.4_c1.0,1
59,3.0,3.0,grid_r0.4_c1.0,1
60,3.0,3.0,grid_r0.4_c1.0,1
61,3.0,3.0,grid_r0.4_c1.0,1
62,3.0,3.0,grid_r0.4_c1.0,1
63,3.0,3.0,grid_r0.4_c1.0,1
64,3.0,3.0,grid_r0.4_c1.0,1
65,3.0,3.0,grid_r0.4_c1.0,1
0,3.0,3.0,grid_r0.4_c1.5,1
1,3.0,3.0,grid_r0.4_c1.5,1
2,3.0,3.0,grid_r0.4_c1.5,1
3,3.0,3.0,grid_r0.4_c1.5,1
4,3.0,3.0,grid_r0.4_c1.5,1
5,3.0,3.0,grid_r0.4_c1.5,1
6,3.0,3.0,grid_r0.4_c1.5,1
7,3.0,3.0,grid_r0.4_c1.5,1
8,3.0,3.0,grid_r0.4_c1.5,1
9,3.0,3.0,grid_r0.4_c1.5,1
10,3.0,3.0,grid_r0.4_c1.5,1
11,3.0,3.0,grid_r0.4_c1.5,1
12,3.0,3.0,grid_r0.4_c1.5,1
13,3.0,3.0,grid_r0.4_c1.5,1
14,3.0,3.0,grid_r0.4_c1.5,1
15,3.0,3.0,grid_r0.4_c1.5,1
16,3.0,3.0,grid_r0.4_c1.5,1
17,3.0,3.0,grid_r0.4_c1.5,1
18,3.0,3.0,grid_r0.4_c1.5,1
19,3.0,3.0,grid_r0.4_c1.5,1
20,3.0,3.0,grid_r0.4_c1.5,1
21,3.0,3.0,grid_r0.4_c1.5,1
22,3.0,3.0,grid_r0.4_c1.5,1
23,3.0,3.0,grid_r0.4_c1.5,1
24,3.0,3.0,grid_r0.4_c1.5,1
25,3.0,3.0,grid_r0.4_c1.5,1
26,3.0,3.0,grid_r0.4_c1.5,1
27,3.0,3.0,grid_r0.4_c1.5,1
28,3.0,3.0,grid_r0.4_c1.5,1
29,3.0,3.0,grid_r0.4_c1.5,1
30,3.0,3.0,grid_r0.4_c1.5,1
31,3.0,3.0,grid_r0.4_c1.5,1
32,3.0,3.0,grid_r0.4_c1.5,1
33,3.0,3.0,grid_r0.4_c1.5,1
34,3.0,3.0,grid_r0.4_c1.5,1
35,3.0,3.0,grid_r0.4_c1.5,1
36,3.0,3.0,grid_r0.4_c1.5,1
37,3.0,3.0,grid_r0.4_c1.5,1
38,3.0,3.0,grid_r0.4_c1.5,1
39,3.0,3.0,grid_r0.4_c1.5,1
40,3.0,3.0,grid_r0.4_c1.5,1
41,3.0,3.0,grid_r0.4_c1.5,1
42,3.0,3.0,grid_r0.4_c1.5,1
43,3.0,3.0,grid_r0.4_c1.5,1
44,3.0,3.0,grid_r0.4_c1.5,1
45,3.0,3.0,grid_r0.4_c1.5,1
46,3.0,3.0,grid_r0.4_c1.5,1
47,3.0,3.0,grid_r0.4_c1.5,1
48,3.0,3.0,grid_r0.4_c1.5,1
49,3.0,3.0,grid_r0.4_c1.5,1
50,3.0,3.0,grid_r0.4_c1.5,1
51,3.0,3.0,grid_r0.4_c1.5,1
52,3.0,3.0,grid_r0.4_c1.5,1
53,3.0,3.0,grid_r0.4_c1.5,1
54,3.0,3.0,grid_r0.4_c1.5,1
55,3.0,3.0,grid_r0.4_c1.5,1
56,3.0,3.0,grid_r0.4_c1.5,1
57,3.0,3.0,grid_r0.4_c1.5,1
58,3.0,3.0,grid_r0.4_c1.5,1
59,3.0,3.0,grid_r0.4_c1.5,1
60,3.0,3.0,grid_r0.4_c1.5,1
61,3.0,3.0,grid_r0.4_c1.5,1
62,3.0,3.0,grid_r0.4_c1.5,1
63,3.0,3.0,grid_r0.4_c1.5,1
64,3.0,3.0,grid_r0.4_c1.5,1
65,3.0,3.0,grid_r0.4_c1.5,1
0,3.0,3.0,grid_r0.7_c0.5,1
1,3.0,3.0,grid_r0.7_c0.5,1
2,3.0,3.0,grid_r0.7_c0.5,1
3,3.0,3.0,grid_r0.7_c0.5,1
4,3.0,3.0,grid_r0.7_c0.5,1
5,3.0,3.0,grid_r0.7_c0.5,1
6,3.0,3.0,grid_r0.7_c0.5,1
7,3.0,3.0,grid_r0.7_c0.5,1
8,3.0,3.0,grid_r0.7_c0.5,1
9,3.0,3.0,grid_r0.7_c0.5,1
10,3.0,3.0,grid_r0.7_c0.5,1
11,3.0,3.0,grid_r0.7_c0.5,1
12,3.0,3.0,grid_r0.7_c0.5,1
13,3.0,3.0,grid_r0.7_c0.5,1
14,3.0,3.0,grid_r0.7_c0.5,1
15,3.0,3.0,grid_r0.7_c0.5,1
16,3.0,3.0,grid_r0.7_c0.5,1
17,3.0,3.0,grid_r0.7_c0.5,1
18,3.0,3.0,grid_r0.7_c0.5,1
19,3.0,3.0,grid_r0.7_c0.5,1
20,3.0,3.0,grid_r0.7_c0.5,1
21,3.0,3.0,grid_r0.7_c0.5,1
22,3.0,3.0,grid_r0.7_c0.5,1
23,3.0,3.0,grid_r0.7_c0.5,1
24,3.0,3.0,grid_r0.7_c0.5,1
25,3.0,3.0,grid_r0.7_c0.5,1
26,3.0,3.0,grid_r0.7_c0.5,1
27,3.0,3.0,grid_r0.7_c0.5,1
28,3.0,3.0,grid_r0.7_c0.5,1
29,3.0,3.0,grid_r0.7_c0.5,1
30,3.0,3.0,grid_r0.7_c0.5,1
31,3.0,3.0,grid_r0.7_c0.5,1
32,3.0,3.0,grid_r0.7_c0.5,1
33,3.0,3.0,grid_r0.7_c0.5,1
34,3.0,3.0,grid_r0.7_c0.5,1
35,3.0,3.0,grid_r0.7_c0.5,1
36,3.0,3.0,grid_r0.7_c0.5,1
37,3.0,3.0,grid_r0.7_c0.5,1
38,3.0,3.0,grid_r0.7_c0.5,1
39,3.0,3.0,grid_r0.7_c0.5,1
40,3.0,3.0,grid_r0.7_c0.5,1
41,3.0,3.0,grid_r0.7_c0.5,1
42,3.0,3.0,grid_r0.7_c0.5,1
43,3.0,3.0,grid_r0.7_c0.5,1
44,3.0,3.0,grid_r0.7_c0.5,1
45,3.0,3.0,grid_r0.7_c0.5,1
46,3.0,3.0,grid_r0.7_c0.5,1
47,3.0,3.0,grid_r0.7_c0.5,1
48,3.0,3.0,grid_r0.7_c0.5,1
49,3.0,3.0,grid_r0.7_c0.5,1
50,3.0,3.0,grid_r0.7_c0.5,1
51,3.0,3.0,grid_r0.7_c0.5,1
52,3.0,3.0,grid_r0.7_c0.5,1
53,3.0,3.0,grid_r0.7_c0.5,1
54,3.0,3.0,grid_r0.7_c0.5,1
55,3.0,3.0,grid_r0.7_c0.5,1
56,3.0,3.0,grid_r0.7_c0.5,1
57,3.0,3.0,grid_r0.7_c0.5,1
58,3.0,3.0,grid_r0.7_c0.5,1
59,3.0,3.0,grid_r0.7_c0.5,1
60,3.0,3.0,grid_r0.7_c0.5,1
61,3.0,3.0,grid_r0.7_c0.5,1
62,3.0,3.0,grid_r0.7_c0.5,1
63,3.0,3.0,grid_r0.7_c0.5,1
64,3.0,3.0,grid_r0.7_c0.5,1
65,3.0,3.0,grid_r0.7_c0.5,1
0,3.0,3.0,grid_r0.7_c1.0,1
1,3.0,3.0,grid_r0.7_c1.0,1
2,3.0,3.0,grid_r0.7_c1.0,1
3,3.0,3.0,grid_r0.7_c1.0,1
4,3.0,3.0,grid_r0.7_c1.0,1
5,3.0,3.0,grid_r0.7_c1.0,1
6,3.0,3.0,grid_r0.7_c1.0,1
7,3.0,3.0,grid_r0.7_c1.0,1
8,3.0,3.0,grid_r0.7_c1.0,1
9,3.0,3.0,grid_r0.7_c1.0,1
10,3.0,3.0,grid_r0.7_c1.0,1
11,3.0,3.0,grid_r0.7_c1.0,1
12,3.0,3.0,grid_r0.7_c1.0,1
13,3.0,3.0,grid_r0.7_c1.0,1
14,3.0,3.0,grid_r0.7_c1.0,1
15,3.0,3.0,grid_r0.7_c1.0,1
16,3.0,3.0,grid_r0.7_c1.0,1
17,3.0,3.0,grid_r0.7_c1.0,1
18,3.0,3.0,grid_r0.7_c1.0,1
19,3.0,3.0,grid_r0.7_c1.0,1
20,3.0,3.0,grid_r0.7_c1.0,1
21,3.0,3.0,grid_r0.7_c1.0,1
22,3.0,3.0,grid_r0.7_c1.0,1
23,3.0,3.0,grid_r0.7_c1.0,1
24,3.0,3.0,grid_r0.7_c1.0,1
25,3.0,3.0,grid_r0.7_c1.0,1
26,3.0,3.0,grid_r0.7_c1.0,1
27,3.0,3.0,grid_r0.7_c1.0,1
28,3.0,3.0,grid_r0.7_c1.0,1
29,3.0,3.0,grid_r0.7_c1.0,1
30,3.0,3.0,grid_r0.7_c1.0,1
31,3.0,3.0,grid_r0.7_c1.0,1
32,3.0,3.0,grid_r0.7_c1.0,1
33,3.0,3.0,grid_r0.7_c1.0,1
34,3.0,3.0,grid_r0.7_c1.0,1
35,3.0,3.0,grid_r0.7_c1.0,1
36,3.0,3.0,grid_r0.7_c1.0,1
37,3.0,3.0,grid_r0.7_c1.0,1
38,3.0,3.0,grid_r0.7_c1.0,1
39,3.0,3.0,grid_r0.7_c1.0,1
40,3.0,3.0,grid_r0.7_c1.0,1
41,3.0,3.0,grid_r0.7_c1.0,1
42,3.0,3.0,grid_r0.7_c1.0,1
43,3.0,3.0,grid_r0.7_c1.0,1
44,3.0,3.0,grid_r0.7_c1.0,1
45,3.0,3.0,grid_r0.7_c1.0,1
46,3.0,3.0,grid_r0.7_c1.0,1
47,3.0,3.0,grid_r0.7_c1.0,1
48,3.0,3.0,grid_r0.7_c1.0,1
49,3.0,3.0,grid_r0.7_c1.0,1
50,3.0,3.0,grid_r0.7_c1.0,1
51,3.0,3.0,grid_r0.7_c1.0,1
52,3.0,3.0,grid_r0.7_c1.0,1
53,3.0,3.0,grid_r0.7_c1.0,1
54,3.0,3.0,grid_r0.7_c1.0,1
55,3.0,3.0,grid_r0.7_c1.0,1
56,3.0,3.0,grid_r0.7_c1.0,1
57,3.0,3.0,grid_r0.7_c1.0,1
58,3.0,3.0,grid_r0.7_c1.0,1
59,3.0,3.0,grid_r0.7_c1.0,1
60,3.0,3.0,grid_r0.7_c1.0,1
61,3.0,3.0,grid_r0.7_c1.0,1
62,3.0,3.0,grid_r0.7_c1.0,1
63,3.0,3.0,grid_r0.7_c1.0,1
64,3.0,3.0,grid_r0.7_c1.0,1
65,3.0,3.0,grid_r0.7_c1.0,1
0,3.0,3.0,grid_r0.7_c1.5,1
1,3.0,3.0,grid_r0.7_c1.5,1
2,3.0,3.0,grid_r0.7_c1.5,1
3,3.0,3.0,grid_r0.7_c1.5,1
4,3.0,3.0,grid_r0.7_c1.5,1
5,3.0,3.0,grid_r0.7_c1.5,1
6,3.0,3.0,grid_r0.7_c1.5,1
7,3.0,3.0,grid_r0.7_c1.5,1
8,3.0,3.0,grid_r0.7_c1.5,1
9,3.0,3.0,grid_r0.7_c1.5,1
10,3.0,3.0,grid_r0.7_c1.5,1
11,3.0,3.0,grid_r0.7_c1.5,1
12,3.0,3.0,grid_r0.7_c1.5,1
13,3.0,3.0,grid_r0.7_c1.5,1
14,3.0,3.0,grid_r0.7_c1.5,1
15,3.0,3.0,grid_r0.7_c1.5,1
16,3.0,3.0,grid_r0.7_c1.5,1
17,3.0,3.0,grid_r0.7_c1.5,1
18,3.0,3.0,grid_r0.7_c1.5,1
19,3.0,3.0,grid_r0.7_c1.5,1
20,3.0,3.0,grid_r0.7_c1.5,1
21,3.0,3.0,grid_r0.7_c1.5,1
22,3.0,3.0,grid_r0.7_c1.5,1
23,3.0,3.0,grid_r0.7_c1.5,1
24,3.0,3.0,grid_r0.7_c1.5,1
25,3.0,3.0,grid_r0.7_c1.5,1
26,3.0,3.0,grid_r0.7_c1.5,1
27,3.0,3.0,grid_r0.7_c1.5,1
28,3.0,3.0,grid_r0.7_c1.5,1
29,3.0,3.0,grid_r0.7_c1.5,1
30,3.0,3.0,grid_r0.7_c1.5,1
31,3.0,3.0,grid_r0.7_c1.5,1
32,3.0,3.0,grid_r0.7_c1.5,1
33,3.0,3.0,grid_r0.7_c1.5,1
34,3.0,3.0,grid_r0.7_c1.5,1
35,3.0,3.0,grid_r0.7_c1.5,1
36,3.0,3.0,grid_r0.7_c1.5,1
37,3.0,3.0,grid_r0.7_c1.5,1
38,3.0,3.0,grid_r0.7_c1.5,1
39,3.0,3.0,grid_r0.7_c1.5,1
40,3.0,3.0,grid_r0.7_c1.5,1
41,3.0,3.0,grid_r0.7_c1.5,1
42,3.0,3.0,grid_r0.7_c1.5,1
43,3.0,3.0,grid_r0.7_c1.5,1
44,3.0,3.0,grid_r0.7_c1.5,1
45,3.0,3.0,grid_r0.7_c1.5,1
46,3.0,3.0,grid_r0.7_c1.5,1
47,3.0,3.0,grid_r0.7_c1.5,1
48,3.0,3.0,grid_r0.7_c1.5,1
49,3.0,3.0,grid_r0.7_c1.5,1
50,3.0,3.0,grid_r0.7_c1.5,1
51,3.0,3.0,grid_r0.7_c1.5,1
52,3.0,3.0,grid_r0.7_c1.5,1
53,3.0,3.0,grid_r0.7_c1.5,1
54,3.0,3.0,grid_r0.7_c1.5,1
55,3.0,3.0,grid_r0.7_c1.5,1
56,3.0,3.0,grid_r0.7_c1.5,1
57,3.0,3.0,grid_r0.7_c1.5,1
58,3.0,3.0,grid_r0.7_c1.5,1
59,3.0,3.0,grid_r0.7_c1.5,1
60,3.0,3.0,grid_r0.7_c1.5,1
61,3.0,3.0,grid_r0.7_c1.5,1
62,3.0,3.0,grid_r0.7_c1.5,1
63,3.0,3.0,grid_r0.7_c1.5,1
64,3.0,3.0,grid_r0.7_c1.5,1
65,3.0,3.0,grid_r0.7_c1.5,1
0,3.0,3.0,grid_r1.0_c0.5,1
1,3.0,3.0,grid_r1.0_c0.5,1
2,3.0,3.0,grid_r1.0_c0.5,1
3,3.0,3.0,grid_r1.0_c0.5,1
4,3.0,3.0,grid_r1.0_c0.5,1
5,3.0,3.0,grid_r1.0_c0.5,1
6,3.0,3.0,grid_r1.0_c0.5,1
7,3.0,3.0,grid_r1.0_c0.5,1
8,3.0,3.0,grid_r1.0_c0.5,1
9,3.0,3.0,grid_r1.0_c0.5,1
10,3.0,3.0,grid_r1.0_c0.5,1
11,3.0,3.0,grid_r1.0_c0.5,1
12,3.0,3.0,grid_r1.0_c0.5,1
13,3.0,3.0,grid_r1.0_c0.5,1
14,3.0,3.0,grid_r1.0_c0.5,1
15,3.0,3.0,grid_r1.0_c0.5,1
16,3.0,3.0,grid_r1.0_c0.5,1
17,3.0,3.0,grid_r1.0_c0.5,1
18,3.0,3.0,grid_r1.0_c0.5,1
19,3.0,3.0,grid_r1.0_c0.5,1
20,3.0,3.0,grid_r1.0_c0.5,1
21,3.0,3.0,grid_r1.0_c0.5,1
22,3.0,3.0,grid_r1.0_c0.5,1
23,3.0,3.0,grid_r1.0_c0.5,1
24,3.0,3.0,grid_r1.0_c0.5,1
25,3.0,3.0,grid_r1.0_c0.5,1
26,3.0,3.0,grid_r1.0_c0.5,1
27,3.0,3.0,grid_r1.0_c0.5,1
28,3.0,3.0,grid_r1.0_c0.5,1
29,3.0,3.0,grid_r1.0_c0.5,1
30,3.0,3.0,grid_r1.0_c0.5,1
31,3.0,3.0,grid_r1.0_c0.5,1
32,3.0,3.0,grid_r1.0_c0.5,1
33,3.0,3.0,grid_r1.0_c0.5,1
34,3.0,3.0,grid_r1.0_c0.5,1
35,3.0,3.0,grid_r1.0_c0.5,1
36,3.0,3.0,grid_r1.0_c0.5,1
37,3.0,3.0,grid_r1.0_c0.5,1
38,3.0,3.0,grid_r1.0_c0.5,1
39,3.0,3.0,grid_r1.0_c0.5,1
40,3.0,3.0,grid_r1.0_c0.5,1
41,3.0,3.0,grid_r1.0_c0.5,1
42,3.0,3.0,grid_r1.0_c0.5,1
43,3.0,3.0,grid_r1.0_c0.5,1
44,3.0,3.0,grid_r1.0_c0.5,1
45,3.0,3.0,grid_r1.0_c0.5,1
46,3.0,3.0,grid_r1.0_c0.5,1
47,3.0,3.0,grid_r1.0_c0.5,1
48,3.0,3.0,grid_r1.0_c0.5,1
49,3.0,3.0,grid_r1.0_c0.5,1
50,3.0,3.0,grid_r1.0_c0.5,1
51,3.0,3.0,grid_r1.0_c0.5,1
52,3.0,3.0,grid_r1.0_c0.5,1
53,3.0,3.0,grid_r1.0_c0.5,1
54,3.0,3.0,grid_r1.0_c0.5,1
55,3.0,3.0,grid_r1.0_c0.5,1
56,3.0,3.0,grid_r1.0_c0.5,1
57,3.0,3.0,grid_r1.0_c0.5,1
58,3.0,3.0,grid_r1.0_c0.5,1
59,3.0,3.0,grid_r1.0_c0.5,1
60,3.0,3.0,grid_r1.0_c0.5,1
61,3.0,3.0,grid_r1.0_c0.5,1
62,3.0,3.0,grid_r1.0_c0.5,1
63,3.0,3.0,grid_r1.0_c0.5,1
64,3.0,3.0,grid_r1.0_c0.5,1
65,3.0,3.0,grid_r1.0_c0.5,1
0,3.0,3.0,grid_r1.0_c1.0,1
1,3.0,3.0,grid_r1.0_c1.0,1
2,3.0,3.0,grid_r1.0_c1.0,1
3,3.0,3.0,grid_r1.0_c1.0,1
4,3.0,3.0,grid_r1.0_c1.0,1
5,3.0,3.0,grid_r1.0_c1.0,1
6,3.0,3.0,grid_r1.0_c1.0,1
7,3.0,3.0,grid_r1.0_c1.0,1
8,3.0,3.0,grid_r1.0_c1.0,1
9,3.0,3.0,grid_r1.0_c1.0,1
10,3.0,3.0,grid_r1.0_c1.0,1
11,3.0,3.0,grid_r1.0_c1.0,1
12,3.0,3.0,grid_r1.0_c1.0,1
13,3.0,3.0,grid_r1.0_c1.0,1
14,3.0,3.0,grid_r1.0_c1.0,1
15,3.0,3.0,grid_r1.0_c1.0,1
16,3.0,3.0,grid_r1.0_c1.0,1
17,3.0,3.0,grid_r1.0_c1.0,1
18,3.0,3.0,grid_r1.0_c1.0,1
19,3.0,3.0,grid_r1.0_c1.0,1
20,3.0,3.0,grid_r1.0_c1.0,1
21,3.0,3.0,grid_r1.0_c1.0,1
22,3.0,3.0,grid_r1.0_c1.0,1
23,3.0,3.0,grid_r1.0_c1.0,1
24,3.0,3.0,grid_r1.0_c1.0,1
25,3.0,3.0,grid_r1.0_c1.0,1
26,3.0,3.0,grid_r1.0_c1.0,1
27,3.0,3.0,grid_r1.0_c1.0,1
28,3.0,3.0,grid_r1.0_c1.0,1
29,3.0,3.0,grid_r1.0_c1.0,1
30,3.0,3.0,grid_r1.0_c1.0,1
31,3.0,3.0,grid_r1.0_c1.0,1
32,3.0,3.0,grid_r1.0_c1.0,1
33,3.0,3.0,grid_r1.0_c1.0,1
34,3.0,3.0,grid_r1.0_c1.0,1
35,3.0,3.0,grid_r1.0_c1.0,1
36,3.0,3.0,grid_r1.0_c1.0,1
37,3.0,3.0,grid_r1.0_c1.0,1
38,3.0,3.0,grid_r1.0_c1.0,1
39,3.0,3.0,grid_r1.0_c1.0,1
40,3.0,3.0,grid_r1.0_c1.0,1
41,3.0,3.0,grid_r1.0_c1.0,1
42,3.0,3.0,grid_r1.0_c1.0,1
43,3.0,3.0,grid_r1.0_c1.0,1
44,3.0,3.0,grid_r1.0_c1.0,1
45,3.0,3.0,grid_r1.0_c1.0,1
46,3.0,3.0,grid_r1.0_c1.0,1
47,3.0,3.0,grid_r1.0_c1.0,1
48,3.0,3.0,grid_r1.0_c1.0,1
49,3.0,3.0,grid_r1.0_c1.0,1
50,3.0,3.0,grid_r1.0_c1.0,1
51,3.0,3.0,grid_r1.0_c1.0,1
52,3.0,3.0,grid_r1.0_c1.0,1
53,3.0,3.0,grid_r1.0_c1.0,1
54,3.0,3.0,grid_r1.0_c1.0,1
55,3.0,3.0,grid_r1.0_c1.0,1
56,3.0,3.0,grid_r1.0_c1.0,1
57,3.0,3.0,grid_r1.0_c1.0,1
58,3.0,3.0,grid_r1.0_c1.0,1
59,3.0,3.0,grid_r1.0_c1.0,1
60,3.0,3.0,grid_r1.0_c1.0,1
61,3.0,3.0,grid_r1.0_c1.0,1
62,3.0,3.0,grid_r1.0_c1.0,1
63,3.0,3.0,grid_r1.0_c1.0,1
64,3.0,3.0,grid_r1.0_c1.0,1
65,3.0,3.0,grid_r1.0_c1.0,1
0,3.0,3.0,grid_r1.0_c1.5,1
1,3.0,3.0,grid_r1.0_c1.5,1
2,3.0,3.0,grid_r1.0_c1.5,1
3,3.0,3.0,grid_r1.0_c1.5,1
4,3.0,3.0,grid_r1.0_c1.5,1
5,3.0,3.0,grid_r1.0_c1.5,1
6,3.0,3.0,grid_r1.0_c1.5,1
7,3.0,3.0,grid_r1.0_c1.5,1
8,3.0,3.0,grid_r1.0_c1.5,1
9,3.0,3.0,grid_r1.0_c1.5,1
10,3.0,3.0,grid_r1.0_c1.5,1
11,3.0,3.0,grid_r1.0_c1.5,1
12,3.0,3.0,grid_r1.0_c1.5,1
13,3.0,3.0,grid_r1.0_c1.5,1
14,3.0,3.0,grid_r1.0_c1.5,1
15,3.0,3.0,grid_r1.0_c1.5,1
16,3.0,3.0,grid_r1.0_c1.5,1
17,3.0,3.0,grid_r1.0_c1.5,1
18,3.0,3.0,grid_r1.0_c1.5,1
19,3.0,3.0,grid_r1.0_c1.5,1
20,3.0,3.0,grid_r1.0_c1.5,1
21,3.0,3.0,grid_r1.0_c1.5,1
22,3.0,3.0,grid_r1.0_c1.5,1
23,3.0,3.0,grid_r1.0_c1.5,1
24,3.0,3.0,grid_r1.0_c1.5,1
25,3.0,3.0,grid_r1.0_c1.5,1
26,3.0,3.0,grid_r1.0_c1.5,1
27,3.0,3.0,grid_r1.0_c1.5,1
28,3.0,3.0,grid_r1.0_c1.5,1
29,3.0,3.0,grid_r1.0_c1.5,1
30,3.0,3.0,grid_r1.0_c1.5,1
31,3.0,3.0,grid_r1.0_c1.5,1
32,3.0,3.0,grid_r1.0_c1.5,1
33,3.0,3.0,grid_r1.0_c1.5,1
34,3.0,3.0,grid_r1.0_c1.5,1
35,3.0,3.0,grid_r1.0_c1.5,1
36,3.0,3.0,grid_r1.0_c1.5,1
37,3.0,3.0,grid_r1.0_c1.5,1
38,3.0,3.0,grid_r1.0_c1.5,1
39,3.0,3.0,grid_r1.0_c1.5,1
40,3.0,3.0,grid_r1.0_c1.5,1
41,3.0,3.0,grid_r1.0_c1.5,1
42,3.0,3.0,grid_r1.0_c1.5,1
43,3.0,3.0,grid_r1.0_c1.5,1
44,3.0,3.0,grid_r1.0_c1.5,1
45,3.0,3.0,grid_r1.0_c1.5,1
46,3.0,3.0,grid_r1.0_c1.5,1
47,3.0,3.0,grid_r1.0_c1.5,1
48,3.0,3.0,grid_r1.0_c1.5,1
49,3.0,3.0,grid_r1.0_c1.5,1
50,3.0,3.0,grid_r1.0_c1.5,1
51,3.0,3.0,grid_r1.0_c1.5,1
52,3.0,3.0,grid_r1.0_c1.5,1
53,3.0,3.0,grid_r1.0_c1.5,1
54,3.0,3.0,grid_r1.0_c1.5,1
55,3.0,3.0,grid_r1.0_c1.5,1
56,3.0,3.0,grid_r1.0_c1.5,1
57,3.0,3.0,grid_r1.0_c1.5,1
58,3.0,3.0,grid_r1.0_c1.5,1
59,3.0,3.0,grid_r1.0_c1.5,1
60,3.0,3.0,grid_r1.0_c1.5,1
61,3.0,3.0,grid_r1.0_c1.5,1
62,3.0,3.0,grid_r1.0_c1.5,1
63,3.0,3.0,grid_r1.0_c1.5,1
64,3.0,3.0,grid_r1.0_c1.5,1
65,3.0,3.0,grid_r1.0_c1.5,1
0,3.0,3.0,objective_0.2,1
1,3.0,3.0,objective_0.2,1
2,3.0,3.0,objective_0.2,1
3,3.0,3.0,objective_0.2,1
4,3.0,3.0,objective_0.2,1
5,3.0,3.0,objective_0.2,1
6,3.0,3.0,objective_0.2,1
7,3.0,3.0,objective_0.2,1
8,3.0,3.0,objective_0.2,1
9,3.0,3.0,objective_0.2,1
10,3.0,3.0,objective_0.2,1
11,3.0,3.0,objective_0.2,1
12,3.0,3.0,objective_0.2,1
13,3.0,3.0,objective_0.2,1
14,3.0,3.0,objective_0.2,1
15,3.0,3.0,objective_0.2,1
16,3.0,3.0,objective_0.2,1
17,3.0,3.0,objective_0.2,1
18,3.0,3.0,objective_0.2,1
19,3.0,3.0,objective_0.2,1
20,3.0,3.0,objective_0.2,1
21,3.0,3.0,objective_0.2,1
22,3.0,3.0,objective_0.2,1
23,3.0,3.0,objective_0.2,1
24,3.0,3.0,objective_0.2,1
25,3.0,3.0,objective_0.2,1
26,3.0,3.0,objective_0.2,1
27,3.0,3.0,objective_0.2,1
28,3.0,3.0,objective_0.2,1
29,3.0,3.0,objective_0.2,1
30,3.0,3.0,objective_0.2,1
31,3.0,3.0,objective_0.2,1
32,3.0,3.0,objective_0.2,1
33,3.0,3.0,objective_0.2,1
34,3.0,3.0,objective_0.2,1
35,3.0,3.0,objective_0.2,1
36,3.0,3.0,objective_0.2,1
37,3.0,3.0,objective_0.2,1
38,3.0,3.0,objective_0.2,1
39,3.0,3.0,objective_0.2,1
40,3.0,3.0,objective_0.2,1
41,3.0,3.0,objective_0.2,1
42,3.0,3.0,objective_0.2,1
43,3.0,3.0,objective_0.2,1
44,3.0,3.0,objective_0.2,1
45,3.0,3.0,objective_0.2,1
46,3.0,3.0,objective_0.2,1
47,3.0,3.0,objective_0.2,1
48,3.0,3.0,objective_0.2,1
49,3.0,3.0,objective_0.2,1
50,3.0,3.0,objective_0.2,1
51,3.0,3.0,objective_0.2,1
52,3.0,3.0,objective_0.2,1
53,3.0,3.0,objective_0.2,1
54,3.0,3.0,objective_0.2,1
55,3.0,3.0,objective_0.2,1
56,3.0,3.0,objective_0.2,1
57,3.0,3.0,objective_0.2,1
58,3.0,3.0,objective_0.2,1
59,3.0,3.0,objective_0.2,1
60,3.0,3.0,objective_0.2,1
61,3.0,3.0,objective_0.2,1
62,3.0,3.0,objective_0.2,1
63,3.0,3.0,objective_0.2,1
64,3.0,3.0,objective_0.2,1
65,3.0,3.0,objective_0.2,1
0,3.0,3.0,objective_0.5,1
1,3.0,3.0,objective_0.5,1
2,3.0,3.0,objective_0.5,1
3,3.0,3.0,objective_0.5,1
4,3.0,3.0,objective_0.5,1
5,3.0,3.0,objective_0.5,1
6,3.0,3.0,objective_0.5,1
7,3.0,3.0,objective_0.5,1
8,3.0,3.0,objective_0.5,1
9,3.0,3.0,objective_0.5,1
10,3.0,3.0,objective_0.5,1
11,3.0,3.0,objective_0.5,1
12,3.0,3.0,objective_0.5,1
13,3.0,3.0,objective_0.5,1
14,3.0,3.0,objective_0.5,1
15,3.0,3.0,objective_0.5,1
16,3.0,3.0,objective_0.5,1
17,3.0,3.0,objective_0.5,1
18,3.0,3.0,objective_0.5,1
19,3.0,3.0,objective_0.5,1
20,3.0,3.0,objective_0.5,1
21,3.0,3.0,objective_0.5,1
22,3.0,3.0,objective_0.5,1
23,3.0,3.0,objective_0.5,1
24,3.0,3.0,objective_0.5,1
25,3.0,3.0,objective_0.5,1
26,3.0,3.0,objective_0.5,1
27,3.0,3.0,objective_0.5,1
28,3.0,3.0,objective_0.5,1
29,3.0,3.0,objective_0.5,1
30,3.0,3.0,objective_0.5,1
31,3.0,3.0,objective_0.5,1
32,3.0,3.0,objective_0.5,1
33,3.0,3.0,objective_0.5,1
34,3.0,3.0,objective_0.5,1
35,3.0,3.0,objective_0.5,1
36,3.0,3.0,objective_0.5,1
37,3.0,3.0,objective_0.5,1
38,3.0,3.0,objective_0.5,1
39,3.0,3.0,objective_0.5,1
40,3.0,3.0,objective_0.5,1
41,3.0,3.0,objective_0.5,1
42,3.0,3.0,objective_0.5,1
43,3.0,3.0,objective_0.5,1
44,3.0,3.0,objective_0.5,1
45,3.0,3.0,objective_0.5,1
46,3.0,3.0,objective_0.5,1
47,3.0,3.0,objective_0.5,1
48,3.0,3.0,objective_0.5,1
49,3.0,3.0,objective_0.5,1
50,3.0,3.0,objective_0.5,1
51,3.0,3.0,objective_0.5,1
52,3.0,3.0,objective_0.5,1
53,3.0,3.0,objective_0.5,1
54,3.0,3.0,objective_0.5,1
55,3.0,3.0,objective_0.5,1
56,3.0,3.0,objective_0.5,1
57,3.0,3.0,objective_0.5,1
58,3.0,3.0,objective_0.5,1
59,3.0,3.0,objective_0.5,1
60,3.0,3.0,objective_0.5,1
61,3.0,3.0,objective_0.5,1
62,3.0,3.0,objective_0.5,1
63,3.0,3.0,objective_0.5,1
64,3.0,3.0,objective_0.5,1
65,3.0,3.0,objective_0.5,1
0,3.0,3.0,objective_0.8,1
1,3.0,3.0,objective_0.8,1
2,3.0,3.0,objective_0.8,1
3,3.0,3.0,objective_0.8,1
4,3.0,3.0,objective_0.8,1
5,3.0,3.0,objective_0.8,1
6,3.0,3.0,objective_0.8,1
7,3.0,3.0,objective_0.8,1
8,3.0,3.0,objective_0.8,1
9,3.0,3.0,objective_0.8,1
10,3.0,3.0,objective_0.8,1
11,3.0,3.0,objective_0.8,1
12,3.0,3.0,objective_0.8,1
13,3.0,3.0,objective_0.8,1
14,3.0,3.0,objective_0.8,1
15,3.0,3.0,objective_0.8,1
16,3.0,3.0,objective_0.8,1
17,3.0,3.0,objective_0.8,1
18,3.0,3.0,objective_0.8,1
19,3.0,3.0,objective_0.8,1
20,3.0,3.0,objective_0.8,1
21,3.0,3.0,objective_0.8,1
22,3.0,3.0,objective_0.8,1
23,3.0,3.0,objective_0.8,1
24,3.0,3.0,objective_0.8,1
25,3.0,3.0,objective_0.8,1
26,3.0,3.0,objective_0.8,1
27,3.0,3.0,objective_0.8,1
28,3.0,3.0,objective_0.8,1
29,3.0,3.0,objective_0.8,1
30,3.0,3.0,objective_0.8,1
31,3.0,3.0,objective_0.8,1
32,3.0,3.0,objective_0.8,1
33,3.0,3.0,objective_0.8,1
34,3.0,3.0,objective_0.8,1
35,3.0,3.0,objective_0.8,1
36,3.0,3.0,objective_0.8,1
37,3.0,3.0,objective_0.8,1
38,3.0,3.0,objective_0.8,1
39,3.0,3.0,objective_0.8,1
40,3.0,3.0,objective_0.8,1
41,3.0,3.0,objective_0.8,1
42,3.0,3.0,objective_0.8,1
43,3.0,3.0,objective_0.8,1
44,3.0,3.0,objective_0.8,1
45,3.0,3.0,objective_0.8,1
46,3.0,3.0,objective_0.8,1
47,3.0,3.0,objective_0.8,1
48,3.0,3.0,objective_0.8,1
49,3.0,3.0,objective_0.8,1
50,3.0,3.0,objective_0.8,1
51,3.0,3.0,objective_0.8,1
52,3.0,3.0,objective_0.8,1
53,3.0,3.0,objective_0.8,1
54,3.0,3.0,objective_0.8,1
55,3.0,3.0,objective_0.8,1
56,3.0,3.0,objective_0.8,1
57,3.0,3.0,objective_0.8,1
58,3.0,3.0,objective_0.8,1
59,3.0,3.0,objective_0.8,1
60,3.0,3.0,objective_0.8,1
61,3.0,3.0,objective_0.8,1
62,3.0,3.0,objective_0.8,1
63,3.0,3.0,objective_0.8,1
64,3.0,3.0,objective_0.8,1
65,3.0,3.0,objective_0.8,1
0,3.0,3.0,prior_0.25,1
1,3.0,3.0,prior_0.25,1
2,3.0,3.0,prior_0.25,1
3,3.0,3.0,prior_0.25,1
4,3.0,3.0,prior_0.25,1
5,3.0,3.0,prior_0.25,1
6,3.0,3.0,prior_0.25,1
7,3.0,3.0,prior_0.25,1
8,3.0,3.0,prior_0.25,1
9,3.0,3.0,prior_0.25,1
10,3.0,3.0,prior_0.25,1
11,3.0,3.0,prior_0.25,1
12,3.0,3.0,prior_0.25,1
13,3.0,3.0,prior_0.25,1
14,3.0,3.0,prior_0.25,1
15,3.0,3.0,prior_0.25,1
16,3.0,3.0,prior_0.25,1
17,3.0,3.0,prior_0.25,1
18,3.0,3.0,prior_0.25,1
19,3.0,3.0,prior_0.25,1
20,3.0,3.0,prior_0.25,1
21,3.0,3.0,prior_0.25,1
22,3.0,3.0,prior_0.25,1
23,3.0,3.0,prior_0.25,1
24,3.0,3.0,prior_0.25,1
25,3.0,3.0,prior_0.25,1
26,3.0,3.0,prior_0.25,1
27,3.0,3.0,prior_0.25,1
28,3.0,3.0,prior_0.25,1
29,3.0,3.0,prior_0.25,1
30,3.0,3.0,prior_0.25,1
31,3.0,3.0,prior_0.25,1
32,3.0,3.0,prior_0.25,1
33,3.0,3.0,prior_0.25,1
34,3.0,3.0,prior_0.25,1
35,3.0,3.0,prior_0.25,1
36,3.0,3.0,prior_0.25,1
37,3.0,3.0,prior_0.25,1
38,3.0,3.0,prior_0.25,1
39,3.0,3.0,prior_0.25,1
40,3.0,3.0,prior_0.25,1
41,3.0,3.0,prior_0.25,1
42,3.0,3.0,prior_0.25,1
43,3.0,3.0,prior_0.25,1
44,3.0,3.0,prior_0.25,1
45,3.0,3.0,prior_0.25,1
46,3.0,3.0,prior_0.25,1
47,3.0,3.0,prior_0.25,1
48,3.0,3.0,prior_0.25,1
49,3.0,3.0,prior_0.25,1
50,3.0,3.0,prior_0.25,1
51,3.0,3.0,prior_0.25,1
52,3.0,3.0,prior_0.25,1
53,3.0,3.0,prior_0.25,1
54,3.0,3.0,prior_0.25,1
55,3.0,3.0,prior_0.25,1
56,3.0,3.0,prior_0.25,1
57,3.0,3.0,prior_0.25,1
58,3.0,3.0,prior_0.25,1
59,3.0,3.0,prior_0.25,1
60,3.0,3.0,prior_0.25,1
61,3.0,3.0,prior_0.25,1
62,3.0,3.0,prior_0.25,1
63,3.0,3.0,prior_0.25,1
64,3.0,3.0,prior_0.25,1
65,3.0,3.0,prior_0.25,1
0,3.0,3.0,prior_0.5,1
1,3.0,3.0,prior_0.5,1
2,3.0,3.0,prior_0.5,1
3,3.0,3.0,prior_0.5,1
4,3.0,3.0,prior_0.5,1
5,3.0,3.0,prior_0.5,1
6,3.0,3.0,prior_0.5,1
7,3.0,3.0,prior_0.5,1
8,3.0,3.0,prior_0.5,1
9,3.0,3.0,prior_0.5,1
10,3.0,3.0,prior_0.5,1
11,3.0,3.0,prior_0.5,1
12,3.0,3.0,prior_0.5,1
13,3.0,3.0,prior_0.5,1
14,3.0,3.0,prior_0.5,1
15,3.0,3.0,prior_0.5,1
16,3.0,3.0,prior_0.5,1
17,3.0,3.0,prior_0.5,1
18,3.0,3.0,prior_0.5,1
19,3.0,3.0,prior_0.5,1
20,3.0,3.0,prior_0.5,1
21,3.0,3.0,prior_0.5,1
22,3.0,3.0,prior_0.5,1
23,3.0,3.0,prior_0.5,1
24,3.0,3.0,prior_0.5,1
25,3.0,3.0,prior_0.5,1
26,3.0,3.0,prior_0.5,1
27,3.0,3.0,prior_0.5,1
28,3.0,3.0,prior_0.5,1
29,3.0,3.0,prior_0.5,1
30,3.0,3.0,prior_0.5,1
31,3.0,3.0,prior_0.5,1
32,3.0,3.0,prior_0.5,1
33,3.0,3.0,prior_0.5,1
34,3.0,3.0,prior_0.5,1
35,3.0,3.0,prior_0.5,1
36,3.0,3.0,prior_0.5,1
37,3.0,3.0,prior_0.5,1
38,3.0,3.0,prior_0.5,1
39,3.0,3.0,prior_0.5,1
40,3.0,3.0,prior_0.5,1
41,3.0,3.0,prior_0.5,1
42,3.0,3.0,prior_0.5,1
43,3.0,3.0,prior_0.5,1
44,3.0,3.0,prior_0.5,1
45,3.0,3.0,prior_0.5,1
46,3.0,3.0,prior_0.5,1
47,3.0,3.0,prior_0.5,1
48,3.0,3.0,prior_0.5,1
49,3.0,3.0,prior_0.5,1
50,3.0,3.0,prior_0.5,1
51,3.0,3.0,prior_0.5,1
52,3.0,3.0,prior_0.5,1
53,3.0,3.0,prior_0.5,1
54,3.0,3.0,prior_0.5,1
55,3.0,3.0,prior_0.5,1
56,3.0,3.0,prior_0.5,1
57,3.0,3.0,prior_0.5,1
58,3.0,3.0,prior_0.5,1
59,3.0,3.0,prior_0.5,1
60,3.0,3.0,prior_0.5,1
61,3.0,3.0,prior_0.5,1
62,3.0,3.0,prior_0.5,1
63,3.0,3.0,prior_0.5,1
64,3.0,3.0,prior_0.5,1
65,3.0,3.0,prior_0.5,1
0,3.0,3.0,prior_0.75,1
1,3.0,3.0,prior_0.75,1
2,3.0,3.0,prior_0.75,1
3,3.0,3.0,prior_0.75,1
4,3.0,3.0,prior_0.75,1
5,3.0,3.0,prior_0.75,1
6,3.0,3.0,prior_0.75,1
7,3.0,3.0,prior_0.75,1
8,3.0,3.0,prior_0.75,1
9,3.0,3.0,prior_0.75,1
10,3.0,3.0,prior_0.75,1
11,3.0,3.0,prior_0.75,1
12,3.0,3.0,prior_0.75,1
13,3.0,3.0,prior_0.75,1
14,3.0,3.0,prior_0.75,1
15,3.0,3.0,prior_0.75,1
16,3.0,3.0,prior_0.75,1
17,3.0,3.0,prior_0.75,1
18,3.0,3.0,prior_0.75,1
19,3.0,3.0,prior_0.75,1
20,3.0,3.0,prior_0.75,1
21,3.0,3.0,prior_0.75,1
22,3.0,3.0,prior_0.75,1
23,3.0,3.0,prior_0.75,1
24,3.0,3.0,prior_0.75,1
25,3.0,3.0,prior_0.75,1
26,3.0,3.0,prior_0.75,1
27,3.0,3.0,prior_0.75,1
28,3.0,3.0,prior_0.75,1
29,3.0,3.0,prior_0.75,1
30,3.0,3.0,prior_0.75,1
31,3.0,3.0,prior_0.75,1
32,3.0,3.0,prior_0.75,1
33,3.0,3.0,prior_0.75,1
34,3.0,3.0,prior_0.75,1
35,3.0,3.0,prior_0.75,1
36,3.0,3.0,prior_0.75,1
37,3.0,3.0,prior_0.75,1
38,3.0,3.0,prior_0.75,1
39,3.0,3.0,prior_0.75,1
40,3.0,3.0,prior_0.75,1
41,3.0,3.0,prior_0.75,1
42,3.0,3.0,prior_0.75,1
43,3.0,3.0,prior_0.75,1
44,3.0,3.0,prior_0.75,1
45,3.0,3.0,prior_0.75,1
46,3.0,3.0,prior_0.75,1
47,3.0,3.0,prior_0.75,1
48,3.0,3.0,prior_0.75,1
49,3.0,3.0,prior_0.75,1
50,3.0,3.0,prior_0.75,1
51,3.0,3.0,prior_0.75,1
52,3.0,3.0,prior_0.75,1
53,3.0,3.0,prior_0.75,1
54,3.0,3.0,prior_0.75,1
55,3.0,3.0,prior_0.75,1
56,3.0,3.0,prior_0.75,1
57,3.0,3.0,prior_0.75,1
58,3.0,3.0,prior_0.75,1
59,3.0,3.0,prior_0.75,1
60,3.0,3.0,prior_0.75,1
61,3.0,3.0,prior_0.75,1
62,3.0,3.0,prior_0.75,1
63,3.0,3.0,prior_0.75,1
64,3.0,3.0,prior_0.75,1
65,3.0,3.0,prior_0.75,1
