time,case_id,employee,selected,material_known,social_d,social_e,pending_d,pending_e,recent_d,recent_e,success_d,success_e,failure_d,failure_e,p_d,p_e,cost_d,cost_e,utilities
0,0:0,0,d,False,0.0,0.0,0.0,0.0,0.0,0.0,0.0,0.0,0.0,0.0,0.6849269699863758,0.5877091393923862,0.1483707952442035,0.27587969446165017,wait:0.000000;d:0.468286
0,1:0,1,d,False,0.0,0.0,0.0,0.0,0.0,0.0,0.0,0.0,0.0,0.0,0.369650571145668,0.4360154983432703,0.11649237148500251,0.17870348057465263,wait:0.000000;d:0.216313
0,3:0,3,d,False,0.0,0.0,0.0,0.0,0.0,0.0,0.0,0.0,0.0,0.0,0.6216450067394355,0.5023413918212314,0.11447867665375151,0.3775813505449553,wait:0.000000;d:0.445204
0,5:0,5,d,False,0.0,0.0,0.0,0.0,0.0,0.0,0.0,0.0,0.0,0.0,0.46352023428589695,0.26921733187059427,0.1609773507552331,0.3021323944895209,wait:0.000000;d:0.256341
0,6:0,6,d,False,0.0,0.0,0.0,0.0,0.0,0.0,0.0,0.0,0.0,0.0,0.5656081333859837,0.5586571827756612,0.22951785411666392,0.2675680860468209,wait:0.000000;d:0.279713
0,7:0,7,d,False,0.0,0.0,0.0,0.0,0.0,0.0,0.0,0.0,0.0,0.0,0.6195015022100783,0.5941831448229777,0.2039393136927115,0.21007926007053504,wait:0.000000;d:0.353813
0,8:0,8,d,False,0.0,0.0,0.0,0.0,0.0,0.0,0.0,0.0,0.0,0.0,0.42224487806266675,0.31676733048151573,0.09743626015620943,0.3270836536953683,wait:0.000000;d:0.282721
0,10:0,10,d,False,0.0,0.0,0.0,0.0,0.0,0.0,0.0,0.0,0.0,0.0,0.5288431740927177,0.5882886561200341,0.2200923526510588,0.2973293003305126,wait:0.000000;d:0.256038
0,11:0,11,d,False,0.0,0.0,0.0,0.0,0.0,0.0,0.0,0.0,0.0,0.0,0.657146533296191,0.37812604292750296,0.11254230858288973,0.15467226241520335,wait:0.000000;d:0.479103
0,12:0,12,d,False,0.0,0.0,0.0,0.0,0.0,0.0,0.0,0.0,0.0,0.0,0.7437817987812785,0.48527716350699646,0.2378376446886984,0.3113206276857364,wait:0.000000;d:0.431807
0,15:0,15,d,False,0.0,0.0,0.0,0.0,0.0,0.0,0.0,0.0,0.0,0.0,0.5815402376273211,0.3651732285065892,0.12013139547880683,0.36885322864169034,wait:0.000000;d:0.403444
0,16:0,16,d,False,0.0,0.0,0.0,0.0,0.0,0.0,0.0,0.0,0.0,0.0,0.6713353420972463,0.35549804760622816,0.2005787070626945,0.1929285768508154,wait:0.000000;d:0.403841
0,17:0,17,d,False,0.0,0.0,0.0,0.0,0.0,0.0,0.0,0.0,0.0,0.0,0.5319935126913222,0.5734977925998279,0.253902026142052,0.30760713930070754,wait:0.000000;d:0.225065
0,19:0,19,d,False,0.0,0.0,0.0,0.0,0.0,0.0,0.0,0.0,0.0,0.0,0.7251883343647291,0.445278758799319,0.134934236822975,0.22963360758369958,wait:0.000000;d:0.517971
0,20:0,20,d,False,0.0,0.0,0.0,0.0,0.0,0.0,0.0,0.0,0.0,0.0,0.6195092762977208,0.4718195611743685,0.1422286741409436,0.34279558387592546,wait:0.000000;d:0.415531
0,21:0,21,d,False,0.0,0.0,0.0,0.0,0.0,0.0,0.0,0.0,0.0,0.0,0.5103334540765462,0.43207319627694624,0.2492249358685547,0.16274712510260736,wait:0.000000;d:0.210241
0,22:0,22,d,False,0.0,0.0,0.0,0.0,0.0,0.0,0.0,0.0,0.0,0.0,0.5249099051021684,0.48382851322678777,0.1072317536866028,0.38624423250672224,wait:0.000000;d:0.365358
0,24:0,24,d,False,0.0,0.0,0.0,0.0,0.0,0.0,0.0,0.0,0.0,0.0,0.6684423983588719,0.5335729502393609,0.26239716001572394,0.36884069536487507,wait:0.000000;d:0.339418
0,27:0,27,d,False,0.0,0.0,0.0,0.0,0.0,0.0,0.0,0.0,0.0,0.0,0.6925893067107659,0.6392206064589001,0.15779028109324086,0.3684614046068823,wait:0.000000;d:0.465765
0,30:0,30,d,False,0.0,0.0,0.0,0.0,0.0,0.0,0.0,0.0,0.0,0.0,0.6113152525564187,0.48946698833342217,0.10568988529152609,0.2968595249016314,wait:0.000000;d:0.444692
0,31:0,31,d,False,0.0,0.0,0.0,0.0,0.0,0.0,0.0,0.0,0.0,0.0,0.639231730984955,0.5962232349389468,0.15877040446700252,0.19435374724412033,wait:0.000000;d:0.416746
0,35:0,35,d,False,0.0,0.0,0.0,0.0,0.0,0.0,0.0,0.0,0.0,0.0,0.5686148129675394,0.3808624764596319,0.11359345932382238,0.17179398486241937,wait:0.000000;d:0.398344
0,37:0,37,d,False,0.0,0.0,0.0,0.0,0.0,0.0,0.0,0.0,0.0,0.0,0.6566398133866089,0.6048095714434447,0.23900283811741982,0.19726177659029454,wait:0.000000;d:0.352186
0,39:0,39,d,False,0.0,0.0,0.0,0.0,0.0,0.0,0.0,0.0,0.0,0.0,0.4294577007052264,0.45942743266519215,0.11278642516549683,0.3142410343455689,wait:0.000000;d:0.273865
0,42:0,42,d,False,0.0,0.0,0.0,0.0,0.0,0.0,0.0,0.0,0.0,0.0,0.3646625997759556,0.43924046267399164,0.20447239480110982,0.16482639385390188,wait:0.000000;d:0.123842
0,45:0,45,d,False,0.0,0.0,0.0,0.0,0.0,0.0,0.0,0.0,0.0,0.0,0.6827854347063236,0.4698376893113625,0.2439703896260991,0.1661164392776034,wait:0.000000;d:0.370758
0,46:0,46,d,False,0.0,0.0,0.0,0.0,0.0,0.0,0.0,0.0,0.0,0.0,0.46247147996441473,0.6596503611583785,0.18523664050489752,0.15567554392335484,wait:0.000000;d:0.231138
0,49:0,49,d,False,0.0,0.0,0.0,0.0,0.0,0.0,0.0,0.0,0.0,0.0,0.5412220236875722,0.6085239383184402,0.20702198292046725,0.3550969080079869,wait:0.000000;d:0.280253
0,50:0,50,d,False,0.0,0.0,0.0,0.0,0.0,0.0,0.0,0.0,0.0,0.0,0.3887471694008641,0.28772933443180404,0.2088022698026999,0.2124178474471884,wait:0.000000;d:0.141196
0,52:0,52,d,False,0.0,0.0,0.0,0.0,0.0,0.0,0.0,0.0,0.0,0.0,0.6875190938505968,0.424566771177051,0.2476619091839592,0.2339709438701195,wait:0.000000;d:0.371328
0,54:0,54,d,False,0.0,0.0,0.0,0.0,0.0,0.0,0.0,0.0,0.0,0.0,0.36049733782908744,0.5523253568294493,0.25533682668695057,0.3412197200125101,wait:0.000000;d:0.069228
0,57:0,57,d,False,0.0,0.0,0.0,0.0,0.0,0.0,0.0,0.0,0.0,0.0,0.4174812585006399,0.5332006780167822,0.11110206952865519,0.17145316688890727,wait:0.000000;d:0.264767
0,58:0,58,d,False,0.0,0.0,0.0,0.0,0.0,0.0,0.0,0.0,0.0,0.0,0.6198457129212576,0.4512439536464701,0.24863939297565013,0.20532809497258347,wait:0.000000;d:0.309423
0,59:0,59,d,False,0.0,0.0,0.0,0.0,0.0,0.0,0.0,0.0,0.0,0.0,0.7002922637422113,0.5074985384558233,0.23509445490004036,0.40267072128357945,wait:0.000000;d:0.395396
0,60:0,60,d,False,0.0,0.0,0.0,0.0,0.0,0.0,0.0,0.0,0.0,0.0,0.5845134400782842,0.6274568073919631,0.21802528225456477,0.22323942159545873,wait:0.000000;d:0.308227
0,61:0,61,d,False,0.0,0.0,0.0,0.0,0.0,0.0,0.0,0.0,0.0,0.0,0.40466418061386694,0.42786425934215844,0.2012198617440855,0.3431351479999387,wait:0.000000;d:0.163109
0,62:0,62,d,False,0.0,0.0,0.0,0.0,0.0,0.0,0.0,0.0,0.0,0.0,0.7237425411252645,0.62163411087903,0.18924605477548054,0.1589368749570172,wait:0.000000;d:0.462357
0,68:0,68,d,False,0.0,0.0,0.0,0.0,0.0,0.0,0.0,0.0,0.0,0.0,0.4856375652076465,0.39336260514379606,0.26128882804747644,0.28765577552162636,wait:0.000000;d:0.175943
0,69:0,69,d,False,0.0,0.0,0.0,0.0,0.0,0.0,0.0,0.0,0.0,0.0,0.6022842267235775,0.3907241381421482,0.12522009883263424,0.2509880233786041,wait:0.000000;d:0.417031
0,70:0,70,d,False,0.0,0.0,0.0,0.0,0.0,0.0,0.0,0.0,0.0,0.0,0.7250418326056267,0.49302427799958903,0.2066890976646894,0.2580273057930491,wait:0.000000;d:0.446084
0,71:0,71,d,False,0.0,0.0,0.0,0.0,0.0,0.0,0.0,0.0,0.0,0.0,0.6224433221045399,0.5224597273152474,0.1538948840429757,0.22998735625467048,wait:0.000000;d:0.406506
0,73:0,73,d,False,0.0,0.0,0.0,0.0,0.0,0.0,0.0,0.0,0.0,0.0,0.40420682498105226,0.36825884895626715,0.10135193454551357,0.21381812730705063,wait:0.000000;d:0.262565
0,75:0,75,d,False,0.0,0.0,0.0,0.0,0.0,0.0,0.0,0.0,0.0,0.0,0.4230941969831738,0.5146117501535823,0.14526836109731428,0.21203597939779312,wait:0.000000;d:0.235654
0,76:0,76,d,False,0.0,0.0,0.0,0.0,0.0,0.0,0.0,0.0,0.0,0.0,0.4607091825541645,0.355946265462487,0.2483673802320229,0.36773318693554713,wait:0.000000;d:0.166420
0,77:0,77,d,False,0.0,0.0,0.0,0.0,0.0,0.0,0.0,0.0,0.0,0.0,0.7057895980559208,0.5099150606963985,0.1774995824071297,0.3403705026808585,wait:0.000000;d:0.457940
0,78:0,78,d,False,0.0,0.0,0.0,0.0,0.0,0.0,0.0,0.0,0.0,0.0,0.6649527470465615,0.2708445688219129,0.19539182057908258,0.3732642554777805,wait:0.000000;d:0.403281
0,79:0,79,d,False,0.0,0.0,0.0,0.0,0.0,0.0,0.0,0.0,0.0,0.0,0.6554007144387883,0.3386993507256493,0.11701546148724276,0.22854336518025284,wait:0.000000;d:0.473058
0,82:0,82,d,False,0.0,0.0,0.0,0.0,0.0,0.0,0.0,0.0,0.0,0.0,0.7286328395366878,0.36352177295393373,0.15698912011979346,0.1520510595522537,wait:0.000000;d:0.499017
0,83:0,83,d,False,0.0,0.0,0.0,0.0,0.0,0.0,0.0,0.0,0.0,0.0,0.6992496307348407,0.3248307718207073,0.26025238770990045,0.20168454668107402,wait:0.000000;d:0.369299
0,85:0,85,d,False,0.0,0.0,0.0,0.0,0.0,0.0,0.0,0.0,0.0,0.0,0.7153815322741996,0.556425413119678,0.16364315346228214,0.22556310027741625,wait:0.000000;d:0.480432
0,88:0,88,d,False,0.0,0.0,0.0,0.0,0.0,0.0,0.0,0.0,0.0,0.0,0.7163316377708322,0.6143286754778456,0.09809896900767885,0.2526309343782891,wait:0.000000;d:0.546832
0,89:0,89,d,False,0.0,0.0,0.0,0.0,0.0,0.0,0.0,0.0,0.0,0.0,0.6654086354683044,0.32308926941883376,0.17411602439694465,0.28314038201118613,wait:0.000000;d:0.424968
0,90:0,90,d,False,0.0,0.0,0.0,0.0,0.0,0.0,0.0,0.0,0.0,0.0,0.5496088598221989,0.5230713273300622,0.13492759998526915,0.34468040679375855,wait:0.000000;d:0.359899
0,91:0,91,d,False,0.0,0.0,0.0,0.0,0.0,0.0,0.0,0.0,0.0,0.0,0.4008685735824922,0.45411787526818514,0.22139914132820376,0.16502895016143204,wait:0.000000;d:0.139513
0,92:0,92,d,False,0.0,0.0,0.0,0.0,0.0,0.0,0.0,0.0,0.0,0.0,0.5836859411228719,0.5217641296334619,0.18240288524889472,0.21479688753022783,wait:0.000000;d:0.343104
0,99:0,99,d,False,0.0,0.0,0.0,0.0,0.0,0.0,0.0,0.0,0.0,0.0,0.595919754635573,0.3031051908867153,0.2567075269935262,0.36362387727822276,wait:0.000000;d:0.279814
0,100:0,100,d,False,0.0,0.0,0.0,0.0,0.0,0.0,0.0,0.0,0.0,0.0,0.7169641560585482,0.4692832919180363,0.23232263065211484,0.18559087631515395,wait:0.000000;d:0.413178
0,101:0,101,d,False,0.0,0.0,0.0,0.0,0.0,0.0,0.0,0.0,0.0,0.0,0.6310976055605848,0.36314160703095977,0.24047447859475,0.2558610523356464,wait:0.000000;d:0.327718
0,102:0,102,d,False,0.0,0.0,0.0,0.0,0.0,0.0,0.0,0.0,0.0,0.0,0.701367219239883,0.26701134800970727,0.18771390352718884,0.3406883754000892,wait:0.000000;d:0.443744
0,103:0,103,d,False,0.0,0.0,0.0,0.0,0.0,0.0,0.0,0.0,0.0,0.0,0.48453188448400963,0.3036894266573445,0.24040021754476024,0.2514446862260086,wait:0.000000;d:0.195836
0,104:0,104,d,False,0.0,0.0,0.0,0.0,0.0,0.0,0.0,0.0,0.0,0.0,0.4805291116972771,0.3077848861998414,0.24182705034992438,0.26225319894977905,wait:0.000000;d:0.190805
0,106:0,106,d,False,0.0,0.0,0.0,0.0,0.0,0.0,0.0,0.0,0.0,0.0,0.6038869960114561,0.39577465450103894,0.16466671110779404,0.16123358388235126,wait:0.000000;d:0.379028
0,107:0,107,d,False,0.0,0.0,0.0,0.0,0.0,0.0,0.0,0.0,0.0,0.0,0.5601272085917144,0.4027578298740651,0.11188658600935725,0.20311708869163475,wait:0.000000;d:0.392410
0,108:0,108,d,False,0.0,0.0,0.0,0.0,0.0,0.0,0.0,0.0,0.0,0.0,0.712589369414454,0.5801760444086993,0.13671870609908326,0.3181198326494777,wait:0.000000;d:0.504843
0,111:0,111,d,False,0.0,0.0,0.0,0.0,0.0,0.0,0.0,0.0,0.0,0.0,0.6296869035044703,0.48249741418436287,0.11558516615917062,0.1539376686338176,wait:0.000000;d:0.451337
0,112:0,112,d,False,0.0,0.0,0.0,0.0,0.0,0.0,0.0,0.0,0.0,0.0,0.7348930726439825,0.5747899891492501,0.10878586675424282,0.1906376254280636,wait:0.000000;d:0.552856
0,113:0,113,d,False,0.0,0.0,0.0,0.0,0.0,0.0,0.0,0.0,0.0,0.0,0.36884265054638277,0.5871883438705638,0.20774743918817895,0.15152591661893103,wait:0.000000;d:0.124331
0,117:0,117,d,False,0.0,0.0,0.0,0.0,0.0,0.0,0.0,0.0,0.0,0.0,0.5762276374207189,0.31861268573099333,0.26177083556612213,0.28997807026483413,wait:0.000000;d:0.257021
0,118:0,118,d,False,0.0,0.0,0.0,0.0,0.0,0.0,0.0,0.0,0.0,0.0,0.7419538127860572,0.3257052711190269,0.22127615320016214,0.1744441787687567,wait:0.000000;d:0.446723
3,0:0,0,no_addition,False,0.625,0.0,0.625,0.0,0.625,0.0,0.0,0.0,0.0,0.0,0.6849269699863758,0.5877091393923862,0.12982444583867805,0.27587969446165017,wait:0.661369
3,1:0,1,no_addition,False,0.75,0.0,0.5,0.0,0.75,0.0,0.0,0.0,1.0,0.0,0.3326855140311012,0.4360154983432703,0.09901851576225212,0.17870348057465263,wait:0.321243
3,3:0,3,no_addition,False,0.16666666666666666,0.0,0.16666666666666666,0.0,0.16666666666666666,0.0,0.0,0.0,0.0,0.0,0.6216450067394355,0.5023413918212314,0.11066272076529313,0.3775813505449553,wait:0.000000
3,5:0,5,no_addition,False,0.5714285714285714,0.0,0.5714285714285714,0.0,0.5714285714285714,0.0,0.0,0.0,0.0,0.0,0.46352023428589695,0.26921733187059427,0.1425799392403493,0.3021323944895209,wait:0.000000
3,6:0,6,no_addition,False,0.5,0.0,0.0,0.0,0.5,0.0,0.0,0.0,1.0,0.0,0.5090473200473854,0.5586571827756612,0.20656606870499752,0.2675680860468209,wait:0.491539
3,7:0,7,no_addition,False,0.9,0.0,0.9,0.0,0.9,0.0,0.0,0.0,0.0,0.0,0.6195015022100783,0.5941831448229777,0.16723023722802344,0.21007926007053504,wait:0.598194
3,8:0,8,no_addition,False,0.4444444444444444,0.0,0.4444444444444444,0.0,0.4444444444444444,0.0,0.0,0.0,0.0,0.0,0.42224487806266675,0.31676733048151573,0.08877525925343525,0.3270836536953683,wait:0.000000
3,10:0,10,no_addition,False,0.4,0.0,0.4,0.0,0.4,0.0,0.0,0.0,0.0,0.0,0.5288431740927177,0.5882886561200341,0.2024849644389741,0.2973293003305126,wait:0.000000
3,11:0,11,no_addition,False,0.5,0.0,0.5,0.0,0.5,0.0,0.0,0.0,0.0,0.0,0.657146533296191,0.37812604292750296,0.10128807772460076,0.15467226241520335,wait:0.000000
3,12:0,12,no_addition,False,0.5,0.0,0.5,0.0,0.5,0.0,0.0,0.0,0.0,0.0,0.7437817987812785,0.48527716350699646,0.21405388021982855,0.3113206276857364,wait:0.718200
3,15:0,15,no_addition,False,0.8571428571428571,0.0,0.7142857142857143,0.0,0.8571428571428571,0.0,0.0,0.0,1.0,0.0,0.5233862138645891,0.3651732285065892,0.09953744196815423,0.36885322864169034,wait:0.505385
3,16:0,16,no_addition,False,0.3333333333333333,0.0,0.3333333333333333,0.0,0.3333333333333333,0.0,0.0,0.0,0.0,0.0,0.6713353420972463,0.35549804760622816,0.1872067932585149,0.1929285768508154,wait:0.000000
3,17:0,17,no_addition,False,0.25,0.0,0.25,0.0,0.25,0.0,0.0,0.0,0.0,0.0,0.5319935126913222,0.5734977925998279,0.24120692483494938,0.30760713930070754,wait:0.513696
3,19:0,19,no_addition,False,0.6666666666666666,0.0,0.6666666666666666,0.0,0.6666666666666666,0.0,0.0,0.0,0.0,0.0,0.7251883343647291,0.445278758799319,0.11694300524657834,0.22963360758369958,wait:0.700246
3,20:0,20,no_addition,False,0.16666666666666666,0.0,0.16666666666666666,0.0,0.16666666666666666,0.0,0.0,0.0,0.0,0.0,0.6195092762977208,0.4718195611743685,0.13748771833624548,0.34279558387592546,wait:0.598202
3,21:0,21,no_addition,False,0.42857142857142855,0.0,0.42857142857142855,0.0,0.42857142857142855,0.0,0.0,0.0,0.0,0.0,0.5103334540765462,0.43207319627694624,0.22786279850839286,0.16274712510260736,wait:0.492781
3,22:0,22,no_addition,False,0.8333333333333334,0.0,0.6666666666666666,0.0,0.8333333333333334,0.0,0.0,0.0,1.0,0.0,0.4724189145919515,0.48382851322678777,0.08935979473883567,0.38624423250672224,wait:0.456170
3,24:0,24,no_addition,False,0.7142857142857143,0.0,0.7142857142857143,0.0,0.7142857142857143,0.0,0.0,0.0,0.0,0.0,0.6684423983588719,0.5335729502393609,0.2249118514420491,0.36884069536487507,wait:0.645452
3,27:0,27,no_addition,False,0.6,0.0,0.6,0.0,0.6,0.0,0.0,0.0,0.0,0.0,0.6925893067107659,0.6392206064589001,0.13885544736205196,0.3684614046068823,wait:0.668768
3,30:0,30,no_addition,False,0.75,0.0,0.75,0.0,0.75,0.0,0.0,0.0,0.0,0.0,0.6113152525564187,0.48946698833342217,0.08983640249779717,0.2968595249016314,wait:0.590289
3,31:0,31,no_addition,False,0.9,0.0,0.9,0.0,0.9,0.0,0.0,0.0,0.0,0.0,0.639231730984955,0.5962232349389468,0.13019173166294207,0.19435374724412033,wait:0.617246
3,35:0,35,no_addition,False,0.8333333333333334,0.0,0.8333333333333334,0.0,0.8333333333333334,0.0,0.0,0.0,0.0,0.0,0.5686148129675394,0.3808624764596319,0.09466121610318531,0.17179398486241937,wait:0.549058
3,37:0,37,no_addition,False,0.8571428571428571,0.0,0.7142857142857143,0.0,0.8571428571428571,0.0,0.0,0.0,1.0,0.0,0.590975832047948,0.6048095714434447,0.1980309230115764,0.19726177659029454,wait:0.570649
3,39:0,39,no_addition,False,0.6363636363636364,0.0,0.6363636363636364,0.0,0.6363636363636364,0.0,0.0,0.0,0.0,0.0,0.4294577007052264,0.45942743266519215,0.09843178923534268,0.3142410343455689,wait:0.414687
3,42:0,42,no_addition,False,0.42857142857142855,0.0,0.42857142857142855,0.0,0.42857142857142855,0.0,0.0,0.0,0.0,0.0,0.3646625997759556,0.43924046267399164,0.18694618953244327,0.16482639385390188,wait:0.352120
3,45:0,45,no_addition,False,0.7142857142857143,0.0,0.7142857142857143,0.0,0.7142857142857143,0.0,0.0,0.0,0.0,0.0,0.6827854347063236,0.4698376893113625,0.20911747682237064,0.1661164392776034,wait:0.659301
3,46:0,46,no_addition,False,0.7777777777777778,0.0,0.4444444444444444,0.0,0.7777777777777778,0.0,0.0,0.0,3.0,0.0,0.3792266135708201,0.6596503611583785,0.15642205198191347,0.15567554392335484,wait:0.366183
3,49:0,49,no_addition,False,0.5714285714285714,0.0,0.5714285714285714,0.0,0.5714285714285714,0.0,0.0,0.0,0.0,0.0,0.5412220236875722,0.6085239383184402,0.1833623277295567,0.3550969080079869,wait:0.522607
3,50:0,50,no_addition,False,0.375,0.0,0.375,0.0,0.375,0.0,0.0,0.0,0.0,0.0,0.3887471694008641,0.28772933443180404,0.19314209956749742,0.2124178474471884,wait:0.375376
3,52:0,52,no_addition,False,0.625,0.0,0.625,0.0,0.625,0.0,0.0,0.0,0.0,0.0,0.6875190938505968,0.424566771177051,0.2167041705359643,0.2339709438701195,wait:0.663872
3,54:0,54,no_addition,False,0.42857142857142855,0.0,0.42857142857142855,0.0,0.42857142857142855,0.0,0.0,0.0,0.0,0.0,0.36049733782908744,0.5523253568294493,0.23345081297092624,0.3412197200125101,wait:0.348098
3,57:0,57,no_addition,False,0.5714285714285714,0.0,0.5714285714285714,0.0,0.5714285714285714,0.0,0.0,0.0,0.0,0.0,0.4174812585006399,0.5332006780167822,0.09840469015395173,0.17145316688890727,wait:0.403122
3,58:0,58,no_addition,False,0.75,0.0,0.75,0.0,0.75,0.0,0.0,0.0,0.0,0.0,0.6198457129212576,0.4512439536464701,0.21134348402930261,0.20532809497258347,wait:0.598526
3,59:0,59,no_addition,False,0.6666666666666666,0.0,0.6666666666666666,0.0,0.6666666666666666,0.0,0.0,0.0,0.0,0.0,0.7002922637422113,0.5074985384558233,0.20374852758003498,0.40267072128357945,wait:0.676206
3,60:0,60,no_addition,False,0.5,0.0,0.5,0.0,0.5,0.0,0.0,0.0,0.0,0.0,0.5845134400782842,0.6274568073919631,0.1962227540291083,0.22323942159545873,wait:0.564409
3,61:0,61,no_addition,False,0.4,0.0,0.4,0.0,0.4,0.0,0.0,0.0,0.0,0.0,0.40466418061386694,0.42786425934215844,0.18512227280455865,0.3431351479999387,wait:0.390746
3,62:0,62,no_addition,False,0.25,0.0,0.25,0.0,0.25,0.0,0.0,0.0,0.0,0.0,0.7237425411252645,0.62163411087903,0.1797837520367065,0.1589368749570172,wait:0.698850
3,68:0,68,no_addition,False,0.7142857142857143,0.0,0.7142857142857143,0.0,0.7142857142857143,0.0,0.0,0.0,0.0,0.0,0.4856375652076465,0.39336260514379606,0.22396185261212265,0.28765577552162636,wait:0.468934
3,69:0,69,no_addition,False,0.75,0.0,0.75,0.0,0.75,0.0,0.0,0.0,0.0,0.0,0.6022842267235775,0.3907241381421482,0.1064370840077391,0.2509880233786041,wait:0.581569
3,70:0,70,no_addition,False,0.42857142857142855,0.0,0.42857142857142855,0.0,0.42857142857142855,0.0,0.0,0.0,0.0,0.0,0.7250418326056267,0.49302427799958903,0.1889728892934303,0.2580273057930491,wait:0.700104
3,71:0,71,no_addition,False,0.6,0.0,0.6,0.0,0.6,0.0,0.0,0.0,0.0,0.0,0.6224433221045399,0.5224597273152474,0.1354274979578186,0.22998735625467048,wait:0.601035
3,73:0,73,no_addition,False,0.8,0.0,0.6,0.0,0.8,0.0,0.0,0.0,1.0,0.0,0.36378614248294705,0.36825884895626715,0.0851356250182314,0.21381812730705063,wait:0.351274
3,75:0,75,no_addition,False,0.6923076923076923,0.0,0.6923076923076923,0.0,0.6923076923076923,0.0,0.0,0.0,0.0,0.0,0.4230941969831738,0.5146117501535823,0.12515428032999384,0.21203597939779312,wait:0.408542
3,76:0,76,no_addition,False,0.8,0.0,0.8,0.0,0.8,0.0,0.0,0.0,0.0,0.0,0.4607091825541645,0.355946265462487,0.20862859939489922,0.36773318693554713,wait:0.444863
3,77:0,77,no_addition,False,1.0,0.0,1.0,0.0,1.0,0.0,0.0,0.0,0.0,0.0,0.7057895980559208,0.5099150606963985,0.14199966592570376,0.3403705026808585,wait:0.681514
3,78:0,78,no_addition,False,1.0,0.0,1.0,0.0,1.0,0.0,0.0,0.0,0.0,0.0,0.6649527470465615,0.2708445688219129,0.15631345646326608,0.3732642554777805,wait:0.642082
3,79:0,79,no_addition,False,0.5714285714285714,0.0,0.5714285714285714,0.0,0.5714285714285714,0.0,0.0,0.0,0.0,0.0,0.6554007144387883,0.3386993507256493,0.10364226588870072,0.22854336518025284,wait:0.632858
3,82:0,82,no_addition,False,0.75,0.0,0.75,0.0,0.75,0.0,0.0,0.0,0.0,0.0,0.7286328395366878,0.36352177295393373,0.13344075210182443,0.1520510595522537,wait:0.703572
3,83:0,83,no_addition,False,0.75,0.0,0.625,0.0,0.75,0.0,0.0,0.0,1.0,0.0,0.6293246676613566,0.3248307718207073,0.22121452955341536,0.20168454668107402,wait:0.607679
3,85:0,85,no_addition,False,0.75,0.0,0.75,0.0,0.75,0.0,0.0,0.0,0.0,0.0,0.7153815322741996,0.556425413119678,0.13909668044293982,0.22556310027741625,wait:0.690776
3,88:0,88,no_addition,False,0.75,0.0,0.6666666666666666,0.0,0.75,0.0,0.0,0.0,1.0,0.0,0.644698473993749,0.6143286754778456,0.08338412365652702,0.2526309343782891,wait:0.622524
3,89:0,89,no_addition,False,0.5,0.0,0.3333333333333333,0.0,0.5,0.0,0.0,0.0,1.0,0.0,0.5988677719214739,0.32308926941883376,0.15670442195725018,0.28314038201118613,wait:0.578270
3,90:0,90,no_addition,False,0.36363636363636365,0.0,0.36363636363636365,0.0,0.36363636363636365,0.0,0.0,0.0,0.0,0.0,0.5496088598221989,0.5230713273300622,0.12511468362270411,0.34468040679375855,wait:0.530705
3,91:0,91,no_addition,False,0.625,0.0,0.5,0.0,0.625,0.0,0.0,0.0,1.0,0.0,0.36078171622424304,0.45411787526818514,0.1937242486621783,0.16502895016143204,wait:0.348373
3,92:0,92,no_addition,False,0.8,0.0,0.8,0.0,0.8,0.0,0.0,0.0,0.0,0.0,0.5836859411228719,0.5217641296334619,0.15321842360907156,0.21479688753022783,wait:0.563610
3,99:0,99,no_addition,False,0.5,0.0,0.5,0.0,0.5,0.0,0.0,0.0,0.0,0.0,0.595919754635573,0.3031051908867153,0.2310367742941736,0.36362387727822276,wait:0.575423
3,100:0,100,no_addition,False,0.5714285714285714,0.0,0.5714285714285714,0.0,0.5714285714285714,0.0,0.0,0.0,0.0,0.0,0.7169641560585482,0.4692832919180363,0.2057714728633017,0.18559087631515395,wait:0.692304
3,101:0,101,no_addition,False,0.5555555555555556,0.0,0.4444444444444444,0.0,0.5555555555555556,0.0,0.0,0.0,1.0,0.0,0.5679878450045264,0.36314160703095977,0.2137550920842222,0.2558610523356464,wait:0.548452
3,102:0,102,no_addition,False,0.8,0.0,0.6,0.0,0.8,0.0,0.0,0.0,1.0,0.0,0.6312304973158946,0.26701134800970727,0.1576796789628386,0.3406883754000892,wait:0.609520
3,103:0,103,no_addition,False,0.8571428571428571,0.0,0.8571428571428571,0.0,0.8571428571428571,0.0,0.0,0.0,0.0,0.0,0.48453188448400963,0.3036894266573445,0.19918875167994418,0.2514446862260086,wait:0.467867
3,104:0,104,no_addition,False,0.6,0.0,0.6,0.0,0.6,0.0,0.0,0.0,0.0,0.0,0.4805291116972771,0.3077848861998414,0.21280780430793345,0.26225319894977905,wait:0.464002
3,106:0,106,no_addition,False,0.4,0.0,0.4,0.0,0.4,0.0,0.0,0.0,0.0,0.0,0.6038869960114561,0.39577465450103894,0.1514933742191705,0.16123358388235126,wait:0.583117
3,107:0,107,no_addition,False,0.6,0.0,0.6,0.0,0.6,0.0,0.0,0.0,0.0,0.0,0.5601272085917144,0.4027578298740651,0.09846019568823437,0.20311708869163475,wait:0.540862
3,108:0,108,no_addition,False,0.5833333333333334,0.0,0.5,0.0,0.5833333333333334,0.0,0.0,0.0,1.0,0.0,0.6413304324730086,0.5801760444086993,0.12076819038752355,0.3181198326494777,wait:0.619272
3,111:0,111,no_addition,False,0.6666666666666666,0.0,0.6666666666666666,0.0,0.6666666666666666,0.0,0.0,0.0,0.0,0.0,0.6296869035044703,0.48249741418436287,0.10017381067128121,0.1539376686338176,wait:0.608029
3,112:0,112,no_addition,False,0.3333333333333333,0.0,0.3333333333333333,0.0,0.3333333333333333,0.0,0.0,0.0,0.0,0.0,0.7348930726439825,0.5747899891492501,0.1015334756372933,0.1906376254280636,wait:0.709617
3,113:0,113,no_addition,False,0.5,0.0,0.5,0.0,0.5,0.0,0.0,0.0,0.0,0.0,0.36884265054638277,0.5871883438705638,0.18697269526936106,0.15152591661893103,wait:0.356156
3,117:0,117,no_addition,False,0.6,0.0,0.4,0.0,0.6,0.0,0.0,0.0,1.0,0.0,0.5186048736786469,0.31861268573099333,0.23035833529818747,0.28997807026483413,wait:0.500768
3,118:0,118,no_addition,False,0.75,0.0,0.75,0.0,0.75,0.0,0.0,0.0,0.0,0.0,0.7419538127860572,0.3257052711190269,0.1880847302201378,0.1744441787687567,wait:0.716435
4,3:0,3,no_addition,False,0.0,0.0,0.0,0.0,0.0,0.0,1.0,0.0,0.0,0.0,0.6594805060654919,0.5023413918212314,0.11447867665375151,0.3775813505449553,wait:0.000000
4,5:0,5,no_addition,False,0.5714285714285714,0.0,0.5714285714285714,0.0,0.0,0.0,0.0,0.0,0.0,0.0,0.46352023428589695,0.26921733187059427,0.1425799392403493,0.3021323944895209,wait:0.000000
4,8:0,8,no_addition,False,0.2222222222222222,0.0,0.2222222222222222,0.0,0.0,0.0,1.0,0.0,1.0,0.0,0.4339081463532667,0.31676733048151573,0.09310575970482235,0.3270836536953683,wait:0.000000
4,10:0,10,no_addition,False,0.2,0.0,0.2,0.0,0.0,0.0,1.0,0.0,0.0,0.0,0.5759588566834459,0.5882886561200341,0.21128865854501644,0.2973293003305126,wait:0.000000
4,11:0,11,no_addition,False,0.5,0.0,0.5,0.0,0.0,0.0,0.0,0.0,0.0,0.0,0.657146533296191,0.37812604292750296,0.10128807772460076,0.15467226241520335,wait:0.000000
4,16:0,16,no_addition,False,0.3333333333333333,0.0,0.3333333333333333,0.0,0.0,0.0,0.0,0.0,0.0,0.0,0.6713353420972463,0.35549804760622816,0.1872067932585149,0.1929285768508154,wait:0.000000
4,17:0,17,no_addition,False,0.25,0.0,0.25,0.0,0.0,0.0,0.0,0.0,0.0,0.0,0.5319935126913222,0.5734977925998279,0.24120692483494938,0.30760713930070754,wait:0.455607
4,19:0,19,no_addition,False,0.3333333333333333,0.0,0.3333333333333333,0.0,0.0,0.0,1.0,0.0,0.0,0.0,0.7526695009282561,0.445278758799319,0.12593862103477668,0.22963360758369958,wait:0.000000
4,20:0,20,no_addition,False,0.16666666666666666,0.0,0.16666666666666666,0.0,0.0,0.0,0.0,0.0,0.0,0.0,0.6195092762977208,0.4718195611743685,0.13748771833624548,0.34279558387592546,wait:0.000000
4,21:0,21,no_addition,False,0.14285714285714285,0.0,0.14285714285714285,0.0,0.0,0.0,1.0,0.0,1.0,0.0,0.5087834359650643,0.43207319627694624,0.24210422341516744,0.16274712510260736,wait:0.435730
4,22:0,22,no_addition,False,0.6666666666666666,0.0,0.6666666666666666,0.0,0.0,0.0,0.0,0.0,1.0,0.0,0.4724189145919515,0.48382851322678777,0.0929341865283891,0.38624423250672224,wait:0.404587
4,24:0,24,no_addition,False,0.42857142857142855,0.0,0.42857142857142855,0.0,0.0,0.0,1.0,0.0,1.0,0.0,0.643176038605041,0.5335729502393609,0.23990597487151902,0.36884069536487507,wait:0.550826
4,27:0,27,no_addition,False,0.6,0.0,0.6,0.0,0.0,0.0,0.0,0.0,0.0,0.0,0.6925893067107659,0.6392206064589001,0.13885544736205196,0.3684614046068823,wait:0.000000
4,30:0,30,no_addition,False,0.5833333333333334,0.0,0.5833333333333334,0.0,0.0,0.0,0.0,0.0,2.0,0.0,0.519617964672956,0.48946698833342217,0.09335939867418137,0.2968595249016314,wait:0.000000
4,31:0,31,no_addition,False,0.7,0.0,0.7,0.0,0.0,0.0,2.0,0.0,0.0,0.0,0.6933469713372117,0.5962232349389468,0.13654254784162217,0.19435374724412033,wait:0.593793
4,35:0,35,no_addition,False,0.8333333333333334,0.0,0.8333333333333334,0.0,0.0,0.0,0.0,0.0,0.0,0.0,0.5686148129675394,0.3808624764596319,0.09466121610318531,0.17179398486241937,wait:0.000000
4,37:0,37,no_addition,False,0.5714285714285714,0.0,0.5714285714285714,0.0,0.0,0.0,0.0,0.0,2.0,0.0,0.5581438413786176,0.6048095714434447,0.21168822804685755,0.19726177659029454,wait:0.000000
4,39:0,39,no_addition,False,0.5454545454545454,0.0,0.5454545454545454,0.0,0.0,0.0,0.0,0.0,1.0,0.0,0.38651193063470374,0.45942743266519215,0.100482451511079,0.3142410343455689,wait:0.000000
4,42:0,42,no_addition,False,0.2857142857142857,0.0,0.2857142857142857,0.0,0.0,0.0,0.0,0.0,1.0,0.0,0.32819633979836005,0.43924046267399164,0.1927882579553321,0.16482639385390188,wait:0.281072
4,45:0,45,no_addition,False,0.42857142857142855,0.0,0.42857142857142855,0.0,0.0,0.0,1.0,0.0,1.0,0.0,0.655367619500375,0.4698376893113625,0.22305864194386202,0.1661164392776034,wait:0.561267
4,46:0,46,no_addition,False,0.3333333333333333,0.0,0.3333333333333333,0.0,0.0,0.0,1.0,0.0,3.0,0.0,0.4199771839715318,0.6596503611583785,0.17288753113790437,0.15567554392335484,wait:0.359675
4,49:0,49,no_addition,False,0.5714285714285714,0.0,0.5714285714285714,0.0,0.0,0.0,0.0,0.0,0.0,0.0,0.5412220236875722,0.6085239383184402,0.1833623277295567,0.3550969080079869,wait:0.463511
4,50:0,50,no_addition,False,0.375,0.0,0.375,0.0,0.0,0.0,0.0,0.0,0.0,0.0,0.3887471694008641,0.28772933443180404,0.19314209956749742,0.2124178474471884,wait:0.332929
4,52:0,52,no_addition,False,0.5,0.0,0.5,0.0,0.0,0.0,1.0,0.0,0.0,0.0,0.7187671844655371,0.424566771177051,0.2228957182655633,0.2339709438701195,wait:0.615563
4,54:0,54,no_addition,False,0.42857142857142855,0.0,0.42857142857142855,0.0,0.0,0.0,0.0,0.0,0.0,0.0,0.36049733782908744,0.5523253568294493,0.23345081297092624,0.3412197200125101,wait:0.308735
4,57:0,57,no_addition,False,0.2857142857142857,0.0,0.2857142857142857,0.0,0.0,0.0,0.0,0.0,2.0,0.0,0.35485906972554393,0.5332006780167822,0.10475337984130347,0.17145316688890727,wait:0.303907
4,58:0,58,no_addition,False,0.25,0.0,0.25,0.0,0.0,0.0,1.0,0.0,1.0,0.0,0.6018688559830689,0.4512439536464701,0.23620742332686762,0.20532809497258347,wait:0.515450
4,59:0,59,no_addition,False,0.5,0.0,0.5,0.0,0.0,0.0,0.0,0.0,1.0,0.0,0.6302630373679902,0.5074985384558233,0.21158500941003633,0.40267072128357945,wait:0.539767
4,60:0,60,no_addition,False,0.5,0.0,0.5,0.0,0.0,0.0,0.0,0.0,0.0,0.0,0.5845134400782842,0.6274568073919631,0.1962227540291083,0.22323942159545873,wait:0.500586
4,61:0,61,no_addition,False,0.2,0.0,0.2,0.0,0.0,0.0,0.0,0.0,1.0,0.0,0.36419776255248026,0.42786425934215844,0.19317106727432207,0.3431351479999387,wait:0.311904
4,62:0,62,no_addition,False,0.25,0.0,0.25,0.0,0.0,0.0,0.0,0.0,0.0,0.0,0.7237425411252645,0.62163411087903,0.1797837520367065,0.1589368749570172,wait:0.619824
4,68:0,68,no_addition,False,0.5714285714285714,0.0,0.5714285714285714,0.0,0.0,0.0,0.0,0.0,1.0,0.0,0.43707380868688184,0.39336260514379606,0.2314272476991934,0.28765577552162636,wait:0.374317
4,69:0,69,no_addition,False,0.75,0.0,0.75,0.0,0.0,0.0,0.0,0.0,0.0,0.0,0.6022842267235775,0.3907241381421482,0.1064370840077391,0.2509880233786041,wait:0.515805
4,70:0,70,no_addition,False,0.42857142857142855,0.0,0.42857142857142855,0.0,0.0,0.0,0.0,0.0,0.0,0.0,0.7250418326056267,0.49302427799958903,0.1889728892934303,0.2580273057930491,wait:0.620937
4,71:0,71,no_addition,False,0.4,0.0,0.4,0.0,0.0,0.0,0.0,0.0,1.0,0.0,0.5601989898940859,0.5224597273152474,0.14158329331953762,0.22998735625467048,wait:0.479763
4,73:0,73,no_addition,False,0.4,0.0,0.4,0.0,0.0,0.0,1.0,0.0,1.0,0.0,0.41857580123389443,0.36825884895626715,0.09324377978187248,0.21381812730705063,wait:0.358475
4,75:0,75,no_addition,False,0.38461538461538464,0.0,0.38461538461538464,0.0,0.0,0.0,2.0,0.0,2.0,0.0,0.43847535758653905,0.5146117501535823,0.13409387178213628,0.21203597939779312,wait:0.375517
4,76:0,76,no_addition,False,0.8,0.0,0.8,0.0,0.0,0.0,0.0,0.0,0.0,0.0,0.4607091825541645,0.355946265462487,0.20862859939489922,0.36773318693554713,wait:0.394558
4,77:0,77,no_addition,False,0.75,0.0,0.75,0.0,0.0,0.0,1.0,0.0,0.0,0.0,0.7352106382503287,0.5099150606963985,0.15087464504606024,0.3403705026808585,wait:0.629646
4,78:0,78,no_addition,False,0.0,0.0,0.0,0.0,0.0,0.0,0.0,0.0,2.0,0.0,0.5652098349895773,0.2708445688219129,0.19539182057908258,0.3732642554777805,wait:0.484054
4,79:0,79,no_addition,False,0.5714285714285714,0.0,0.5714285714285714,0.0,0.0,0.0,0.0,0.0,0.0,0.0,0.6554007144387883,0.3386993507256493,0.10364226588870072,0.22854336518025284,wait:0.561295
4,82:0,82,no_addition,False,0.5,0.0,0.5,0.0,0.0,0.0,2.0,0.0,0.0,0.0,0.7693379136061846,0.36352177295393373,0.14129020810781412,0.1520510595522537,wait:0.658873
4,83:0,83,no_addition,False,0.625,0.0,0.625,0.0,0.0,0.0,0.0,0.0,1.0,0.0,0.6293246676613566,0.3248307718207073,0.22772083924616288,0.20168454668107402,wait:0.538963
4,85:0,85,no_addition,False,0.75,0.0,0.75,0.0,0.0,0.0,0.0,0.0,0.0,0.0,0.7153815322741996,0.556425413119678,0.13909668044293982,0.22556310027741625,wait:0.612664
4,88:0,88,no_addition,False,0.5,0.0,0.5,0.0,0.0,0.0,0.0,0.0,3.0,0.0,0.5873919429720824,0.6143286754778456,0.08828907210691096,0.2526309343782891,wait:0.503051
4,89:0,89,no_addition,False,0.3333333333333333,0.0,0.3333333333333333,0.0,0.0,0.0,0.0,0.0,1.0,0.0,0.5988677719214739,0.32308926941883376,0.16250828943714835,0.28314038201118613,wait:0.512879
4,90:0,90,no_addition,False,0.2727272727272727,0.0,0.2727272727272727,0.0,0.0,0.0,0.0,0.0,1.0,0.0,0.49464797383997894,0.5230713273300622,0.1275679127133454,0.34468040679375855,wait:0.423624
4,91:0,91,no_addition,False,0.25,0.0,0.25,0.0,0.0,0.0,1.0,0.0,2.0,0.0,0.3887122303376436,0.45411787526818514,0.21032918426179356,0.16502895016143204,wait:0.332899
4,92:0,92,no_addition,False,0.6,0.0,0.6,0.0,0.0,0.0,1.0,0.0,0.0,0.0,0.6253173470105847,0.5217641296334619,0.16051453901902735,0.21479688753022783,wait:0.535531
4,99:0,99,no_addition,False,0.3333333333333333,0.0,0.3333333333333333,0.0,0.0,0.0,1.0,0.0,0.0,0.0,0.6363277791720157,0.3031051908867153,0.23959369186062449,0.36362387727822276,wait:0.544961
4,100:0,100,no_addition,False,0.2857142857142857,0.0,0.2857142857142857,0.0,0.0,0.0,2.0,0.0,0.0,0.0,0.7594195326497659,0.4692832919180363,0.21904705175770828,0.18559087631515395,wait:0.650378
4,101:0,101,no_addition,False,0.4444444444444444,0.0,0.4444444444444444,0.0,0.0,0.0,0.0,0.0,1.0,0.0,0.5679878450045264,0.36314160703095977,0.21909896938632775,0.2558610523356464,wait:0.486433
4,102:0,102,no_addition,False,0.4,0.0,0.4,0.0,0.0,0.0,1.0,0.0,1.0,0.0,0.6711621363539005,0.26701134800970727,0.17269679124501372,0.3406883754000892,wait:0.574793
4,103:0,103,no_addition,False,0.5714285714285714,0.0,0.5714285714285714,0.0,0.0,0.0,0.0,0.0,2.0,0.0,0.4118521018114082,0.3036894266573445,0.2129259069682162,0.2514446862260086,wait:0.352716
4,104:0,104,no_addition,False,0.6,0.0,0.6,0.0,0.0,0.0,0.0,0.0,0.0,0.0,0.4805291116972771,0.3077848861998414,0.21280780430793345,0.26225319894977905,wait:0.411532
4,106:0,106,no_addition,False,0.4,0.0,0.4,0.0,0.0,0.0,0.0,0.0,0.0,0.0,0.6038869960114561,0.39577465450103894,0.1514933742191705,0.16123358388235126,wait:0.517178
4,107:0,107,no_addition,False,0.3,0.0,0.3,0.0,0.0,0.0,1.0,0.0,2.0,0.0,0.5193043110452058,0.4027578298740651,0.1051733908487958,0.20311708869163475,wait:0.444740
4,108:0,108,no_addition,False,0.3333333333333333,0.0,0.3333333333333333,0.0,0.0,0.0,0.0,0.0,3.0,0.0,0.5843232829198522,0.5801760444086993,0.12760412569247773,0.3181198326494777,wait:0.500423
4,111:0,111,no_addition,False,0.3333333333333333,0.0,0.3333333333333333,0.0,0.0,0.0,1.0,0.0,1.0,0.0,0.6102338679787997,0.48249741418436287,0.10787948841522592,0.1539376686338176,wait:0.522614
4,112:0,112,no_addition,False,0.3333333333333333,0.0,0.3333333333333333,0.0,0.0,0.0,0.0,0.0,0.0,0.0,0.7348930726439825,0.5747899891492501,0.1015334756372933,0.1906376254280636,wait:0.629374
4,113:0,113,no_addition,False,0.5,0.0,0.5,0.0,0.0,0.0,0.0,0.0,0.0,0.0,0.36884265054638277,0.5871883438705638,0.18697269526936106,0.15152591661893103,wait:0.315882
4,117:0,117,no_addition,False,0.4,0.0,0.4,0.0,0.0,0.0,0.0,0.0,1.0,0.0,0.5186048736786469,0.31861268573099333,0.24082916872083235,0.28997807026483413,wait:0.444141
4,118:0,118,no_addition,False,0.5,0.0,0.5,0.0,0.0,0.0,1.0,0.0,1.0,0.0,0.7056607408681486,0.3257052711190269,0.19914853788014594,0.1744441787687567,wait:0.604339
5,3:0,3,no_addition,False,0.0,0.0,0.0,0.0,0.0,0.0,1.0,0.0,0.0,0.0,0.6594805060654919,0.5023413918212314,0.11447867665375151,0.3775813505449553,wait:0.000000
5,5:0,5,no_addition,False,0.42857142857142855,0.0,0.42857142857142855,0.0,0.0,0.0,0.0,0.0,1.0,0.0,0.41716821085730726,0.26921733187059427,0.14717929211907024,0.3021323944895209,wait:0.000000
5,8:0,8,no_addition,False,0.2222222222222222,0.0,0.2222222222222222,0.0,0.0,0.0,1.0,0.0,1.0,0.0,0.4339081463532667,0.31676733048151573,0.09310575970482235,0.3270836536953683,wait:0.000000
5,10:0,10,no_addition,False,0.0,0.0,0.0,0.0,0.0,0.0,1.0,0.0,1.0,0.0,0.5245166979788101,0.5882886561200341,0.2200923526510588,0.2973293003305126,wait:0.000000
5,11:0,11,no_addition,False,0.3333333333333333,0.0,0.3333333333333333,0.0,0.0,0.0,0.0,0.0,1.0,0.0,0.5914318799665719,0.37812604292750296,0.10503948801069708,0.15467226241520335,wait:0.000000
5,16:0,16,no_addition,False,0.2222222222222222,0.0,0.2222222222222222,0.0,0.0,0.0,1.0,0.0,0.0,0.0,0.7042018078875216,0.35549804760622816,0.1916640978599081,0.1929285768508154,wait:0.000000
5,19:0,19,no_addition,False,0.3333333333333333,0.0,0.3333333333333333,0.0,0.0,0.0,1.0,0.0,0.0,0.0,0.7526695009282561,0.445278758799319,0.12593862103477668,0.22963360758369958,wait:0.000000
5,20:0,20,no_addition,False,0.16666666666666666,0.0,0.16666666666666666,0.0,0.0,0.0,0.0,0.0,0.0,0.0,0.6195092762977208,0.4718195611743685,0.13748771833624548,0.34279558387592546,wait:0.000000
5,27:0,27,no_addition,False,0.6,0.0,0.6,0.0,0.0,0.0,0.0,0.0,0.0,0.0,0.6925893067107659,0.6392206064589001,0.13885544736205196,0.3684614046068823,wait:0.000000
5,30:0,30,no_addition,False,0.3333333333333333,0.0,0.3333333333333333,0.0,0.0,0.0,2.0,0.0,3.0,0.0,0.5660334127229004,0.48946698833342217,0.0986438929387577,0.2968595249016314,wait:0.000000
5,31:0,31,no_addition,False,0.5,0.0,0.5,0.0,0.0,0.0,3.0,0.0,1.0,0.0,0.6613853847879639,0.5962232349389468,0.14289336402030228,0.19435374724412033,wait:0.000000
5,35:0,35,no_addition,False,0.6666666666666666,0.0,0.6666666666666666,0.0,0.0,0.0,0.0,0.0,1.0,0.0,0.5117533316707854,0.3808624764596319,0.09844766474731273,0.17179398486241937,wait:0.000000
5,37:0,37,no_addition,False,0.5714285714285714,0.0,0.5714285714285714,0.0,0.0,0.0,0.0,0.0,2.0,0.0,0.5581438413786176,0.6048095714434447,0.21168822804685755,0.19726177659029454,wait:0.000000
5,39:0,39,no_addition,False,0.5454545454545454,0.0,0.5454545454545454,0.0,0.0,0.0,0.0,0.0,1.0,0.0,0.38651193063470374,0.45942743266519215,0.100482451511079,0.3142410343455689,wait:0.000000
5,42:0,42,no_addition,False,0.2857142857142857,0.0,0.2857142857142857,0.0,0.0,0.0,0.0,0.0,1.0,0.0,0.32819633979836005,0.43924046267399164,0.1927882579553321,0.16482639385390188,wait:0.000000
5,45:0,45,no_addition,False,0.2857142857142857,0.0,0.2857142857142857,0.0,0.0,0.0,1.0,0.0,2.0,0.0,0.6198840564591853,0.4698376893113625,0.23002922450460772,0.1661164392776034,wait:0.470847
5,46:0,46,no_addition,False,0.3333333333333333,0.0,0.3333333333333333,0.0,0.0,0.0,1.0,0.0,3.0,0.0,0.4199771839715318,0.6596503611583785,0.17288753113790437,0.15567554392335484,wait:0.000000
5,49:0,49,no_addition,False,0.42857142857142855,0.0,0.42857142857142855,0.0,0.0,0.0,0.0,0.0,1.0,0.0,0.48709982131881496,0.6085239383184402,0.18927724152728434,0.3550969080079869,wait:0.000000
5,50:0,50,no_addition,False,0.25,0.0,0.25,0.0,0.0,0.0,0.0,0.0,1.0,0.0,0.3498724524607777,0.28772933443180404,0.19836215631256487,0.2124178474471884,wait:0.265753
5,52:0,52,no_addition,False,0.5,0.0,0.5,0.0,0.0,0.0,1.0,0.0,0.0,0.0,0.7187671844655371,0.424566771177051,0.2228957182655633,0.2339709438701195,wait:0.000000
5,54:0,54,no_addition,False,0.42857142857142855,0.0,0.42857142857142855,0.0,0.0,0.0,0.0,0.0,0.0,0.0,0.36049733782908744,0.5523253568294493,0.23345081297092624,0.3412197200125101,wait:0.000000
5,57:0,57,no_addition,False,0.14285714285714285,0.0,0.14285714285714285,0.0,0.0,0.0,1.0,0.0,2.0,0.0,0.4023346319705247,0.5332006780167822,0.10792772468497933,0.17145316688890727,wait:0.305602
5,58:0,58,no_addition,False,0.25,0.0,0.25,0.0,0.0,0.0,1.0,0.0,1.0,0.0,0.6018688559830689,0.4512439536464701,0.23620742332686762,0.20532809497258347,wait:0.000000
5,59:0,59,no_addition,False,0.5,0.0,0.5,0.0,0.0,0.0,0.0,0.0,1.0,0.0,0.6302630373679902,0.5074985384558233,0.21158500941003633,0.40267072128357945,wait:0.478730
5,60:0,60,no_addition,False,0.5,0.0,0.5,0.0,0.0,0.0,0.0,0.0,0.0,0.0,0.5845134400782842,0.6274568073919631,0.1962227540291083,0.22323942159545873,wait:0.443980
5,61:0,61,no_addition,False,0.2,0.0,0.2,0.0,0.0,0.0,0.0,0.0,1.0,0.0,0.36419776255248026,0.42786425934215844,0.19317106727432207,0.3431351479999387,wait:0.276634
5,62:0,62,no_addition,False,0.25,0.0,0.25,0.0,0.0,0.0,0.0,0.0,0.0,0.0,0.7237425411252645,0.62163411087903,0.1797837520367065,0.1589368749570172,wait:0.549735
5,68:0,68,no_addition,False,0.5714285714285714,0.0,0.5714285714285714,0.0,0.0,0.0,0.0,0.0,1.0,0.0,0.43707380868688184,0.39336260514379606,0.2314272476991934,0.28765577552162636,wait:0.331989
5,69:0,69,no_addition,False,0.25,0.0,0.25,0.0,0.0,0.0,2.0,0.0,0.0,0.0,0.6619415927150408,0.3907241381421482,0.11895909389100252,0.2509880233786041,wait:0.502792
5,70:0,70,no_addition,False,0.42857142857142855,0.0,0.42857142857142855,0.0,0.0,0.0,0.0,0.0,0.0,0.0,0.7250418326056267,0.49302427799958903,0.1889728892934303,0.2580273057930491,wait:0.550722
5,71:0,71,no_addition,False,0.2,0.0,0.2,0.0,0.0,0.0,0.0,0.0,2.0,0.0,0.5290768237888589,0.5224597273152474,0.14773908868125665,0.22998735625467048,wait:0.401872
5,73:0,73,no_addition,False,0.4,0.0,0.4,0.0,0.0,0.0,1.0,0.0,1.0,0.0,0.41857580123389443,0.36825884895626715,0.09324377978187248,0.21381812730705063,wait:0.317939
5,75:0,75,no_addition,False,0.3076923076923077,0.0,0.3076923076923077,0.0,0.0,0.0,2.0,0.0,3.0,0.0,0.4181454404867794,0.5146117501535823,0.13632876964517185,0.21203597939779312,wait:0.317612
5,76:0,76,no_addition,False,0.2,0.0,0.2,0.0,0.0,0.0,1.0,0.0,2.0,0.0,0.43778152969441486,0.355946265462487,0.23843268502274198,0.36773318693554713,wait:0.332527
5,77:0,77,no_addition,False,0.5,0.0,0.5,0.0,0.0,0.0,1.0,0.0,1.0,0.0,0.6749211583475326,0.5099150606963985,0.15974962416641675,0.3403705026808585,wait:0.512651
5,78:0,78,no_addition,False,0.0,0.0,0.0,0.0,0.0,0.0,0.0,0.0,2.0,0.0,0.5652098349895773,0.2708445688219129,0.19539182057908258,0.3732642554777805,wait:0.429318
5,79:0,79,no_addition,False,0.2857142857142857,0.0,0.2857142857142857,0.0,0.0,0.0,1.0,0.0,1.0,0.0,0.6320906072729701,0.3386993507256493,0.11032886368797175,0.22854336518025284,wait:0.480118
5,82:0,82,no_addition,False,0.375,0.0,0.375,0.0,0.0,0.0,2.0,0.0,1.0,0.0,0.717478928420084,0.36352177295393373,0.14521493611080896,0.1520510595522537,wait:0.544977
5,83:0,83,no_addition,False,0.375,0.0,0.375,0.0,0.0,0.0,1.0,0.0,2.0,0.0,0.6333846972025694,0.3248307718207073,0.24073345863165793,0.20168454668107402,wait:0.481101
5,85:0,85,no_addition,False,0.5,0.0,0.5,0.0,0.0,0.0,1.0,0.0,0.0,0.0,0.7438433790467797,0.556425413119678,0.14727883811605394,0.22556310027741625,wait:0.565003
5,88:0,88,no_addition,False,0.5,0.0,0.5,0.0,0.0,0.0,0.0,0.0,3.0,0.0,0.5873919429720824,0.6143286754778456,0.08828907210691096,0.2526309343782891,wait:0.446167
5,89:0,89,no_addition,False,0.3333333333333333,0.0,0.3333333333333333,0.0,0.0,0.0,0.0,0.0,1.0,0.0,0.5988677719214739,0.32308926941883376,0.16250828943714835,0.28314038201118613,wait:0.454883
5,90:0,90,no_addition,False,0.09090909090909091,0.0,0.09090909090909091,0.0,0.0,0.0,0.0,0.0,3.0,0.0,0.4506792650542031,0.5230713273300622,0.1324743708946279,0.34468040679375855,wait:0.342323
5,91:0,91,no_addition,False,0.25,0.0,0.25,0.0,0.0,0.0,1.0,0.0,2.0,0.0,0.3887122303376436,0.45411787526818514,0.21032918426179356,0.16502895016143204,wait:0.295255
5,92:0,92,no_addition,False,0.4,0.0,0.4,0.0,0.0,0.0,2.0,0.0,0.0,0.0,0.6461330499544411,0.5217641296334619,0.16781065442898313,0.21479688753022783,wait:0.490785
5,99:0,99,no_addition,False,0.16666666666666666,0.0,0.16666666666666666,0.0,0.0,0.0,1.0,0.0,1.0,0.0,0.581531791440237,0.3031051908867153,0.24815060942707534,0.36362387727822276,wait:0.441715
5,100:0,100,no_addition,False,0.2857142857142857,0.0,0.2857142857142857,0.0,0.0,0.0,2.0,0.0,0.0,0.0,0.7594195326497659,0.4692832919180363,0.21904705175770828,0.18559087631515395,wait:0.576834
5,101:0,101,no_addition,False,0.4444444444444444,0.0,0.4444444444444444,0.0,0.0,0.0,0.0,0.0,1.0,0.0,0.5679878450045264,0.36314160703095977,0.21909896938632775,0.2558610523356464,wait:0.431428
5,102:0,102,no_addition,False,0.4,0.0,0.4,0.0,0.0,0.0,1.0,0.0,1.0,0.0,0.6711621363539005,0.26701134800970727,0.17269679124501372,0.3406883754000892,wait:0.509796
5,103:0,103,no_addition,False,0.5714285714285714,0.0,0.5714285714285714,0.0,0.0,0.0,0.0,0.0,2.0,0.0,0.4118521018114082,0.3036894266573445,0.2129259069682162,0.2514446862260086,wait:0.312831
5,104:0,104,no_addition,False,0.4,0.0,0.4,0.0,0.0,0.0,0.0,0.0,1.0,0.0,0.43247620052754937,0.3077848861998414,0.22248088632193042,0.26225319894977905,wait:0.328497
5,106:0,106,no_addition,False,0.4,0.0,0.4,0.0,0.0,0.0,0.0,0.0,0.0,0.0,0.6038869960114561,0.39577465450103894,0.1514933742191705,0.16123358388235126,wait:0.458696
5,107:0,107,no_addition,False,0.1,0.0,0.1,0.0,0.0,0.0,1.0,0.0,4.0,0.0,0.4829570924649184,0.4027578298740651,0.1096488542891701,0.20311708869163475,wait:0.366841
5,108:0,108,no_addition,False,0.25,0.0,0.25,0.0,0.0,0.0,0.0,0.0,4.0,0.0,0.5700714955315632,0.5801760444086993,0.1298827707941291,0.3181198326494777,wait:0.433010
5,111:0,111,no_addition,False,0.3333333333333333,0.0,0.3333333333333333,0.0,0.0,0.0,1.0,0.0,1.0,0.0,0.6102338679787997,0.48249741418436287,0.10787948841522592,0.1539376686338176,wait:0.463517
5,112:0,112,no_addition,False,0.3333333333333333,0.0,0.3333333333333333,0.0,0.0,0.0,0.0,0.0,0.0,0.0,0.7348930726439825,0.5747899891492501,0.1015334756372933,0.1906376254280636,wait:0.558204
5,113:0,113,no_addition,False,0.0,0.0,0.0,0.0,0.0,0.0,0.0,0.0,2.0,0.0,0.3135162529644253,0.5871883438705638,0.20774743918817895,0.15152591661893103,wait:0.238138
5,117:0,117,no_addition,False,0.4,0.0,0.4,0.0,0.0,0.0,0.0,0.0,1.0,0.0,0.5186048736786469,0.31861268573099333,0.24082916872083235,0.28997807026483413,wait:0.393918
5,118:0,118,no_addition,False,0.25,0.0,0.25,0.0,0.0,0.0,1.0,0.0,3.0,0.0,0.6435630502288457,0.3257052711190269,0.21021234554015403,0.1744441787687567,wait:0.488833
6,3:0,3,no_addition,False,0.0,0.0,0.0,0.0,0.0,0.0,1.0,0.0,0.0,0.0,0.6594805060654919,0.5023413918212314,0.11447867665375151,0.3775813505449553,wait:0.000000
6,5:0,5,no_addition,False,0.42857142857142855,0.0,0.42857142857142855,0.0,0.0,0.0,0.0,0.0,1.0,0.0,0.41716821085730726,0.26921733187059427,0.14717929211907024,0.3021323944895209,wait:0.000000
6,8:0,8,no_addition,False,0.2222222222222222,0.0,0.2222222222222222,0.0,0.0,0.0,1.0,0.0,1.0,0.0,0.4339081463532667,0.31676733048151573,0.09310575970482235,0.3270836536953683,wait:0.000000
6,10:0,10,no_addition,False,0.0,0.0,0.0,0.0,0.0,0.0,1.0,0.0,1.0,0.0,0.5245166979788101,0.5882886561200341,0.2200923526510588,0.2973293003305126,wait:0.000000
6,11:0,11,no_addition,False,0.16666666666666666,0.0,0.16666666666666666,0.0,0.0,0.0,0.0,0.0,2.0,0.0,0.5585745533017623,0.37812604292750296,0.1087908982967934,0.15467226241520335,wait:0.000000
6,16:0,16,no_addition,False,0.2222222222222222,0.0,0.2222222222222222,0.0,0.0,0.0,1.0,0.0,0.0,0.0,0.7042018078875216,0.35549804760622816,0.1916640978599081,0.1929285768508154,wait:0.000000
6,19:0,19,no_addition,False,0.3333333333333333,0.0,0.3333333333333333,0.0,0.0,0.0,1.0,0.0,0.0,0.0,0.7526695009282561,0.445278758799319,0.12593862103477668,0.22963360758369958,wait:0.000000
6,20:0,20,no_addition,False,0.16666666666666666,0.0,0.16666666666666666,0.0,0.0,0.0,0.0,0.0,0.0,0.0,0.6195092762977208,0.4718195611743685,0.13748771833624548,0.34279558387592546,wait:0.000000
6,27:0,27,no_addition,False,0.2,0.0,0.2,0.0,0.0,0.0,2.0,0.0,0.0,0.0,0.738700910704151,0.6392206064589001,0.15147866984951122,0.3684614046068823,wait:0.000000
6,30:0,30,no_addition,False,0.3333333333333333,0.0,0.3333333333333333,0.0,0.0,0.0,2.0,0.0,3.0,0.0,0.5660334127229004,0.48946698833342217,0.0986438929387577,0.2968595249016314,wait:0.000000
6,31:0,31,no_addition,False,0.4,0.0,0.4,0.0,0.0,0.0,3.0,0.0,2.0,0.0,0.6308249314881789,0.5962232349389468,0.1460687721096423,0.19435374724412033,wait:0.000000
6,35:0,35,no_addition,False,0.5,0.0,0.5,0.0,0.0,0.0,1.0,0.0,1.0,0.0,0.5583225910224083,0.3808624764596319,0.10223411339144015,0.17179398486241937,wait:0.000000
6,37:0,37,no_addition,False,0.5714285714285714,0.0,0.5714285714285714,0.0,0.0,0.0,0.0,0.0,1.0,0.0,0.590975832047948,0.6048095714434447,0.21168822804685755,0.19726177659029454,wait:0.000000
6,39:0,39,no_addition,False,0.36363636363636365,0.0,0.36363636363636365,0.0,0.0,0.0,2.0,0.0,1.0,0.0,0.47215531457828563,0.45942743266519215,0.1045837760625516,0.3142410343455689,wait:0.000000
6,42:0,42,no_addition,False,0.2857142857142857,0.0,0.2857142857142857,0.0,0.0,0.0,0.0,0.0,1.0,0.0,0.32819633979836005,0.43924046267399164,0.1927882579553321,0.16482639385390188,wait:0.000000
6,46:0,46,no_addition,False,0.3333333333333333,0.0,0.3333333333333333,0.0,0.0,0.0,1.0,0.0,0.0,0.0,0.5162243319679732,0.6596503611583785,0.17288753113790437,0.15567554392335484,wait:0.000000
6,49:0,49,no_addition,False,0.14285714285714285,0.0,0.14285714285714285,0.0,0.0,0.0,2.0,0.0,1.0,0.0,0.5638020594238091,0.6085239383184402,0.20110706912273962,0.3550969080079869,wait:0.000000
6,52:0,52,no_addition,False,0.375,0.0,0.375,0.0,0.0,0.0,1.0,0.0,1.0,0.0,0.6593912297730073,0.424566771177051,0.22908726599516227,0.2339709438701195,wait:0.000000
6,54:0,54,no_addition,False,0.42857142857142855,0.0,0.42857142857142855,0.0,0.0,0.0,0.0,0.0,0.0,0.0,0.36049733782908744,0.5523253568294493,0.23345081297092624,0.3412197200125101,wait:0.000000
6,58:0,58,no_addition,False,0.25,0.0,0.25,0.0,0.0,0.0,1.0,0.0,1.0,0.0,0.6018688559830689,0.4512439536464701,0.23620742332686762,0.20532809497258347,wait:0.000000
6,62:0,62,no_addition,False,0.25,0.0,0.25,0.0,0.0,0.0,0.0,0.0,0.0,0.0,0.7237425411252645,0.62163411087903,0.1797837520367065,0.1589368749570172,wait:0.000000
6,68:0,68,no_addition,False,0.2857142857142857,0.0,0.2857142857142857,0.0,0.0,0.0,2.0,0.0,1.0,0.0,0.5182228034702702,0.39336260514379606,0.24635803787333493,0.28765577552162636,wait:0.349116
6,69:0,69,no_addition,False,0.25,0.0,0.25,0.0,0.0,0.0,2.0,0.0,0.0,0.0,0.6619415927150408,0.3907241381421482,0.11895909389100252,0.2509880233786041,wait:0.000000
6,70:0,70,no_addition,False,0.14285714285714285,0.0,0.14285714285714285,0.0,0.0,0.0,1.0,0.0,1.0,0.0,0.6912855577147827,0.49302427799958903,0.2007836948742697,0.2580273057930491,wait:0.000000
6,71:0,71,no_addition,False,0.2,0.0,0.2,0.0,0.0,0.0,0.0,0.0,2.0,0.0,0.5290768237888589,0.5224597273152474,0.14773908868125665,0.22998735625467048,wait:0.356428
6,73:0,73,no_addition,False,0.4,0.0,0.4,0.0,0.0,0.0,1.0,0.0,0.0,0.0,0.46378614248294703,0.36825884895626715,0.09324377978187248,0.21381812730705063,wait:0.000000
6,75:0,75,no_addition,False,0.3076923076923077,0.0,0.3076923076923077,0.0,0.0,0.0,2.0,0.0,3.0,0.0,0.4181454404867794,0.5146117501535823,0.13632876964517185,0.21203597939779312,wait:0.281696
6,76:0,76,no_addition,False,0.2,0.0,0.2,0.0,0.0,0.0,1.0,0.0,2.0,0.0,0.43778152969441486,0.355946265462487,0.23843268502274198,0.36773318693554713,wait:0.294925
6,77:0,77,no_addition,False,0.25,0.0,0.25,0.0,0.0,0.0,1.0,0.0,2.0,0.0,0.638747470405855,0.5099150606963985,0.16862460328677323,0.3403705026808585,wait:0.430311
6,78:0,78,no_addition,False,0.0,0.0,0.0,0.0,0.0,0.0,0.0,0.0,2.0,0.0,0.5652098349895773,0.2708445688219129,0.19539182057908258,0.3732642554777805,wait:0.380771
6,79:0,79,no_addition,False,0.14285714285714285,0.0,0.14285714285714285,0.0,0.0,0.0,1.0,0.0,2.0,0.0,0.5974285858398064,0.3386993507256493,0.11367216258760725,0.22854336518025284,wait:0.000000
6,82:0,82,no_addition,False,0.25,0.0,0.25,0.0,0.0,0.0,3.0,0.0,1.0,0.0,0.7329062716293503,0.36352177295393373,0.14913966411380378,0.1520510595522537,wait:0.000000
6,83:0,83,no_addition,False,0.375,0.0,0.375,0.0,0.0,0.0,1.0,0.0,1.0,0.0,0.6693621861246146,0.3248307718207073,0.24073345863165793,0.20168454668107402,wait:0.450936
6,85:0,85,no_addition,False,0.5,0.0,0.5,0.0,0.0,0.0,1.0,0.0,0.0,0.0,0.7438433790467797,0.556425413119678,0.14727883811605394,0.22556310027741625,wait:0.501112
6,88:0,88,no_addition,False,0.3333333333333333,0.0,0.3333333333333333,0.0,0.0,0.0,0.0,0.0,4.0,0.0,0.5730653102166657,0.6143286754778456,0.09155903774050027,0.2526309343782891,wait:0.386063
6,89:0,89,no_addition,False,0.16666666666666666,0.0,0.16666666666666666,0.0,0.0,0.0,0.0,0.0,1.0,0.0,0.5988677719214739,0.32308926941883376,0.16831215691704648,0.28314038201118613,wait:0.403445
6,90:0,90,no_addition,False,0.0,0.0,0.0,0.0,0.0,0.0,1.0,0.0,3.0,0.0,0.48968708785775905,0.5230713273300622,0.13492759998526915,0.34468040679375855,wait:0.329892
6,91:0,91,no_addition,False,0.125,0.0,0.125,0.0,0.0,0.0,2.0,0.0,1.0,0.0,0.4487122303376436,0.45411787526818514,0.21586416279499868,0.16502895016143204,wait:0.302288
6,92:0,92,no_addition,False,0.2,0.0,0.2,0.0,0.0,0.0,2.0,0.0,1.0,0.0,0.598622471720755,0.5217641296334619,0.17510676983893894,0.21479688753022783,wait:0.403280
6,99:0,99,no_addition,False,0.16666666666666666,0.0,0.16666666666666666,0.0,0.0,0.0,1.0,0.0,1.0,0.0,0.581531791440237,0.3031051908867153,0.24815060942707534,0.36362387727822276,wait:0.391766
6,100:0,100,no_addition,False,0.2857142857142857,0.0,0.2857142857142857,0.0,0.0,0.0,2.0,0.0,0.0,0.0,0.7594195326497659,0.4692832919180363,0.21904705175770828,0.18559087631515395,wait:0.511606
6,101:0,101,no_addition,False,0.2222222222222222,0.0,0.2222222222222222,0.0,0.0,0.0,1.0,0.0,1.0,0.0,0.6114329647264971,0.36314160703095977,0.2297867239905389,0.2558610523356464,wait:0.411910
6,102:0,102,no_addition,False,0.4,0.0,0.4,0.0,0.0,0.0,1.0,0.0,0.0,0.0,0.7312304973158947,0.26701134800970727,0.17269679124501372,0.3406883754000892,wait:0.492615
6,103:0,103,no_addition,False,0.5714285714285714,0.0,0.5714285714285714,0.0,0.0,0.0,0.0,0.0,2.0,0.0,0.4118521018114082,0.3036894266573445,0.2129259069682162,0.2514446862260086,wait:0.277457
6,104:0,104,no_addition,False,0.2,0.0,0.2,0.0,0.0,0.0,0.0,0.0,2.0,0.0,0.4084497449426855,0.3077848861998414,0.23215396833592739,0.26225319894977905,wait:0.275164
6,106:0,106,no_addition,False,0.2,0.0,0.2,0.0,0.0,0.0,0.0,0.0,1.0,0.0,0.5434982964103104,0.39577465450103894,0.15808004266348227,0.16123358388235126,wait:0.366144
6,107:0,107,no_addition,False,0.1,0.0,0.1,0.0,0.0,0.0,1.0,0.0,4.0,0.0,0.4829570924649184,0.4027578298740651,0.1096488542891701,0.20311708869163475,wait:0.325359
6,108:0,108,no_addition,False,0.25,0.0,0.25,0.0,0.0,0.0,0.0,0.0,3.0,0.0,0.5843232829198522,0.5801760444086993,0.1298827707941291,0.3181198326494777,wait:0.393647
6,111:0,111,no_addition,False,0.3333333333333333,0.0,0.3333333333333333,0.0,0.0,0.0,1.0,0.0,1.0,0.0,0.6102338679787997,0.48249741418436287,0.10787948841522592,0.1539376686338176,wait:0.411102
6,112:0,112,no_addition,False,0.3333333333333333,0.0,0.3333333333333333,0.0,0.0,0.0,0.0,0.0,0.0,0.0,0.7348930726439825,0.5747899891492501,0.1015334756372933,0.1906376254280636,wait:0.495083
6,113:0,113,no_addition,False,0.0,0.0,0.0,0.0,0.0,0.0,0.0,0.0,2.0,0.0,0.3135162529644253,0.5871883438705638,0.20774743918817895,0.15152591661893103,wait:0.211210
6,117:0,117,no_addition,False,0.4,0.0,0.4,0.0,0.0,0.0,0.0,0.0,0.0,0.0,0.5762276374207189,0.31861268573099333,0.24082916872083235,0.28997807026483413,wait:0.388193
6,118:0,118,no_addition,False,0.125,0.0,0.125,0.0,0.0,0.0,2.0,0.0,3.0,0.0,0.6686779957604735,0.3257052711190269,0.21574424937015807,0.1744441787687567,wait:0.450475
7,3:0,3,no_addition,False,0.0,0.0,0.0,0.0,0.0,0.0,0.0,0.0,0.0,0.0,0.6216450067394355,0.5023413918212314,0.11447867665375151,0.3775813505449553,wait:0.000000
7,5:0,5,no_addition,False,0.2857142857142857,0.0,0.2857142857142857,0.0,0.0,0.0,0.0,0.0,2.0,0.0,0.39399219914301237,0.26921733187059427,0.1517786449977912,0.3021323944895209,wait:0.000000
7,8:0,8,no_addition,False,0.2222222222222222,0.0,0.2222222222222222,0.0,0.0,0.0,0.0,0.0,0.0,0.0,0.42224487806266675,0.31676733048151573,0.09310575970482235,0.3270836536953683,wait:0.000000
7,10:0,10,no_addition,False,0.0,0.0,0.0,0.0,0.0,0.0,0.0,0.0,1.0,0.0,0.47595885668344595,0.5882886561200341,0.2200923526510588,0.2973293003305126,wait:0.000000
7,11:0,11,no_addition,False,0.0,0.0,0.0,0.0,0.0,0.0,0.0,0.0,3.0,0.0,0.5388601573028766,0.37812604292750296,0.11254230858288973,0.15467226241520335,wait:0.000000
7,16:0,16,no_addition,False,0.0,0.0,0.0,0.0,0.0,0.0,1.0,0.0,2.0,0.0,0.6104949805197419,0.35549804760622816,0.2005787070626945,0.1929285768508154,wait:0.000000
7,19:0,19,no_addition,False,0.0,0.0,0.0,0.0,0.0,0.0,0.0,0.0,1.0,0.0,0.6526695009282562,0.445278758799319,0.134934236822975,0.22963360758369958,wait:0.000000
7,20:0,20,no_addition,False,0.16666666666666666,0.0,0.16666666666666666,0.0,0.0,0.0,0.0,0.0,0.0,0.0,0.6195092762977208,0.4718195611743685,0.13748771833624548,0.34279558387592546,wait:0.000000
7,27:0,27,no_addition,False,0.2,0.0,0.2,0.0,0.0,0.0,2.0,0.0,0.0,0.0,0.738700910704151,0.6392206064589001,0.15147866984951122,0.3684614046068823,wait:0.000000
7,30:0,30,no_addition,False,0.08333333333333333,0.0,0.08333333333333333,0.0,0.0,0.0,3.0,0.0,3.0,0.0,0.5862693207312245,0.48946698833342217,0.10392838720333399,0.2968595249016314,wait:0.000000
7,31:0,31,no_addition,False,0.2,0.0,0.2,0.0,0.0,0.0,2.0,0.0,3.0,0.0,0.587967788631036,0.5962232349389468,0.15241958828832242,0.19435374724412033,wait:0.000000
7,35:0,35,no_addition,False,0.3333333333333333,0.0,0.3333333333333333,0.0,0.0,0.0,2.0,0.0,1.0,0.0,0.5862641466333822,0.3808624764596319,0.10602056203556756,0.17179398486241937,wait:0.000000
7,37:0,37,no_addition,False,0.2857142857142857,0.0,0.2857142857142857,0.0,0.0,0.0,1.0,0.0,1.0,0.0,0.6331438413786176,0.6048095714434447,0.22534553308213867,0.19726177659029454,wait:0.000000
7,39:0,39,no_addition,False,0.09090909090909091,0.0,0.09090909090909091,0.0,0.0,0.0,3.0,0.0,2.0,0.0,0.46600247912553505,0.45942743266519215,0.11073576288976053,0.3142410343455689,wait:0.000000
7,42:0,42,no_addition,False,0.14285714285714285,0.0,0.14285714285714285,0.0,0.0,0.0,1.0,0.0,0.0,0.0,0.42819633979836,0.43924046267399164,0.19863032637822098,0.16482639385390188,wait:0.000000
7,46:0,46,no_addition,False,0.2222222222222222,0.0,0.2222222222222222,0.0,0.0,0.0,0.0,0.0,1.0,0.0,0.41622433196797326,0.6596503611583785,0.17700390092690207,0.15567554392335484,wait:0.000000
7,49:0,49,no_addition,False,0.0,0.0,0.0,0.0,0.0,0.0,3.0,0.0,1.0,0.0,0.5829776189500577,0.6085239383184402,0.20702198292046725,0.3550969080079869,wait:0.000000
7,52:0,52,no_addition,False,0.125,0.0,0.125,0.0,0.0,0.0,1.0,0.0,2.0,0.0,0.6237656569574894,0.424566771177051,0.2414703614543602,0.2339709438701195,wait:0.000000
7,54:0,54,no_addition,False,0.2857142857142857,0.0,0.2857142857142857,0.0,0.0,0.0,0.0,0.0,1.0,0.0,0.3244476040461787,0.5523253568294493,0.24074615087626766,0.3412197200125101,wait:0.000000
7,58:0,58,no_addition,False,0.25,0.0,0.25,0.0,0.0,0.0,0.0,0.0,0.0,0.0,0.6198457129212576,0.4512439536464701,0.23620742332686762,0.20532809497258347,wait:0.000000
7,62:0,62,no_addition,False,0.25,0.0,0.25,0.0,0.0,0.0,0.0,0.0,0.0,0.0,0.7237425411252645,0.62163411087903,0.1797837520367065,0.1589368749570172,wait:0.000000
7,69:0,69,no_addition,False,0.0,0.0,0.0,0.0,0.0,0.0,2.0,0.0,1.0,0.0,0.6138730659133336,0.3907241381421482,0.12522009883263424,0.2509880233786041,wait:0.000000
7,70:0,70,no_addition,False,0.14285714285714285,0.0,0.14285714285714285,0.0,0.0,0.0,1.0,0.0,1.0,0.0,0.6912855577147827,0.49302427799958903,0.2007836948742697,0.2580273057930491,wait:0.000000
7,73:0,73,no_addition,False,0.4,0.0,0.4,0.0,0.0,0.0,0.0,0.0,0.0,0.0,0.40420682498105226,0.36825884895626715,0.09324377978187248,0.21381812730705063,wait:0.000000
7,75:0,75,no_addition,False,0.3076923076923077,0.0,0.3076923076923077,0.0,0.0,0.0,0.0,0.0,1.0,0.0,0.3807847772848564,0.5146117501535823,0.13632876964517185,0.21203597939779312,wait:0.000000
7,79:0,79,no_addition,False,0.0,0.0,0.0,0.0,0.0,0.0,2.0,0.0,2.0,0.0,0.6243205715510307,0.3386993507256493,0.11701546148724276,0.22854336518025284,wait:0.000000
7,82:0,82,no_addition,False,0.125,0.0,0.125,0.0,0.0,0.0,1.0,0.0,2.0,0.0,0.6574789284200839,0.36352177295393373,0.15306439211679862,0.1520510595522537,wait:0.000000
7,83:0,83,no_addition,False,0.25,0.0,0.25,0.0,0.0,0.0,1.0,0.0,2.0,0.0,0.6333846972025694,0.3248307718207073,0.24723976832440542,0.20168454668107402,wait:0.000000
7,85:0,85,no_addition,False,0.25,0.0,0.25,0.0,0.0,0.0,1.0,0.0,1.0,0.0,0.6830743024330697,0.556425413119678,0.15546099578916803,0.22556310027741625,wait:0.408137
7,88:0,88,no_addition,False,0.16666666666666666,0.0,0.16666666666666666,0.0,0.0,0.0,0.0,0.0,4.0,0.0,0.5730653102166657,0.6143286754778456,0.09482900337408956,0.2526309343782891,wait:0.000000
7,89:0,89,no_addition,False,0.0,0.0,0.0,0.0,0.0,0.0,0.0,0.0,2.0,0.0,0.5655973401480587,0.32308926941883376,0.17411602439694465,0.28314038201118613,wait:0.337945
7,90:0,90,no_addition,False,0.0,0.0,0.0,0.0,0.0,0.0,1.0,0.0,2.0,0.0,0.510679265054203,0.5230713273300622,0.13492759998526915,0.34468040679375855,wait:0.000000
7,91:0,91,no_addition,False,0.0,0.0,0.0,0.0,0.0,0.0,2.0,0.0,0.0,0.0,0.4907382875451184,0.45411787526818514,0.22139914132820376,0.16502895016143204,wait:0.000000
7,92:0,92,no_addition,False,0.2,0.0,0.2,0.0,0.0,0.0,1.0,0.0,1.0,0.0,0.5711330499544411,0.5217641296334619,0.17510676983893894,0.21479688753022783,wait:0.341252
7,99:0,99,no_addition,False,0.16666666666666666,0.0,0.16666666666666666,0.0,0.0,0.0,0.0,0.0,1.0,0.0,0.5363277791720157,0.3031051908867153,0.24815060942707534,0.36362387727822276,wait:0.320456
7,100:0,100,no_addition,False,0.2857142857142857,0.0,0.2857142857142857,0.0,0.0,0.0,0.0,0.0,0.0,0.0,0.7169641560585482,0.4692832919180363,0.21904705175770828,0.18559087631515395,wait:0.428387
7,101:0,101,no_addition,False,0.0,0.0,0.0,0.0,0.0,0.0,3.0,0.0,1.0,0.0,0.6548780844484678,0.36314160703095977,0.24047447859475,0.2558610523356464,wait:0.391290
7,102:0,102,no_addition,False,0.2,0.0,0.2,0.0,0.0,0.0,0.0,0.0,1.0,0.0,0.6312304973158946,0.26701134800970727,0.18020534738610128,0.3406883754000892,wait:0.000000
7,103:0,103,no_addition,False,0.2857142857142857,0.0,0.2857142857142857,0.0,0.0,0.0,0.0,0.0,2.0,0.0,0.4118521018114082,0.3036894266573445,0.22666306225648822,0.2514446862260086,wait:0.246082
7,104:0,104,no_addition,False,0.0,0.0,0.0,0.0,0.0,0.0,1.0,0.0,2.0,0.0,0.4540338715917672,0.3077848861998414,0.24182705034992438,0.26225319894977905,wait:0.271286
7,106:0,106,no_addition,False,0.2,0.0,0.2,0.0,0.0,0.0,0.0,0.0,1.0,0.0,0.5434982964103104,0.39577465450103894,0.15808004266348227,0.16123358388235126,wait:0.324741
7,107:0,107,no_addition,False,0.1,0.0,0.1,0.0,0.0,0.0,0.0,0.0,2.0,0.0,0.47610812730295715,0.4027578298740651,0.1096488542891701,0.20311708869163475,wait:0.284475
7,108:0,108,no_addition,False,0.08333333333333333,0.0,0.08333333333333333,0.0,0.0,0.0,0.0,0.0,3.0,0.0,0.5843232829198522,0.5801760444086993,0.13444006099743186,0.3181198326494777,wait:0.349134
7,111:0,111,no_addition,False,0.0,0.0,0.0,0.0,0.0,0.0,1.0,0.0,1.0,0.0,0.6102338679787997,0.48249741418436287,0.11558516615917062,0.1539376686338176,wait:0.364615
7,112:0,112,no_addition,False,0.0,0.0,0.0,0.0,0.0,0.0,0.0,0.0,1.0,0.0,0.6614037653795843,0.5747899891492501,0.10878586675424282,0.1906376254280636,wait:0.395189
7,113:0,113,no_addition,False,0.0,0.0,0.0,0.0,0.0,0.0,0.0,0.0,2.0,0.0,0.3135162529644253,0.5871883438705638,0.20774743918817895,0.15152591661893103,wait:0.187326
7,117:0,117,no_addition,False,0.2,0.0,0.2,0.0,0.0,0.0,0.0,0.0,1.0,0.0,0.5186048736786469,0.31861268573099333,0.25130000214347725,0.28997807026483413,wait:0.309867
7,118:0,118,no_addition,False,0.125,0.0,0.125,0.0,0.0,0.0,1.0,0.0,2.0,0.0,0.6684021264845669,0.3257052711190269,0.21574424937015807,0.1744441787687567,wait:0.399371
8,3:0,3,no_addition,False,0.0,0.0,0.0,0.0,0.0,0.0,0.0,0.0,0.0,0.0,0.6216450067394355,0.5023413918212314,0.11447867665375151,0.3775813505449553,wait:0.000000
8,5:0,5,no_addition,False,0.14285714285714285,0.0,0.14285714285714285,0.0,0.0,0.0,1.0,0.0,1.0,0.0,0.4689921991430124,0.26921733187059427,0.15637799787651213,0.3021323944895209,wait:0.000000
8,8:0,8,no_addition,False,0.1111111111111111,0.0,0.1111111111111111,0.0,0.0,0.0,1.0,0.0,0.0,0.0,0.4800203902564001,0.31676733048151573,0.09527100993051589,0.3270836536953683,wait:0.000000
8,10:0,10,no_addition,False,0.0,0.0,0.0,0.0,0.0,0.0,0.0,0.0,0.0,0.0,0.5288431740927177,0.5882886561200341,0.2200923526510588,0.2973293003305126,wait:0.000000
8,11:0,11,no_addition,False,0.0,0.0,0.0,0.0,0.0,0.0,0.0,0.0,2.0,0.0,0.5585745533017623,0.37812604292750296,0.11254230858288973,0.15467226241520335,wait:0.000000
8,16:0,16,no_addition,False,0.0,0.0,0.0,0.0,0.0,0.0,0.0,0.0,2.0,0.0,0.5706350407826594,0.35549804760622816,0.2005787070626945,0.1929285768508154,wait:0.000000
8,19:0,19,no_addition,False,0.0,0.0,0.0,0.0,0.0,0.0,0.0,0.0,1.0,0.0,0.6526695009282562,0.445278758799319,0.134934236822975,0.22963360758369958,wait:0.000000
8,20:0,20,no_addition,False,0.0,0.0,0.0,0.0,0.0,0.0,0.0,0.0,1.0,0.0,0.5575583486679486,0.4718195611743685,0.1422286741409436,0.34279558387592546,wait:0.000000
8,27:0,27,no_addition,False,0.0,0.0,0.0,0.0,0.0,0.0,3.0,0.0,0.0,0.0,0.747923231502828,0.6392206064589001,0.15779028109324086,0.3684614046068823,wait:0.000000
8,30:0,30,no_addition,False,0.0,0.0,0.0,0.0,0.0,0.0,1.0,0.0,3.0,0.0,0.539052202045135,0.48946698833342217,0.10568988529152609,0.2968595249016314,wait:0.000000
8,31:0,31,no_addition,False,0.0,0.0,0.0,0.0,0.0,0.0,1.0,0.0,4.0,0.0,0.5451106457738932,0.5962232349389468,0.15877040446700252,0.19435374724412033,wait:0.000000
8,35:0,35,no_addition,False,0.16666666666666666,0.0,0.16666666666666666,0.0,0.0,0.0,2.0,0.0,1.0,0.0,0.5862641466333822,0.3808624764596319,0.10980701067969496,0.17179398486241937,wait:0.000000
8,37:0,37,no_addition,False,0.14285714285714285,0.0,0.14285714285714285,0.0,0.0,0.0,2.0,0.0,1.0,0.0,0.6584446469770193,0.6048095714434447,0.23217418559977926,0.19726177659029454,wait:0.000000
8,39:0,39,no_addition,False,0.0,0.0,0.0,0.0,0.0,0.0,3.0,0.0,3.0,0.0,0.4453297180465504,0.45942743266519215,0.11278642516549683,0.3142410343455689,wait:0.000000
8,42:0,42,no_addition,False,0.0,0.0,0.0,0.0,0.0,0.0,1.0,0.0,1.0,0.0,0.3849632098095622,0.43924046267399164,0.20447239480110982,0.16482639385390188,wait:0.000000
8,46:0,46,no_addition,False,0.0,0.0,0.0,0.0,0.0,0.0,0.0,0.0,3.0,0.0,0.3792266135708201,0.6596503611583785,0.18523664050489752,0.15567554392335484,wait:0.000000
8,49:0,49,no_addition,False,0.0,0.0,0.0,0.0,0.0,0.0,3.0,0.0,0.0,0.0,0.6238020594238092,0.6085239383184402,0.20702198292046725,0.3550969080079869,wait:0.000000
8,52:0,52,no_addition,False,0.0,0.0,0.0,0.0,0.0,0.0,2.0,0.0,2.0,0.0,0.6500152750804775,0.424566771177051,0.2476619091839592,0.2339709438701195,wait:0.000000
8,54:0,54,no_addition,False,0.14285714285714285,0.0,0.14285714285714285,0.0,0.0,0.0,0.0,0.0,2.0,0.0,0.3064227371547243,0.5523253568294493,0.24804148878160912,0.3412197200125101,wait:0.000000
8,58:0,58,no_addition,False,0.0,0.0,0.0,0.0,0.0,0.0,0.0,0.0,1.0,0.0,0.5578611416291318,0.4512439536464701,0.24863939297565013,0.20532809497258347,wait:0.000000
8,62:0,62,no_addition,False,0.0,0.0,0.0,0.0,0.0,0.0,0.0,0.0,1.0,0.0,0.6513682870127381,0.62163411087903,0.18924605477548054,0.1589368749570172,wait:0.000000
8,69:0,69,no_addition,False,0.0,0.0,0.0,0.0,0.0,0.0,0.0,0.0,1.0,0.0,0.5420558040512197,0.3907241381421482,0.12522009883263424,0.2509880233786041,wait:0.000000
8,70:0,70,no_addition,False,0.0,0.0,0.0,0.0,0.0,0.0,2.0,0.0,1.0,0.0,0.7145343027366139,0.49302427799958903,0.2066890976646894,0.2580273057930491,wait:0.000000
8,73:0,73,no_addition,False,0.0,0.0,0.0,0.0,0.0,0.0,2.0,0.0,0.0,0.0,0.49357580123389444,0.36825884895626715,0.10135193454551357,0.21381812730705063,wait:0.000000
8,75:0,75,no_addition,False,0.07692307692307693,0.0,0.07692307692307693,0.0,0.0,0.0,2.0,0.0,1.0,0.0,0.46693724152620253,0.5146117501535823,0.14303346323427868,0.21203597939779312,wait:0.000000
8,79:0,79,no_addition,False,0.0,0.0,0.0,0.0,0.0,0.0,1.0,0.0,1.0,0.0,0.6320906072729701,0.3386993507256493,0.11701546148724276,0.22854336518025284,wait:0.000000
8,82:0,82,no_addition,False,0.125,0.0,0.125,0.0,0.0,0.0,1.0,0.0,1.0,0.0,0.6943379136061847,0.36352177295393373,0.15306439211679862,0.1520510595522537,wait:0.000000
8,83:0,83,no_addition,False,0.125,0.0,0.125,0.0,0.0,0.0,1.0,0.0,1.0,0.0,0.6693621861246146,0.3248307718207073,0.25374607801715293,0.20168454668107402,wait:0.000000
8,88:0,88,no_addition,False,0.08333333333333333,0.0,0.08333333333333333,0.0,0.0,0.0,1.0,0.0,4.0,0.0,0.6056891439627967,0.6143286754778456,0.0964639861908842,0.2526309343782891,wait:0.000000
8,90:0,90,no_addition,False,0.0,0.0,0.0,0.0,0.0,0.0,1.0,0.0,0.0,0.0,0.5946479738399789,0.5230713273300622,0.13492759998526915,0.34468040679375855,wait:0.000000
8,91:0,91,no_addition,False,0.0,0.0,0.0,0.0,0.0,0.0,2.0,0.0,0.0,0.0,0.4907382875451184,0.45411787526818514,0.22139914132820376,0.16502895016143204,wait:0.000000
8,102:0,102,no_addition,False,0.2,0.0,0.2,0.0,0.0,0.0,0.0,0.0,1.0,0.0,0.6312304973158946,0.26701134800970727,0.18020534738610128,0.3406883754000892,wait:0.000000
8,104:0,104,no_addition,False,0.0,0.0,0.0,0.0,0.0,0.0,1.0,0.0,1.0,0.0,0.4834497449426855,0.3077848861998414,0.24182705034992438,0.26225319894977905,wait:0.000000
8,106:0,106,no_addition,False,0.0,0.0,0.0,0.0,0.0,0.0,0.0,0.0,2.0,0.0,0.5133039466097377,0.39577465450103894,0.16466671110779404,0.16123358388235126,wait:0.272018
8,107:0,107,no_addition,False,0.1,0.0,0.1,0.0,0.0,0.0,0.0,0.0,0.0,0.0,0.5601272085917144,0.4027578298740651,0.1096488542891701,0.20311708869163475,wait:0.000000
8,108:0,108,no_addition,False,0.0,0.0,0.0,0.0,0.0,0.0,1.0,0.0,2.0,0.0,0.6443232829198523,0.5801760444086993,0.13671870609908326,0.3181198326494777,wait:0.341450
8,111:0,111,no_addition,False,0.0,0.0,0.0,0.0,0.0,0.0,1.0,0.0,1.0,0.0,0.6102338679787997,0.48249741418436287,0.11558516615917062,0.1539376686338176,wait:0.000000
8,112:0,112,no_addition,False,0.0,0.0,0.0,0.0,0.0,0.0,0.0,0.0,1.0,0.0,0.6614037653795843,0.5747899891492501,0.10878586675424282,0.1906376254280636,wait:0.350501
8,113:0,113,no_addition,False,0.0,0.0,0.0,0.0,0.0,0.0,0.0,0.0,0.0,0.0,0.36884265054638277,0.5871883438705638,0.20774743918817895,0.15152591661893103,wait:0.000000
8,117:0,117,no_addition,False,0.0,0.0,0.0,0.0,0.0,0.0,0.0,0.0,2.0,0.0,0.489793491807611,0.31861268573099333,0.26177083556612213,0.28997807026483413,wait:0.259559
8,118:0,118,no_addition,False,0.125,0.0,0.125,0.0,0.0,0.0,1.0,0.0,0.0,0.0,0.7677584315074515,0.3257052711190269,0.21574424937015807,0.1744441787687567,wait:0.000000
9,3:0,3,no_addition,False,0.0,0.0,0.0,0.0,0.0,0.0,0.0,0.0,0.0,0.0,0.6216450067394355,0.5023413918212314,0.11447867665375151,0.3775813505449553,wait:0.000000
9,5:0,5,no_addition,False,0.0,0.0,0.0,0.0,0.0,0.0,1.0,0.0,2.0,0.0,0.44008659211443546,0.26921733187059427,0.1609773507552331,0.3021323944895209,wait:0.000000
9,8:0,8,no_addition,False,0.0,0.0,0.0,0.0,0.0,0.0,2.0,0.0,0.0,0.0,0.5089081463532668,0.31676733048151573,0.09743626015620943,0.3270836536953683,wait:0.000000
9,10:0,10,no_addition,False,0.0,0.0,0.0,0.0,0.0,0.0,0.0,0.0,0.0,0.0,0.5288431740927177,0.5882886561200341,0.2200923526510588,0.2973293003305126,wait:0.000000
9,11:0,11,no_addition,False,0.0,0.0,0.0,0.0,0.0,0.0,0.0,0.0,1.0,0.0,0.5914318799665719,0.37812604292750296,0.11254230858288973,0.15467226241520335,wait:0.000000
9,16:0,16,no_addition,False,0.0,0.0,0.0,0.0,0.0,0.0,0.0,0.0,2.0,0.0,0.5706350407826594,0.35549804760622816,0.2005787070626945,0.1929285768508154,wait:0.000000
9,19:0,19,no_addition,False,0.0,0.0,0.0,0.0,0.0,0.0,0.0,0.0,1.0,0.0,0.6526695009282562,0.445278758799319,0.134934236822975,0.22963360758369958,wait:0.000000
9,20:0,20,no_addition,False,0.0,0.0,0.0,0.0,0.0,0.0,0.0,0.0,1.0,0.0,0.5575583486679486,0.4718195611743685,0.1422286741409436,0.34279558387592546,wait:0.000000
9,27:0,27,no_addition,False,0.0,0.0,0.0,0.0,0.0,0.0,1.0,0.0,0.0,0.0,0.7233303760396893,0.6392206064589001,0.15779028109324086,0.3684614046068823,wait:0.000000
9,30:0,30,no_addition,False,0.0,0.0,0.0,0.0,0.0,0.0,1.0,0.0,3.0,0.0,0.539052202045135,0.48946698833342217,0.10568988529152609,0.2968595249016314,wait:0.000000
9,31:0,31,no_addition,False,0.0,0.0,0.0,0.0,0.0,0.0,1.0,0.0,3.0,0.0,0.561385384787964,0.5962232349389468,0.15877040446700252,0.19435374724412033,wait:0.000000
9,35:0,35,no_addition,False,0.0,0.0,0.0,0.0,0.0,0.0,2.0,0.0,1.0,0.0,0.5862641466333822,0.3808624764596319,0.11359345932382238,0.17179398486241937,wait:0.000000
9,37:0,37,no_addition,False,0.0,0.0,0.0,0.0,0.0,0.0,3.0,0.0,1.0,0.0,0.6753118507092871,0.6048095714434447,0.23900283811741982,0.19726177659029454,wait:0.000000
9,39:0,39,no_addition,False,0.0,0.0,0.0,0.0,0.0,0.0,1.0,0.0,3.0,0.0,0.3935661605641811,0.45942743266519215,0.11278642516549683,0.3142410343455689,wait:0.000000
9,42:0,42,no_addition,False,0.0,0.0,0.0,0.0,0.0,0.0,1.0,0.0,1.0,0.0,0.3849632098095622,0.43924046267399164,0.20447239480110982,0.16482639385390188,wait:0.000000
9,46:0,46,no_addition,False,0.0,0.0,0.0,0.0,0.0,0.0,0.0,0.0,3.0,0.0,0.3792266135708201,0.6596503611583785,0.18523664050489752,0.15567554392335484,wait:0.000000
9,49:0,49,no_addition,False,0.0,0.0,0.0,0.0,0.0,0.0,1.0,0.0,0.0,0.0,0.587099821318815,0.6085239383184402,0.20702198292046725,0.3550969080079869,wait:0.000000
9,52:0,52,no_addition,False,0.0,0.0,0.0,0.0,0.0,0.0,2.0,0.0,1.0,0.0,0.6837656569574894,0.424566771177051,0.2476619091839592,0.2339709438701195,wait:0.000000
9,54:0,54,no_addition,False,0.0,0.0,0.0,0.0,0.0,0.0,1.0,0.0,2.0,0.0,0.35560781701985167,0.5523253568294493,0.25533682668695057,0.3412197200125101,wait:0.000000
9,58:0,58,no_addition,False,0.0,0.0,0.0,0.0,0.0,0.0,0.0,0.0,1.0,0.0,0.5578611416291318,0.4512439536464701,0.24863939297565013,0.20532809497258347,wait:0.000000
9,62:0,62,no_addition,False,0.0,0.0,0.0,0.0,0.0,0.0,0.0,0.0,1.0,0.0,0.6513682870127381,0.62163411087903,0.18924605477548054,0.1589368749570172,wait:0.000000
9,69:0,69,no_addition,False,0.0,0.0,0.0,0.0,0.0,0.0,0.0,0.0,1.0,0.0,0.5420558040512197,0.3907241381421482,0.12522009883263424,0.2509880233786041,wait:0.000000
9,70:0,70,no_addition,False,0.0,0.0,0.0,0.0,0.0,0.0,1.0,0.0,0.0,0.0,0.7525376493450641,0.49302427799958903,0.2066890976646894,0.2580273057930491,wait:0.000000
9,73:0,73,no_addition,False,0.0,0.0,0.0,0.0,0.0,0.0,2.0,0.0,0.0,0.0,0.49357580123389444,0.36825884895626715,0.10135193454551357,0.21381812730705063,wait:0.000000
9,75:0,75,no_addition,False,0.0,0.0,0.0,0.0,0.0,0.0,3.0,0.0,1.0,0.0,0.48847535758653904,0.5146117501535823,0.14526836109731428,0.21203597939779312,wait:0.000000
9,79:0,79,no_addition,False,0.0,0.0,0.0,0.0,0.0,0.0,1.0,0.0,0.0,0.0,0.6898606429949095,0.3386993507256493,0.11701546148724276,0.22854336518025284,wait:0.000000
9,82:0,82,no_addition,False,0.0,0.0,0.0,0.0,0.0,0.0,0.0,0.0,2.0,0.0,0.6193379136061846,0.36352177295393373,0.15698912011979346,0.1520510595522537,wait:0.000000
9,83:0,83,no_addition,False,0.0,0.0,0.0,0.0,0.0,0.0,2.0,0.0,1.0,0.0,0.6933846972025693,0.3248307718207073,0.26025238770990045,0.20168454668107402,wait:0.000000
9,88:0,88,no_addition,False,0.0,0.0,0.0,0.0,0.0,0.0,2.0,0.0,2.0,0.0,0.6730653102166658,0.6143286754778456,0.09809896900767885,0.2526309343782891,wait:0.000000
9,90:0,90,no_addition,False,0.0,0.0,0.0,0.0,0.0,0.0,0.0,0.0,0.0,0.0,0.5496088598221989,0.5230713273300622,0.13492759998526915,0.34468040679375855,wait:0.000000
9,91:0,91,no_addition,False,0.0,0.0,0.0,0.0,0.0,0.0,1.0,0.0,0.0,0.0,0.460781716224243,0.45411787526818514,0.22139914132820376,0.16502895016143204,wait:0.000000
9,102:0,102,no_addition,False,0.0,0.0,0.0,0.0,0.0,0.0,0.0,0.0,2.0,0.0,0.5961621363539005,0.26701134800970727,0.18771390352718884,0.3406883754000892,wait:0.000000
9,104:0,104,no_addition,False,0.0,0.0,0.0,0.0,0.0,0.0,1.0,0.0,0.0,0.0,0.5324762005275494,0.3077848861998414,0.24182705034992438,0.26225319894977905,wait:0.000000
9,106:0,106,no_addition,False,0.0,0.0,0.0,0.0,0.0,0.0,0.0,0.0,1.0,0.0,0.5434982964103104,0.39577465450103894,0.16466671110779404,0.16123358388235126,wait:0.000000
9,107:0,107,no_addition,False,0.0,0.0,0.0,0.0,0.0,0.0,0.0,0.0,1.0,0.0,0.5041144877325429,0.4027578298740651,0.11188658600935725,0.20311708869163475,wait:0.000000
9,111:0,111,no_addition,False,0.0,0.0,0.0,0.0,0.0,0.0,1.0,0.0,1.0,0.0,0.6102338679787997,0.48249741418436287,0.11558516615917062,0.1539376686338176,wait:0.000000
9,113:0,113,no_addition,False,0.0,0.0,0.0,0.0,0.0,0.0,0.0,0.0,0.0,0.0,0.36884265054638277,0.5871883438705638,0.20774743918817895,0.15152591661893103,wait:0.000000
9,117:0,117,no_addition,False,0.0,0.0,0.0,0.0,0.0,0.0,0.0,0.0,2.0,0.0,0.489793491807611,0.31861268573099333,0.26177083556612213,0.28997807026483413,wait:0.000000
9,118:0,118,no_addition,False,0.0,0.0,0.0,0.0,0.0,0.0,0.0,0.0,1.0,0.0,0.6677584315074514,0.3257052711190269,0.22127615320016214,0.1744441787687567,wait:0.000000
10,3:0,3,no_addition,False,0.0,0.0,0.0,0.0,0.0,0.0,0.0,0.0,0.0,0.0,0.6216450067394355,0.5023413918212314,0.11447867665375151,0.3775813505449553,wait:0.000000
10,5:0,5,no_addition,False,0.0,0.0,0.0,0.0,0.0,0.0,1.0,0.0,1.0,0.0,0.4689921991430124,0.26921733187059427,0.1609773507552331,0.3021323944895209,wait:0.000000
10,8:0,8,no_addition,False,0.0,0.0,0.0,0.0,0.0,0.0,2.0,0.0,0.0,0.0,0.5089081463532668,0.31676733048151573,0.09743626015620943,0.3270836536953683,wait:0.000000
10,10:0,10,no_addition,False,0.0,0.0,0.0,0.0,0.0,0.0,0.0,0.0,0.0,0.0,0.5288431740927177,0.5882886561200341,0.2200923526510588,0.2973293003305126,wait:0.000000
10,11:0,11,no_addition,False,0.0,0.0,0.0,0.0,0.0,0.0,0.0,0.0,0.0,0.0,0.657146533296191,0.37812604292750296,0.11254230858288973,0.15467226241520335,wait:0.000000
10,16:0,16,no_addition,False,0.0,0.0,0.0,0.0,0.0,0.0,0.0,0.0,0.0,0.0,0.6713353420972463,0.35549804760622816,0.2005787070626945,0.1929285768508154,wait:0.000000
10,19:0,19,no_addition,False,0.0,0.0,0.0,0.0,0.0,0.0,0.0,0.0,0.0,0.0,0.7251883343647291,0.445278758799319,0.134934236822975,0.22963360758369958,wait:0.000000
10,20:0,20,no_addition,False,0.0,0.0,0.0,0.0,0.0,0.0,0.0,0.0,1.0,0.0,0.5575583486679486,0.4718195611743685,0.1422286741409436,0.34279558387592546,wait:0.000000
10,27:0,27,no_addition,False,0.0,0.0,0.0,0.0,0.0,0.0,1.0,0.0,0.0,0.0,0.7233303760396893,0.6392206064589001,0.15779028109324086,0.3684614046068823,wait:0.000000
10,30:0,30,no_addition,False,0.0,0.0,0.0,0.0,0.0,0.0,0.0,0.0,1.0,0.0,0.5501837273007769,0.48946698833342217,0.10568988529152609,0.2968595249016314,wait:0.000000
10,31:0,31,no_addition,False,0.0,0.0,0.0,0.0,0.0,0.0,0.0,0.0,2.0,0.0,0.5433469713372118,0.5962232349389468,0.15877040446700252,0.19435374724412033,wait:0.000000
10,35:0,35,no_addition,False,0.0,0.0,0.0,0.0,0.0,0.0,1.0,0.0,1.0,0.0,0.5583225910224083,0.3808624764596319,0.11359345932382238,0.17179398486241937,wait:0.000000
10,37:0,37,no_addition,False,0.0,0.0,0.0,0.0,0.0,0.0,2.0,0.0,0.0,0.0,0.7081438413786176,0.6048095714434447,0.23900283811741982,0.19726177659029454,wait:0.000000
10,39:0,39,no_addition,False,0.0,0.0,0.0,0.0,0.0,0.0,0.0,0.0,1.0,0.0,0.38651193063470374,0.45942743266519215,0.11278642516549683,0.3142410343455689,wait:0.000000
10,42:0,42,no_addition,False,0.0,0.0,0.0,0.0,0.0,0.0,0.0,0.0,1.0,0.0,0.32819633979836005,0.43924046267399164,0.20447239480110982,0.16482639385390188,wait:0.000000
10,46:0,46,no_addition,False,0.0,0.0,0.0,0.0,0.0,0.0,0.0,0.0,2.0,0.0,0.3931007579697525,0.6596503611583785,0.18523664050489752,0.15567554392335484,wait:0.000000
10,49:0,49,no_addition,False,0.0,0.0,0.0,0.0,0.0,0.0,0.0,0.0,0.0,0.0,0.5412220236875722,0.6085239383184402,0.20702198292046725,0.3550969080079869,wait:0.000000
10,52:0,52,no_addition,False,0.0,0.0,0.0,0.0,0.0,0.0,1.0,0.0,0.0,0.0,0.7187671844655371,0.424566771177051,0.2476619091839592,0.2339709438701195,wait:0.000000
10,54:0,54,no_addition,False,0.0,0.0,0.0,0.0,0.0,0.0,1.0,0.0,1.0,0.0,0.3814227371547243,0.5523253568294493,0.25533682668695057,0.3412197200125101,wait:0.000000
10,58:0,58,no_addition,False,0.0,0.0,0.0,0.0,0.0,0.0,0.0,0.0,1.0,0.0,0.5578611416291318,0.4512439536464701,0.24863939297565013,0.20532809497258347,wait:0.000000
10,62:0,62,no_addition,False,0.0,0.0,0.0,0.0,0.0,0.0,0.0,0.0,1.0,0.0,0.6513682870127381,0.62163411087903,0.18924605477548054,0.1589368749570172,wait:0.000000
10,69:0,69,no_addition,False,0.0,0.0,0.0,0.0,0.0,0.0,0.0,0.0,0.0,0.0,0.6022842267235775,0.3907241381421482,0.12522009883263424,0.2509880233786041,wait:0.000000
10,70:0,70,no_addition,False,0.0,0.0,0.0,0.0,0.0,0.0,1.0,0.0,0.0,0.0,0.7525376493450641,0.49302427799958903,0.2066890976646894,0.2580273057930491,wait:0.000000
10,73:0,73,no_addition,False,0.0,0.0,0.0,0.0,0.0,0.0,2.0,0.0,0.0,0.0,0.49357580123389444,0.36825884895626715,0.10135193454551357,0.21381812730705063,wait:0.000000
10,75:0,75,no_addition,False,0.0,0.0,0.0,0.0,0.0,0.0,3.0,0.0,1.0,0.0,0.48847535758653904,0.5146117501535823,0.14526836109731428,0.21203597939779312,wait:0.000000
10,79:0,79,no_addition,False,0.0,0.0,0.0,0.0,0.0,0.0,0.0,0.0,0.0,0.0,0.6554007144387883,0.3386993507256493,0.11701546148724276,0.22854336518025284,wait:0.000000
10,82:0,82,no_addition,False,0.0,0.0,0.0,0.0,0.0,0.0,0.0,0.0,1.0,0.0,0.655769555583019,0.36352177295393373,0.15698912011979346,0.1520510595522537,wait:0.000000
10,83:0,83,no_addition,False,0.0,0.0,0.0,0.0,0.0,0.0,2.0,0.0,0.0,0.0,0.7443621861246146,0.3248307718207073,0.26025238770990045,0.20168454668107402,wait:0.000000
10,88:0,88,no_addition,False,0.0,0.0,0.0,0.0,0.0,0.0,2.0,0.0,0.0,0.0,0.7588818921052074,0.6143286754778456,0.09809896900767885,0.2526309343782891,wait:0.000000
10,90:0,90,no_addition,False,0.0,0.0,0.0,0.0,0.0,0.0,0.0,0.0,0.0,0.0,0.5496088598221989,0.5230713273300622,0.13492759998526915,0.34468040679375855,wait:0.000000
10,91:0,91,no_addition,False,0.0,0.0,0.0,0.0,0.0,0.0,0.0,0.0,0.0,0.0,0.4008685735824922,0.45411787526818514,0.22139914132820376,0.16502895016143204,wait:0.000000
10,102:0,102,no_addition,False,0.0,0.0,0.0,0.0,0.0,0.0,0.0,0.0,1.0,0.0,0.6312304973158946,0.26701134800970727,0.18771390352718884,0.3406883754000892,wait:0.000000
10,104:0,104,no_addition,False,0.0,0.0,0.0,0.0,0.0,0.0,0.0,0.0,0.0,0.0,0.4805291116972771,0.3077848861998414,0.24182705034992438,0.26225319894977905,wait:0.000000
10,106:0,106,no_addition,False,0.0,0.0,0.0,0.0,0.0,0.0,0.0,0.0,1.0,0.0,0.5434982964103104,0.39577465450103894,0.16466671110779404,0.16123358388235126,wait:0.000000
10,107:0,107,no_addition,False,0.0,0.0,0.0,0.0,0.0,0.0,0.0,0.0,1.0,0.0,0.5041144877325429,0.4027578298740651,0.11188658600935725,0.20311708869163475,wait:0.000000
10,111:0,111,no_addition,False,0.0,0.0,0.0,0.0,0.0,0.0,0.0,0.0,0.0,0.0,0.6296869035044703,0.48249741418436287,0.11558516615917062,0.1539376686338176,wait:0.000000
10,113:0,113,no_addition,False,0.0,0.0,0.0,0.0,0.0,0.0,0.0,0.0,0.0,0.0,0.36884265054638277,0.5871883438705638,0.20774743918817895,0.15152591661893103,wait:0.000000
10,117:0,117,no_addition,False,0.0,0.0,0.0,0.0,0.0,0.0,0.0,0.0,1.0,0.0,0.5186048736786469,0.31861268573099333,0.26177083556612213,0.28997807026483413,wait:0.000000
10,118:0,118,no_addition,False,0.0,0.0,0.0,0.0,0.0,0.0,0.0,0.0,1.0,0.0,0.6677584315074514,0.3257052711190269,0.22127615320016214,0.1744441787687567,wait:0.000000
11,3:0,3,no_addition,False,0.0,0.0,0.0,0.0,0.0,0.0,0.0,0.0,0.0,0.0,0.6216450067394355,0.5023413918212314,0.11447867665375151,0.3775813505449553,wait:0.000000
11,5:0,5,no_addition,False,0.0,0.0,0.0,0.0,0.0,0.0,0.0,0.0,1.0,0.0,0.41716821085730726,0.26921733187059427,0.1609773507552331,0.3021323944895209,wait:0.000000
11,8:0,8,no_addition,False,0.0,0.0,0.0,0.0,0.0,0.0,1.0,0.0,0.0,0.0,0.4800203902564001,0.31676733048151573,0.09743626015620943,0.3270836536953683,wait:0.000000
11,10:0,10,no_addition,False,0.0,0.0,0.0,0.0,0.0,0.0,0.0,0.0,0.0,0.0,0.5288431740927177,0.5882886561200341,0.2200923526510588,0.2973293003305126,wait:0.000000
11,11:0,11,no_addition,False,0.0,0.0,0.0,0.0,0.0,0.0,0.0,0.0,0.0,0.0,0.657146533296191,0.37812604292750296,0.11254230858288973,0.15467226241520335,wait:0.000000
11,16:0,16,no_addition,False,0.0,0.0,0.0,0.0,0.0,0.0,0.0,0.0,0.0,0.0,0.6713353420972463,0.35549804760622816,0.2005787070626945,0.1929285768508154,wait:0.000000
11,19:0,19,no_addition,False,0.0,0.0,0.0,0.0,0.0,0.0,0.0,0.0,0.0,0.0,0.7251883343647291,0.445278758799319,0.134934236822975,0.22963360758369958,wait:0.000000
11,20:0,20,no_addition,False,0.0,0.0,0.0,0.0,0.0,0.0,0.0,0.0,0.0,0.0,0.6195092762977208,0.4718195611743685,0.1422286741409436,0.34279558387592546,wait:0.000000
11,27:0,27,no_addition,False,0.0,0.0,0.0,0.0,0.0,0.0,0.0,0.0,0.0,0.0,0.6925893067107659,0.6392206064589001,0.15779028109324086,0.3684614046068823,wait:0.000000
11,30:0,30,no_addition,False,0.0,0.0,0.0,0.0,0.0,0.0,0.0,0.0,0.0,0.0,0.6113152525564187,0.48946698833342217,0.10568988529152609,0.2968595249016314,wait:0.000000
11,31:0,31,no_addition,False,0.0,0.0,0.0,0.0,0.0,0.0,0.0,0.0,0.0,0.0,0.639231730984955,0.5962232349389468,0.15877040446700252,0.19435374724412033,wait:0.000000
11,35:0,35,no_addition,False,0.0,0.0,0.0,0.0,0.0,0.0,1.0,0.0,0.0,0.0,0.6117533316707854,0.3808624764596319,0.11359345932382238,0.17179398486241937,wait:0.000000
11,37:0,37,no_addition,False,0.0,0.0,0.0,0.0,0.0,0.0,1.0,0.0,0.0,0.0,0.690975832047948,0.6048095714434447,0.23900283811741982,0.19726177659029454,wait:0.000000
11,39:0,39,no_addition,False,0.0,0.0,0.0,0.0,0.0,0.0,0.0,0.0,0.0,0.0,0.4294577007052264,0.45942743266519215,0.11278642516549683,0.3142410343455689,wait:0.000000
11,42:0,42,no_addition,False,0.0,0.0,0.0,0.0,0.0,0.0,0.0,0.0,0.0,0.0,0.3646625997759556,0.43924046267399164,0.20447239480110982,0.16482639385390188,wait:0.000000
11,46:0,46,no_addition,False,0.0,0.0,0.0,0.0,0.0,0.0,0.0,0.0,0.0,0.0,0.46247147996441473,0.6596503611583785,0.18523664050489752,0.15567554392335484,wait:0.000000
11,49:0,49,no_addition,False,0.0,0.0,0.0,0.0,0.0,0.0,0.0,0.0,0.0,0.0,0.5412220236875722,0.6085239383184402,0.20702198292046725,0.3550969080079869,wait:0.000000
11,52:0,52,no_addition,False,0.0,0.0,0.0,0.0,0.0,0.0,0.0,0.0,0.0,0.0,0.6875190938505968,0.424566771177051,0.2476619091839592,0.2339709438701195,wait:0.000000
11,54:0,54,no_addition,False,0.0,0.0,0.0,0.0,0.0,0.0,1.0,0.0,0.0,0.0,0.42444760404617865,0.5523253568294493,0.25533682668695057,0.3412197200125101,wait:0.000000
11,58:0,58,no_addition,False,0.0,0.0,0.0,0.0,0.0,0.0,0.0,0.0,0.0,0.0,0.6198457129212576,0.4512439536464701,0.24863939297565013,0.20532809497258347,wait:0.000000
11,62:0,62,no_addition,False,0.0,0.0,0.0,0.0,0.0,0.0,0.0,0.0,0.0,0.0,0.7237425411252645,0.62163411087903,0.18924605477548054,0.1589368749570172,wait:0.000000
11,69:0,69,no_addition,False,0.0,0.0,0.0,0.0,0.0,0.0,0.0,0.0,0.0,0.0,0.6022842267235775,0.3907241381421482,0.12522009883263424,0.2509880233786041,wait:0.000000
11,70:0,70,no_addition,False,0.0,0.0,0.0,0.0,0.0,0.0,0.0,0.0,0.0,0.0,0.7250418326056267,0.49302427799958903,0.2066890976646894,0.2580273057930491,wait:0.000000
11,73:0,73,no_addition,False,0.0,0.0,0.0,0.0,0.0,0.0,0.0,0.0,0.0,0.0,0.40420682498105226,0.36825884895626715,0.10135193454551357,0.21381812730705063,wait:0.000000
11,75:0,75,no_addition,False,0.0,0.0,0.0,0.0,0.0,0.0,1.0,0.0,0.0,0.0,0.4807847772848564,0.5146117501535823,0.14526836109731428,0.21203597939779312,wait:0.000000
11,79:0,79,no_addition,False,0.0,0.0,0.0,0.0,0.0,0.0,0.0,0.0,0.0,0.0,0.6554007144387883,0.3386993507256493,0.11701546148724276,0.22854336518025284,wait:0.000000
11,82:0,82,no_addition,False,0.0,0.0,0.0,0.0,0.0,0.0,0.0,0.0,1.0,0.0,0.655769555583019,0.36352177295393373,0.15698912011979346,0.1520510595522537,wait:0.000000
11,83:0,83,no_addition,False,0.0,0.0,0.0,0.0,0.0,0.0,1.0,0.0,0.0,0.0,0.7293246676613566,0.3248307718207073,0.26025238770990045,0.20168454668107402,wait:0.000000
11,88:0,88,no_addition,False,0.0,0.0,0.0,0.0,0.0,0.0,1.0,0.0,0.0,0.0,0.744698473993749,0.6143286754778456,0.09809896900767885,0.2526309343782891,wait:0.000000
11,90:0,90,no_addition,False,0.0,0.0,0.0,0.0,0.0,0.0,0.0,0.0,0.0,0.0,0.5496088598221989,0.5230713273300622,0.13492759998526915,0.34468040679375855,wait:0.000000
11,91:0,91,no_addition,False,0.0,0.0,0.0,0.0,0.0,0.0,0.0,0.0,0.0,0.0,0.4008685735824922,0.45411787526818514,0.22139914132820376,0.16502895016143204,wait:0.000000
11,102:0,102,no_addition,False,0.0,0.0,0.0,0.0,0.0,0.0,0.0,0.0,1.0,0.0,0.6312304973158946,0.26701134800970727,0.18771390352718884,0.3406883754000892,wait:0.000000
11,104:0,104,no_addition,False,0.0,0.0,0.0,0.0,0.0,0.0,0.0,0.0,0.0,0.0,0.4805291116972771,0.3077848861998414,0.24182705034992438,0.26225319894977905,wait:0.000000
11,106:0,106,no_addition,False,0.0,0.0,0.0,0.0,0.0,0.0,0.0,0.0,0.0,0.0,0.6038869960114561,0.39577465450103894,0.16466671110779404,0.16123358388235126,wait:0.000000
11,107:0,107,no_addition,False,0.0,0.0,0.0,0.0,0.0,0.0,0.0,0.0,1.0,0.0,0.5041144877325429,0.4027578298740651,0.11188658600935725,0.20311708869163475,wait:0.000000
11,111:0,111,no_addition,False,0.0,0.0,0.0,0.0,0.0,0.0,0.0,0.0,0.0,0.0,0.6296869035044703,0.48249741418436287,0.11558516615917062,0.1539376686338176,wait:0.000000
11,113:0,113,no_addition,False,0.0,0.0,0.0,0.0,0.0,0.0,0.0,0.0,0.0,0.0,0.36884265054638277,0.5871883438705638,0.20774743918817895,0.15152591661893103,wait:0.000000
11,117:0,117,no_addition,False,0.0,0.0,0.0,0.0,0.0,0.0,0.0,0.0,0.0,0.0,0.5762276374207189,0.31861268573099333,0.26177083556612213,0.28997807026483413,wait:0.000000
11,118:0,118,no_addition,False,0.0,0.0,0.0,0.0,0.0,0.0,0.0,0.0,1.0,0.0,0.6677584315074514,0.3257052711190269,0.22127615320016214,0.1744441787687567,wait:0.000000
12,3:0,3,no_addition,False,0.0,0.0,0.0,0.0,0.0,0.0,0.0,0.0,0.0,0.0,0.6216450067394355,0.5023413918212314,0.11447867665375151,0.3775813505449553,wait:0.000000
12,5:0,5,no_addition,False,0.0,0.0,0.0,0.0,0.0,0.0,0.0,0.0,0.0,0.0,0.46352023428589695,0.26921733187059427,0.1609773507552331,0.3021323944895209,wait:0.000000
12,8:0,8,no_addition,False,0.0,0.0,0.0,0.0,0.0,0.0,0.0,0.0,0.0,0.0,0.42224487806266675,0.31676733048151573,0.09743626015620943,0.3270836536953683,wait:0.000000
12,10:0,10,no_addition,False,0.0,0.0,0.0,0.0,0.0,0.0,0.0,0.0,0.0,0.0,0.5288431740927177,0.5882886561200341,0.2200923526510588,0.2973293003305126,wait:0.000000
12,11:0,11,no_addition,False,0.0,0.0,0.0,0.0,0.0,0.0,0.0,0.0,0.0,0.0,0.657146533296191,0.37812604292750296,0.11254230858288973,0.15467226241520335,wait:0.000000
12,16:0,16,no_addition,False,0.0,0.0,0.0,0.0,0.0,0.0,0.0,0.0,0.0,0.0,0.6713353420972463,0.35549804760622816,0.2005787070626945,0.1929285768508154,wait:0.000000
12,19:0,19,no_addition,False,0.0,0.0,0.0,0.0,0.0,0.0,0.0,0.0,0.0,0.0,0.7251883343647291,0.445278758799319,0.134934236822975,0.22963360758369958,wait:0.000000
12,20:0,20,no_addition,False,0.0,0.0,0.0,0.0,0.0,0.0,0.0,0.0,0.0,0.0,0.6195092762977208,0.4718195611743685,0.1422286741409436,0.34279558387592546,wait:0.000000
12,27:0,27,no_addition,False,0.0,0.0,0.0,0.0,0.0,0.0,0.0,0.0,0.0,0.0,0.6925893067107659,0.6392206064589001,0.15779028109324086,0.3684614046068823,wait:0.000000
12,30:0,30,no_addition,False,0.0,0.0,0.0,0.0,0.0,0.0,0.0,0.0,0.0,0.0,0.6113152525564187,0.48946698833342217,0.10568988529152609,0.2968595249016314,wait:0.000000
12,31:0,31,no_addition,False,0.0,0.0,0.0,0.0,0.0,0.0,0.0,0.0,0.0,0.0,0.639231730984955,0.5962232349389468,0.15877040446700252,0.19435374724412033,wait:0.000000
12,35:0,35,no_addition,False,0.0,0.0,0.0,0.0,0.0,0.0,0.0,0.0,0.0,0.0,0.5686148129675394,0.3808624764596319,0.11359345932382238,0.17179398486241937,wait:0.000000
12,37:0,37,no_addition,False,0.0,0.0,0.0,0.0,0.0,0.0,0.0,0.0,0.0,0.0,0.6566398133866089,0.6048095714434447,0.23900283811741982,0.19726177659029454,wait:0.000000
12,39:0,39,no_addition,False,0.0,0.0,0.0,0.0,0.0,0.0,0.0,0.0,0.0,0.0,0.4294577007052264,0.45942743266519215,0.11278642516549683,0.3142410343455689,wait:0.000000
12,42:0,42,no_addition,False,0.0,0.0,0.0,0.0,0.0,0.0,0.0,0.0,0.0,0.0,0.3646625997759556,0.43924046267399164,0.20447239480110982,0.16482639385390188,wait:0.000000
12,46:0,46,no_addition,False,0.0,0.0,0.0,0.0,0.0,0.0,0.0,0.0,0.0,0.0,0.46247147996441473,0.6596503611583785,0.18523664050489752,0.15567554392335484,wait:0.000000
12,49:0,49,no_addition,False,0.0,0.0,0.0,0.0,0.0,0.0,0.0,0.0,0.0,0.0,0.5412220236875722,0.6085239383184402,0.20702198292046725,0.3550969080079869,wait:0.000000
12,52:0,52,no_addition,False,0.0,0.0,0.0,0.0,0.0,0.0,0.0,0.0,0.0,0.0,0.6875190938505968,0.424566771177051,0.2476619091839592,0.2339709438701195,wait:0.000000
12,54:0,54,no_addition,False,0.0,0.0,0.0,0.0,0.0,0.0,0.0,0.0,0.0,0.0,0.36049733782908744,0.5523253568294493,0.25533682668695057,0.3412197200125101,wait:0.000000
12,58:0,58,no_addition,False,0.0,0.0,0.0,0.0,0.0,0.0,0.0,0.0,0.0,0.0,0.6198457129212576,0.4512439536464701,0.24863939297565013,0.20532809497258347,wait:0.000000
12,62:0,62,no_addition,False,0.0,0.0,0.0,0.0,0.0,0.0,0.0,0.0,0.0,0.0,0.7237425411252645,0.62163411087903,0.18924605477548054,0.1589368749570172,wait:0.000000
12,69:0,69,no_addition,False,0.0,0.0,0.0,0.0,0.0,0.0,0.0,0.0,0.0,0.0,0.6022842267235775,0.3907241381421482,0.12522009883263424,0.2509880233786041,wait:0.000000
12,70:0,70,no_addition,False,0.0,0.0,0.0,0.0,0.0,0.0,0.0,0.0,0.0,0.0,0.7250418326056267,0.49302427799958903,0.2066890976646894,0.2580273057930491,wait:0.000000
12,73:0,73,no_addition,False,0.0,0.0,0.0,0.0,0.0,0.0,0.0,0.0,0.0,0.0,0.40420682498105226,0.36825884895626715,0.10135193454551357,0.21381812730705063,wait:0.000000
12,75:0,75,no_addition,False,0.0,0.0,0.0,0.0,0.0,0.0,0.0,0.0,0.0,0.0,0.4230941969831738,0.5146117501535823,0.14526836109731428,0.21203597939779312,wait:0.000000
12,79:0,79,no_addition,False,0.0,0.0,0.0,0.0,0.0,0.0,0.0,0.0,0.0,0.0,0.6554007144387883,0.3386993507256493,0.11701546148724276,0.22854336518025284,wait:0.000000
12,82:0,82,no_addition,False,0.0,0.0,0.0,0.0,0.0,0.0,0.0,0.0,0.0,0.0,0.7286328395366878,0.36352177295393373,0.15698912011979346,0.1520510595522537,wait:0.000000
12,83:0,83,no_addition,False,0.0,0.0,0.0,0.0,0.0,0.0,0.0,0.0,0.0,0.0,0.6992496307348407,0.3248307718207073,0.26025238770990045,0.20168454668107402,wait:0.000000
12,88:0,88,no_addition,False,0.0,0.0,0.0,0.0,0.0,0.0,0.0,0.0,0.0,0.0,0.7163316377708322,0.6143286754778456,0.09809896900767885,0.2526309343782891,wait:0.000000
12,90:0,90,no_addition,False,0.0,0.0,0.0,0.0,0.0,0.0,0.0,0.0,0.0,0.0,0.5496088598221989,0.5230713273300622,0.13492759998526915,0.34468040679375855,wait:0.000000
12,91:0,91,no_addition,False,0.0,0.0,0.0,0.0,0.0,0.0,0.0,0.0,0.0,0.0,0.4008685735824922,0.45411787526818514,0.22139914132820376,0.16502895016143204,wait:0.000000
12,102:0,102,no_addition,False,0.0,0.0,0.0,0.0,0.0,0.0,0.0,0.0,0.0,0.0,0.701367219239883,0.26701134800970727,0.18771390352718884,0.3406883754000892,wait:0.000000
12,104:0,104,no_addition,False,0.0,0.0,0.0,0.0,0.0,0.0,0.0,0.0,0.0,0.0,0.4805291116972771,0.3077848861998414,0.24182705034992438,0.26225319894977905,wait:0.000000
12,106:0,106,no_addition,False,0.0,0.0,0.0,0.0,0.0,0.0,0.0,0.0,0.0,0.0,0.6038869960114561,0.39577465450103894,0.16466671110779404,0.16123358388235126,wait:0.000000
12,107:0,107,no_addition,False,0.0,0.0,0.0,0.0,0.0,0.0,0.0,0.0,0.0,0.0,0.5601272085917144,0.4027578298740651,0.11188658600935725,0.20311708869163475,wait:0.000000
12,111:0,111,no_addition,False,0.0,0.0,0.0,0.0,0.0,0.0,0.0,0.0,0.0,0.0,0.6296869035044703,0.48249741418436287,0.11558516615917062,0.1539376686338176,wait:0.000000
12,113:0,113,no_addition,False,0.0,0.0,0.0,0.0,0.0,0.0,0.0,0.0,0.0,0.0,0.36884265054638277,0.5871883438705638,0.20774743918817895,0.15152591661893103,wait:0.000000
12,117:0,117,no_addition,False,0.0,0.0,0.0,0.0,0.0,0.0,0.0,0.0,0.0,0.0,0.5762276374207189,0.31861268573099333,0.26177083556612213,0.28997807026483413,wait:0.000000
12,118:0,118,no_addition,False,0.0,0.0,0.0,0.0,0.0,0.0,0.0,0.0,0.0,0.0,0.7419538127860572,0.3257052711190269,0.22127615320016214,0.1744441787687567,wait:0.000000
13,3:0,3,no_addition,False,0.0,0.0,0.0,0.0,0.0,0.0,0.0,0.0,0.0,0.0,0.6216450067394355,0.5023413918212314,0.11447867665375151,0.3775813505449553,wait:0.000000
13,5:0,5,no_addition,False,0.0,0.0,0.0,0.0,0.0,0.0,0.0,0.0,0.0,0.0,0.46352023428589695,0.26921733187059427,0.1609773507552331,0.3021323944895209,wait:0.000000
13,8:0,8,no_addition,False,0.0,0.0,0.0,0.0,0.0,0.0,0.0,0.0,0.0,0.0,0.42224487806266675,0.31676733048151573,0.09743626015620943,0.3270836536953683,wait:0.000000
13,10:0,10,no_addition,False,0.0,0.0,0.0,0.0,0.0,0.0,0.0,0.0,0.0,0.0,0.5288431740927177,0.5882886561200341,0.2200923526510588,0.2973293003305126,wait:0.000000
13,11:0,11,no_addition,False,0.0,0.0,0.0,0.0,0.0,0.0,0.0,0.0,0.0,0.0,0.657146533296191,0.37812604292750296,0.11254230858288973,0.15467226241520335,wait:0.000000
13,16:0,16,no_addition,False,0.0,0.0,0.0,0.0,0.0,0.0,0.0,0.0,0.0,0.0,0.6713353420972463,0.35549804760622816,0.2005787070626945,0.1929285768508154,wait:0.000000
13,19:0,19,no_addition,False,0.0,0.0,0.0,0.0,0.0,0.0,0.0,0.0,0.0,0.0,0.7251883343647291,0.445278758799319,0.134934236822975,0.22963360758369958,wait:0.000000
13,20:0,20,no_addition,False,0.0,0.0,0.0,0.0,0.0,0.0,0.0,0.0,0.0,0.0,0.6195092762977208,0.4718195611743685,0.1422286741409436,0.34279558387592546,wait:0.000000
13,27:0,27,no_addition,False,0.0,0.0,0.0,0.0,0.0,0.0,0.0,0.0,0.0,0.0,0.6925893067107659,0.6392206064589001,0.15779028109324086,0.3684614046068823,wait:0.000000
13,30:0,30,no_addition,False,0.0,0.0,0.0,0.0,0.0,0.0,0.0,0.0,0.0,0.0,0.6113152525564187,0.48946698833342217,0.10568988529152609,0.2968595249016314,wait:0.000000
13,31:0,31,no_addition,False,0.0,0.0,0.0,0.0,0.0,0.0,0.0,0.0,0.0,0.0,0.639231730984955,0.5962232349389468,0.15877040446700252,0.19435374724412033,wait:0.000000
13,35:0,35,no_addition,False,0.0,0.0,0.0,0.0,0.0,0.0,0.0,0.0,0.0,0.0,0.5686148129675394,0.3808624764596319,0.11359345932382238,0.17179398486241937,wait:0.000000
13,37:0,37,no_addition,False,0.0,0.0,0.0,0.0,0.0,0.0,0.0,0.0,0.0,0.0,0.6566398133866089,0.6048095714434447,0.23900283811741982,0.19726177659029454,wait:0.000000
13,39:0,39,no_addition,False,0.0,0.0,0.0,0.0,0.0,0.0,0.0,0.0,0.0,0.0,0.4294577007052264,0.45942743266519215,0.11278642516549683,0.3142410343455689,wait:0.000000
13,42:0,42,no_addition,False,0.0,0.0,0.0,0.0,0.0,0.0,0.0,0.0,0.0,0.0,0.3646625997759556,0.43924046267399164,0.20447239480110982,0.16482639385390188,wait:0.000000
13,46:0,46,no_addition,False,0.0,0.0,0.0,0.0,0.0,0.0,0.0,0.0,0.0,0.0,0.46247147996441473,0.6596503611583785,0.18523664050489752,0.15567554392335484,wait:0.000000
13,49:0,49,no_addition,False,0.0,0.0,0.0,0.0,0.0,0.0,0.0,0.0,0.0,0.0,0.5412220236875722,0.6085239383184402,0.20702198292046725,0.3550969080079869,wait:0.000000
13,52:0,52,no_addition,False,0.0,0.0,0.0,0.0,0.0,0.0,0.0,0.0,0.0,0.0,0.6875190938505968,0.424566771177051,0.2476619091839592,0.2339709438701195,wait:0.000000
13,54:0,54,no_addition,False,0.0,0.0,0.0,0.0,0.0,0.0,0.0,0.0,0.0,0.0,0.36049733782908744,0.5523253568294493,0.25533682668695057,0.3412197200125101,wait:0.000000
13,58:0,58,no_addition,False,0.0,0.0,0.0,0.0,0.0,0.0,0.0,0.0,0.0,0.0,0.6198457129212576,0.4512439536464701,0.24863939297565013,0.20532809497258347,wait:0.000000
13,62:0,62,no_addition,False,0.0,0.0,0.0,0.0,0.0,0.0,0.0,0.0,0.0,0.0,0.7237425411252645,0.62163411087903,0.18924605477548054,0.1589368749570172,wait:0.000000
13,69:0,69,no_addition,False,0.0,0.0,0.0,0.0,0.0,0.0,0.0,0.0,0.0,0.0,0.6022842267235775,0.3907241381421482,0.12522009883263424,0.2509880233786041,wait:0.000000
13,70:0,70,no_addition,False,0.0,0.0,0.0,0.0,0.0,0.0,0.0,0.0,0.0,0.0,0.7250418326056267,0.49302427799958903,0.2066890976646894,0.2580273057930491,wait:0.000000
13,73:0,73,no_addition,False,0.0,0.0,0.0,0.0,0.0,0.0,0.0,0.0,0.0,0.0,0.40420682498105226,0.36825884895626715,0.10135193454551357,0.21381812730705063,wait:0.000000
13,75:0,75,no_addition,False,0.0,0.0,0.0,0.0,0.0,0.0,0.0,0.0,0.0,0.0,0.4230941969831738,0.5146117501535823,0.14526836109731428,0.21203597939779312,wait:0.000000
13,79:0,79,no_addition,False,0.0,0.0,0.0,0.0,0.0,0.0,0.0,0.0,0.0,0.0,0.6554007144387883,0.3386993507256493,0.11701546148724276,0.22854336518025284,wait:0.000000
13,82:0,82,no_addition,False,0.0,0.0,0.0,0.0,0.0,0.0,0.0,0.0,0.0,0.0,0.7286328395366878,0.36352177295393373,0.15698912011979346,0.1520510595522537,wait:0.000000
13,83:0,83,no_addition,False,0.0,0.0,0.0,0.0,0.0,0.0,0.0,0.0,0.0,0.0,0.6992496307348407,0.3248307718207073,0.26025238770990045,0.20168454668107402,wait:0.000000
13,88:0,88,no_addition,False,0.0,0.0,0.0,0.0,0.0,0.0,0.0,0.0,0.0,0.0,0.7163316377708322,0.6143286754778456,0.09809896900767885,0.2526309343782891,wait:0.000000
13,90:0,90,no_addition,False,0.0,0.0,0.0,0.0,0.0,0.0,0.0,0.0,0.0,0.0,0.5496088598221989,0.5230713273300622,0.13492759998526915,0.34468040679375855,wait:0.000000
13,91:0,91,no_addition,False,0.0,0.0,0.0,0.0,0.0,0.0,0.0,0.0,0.0,0.0,0.4008685735824922,0.45411787526818514,0.22139914132820376,0.16502895016143204,wait:0.000000
13,102:0,102,no_addition,False,0.0,0.0,0.0,0.0,0.0,0.0,0.0,0.0,0.0,0.0,0.701367219239883,0.26701134800970727,0.18771390352718884,0.3406883754000892,wait:0.000000
13,104:0,104,no_addition,False,0.0,0.0,0.0,0.0,0.0,0.0,0.0,0.0,0.0,0.0,0.4805291116972771,0.3077848861998414,0.24182705034992438,0.26225319894977905,wait:0.000000
13,106:0,106,no_addition,False,0.0,0.0,0.0,0.0,0.0,0.0,0.0,0.0,0.0,0.0,0.6038869960114561,0.39577465450103894,0.16466671110779404,0.16123358388235126,wait:0.000000
13,107:0,107,no_addition,False,0.0,0.0,0.0,0.0,0.0,0.0,0.0,0.0,0.0,0.0,0.5601272085917144,0.4027578298740651,0.11188658600935725,0.20311708869163475,wait:0.000000
13,111:0,111,no_addition,False,0.0,0.0,0.0,0.0,0.0,0.0,0.0,0.0,0.0,0.0,0.6296869035044703,0.48249741418436287,0.11558516615917062,0.1539376686338176,wait:0.000000
13,113:0,113,no_addition,False,0.0,0.0,0.0,0.0,0.0,0.0,0.0,0.0,0.0,0.0,0.36884265054638277,0.5871883438705638,0.20774743918817895,0.15152591661893103,wait:0.000000
13,117:0,117,no_addition,False,0.0,0.0,0.0,0.0,0.0,0.0,0.0,0.0,0.0,0.0,0.5762276374207189,0.31861268573099333,0.26177083556612213,0.28997807026483413,wait:0.000000
13,118:0,118,no_addition,False,0.0,0.0,0.0,0.0,0.0,0.0,0.0,0.0,0.0,0.0,0.7419538127860572,0.3257052711190269,0.22127615320016214,0.1744441787687567,wait:0.000000
14,3:0,3,no_addition,False,0.0,0.0,0.0,0.0,0.0,0.0,0.0,0.0,0.0,0.0,0.6216450067394355,0.5023413918212314,0.11447867665375151,0.3775813505449553,wait:0.000000
14,5:0,5,no_addition,False,0.0,0.0,0.0,0.0,0.0,0.0,0.0,0.0,0.0,0.0,0.46352023428589695,0.26921733187059427,0.1609773507552331,0.3021323944895209,wait:0.000000
14,8:0,8,no_addition,False,0.0,0.0,0.0,0.0,0.0,0.0,0.0,0.0,0.0,0.0,0.42224487806266675,0.31676733048151573,0.09743626015620943,0.3270836536953683,wait:0.000000
14,10:0,10,no_addition,False,0.0,0.0,0.0,0.0,0.0,0.0,0.0,0.0,0.0,0.0,0.5288431740927177,0.5882886561200341,0.2200923526510588,0.2973293003305126,wait:0.000000
14,11:0,11,no_addition,False,0.0,0.0,0.0,0.0,0.0,0.0,0.0,0.0,0.0,0.0,0.657146533296191,0.37812604292750296,0.11254230858288973,0.15467226241520335,wait:0.000000
14,16:0,16,no_addition,False,0.0,0.0,0.0,0.0,0.0,0.0,0.0,0.0,0.0,0.0,0.6713353420972463,0.35549804760622816,0.2005787070626945,0.1929285768508154,wait:0.000000
14,19:0,19,no_addition,False,0.0,0.0,0.0,0.0,0.0,0.0,0.0,0.0,0.0,0.0,0.7251883343647291,0.445278758799319,0.134934236822975,0.22963360758369958,wait:0.000000
14,20:0,20,no_addition,False,0.0,0.0,0.0,0.0,0.0,0.0,0.0,0.0,0.0,0.0,0.6195092762977208,0.4718195611743685,0.1422286741409436,0.34279558387592546,wait:0.000000
14,27:0,27,no_addition,False,0.0,0.0,0.0,0.0,0.0,0.0,0.0,0.0,0.0,0.0,0.6925893067107659,0.6392206064589001,0.15779028109324086,0.3684614046068823,wait:0.000000
14,30:0,30,no_addition,False,0.0,0.0,0.0,0.0,0.0,0.0,0.0,0.0,0.0,0.0,0.6113152525564187,0.48946698833342217,0.10568988529152609,0.2968595249016314,wait:0.000000
14,31:0,31,no_addition,False,0.0,0.0,0.0,0.0,0.0,0.0,0.0,0.0,0.0,0.0,0.639231730984955,0.5962232349389468,0.15877040446700252,0.19435374724412033,wait:0.000000
14,35:0,35,no_addition,False,0.0,0.0,0.0,0.0,0.0,0.0,0.0,0.0,0.0,0.0,0.5686148129675394,0.3808624764596319,0.11359345932382238,0.17179398486241937,wait:0.000000
14,37:0,37,no_addition,False,0.0,0.0,0.0,0.0,0.0,0.0,0.0,0.0,0.0,0.0,0.6566398133866089,0.6048095714434447,0.23900283811741982,0.19726177659029454,wait:0.000000
14,39:0,39,no_addition,False,0.0,0.0,0.0,0.0,0.0,0.0,0.0,0.0,0.0,0.0,0.4294577007052264,0.45942743266519215,0.11278642516549683,0.3142410343455689,wait:0.000000
14,42:0,42,no_addition,False,0.0,0.0,0.0,0.0,0.0,0.0,0.0,0.0,0.0,0.0,0.3646625997759556,0.43924046267399164,0.20447239480110982,0.16482639385390188,wait:0.000000
14,46:0,46,no_addition,False,0.0,0.0,0.0,0.0,0.0,0.0,0.0,0.0,0.0,0.0,0.46247147996441473,0.6596503611583785,0.18523664050489752,0.15567554392335484,wait:0.000000
14,49:0,49,no_addition,False,0.0,0.0,0.0,0.0,0.0,0.0,0.0,0.0,0.0,0.0,0.5412220236875722,0.6085239383184402,0.20702198292046725,0.3550969080079869,wait:0.000000
14,52:0,52,no_addition,False,0.0,0.0,0.0,0.0,0.0,0.0,0.0,0.0,0.0,0.0,0.6875190938505968,0.424566771177051,0.2476619091839592,0.2339709438701195,wait:0.000000
14,54:0,54,no_addition,False,0.0,0.0,0.0,0.0,0.0,0.0,0.0,0.0,0.0,0.0,0.36049733782908744,0.5523253568294493,0.25533682668695057,0.3412197200125101,wait:0.000000
14,58:0,58,no_addition,False,0.0,0.0,0.0,0.0,0.0,0.0,0.0,0.0,0.0,0.0,0.6198457129212576,0.4512439536464701,0.24863939297565013,0.20532809497258347,wait:0.000000
14,62:0,62,no_addition,False,0.0,0.0,0.0,0.0,0.0,0.0,0.0,0.0,0.0,0.0,0.7237425411252645,0.62163411087903,0.18924605477548054,0.1589368749570172,wait:0.000000
14,69:0,69,no_addition,False,0.0,0.0,0.0,0.0,0.0,0.0,0.0,0.0,0.0,0.0,0.6022842267235775,0.3907241381421482,0.12522009883263424,0.2509880233786041,wait:0.000000
14,70:0,70,no_addition,False,0.0,0.0,0.0,0.0,0.0,0.0,0.0,0.0,0.0,0.0,0.7250418326056267,0.49302427799958903,0.2066890976646894,0.2580273057930491,wait:0.000000
14,73:0,73,no_addition,False,0.0,0.0,0.0,0.0,0.0,0.0,0.0,0.0,0.0,0.0,0.40420682498105226,0.36825884895626715,0.10135193454551357,0.21381812730705063,wait:0.000000
14,75:0,75,no_addition,False,0.0,0.0,0.0,0.0,0.0,0.0,0.0,0.0,0.0,0.0,0.4230941969831738,0.5146117501535823,0.14526836109731428,0.21203597939779312,wait:0.000000
14,79:0,79,no_addition,False,0.0,0.0,0.0,0.0,0.0,0.0,0.0,0.0,0.0,0.0,0.6554007144387883,0.3386993507256493,0.11701546148724276,0.22854336518025284,wait:0.000000
14,82:0,82,no_addition,False,0.0,0.0,0.0,0.0,0.0,0.0,0.0,0.0,0.0,0.0,0.7286328395366878,0.36352177295393373,0.15698912011979346,0.1520510595522537,wait:0.000000
14,83:0,83,no_addition,False,0.0,0.0,0.0,0.0,0.0,0.0,0.0,0.0,0.0,0.0,0.6992496307348407,0.3248307718207073,0.26025238770990045,0.20168454668107402,wait:0.000000
14,88:0,88,no_addition,False,0.0,0.0,0.0,0.0,0.0,0.0,0.0,0.0,0.0,0.0,0.7163316377708322,0.6143286754778456,0.09809896900767885,0.2526309343782891,wait:0.000000
14,90:0,90,no_addition,False,0.0,0.0,0.0,0.0,0.0,0.0,0.0,0.0,0.0,0.0,0.5496088598221989,0.5230713273300622,0.13492759998526915,0.34468040679375855,wait:0.000000
14,91:0,91,no_addition,False,0.0,0.0,0.0,0.0,0.0,0.0,0.0,0.0,0.0,0.0,0.4008685735824922,0.45411787526818514,0.22139914132820376,0.16502895016143204,wait:0.000000
14,102:0,102,no_addition,False,0.0,0.0,0.0,0.0,0.0,0.0,0.0,0.0,0.0,0.0,0.701367219239883,0.26701134800970727,0.18771390352718884,0.3406883754000892,wait:0.000000
14,104:0,104,no_addition,False,0.0,0.0,0.0,0.0,0.0,0.0,0.0,0.0,0.0,0.0,0.4805291116972771,0.3077848861998414,0.24182705034992438,0.26225319894977905,wait:0.000000
14,106:0,106,no_addition,False,0.0,0.0,0.0,0.0,0.0,0.0,0.0,0.0,0.0,0.0,0.6038869960114561,0.39577465450103894,0.16466671110779404,0.16123358388235126,wait:0.000000
14,107:0,107,no_addition,False,0.0,0.0,0.0,0.0,0.0,0.0,0.0,0.0,0.0,0.0,0.5601272085917144,0.4027578298740651,0.11188658600935725,0.20311708869163475,wait:0.000000
14,111:0,111,no_addition,False,0.0,0.0,0.0,0.0,0.0,0.0,0.0,0.0,0.0,0.0,0.6296869035044703,0.48249741418436287,0.11558516615917062,0.1539376686338176,wait:0.000000
14,113:0,113,no_addition,False,0.0,0.0,0.0,0.0,0.0,0.0,0.0,0.0,0.0,0.0,0.36884265054638277,0.5871883438705638,0.20774743918817895,0.15152591661893103,wait:0.000000
14,117:0,117,no_addition,False,0.0,0.0,0.0,0.0,0.0,0.0,0.0,0.0,0.0,0.0,0.5762276374207189,0.31861268573099333,0.26177083556612213,0.28997807026483413,wait:0.000000
14,118:0,118,no_addition,False,0.0,0.0,0.0,0.0,0.0,0.0,0.0,0.0,0.0,0.0,0.7419538127860572,0.3257052711190269,0.22127615320016214,0.1744441787687567,wait:0.000000
15,3:0,3,no_addition,False,0.0,0.0,0.0,0.0,0.0,0.0,0.0,0.0,0.0,0.0,0.6216450067394355,0.5023413918212314,0.11447867665375151,0.3775813505449553,wait:0.000000
15,5:0,5,no_addition,False,0.0,0.0,0.0,0.0,0.0,0.0,0.0,0.0,0.0,0.0,0.46352023428589695,0.26921733187059427,0.1609773507552331,0.3021323944895209,wait:0.000000
15,8:0,8,no_addition,False,0.0,0.0,0.0,0.0,0.0,0.0,0.0,0.0,0.0,0.0,0.42224487806266675,0.31676733048151573,0.09743626015620943,0.3270836536953683,wait:0.000000
15,10:0,10,no_addition,False,0.0,0.0,0.0,0.0,0.0,0.0,0.0,0.0,0.0,0.0,0.5288431740927177,0.5882886561200341,0.2200923526510588,0.2973293003305126,wait:0.000000
15,11:0,11,no_addition,False,0.0,0.0,0.0,0.0,0.0,0.0,0.0,0.0,0.0,0.0,0.657146533296191,0.37812604292750296,0.11254230858288973,0.15467226241520335,wait:0.000000
15,16:0,16,no_addition,False,0.0,0.0,0.0,0.0,0.0,0.0,0.0,0.0,0.0,0.0,0.6713353420972463,0.35549804760622816,0.2005787070626945,0.1929285768508154,wait:0.000000
15,19:0,19,no_addition,False,0.0,0.0,0.0,0.0,0.0,0.0,0.0,0.0,0.0,0.0,0.7251883343647291,0.445278758799319,0.134934236822975,0.22963360758369958,wait:0.000000
15,20:0,20,no_addition,False,0.0,0.0,0.0,0.0,0.0,0.0,0.0,0.0,0.0,0.0,0.6195092762977208,0.4718195611743685,0.1422286741409436,0.34279558387592546,wait:0.000000
15,27:0,27,no_addition,False,0.0,0.0,0.0,0.0,0.0,0.0,0.0,0.0,0.0,0.0,0.6925893067107659,0.6392206064589001,0.15779028109324086,0.3684614046068823,wait:0.000000
15,30:0,30,no_addition,False,0.0,0.0,0.0,0.0,0.0,0.0,0.0,0.0,0.0,0.0,0.6113152525564187,0.48946698833342217,0.10568988529152609,0.2968595249016314,wait:0.000000
15,31:0,31,no_addition,False,0.0,0.0,0.0,0.0,0.0,0.0,0.0,0.0,0.0,0.0,0.639231730984955,0.5962232349389468,0.15877040446700252,0.19435374724412033,wait:0.000000
15,35:0,35,no_addition,False,0.0,0.0,0.0,0.0,0.0,0.0,0.0,0.0,0.0,0.0,0.5686148129675394,0.3808624764596319,0.11359345932382238,0.17179398486241937,wait:0.000000
15,37:0,37,no_addition,False,0.0,0.0,0.0,0.0,0.0,0.0,0.0,0.0,0.0,0.0,0.6566398133866089,0.6048095714434447,0.23900283811741982,0.19726177659029454,wait:0.000000
15,39:0,39,no_addition,False,0.0,0.0,0.0,0.0,0.0,0.0,0.0,0.0,0.0,0.0,0.4294577007052264,0.45942743266519215,0.11278642516549683,0.3142410343455689,wait:0.000000
15,42:0,42,no_addition,False,0.0,0.0,0.0,0.0,0.0,0.0,0.0,0.0,0.0,0.0,0.3646625997759556,0.43924046267399164,0.20447239480110982,0.16482639385390188,wait:0.000000
15,46:0,46,no_addition,False,0.0,0.0,0.0,0.0,0.0,0.0,0.0,0.0,0.0,0.0,0.46247147996441473,0.6596503611583785,0.18523664050489752,0.15567554392335484,wait:0.000000
15,49:0,49,no_addition,False,0.0,0.0,0.0,0.0,0.0,0.0,0.0,0.0,0.0,0.0,0.5412220236875722,0.6085239383184402,0.20702198292046725,0.3550969080079869,wait:0.000000
15,52:0,52,no_addition,False,0.0,0.0,0.0,0.0,0.0,0.0,0.0,0.0,0.0,0.0,0.6875190938505968,0.424566771177051,0.2476619091839592,0.2339709438701195,wait:0.000000
15,54:0,54,no_addition,False,0.0,0.0,0.0,0.0,0.0,0.0,0.0,0.0,0.0,0.0,0.36049733782908744,0.5523253568294493,0.25533682668695057,0.3412197200125101,wait:0.000000
15,58:0,58,no_addition,False,0.0,0.0,0.0,0.0,0.0,0.0,0.0,0.0,0.0,0.0,0.6198457129212576,0.4512439536464701,0.24863939297565013,0.20532809497258347,wait:0.000000
15,62:0,62,no_addition,False,0.0,0.0,0.0,0.0,0.0,0.0,0.0,0.0,0.0,0.0,0.7237425411252645,0.62163411087903,0.18924605477548054,0.1589368749570172,wait:0.000000
15,69:0,69,no_addition,False,0.0,0.0,0.0,0.0,0.0,0.0,0.0,0.0,0.0,0.0,0.6022842267235775,0.3907241381421482,0.12522009883263424,0.2509880233786041,wait:0.000000
15,70:0,70,no_addition,False,0.0,0.0,0.0,0.0,0.0,0.0,0.0,0.0,0.0,0.0,0.7250418326056267,0.49302427799958903,0.2066890976646894,0.2580273057930491,wait:0.000000
15,73:0,73,no_addition,False,0.0,0.0,0.0,0.0,0.0,0.0,0.0,0.0,0.0,0.0,0.40420682498105226,0.36825884895626715,0.10135193454551357,0.21381812730705063,wait:0.000000
15,75:0,75,no_addition,False,0.0,0.0,0.0,0.0,0.0,0.0,0.0,0.0,0.0,0.0,0.4230941969831738,0.5146117501535823,0.14526836109731428,0.21203597939779312,wait:0.000000
15,79:0,79,no_addition,False,0.0,0.0,0.0,0.0,0.0,0.0,0.0,0.0,0.0,0.0,0.6554007144387883,0.3386993507256493,0.11701546148724276,0.22854336518025284,wait:0.000000
15,82:0,82,no_addition,False,0.0,0.0,0.0,0.0,0.0,0.0,0.0,0.0,0.0,0.0,0.7286328395366878,0.36352177295393373,0.15698912011979346,0.1520510595522537,wait:0.000000
15,83:0,83,no_addition,False,0.0,0.0,0.0,0.0,0.0,0.0,0.0,0.0,0.0,0.0,0.6992496307348407,0.3248307718207073,0.26025238770990045,0.20168454668107402,wait:0.000000
15,88:0,88,no_addition,False,0.0,0.0,0.0,0.0,0.0,0.0,0.0,0.0,0.0,0.0,0.7163316377708322,0.6143286754778456,0.09809896900767885,0.2526309343782891,wait:0.000000
15,90:0,90,no_addition,False,0.0,0.0,0.0,0.0,0.0,0.0,0.0,0.0,0.0,0.0,0.5496088598221989,0.5230713273300622,0.13492759998526915,0.34468040679375855,wait:0.000000
15,91:0,91,no_addition,False,0.0,0.0,0.0,0.0,0.0,0.0,0.0,0.0,0.0,0.0,0.4008685735824922,0.45411787526818514,0.22139914132820376,0.16502895016143204,wait:0.000000
15,102:0,102,no_addition,False,0.0,0.0,0.0,0.0,0.0,0.0,0.0,0.0,0.0,0.0,0.701367219239883,0.26701134800970727,0.18771390352718884,0.3406883754000892,wait:0.000000
15,104:0,104,no_addition,False,0.0,0.0,0.0,0.0,0.0,0.0,0.0,0.0,0.0,0.0,0.4805291116972771,0.3077848861998414,0.24182705034992438,0.26225319894977905,wait:0.000000
15,106:0,106,no_addition,False,0.0,0.0,0.0,0.0,0.0,0.0,0.0,0.0,0.0,0.0,0.6038869960114561,0.39577465450103894,0.16466671110779404,0.16123358388235126,wait:0.000000
15,107:0,107,no_addition,False,0.0,0.0,0.0,0.0,0.0,0.0,0.0,0.0,0.0,0.0,0.5601272085917144,0.4027578298740651,0.11188658600935725,0.20311708869163475,wait:0.000000
15,111:0,111,no_addition,False,0.0,0.0,0.0,0.0,0.0,0.0,0.0,0.0,0.0,0.0,0.6296869035044703,0.48249741418436287,0.11558516615917062,0.1539376686338176,wait:0.000000
15,113:0,113,no_addition,False,0.0,0.0,0.0,0.0,0.0,0.0,0.0,0.0,0.0,0.0,0.36884265054638277,0.5871883438705638,0.20774743918817895,0.15152591661893103,wait:0.000000
15,117:0,117,no_addition,False,0.0,0.0,0.0,0.0,0.0,0.0,0.0,0.0,0.0,0.0,0.5762276374207189,0.31861268573099333,0.26177083556612213,0.28997807026483413,wait:0.000000
15,118:0,118,no_addition,False,0.0,0.0,0.0,0.0,0.0,0.0,0.0,0.0,0.0,0.0,0.7419538127860572,0.3257052711190269,0.22127615320016214,0.1744441787687567,wait:0.000000
16,3:0,3,no_addition,False,0.0,0.0,0.0,0.0,0.0,0.0,0.0,0.0,0.0,0.0,0.6216450067394355,0.5023413918212314,0.11447867665375151,0.3775813505449553,wait:0.000000
16,5:0,5,no_addition,False,0.0,0.0,0.0,0.0,0.0,0.0,0.0,0.0,0.0,0.0,0.46352023428589695,0.26921733187059427,0.1609773507552331,0.3021323944895209,wait:0.000000
16,8:0,8,no_addition,False,0.0,0.0,0.0,0.0,0.0,0.0,0.0,0.0,0.0,0.0,0.42224487806266675,0.31676733048151573,0.09743626015620943,0.3270836536953683,wait:0.000000
16,10:0,10,no_addition,False,0.0,0.0,0.0,0.0,0.0,0.0,0.0,0.0,0.0,0.0,0.5288431740927177,0.5882886561200341,0.2200923526510588,0.2973293003305126,wait:0.000000
16,11:0,11,no_addition,False,0.0,0.0,0.0,0.0,0.0,0.0,0.0,0.0,0.0,0.0,0.657146533296191,0.37812604292750296,0.11254230858288973,0.15467226241520335,wait:0.000000
16,16:0,16,no_addition,False,0.0,0.0,0.0,0.0,0.0,0.0,0.0,0.0,0.0,0.0,0.6713353420972463,0.35549804760622816,0.2005787070626945,0.1929285768508154,wait:0.000000
16,19:0,19,no_addition,False,0.0,0.0,0.0,0.0,0.0,0.0,0.0,0.0,0.0,0.0,0.7251883343647291,0.445278758799319,0.134934236822975,0.22963360758369958,wait:0.000000
16,20:0,20,no_addition,False,0.0,0.0,0.0,0.0,0.0,0.0,0.0,0.0,0.0,0.0,0.6195092762977208,0.4718195611743685,0.1422286741409436,0.34279558387592546,wait:0.000000
16,27:0,27,no_addition,False,0.0,0.0,0.0,0.0,0.0,0.0,0.0,0.0,0.0,0.0,0.6925893067107659,0.6392206064589001,0.15779028109324086,0.3684614046068823,wait:0.000000
16,30:0,30,no_addition,False,0.0,0.0,0.0,0.0,0.0,0.0,0.0,0.0,0.0,0.0,0.6113152525564187,0.48946698833342217,0.10568988529152609,0.2968595249016314,wait:0.000000
16,31:0,31,no_addition,False,0.0,0.0,0.0,0.0,0.0,0.0,0.0,0.0,0.0,0.0,0.639231730984955,0.5962232349389468,0.15877040446700252,0.19435374724412033,wait:0.000000
16,35:0,35,no_addition,False,0.0,0.0,0.0,0.0,0.0,0.0,0.0,0.0,0.0,0.0,0.5686148129675394,0.3808624764596319,0.11359345932382238,0.17179398486241937,wait:0.000000
16,37:0,37,no_addition,False,0.0,0.0,0.0,0.0,0.0,0.0,0.0,0.0,0.0,0.0,0.6566398133866089,0.6048095714434447,0.23900283811741982,0.19726177659029454,wait:0.000000
16,39:0,39,no_addition,False,0.0,0.0,0.0,0.0,0.0,0.0,0.0,0.0,0.0,0.0,0.4294577007052264,0.45942743266519215,0.11278642516549683,0.3142410343455689,wait:0.000000
16,42:0,42,no_addition,False,0.0,0.0,0.0,0.0,0.0,0.0,0.0,0.0,0.0,0.0,0.3646625997759556,0.43924046267399164,0.20447239480110982,0.16482639385390188,wait:0.000000
16,46:0,46,no_addition,False,0.0,0.0,0.0,0.0,0.0,0.0,0.0,0.0,0.0,0.0,0.46247147996441473,0.6596503611583785,0.18523664050489752,0.15567554392335484,wait:0.000000
16,49:0,49,no_addition,False,0.0,0.0,0.0,0.0,0.0,0.0,0.0,0.0,0.0,0.0,0.5412220236875722,0.6085239383184402,0.20702198292046725,0.3550969080079869,wait:0.000000
16,52:0,52,no_addition,False,0.0,0.0,0.0,0.0,0.0,0.0,0.0,0.0,0.0,0.0,0.6875190938505968,0.424566771177051,0.2476619091839592,0.2339709438701195,wait:0.000000
16,54:0,54,no_addition,False,0.0,0.0,0.0,0.0,0.0,0.0,0.0,0.0,0.0,0.0,0.36049733782908744,0.5523253568294493,0.25533682668695057,0.3412197200125101,wait:0.000000
16,58:0,58,no_addition,False,0.0,0.0,0.0,0.0,0.0,0.0,0.0,0.0,0.0,0.0,0.6198457129212576,0.4512439536464701,0.24863939297565013,0.20532809497258347,wait:0.000000
16,62:0,62,no_addition,False,0.0,0.0,0.0,0.0,0.0,0.0,0.0,0.0,0.0,0.0,0.7237425411252645,0.62163411087903,0.18924605477548054,0.1589368749570172,wait:0.000000
16,69:0,69,no_addition,False,0.0,0.0,0.0,0.0,0.0,0.0,0.0,0.0,0.0,0.0,0.6022842267235775,0.3907241381421482,0.12522009883263424,0.2509880233786041,wait:0.000000
16,70:0,70,no_addition,False,0.0,0.0,0.0,0.0,0.0,0.0,0.0,0.0,0.0,0.0,0.7250418326056267,0.49302427799958903,0.2066890976646894,0.2580273057930491,wait:0.000000
16,73:0,73,no_addition,False,0.0,0.0,0.0,0.0,0.0,0.0,0.0,0.0,0.0,0.0,0.40420682498105226,0.36825884895626715,0.10135193454551357,0.21381812730705063,wait:0.000000
16,75:0,75,no_addition,False,0.0,0.0,0.0,0.0,0.0,0.0,0.0,0.0,0.0,0.0,0.4230941969831738,0.5146117501535823,0.14526836109731428,0.21203597939779312,wait:0.000000
16,79:0,79,no_addition,False,0.0,0.0,0.0,0.0,0.0,0.0,0.0,0.0,0.0,0.0,0.6554007144387883,0.3386993507256493,0.11701546148724276,0.22854336518025284,wait:0.000000
16,82:0,82,no_addition,False,0.0,0.0,0.0,0.0,0.0,0.0,0.0,0.0,0.0,0.0,0.7286328395366878,0.36352177295393373,0.15698912011979346,0.1520510595522537,wait:0.000000
16,83:0,83,no_addition,False,0.0,0.0,0.0,0.0,0.0,0.0,0.0,0.0,0.0,0.0,0.6992496307348407,0.3248307718207073,0.26025238770990045,0.20168454668107402,wait:0.000000
16,88:0,88,no_addition,False,0.0,0.0,0.0,0.0,0.0,0.0,0.0,0.0,0.0,0.0,0.7163316377708322,0.6143286754778456,0.09809896900767885,0.2526309343782891,wait:0.000000
16,90:0,90,no_addition,False,0.0,0.0,0.0,0.0,0.0,0.0,0.0,0.0,0.0,0.0,0.5496088598221989,0.5230713273300622,0.13492759998526915,0.34468040679375855,wait:0.000000
16,91:0,91,no_addition,False,0.0,0.0,0.0,0.0,0.0,0.0,0.0,0.0,0.0,0.0,0.4008685735824922,0.45411787526818514,0.22139914132820376,0.16502895016143204,wait:0.000000
16,102:0,102,no_addition,False,0.0,0.0,0.0,0.0,0.0,0.0,0.0,0.0,0.0,0.0,0.701367219239883,0.26701134800970727,0.18771390352718884,0.3406883754000892,wait:0.000000
16,104:0,104,no_addition,False,0.0,0.0,0.0,0.0,0.0,0.0,0.0,0.0,0.0,0.0,0.4805291116972771,0.3077848861998414,0.24182705034992438,0.26225319894977905,wait:0.000000
16,106:0,106,no_addition,False,0.0,0.0,0.0,0.0,0.0,0.0,0.0,0.0,0.0,0.0,0.6038869960114561,0.39577465450103894,0.16466671110779404,0.16123358388235126,wait:0.000000
16,107:0,107,no_addition,False,0.0,0.0,0.0,0.0,0.0,0.0,0.0,0.0,0.0,0.0,0.5601272085917144,0.4027578298740651,0.11188658600935725,0.20311708869163475,wait:0.000000
16,111:0,111,no_addition,False,0.0,0.0,0.0,0.0,0.0,0.0,0.0,0.0,0.0,0.0,0.6296869035044703,0.48249741418436287,0.11558516615917062,0.1539376686338176,wait:0.000000
16,113:0,113,no_addition,False,0.0,0.0,0.0,0.0,0.0,0.0,0.0,0.0,0.0,0.0,0.36884265054638277,0.5871883438705638,0.20774743918817895,0.15152591661893103,wait:0.000000
16,117:0,117,no_addition,False,0.0,0.0,0.0,0.0,0.0,0.0,0.0,0.0,0.0,0.0,0.5762276374207189,0.31861268573099333,0.26177083556612213,0.28997807026483413,wait:0.000000
16,118:0,118,no_addition,False,0.0,0.0,0.0,0.0,0.0,0.0,0.0,0.0,0.0,0.0,0.7419538127860572,0.3257052711190269,0.22127615320016214,0.1744441787687567,wait:0.000000
17,3:0,3,no_addition,False,0.0,0.0,0.0,0.0,0.0,0.0,0.0,0.0,0.0,0.0,0.6216450067394355,0.5023413918212314,0.11447867665375151,0.3775813505449553,wait:0.000000
17,5:0,5,no_addition,False,0.0,0.0,0.0,0.0,0.0,0.0,0.0,0.0,0.0,0.0,0.46352023428589695,0.26921733187059427,0.1609773507552331,0.3021323944895209,wait:0.000000
17,8:0,8,no_addition,False,0.0,0.0,0.0,0.0,0.0,0.0,0.0,0.0,0.0,0.0,0.42224487806266675,0.31676733048151573,0.09743626015620943,0.3270836536953683,wait:0.000000
17,10:0,10,no_addition,False,0.0,0.0,0.0,0.0,0.0,0.0,0.0,0.0,0.0,0.0,0.5288431740927177,0.5882886561200341,0.2200923526510588,0.2973293003305126,wait:0.000000
17,11:0,11,no_addition,False,0.0,0.0,0.0,0.0,0.0,0.0,0.0,0.0,0.0,0.0,0.657146533296191,0.37812604292750296,0.11254230858288973,0.15467226241520335,wait:0.000000
17,16:0,16,no_addition,False,0.0,0.0,0.0,0.0,0.0,0.0,0.0,0.0,0.0,0.0,0.6713353420972463,0.35549804760622816,0.2005787070626945,0.1929285768508154,wait:0.000000
17,19:0,19,no_addition,False,0.0,0.0,0.0,0.0,0.0,0.0,0.0,0.0,0.0,0.0,0.7251883343647291,0.445278758799319,0.134934236822975,0.22963360758369958,wait:0.000000
17,20:0,20,no_addition,False,0.0,0.0,0.0,0.0,0.0,0.0,0.0,0.0,0.0,0.0,0.6195092762977208,0.4718195611743685,0.1422286741409436,0.34279558387592546,wait:0.000000
17,27:0,27,no_addition,False,0.0,0.0,0.0,0.0,0.0,0.0,0.0,0.0,0.0,0.0,0.6925893067107659,0.6392206064589001,0.15779028109324086,0.3684614046068823,wait:0.000000
17,30:0,30,no_addition,False,0.0,0.0,0.0,0.0,0.0,0.0,0.0,0.0,0.0,0.0,0.6113152525564187,0.48946698833342217,0.10568988529152609,0.2968595249016314,wait:0.000000
17,31:0,31,no_addition,False,0.0,0.0,0.0,0.0,0.0,0.0,0.0,0.0,0.0,0.0,0.639231730984955,0.5962232349389468,0.15877040446700252,0.19435374724412033,wait:0.000000
17,35:0,35,no_addition,False,0.0,0.0,0.0,0.0,0.0,0.0,0.0,0.0,0.0,0.0,0.5686148129675394,0.3808624764596319,0.11359345932382238,0.17179398486241937,wait:0.000000
17,37:0,37,no_addition,False,0.0,0.0,0.0,0.0,0.0,0.0,0.0,0.0,0.0,0.0,0.6566398133866089,0.6048095714434447,0.23900283811741982,0.19726177659029454,wait:0.000000
17,39:0,39,no_addition,False,0.0,0.0,0.0,0.0,0.0,0.0,0.0,0.0,0.0,0.0,0.4294577007052264,0.45942743266519215,0.11278642516549683,0.3142410343455689,wait:0.000000
17,42:0,42,no_addition,False,0.0,0.0,0.0,0.0,0.0,0.0,0.0,0.0,0.0,0.0,0.3646625997759556,0.43924046267399164,0.20447239480110982,0.16482639385390188,wait:0.000000
17,46:0,46,no_addition,False,0.0,0.0,0.0,0.0,0.0,0.0,0.0,0.0,0.0,0.0,0.46247147996441473,0.6596503611583785,0.18523664050489752,0.15567554392335484,wait:0.000000
17,49:0,49,no_addition,False,0.0,0.0,0.0,0.0,0.0,0.0,0.0,0.0,0.0,0.0,0.5412220236875722,0.6085239383184402,0.20702198292046725,0.3550969080079869,wait:0.000000
17,52:0,52,no_addition,False,0.0,0.0,0.0,0.0,0.0,0.0,0.0,0.0,0.0,0.0,0.6875190938505968,0.424566771177051,0.2476619091839592,0.2339709438701195,wait:0.000000
17,54:0,54,no_addition,False,0.0,0.0,0.0,0.0,0.0,0.0,0.0,0.0,0.0,0.0,0.36049733782908744,0.5523253568294493,0.25533682668695057,0.3412197200125101,wait:0.000000
17,58:0,58,no_addition,False,0.0,0.0,0.0,0.0,0.0,0.0,0.0,0.0,0.0,0.0,0.6198457129212576,0.4512439536464701,0.24863939297565013,0.20532809497258347,wait:0.000000
17,62:0,62,no_addition,False,0.0,0.0,0.0,0.0,0.0,0.0,0.0,0.0,0.0,0.0,0.7237425411252645,0.62163411087903,0.18924605477548054,0.1589368749570172,wait:0.000000
17,69:0,69,no_addition,False,0.0,0.0,0.0,0.0,0.0,0.0,0.0,0.0,0.0,0.0,0.6022842267235775,0.3907241381421482,0.12522009883263424,0.2509880233786041,wait:0.000000
17,70:0,70,no_addition,False,0.0,0.0,0.0,0.0,0.0,0.0,0.0,0.0,0.0,0.0,0.7250418326056267,0.49302427799958903,0.2066890976646894,0.2580273057930491,wait:0.000000
17,73:0,73,no_addition,False,0.0,0.0,0.0,0.0,0.0,0.0,0.0,0.0,0.0,0.0,0.40420682498105226,0.36825884895626715,0.10135193454551357,0.21381812730705063,wait:0.000000
17,75:0,75,no_addition,False,0.0,0.0,0.0,0.0,0.0,0.0,0.0,0.0,0.0,0.0,0.4230941969831738,0.5146117501535823,0.14526836109731428,0.21203597939779312,wait:0.000000
17,79:0,79,no_addition,False,0.0,0.0,0.0,0.0,0.0,0.0,0.0,0.0,0.0,0.0,0.6554007144387883,0.3386993507256493,0.11701546148724276,0.22854336518025284,wait:0.000000
17,82:0,82,no_addition,False,0.0,0.0,0.0,0.0,0.0,0.0,0.0,0.0,0.0,0.0,0.7286328395366878,0.36352177295393373,0.15698912011979346,0.1520510595522537,wait:0.000000
17,83:0,83,no_addition,False,0.0,0.0,0.0,0.0,0.0,0.0,0.0,0.0,0.0,0.0,0.6992496307348407,0.3248307718207073,0.26025238770990045,0.20168454668107402,wait:0.000000
17,88:0,88,no_addition,False,0.0,0.0,0.0,0.0,0.0,0.0,0.0,0.0,0.0,0.0,0.7163316377708322,0.6143286754778456,0.09809896900767885,0.2526309343782891,wait:0.000000
17,90:0,90,no_addition,False,0.0,0.0,0.0,0.0,0.0,0.0,0.0,0.0,0.0,0.0,0.5496088598221989,0.5230713273300622,0.13492759998526915,0.34468040679375855,wait:0.000000
17,91:0,91,no_addition,False,0.0,0.0,0.0,0.0,0.0,0.0,0.0,0.0,0.0,0.0,0.4008685735824922,0.45411787526818514,0.22139914132820376,0.16502895016143204,wait:0.000000
17,102:0,102,no_addition,False,0.0,0.0,0.0,0.0,0.0,0.0,0.0,0.0,0.0,0.0,0.701367219239883,0.26701134800970727,0.18771390352718884,0.3406883754000892,wait:0.000000
17,104:0,104,no_addition,False,0.0,0.0,0.0,0.0,0.0,0.0,0.0,0.0,0.0,0.0,0.4805291116972771,0.3077848861998414,0.24182705034992438,0.26225319894977905,wait:0.000000
17,106:0,106,no_addition,False,0.0,0.0,0.0,0.0,0.0,0.0,0.0,0.0,0.0,0.0,0.6038869960114561,0.39577465450103894,0.16466671110779404,0.16123358388235126,wait:0.000000
17,107:0,107,no_addition,False,0.0,0.0,0.0,0.0,0.0,0.0,0.0,0.0,0.0,0.0,0.5601272085917144,0.4027578298740651,0.11188658600935725,0.20311708869163475,wait:0.000000
17,111:0,111,no_addition,False,0.0,0.0,0.0,0.0,0.0,0.0,0.0,0.0,0.0,0.0,0.6296869035044703,0.48249741418436287,0.11558516615917062,0.1539376686338176,wait:0.000000
17,113:0,113,no_addition,False,0.0,0.0,0.0,0.0,0.0,0.0,0.0,0.0,0.0,0.0,0.36884265054638277,0.5871883438705638,0.20774743918817895,0.15152591661893103,wait:0.000000
17,117:0,117,no_addition,False,0.0,0.0,0.0,0.0,0.0,0.0,0.0,0.0,0.0,0.0,0.5762276374207189,0.31861268573099333,0.26177083556612213,0.28997807026483413,wait:0.000000
17,118:0,118,no_addition,False,0.0,0.0,0.0,0.0,0.0,0.0,0.0,0.0,0.0,0.0,0.7419538127860572,0.3257052711190269,0.22127615320016214,0.1744441787687567,wait:0.000000
18,3:0,3,no_addition,False,0.0,0.0,0.0,0.0,0.0,0.0,0.0,0.0,0.0,0.0,0.6216450067394355,0.5023413918212314,0.11447867665375151,0.3775813505449553,wait:0.000000
18,5:0,5,no_addition,False,0.0,0.0,0.0,0.0,0.0,0.0,0.0,0.0,0.0,0.0,0.46352023428589695,0.26921733187059427,0.1609773507552331,0.3021323944895209,wait:0.000000
18,8:0,8,no_addition,False,0.0,0.0,0.0,0.0,0.0,0.0,0.0,0.0,0.0,0.0,0.42224487806266675,0.31676733048151573,0.09743626015620943,0.3270836536953683,wait:0.000000
18,10:0,10,no_addition,False,0.0,0.0,0.0,0.0,0.0,0.0,0.0,0.0,0.0,0.0,0.5288431740927177,0.5882886561200341,0.2200923526510588,0.2973293003305126,wait:0.000000
18,11:0,11,no_addition,False,0.0,0.0,0.0,0.0,0.0,0.0,0.0,0.0,0.0,0.0,0.657146533296191,0.37812604292750296,0.11254230858288973,0.15467226241520335,wait:0.000000
18,16:0,16,no_addition,False,0.0,0.0,0.0,0.0,0.0,0.0,0.0,0.0,0.0,0.0,0.6713353420972463,0.35549804760622816,0.2005787070626945,0.1929285768508154,wait:0.000000
18,19:0,19,no_addition,False,0.0,0.0,0.0,0.0,0.0,0.0,0.0,0.0,0.0,0.0,0.7251883343647291,0.445278758799319,0.134934236822975,0.22963360758369958,wait:0.000000
18,20:0,20,no_addition,False,0.0,0.0,0.0,0.0,0.0,0.0,0.0,0.0,0.0,0.0,0.6195092762977208,0.4718195611743685,0.1422286741409436,0.34279558387592546,wait:0.000000
18,27:0,27,no_addition,False,0.0,0.0,0.0,0.0,0.0,0.0,0.0,0.0,0.0,0.0,0.6925893067107659,0.6392206064589001,0.15779028109324086,0.3684614046068823,wait:0.000000
18,30:0,30,no_addition,False,0.0,0.0,0.0,0.0,0.0,0.0,0.0,0.0,0.0,0.0,0.6113152525564187,0.48946698833342217,0.10568988529152609,0.2968595249016314,wait:0.000000
18,31:0,31,no_addition,False,0.0,0.0,0.0,0.0,0.0,0.0,0.0,0.0,0.0,0.0,0.639231730984955,0.5962232349389468,0.15877040446700252,0.19435374724412033,wait:0.000000
18,35:0,35,no_addition,False,0.0,0.0,0.0,0.0,0.0,0.0,0.0,0.0,0.0,0.0,0.5686148129675394,0.3808624764596319,0.11359345932382238,0.17179398486241937,wait:0.000000
18,37:0,37,no_addition,False,0.0,0.0,0.0,0.0,0.0,0.0,0.0,0.0,0.0,0.0,0.6566398133866089,0.6048095714434447,0.23900283811741982,0.19726177659029454,wait:0.000000
18,39:0,39,no_addition,False,0.0,0.0,0.0,0.0,0.0,0.0,0.0,0.0,0.0,0.0,0.4294577007052264,0.45942743266519215,0.11278642516549683,0.3142410343455689,wait:0.000000
18,42:0,42,no_addition,False,0.0,0.0,0.0,0.0,0.0,0.0,0.0,0.0,0.0,0.0,0.3646625997759556,0.43924046267399164,0.20447239480110982,0.16482639385390188,wait:0.000000
18,46:0,46,no_addition,False,0.0,0.0,0.0,0.0,0.0,0.0,0.0,0.0,0.0,0.0,0.46247147996441473,0.6596503611583785,0.18523664050489752,0.15567554392335484,wait:0.000000
18,49:0,49,no_addition,False,0.0,0.0,0.0,0.0,0.0,0.0,0.0,0.0,0.0,0.0,0.5412220236875722,0.6085239383184402,0.20702198292046725,0.3550969080079869,wait:0.000000
18,52:0,52,no_addition,False,0.0,0.0,0.0,0.0,0.0,0.0,0.0,0.0,0.0,0.0,0.6875190938505968,0.424566771177051,0.2476619091839592,0.2339709438701195,wait:0.000000
18,54:0,54,no_addition,False,0.0,0.0,0.0,0.0,0.0,0.0,0.0,0.0,0.0,0.0,0.36049733782908744,0.5523253568294493,0.25533682668695057,0.3412197200125101,wait:0.000000
18,58:0,58,no_addition,False,0.0,0.0,0.0,0.0,0.0,0.0,0.0,0.0,0.0,0.0,0.6198457129212576,0.4512439536464701,0.24863939297565013,0.20532809497258347,wait:0.000000
18,62:0,62,no_addition,False,0.0,0.0,0.0,0.0,0.0,0.0,0.0,0.0,0.0,0.0,0.7237425411252645,0.62163411087903,0.18924605477548054,0.1589368749570172,wait:0.000000
18,69:0,69,no_addition,False,0.0,0.0,0.0,0.0,0.0,0.0,0.0,0.0,0.0,0.0,0.6022842267235775,0.3907241381421482,0.12522009883263424,0.2509880233786041,wait:0.000000
18,70:0,70,no_addition,False,0.0,0.0,0.0,0.0,0.0,0.0,0.0,0.0,0.0,0.0,0.7250418326056267,0.49302427799958903,0.2066890976646894,0.2580273057930491,wait:0.000000
18,73:0,73,no_addition,False,0.0,0.0,0.0,0.0,0.0,0.0,0.0,0.0,0.0,0.0,0.40420682498105226,0.36825884895626715,0.10135193454551357,0.21381812730705063,wait:0.000000
18,75:0,75,no_addition,False,0.0,0.0,0.0,0.0,0.0,0.0,0.0,0.0,0.0,0.0,0.4230941969831738,0.5146117501535823,0.14526836109731428,0.21203597939779312,wait:0.000000
18,79:0,79,no_addition,False,0.0,0.0,0.0,0.0,0.0,0.0,0.0,0.0,0.0,0.0,0.6554007144387883,0.3386993507256493,0.11701546148724276,0.22854336518025284,wait:0.000000
18,82:0,82,no_addition,False,0.0,0.0,0.0,0.0,0.0,0.0,0.0,0.0,0.0,0.0,0.7286328395366878,0.36352177295393373,0.15698912011979346,0.1520510595522537,wait:0.000000
18,83:0,83,no_addition,False,0.0,0.0,0.0,0.0,0.0,0.0,0.0,0.0,0.0,0.0,0.6992496307348407,0.3248307718207073,0.26025238770990045,0.20168454668107402,wait:0.000000
18,88:0,88,no_addition,False,0.0,0.0,0.0,0.0,0.0,0.0,0.0,0.0,0.0,0.0,0.7163316377708322,0.6143286754778456,0.09809896900767885,0.2526309343782891,wait:0.000000
18,90:0,90,no_addition,False,0.0,0.0,0.0,0.0,0.0,0.0,0.0,0.0,0.0,0.0,0.5496088598221989,0.5230713273300622,0.13492759998526915,0.34468040679375855,wait:0.000000
18,91:0,91,no_addition,False,0.0,0.0,0.0,0.0,0.0,0.0,0.0,0.0,0.0,0.0,0.4008685735824922,0.45411787526818514,0.22139914132820376,0.16502895016143204,wait:0.000000
18,102:0,102,no_addition,False,0.0,0.0,0.0,0.0,0.0,0.0,0.0,0.0,0.0,0.0,0.701367219239883,0.26701134800970727,0.18771390352718884,0.3406883754000892,wait:0.000000
18,104:0,104,no_addition,False,0.0,0.0,0.0,0.0,0.0,0.0,0.0,0.0,0.0,0.0,0.4805291116972771,0.3077848861998414,0.24182705034992438,0.26225319894977905,wait:0.000000
18,106:0,106,no_addition,False,0.0,0.0,0.0,0.0,0.0,0.0,0.0,0.0,0.0,0.0,0.6038869960114561,0.39577465450103894,0.16466671110779404,0.16123358388235126,wait:0.000000
18,107:0,107,no_addition,False,0.0,0.0,0.0,0.0,0.0,0.0,0.0,0.0,0.0,0.0,0.5601272085917144,0.4027578298740651,0.11188658600935725,0.20311708869163475,wait:0.000000
18,111:0,111,no_addition,False,0.0,0.0,0.0,0.0,0.0,0.0,0.0,0.0,0.0,0.0,0.6296869035044703,0.48249741418436287,0.11558516615917062,0.1539376686338176,wait:0.000000
18,113:0,113,no_addition,False,0.0,0.0,0.0,0.0,0.0,0.0,0.0,0.0,0.0,0.0,0.36884265054638277,0.5871883438705638,0.20774743918817895,0.15152591661893103,wait:0.000000
18,117:0,117,no_addition,False,0.0,0.0,0.0,0.0,0.0,0.0,0.0,0.0,0.0,0.0,0.5762276374207189,0.31861268573099333,0.26177083556612213,0.28997807026483413,wait:0.000000
18,118:0,118,no_addition,False,0.0,0.0,0.0,0.0,0.0,0.0,0.0,0.0,0.0,0.0,0.7419538127860572,0.3257052711190269,0.22127615320016214,0.1744441787687567,wait:0.000000
19,3:0,3,no_addition,False,0.0,0.0,0.0,0.0,0.0,0.0,0.0,0.0,0.0,0.0,0.6216450067394355,0.5023413918212314,0.11447867665375151,0.3775813505449553,wait:0.000000
19,5:0,5,no_addition,False,0.0,0.0,0.0,0.0,0.0,0.0,0.0,0.0,0.0,0.0,0.46352023428589695,0.26921733187059427,0.1609773507552331,0.3021323944895209,wait:0.000000
19,8:0,8,no_addition,False,0.0,0.0,0.0,0.0,0.0,0.0,0.0,0.0,0.0,0.0,0.42224487806266675,0.31676733048151573,0.09743626015620943,0.3270836536953683,wait:0.000000
19,10:0,10,no_addition,False,0.0,0.0,0.0,0.0,0.0,0.0,0.0,0.0,0.0,0.0,0.5288431740927177,0.5882886561200341,0.2200923526510588,0.2973293003305126,wait:0.000000
19,11:0,11,no_addition,False,0.0,0.0,0.0,0.0,0.0,0.0,0.0,0.0,0.0,0.0,0.657146533296191,0.37812604292750296,0.11254230858288973,0.15467226241520335,wait:0.000000
19,16:0,16,no_addition,False,0.0,0.0,0.0,0.0,0.0,0.0,0.0,0.0,0.0,0.0,0.6713353420972463,0.35549804760622816,0.2005787070626945,0.1929285768508154,wait:0.000000
19,19:0,19,no_addition,False,0.0,0.0,0.0,0.0,0.0,0.0,0.0,0.0,0.0,0.0,0.7251883343647291,0.445278758799319,0.134934236822975,0.22963360758369958,wait:0.000000
19,20:0,20,no_addition,False,0.0,0.0,0.0,0.0,0.0,0.0,0.0,0.0,0.0,0.0,0.6195092762977208,0.4718195611743685,0.1422286741409436,0.34279558387592546,wait:0.000000
19,27:0,27,no_addition,False,0.0,0.0,0.0,0.0,0.0,0.0,0.0,0.0,0.0,0.0,0.6925893067107659,0.6392206064589001,0.15779028109324086,0.3684614046068823,wait:0.000000
19,30:0,30,no_addition,False,0.0,0.0,0.0,0.0,0.0,0.0,0.0,0.0,0.0,0.0,0.6113152525564187,0.48946698833342217,0.10568988529152609,0.2968595249016314,wait:0.000000
19,31:0,31,no_addition,False,0.0,0.0,0.0,0.0,0.0,0.0,0.0,0.0,0.0,0.0,0.639231730984955,0.5962232349389468,0.15877040446700252,0.19435374724412033,wait:0.000000
19,35:0,35,no_addition,False,0.0,0.0,0.0,0.0,0.0,0.0,0.0,0.0,0.0,0.0,0.5686148129675394,0.3808624764596319,0.11359345932382238,0.17179398486241937,wait:0.000000
19,37:0,37,no_addition,False,0.0,0.0,0.0,0.0,0.0,0.0,0.0,0.0,0.0,0.0,0.6566398133866089,0.6048095714434447,0.23900283811741982,0.19726177659029454,wait:0.000000
19,39:0,39,no_addition,False,0.0,0.0,0.0,0.0,0.0,0.0,0.0,0.0,0.0,0.0,0.4294577007052264,0.45942743266519215,0.11278642516549683,0.3142410343455689,wait:0.000000
19,42:0,42,no_addition,False,0.0,0.0,0.0,0.0,0.0,0.0,0.0,0.0,0.0,0.0,0.3646625997759556,0.43924046267399164,0.20447239480110982,0.16482639385390188,wait:0.000000
19,46:0,46,no_addition,False,0.0,0.0,0.0,0.0,0.0,0.0,0.0,0.0,0.0,0.0,0.46247147996441473,0.6596503611583785,0.18523664050489752,0.15567554392335484,wait:0.000000
19,49:0,49,no_addition,False,0.0,0.0,0.0,0.0,0.0,0.0,0.0,0.0,0.0,0.0,0.5412220236875722,0.6085239383184402,0.20702198292046725,0.3550969080079869,wait:0.000000
19,52:0,52,no_addition,False,0.0,0.0,0.0,0.0,0.0,0.0,0.0,0.0,0.0,0.0,0.6875190938505968,0.424566771177051,0.2476619091839592,0.2339709438701195,wait:0.000000
19,54:0,54,no_addition,False,0.0,0.0,0.0,0.0,0.0,0.0,0.0,0.0,0.0,0.0,0.36049733782908744,0.5523253568294493,0.25533682668695057,0.3412197200125101,wait:0.000000
19,58:0,58,no_addition,False,0.0,0.0,0.0,0.0,0.0,0.0,0.0,0.0,0.0,0.0,0.6198457129212576,0.4512439536464701,0.24863939297565013,0.20532809497258347,wait:0.000000
19,62:0,62,no_addition,False,0.0,0.0,0.0,0.0,0.0,0.0,0.0,0.0,0.0,0.0,0.7237425411252645,0.62163411087903,0.18924605477548054,0.1589368749570172,wait:0.000000
19,69:0,69,no_addition,False,0.0,0.0,0.0,0.0,0.0,0.0,0.0,0.0,0.0,0.0,0.6022842267235775,0.3907241381421482,0.12522009883263424,0.2509880233786041,wait:0.000000
19,70:0,70,no_addition,False,0.0,0.0,0.0,0.0,0.0,0.0,0.0,0.0,0.0,0.0,0.7250418326056267,0.49302427799958903,0.2066890976646894,0.2580273057930491,wait:0.000000
19,73:0,73,no_addition,False,0.0,0.0,0.0,0.0,0.0,0.0,0.0,0.0,0.0,0.0,0.40420682498105226,0.36825884895626715,0.10135193454551357,0.21381812730705063,wait:0.000000
19,75:0,75,no_addition,False,0.0,0.0,0.0,0.0,0.0,0.0,0.0,0.0,0.0,0.0,0.4230941969831738,0.5146117501535823,0.14526836109731428,0.21203597939779312,wait:0.000000
19,79:0,79,no_addition,False,0.0,0.0,0.0,0.0,0.0,0.0,0.0,0.0,0.0,0.0,0.6554007144387883,0.3386993507256493,0.11701546148724276,0.22854336518025284,wait:0.000000
19,82:0,82,no_addition,False,0.0,0.0,0.0,0.0,0.0,0.0,0.0,0.0,0.0,0.0,0.7286328395366878,0.36352177295393373,0.15698912011979346,0.1520510595522537,wait:0.000000
19,83:0,83,no_addition,False,0.0,0.0,0.0,0.0,0.0,0.0,0.0,0.0,0.0,0.0,0.6992496307348407,0.3248307718207073,0.26025238770990045,0.20168454668107402,wait:0.000000
19,88:0,88,no_addition,False,0.0,0.0,0.0,0.0,0.0,0.0,0.0,0.0,0.0,0.0,0.7163316377708322,0.6143286754778456,0.09809896900767885,0.2526309343782891,wait:0.000000
19,90:0,90,no_addition,False,0.0,0.0,0.0,0.0,0.0,0.0,0.0,0.0,0.0,0.0,0.5496088598221989,0.5230713273300622,0.13492759998526915,0.34468040679375855,wait:0.000000
19,91:0,91,no_addition,False,0.0,0.0,0.0,0.0,0.0,0.0,0.0,0.0,0.0,0.0,0.4008685735824922,0.45411787526818514,0.22139914132820376,0.16502895016143204,wait:0.000000
19,102:0,102,no_addition,False,0.0,0.0,0.0,0.0,0.0,0.0,0.0,0.0,0.0,0.0,0.701367219239883,0.26701134800970727,0.18771390352718884,0.3406883754000892,wait:0.000000
19,104:0,104,no_addition,False,0.0,0.0,0.0,0.0,0.0,0.0,0.0,0.0,0.0,0.0,0.4805291116972771,0.3077848861998414,0.24182705034992438,0.26225319894977905,wait:0.000000
19,106:0,106,no_addition,False,0.0,0.0,0.0,0.0,0.0,0.0,0.0,0.0,0.0,0.0,0.6038869960114561,0.39577465450103894,0.16466671110779404,0.16123358388235126,wait:0.000000
19,107:0,107,no_addition,False,0.0,0.0,0.0,0.0,0.0,0.0,0.0,0.0,0.0,0.0,0.5601272085917144,0.4027578298740651,0.11188658600935725,0.20311708869163475,wait:0.000000
19,111:0,111,no_addition,False,0.0,0.0,0.0,0.0,0.0,0.0,0.0,0.0,0.0,0.0,0.6296869035044703,0.48249741418436287,0.11558516615917062,0.1539376686338176,wait:0.000000
19,113:0,113,no_addition,False,0.0,0.0,0.0,0.0,0.0,0.0,0.0,0.0,0.0,0.0,0.36884265054638277,0.5871883438705638,0.20774743918817895,0.15152591661893103,wait:0.000000
19,117:0,117,no_addition,False,0.0,0.0,0.0,0.0,0.0,0.0,0.0,0.0,0.0,0.0,0.5762276374207189,0.31861268573099333,0.26177083556612213,0.28997807026483413,wait:0.000000
19,118:0,118,no_addition,False,0.0,0.0,0.0,0.0,0.0,0.0,0.0,0.0,0.0,0.0,0.7419538127860572,0.3257052711190269,0.22127615320016214,0.1744441787687567,wait:0.000000
20,3:0,3,no_addition,False,0.0,0.0,0.0,0.0,0.0,0.0,0.0,0.0,0.0,0.0,0.6216450067394355,0.5023413918212314,0.11447867665375151,0.3775813505449553,wait:0.000000
20,5:0,5,no_addition,False,0.0,0.0,0.0,0.0,0.0,0.0,0.0,0.0,0.0,0.0,0.46352023428589695,0.26921733187059427,0.1609773507552331,0.3021323944895209,wait:0.000000
20,8:0,8,no_addition,False,0.0,0.0,0.0,0.0,0.0,0.0,0.0,0.0,0.0,0.0,0.42224487806266675,0.31676733048151573,0.09743626015620943,0.3270836536953683,wait:0.000000
20,10:0,10,no_addition,False,0.0,0.0,0.0,0.0,0.0,0.0,0.0,0.0,0.0,0.0,0.5288431740927177,0.5882886561200341,0.2200923526510588,0.2973293003305126,wait:0.000000
20,11:0,11,no_addition,False,0.0,0.0,0.0,0.0,0.0,0.0,0.0,0.0,0.0,0.0,0.657146533296191,0.37812604292750296,0.11254230858288973,0.15467226241520335,wait:0.000000
20,16:0,16,no_addition,False,0.0,0.0,0.0,0.0,0.0,0.0,0.0,0.0,0.0,0.0,0.6713353420972463,0.35549804760622816,0.2005787070626945,0.1929285768508154,wait:0.000000
20,19:0,19,no_addition,False,0.0,0.0,0.0,0.0,0.0,0.0,0.0,0.0,0.0,0.0,0.7251883343647291,0.445278758799319,0.134934236822975,0.22963360758369958,wait:0.000000
20,20:0,20,no_addition,False,0.0,0.0,0.0,0.0,0.0,0.0,0.0,0.0,0.0,0.0,0.6195092762977208,0.4718195611743685,0.1422286741409436,0.34279558387592546,wait:0.000000
20,27:0,27,no_addition,False,0.0,0.0,0.0,0.0,0.0,0.0,0.0,0.0,0.0,0.0,0.6925893067107659,0.6392206064589001,0.15779028109324086,0.3684614046068823,wait:0.000000
20,30:0,30,no_addition,False,0.0,0.0,0.0,0.0,0.0,0.0,0.0,0.0,0.0,0.0,0.6113152525564187,0.48946698833342217,0.10568988529152609,0.2968595249016314,wait:0.000000
20,31:0,31,no_addition,False,0.0,0.0,0.0,0.0,0.0,0.0,0.0,0.0,0.0,0.0,0.639231730984955,0.5962232349389468,0.15877040446700252,0.19435374724412033,wait:0.000000
20,35:0,35,no_addition,False,0.0,0.0,0.0,0.0,0.0,0.0,0.0,0.0,0.0,0.0,0.5686148129675394,0.3808624764596319,0.11359345932382238,0.17179398486241937,wait:0.000000
20,37:0,37,no_addition,False,0.0,0.0,0.0,0.0,0.0,0.0,0.0,0.0,0.0,0.0,0.6566398133866089,0.6048095714434447,0.23900283811741982,0.19726177659029454,wait:0.000000
20,39:0,39,no_addition,False,0.0,0.0,0.0,0.0,0.0,0.0,0.0,0.0,0.0,0.0,0.4294577007052264,0.45942743266519215,0.11278642516549683,0.3142410343455689,wait:0.000000
20,42:0,42,no_addition,False,0.0,0.0,0.0,0.0,0.0,0.0,0.0,0.0,0.0,0.0,0.3646625997759556,0.43924046267399164,0.20447239480110982,0.16482639385390188,wait:0.000000
20,46:0,46,no_addition,False,0.0,0.0,0.0,0.0,0.0,0.0,0.0,0.0,0.0,0.0,0.46247147996441473,0.6596503611583785,0.18523664050489752,0.15567554392335484,wait:0.000000
20,49:0,49,no_addition,False,0.0,0.0,0.0,0.0,0.0,0.0,0.0,0.0,0.0,0.0,0.5412220236875722,0.6085239383184402,0.20702198292046725,0.3550969080079869,wait:0.000000
20,52:0,52,no_addition,False,0.0,0.0,0.0,0.0,0.0,0.0,0.0,0.0,0.0,0.0,0.6875190938505968,0.424566771177051,0.2476619091839592,0.2339709438701195,wait:0.000000
20,54:0,54,no_addition,False,0.0,0.0,0.0,0.0,0.0,0.0,0.0,0.0,0.0,0.0,0.36049733782908744,0.5523253568294493,0.25533682668695057,0.3412197200125101,wait:0.000000
20,58:0,58,no_addition,False,0.0,0.0,0.0,0.0,0.0,0.0,0.0,0.0,0.0,0.0,0.6198457129212576,0.4512439536464701,0.24863939297565013,0.20532809497258347,wait:0.000000
20,62:0,62,no_addition,False,0.0,0.0,0.0,0.0,0.0,0.0,0.0,0.0,0.0,0.0,0.7237425411252645,0.62163411087903,0.18924605477548054,0.1589368749570172,wait:0.000000
20,69:0,69,no_addition,False,0.0,0.0,0.0,0.0,0.0,0.0,0.0,0.0,0.0,0.0,0.6022842267235775,0.3907241381421482,0.12522009883263424,0.2509880233786041,wait:0.000000
20,70:0,70,no_addition,False,0.0,0.0,0.0,0.0,0.0,0.0,0.0,0.0,0.0,0.0,0.7250418326056267,0.49302427799958903,0.2066890976646894,0.2580273057930491,wait:0.000000
20,73:0,73,no_addition,False,0.0,0.0,0.0,0.0,0.0,0.0,0.0,0.0,0.0,0.0,0.40420682498105226,0.36825884895626715,0.10135193454551357,0.21381812730705063,wait:0.000000
20,75:0,75,no_addition,False,0.0,0.0,0.0,0.0,0.0,0.0,0.0,0.0,0.0,0.0,0.4230941969831738,0.5146117501535823,0.14526836109731428,0.21203597939779312,wait:0.000000
20,79:0,79,no_addition,False,0.0,0.0,0.0,0.0,0.0,0.0,0.0,0.0,0.0,0.0,0.6554007144387883,0.3386993507256493,0.11701546148724276,0.22854336518025284,wait:0.000000
20,82:0,82,no_addition,False,0.0,0.0,0.0,0.0,0.0,0.0,0.0,0.0,0.0,0.0,0.7286328395366878,0.36352177295393373,0.15698912011979346,0.1520510595522537,wait:0.000000
20,83:0,83,no_addition,False,0.0,0.0,0.0,0.0,0.0,0.0,0.0,0.0,0.0,0.0,0.6992496307348407,0.3248307718207073,0.26025238770990045,0.20168454668107402,wait:0.000000
20,88:0,88,no_addition,False,0.0,0.0,0.0,0.0,0.0,0.0,0.0,0.0,0.0,0.0,0.7163316377708322,0.6143286754778456,0.09809896900767885,0.2526309343782891,wait:0.000000
20,90:0,90,no_addition,False,0.0,0.0,0.0,0.0,0.0,0.0,0.0,0.0,0.0,0.0,0.5496088598221989,0.5230713273300622,0.13492759998526915,0.34468040679375855,wait:0.000000
20,91:0,91,no_addition,False,0.0,0.0,0.0,0.0,0.0,0.0,0.0,0.0,0.0,0.0,0.4008685735824922,0.45411787526818514,0.22139914132820376,0.16502895016143204,wait:0.000000
20,102:0,102,no_addition,False,0.0,0.0,0.0,0.0,0.0,0.0,0.0,0.0,0.0,0.0,0.701367219239883,0.26701134800970727,0.18771390352718884,0.3406883754000892,wait:0.000000
20,104:0,104,no_addition,False,0.0,0.0,0.0,0.0,0.0,0.0,0.0,0.0,0.0,0.0,0.4805291116972771,0.3077848861998414,0.24182705034992438,0.26225319894977905,wait:0.000000
20,106:0,106,no_addition,False,0.0,0.0,0.0,0.0,0.0,0.0,0.0,0.0,0.0,0.0,0.6038869960114561,0.39577465450103894,0.16466671110779404,0.16123358388235126,wait:0.000000
20,107:0,107,no_addition,False,0.0,0.0,0.0,0.0,0.0,0.0,0.0,0.0,0.0,0.0,0.5601272085917144,0.4027578298740651,0.11188658600935725,0.20311708869163475,wait:0.000000
20,111:0,111,no_addition,False,0.0,0.0,0.0,0.0,0.0,0.0,0.0,0.0,0.0,0.0,0.6296869035044703,0.48249741418436287,0.11558516615917062,0.1539376686338176,wait:0.000000
20,113:0,113,no_addition,False,0.0,0.0,0.0,0.0,0.0,0.0,0.0,0.0,0.0,0.0,0.36884265054638277,0.5871883438705638,0.20774743918817895,0.15152591661893103,wait:0.000000
20,117:0,117,no_addition,False,0.0,0.0,0.0,0.0,0.0,0.0,0.0,0.0,0.0,0.0,0.5762276374207189,0.31861268573099333,0.26177083556612213,0.28997807026483413,wait:0.000000
20,118:0,118,no_addition,False,0.0,0.0,0.0,0.0,0.0,0.0,0.0,0.0,0.0,0.0,0.7419538127860572,0.3257052711190269,0.22127615320016214,0.1744441787687567,wait:0.000000
21,3:0,3,no_addition,False,0.0,0.0,0.0,0.0,0.0,0.0,0.0,0.0,0.0,0.0,0.6216450067394355,0.5023413918212314,0.11447867665375151,0.3775813505449553,wait:0.000000
21,5:0,5,no_addition,False,0.0,0.0,0.0,0.0,0.0,0.0,0.0,0.0,0.0,0.0,0.46352023428589695,0.26921733187059427,0.1609773507552331,0.3021323944895209,wait:0.000000
21,8:0,8,no_addition,False,0.0,0.0,0.0,0.0,0.0,0.0,0.0,0.0,0.0,0.0,0.42224487806266675,0.31676733048151573,0.09743626015620943,0.3270836536953683,wait:0.000000
21,10:0,10,no_addition,False,0.0,0.0,0.0,0.0,0.0,0.0,0.0,0.0,0.0,0.0,0.5288431740927177,0.5882886561200341,0.2200923526510588,0.2973293003305126,wait:0.000000
21,11:0,11,no_addition,False,0.0,0.0,0.0,0.0,0.0,0.0,0.0,0.0,0.0,0.0,0.657146533296191,0.37812604292750296,0.11254230858288973,0.15467226241520335,wait:0.000000
21,16:0,16,no_addition,False,0.0,0.0,0.0,0.0,0.0,0.0,0.0,0.0,0.0,0.0,0.6713353420972463,0.35549804760622816,0.2005787070626945,0.1929285768508154,wait:0.000000
21,19:0,19,no_addition,False,0.0,0.0,0.0,0.0,0.0,0.0,0.0,0.0,0.0,0.0,0.7251883343647291,0.445278758799319,0.134934236822975,0.22963360758369958,wait:0.000000
21,20:0,20,no_addition,False,0.0,0.0,0.0,0.0,0.0,0.0,0.0,0.0,0.0,0.0,0.6195092762977208,0.4718195611743685,0.1422286741409436,0.34279558387592546,wait:0.000000
21,27:0,27,no_addition,False,0.0,0.0,0.0,0.0,0.0,0.0,0.0,0.0,0.0,0.0,0.6925893067107659,0.6392206064589001,0.15779028109324086,0.3684614046068823,wait:0.000000
21,30:0,30,no_addition,False,0.0,0.0,0.0,0.0,0.0,0.0,0.0,0.0,0.0,0.0,0.6113152525564187,0.48946698833342217,0.10568988529152609,0.2968595249016314,wait:0.000000
21,31:0,31,no_addition,False,0.0,0.0,0.0,0.0,0.0,0.0,0.0,0.0,0.0,0.0,0.639231730984955,0.5962232349389468,0.15877040446700252,0.19435374724412033,wait:0.000000
21,35:0,35,no_addition,False,0.0,0.0,0.0,0.0,0.0,0.0,0.0,0.0,0.0,0.0,0.5686148129675394,0.3808624764596319,0.11359345932382238,0.17179398486241937,wait:0.000000
21,37:0,37,no_addition,False,0.0,0.0,0.0,0.0,0.0,0.0,0.0,0.0,0.0,0.0,0.6566398133866089,0.6048095714434447,0.23900283811741982,0.19726177659029454,wait:0.000000
21,39:0,39,no_addition,False,0.0,0.0,0.0,0.0,0.0,0.0,0.0,0.0,0.0,0.0,0.4294577007052264,0.45942743266519215,0.11278642516549683,0.3142410343455689,wait:0.000000
21,42:0,42,no_addition,False,0.0,0.0,0.0,0.0,0.0,0.0,0.0,0.0,0.0,0.0,0.3646625997759556,0.43924046267399164,0.20447239480110982,0.16482639385390188,wait:0.000000
21,46:0,46,no_addition,False,0.0,0.0,0.0,0.0,0.0,0.0,0.0,0.0,0.0,0.0,0.46247147996441473,0.6596503611583785,0.18523664050489752,0.15567554392335484,wait:0.000000
21,49:0,49,no_addition,False,0.0,0.0,0.0,0.0,0.0,0.0,0.0,0.0,0.0,0.0,0.5412220236875722,0.6085239383184402,0.20702198292046725,0.3550969080079869,wait:0.000000
21,52:0,52,no_addition,False,0.0,0.0,0.0,0.0,0.0,0.0,0.0,0.0,0.0,0.0,0.6875190938505968,0.424566771177051,0.2476619091839592,0.2339709438701195,wait:0.000000
21,54:0,54,no_addition,False,0.0,0.0,0.0,0.0,0.0,0.0,0.0,0.0,0.0,0.0,0.36049733782908744,0.5523253568294493,0.25533682668695057,0.3412197200125101,wait:0.000000
21,58:0,58,no_addition,False,0.0,0.0,0.0,0.0,0.0,0.0,0.0,0.0,0.0,0.0,0.6198457129212576,0.4512439536464701,0.24863939297565013,0.20532809497258347,wait:0.000000
21,62:0,62,no_addition,False,0.0,0.0,0.0,0.0,0.0,0.0,0.0,0.0,0.0,0.0,0.7237425411252645,0.62163411087903,0.18924605477548054,0.1589368749570172,wait:0.000000
21,69:0,69,no_addition,False,0.0,0.0,0.0,0.0,0.0,0.0,0.0,0.0,0.0,0.0,0.6022842267235775,0.3907241381421482,0.12522009883263424,0.2509880233786041,wait:0.000000
21,70:0,70,no_addition,False,0.0,0.0,0.0,0.0,0.0,0.0,0.0,0.0,0.0,0.0,0.7250418326056267,0.49302427799958903,0.2066890976646894,0.2580273057930491,wait:0.000000
21,73:0,73,no_addition,False,0.0,0.0,0.0,0.0,0.0,0.0,0.0,0.0,0.0,0.0,0.40420682498105226,0.36825884895626715,0.10135193454551357,0.21381812730705063,wait:0.000000
21,75:0,75,no_addition,False,0.0,0.0,0.0,0.0,0.0,0.0,0.0,0.0,0.0,0.0,0.4230941969831738,0.5146117501535823,0.14526836109731428,0.21203597939779312,wait:0.000000
21,79:0,79,no_addition,False,0.0,0.0,0.0,0.0,0.0,0.0,0.0,0.0,0.0,0.0,0.6554007144387883,0.3386993507256493,0.11701546148724276,0.22854336518025284,wait:0.000000
21,82:0,82,no_addition,False,0.0,0.0,0.0,0.0,0.0,0.0,0.0,0.0,0.0,0.0,0.7286328395366878,0.36352177295393373,0.15698912011979346,0.1520510595522537,wait:0.000000
21,83:0,83,no_addition,False,0.0,0.0,0.0,0.0,0.0,0.0,0.0,0.0,0.0,0.0,0.6992496307348407,0.3248307718207073,0.26025238770990045,0.20168454668107402,wait:0.000000
21,88:0,88,no_addition,False,0.0,0.0,0.0,0.0,0.0,0.0,0.0,0.0,0.0,0.0,0.7163316377708322,0.6143286754778456,0.09809896900767885,0.2526309343782891,wait:0.000000
21,90:0,90,no_addition,False,0.0,0.0,0.0,0.0,0.0,0.0,0.0,0.0,0.0,0.0,0.5496088598221989,0.5230713273300622,0.13492759998526915,0.34468040679375855,wait:0.000000
21,91:0,91,no_addition,False,0.0,0.0,0.0,0.0,0.0,0.0,0.0,0.0,0.0,0.0,0.4008685735824922,0.45411787526818514,0.22139914132820376,0.16502895016143204,wait:0.000000
21,102:0,102,no_addition,False,0.0,0.0,0.0,0.0,0.0,0.0,0.0,0.0,0.0,0.0,0.701367219239883,0.26701134800970727,0.18771390352718884,0.3406883754000892,wait:0.000000
21,104:0,104,no_addition,False,0.0,0.0,0.0,0.0,0.0,0.0,0.0,0.0,0.0,0.0,0.4805291116972771,0.3077848861998414,0.24182705034992438,0.26225319894977905,wait:0.000000
21,106:0,106,no_addition,False,0.0,0.0,0.0,0.0,0.0,0.0,0.0,0.0,0.0,0.0,0.6038869960114561,0.39577465450103894,0.16466671110779404,0.16123358388235126,wait:0.000000
21,107:0,107,no_addition,False,0.0,0.0,0.0,0.0,0.0,0.0,0.0,0.0,0.0,0.0,0.5601272085917144,0.4027578298740651,0.11188658600935725,0.20311708869163475,wait:0.000000
21,111:0,111,no_addition,False,0.0,0.0,0.0,0.0,0.0,0.0,0.0,0.0,0.0,0.0,0.6296869035044703,0.48249741418436287,0.11558516615917062,0.1539376686338176,wait:0.000000
21,113:0,113,no_addition,False,0.0,0.0,0.0,0.0,0.0,0.0,0.0,0.0,0.0,0.0,0.36884265054638277,0.5871883438705638,0.20774743918817895,0.15152591661893103,wait:0.000000
21,117:0,117,no_addition,False,0.0,0.0,0.0,0.0,0.0,0.0,0.0,0.0,0.0,0.0,0.5762276374207189,0.31861268573099333,0.26177083556612213,0.28997807026483413,wait:0.000000
21,118:0,118,no_addition,False,0.0,0.0,0.0,0.0,0.0,0.0,0.0,0.0,0.0,0.0,0.7419538127860572,0.3257052711190269,0.22127615320016214,0.1744441787687567,wait:0.000000
22,3:0,3,no_addition,False,0.0,0.0,0.0,0.0,0.0,0.0,0.0,0.0,0.0,0.0,0.6216450067394355,0.5023413918212314,0.11447867665375151,0.3775813505449553,wait:0.000000
22,5:0,5,no_addition,False,0.0,0.0,0.0,0.0,0.0,0.0,0.0,0.0,0.0,0.0,0.46352023428589695,0.26921733187059427,0.1609773507552331,0.3021323944895209,wait:0.000000
22,8:0,8,no_addition,False,0.0,0.0,0.0,0.0,0.0,0.0,0.0,0.0,0.0,0.0,0.42224487806266675,0.31676733048151573,0.09743626015620943,0.3270836536953683,wait:0.000000
22,10:0,10,no_addition,False,0.0,0.0,0.0,0.0,0.0,0.0,0.0,0.0,0.0,0.0,0.5288431740927177,0.5882886561200341,0.2200923526510588,0.2973293003305126,wait:0.000000
22,11:0,11,no_addition,False,0.0,0.0,0.0,0.0,0.0,0.0,0.0,0.0,0.0,0.0,0.657146533296191,0.37812604292750296,0.11254230858288973,0.15467226241520335,wait:0.000000
22,16:0,16,no_addition,False,0.0,0.0,0.0,0.0,0.0,0.0,0.0,0.0,0.0,0.0,0.6713353420972463,0.35549804760622816,0.2005787070626945,0.1929285768508154,wait:0.000000
22,19:0,19,no_addition,False,0.0,0.0,0.0,0.0,0.0,0.0,0.0,0.0,0.0,0.0,0.7251883343647291,0.445278758799319,0.134934236822975,0.22963360758369958,wait:0.000000
22,20:0,20,no_addition,False,0.0,0.0,0.0,0.0,0.0,0.0,0.0,0.0,0.0,0.0,0.6195092762977208,0.4718195611743685,0.1422286741409436,0.34279558387592546,wait:0.000000
22,27:0,27,no_addition,False,0.0,0.0,0.0,0.0,0.0,0.0,0.0,0.0,0.0,0.0,0.6925893067107659,0.6392206064589001,0.15779028109324086,0.3684614046068823,wait:0.000000
22,30:0,30,no_addition,False,0.0,0.0,0.0,0.0,0.0,0.0,0.0,0.0,0.0,0.0,0.6113152525564187,0.48946698833342217,0.10568988529152609,0.2968595249016314,wait:0.000000
22,31:0,31,no_addition,False,0.0,0.0,0.0,0.0,0.0,0.0,0.0,0.0,0.0,0.0,0.639231730984955,0.5962232349389468,0.15877040446700252,0.19435374724412033,wait:0.000000
22,35:0,35,no_addition,False,0.0,0.0,0.0,0.0,0.0,0.0,0.0,0.0,0.0,0.0,0.5686148129675394,0.3808624764596319,0.11359345932382238,0.17179398486241937,wait:0.000000
22,37:0,37,no_addition,False,0.0,0.0,0.0,0.0,0.0,0.0,0.0,0.0,0.0,0.0,0.6566398133866089,0.6048095714434447,0.23900283811741982,0.19726177659029454,wait:0.000000
22,39:0,39,no_addition,False,0.0,0.0,0.0,0.0,0.0,0.0,0.0,0.0,0.0,0.0,0.4294577007052264,0.45942743266519215,0.11278642516549683,0.3142410343455689,wait:0.000000
22,42:0,42,no_addition,False,0.0,0.0,0.0,0.0,0.0,0.0,0.0,0.0,0.0,0.0,0.3646625997759556,0.43924046267399164,0.20447239480110982,0.16482639385390188,wait:0.000000
22,46:0,46,no_addition,False,0.0,0.0,0.0,0.0,0.0,0.0,0.0,0.0,0.0,0.0,0.46247147996441473,0.6596503611583785,0.18523664050489752,0.15567554392335484,wait:0.000000
22,49:0,49,no_addition,False,0.0,0.0,0.0,0.0,0.0,0.0,0.0,0.0,0.0,0.0,0.5412220236875722,0.6085239383184402,0.20702198292046725,0.3550969080079869,wait:0.000000
22,52:0,52,no_addition,False,0.0,0.0,0.0,0.0,0.0,0.0,0.0,0.0,0.0,0.0,0.6875190938505968,0.424566771177051,0.2476619091839592,0.2339709438701195,wait:0.000000
22,54:0,54,no_addition,False,0.0,0.0,0.0,0.0,0.0,0.0,0.0,0.0,0.0,0.0,0.36049733782908744,0.5523253568294493,0.25533682668695057,0.3412197200125101,wait:0.000000
22,58:0,58,no_addition,False,0.0,0.0,0.0,0.0,0.0,0.0,0.0,0.0,0.0,0.0,0.6198457129212576,0.4512439536464701,0.24863939297565013,0.20532809497258347,wait:0.000000
22,62:0,62,no_addition,False,0.0,0.0,0.0,0.0,0.0,0.0,0.0,0.0,0.0,0.0,0.7237425411252645,0.62163411087903,0.18924605477548054,0.1589368749570172,wait:0.000000
22,69:0,69,no_addition,False,0.0,0.0,0.0,0.0,0.0,0.0,0.0,0.0,0.0,0.0,0.6022842267235775,0.3907241381421482,0.12522009883263424,0.2509880233786041,wait:0.000000
22,70:0,70,no_addition,False,0.0,0.0,0.0,0.0,0.0,0.0,0.0,0.0,0.0,0.0,0.7250418326056267,0.49302427799958903,0.2066890976646894,0.2580273057930491,wait:0.000000
22,73:0,73,no_addition,False,0.0,0.0,0.0,0.0,0.0,0.0,0.0,0.0,0.0,0.0,0.40420682498105226,0.36825884895626715,0.10135193454551357,0.21381812730705063,wait:0.000000
22,75:0,75,no_addition,False,0.0,0.0,0.0,0.0,0.0,0.0,0.0,0.0,0.0,0.0,0.4230941969831738,0.5146117501535823,0.14526836109731428,0.21203597939779312,wait:0.000000
22,79:0,79,no_addition,False,0.0,0.0,0.0,0.0,0.0,0.0,0.0,0.0,0.0,0.0,0.6554007144387883,0.3386993507256493,0.11701546148724276,0.22854336518025284,wait:0.000000
22,82:0,82,no_addition,False,0.0,0.0,0.0,0.0,0.0,0.0,0.0,0.0,0.0,0.0,0.7286328395366878,0.36352177295393373,0.15698912011979346,0.1520510595522537,wait:0.000000
22,83:0,83,no_addition,False,0.0,0.0,0.0,0.0,0.0,0.0,0.0,0.0,0.0,0.0,0.6992496307348407,0.3248307718207073,0.26025238770990045,0.20168454668107402,wait:0.000000
22,88:0,88,no_addition,False,0.0,0.0,0.0,0.0,0.0,0.0,0.0,0.0,0.0,0.0,0.7163316377708322,0.6143286754778456,0.09809896900767885,0.2526309343782891,wait:0.000000
22,90:0,90,no_addition,False,0.0,0.0,0.0,0.0,0.0,0.0,0.0,0.0,0.0,0.0,0.5496088598221989,0.5230713273300622,0.13492759998526915,0.34468040679375855,wait:0.000000
22,91:0,91,no_addition,False,0.0,0.0,0.0,0.0,0.0,0.0,0.0,0.0,0.0,0.0,0.4008685735824922,0.45411787526818514,0.22139914132820376,0.16502895016143204,wait:0.000000
22,102:0,102,no_addition,False,0.0,0.0,0.0,0.0,0.0,0.0,0.0,0.0,0.0,0.0,0.701367219239883,0.26701134800970727,0.18771390352718884,0.3406883754000892,wait:0.000000
22,104:0,104,no_addition,False,0.0,0.0,0.0,0.0,0.0,0.0,0.0,0.0,0.0,0.0,0.4805291116972771,0.3077848861998414,0.24182705034992438,0.26225319894977905,wait:0.000000
22,106:0,106,no_addition,False,0.0,0.0,0.0,0.0,0.0,0.0,0.0,0.0,0.0,0.0,0.6038869960114561,0.39577465450103894,0.16466671110779404,0.16123358388235126,wait:0.000000
22,107:0,107,no_addition,False,0.0,0.0,0.0,0.0,0.0,0.0,0.0,0.0,0.0,0.0,0.5601272085917144,0.4027578298740651,0.11188658600935725,0.20311708869163475,wait:0.000000
22,111:0,111,no_addition,False,0.0,0.0,0.0,0.0,0.0,0.0,0.0,0.0,0.0,0.0,0.6296869035044703,0.48249741418436287,0.11558516615917062,0.1539376686338176,wait:0.000000
22,113:0,113,no_addition,False,0.0,0.0,0.0,0.0,0.0,0.0,0.0,0.0,0.0,0.0,0.36884265054638277,0.5871883438705638,0.20774743918817895,0.15152591661893103,wait:0.000000
22,117:0,117,no_addition,False,0.0,0.0,0.0,0.0,0.0,0.0,0.0,0.0,0.0,0.0,0.5762276374207189,0.31861268573099333,0.26177083556612213,0.28997807026483413,wait:0.000000
22,118:0,118,no_addition,False,0.0,0.0,0.0,0.0,0.0,0.0,0.0,0.0,0.0,0.0,0.7419538127860572,0.3257052711190269,0.22127615320016214,0.1744441787687567,wait:0.000000
23,3:0,3,no_addition,False,0.0,0.0,0.0,0.0,0.0,0.0,0.0,0.0,0.0,0.0,0.6216450067394355,0.5023413918212314,0.11447867665375151,0.3775813505449553,wait:0.000000
23,5:0,5,no_addition,False,0.0,0.0,0.0,0.0,0.0,0.0,0.0,0.0,0.0,0.0,0.46352023428589695,0.26921733187059427,0.1609773507552331,0.3021323944895209,wait:0.000000
23,8:0,8,no_addition,False,0.0,0.0,0.0,0.0,0.0,0.0,0.0,0.0,0.0,0.0,0.42224487806266675,0.31676733048151573,0.09743626015620943,0.3270836536953683,wait:0.000000
23,10:0,10,no_addition,False,0.0,0.0,0.0,0.0,0.0,0.0,0.0,0.0,0.0,0.0,0.5288431740927177,0.5882886561200341,0.2200923526510588,0.2973293003305126,wait:0.000000
23,11:0,11,no_addition,False,0.0,0.0,0.0,0.0,0.0,0.0,0.0,0.0,0.0,0.0,0.657146533296191,0.37812604292750296,0.11254230858288973,0.15467226241520335,wait:0.000000
23,16:0,16,no_addition,False,0.0,0.0,0.0,0.0,0.0,0.0,0.0,0.0,0.0,0.0,0.6713353420972463,0.35549804760622816,0.2005787070626945,0.1929285768508154,wait:0.000000
23,19:0,19,no_addition,False,0.0,0.0,0.0,0.0,0.0,0.0,0.0,0.0,0.0,0.0,0.7251883343647291,0.445278758799319,0.134934236822975,0.22963360758369958,wait:0.000000
23,20:0,20,no_addition,False,0.0,0.0,0.0,0.0,0.0,0.0,0.0,0.0,0.0,0.0,0.6195092762977208,0.4718195611743685,0.1422286741409436,0.34279558387592546,wait:0.000000
23,27:0,27,no_addition,False,0.0,0.0,0.0,0.0,0.0,0.0,0.0,0.0,0.0,0.0,0.6925893067107659,0.6392206064589001,0.15779028109324086,0.3684614046068823,wait:0.000000
23,30:0,30,no_addition,False,0.0,0.0,0.0,0.0,0.0,0.0,0.0,0.0,0.0,0.0,0.6113152525564187,0.48946698833342217,0.10568988529152609,0.2968595249016314,wait:0.000000
23,31:0,31,no_addition,False,0.0,0.0,0.0,0.0,0.0,0.0,0.0,0.0,0.0,0.0,0.639231730984955,0.5962232349389468,0.15877040446700252,0.19435374724412033,wait:0.000000
23,35:0,35,no_addition,False,0.0,0.0,0.0,0.0,0.0,0.0,0.0,0.0,0.0,0.0,0.5686148129675394,0.3808624764596319,0.11359345932382238,0.17179398486241937,wait:0.000000
23,37:0,37,no_addition,False,0.0,0.0,0.0,0.0,0.0,0.0,0.0,0.0,0.0,0.0,0.6566398133866089,0.6048095714434447,0.23900283811741982,0.19726177659029454,wait:0.000000
23,39:0,39,no_addition,False,0.0,0.0,0.0,0.0,0.0,0.0,0.0,0.0,0.0,0.0,0.4294577007052264,0.45942743266519215,0.11278642516549683,0.3142410343455689,wait:0.000000
23,42:0,42,no_addition,False,0.0,0.0,0.0,0.0,0.0,0.0,0.0,0.0,0.0,0.0,0.3646625997759556,0.43924046267399164,0.20447239480110982,0.16482639385390188,wait:0.000000
23,46:0,46,no_addition,False,0.0,0.0,0.0,0.0,0.0,0.0,0.0,0.0,0.0,0.0,0.46247147996441473,0.6596503611583785,0.18523664050489752,0.15567554392335484,wait:0.000000
23,49:0,49,no_addition,False,0.0,0.0,0.0,0.0,0.0,0.0,0.0,0.0,0.0,0.0,0.5412220236875722,0.6085239383184402,0.20702198292046725,0.3550969080079869,wait:0.000000
23,52:0,52,no_addition,False,0.0,0.0,0.0,0.0,0.0,0.0,0.0,0.0,0.0,0.0,0.6875190938505968,0.424566771177051,0.2476619091839592,0.2339709438701195,wait:0.000000
23,54:0,54,no_addition,False,0.0,0.0,0.0,0.0,0.0,0.0,0.0,0.0,0.0,0.0,0.36049733782908744,0.5523253568294493,0.25533682668695057,0.3412197200125101,wait:0.000000
23,58:0,58,no_addition,False,0.0,0.0,0.0,0.0,0.0,0.0,0.0,0.0,0.0,0.0,0.6198457129212576,0.4512439536464701,0.24863939297565013,0.20532809497258347,wait:0.000000
23,62:0,62,no_addition,False,0.0,0.0,0.0,0.0,0.0,0.0,0.0,0.0,0.0,0.0,0.7237425411252645,0.62163411087903,0.18924605477548054,0.1589368749570172,wait:0.000000
23,69:0,69,no_addition,False,0.0,0.0,0.0,0.0,0.0,0.0,0.0,0.0,0.0,0.0,0.6022842267235775,0.3907241381421482,0.12522009883263424,0.2509880233786041,wait:0.000000
23,70:0,70,no_addition,False,0.0,0.0,0.0,0.0,0.0,0.0,0.0,0.0,0.0,0.0,0.7250418326056267,0.49302427799958903,0.2066890976646894,0.2580273057930491,wait:0.000000
23,73:0,73,no_addition,False,0.0,0.0,0.0,0.0,0.0,0.0,0.0,0.0,0.0,0.0,0.40420682498105226,0.36825884895626715,0.10135193454551357,0.21381812730705063,wait:0.000000
23,75:0,75,no_addition,False,0.0,0.0,0.0,0.0,0.0,0.0,0.0,0.0,0.0,0.0,0.4230941969831738,0.5146117501535823,0.14526836109731428,0.21203597939779312,wait:0.000000
23,79:0,79,no_addition,False,0.0,0.0,0.0,0.0,0.0,0.0,0.0,0.0,0.0,0.0,0.6554007144387883,0.3386993507256493,0.11701546148724276,0.22854336518025284,wait:0.000000
23,82:0,82,no_addition,False,0.0,0.0,0.0,0.0,0.0,0.0,0.0,0.0,0.0,0.0,0.7286328395366878,0.36352177295393373,0.15698912011979346,0.1520510595522537,wait:0.000000
23,83:0,83,no_addition,False,0.0,0.0,0.0,0.0,0.0,0.0,0.0,0.0,0.0,0.0,0.6992496307348407,0.3248307718207073,0.26025238770990045,0.20168454668107402,wait:0.000000
23,88:0,88,no_addition,False,0.0,0.0,0.0,0.0,0.0,0.0,0.0,0.0,0.0,0.0,0.7163316377708322,0.6143286754778456,0.09809896900767885,0.2526309343782891,wait:0.000000
23,90:0,90,no_addition,False,0.0,0.0,0.0,0.0,0.0,0.0,0.0,0.0,0.0,0.0,0.5496088598221989,0.5230713273300622,0.13492759998526915,0.34468040679375855,wait:0.000000
23,91:0,91,no_addition,False,0.0,0.0,0.0,0.0,0.0,0.0,0.0,0.0,0.0,0.0,0.4008685735824922,0.45411787526818514,0.22139914132820376,0.16502895016143204,wait:0.000000
23,102:0,102,no_addition,False,0.0,0.0,0.0,0.0,0.0,0.0,0.0,0.0,0.0,0.0,0.701367219239883,0.26701134800970727,0.18771390352718884,0.3406883754000892,wait:0.000000
23,104:0,104,no_addition,False,0.0,0.0,0.0,0.0,0.0,0.0,0.0,0.0,0.0,0.0,0.4805291116972771,0.3077848861998414,0.24182705034992438,0.26225319894977905,wait:0.000000
23,106:0,106,no_addition,False,0.0,0.0,0.0,0.0,0.0,0.0,0.0,0.0,0.0,0.0,0.6038869960114561,0.39577465450103894,0.16466671110779404,0.16123358388235126,wait:0.000000
23,107:0,107,no_addition,False,0.0,0.0,0.0,0.0,0.0,0.0,0.0,0.0,0.0,0.0,0.5601272085917144,0.4027578298740651,0.11188658600935725,0.20311708869163475,wait:0.000000
23,111:0,111,no_addition,False,0.0,0.0,0.0,0.0,0.0,0.0,0.0,0.0,0.0,0.0,0.6296869035044703,0.48249741418436287,0.11558516615917062,0.1539376686338176,wait:0.000000
23,113:0,113,no_addition,False,0.0,0.0,0.0,0.0,0.0,0.0,0.0,0.0,0.0,0.0,0.36884265054638277,0.5871883438705638,0.20774743918817895,0.15152591661893103,wait:0.000000
23,117:0,117,no_addition,False,0.0,0.0,0.0,0.0,0.0,0.0,0.0,0.0,0.0,0.0,0.5762276374207189,0.31861268573099333,0.26177083556612213,0.28997807026483413,wait:0.000000
23,118:0,118,no_addition,False,0.0,0.0,0.0,0.0,0.0,0.0,0.0,0.0,0.0,0.0,0.7419538127860572,0.3257052711190269,0.22127615320016214,0.1744441787687567,wait:0.000000
24,3:0,3,no_addition,False,0.0,0.0,0.0,0.0,0.0,0.0,0.0,0.0,0.0,0.0,0.6216450067394355,0.5023413918212314,0.11447867665375151,0.3775813505449553,wait:0.000000
24,5:0,5,no_addition,False,0.0,0.0,0.0,0.0,0.0,0.0,0.0,0.0,0.0,0.0,0.46352023428589695,0.26921733187059427,0.1609773507552331,0.3021323944895209,wait:0.000000
24,8:0,8,no_addition,False,0.0,0.0,0.0,0.0,0.0,0.0,0.0,0.0,0.0,0.0,0.42224487806266675,0.31676733048151573,0.09743626015620943,0.3270836536953683,wait:0.000000
24,10:0,10,no_addition,False,0.0,0.0,0.0,0.0,0.0,0.0,0.0,0.0,0.0,0.0,0.5288431740927177,0.5882886561200341,0.2200923526510588,0.2973293003305126,wait:0.000000
24,11:0,11,no_addition,False,0.0,0.0,0.0,0.0,0.0,0.0,0.0,0.0,0.0,0.0,0.657146533296191,0.37812604292750296,0.11254230858288973,0.15467226241520335,wait:0.000000
24,16:0,16,no_addition,False,0.0,0.0,0.0,0.0,0.0,0.0,0.0,0.0,0.0,0.0,0.6713353420972463,0.35549804760622816,0.2005787070626945,0.1929285768508154,wait:0.000000
24,19:0,19,no_addition,False,0.0,0.0,0.0,0.0,0.0,0.0,0.0,0.0,0.0,0.0,0.7251883343647291,0.445278758799319,0.134934236822975,0.22963360758369958,wait:0.000000
24,20:0,20,no_addition,False,0.0,0.0,0.0,0.0,0.0,0.0,0.0,0.0,0.0,0.0,0.6195092762977208,0.4718195611743685,0.1422286741409436,0.34279558387592546,wait:0.000000
24,27:0,27,no_addition,False,0.0,0.0,0.0,0.0,0.0,0.0,0.0,0.0,0.0,0.0,0.6925893067107659,0.6392206064589001,0.15779028109324086,0.3684614046068823,wait:0.000000
24,30:0,30,no_addition,False,0.0,0.0,0.0,0.0,0.0,0.0,0.0,0.0,0.0,0.0,0.6113152525564187,0.48946698833342217,0.10568988529152609,0.2968595249016314,wait:0.000000
24,31:0,31,no_addition,False,0.0,0.0,0.0,0.0,0.0,0.0,0.0,0.0,0.0,0.0,0.639231730984955,0.5962232349389468,0.15877040446700252,0.19435374724412033,wait:0.000000
24,35:0,35,no_addition,False,0.0,0.0,0.0,0.0,0.0,0.0,0.0,0.0,0.0,0.0,0.5686148129675394,0.3808624764596319,0.11359345932382238,0.17179398486241937,wait:0.000000
24,37:0,37,no_addition,False,0.0,0.0,0.0,0.0,0.0,0.0,0.0,0.0,0.0,0.0,0.6566398133866089,0.6048095714434447,0.23900283811741982,0.19726177659029454,wait:0.000000
24,39:0,39,no_addition,False,0.0,0.0,0.0,0.0,0.0,0.0,0.0,0.0,0.0,0.0,0.4294577007052264,0.45942743266519215,0.11278642516549683,0.3142410343455689,wait:0.000000
24,42:0,42,no_addition,False,0.0,0.0,0.0,0.0,0.0,0.0,0.0,0.0,0.0,0.0,0.3646625997759556,0.43924046267399164,0.20447239480110982,0.16482639385390188,wait:0.000000
24,46:0,46,no_addition,False,0.0,0.0,0.0,0.0,0.0,0.0,0.0,0.0,0.0,0.0,0.46247147996441473,0.6596503611583785,0.18523664050489752,0.15567554392335484,wait:0.000000
24,49:0,49,no_addition,False,0.0,0.0,0.0,0.0,0.0,0.0,0.0,0.0,0.0,0.0,0.5412220236875722,0.6085239383184402,0.20702198292046725,0.3550969080079869,wait:0.000000
24,52:0,52,no_addition,False,0.0,0.0,0.0,0.0,0.0,0.0,0.0,0.0,0.0,0.0,0.6875190938505968,0.424566771177051,0.2476619091839592,0.2339709438701195,wait:0.000000
24,54:0,54,no_addition,False,0.0,0.0,0.0,0.0,0.0,0.0,0.0,0.0,0.0,0.0,0.36049733782908744,0.5523253568294493,0.25533682668695057,0.3412197200125101,wait:0.000000
24,58:0,58,no_addition,False,0.0,0.0,0.0,0.0,0.0,0.0,0.0,0.0,0.0,0.0,0.6198457129212576,0.4512439536464701,0.24863939297565013,0.20532809497258347,wait:0.000000
24,62:0,62,no_addition,False,0.0,0.0,0.0,0.0,0.0,0.0,0.0,0.0,0.0,0.0,0.7237425411252645,0.62163411087903,0.18924605477548054,0.1589368749570172,wait:0.000000
24,69:0,69,no_addition,False,0.0,0.0,0.0,0.0,0.0,0.0,0.0,0.0,0.0,0.0,0.6022842267235775,0.3907241381421482,0.12522009883263424,0.2509880233786041,wait:0.000000
24,70:0,70,no_addition,False,0.0,0.0,0.0,0.0,0.0,0.0,0.0,0.0,0.0,0.0,0.7250418326056267,0.49302427799958903,0.2066890976646894,0.2580273057930491,wait:0.000000
24,73:0,73,no_addition,False,0.0,0.0,0.0,0.0,0.0,0.0,0.0,0.0,0.0,0.0,0.40420682498105226,0.36825884895626715,0.10135193454551357,0.21381812730705063,wait:0.000000
24,75:0,75,no_addition,False,0.0,0.0,0.0,0.0,0.0,0.0,0.0,0.0,0.0,0.0,0.4230941969831738,0.5146117501535823,0.14526836109731428,0.21203597939779312,wait:0.000000
24,79:0,79,no_addition,False,0.0,0.0,0.0,0.0,0.0,0.0,0.0,0.0,0.0,0.0,0.6554007144387883,0.3386993507256493,0.11701546148724276,0.22854336518025284,wait:0.000000
24,82:0,82,no_addition,False,0.0,0.0,0.0,0.0,0.0,0.0,0.0,0.0,0.0,0.0,0.7286328395366878,0.36352177295393373,0.15698912011979346,0.1520510595522537,wait:0.000000
24,83:0,83,no_addition,False,0.0,0.0,0.0,0.0,0.0,0.0,0.0,0.0,0.0,0.0,0.6992496307348407,0.3248307718207073,0.26025238770990045,0.20168454668107402,wait:0.000000
24,88:0,88,no_addition,False,0.0,0.0,0.0,0.0,0.0,0.0,0.0,0.0,0.0,0.0,0.7163316377708322,0.6143286754778456,0.09809896900767885,0.2526309343782891,wait:0.000000
24,90:0,90,no_addition,False,0.0,0.0,0.0,0.0,0.0,0.0,0.0,0.0,0.0,0.0,0.5496088598221989,0.5230713273300622,0.13492759998526915,0.34468040679375855,wait:0.000000
24,91:0,91,no_addition,False,0.0,0.0,0.0,0.0,0.0,0.0,0.0,0.0,0.0,0.0,0.4008685735824922,0.45411787526818514,0.22139914132820376,0.16502895016143204,wait:0.000000
24,102:0,102,no_addition,False,0.0,0.0,0.0,0.0,0.0,0.0,0.0,0.0,0.0,0.0,0.701367219239883,0.26701134800970727,0.18771390352718884,0.3406883754000892,wait:0.000000
24,104:0,104,no_addition,False,0.0,0.0,0.0,0.0,0.0,0.0,0.0,0.0,0.0,0.0,0.4805291116972771,0.3077848861998414,0.24182705034992438,0.26225319894977905,wait:0.000000
24,106:0,106,no_addition,False,0.0,0.0,0.0,0.0,0.0,0.0,0.0,0.0,0.0,0.0,0.6038869960114561,0.39577465450103894,0.16466671110779404,0.16123358388235126,wait:0.000000
24,107:0,107,no_addition,False,0.0,0.0,0.0,0.0,0.0,0.0,0.0,0.0,0.0,0.0,0.5601272085917144,0.4027578298740651,0.11188658600935725,0.20311708869163475,wait:0.000000
24,111:0,111,no_addition,False,0.0,0.0,0.0,0.0,0.0,0.0,0.0,0.0,0.0,0.0,0.6296869035044703,0.48249741418436287,0.11558516615917062,0.1539376686338176,wait:0.000000
24,113:0,113,no_addition,False,0.0,0.0,0.0,0.0,0.0,0.0,0.0,0.0,0.0,0.0,0.36884265054638277,0.5871883438705638,0.20774743918817895,0.15152591661893103,wait:0.000000
24,117:0,117,no_addition,False,0.0,0.0,0.0,0.0,0.0,0.0,0.0,0.0,0.0,0.0,0.5762276374207189,0.31861268573099333,0.26177083556612213,0.28997807026483413,wait:0.000000
24,118:0,118,no_addition,False,0.0,0.0,0.0,0.0,0.0,0.0,0.0,0.0,0.0,0.0,0.7419538127860572,0.3257052711190269,0.22127615320016214,0.1744441787687567,wait:0.000000
25,3:0,3,no_addition,False,0.0,0.0,0.0,0.0,0.0,0.0,0.0,0.0,0.0,0.0,0.6216450067394355,0.5023413918212314,0.11447867665375151,0.3775813505449553,wait:0.000000
25,5:0,5,no_addition,False,0.0,0.0,0.0,0.0,0.0,0.0,0.0,0.0,0.0,0.0,0.46352023428589695,0.26921733187059427,0.1609773507552331,0.3021323944895209,wait:0.000000
25,8:0,8,no_addition,False,0.0,0.0,0.0,0.0,0.0,0.0,0.0,0.0,0.0,0.0,0.42224487806266675,0.31676733048151573,0.09743626015620943,0.3270836536953683,wait:0.000000
25,10:0,10,no_addition,False,0.0,0.0,0.0,0.0,0.0,0.0,0.0,0.0,0.0,0.0,0.5288431740927177,0.5882886561200341,0.2200923526510588,0.2973293003305126,wait:0.000000
25,11:0,11,no_addition,False,0.0,0.0,0.0,0.0,0.0,0.0,0.0,0.0,0.0,0.0,0.657146533296191,0.37812604292750296,0.11254230858288973,0.15467226241520335,wait:0.000000
25,16:0,16,no_addition,False,0.0,0.0,0.0,0.0,0.0,0.0,0.0,0.0,0.0,0.0,0.6713353420972463,0.35549804760622816,0.2005787070626945,0.1929285768508154,wait:0.000000
25,19:0,19,no_addition,False,0.0,0.0,0.0,0.0,0.0,0.0,0.0,0.0,0.0,0.0,0.7251883343647291,0.445278758799319,0.134934236822975,0.22963360758369958,wait:0.000000
25,20:0,20,no_addition,False,0.0,0.0,0.0,0.0,0.0,0.0,0.0,0.0,0.0,0.0,0.6195092762977208,0.4718195611743685,0.1422286741409436,0.34279558387592546,wait:0.000000
25,27:0,27,no_addition,False,0.0,0.0,0.0,0.0,0.0,0.0,0.0,0.0,0.0,0.0,0.6925893067107659,0.6392206064589001,0.15779028109324086,0.3684614046068823,wait:0.000000
25,30:0,30,no_addition,False,0.0,0.0,0.0,0.0,0.0,0.0,0.0,0.0,0.0,0.0,0.6113152525564187,0.48946698833342217,0.10568988529152609,0.2968595249016314,wait:0.000000
25,31:0,31,no_addition,False,0.0,0.0,0.0,0.0,0.0,0.0,0.0,0.0,0.0,0.0,0.639231730984955,0.5962232349389468,0.15877040446700252,0.19435374724412033,wait:0.000000
25,35:0,35,no_addition,False,0.0,0.0,0.0,0.0,0.0,0.0,0.0,0.0,0.0,0.0,0.5686148129675394,0.3808624764596319,0.11359345932382238,0.17179398486241937,wait:0.000000
25,37:0,37,no_addition,False,0.0,0.0,0.0,0.0,0.0,0.0,0.0,0.0,0.0,0.0,0.6566398133866089,0.6048095714434447,0.23900283811741982,0.19726177659029454,wait:0.000000
25,39:0,39,no_addition,False,0.0,0.0,0.0,0.0,0.0,0.0,0.0,0.0,0.0,0.0,0.4294577007052264,0.45942743266519215,0.11278642516549683,0.3142410343455689,wait:0.000000
25,42:0,42,no_addition,False,0.0,0.0,0.0,0.0,0.0,0.0,0.0,0.0,0.0,0.0,0.3646625997759556,0.43924046267399164,0.20447239480110982,0.16482639385390188,wait:0.000000
25,46:0,46,no_addition,False,0.0,0.0,0.0,0.0,0.0,0.0,0.0,0.0,0.0,0.0,0.46247147996441473,0.6596503611583785,0.18523664050489752,0.15567554392335484,wait:0.000000
25,49:0,49,no_addition,False,0.0,0.0,0.0,0.0,0.0,0.0,0.0,0.0,0.0,0.0,0.5412220236875722,0.6085239383184402,0.20702198292046725,0.3550969080079869,wait:0.000000
25,52:0,52,no_addition,False,0.0,0.0,0.0,0.0,0.0,0.0,0.0,0.0,0.0,0.0,0.6875190938505968,0.424566771177051,0.2476619091839592,0.2339709438701195,wait:0.000000
25,54:0,54,no_addition,False,0.0,0.0,0.0,0.0,0.0,0.0,0.0,0.0,0.0,0.0,0.36049733782908744,0.5523253568294493,0.25533682668695057,0.3412197200125101,wait:0.000000
25,58:0,58,no_addition,False,0.0,0.0,0.0,0.0,0.0,0.0,0.0,0.0,0.0,0.0,0.6198457129212576,0.4512439536464701,0.24863939297565013,0.20532809497258347,wait:0.000000
25,62:0,62,no_addition,False,0.0,0.0,0.0,0.0,0.0,0.0,0.0,0.0,0.0,0.0,0.7237425411252645,0.62163411087903,0.18924605477548054,0.1589368749570172,wait:0.000000
25,69:0,69,no_addition,False,0.0,0.0,0.0,0.0,0.0,0.0,0.0,0.0,0.0,0.0,0.6022842267235775,0.3907241381421482,0.12522009883263424,0.2509880233786041,wait:0.000000
25,70:0,70,no_addition,False,0.0,0.0,0.0,0.0,0.0,0.0,0.0,0.0,0.0,0.0,0.7250418326056267,0.49302427799958903,0.2066890976646894,0.2580273057930491,wait:0.000000
25,73:0,73,no_addition,False,0.0,0.0,0.0,0.0,0.0,0.0,0.0,0.0,0.0,0.0,0.40420682498105226,0.36825884895626715,0.10135193454551357,0.21381812730705063,wait:0.000000
25,75:0,75,no_addition,False,0.0,0.0,0.0,0.0,0.0,0.0,0.0,0.0,0.0,0.0,0.4230941969831738,0.5146117501535823,0.14526836109731428,0.21203597939779312,wait:0.000000
25,79:0,79,no_addition,False,0.0,0.0,0.0,0.0,0.0,0.0,0.0,0.0,0.0,0.0,0.6554007144387883,0.3386993507256493,0.11701546148724276,0.22854336518025284,wait:0.000000
25,82:0,82,no_addition,False,0.0,0.0,0.0,0.0,0.0,0.0,0.0,0.0,0.0,0.0,0.7286328395366878,0.36352177295393373,0.15698912011979346,0.1520510595522537,wait:0.000000
25,83:0,83,no_addition,False,0.0,0.0,0.0,0.0,0.0,0.0,0.0,0.0,0.0,0.0,0.6992496307348407,0.3248307718207073,0.26025238770990045,0.20168454668107402,wait:0.000000
25,88:0,88,no_addition,False,0.0,0.0,0.0,0.0,0.0,0.0,0.0,0.0,0.0,0.0,0.7163316377708322,0.6143286754778456,0.09809896900767885,0.2526309343782891,wait:0.000000
25,90:0,90,no_addition,False,0.0,0.0,0.0,0.0,0.0,0.0,0.0,0.0,0.0,0.0,0.5496088598221989,0.5230713273300622,0.13492759998526915,0.34468040679375855,wait:0.000000
25,91:0,91,no_addition,False,0.0,0.0,0.0,0.0,0.0,0.0,0.0,0.0,0.0,0.0,0.4008685735824922,0.45411787526818514,0.22139914132820376,0.16502895016143204,wait:0.000000
25,102:0,102,no_addition,False,0.0,0.0,0.0,0.0,0.0,0.0,0.0,0.0,0.0,0.0,0.701367219239883,0.26701134800970727,0.18771390352718884,0.3406883754000892,wait:0.000000
25,104:0,104,no_addition,False,0.0,0.0,0.0,0.0,0.0,0.0,0.0,0.0,0.0,0.0,0.4805291116972771,0.3077848861998414,0.24182705034992438,0.26225319894977905,wait:0.000000
25,106:0,106,no_addition,False,0.0,0.0,0.0,0.0,0.0,0.0,0.0,0.0,0.0,0.0,0.6038869960114561,0.39577465450103894,0.16466671110779404,0.16123358388235126,wait:0.000000
25,107:0,107,no_addition,False,0.0,0.0,0.0,0.0,0.0,0.0,0.0,0.0,0.0,0.0,0.5601272085917144,0.4027578298740651,0.11188658600935725,0.20311708869163475,wait:0.000000
25,111:0,111,no_addition,False,0.0,0.0,0.0,0.0,0.0,0.0,0.0,0.0,0.0,0.0,0.6296869035044703,0.48249741418436287,0.11558516615917062,0.1539376686338176,wait:0.000000
25,113:0,113,no_addition,False,0.0,0.0,0.0,0.0,0.0,0.0,0.0,0.0,0.0,0.0,0.36884265054638277,0.5871883438705638,0.20774743918817895,0.15152591661893103,wait:0.000000
25,117:0,117,no_addition,False,0.0,0.0,0.0,0.0,0.0,0.0,0.0,0.0,0.0,0.0,0.5762276374207189,0.31861268573099333,0.26177083556612213,0.28997807026483413,wait:0.000000
25,118:0,118,no_addition,False,0.0,0.0,0.0,0.0,0.0,0.0,0.0,0.0,0.0,0.0,0.7419538127860572,0.3257052711190269,0.22127615320016214,0.1744441787687567,wait:0.000000
26,3:0,3,no_addition,False,0.0,0.0,0.0,0.0,0.0,0.0,0.0,0.0,0.0,0.0,0.6216450067394355,0.5023413918212314,0.11447867665375151,0.3775813505449553,wait:0.000000
26,5:0,5,no_addition,False,0.0,0.0,0.0,0.0,0.0,0.0,0.0,0.0,0.0,0.0,0.46352023428589695,0.26921733187059427,0.1609773507552331,0.3021323944895209,wait:0.000000
26,8:0,8,no_addition,False,0.0,0.0,0.0,0.0,0.0,0.0,0.0,0.0,0.0,0.0,0.42224487806266675,0.31676733048151573,0.09743626015620943,0.3270836536953683,wait:0.000000
26,10:0,10,no_addition,False,0.0,0.0,0.0,0.0,0.0,0.0,0.0,0.0,0.0,0.0,0.5288431740927177,0.5882886561200341,0.2200923526510588,0.2973293003305126,wait:0.000000
26,11:0,11,no_addition,False,0.0,0.0,0.0,0.0,0.0,0.0,0.0,0.0,0.0,0.0,0.657146533296191,0.37812604292750296,0.11254230858288973,0.15467226241520335,wait:0.000000
26,16:0,16,no_addition,False,0.0,0.0,0.0,0.0,0.0,0.0,0.0,0.0,0.0,0.0,0.6713353420972463,0.35549804760622816,0.2005787070626945,0.1929285768508154,wait:0.000000
26,19:0,19,no_addition,False,0.0,0.0,0.0,0.0,0.0,0.0,0.0,0.0,0.0,0.0,0.7251883343647291,0.445278758799319,0.134934236822975,0.22963360758369958,wait:0.000000
26,20:0,20,no_addition,False,0.0,0.0,0.0,0.0,0.0,0.0,0.0,0.0,0.0,0.0,0.6195092762977208,0.4718195611743685,0.1422286741409436,0.34279558387592546,wait:0.000000
26,27:0,27,no_addition,False,0.0,0.0,0.0,0.0,0.0,0.0,0.0,0.0,0.0,0.0,0.6925893067107659,0.6392206064589001,0.15779028109324086,0.3684614046068823,wait:0.000000
26,30:0,30,no_addition,False,0.0,0.0,0.0,0.0,0.0,0.0,0.0,0.0,0.0,0.0,0.6113152525564187,0.48946698833342217,0.10568988529152609,0.2968595249016314,wait:0.000000
26,31:0,31,no_addition,False,0.0,0.0,0.0,0.0,0.0,0.0,0.0,0.0,0.0,0.0,0.639231730984955,0.5962232349389468,0.15877040446700252,0.19435374724412033,wait:0.000000
26,35:0,35,no_addition,False,0.0,0.0,0.0,0.0,0.0,0.0,0.0,0.0,0.0,0.0,0.5686148129675394,0.3808624764596319,0.11359345932382238,0.17179398486241937,wait:0.000000
26,37:0,37,no_addition,False,0.0,0.0,0.0,0.0,0.0,0.0,0.0,0.0,0.0,0.0,0.6566398133866089,0.6048095714434447,0.23900283811741982,0.19726177659029454,wait:0.000000
26,39:0,39,no_addition,False,0.0,0.0,0.0,0.0,0.0,0.0,0.0,0.0,0.0,0.0,0.4294577007052264,0.45942743266519215,0.11278642516549683,0.3142410343455689,wait:0.000000
26,42:0,42,no_addition,False,0.0,0.0,0.0,0.0,0.0,0.0,0.0,0.0,0.0,0.0,0.3646625997759556,0.43924046267399164,0.20447239480110982,0.16482639385390188,wait:0.000000
26,46:0,46,no_addition,False,0.0,0.0,0.0,0.0,0.0,0.0,0.0,0.0,0.0,0.0,0.46247147996441473,0.6596503611583785,0.18523664050489752,0.15567554392335484,wait:0.000000
26,49:0,49,no_addition,False,0.0,0.0,0.0,0.0,0.0,0.0,0.0,0.0,0.0,0.0,0.5412220236875722,0.6085239383184402,0.20702198292046725,0.3550969080079869,wait:0.000000
26,52:0,52,no_addition,False,0.0,0.0,0.0,0.0,0.0,0.0,0.0,0.0,0.0,0.0,0.6875190938505968,0.424566771177051,0.2476619091839592,0.2339709438701195,wait:0.000000
26,54:0,54,no_addition,False,0.0,0.0,0.0,0.0,0.0,0.0,0.0,0.0,0.0,0.0,0.36049733782908744,0.5523253568294493,0.25533682668695057,0.3412197200125101,wait:0.000000
26,58:0,58,no_addition,False,0.0,0.0,0.0,0.0,0.0,0.0,0.0,0.0,0.0,0.0,0.6198457129212576,0.4512439536464701,0.24863939297565013,0.20532809497258347,wait:0.000000
26,62:0,62,no_addition,False,0.0,0.0,0.0,0.0,0.0,0.0,0.0,0.0,0.0,0.0,0.7237425411252645,0.62163411087903,0.18924605477548054,0.1589368749570172,wait:0.000000
26,69:0,69,no_addition,False,0.0,0.0,0.0,0.0,0.0,0.0,0.0,0.0,0.0,0.0,0.6022842267235775,0.3907241381421482,0.12522009883263424,0.2509880233786041,wait:0.000000
26,70:0,70,no_addition,False,0.0,0.0,0.0,0.0,0.0,0.0,0.0,0.0,0.0,0.0,0.7250418326056267,0.49302427799958903,0.2066890976646894,0.2580273057930491,wait:0.000000
26,73:0,73,no_addition,False,0.0,0.0,0.0,0.0,0.0,0.0,0.0,0.0,0.0,0.0,0.40420682498105226,0.36825884895626715,0.10135193454551357,0.21381812730705063,wait:0.000000
26,75:0,75,no_addition,False,0.0,0.0,0.0,0.0,0.0,0.0,0.0,0.0,0.0,0.0,0.4230941969831738,0.5146117501535823,0.14526836109731428,0.21203597939779312,wait:0.000000
26,79:0,79,no_addition,False,0.0,0.0,0.0,0.0,0.0,0.0,0.0,0.0,0.0,0.0,0.6554007144387883,0.3386993507256493,0.11701546148724276,0.22854336518025284,wait:0.000000
26,82:0,82,no_addition,False,0.0,0.0,0.0,0.0,0.0,0.0,0.0,0.0,0.0,0.0,0.7286328395366878,0.36352177295393373,0.15698912011979346,0.1520510595522537,wait:0.000000
26,83:0,83,no_addition,False,0.0,0.0,0.0,0.0,0.0,0.0,0.0,0.0,0.0,0.0,0.6992496307348407,0.3248307718207073,0.26025238770990045,0.20168454668107402,wait:0.000000
26,88:0,88,no_addition,False,0.0,0.0,0.0,0.0,0.0,0.0,0.0,0.0,0.0,0.0,0.7163316377708322,0.6143286754778456,0.09809896900767885,0.2526309343782891,wait:0.000000
26,90:0,90,no_addition,False,0.0,0.0,0.0,0.0,0.0,0.0,0.0,0.0,0.0,0.0,0.5496088598221989,0.5230713273300622,0.13492759998526915,0.34468040679375855,wait:0.000000
26,91:0,91,no_addition,False,0.0,0.0,0.0,0.0,0.0,0.0,0.0,0.0,0.0,0.0,0.4008685735824922,0.45411787526818514,0.22139914132820376,0.16502895016143204,wait:0.000000
26,102:0,102,no_addition,False,0.0,0.0,0.0,0.0,0.0,0.0,0.0,0.0,0.0,0.0,0.701367219239883,0.26701134800970727,0.18771390352718884,0.3406883754000892,wait:0.000000
26,104:0,104,no_addition,False,0.0,0.0,0.0,0.0,0.0,0.0,0.0,0.0,0.0,0.0,0.4805291116972771,0.3077848861998414,0.24182705034992438,0.26225319894977905,wait:0.000000
26,106:0,106,no_addition,False,0.0,0.0,0.0,0.0,0.0,0.0,0.0,0.0,0.0,0.0,0.6038869960114561,0.39577465450103894,0.16466671110779404,0.16123358388235126,wait:0.000000
26,107:0,107,no_addition,False,0.0,0.0,0.0,0.0,0.0,0.0,0.0,0.0,0.0,0.0,0.5601272085917144,0.4027578298740651,0.11188658600935725,0.20311708869163475,wait:0.000000
26,111:0,111,no_addition,False,0.0,0.0,0.0,0.0,0.0,0.0,0.0,0.0,0.0,0.0,0.6296869035044703,0.48249741418436287,0.11558516615917062,0.1539376686338176,wait:0.000000
26,113:0,113,no_addition,False,0.0,0.0,0.0,0.0,0.0,0.0,0.0,0.0,0.0,0.0,0.36884265054638277,0.5871883438705638,0.20774743918817895,0.15152591661893103,wait:0.000000
26,117:0,117,no_addition,False,0.0,0.0,0.0,0.0,0.0,0.0,0.0,0.0,0.0,0.0,0.5762276374207189,0.31861268573099333,0.26177083556612213,0.28997807026483413,wait:0.000000
26,118:0,118,no_addition,False,0.0,0.0,0.0,0.0,0.0,0.0,0.0,0.0,0.0,0.0,0.7419538127860572,0.3257052711190269,0.22127615320016214,0.1744441787687567,wait:0.000000
27,3:0,3,no_addition,False,0.0,0.0,0.0,0.0,0.0,0.0,0.0,0.0,0.0,0.0,0.6216450067394355,0.5023413918212314,0.11447867665375151,0.3775813505449553,wait:0.000000
27,5:0,5,no_addition,False,0.0,0.0,0.0,0.0,0.0,0.0,0.0,0.0,0.0,0.0,0.46352023428589695,0.26921733187059427,0.1609773507552331,0.3021323944895209,wait:0.000000
27,8:0,8,no_addition,False,0.0,0.0,0.0,0.0,0.0,0.0,0.0,0.0,0.0,0.0,0.42224487806266675,0.31676733048151573,0.09743626015620943,0.3270836536953683,wait:0.000000
27,10:0,10,no_addition,False,0.0,0.0,0.0,0.0,0.0,0.0,0.0,0.0,0.0,0.0,0.5288431740927177,0.5882886561200341,0.2200923526510588,0.2973293003305126,wait:0.000000
27,11:0,11,no_addition,False,0.0,0.0,0.0,0.0,0.0,0.0,0.0,0.0,0.0,0.0,0.657146533296191,0.37812604292750296,0.11254230858288973,0.15467226241520335,wait:0.000000
27,16:0,16,no_addition,False,0.0,0.0,0.0,0.0,0.0,0.0,0.0,0.0,0.0,0.0,0.6713353420972463,0.35549804760622816,0.2005787070626945,0.1929285768508154,wait:0.000000
27,19:0,19,no_addition,False,0.0,0.0,0.0,0.0,0.0,0.0,0.0,0.0,0.0,0.0,0.7251883343647291,0.445278758799319,0.134934236822975,0.22963360758369958,wait:0.000000
27,20:0,20,no_addition,False,0.0,0.0,0.0,0.0,0.0,0.0,0.0,0.0,0.0,0.0,0.6195092762977208,0.4718195611743685,0.1422286741409436,0.34279558387592546,wait:0.000000
27,27:0,27,no_addition,False,0.0,0.0,0.0,0.0,0.0,0.0,0.0,0.0,0.0,0.0,0.6925893067107659,0.6392206064589001,0.15779028109324086,0.3684614046068823,wait:0.000000
27,30:0,30,no_addition,False,0.0,0.0,0.0,0.0,0.0,0.0,0.0,0.0,0.0,0.0,0.6113152525564187,0.48946698833342217,0.10568988529152609,0.2968595249016314,wait:0.000000
27,31:0,31,no_addition,False,0.0,0.0,0.0,0.0,0.0,0.0,0.0,0.0,0.0,0.0,0.639231730984955,0.5962232349389468,0.15877040446700252,0.19435374724412033,wait:0.000000
27,35:0,35,no_addition,False,0.0,0.0,0.0,0.0,0.0,0.0,0.0,0.0,0.0,0.0,0.5686148129675394,0.3808624764596319,0.11359345932382238,0.17179398486241937,wait:0.000000
27,37:0,37,no_addition,False,0.0,0.0,0.0,0.0,0.0,0.0,0.0,0.0,0.0,0.0,0.6566398133866089,0.6048095714434447,0.23900283811741982,0.19726177659029454,wait:0.000000
27,39:0,39,no_addition,False,0.0,0.0,0.0,0.0,0.0,0.0,0.0,0.0,0.0,0.0,0.4294577007052264,0.45942743266519215,0.11278642516549683,0.3142410343455689,wait:0.000000
27,42:0,42,no_addition,False,0.0,0.0,0.0,0.0,0.0,0.0,0.0,0.0,0.0,0.0,0.3646625997759556,0.43924046267399164,0.20447239480110982,0.16482639385390188,wait:0.000000
27,46:0,46,no_addition,False,0.0,0.0,0.0,0.0,0.0,0.0,0.0,0.0,0.0,0.0,0.46247147996441473,0.6596503611583785,0.18523664050489752,0.15567554392335484,wait:0.000000
27,49:0,49,no_addition,False,0.0,0.0,0.0,0.0,0.0,0.0,0.0,0.0,0.0,0.0,0.5412220236875722,0.6085239383184402,0.20702198292046725,0.3550969080079869,wait:0.000000
27,52:0,52,no_addition,False,0.0,0.0,0.0,0.0,0.0,0.0,0.0,0.0,0.0,0.0,0.6875190938505968,0.424566771177051,0.2476619091839592,0.2339709438701195,wait:0.000000
27,54:0,54,no_addition,False,0.0,0.0,0.0,0.0,0.0,0.0,0.0,0.0,0.0,0.0,0.36049733782908744,0.5523253568294493,0.25533682668695057,0.3412197200125101,wait:0.000000
27,58:0,58,no_addition,False,0.0,0.0,0.0,0.0,0.0,0.0,0.0,0.0,0.0,0.0,0.6198457129212576,0.4512439536464701,0.24863939297565013,0.20532809497258347,wait:0.000000
27,62:0,62,no_addition,False,0.0,0.0,0.0,0.0,0.0,0.0,0.0,0.0,0.0,0.0,0.7237425411252645,0.62163411087903,0.18924605477548054,0.1589368749570172,wait:0.000000
27,69:0,69,no_addition,False,0.0,0.0,0.0,0.0,0.0,0.0,0.0,0.0,0.0,0.0,0.6022842267235775,0.3907241381421482,0.12522009883263424,0.2509880233786041,wait:0.000000
27,70:0,70,no_addition,False,0.0,0.0,0.0,0.0,0.0,0.0,0.0,0.0,0.0,0.0,0.7250418326056267,0.49302427799958903,0.2066890976646894,0.2580273057930491,wait:0.000000
27,73:0,73,no_addition,False,0.0,0.0,0.0,0.0,0.0,0.0,0.0,0.0,0.0,0.0,0.40420682498105226,0.36825884895626715,0.10135193454551357,0.21381812730705063,wait:0.000000
27,75:0,75,no_addition,False,0.0,0.0,0.0,0.0,0.0,0.0,0.0,0.0,0.0,0.0,0.4230941969831738,0.5146117501535823,0.14526836109731428,0.21203597939779312,wait:0.000000
27,79:0,79,no_addition,False,0.0,0.0,0.0,0.0,0.0,0.0,0.0,0.0,0.0,0.0,0.6554007144387883,0.3386993507256493,0.11701546148724276,0.22854336518025284,wait:0.000000
27,82:0,82,no_addition,False,0.0,0.0,0.0,0.0,0.0,0.0,0.0,0.0,0.0,0.0,0.7286328395366878,0.36352177295393373,0.15698912011979346,0.1520510595522537,wait:0.000000
27,83:0,83,no_addition,False,0.0,0.0,0.0,0.0,0.0,0.0,0.0,0.0,0.0,0.0,0.6992496307348407,0.3248307718207073,0.26025238770990045,0.20168454668107402,wait:0.000000
27,88:0,88,no_addition,False,0.0,0.0,0.0,0.0,0.0,0.0,0.0,0.0,0.0,0.0,0.7163316377708322,0.6143286754778456,0.09809896900767885,0.2526309343782891,wait:0.000000
27,90:0,90,no_addition,False,0.0,0.0,0.0,0.0,0.0,0.0,0.0,0.0,0.0,0.0,0.5496088598221989,0.5230713273300622,0.13492759998526915,0.34468040679375855,wait:0.000000
27,91:0,91,no_addition,False,0.0,0.0,0.0,0.0,0.0,0.0,0.0,0.0,0.0,0.0,0.4008685735824922,0.45411787526818514,0.22139914132820376,0.16502895016143204,wait:0.000000
27,102:0,102,no_addition,False,0.0,0.0,0.0,0.0,0.0,0.0,0.0,0.0,0.0,0.0,0.701367219239883,0.26701134800970727,0.18771390352718884,0.3406883754000892,wait:0.000000
27,104:0,104,no_addition,False,0.0,0.0,0.0,0.0,0.0,0.0,0.0,0.0,0.0,0.0,0.4805291116972771,0.3077848861998414,0.24182705034992438,0.26225319894977905,wait:0.000000
27,106:0,106,no_addition,False,0.0,0.0,0.0,0.0,0.0,0.0,0.0,0.0,0.0,0.0,0.6038869960114561,0.39577465450103894,0.16466671110779404,0.16123358388235126,wait:0.000000
27,107:0,107,no_addition,False,0.0,0.0,0.0,0.0,0.0,0.0,0.0,0.0,0.0,0.0,0.5601272085917144,0.4027578298740651,0.11188658600935725,0.20311708869163475,wait:0.000000
27,111:0,111,no_addition,False,0.0,0.0,0.0,0.0,0.0,0.0,0.0,0.0,0.0,0.0,0.6296869035044703,0.48249741418436287,0.11558516615917062,0.1539376686338176,wait:0.000000
27,113:0,113,no_addition,False,0.0,0.0,0.0,0.0,0.0,0.0,0.0,0.0,0.0,0.0,0.36884265054638277,0.5871883438705638,0.20774743918817895,0.15152591661893103,wait:0.000000
27,117:0,117,no_addition,False,0.0,0.0,0.0,0.0,0.0,0.0,0.0,0.0,0.0,0.0,0.5762276374207189,0.31861268573099333,0.26177083556612213,0.28997807026483413,wait:0.000000
27,118:0,118,no_addition,False,0.0,0.0,0.0,0.0,0.0,0.0,0.0,0.0,0.0,0.0,0.7419538127860572,0.3257052711190269,0.22127615320016214,0.1744441787687567,wait:0.000000
28,3:0,3,no_addition,False,0.0,0.0,0.0,0.0,0.0,0.0,0.0,0.0,0.0,0.0,0.6216450067394355,0.5023413918212314,0.11447867665375151,0.3775813505449553,wait:0.000000
28,5:0,5,no_addition,False,0.0,0.0,0.0,0.0,0.0,0.0,0.0,0.0,0.0,0.0,0.46352023428589695,0.26921733187059427,0.1609773507552331,0.3021323944895209,wait:0.000000
28,8:0,8,no_addition,False,0.0,0.0,0.0,0.0,0.0,0.0,0.0,0.0,0.0,0.0,0.42224487806266675,0.31676733048151573,0.09743626015620943,0.3270836536953683,wait:0.000000
28,10:0,10,no_addition,False,0.0,0.0,0.0,0.0,0.0,0.0,0.0,0.0,0.0,0.0,0.5288431740927177,0.5882886561200341,0.2200923526510588,0.2973293003305126,wait:0.000000
28,11:0,11,no_addition,False,0.0,0.0,0.0,0.0,0.0,0.0,0.0,0.0,0.0,0.0,0.657146533296191,0.37812604292750296,0.11254230858288973,0.15467226241520335,wait:0.000000
28,16:0,16,no_addition,False,0.0,0.0,0.0,0.0,0.0,0.0,0.0,0.0,0.0,0.0,0.6713353420972463,0.35549804760622816,0.2005787070626945,0.1929285768508154,wait:0.000000
28,19:0,19,no_addition,False,0.0,0.0,0.0,0.0,0.0,0.0,0.0,0.0,0.0,0.0,0.7251883343647291,0.445278758799319,0.134934236822975,0.22963360758369958,wait:0.000000
28,20:0,20,no_addition,False,0.0,0.0,0.0,0.0,0.0,0.0,0.0,0.0,0.0,0.0,0.6195092762977208,0.4718195611743685,0.1422286741409436,0.34279558387592546,wait:0.000000
28,27:0,27,no_addition,False,0.0,0.0,0.0,0.0,0.0,0.0,0.0,0.0,0.0,0.0,0.6925893067107659,0.6392206064589001,0.15779028109324086,0.3684614046068823,wait:0.000000
28,30:0,30,no_addition,False,0.0,0.0,0.0,0.0,0.0,0.0,0.0,0.0,0.0,0.0,0.6113152525564187,0.48946698833342217,0.10568988529152609,0.2968595249016314,wait:0.000000
28,31:0,31,no_addition,False,0.0,0.0,0.0,0.0,0.0,0.0,0.0,0.0,0.0,0.0,0.639231730984955,0.5962232349389468,0.15877040446700252,0.19435374724412033,wait:0.000000
28,35:0,35,no_addition,False,0.0,0.0,0.0,0.0,0.0,0.0,0.0,0.0,0.0,0.0,0.5686148129675394,0.3808624764596319,0.11359345932382238,0.17179398486241937,wait:0.000000
28,37:0,37,no_addition,False,0.0,0.0,0.0,0.0,0.0,0.0,0.0,0.0,0.0,0.0,0.6566398133866089,0.6048095714434447,0.23900283811741982,0.19726177659029454,wait:0.000000
28,39:0,39,no_addition,False,0.0,0.0,0.0,0.0,0.0,0.0,0.0,0.0,0.0,0.0,0.4294577007052264,0.45942743266519215,0.11278642516549683,0.3142410343455689,wait:0.000000
28,42:0,42,no_addition,False,0.0,0.0,0.0,0.0,0.0,0.0,0.0,0.0,0.0,0.0,0.3646625997759556,0.43924046267399164,0.20447239480110982,0.16482639385390188,wait:0.000000
28,46:0,46,no_addition,False,0.0,0.0,0.0,0.0,0.0,0.0,0.0,0.0,0.0,0.0,0.46247147996441473,0.6596503611583785,0.18523664050489752,0.15567554392335484,wait:0.000000
28,49:0,49,no_addition,False,0.0,0.0,0.0,0.0,0.0,0.0,0.0,0.0,0.0,0.0,0.5412220236875722,0.6085239383184402,0.20702198292046725,0.3550969080079869,wait:0.000000
28,52:0,52,no_addition,False,0.0,0.0,0.0,0.0,0.0,0.0,0.0,0.0,0.0,0.0,0.6875190938505968,0.424566771177051,0.2476619091839592,0.2339709438701195,wait:0.000000
28,54:0,54,no_addition,False,0.0,0.0,0.0,0.0,0.0,0.0,0.0,0.0,0.0,0.0,0.36049733782908744,0.5523253568294493,0.25533682668695057,0.3412197200125101,wait:0.000000
28,58:0,58,no_addition,False,0.0,0.0,0.0,0.0,0.0,0.0,0.0,0.0,0.0,0.0,0.6198457129212576,0.4512439536464701,0.24863939297565013,0.20532809497258347,wait:0.000000
28,62:0,62,no_addition,False,0.0,0.0,0.0,0.0,0.0,0.0,0.0,0.0,0.0,0.0,0.7237425411252645,0.62163411087903,0.18924605477548054,0.1589368749570172,wait:0.000000
28,69:0,69,no_addition,False,0.0,0.0,0.0,0.0,0.0,0.0,0.0,0.0,0.0,0.0,0.6022842267235775,0.3907241381421482,0.12522009883263424,0.2509880233786041,wait:0.000000
28,70:0,70,no_addition,False,0.0,0.0,0.0,0.0,0.0,0.0,0.0,0.0,0.0,0.0,0.7250418326056267,0.49302427799958903,0.2066890976646894,0.2580273057930491,wait:0.000000
28,73:0,73,no_addition,False,0.0,0.0,0.0,0.0,0.0,0.0,0.0,0.0,0.0,0.0,0.40420682498105226,0.36825884895626715,0.10135193454551357,0.21381812730705063,wait:0.000000
28,75:0,75,no_addition,False,0.0,0.0,0.0,0.0,0.0,0.0,0.0,0.0,0.0,0.0,0.4230941969831738,0.5146117501535823,0.14526836109731428,0.21203597939779312,wait:0.000000
28,79:0,79,no_addition,False,0.0,0.0,0.0,0.0,0.0,0.0,0.0,0.0,0.0,0.0,0.6554007144387883,0.3386993507256493,0.11701546148724276,0.22854336518025284,wait:0.000000
28,82:0,82,no_addition,False,0.0,0.0,0.0,0.0,0.0,0.0,0.0,0.0,0.0,0.0,0.7286328395366878,0.36352177295393373,0.15698912011979346,0.1520510595522537,wait:0.000000
28,83:0,83,no_addition,False,0.0,0.0,0.0,0.0,0.0,0.0,0.0,0.0,0.0,0.0,0.6992496307348407,0.3248307718207073,0.26025238770990045,0.20168454668107402,wait:0.000000
28,88:0,88,no_addition,False,0.0,0.0,0.0,0.0,0.0,0.0,0.0,0.0,0.0,0.0,0.7163316377708322,0.6143286754778456,0.09809896900767885,0.2526309343782891,wait:0.000000
28,90:0,90,no_addition,False,0.0,0.0,0.0,0.0,0.0,0.0,0.0,0.0,0.0,0.0,0.5496088598221989,0.5230713273300622,0.13492759998526915,0.34468040679375855,wait:0.000000
28,91:0,91,no_addition,False,0.0,0.0,0.0,0.0,0.0,0.0,0.0,0.0,0.0,0.0,0.4008685735824922,0.45411787526818514,0.22139914132820376,0.16502895016143204,wait:0.000000
28,102:0,102,no_addition,False,0.0,0.0,0.0,0.0,0.0,0.0,0.0,0.0,0.0,0.0,0.701367219239883,0.26701134800970727,0.18771390352718884,0.3406883754000892,wait:0.000000
28,104:0,104,no_addition,False,0.0,0.0,0.0,0.0,0.0,0.0,0.0,0.0,0.0,0.0,0.4805291116972771,0.3077848861998414,0.24182705034992438,0.26225319894977905,wait:0.000000
28,106:0,106,no_addition,False,0.0,0.0,0.0,0.0,0.0,0.0,0.0,0.0,0.0,0.0,0.6038869960114561,0.39577465450103894,0.16466671110779404,0.16123358388235126,wait:0.000000
28,107:0,107,no_addition,False,0.0,0.0,0.0,0.0,0.0,0.0,0.0,0.0,0.0,0.0,0.5601272085917144,0.4027578298740651,0.11188658600935725,0.20311708869163475,wait:0.000000
28,111:0,111,no_addition,False,0.0,0.0,0.0,0.0,0.0,0.0,0.0,0.0,0.0,0.0,0.6296869035044703,0.48249741418436287,0.11558516615917062,0.1539376686338176,wait:0.000000
28,113:0,113,no_addition,False,0.0,0.0,0.0,0.0,0.0,0.0,0.0,0.0,0.0,0.0,0.36884265054638277,0.5871883438705638,0.20774743918817895,0.15152591661893103,wait:0.000000
28,117:0,117,no_addition,False,0.0,0.0,0.0,0.0,0.0,0.0,0.0,0.0,0.0,0.0,0.5762276374207189,0.31861268573099333,0.26177083556612213,0.28997807026483413,wait:0.000000
28,118:0,118,no_addition,False,0.0,0.0,0.0,0.0,0.0,0.0,0.0,0.0,0.0,0.0,0.7419538127860572,0.3257052711190269,0.22127615320016214,0.1744441787687567,wait:0.000000
29,3:0,3,no_addition,False,0.0,0.0,0.0,0.0,0.0,0.0,0.0,0.0,0.0,0.0,0.6216450067394355,0.5023413918212314,0.11447867665375151,0.3775813505449553,wait:0.000000
29,5:0,5,no_addition,False,0.0,0.0,0.0,0.0,0.0,0.0,0.0,0.0,0.0,0.0,0.46352023428589695,0.26921733187059427,0.1609773507552331,0.3021323944895209,wait:0.000000
29,8:0,8,no_addition,False,0.0,0.0,0.0,0.0,0.0,0.0,0.0,0.0,0.0,0.0,0.42224487806266675,0.31676733048151573,0.09743626015620943,0.3270836536953683,wait:0.000000
29,10:0,10,no_addition,False,0.0,0.0,0.0,0.0,0.0,0.0,0.0,0.0,0.0,0.0,0.5288431740927177,0.5882886561200341,0.2200923526510588,0.2973293003305126,wait:0.000000
29,11:0,11,no_addition,False,0.0,0.0,0.0,0.0,0.0,0.0,0.0,0.0,0.0,0.0,0.657146533296191,0.37812604292750296,0.11254230858288973,0.15467226241520335,wait:0.000000
29,16:0,16,no_addition,False,0.0,0.0,0.0,0.0,0.0,0.0,0.0,0.0,0.0,0.0,0.6713353420972463,0.35549804760622816,0.2005787070626945,0.1929285768508154,wait:0.000000
29,19:0,19,no_addition,False,0.0,0.0,0.0,0.0,0.0,0.0,0.0,0.0,0.0,0.0,0.7251883343647291,0.445278758799319,0.134934236822975,0.22963360758369958,wait:0.000000
29,20:0,20,no_addition,False,0.0,0.0,0.0,0.0,0.0,0.0,0.0,0.0,0.0,0.0,0.6195092762977208,0.4718195611743685,0.1422286741409436,0.34279558387592546,wait:0.000000
29,27:0,27,no_addition,False,0.0,0.0,0.0,0.0,0.0,0.0,0.0,0.0,0.0,0.0,0.6925893067107659,0.6392206064589001,0.15779028109324086,0.3684614046068823,wait:0.000000
29,30:0,30,no_addition,False,0.0,0.0,0.0,0.0,0.0,0.0,0.0,0.0,0.0,0.0,0.6113152525564187,0.48946698833342217,0.10568988529152609,0.2968595249016314,wait:0.000000
29,31:0,31,no_addition,False,0.0,0.0,0.0,0.0,0.0,0.0,0.0,0.0,0.0,0.0,0.639231730984955,0.5962232349389468,0.15877040446700252,0.19435374724412033,wait:0.000000
29,35:0,35,no_addition,False,0.0,0.0,0.0,0.0,0.0,0.0,0.0,0.0,0.0,0.0,0.5686148129675394,0.3808624764596319,0.11359345932382238,0.17179398486241937,wait:0.000000
29,37:0,37,no_addition,False,0.0,0.0,0.0,0.0,0.0,0.0,0.0,0.0,0.0,0.0,0.6566398133866089,0.6048095714434447,0.23900283811741982,0.19726177659029454,wait:0.000000
29,39:0,39,no_addition,False,0.0,0.0,0.0,0.0,0.0,0.0,0.0,0.0,0.0,0.0,0.4294577007052264,0.45942743266519215,0.11278642516549683,0.3142410343455689,wait:0.000000
29,42:0,42,no_addition,False,0.0,0.0,0.0,0.0,0.0,0.0,0.0,0.0,0.0,0.0,0.3646625997759556,0.43924046267399164,0.20447239480110982,0.16482639385390188,wait:0.000000
29,46:0,46,no_addition,False,0.0,0.0,0.0,0.0,0.0,0.0,0.0,0.0,0.0,0.0,0.46247147996441473,0.6596503611583785,0.18523664050489752,0.15567554392335484,wait:0.000000
29,49:0,49,no_addition,False,0.0,0.0,0.0,0.0,0.0,0.0,0.0,0.0,0.0,0.0,0.5412220236875722,0.6085239383184402,0.20702198292046725,0.3550969080079869,wait:0.000000
29,52:0,52,no_addition,False,0.0,0.0,0.0,0.0,0.0,0.0,0.0,0.0,0.0,0.0,0.6875190938505968,0.424566771177051,0.2476619091839592,0.2339709438701195,wait:0.000000
29,54:0,54,no_addition,False,0.0,0.0,0.0,0.0,0.0,0.0,0.0,0.0,0.0,0.0,0.36049733782908744,0.5523253568294493,0.25533682668695057,0.3412197200125101,wait:0.000000
29,58:0,58,no_addition,False,0.0,0.0,0.0,0.0,0.0,0.0,0.0,0.0,0.0,0.0,0.6198457129212576,0.4512439536464701,0.24863939297565013,0.20532809497258347,wait:0.000000
29,62:0,62,no_addition,False,0.0,0.0,0.0,0.0,0.0,0.0,0.0,0.0,0.0,0.0,0.7237425411252645,0.62163411087903,0.18924605477548054,0.1589368749570172,wait:0.000000
29,69:0,69,no_addition,False,0.0,0.0,0.0,0.0,0.0,0.0,0.0,0.0,0.0,0.0,0.6022842267235775,0.3907241381421482,0.12522009883263424,0.2509880233786041,wait:0.000000
29,70:0,70,no_addition,False,0.0,0.0,0.0,0.0,0.0,0.0,0.0,0.0,0.0,0.0,0.7250418326056267,0.49302427799958903,0.2066890976646894,0.2580273057930491,wait:0.000000
29,73:0,73,no_addition,False,0.0,0.0,0.0,0.0,0.0,0.0,0.0,0.0,0.0,0.0,0.40420682498105226,0.36825884895626715,0.10135193454551357,0.21381812730705063,wait:0.000000
29,75:0,75,no_addition,False,0.0,0.0,0.0,0.0,0.0,0.0,0.0,0.0,0.0,0.0,0.4230941969831738,0.5146117501535823,0.14526836109731428,0.21203597939779312,wait:0.000000
29,79:0,79,no_addition,False,0.0,0.0,0.0,0.0,0.0,0.0,0.0,0.0,0.0,0.0,0.6554007144387883,0.3386993507256493,0.11701546148724276,0.22854336518025284,wait:0.000000
29,82:0,82,no_addition,False,0.0,0.0,0.0,0.0,0.0,0.0,0.0,0.0,0.0,0.0,0.7286328395366878,0.36352177295393373,0.15698912011979346,0.1520510595522537,wait:0.000000
29,83:0,83,no_addition,False,0.0,0.0,0.0,0.0,0.0,0.0,0.0,0.0,0.0,0.0,0.6992496307348407,0.3248307718207073,0.26025238770990045,0.20168454668107402,wait:0.000000
29,88:0,88,no_addition,False,0.0,0.0,0.0,0.0,0.0,0.0,0.0,0.0,0.0,0.0,0.7163316377708322,0.6143286754778456,0.09809896900767885,0.2526309343782891,wait:0.000000
29,90:0,90,no_addition,False,0.0,0.0,0.0,0.0,0.0,0.0,0.0,0.0,0.0,0.0,0.5496088598221989,0.5230713273300622,0.13492759998526915,0.34468040679375855,wait:0.000000
29,91:0,91,no_addition,False,0.0,0.0,0.0,0.0,0.0,0.0,0.0,0.0,0.0,0.0,0.4008685735824922,0.45411787526818514,0.22139914132820376,0.16502895016143204,wait:0.000000
29,102:0,102,no_addition,False,0.0,0.0,0.0,0.0,0.0,0.0,0.0,0.0,0.0,0.0,0.701367219239883,0.26701134800970727,0.18771390352718884,0.3406883754000892,wait:0.000000
29,104:0,104,no_addition,False,0.0,0.0,0.0,0.0,0.0,0.0,0.0,0.0,0.0,0.0,0.4805291116972771,0.3077848861998414,0.24182705034992438,0.26225319894977905,wait:0.000000
29,106:0,106,no_addition,False,0.0,0.0,0.0,0.0,0.0,0.0,0.0,0.0,0.0,0.0,0.6038869960114561,0.39577465450103894,0.16466671110779404,0.16123358388235126,wait:0.000000
29,107:0,107,no_addition,False,0.0,0.0,0.0,0.0,0.0,0.0,0.0,0.0,0.0,0.0,0.5601272085917144,0.4027578298740651,0.11188658600935725,0.20311708869163475,wait:0.000000
29,111:0,111,no_addition,False,0.0,0.0,0.0,0.0,0.0,0.0,0.0,0.0,0.0,0.0,0.6296869035044703,0.48249741418436287,0.11558516615917062,0.1539376686338176,wait:0.000000
29,113:0,113,no_addition,False,0.0,0.0,0.0,0.0,0.0,0.0,0.0,0.0,0.0,0.0,0.36884265054638277,0.5871883438705638,0.20774743918817895,0.15152591661893103,wait:0.000000
29,117:0,117,no_addition,False,0.0,0.0,0.0,0.0,0.0,0.0,0.0,0.0,0.0,0.0,0.5762276374207189,0.31861268573099333,0.26177083556612213,0.28997807026483413,wait:0.000000
29,118:0,118,no_addition,False,0.0,0.0,0.0,0.0,0.0,0.0,0.0,0.0,0.0,0.0,0.7419538127860572,0.3257052711190269,0.22127615320016214,0.1744441787687567,wait:0.000000
30,3:0,3,no_addition,False,0.0,0.0,0.0,0.0,0.0,0.0,0.0,0.0,0.0,0.0,0.6216450067394355,0.5023413918212314,0.11447867665375151,0.3775813505449553,wait:0.000000
30,5:0,5,no_addition,False,0.0,0.0,0.0,0.0,0.0,0.0,0.0,0.0,0.0,0.0,0.46352023428589695,0.26921733187059427,0.1609773507552331,0.3021323944895209,wait:0.000000
30,8:0,8,no_addition,False,0.0,0.0,0.0,0.0,0.0,0.0,0.0,0.0,0.0,0.0,0.42224487806266675,0.31676733048151573,0.09743626015620943,0.3270836536953683,wait:0.000000
30,10:0,10,no_addition,False,0.0,0.0,0.0,0.0,0.0,0.0,0.0,0.0,0.0,0.0,0.5288431740927177,0.5882886561200341,0.2200923526510588,0.2973293003305126,wait:0.000000
30,11:0,11,no_addition,False,0.0,0.0,0.0,0.0,0.0,0.0,0.0,0.0,0.0,0.0,0.657146533296191,0.37812604292750296,0.11254230858288973,0.15467226241520335,wait:0.000000
30,16:0,16,no_addition,False,0.0,0.0,0.0,0.0,0.0,0.0,0.0,0.0,0.0,0.0,0.6713353420972463,0.35549804760622816,0.2005787070626945,0.1929285768508154,wait:0.000000
30,19:0,19,no_addition,False,0.0,0.0,0.0,0.0,0.0,0.0,0.0,0.0,0.0,0.0,0.7251883343647291,0.445278758799319,0.134934236822975,0.22963360758369958,wait:0.000000
30,20:0,20,no_addition,False,0.0,0.0,0.0,0.0,0.0,0.0,0.0,0.0,0.0,0.0,0.6195092762977208,0.4718195611743685,0.1422286741409436,0.34279558387592546,wait:0.000000
30,27:0,27,no_addition,False,0.0,0.0,0.0,0.0,0.0,0.0,0.0,0.0,0.0,0.0,0.6925893067107659,0.6392206064589001,0.15779028109324086,0.3684614046068823,wait:0.000000
30,30:0,30,no_addition,False,0.0,0.0,0.0,0.0,0.0,0.0,0.0,0.0,0.0,0.0,0.6113152525564187,0.48946698833342217,0.10568988529152609,0.2968595249016314,wait:0.000000
30,31:0,31,no_addition,False,0.0,0.0,0.0,0.0,0.0,0.0,0.0,0.0,0.0,0.0,0.639231730984955,0.5962232349389468,0.15877040446700252,0.19435374724412033,wait:0.000000
30,35:0,35,no_addition,False,0.0,0.0,0.0,0.0,0.0,0.0,0.0,0.0,0.0,0.0,0.5686148129675394,0.3808624764596319,0.11359345932382238,0.17179398486241937,wait:0.000000
30,37:0,37,no_addition,False,0.0,0.0,0.0,0.0,0.0,0.0,0.0,0.0,0.0,0.0,0.6566398133866089,0.6048095714434447,0.23900283811741982,0.19726177659029454,wait:0.000000
30,39:0,39,no_addition,False,0.0,0.0,0.0,0.0,0.0,0.0,0.0,0.0,0.0,0.0,0.4294577007052264,0.45942743266519215,0.11278642516549683,0.3142410343455689,wait:0.000000
30,42:0,42,no_addition,False,0.0,0.0,0.0,0.0,0.0,0.0,0.0,0.0,0.0,0.0,0.3646625997759556,0.43924046267399164,0.20447239480110982,0.16482639385390188,wait:0.000000
30,46:0,46,no_addition,False,0.0,0.0,0.0,0.0,0.0,0.0,0.0,0.0,0.0,0.0,0.46247147996441473,0.6596503611583785,0.18523664050489752,0.15567554392335484,wait:0.000000
30,49:0,49,no_addition,False,0.0,0.0,0.0,0.0,0.0,0.0,0.0,0.0,0.0,0.0,0.5412220236875722,0.6085239383184402,0.20702198292046725,0.3550969080079869,wait:0.000000
30,52:0,52,no_addition,False,0.0,0.0,0.0,0.0,0.0,0.0,0.0,0.0,0.0,0.0,0.6875190938505968,0.424566771177051,0.2476619091839592,0.2339709438701195,wait:0.000000
30,54:0,54,no_addition,False,0.0,0.0,0.0,0.0,0.0,0.0,0.0,0.0,0.0,0.0,0.36049733782908744,0.5523253568294493,0.25533682668695057,0.3412197200125101,wait:0.000000
30,58:0,58,no_addition,False,0.0,0.0,0.0,0.0,0.0,0.0,0.0,0.0,0.0,0.0,0.6198457129212576,0.4512439536464701,0.24863939297565013,0.20532809497258347,wait:0.000000
30,62:0,62,no_addition,False,0.0,0.0,0.0,0.0,0.0,0.0,0.0,0.0,0.0,0.0,0.7237425411252645,0.62163411087903,0.18924605477548054,0.1589368749570172,wait:0.000000
30,69:0,69,no_addition,False,0.0,0.0,0.0,0.0,0.0,0.0,0.0,0.0,0.0,0.0,0.6022842267235775,0.3907241381421482,0.12522009883263424,0.2509880233786041,wait:0.000000
30,70:0,70,no_addition,False,0.0,0.0,0.0,0.0,0.0,0.0,0.0,0.0,0.0,0.0,0.7250418326056267,0.49302427799958903,0.2066890976646894,0.2580273057930491,wait:0.000000
30,73:0,73,no_addition,False,0.0,0.0,0.0,0.0,0.0,0.0,0.0,0.0,0.0,0.0,0.40420682498105226,0.36825884895626715,0.10135193454551357,0.21381812730705063,wait:0.000000
30,75:0,75,no_addition,False,0.0,0.0,0.0,0.0,0.0,0.0,0.0,0.0,0.0,0.0,0.4230941969831738,0.5146117501535823,0.14526836109731428,0.21203597939779312,wait:0.000000
30,79:0,79,no_addition,False,0.0,0.0,0.0,0.0,0.0,0.0,0.0,0.0,0.0,0.0,0.6554007144387883,0.3386993507256493,0.11701546148724276,0.22854336518025284,wait:0.000000
30,82:0,82,no_addition,False,0.0,0.0,0.0,0.0,0.0,0.0,0.0,0.0,0.0,0.0,0.7286328395366878,0.36352177295393373,0.15698912011979346,0.1520510595522537,wait:0.000000
30,83:0,83,no_addition,False,0.0,0.0,0.0,0.0,0.0,0.0,0.0,0.0,0.0,0.0,0.6992496307348407,0.3248307718207073,0.26025238770990045,0.20168454668107402,wait:0.000000
30,88:0,88,no_addition,False,0.0,0.0,0.0,0.0,0.0,0.0,0.0,0.0,0.0,0.0,0.7163316377708322,0.6143286754778456,0.09809896900767885,0.2526309343782891,wait:0.000000
30,90:0,90,no_addition,False,0.0,0.0,0.0,0.0,0.0,0.0,0.0,0.0,0.0,0.0,0.5496088598221989,0.5230713273300622,0.13492759998526915,0.34468040679375855,wait:0.000000
30,91:0,91,no_addition,False,0.0,0.0,0.0,0.0,0.0,0.0,0.0,0.0,0.0,0.0,0.4008685735824922,0.45411787526818514,0.22139914132820376,0.16502895016143204,wait:0.000000
30,102:0,102,no_addition,False,0.0,0.0,0.0,0.0,0.0,0.0,0.0,0.0,0.0,0.0,0.701367219239883,0.26701134800970727,0.18771390352718884,0.3406883754000892,wait:0.000000
30,104:0,104,no_addition,False,0.0,0.0,0.0,0.0,0.0,0.0,0.0,0.0,0.0,0.0,0.4805291116972771,0.3077848861998414,0.24182705034992438,0.26225319894977905,wait:0.000000
30,106:0,106,no_addition,False,0.0,0.0,0.0,0.0,0.0,0.0,0.0,0.0,0.0,0.0,0.6038869960114561,0.39577465450103894,0.16466671110779404,0.16123358388235126,wait:0.000000
30,107:0,107,no_addition,False,0.0,0.0,0.0,0.0,0.0,0.0,0.0,0.0,0.0,0.0,0.5601272085917144,0.4027578298740651,0.11188658600935725,0.20311708869163475,wait:0.000000
30,111:0,111,no_addition,False,0.0,0.0,0.0,0.0,0.0,0.0,0.0,0.0,0.0,0.0,0.6296869035044703,0.48249741418436287,0.11558516615917062,0.1539376686338176,wait:0.000000
30,113:0,113,no_addition,False,0.0,0.0,0.0,0.0,0.0,0.0,0.0,0.0,0.0,0.0,0.36884265054638277,0.5871883438705638,0.20774743918817895,0.15152591661893103,wait:0.000000
30,117:0,117,no_addition,False,0.0,0.0,0.0,0.0,0.0,0.0,0.0,0.0,0.0,0.0,0.5762276374207189,0.31861268573099333,0.26177083556612213,0.28997807026483413,wait:0.000000
30,118:0,118,no_addition,False,0.0,0.0,0.0,0.0,0.0,0.0,0.0,0.0,0.0,0.0,0.7419538127860572,0.3257052711190269,0.22127615320016214,0.1744441787687567,wait:0.000000
31,3:0,3,no_addition,False,0.0,0.0,0.0,0.0,0.0,0.0,0.0,0.0,0.0,0.0,0.6216450067394355,0.5023413918212314,0.11447867665375151,0.3775813505449553,wait:0.000000
31,5:0,5,no_addition,False,0.0,0.0,0.0,0.0,0.0,0.0,0.0,0.0,0.0,0.0,0.46352023428589695,0.26921733187059427,0.1609773507552331,0.3021323944895209,wait:0.000000
31,8:0,8,no_addition,False,0.0,0.0,0.0,0.0,0.0,0.0,0.0,0.0,0.0,0.0,0.42224487806266675,0.31676733048151573,0.09743626015620943,0.3270836536953683,wait:0.000000
31,10:0,10,no_addition,False,0.0,0.0,0.0,0.0,0.0,0.0,0.0,0.0,0.0,0.0,0.5288431740927177,0.5882886561200341,0.2200923526510588,0.2973293003305126,wait:0.000000
31,11:0,11,no_addition,False,0.0,0.0,0.0,0.0,0.0,0.0,0.0,0.0,0.0,0.0,0.657146533296191,0.37812604292750296,0.11254230858288973,0.15467226241520335,wait:0.000000
31,16:0,16,no_addition,False,0.0,0.0,0.0,0.0,0.0,0.0,0.0,0.0,0.0,0.0,0.6713353420972463,0.35549804760622816,0.2005787070626945,0.1929285768508154,wait:0.000000
31,19:0,19,no_addition,False,0.0,0.0,0.0,0.0,0.0,0.0,0.0,0.0,0.0,0.0,0.7251883343647291,0.445278758799319,0.134934236822975,0.22963360758369958,wait:0.000000
31,20:0,20,no_addition,False,0.0,0.0,0.0,0.0,0.0,0.0,0.0,0.0,0.0,0.0,0.6195092762977208,0.4718195611743685,0.1422286741409436,0.34279558387592546,wait:0.000000
31,27:0,27,no_addition,False,0.0,0.0,0.0,0.0,0.0,0.0,0.0,0.0,0.0,0.0,0.6925893067107659,0.6392206064589001,0.15779028109324086,0.3684614046068823,wait:0.000000
31,30:0,30,no_addition,False,0.0,0.0,0.0,0.0,0.0,0.0,0.0,0.0,0.0,0.0,0.6113152525564187,0.48946698833342217,0.10568988529152609,0.2968595249016314,wait:0.000000
31,31:0,31,no_addition,False,0.0,0.0,0.0,0.0,0.0,0.0,0.0,0.0,0.0,0.0,0.639231730984955,0.5962232349389468,0.15877040446700252,0.19435374724412033,wait:0.000000
31,35:0,35,no_addition,False,0.0,0.0,0.0,0.0,0.0,0.0,0.0,0.0,0.0,0.0,0.5686148129675394,0.3808624764596319,0.11359345932382238,0.17179398486241937,wait:0.000000
31,37:0,37,no_addition,False,0.0,0.0,0.0,0.0,0.0,0.0,0.0,0.0,0.0,0.0,0.6566398133866089,0.6048095714434447,0.23900283811741982,0.19726177659029454,wait:0.000000
31,39:0,39,no_addition,False,0.0,0.0,0.0,0.0,0.0,0.0,0.0,0.0,0.0,0.0,0.4294577007052264,0.45942743266519215,0.11278642516549683,0.3142410343455689,wait:0.000000
31,42:0,42,no_addition,False,0.0,0.0,0.0,0.0,0.0,0.0,0.0,0.0,0.0,0.0,0.3646625997759556,0.43924046267399164,0.20447239480110982,0.16482639385390188,wait:0.000000
31,46:0,46,no_addition,False,0.0,0.0,0.0,0.0,0.0,0.0,0.0,0.0,0.0,0.0,0.46247147996441473,0.6596503611583785,0.18523664050489752,0.15567554392335484,wait:0.000000
31,49:0,49,no_addition,False,0.0,0.0,0.0,0.0,0.0,0.0,0.0,0.0,0.0,0.0,0.5412220236875722,0.6085239383184402,0.20702198292046725,0.3550969080079869,wait:0.000000
31,52:0,52,no_addition,False,0.0,0.0,0.0,0.0,0.0,0.0,0.0,0.0,0.0,0.0,0.6875190938505968,0.424566771177051,0.2476619091839592,0.2339709438701195,wait:0.000000
31,54:0,54,no_addition,False,0.0,0.0,0.0,0.0,0.0,0.0,0.0,0.0,0.0,0.0,0.36049733782908744,0.5523253568294493,0.25533682668695057,0.3412197200125101,wait:0.000000
31,58:0,58,no_addition,False,0.0,0.0,0.0,0.0,0.0,0.0,0.0,0.0,0.0,0.0,0.6198457129212576,0.4512439536464701,0.24863939297565013,0.20532809497258347,wait:0.000000
31,62:0,62,no_addition,False,0.0,0.0,0.0,0.0,0.0,0.0,0.0,0.0,0.0,0.0,0.7237425411252645,0.62163411087903,0.18924605477548054,0.1589368749570172,wait:0.000000
31,69:0,69,no_addition,False,0.0,0.0,0.0,0.0,0.0,0.0,0.0,0.0,0.0,0.0,0.6022842267235775,0.3907241381421482,0.12522009883263424,0.2509880233786041,wait:0.000000
31,70:0,70,no_addition,False,0.0,0.0,0.0,0.0,0.0,0.0,0.0,0.0,0.0,0.0,0.7250418326056267,0.49302427799958903,0.2066890976646894,0.2580273057930491,wait:0.000000
31,73:0,73,no_addition,False,0.0,0.0,0.0,0.0,0.0,0.0,0.0,0.0,0.0,0.0,0.40420682498105226,0.36825884895626715,0.10135193454551357,0.21381812730705063,wait:0.000000
31,75:0,75,no_addition,False,0.0,0.0,0.0,0.0,0.0,0.0,0.0,0.0,0.0,0.0,0.4230941969831738,0.5146117501535823,0.14526836109731428,0.21203597939779312,wait:0.000000
31,79:0,79,no_addition,False,0.0,0.0,0.0,0.0,0.0,0.0,0.0,0.0,0.0,0.0,0.6554007144387883,0.3386993507256493,0.11701546148724276,0.22854336518025284,wait:0.000000
31,82:0,82,no_addition,False,0.0,0.0,0.0,0.0,0.0,0.0,0.0,0.0,0.0,0.0,0.7286328395366878,0.36352177295393373,0.15698912011979346,0.1520510595522537,wait:0.000000
31,83:0,83,no_addition,False,0.0,0.0,0.0,0.0,0.0,0.0,0.0,0.0,0.0,0.0,0.6992496307348407,0.3248307718207073,0.26025238770990045,0.20168454668107402,wait:0.000000
31,88:0,88,no_addition,False,0.0,0.0,0.0,0.0,0.0,0.0,0.0,0.0,0.0,0.0,0.7163316377708322,0.6143286754778456,0.09809896900767885,0.2526309343782891,wait:0.000000
31,90:0,90,no_addition,False,0.0,0.0,0.0,0.0,0.0,0.0,0.0,0.0,0.0,0.0,0.5496088598221989,0.5230713273300622,0.13492759998526915,0.34468040679375855,wait:0.000000
31,91:0,91,no_addition,False,0.0,0.0,0.0,0.0,0.0,0.0,0.0,0.0,0.0,0.0,0.4008685735824922,0.45411787526818514,0.22139914132820376,0.16502895016143204,wait:0.000000
31,102:0,102,no_addition,False,0.0,0.0,0.0,0.0,0.0,0.0,0.0,0.0,0.0,0.0,0.701367219239883,0.26701134800970727,0.18771390352718884,0.3406883754000892,wait:0.000000
31,104:0,104,no_addition,False,0.0,0.0,0.0,0.0,0.0,0.0,0.0,0.0,0.0,0.0,0.4805291116972771,0.3077848861998414,0.24182705034992438,0.26225319894977905,wait:0.000000
31,106:0,106,no_addition,False,0.0,0.0,0.0,0.0,0.0,0.0,0.0,0.0,0.0,0.0,0.6038869960114561,0.39577465450103894,0.16466671110779404,0.16123358388235126,wait:0.000000
31,107:0,107,no_addition,False,0.0,0.0,0.0,0.0,0.0,0.0,0.0,0.0,0.0,0.0,0.5601272085917144,0.4027578298740651,0.11188658600935725,0.20311708869163475,wait:0.000000
31,111:0,111,no_addition,False,0.0,0.0,0.0,0.0,0.0,0.0,0.0,0.0,0.0,0.0,0.6296869035044703,0.48249741418436287,0.11558516615917062,0.1539376686338176,wait:0.000000
31,113:0,113,no_addition,False,0.0,0.0,0.0,0.0,0.0,0.0,0.0,0.0,0.0,0.0,0.36884265054638277,0.5871883438705638,0.20774743918817895,0.15152591661893103,wait:0.000000
31,117:0,117,no_addition,False,0.0,0.0,0.0,0.0,0.0,0.0,0.0,0.0,0.0,0.0,0.5762276374207189,0.31861268573099333,0.26177083556612213,0.28997807026483413,wait:0.000000
31,118:0,118,no_addition,False,0.0,0.0,0.0,0.0,0.0,0.0,0.0,0.0,0.0,0.0,0.7419538127860572,0.3257052711190269,0.22127615320016214,0.1744441787687567,wait:0.000000
32,3:0,3,no_addition,False,0.0,0.0,0.0,0.0,0.0,0.0,0.0,0.0,0.0,0.0,0.6216450067394355,0.5023413918212314,0.11447867665375151,0.3775813505449553,wait:0.000000
32,5:0,5,no_addition,False,0.0,0.0,0.0,0.0,0.0,0.0,0.0,0.0,0.0,0.0,0.46352023428589695,0.26921733187059427,0.1609773507552331,0.3021323944895209,wait:0.000000
32,8:0,8,no_addition,False,0.0,0.0,0.0,0.0,0.0,0.0,0.0,0.0,0.0,0.0,0.42224487806266675,0.31676733048151573,0.09743626015620943,0.3270836536953683,wait:0.000000
32,10:0,10,no_addition,False,0.0,0.0,0.0,0.0,0.0,0.0,0.0,0.0,0.0,0.0,0.5288431740927177,0.5882886561200341,0.2200923526510588,0.2973293003305126,wait:0.000000
32,11:0,11,no_addition,False,0.0,0.0,0.0,0.0,0.0,0.0,0.0,0.0,0.0,0.0,0.657146533296191,0.37812604292750296,0.11254230858288973,0.15467226241520335,wait:0.000000
32,16:0,16,no_addition,False,0.0,0.0,0.0,0.0,0.0,0.0,0.0,0.0,0.0,0.0,0.6713353420972463,0.35549804760622816,0.2005787070626945,0.1929285768508154,wait:0.000000
32,19:0,19,no_addition,False,0.0,0.0,0.0,0.0,0.0,0.0,0.0,0.0,0.0,0.0,0.7251883343647291,0.445278758799319,0.134934236822975,0.22963360758369958,wait:0.000000
32,20:0,20,no_addition,False,0.0,0.0,0.0,0.0,0.0,0.0,0.0,0.0,0.0,0.0,0.6195092762977208,0.4718195611743685,0.1422286741409436,0.34279558387592546,wait:0.000000
32,27:0,27,no_addition,False,0.0,0.0,0.0,0.0,0.0,0.0,0.0,0.0,0.0,0.0,0.6925893067107659,0.6392206064589001,0.15779028109324086,0.3684614046068823,wait:0.000000
32,30:0,30,no_addition,False,0.0,0.0,0.0,0.0,0.0,0.0,0.0,0.0,0.0,0.0,0.6113152525564187,0.48946698833342217,0.10568988529152609,0.2968595249016314,wait:0.000000
32,31:0,31,no_addition,False,0.0,0.0,0.0,0.0,0.0,0.0,0.0,0.0,0.0,0.0,0.639231730984955,0.5962232349389468,0.15877040446700252,0.19435374724412033,wait:0.000000
32,35:0,35,no_addition,False,0.0,0.0,0.0,0.0,0.0,0.0,0.0,0.0,0.0,0.0,0.5686148129675394,0.3808624764596319,0.11359345932382238,0.17179398486241937,wait:0.000000
32,37:0,37,no_addition,False,0.0,0.0,0.0,0.0,0.0,0.0,0.0,0.0,0.0,0.0,0.6566398133866089,0.6048095714434447,0.23900283811741982,0.19726177659029454,wait:0.000000
32,39:0,39,no_addition,False,0.0,0.0,0.0,0.0,0.0,0.0,0.0,0.0,0.0,0.0,0.4294577007052264,0.45942743266519215,0.11278642516549683,0.3142410343455689,wait:0.000000
32,42:0,42,no_addition,False,0.0,0.0,0.0,0.0,0.0,0.0,0.0,0.0,0.0,0.0,0.3646625997759556,0.43924046267399164,0.20447239480110982,0.16482639385390188,wait:0.000000
32,46:0,46,no_addition,False,0.0,0.0,0.0,0.0,0.0,0.0,0.0,0.0,0.0,0.0,0.46247147996441473,0.6596503611583785,0.18523664050489752,0.15567554392335484,wait:0.000000
32,49:0,49,no_addition,False,0.0,0.0,0.0,0.0,0.0,0.0,0.0,0.0,0.0,0.0,0.5412220236875722,0.6085239383184402,0.20702198292046725,0.3550969080079869,wait:0.000000
32,52:0,52,no_addition,False,0.0,0.0,0.0,0.0,0.0,0.0,0.0,0.0,0.0,0.0,0.6875190938505968,0.424566771177051,0.2476619091839592,0.2339709438701195,wait:0.000000
32,54:0,54,no_addition,False,0.0,0.0,0.0,0.0,0.0,0.0,0.0,0.0,0.0,0.0,0.36049733782908744,0.5523253568294493,0.25533682668695057,0.3412197200125101,wait:0.000000
32,58:0,58,no_addition,False,0.0,0.0,0.0,0.0,0.0,0.0,0.0,0.0,0.0,0.0,0.6198457129212576,0.4512439536464701,0.24863939297565013,0.20532809497258347,wait:0.000000
32,62:0,62,no_addition,False,0.0,0.0,0.0,0.0,0.0,0.0,0.0,0.0,0.0,0.0,0.7237425411252645,0.62163411087903,0.18924605477548054,0.1589368749570172,wait:0.000000
32,69:0,69,no_addition,False,0.0,0.0,0.0,0.0,0.0,0.0,0.0,0.0,0.0,0.0,0.6022842267235775,0.3907241381421482,0.12522009883263424,0.2509880233786041,wait:0.000000
32,70:0,70,no_addition,False,0.0,0.0,0.0,0.0,0.0,0.0,0.0,0.0,0.0,0.0,0.7250418326056267,0.49302427799958903,0.2066890976646894,0.2580273057930491,wait:0.000000
32,73:0,73,no_addition,False,0.0,0.0,0.0,0.0,0.0,0.0,0.0,0.0,0.0,0.0,0.40420682498105226,0.36825884895626715,0.10135193454551357,0.21381812730705063,wait:0.000000
32,75:0,75,no_addition,False,0.0,0.0,0.0,0.0,0.0,0.0,0.0,0.0,0.0,0.0,0.4230941969831738,0.5146117501535823,0.14526836109731428,0.21203597939779312,wait:0.000000
32,79:0,79,no_addition,False,0.0,0.0,0.0,0.0,0.0,0.0,0.0,0.0,0.0,0.0,0.6554007144387883,0.3386993507256493,0.11701546148724276,0.22854336518025284,wait:0.000000
32,82:0,82,no_addition,False,0.0,0.0,0.0,0.0,0.0,0.0,0.0,0.0,0.0,0.0,0.7286328395366878,0.36352177295393373,0.15698912011979346,0.1520510595522537,wait:0.000000
32,83:0,83,no_addition,False,0.0,0.0,0.0,0.0,0.0,0.0,0.0,0.0,0.0,0.0,0.6992496307348407,0.3248307718207073,0.26025238770990045,0.20168454668107402,wait:0.000000
32,88:0,88,no_addition,False,0.0,0.0,0.0,0.0,0.0,0.0,0.0,0.0,0.0,0.0,0.7163316377708322,0.6143286754778456,0.09809896900767885,0.2526309343782891,wait:0.000000
32,90:0,90,no_addition,False,0.0,0.0,0.0,0.0,0.0,0.0,0.0,0.0,0.0,0.0,0.5496088598221989,0.5230713273300622,0.13492759998526915,0.34468040679375855,wait:0.000000
32,91:0,91,no_addition,False,0.0,0.0,0.0,0.0,0.0,0.0,0.0,0.0,0.0,0.0,0.4008685735824922,0.45411787526818514,0.22139914132820376,0.16502895016143204,wait:0.000000
32,102:0,102,no_addition,False,0.0,0.0,0.0,0.0,0.0,0.0,0.0,0.0,0.0,0.0,0.701367219239883,0.26701134800970727,0.18771390352718884,0.3406883754000892,wait:0.000000
32,104:0,104,no_addition,False,0.0,0.0,0.0,0.0,0.0,0.0,0.0,0.0,0.0,0.0,0.4805291116972771,0.3077848861998414,0.24182705034992438,0.26225319894977905,wait:0.000000
32,106:0,106,no_addition,False,0.0,0.0,0.0,0.0,0.0,0.0,0.0,0.0,0.0,0.0,0.6038869960114561,0.39577465450103894,0.16466671110779404,0.16123358388235126,wait:0.000000
32,107:0,107,no_addition,False,0.0,0.0,0.0,0.0,0.0,0.0,0.0,0.0,0.0,0.0,0.5601272085917144,0.4027578298740651,0.11188658600935725,0.20311708869163475,wait:0.000000
32,111:0,111,no_addition,False,0.0,0.0,0.0,0.0,0.0,0.0,0.0,0.0,0.0,0.0,0.6296869035044703,0.48249741418436287,0.11558516615917062,0.1539376686338176,wait:0.000000
32,113:0,113,no_addition,False,0.0,0.0,0.0,0.0,0.0,0.0,0.0,0.0,0.0,0.0,0.36884265054638277,0.5871883438705638,0.20774743918817895,0.15152591661893103,wait:0.000000
32,117:0,117,no_addition,False,0.0,0.0,0.0,0.0,0.0,0.0,0.0,0.0,0.0,0.0,0.5762276374207189,0.31861268573099333,0.26177083556612213,0.28997807026483413,wait:0.000000
32,118:0,118,no_addition,False,0.0,0.0,0.0,0.0,0.0,0.0,0.0,0.0,0.0,0.0,0.7419538127860572,0.3257052711190269,0.22127615320016214,0.1744441787687567,wait:0.000000
33,3:0,3,no_addition,False,0.0,0.0,0.0,0.0,0.0,0.0,0.0,0.0,0.0,0.0,0.6216450067394355,0.5023413918212314,0.11447867665375151,0.3775813505449553,wait:0.000000
33,5:0,5,no_addition,False,0.0,0.0,0.0,0.0,0.0,0.0,0.0,0.0,0.0,0.0,0.46352023428589695,0.26921733187059427,0.1609773507552331,0.3021323944895209,wait:0.000000
33,8:0,8,no_addition,False,0.0,0.0,0.0,0.0,0.0,0.0,0.0,0.0,0.0,0.0,0.42224487806266675,0.31676733048151573,0.09743626015620943,0.3270836536953683,wait:0.000000
33,10:0,10,no_addition,False,0.0,0.0,0.0,0.0,0.0,0.0,0.0,0.0,0.0,0.0,0.5288431740927177,0.5882886561200341,0.2200923526510588,0.2973293003305126,wait:0.000000
33,11:0,11,no_addition,False,0.0,0.0,0.0,0.0,0.0,0.0,0.0,0.0,0.0,0.0,0.657146533296191,0.37812604292750296,0.11254230858288973,0.15467226241520335,wait:0.000000
33,16:0,16,no_addition,False,0.0,0.0,0.0,0.0,0.0,0.0,0.0,0.0,0.0,0.0,0.6713353420972463,0.35549804760622816,0.2005787070626945,0.1929285768508154,wait:0.000000
33,19:0,19,no_addition,False,0.0,0.0,0.0,0.0,0.0,0.0,0.0,0.0,0.0,0.0,0.7251883343647291,0.445278758799319,0.134934236822975,0.22963360758369958,wait:0.000000
33,20:0,20,no_addition,False,0.0,0.0,0.0,0.0,0.0,0.0,0.0,0.0,0.0,0.0,0.6195092762977208,0.4718195611743685,0.1422286741409436,0.34279558387592546,wait:0.000000
33,27:0,27,no_addition,False,0.0,0.0,0.0,0.0,0.0,0.0,0.0,0.0,0.0,0.0,0.6925893067107659,0.6392206064589001,0.15779028109324086,0.3684614046068823,wait:0.000000
33,30:0,30,no_addition,False,0.0,0.0,0.0,0.0,0.0,0.0,0.0,0.0,0.0,0.0,0.6113152525564187,0.48946698833342217,0.10568988529152609,0.2968595249016314,wait:0.000000
33,31:0,31,no_addition,False,0.0,0.0,0.0,0.0,0.0,0.0,0.0,0.0,0.0,0.0,0.639231730984955,0.5962232349389468,0.15877040446700252,0.19435374724412033,wait:0.000000
33,35:0,35,no_addition,False,0.0,0.0,0.0,0.0,0.0,0.0,0.0,0.0,0.0,0.0,0.5686148129675394,0.3808624764596319,0.11359345932382238,0.17179398486241937,wait:0.000000
33,37:0,37,no_addition,False,0.0,0.0,0.0,0.0,0.0,0.0,0.0,0.0,0.0,0.0,0.6566398133866089,0.6048095714434447,0.23900283811741982,0.19726177659029454,wait:0.000000
33,39:0,39,no_addition,False,0.0,0.0,0.0,0.0,0.0,0.0,0.0,0.0,0.0,0.0,0.4294577007052264,0.45942743266519215,0.11278642516549683,0.3142410343455689,wait:0.000000
33,42:0,42,no_addition,False,0.0,0.0,0.0,0.0,0.0,0.0,0.0,0.0,0.0,0.0,0.3646625997759556,0.43924046267399164,0.20447239480110982,0.16482639385390188,wait:0.000000
33,46:0,46,no_addition,False,0.0,0.0,0.0,0.0,0.0,0.0,0.0,0.0,0.0,0.0,0.46247147996441473,0.6596503611583785,0.18523664050489752,0.15567554392335484,wait:0.000000
33,49:0,49,no_addition,False,0.0,0.0,0.0,0.0,0.0,0.0,0.0,0.0,0.0,0.0,0.5412220236875722,0.6085239383184402,0.20702198292046725,0.3550969080079869,wait:0.000000
33,52:0,52,no_addition,False,0.0,0.0,0.0,0.0,0.0,0.0,0.0,0.0,0.0,0.0,0.6875190938505968,0.424566771177051,0.2476619091839592,0.2339709438701195,wait:0.000000
33,54:0,54,no_addition,False,0.0,0.0,0.0,0.0,0.0,0.0,0.0,0.0,0.0,0.0,0.36049733782908744,0.5523253568294493,0.25533682668695057,0.3412197200125101,wait:0.000000
33,58:0,58,no_addition,False,0.0,0.0,0.0,0.0,0.0,0.0,0.0,0.0,0.0,0.0,0.6198457129212576,0.4512439536464701,0.24863939297565013,0.20532809497258347,wait:0.000000
33,62:0,62,no_addition,False,0.0,0.0,0.0,0.0,0.0,0.0,0.0,0.0,0.0,0.0,0.7237425411252645,0.62163411087903,0.18924605477548054,0.1589368749570172,wait:0.000000
33,69:0,69,no_addition,False,0.0,0.0,0.0,0.0,0.0,0.0,0.0,0.0,0.0,0.0,0.6022842267235775,0.3907241381421482,0.12522009883263424,0.2509880233786041,wait:0.000000
33,70:0,70,no_addition,False,0.0,0.0,0.0,0.0,0.0,0.0,0.0,0.0,0.0,0.0,0.7250418326056267,0.49302427799958903,0.2066890976646894,0.2580273057930491,wait:0.000000
33,73:0,73,no_addition,False,0.0,0.0,0.0,0.0,0.0,0.0,0.0,0.0,0.0,0.0,0.40420682498105226,0.36825884895626715,0.10135193454551357,0.21381812730705063,wait:0.000000
33,75:0,75,no_addition,False,0.0,0.0,0.0,0.0,0.0,0.0,0.0,0.0,0.0,0.0,0.4230941969831738,0.5146117501535823,0.14526836109731428,0.21203597939779312,wait:0.000000
33,79:0,79,no_addition,False,0.0,0.0,0.0,0.0,0.0,0.0,0.0,0.0,0.0,0.0,0.6554007144387883,0.3386993507256493,0.11701546148724276,0.22854336518025284,wait:0.000000
33,82:0,82,no_addition,False,0.0,0.0,0.0,0.0,0.0,0.0,0.0,0.0,0.0,0.0,0.7286328395366878,0.36352177295393373,0.15698912011979346,0.1520510595522537,wait:0.000000
33,83:0,83,no_addition,False,0.0,0.0,0.0,0.0,0.0,0.0,0.0,0.0,0.0,0.0,0.6992496307348407,0.3248307718207073,0.26025238770990045,0.20168454668107402,wait:0.000000
33,88:0,88,no_addition,False,0.0,0.0,0.0,0.0,0.0,0.0,0.0,0.0,0.0,0.0,0.7163316377708322,0.6143286754778456,0.09809896900767885,0.2526309343782891,wait:0.000000
33,90:0,90,no_addition,False,0.0,0.0,0.0,0.0,0.0,0.0,0.0,0.0,0.0,0.0,0.5496088598221989,0.5230713273300622,0.13492759998526915,0.34468040679375855,wait:0.000000
33,91:0,91,no_addition,False,0.0,0.0,0.0,0.0,0.0,0.0,0.0,0.0,0.0,0.0,0.4008685735824922,0.45411787526818514,0.22139914132820376,0.16502895016143204,wait:0.000000
33,102:0,102,no_addition,False,0.0,0.0,0.0,0.0,0.0,0.0,0.0,0.0,0.0,0.0,0.701367219239883,0.26701134800970727,0.18771390352718884,0.3406883754000892,wait:0.000000
33,104:0,104,no_addition,False,0.0,0.0,0.0,0.0,0.0,0.0,0.0,0.0,0.0,0.0,0.4805291116972771,0.3077848861998414,0.24182705034992438,0.26225319894977905,wait:0.000000
33,106:0,106,no_addition,False,0.0,0.0,0.0,0.0,0.0,0.0,0.0,0.0,0.0,0.0,0.6038869960114561,0.39577465450103894,0.16466671110779404,0.16123358388235126,wait:0.000000
33,107:0,107,no_addition,False,0.0,0.0,0.0,0.0,0.0,0.0,0.0,0.0,0.0,0.0,0.5601272085917144,0.4027578298740651,0.11188658600935725,0.20311708869163475,wait:0.000000
33,111:0,111,no_addition,False,0.0,0.0,0.0,0.0,0.0,0.0,0.0,0.0,0.0,0.0,0.6296869035044703,0.48249741418436287,0.11558516615917062,0.1539376686338176,wait:0.000000
33,113:0,113,no_addition,False,0.0,0.0,0.0,0.0,0.0,0.0,0.0,0.0,0.0,0.0,0.36884265054638277,0.5871883438705638,0.20774743918817895,0.15152591661893103,wait:0.000000
33,117:0,117,no_addition,False,0.0,0.0,0.0,0.0,0.0,0.0,0.0,0.0,0.0,0.0,0.5762276374207189,0.31861268573099333,0.26177083556612213,0.28997807026483413,wait:0.000000
33,118:0,118,no_addition,False,0.0,0.0,0.0,0.0,0.0,0.0,0.0,0.0,0.0,0.0,0.7419538127860572,0.3257052711190269,0.22127615320016214,0.1744441787687567,wait:0.000000
34,3:0,3,no_addition,False,0.0,0.0,0.0,0.0,0.0,0.0,0.0,0.0,0.0,0.0,0.6216450067394355,0.5023413918212314,0.11447867665375151,0.3775813505449553,wait:0.000000
34,5:0,5,no_addition,False,0.0,0.0,0.0,0.0,0.0,0.0,0.0,0.0,0.0,0.0,0.46352023428589695,0.26921733187059427,0.1609773507552331,0.3021323944895209,wait:0.000000
34,8:0,8,no_addition,False,0.0,0.0,0.0,0.0,0.0,0.0,0.0,0.0,0.0,0.0,0.42224487806266675,0.31676733048151573,0.09743626015620943,0.3270836536953683,wait:0.000000
34,10:0,10,no_addition,False,0.0,0.0,0.0,0.0,0.0,0.0,0.0,0.0,0.0,0.0,0.5288431740927177,0.5882886561200341,0.2200923526510588,0.2973293003305126,wait:0.000000
34,11:0,11,no_addition,False,0.0,0.0,0.0,0.0,0.0,0.0,0.0,0.0,0.0,0.0,0.657146533296191,0.37812604292750296,0.11254230858288973,0.15467226241520335,wait:0.000000
34,16:0,16,no_addition,False,0.0,0.0,0.0,0.0,0.0,0.0,0.0,0.0,0.0,0.0,0.6713353420972463,0.35549804760622816,0.2005787070626945,0.1929285768508154,wait:0.000000
34,19:0,19,no_addition,False,0.0,0.0,0.0,0.0,0.0,0.0,0.0,0.0,0.0,0.0,0.7251883343647291,0.445278758799319,0.134934236822975,0.22963360758369958,wait:0.000000
34,20:0,20,no_addition,False,0.0,0.0,0.0,0.0,0.0,0.0,0.0,0.0,0.0,0.0,0.6195092762977208,0.4718195611743685,0.1422286741409436,0.34279558387592546,wait:0.000000
34,27:0,27,no_addition,False,0.0,0.0,0.0,0.0,0.0,0.0,0.0,0.0,0.0,0.0,0.6925893067107659,0.6392206064589001,0.15779028109324086,0.3684614046068823,wait:0.000000
34,30:0,30,no_addition,False,0.0,0.0,0.0,0.0,0.0,0.0,0.0,0.0,0.0,0.0,0.6113152525564187,0.48946698833342217,0.10568988529152609,0.2968595249016314,wait:0.000000
34,31:0,31,no_addition,False,0.0,0.0,0.0,0.0,0.0,0.0,0.0,0.0,0.0,0.0,0.639231730984955,0.5962232349389468,0.15877040446700252,0.19435374724412033,wait:0.000000
34,35:0,35,no_addition,False,0.0,0.0,0.0,0.0,0.0,0.0,0.0,0.0,0.0,0.0,0.5686148129675394,0.3808624764596319,0.11359345932382238,0.17179398486241937,wait:0.000000
34,37:0,37,no_addition,False,0.0,0.0,0.0,0.0,0.0,0.0,0.0,0.0,0.0,0.0,0.6566398133866089,0.6048095714434447,0.23900283811741982,0.19726177659029454,wait:0.000000
34,39:0,39,no_addition,False,0.0,0.0,0.0,0.0,0.0,0.0,0.0,0.0,0.0,0.0,0.4294577007052264,0.45942743266519215,0.11278642516549683,0.3142410343455689,wait:0.000000
34,42:0,42,no_addition,False,0.0,0.0,0.0,0.0,0.0,0.0,0.0,0.0,0.0,0.0,0.3646625997759556,0.43924046267399164,0.20447239480110982,0.16482639385390188,wait:0.000000
34,46:0,46,no_addition,False,0.0,0.0,0.0,0.0,0.0,0.0,0.0,0.0,0.0,0.0,0.46247147996441473,0.6596503611583785,0.18523664050489752,0.15567554392335484,wait:0.000000
34,49:0,49,no_addition,False,0.0,0.0,0.0,0.0,0.0,0.0,0.0,0.0,0.0,0.0,0.5412220236875722,0.6085239383184402,0.20702198292046725,0.3550969080079869,wait:0.000000
34,52:0,52,no_addition,False,0.0,0.0,0.0,0.0,0.0,0.0,0.0,0.0,0.0,0.0,0.6875190938505968,0.424566771177051,0.2476619091839592,0.2339709438701195,wait:0.000000
34,54:0,54,no_addition,False,0.0,0.0,0.0,0.0,0.0,0.0,0.0,0.0,0.0,0.0,0.36049733782908744,0.5523253568294493,0.25533682668695057,0.3412197200125101,wait:0.000000
34,58:0,58,no_addition,False,0.0,0.0,0.0,0.0,0.0,0.0,0.0,0.0,0.0,0.0,0.6198457129212576,0.4512439536464701,0.24863939297565013,0.20532809497258347,wait:0.000000
34,62:0,62,no_addition,False,0.0,0.0,0.0,0.0,0.0,0.0,0.0,0.0,0.0,0.0,0.7237425411252645,0.62163411087903,0.18924605477548054,0.1589368749570172,wait:0.000000
34,69:0,69,no_addition,False,0.0,0.0,0.0,0.0,0.0,0.0,0.0,0.0,0.0,0.0,0.6022842267235775,0.3907241381421482,0.12522009883263424,0.2509880233786041,wait:0.000000
34,70:0,70,no_addition,False,0.0,0.0,0.0,0.0,0.0,0.0,0.0,0.0,0.0,0.0,0.7250418326056267,0.49302427799958903,0.2066890976646894,0.2580273057930491,wait:0.000000
34,73:0,73,no_addition,False,0.0,0.0,0.0,0.0,0.0,0.0,0.0,0.0,0.0,0.0,0.40420682498105226,0.36825884895626715,0.10135193454551357,0.21381812730705063,wait:0.000000
34,75:0,75,no_addition,False,0.0,0.0,0.0,0.0,0.0,0.0,0.0,0.0,0.0,0.0,0.4230941969831738,0.5146117501535823,0.14526836109731428,0.21203597939779312,wait:0.000000
34,79:0,79,no_addition,False,0.0,0.0,0.0,0.0,0.0,0.0,0.0,0.0,0.0,0.0,0.6554007144387883,0.3386993507256493,0.11701546148724276,0.22854336518025284,wait:0.000000
34,82:0,82,no_addition,False,0.0,0.0,0.0,0.0,0.0,0.0,0.0,0.0,0.0,0.0,0.7286328395366878,0.36352177295393373,0.15698912011979346,0.1520510595522537,wait:0.000000
34,83:0,83,no_addition,False,0.0,0.0,0.0,0.0,0.0,0.0,0.0,0.0,0.0,0.0,0.6992496307348407,0.3248307718207073,0.26025238770990045,0.20168454668107402,wait:0.000000
34,88:0,88,no_addition,False,0.0,0.0,0.0,0.0,0.0,0.0,0.0,0.0,0.0,0.0,0.7163316377708322,0.6143286754778456,0.09809896900767885,0.2526309343782891,wait:0.000000
34,90:0,90,no_addition,False,0.0,0.0,0.0,0.0,0.0,0.0,0.0,0.0,0.0,0.0,0.5496088598221989,0.5230713273300622,0.13492759998526915,0.34468040679375855,wait:0.000000
34,91:0,91,no_addition,False,0.0,0.0,0.0,0.0,0.0,0.0,0.0,0.0,0.0,0.0,0.4008685735824922,0.45411787526818514,0.22139914132820376,0.16502895016143204,wait:0.000000
34,102:0,102,no_addition,False,0.0,0.0,0.0,0.0,0.0,0.0,0.0,0.0,0.0,0.0,0.701367219239883,0.26701134800970727,0.18771390352718884,0.3406883754000892,wait:0.000000
34,104:0,104,no_addition,False,0.0,0.0,0.0,0.0,0.0,0.0,0.0,0.0,0.0,0.0,0.4805291116972771,0.3077848861998414,0.24182705034992438,0.26225319894977905,wait:0.000000
34,106:0,106,no_addition,False,0.0,0.0,0.0,0.0,0.0,0.0,0.0,0.0,0.0,0.0,0.6038869960114561,0.39577465450103894,0.16466671110779404,0.16123358388235126,wait:0.000000
34,107:0,107,no_addition,False,0.0,0.0,0.0,0.0,0.0,0.0,0.0,0.0,0.0,0.0,0.5601272085917144,0.4027578298740651,0.11188658600935725,0.20311708869163475,wait:0.000000
34,111:0,111,no_addition,False,0.0,0.0,0.0,0.0,0.0,0.0,0.0,0.0,0.0,0.0,0.6296869035044703,0.48249741418436287,0.11558516615917062,0.1539376686338176,wait:0.000000
34,113:0,113,no_addition,False,0.0,0.0,0.0,0.0,0.0,0.0,0.0,0.0,0.0,0.0,0.36884265054638277,0.5871883438705638,0.20774743918817895,0.15152591661893103,wait:0.000000
34,117:0,117,no_addition,False,0.0,0.0,0.0,0.0,0.0,0.0,0.0,0.0,0.0,0.0,0.5762276374207189,0.31861268573099333,0.26177083556612213,0.28997807026483413,wait:0.000000
34,118:0,118,no_addition,False,0.0,0.0,0.0,0.0,0.0,0.0,0.0,0.0,0.0,0.0,0.7419538127860572,0.3257052711190269,0.22127615320016214,0.1744441787687567,wait:0.000000
35,3:0,3,no_addition,False,0.0,0.0,0.0,0.0,0.0,0.0,0.0,0.0,0.0,0.0,0.6216450067394355,0.5023413918212314,0.11447867665375151,0.3775813505449553,wait:0.000000
35,5:0,5,no_addition,False,0.0,0.0,0.0,0.0,0.0,0.0,0.0,0.0,0.0,0.0,0.46352023428589695,0.26921733187059427,0.1609773507552331,0.3021323944895209,wait:0.000000
35,8:0,8,no_addition,False,0.0,0.0,0.0,0.0,0.0,0.0,0.0,0.0,0.0,0.0,0.42224487806266675,0.31676733048151573,0.09743626015620943,0.3270836536953683,wait:0.000000
35,10:0,10,no_addition,False,0.0,0.0,0.0,0.0,0.0,0.0,0.0,0.0,0.0,0.0,0.5288431740927177,0.5882886561200341,0.2200923526510588,0.2973293003305126,wait:0.000000
35,11:0,11,no_addition,False,0.0,0.0,0.0,0.0,0.0,0.0,0.0,0.0,0.0,0.0,0.657146533296191,0.37812604292750296,0.11254230858288973,0.15467226241520335,wait:0.000000
35,16:0,16,no_addition,False,0.0,0.0,0.0,0.0,0.0,0.0,0.0,0.0,0.0,0.0,0.6713353420972463,0.35549804760622816,0.2005787070626945,0.1929285768508154,wait:0.000000
35,19:0,19,no_addition,False,0.0,0.0,0.0,0.0,0.0,0.0,0.0,0.0,0.0,0.0,0.7251883343647291,0.445278758799319,0.134934236822975,0.22963360758369958,wait:0.000000
35,20:0,20,no_addition,False,0.0,0.0,0.0,0.0,0.0,0.0,0.0,0.0,0.0,0.0,0.6195092762977208,0.4718195611743685,0.1422286741409436,0.34279558387592546,wait:0.000000
35,27:0,27,no_addition,False,0.0,0.0,0.0,0.0,0.0,0.0,0.0,0.0,0.0,0.0,0.6925893067107659,0.6392206064589001,0.15779028109324086,0.3684614046068823,wait:0.000000
35,30:0,30,no_addition,False,0.0,0.0,0.0,0.0,0.0,0.0,0.0,0.0,0.0,0.0,0.6113152525564187,0.48946698833342217,0.10568988529152609,0.2968595249016314,wait:0.000000
35,31:0,31,no_addition,False,0.0,0.0,0.0,0.0,0.0,0.0,0.0,0.0,0.0,0.0,0.639231730984955,0.5962232349389468,0.15877040446700252,0.19435374724412033,wait:0.000000
35,35:0,35,no_addition,False,0.0,0.0,0.0,0.0,0.0,0.0,0.0,0.0,0.0,0.0,0.5686148129675394,0.3808624764596319,0.11359345932382238,0.17179398486241937,wait:0.000000
35,37:0,37,no_addition,False,0.0,0.0,0.0,0.0,0.0,0.0,0.0,0.0,0.0,0.0,0.6566398133866089,0.6048095714434447,0.23900283811741982,0.19726177659029454,wait:0.000000
35,39:0,39,no_addition,False,0.0,0.0,0.0,0.0,0.0,0.0,0.0,0.0,0.0,0.0,0.4294577007052264,0.45942743266519215,0.11278642516549683,0.3142410343455689,wait:0.000000
35,42:0,42,no_addition,False,0.0,0.0,0.0,0.0,0.0,0.0,0.0,0.0,0.0,0.0,0.3646625997759556,0.43924046267399164,0.20447239480110982,0.16482639385390188,wait:0.000000
35,46:0,46,no_addition,False,0.0,0.0,0.0,0.0,0.0,0.0,0.0,0.0,0.0,0.0,0.46247147996441473,0.6596503611583785,0.18523664050489752,0.15567554392335484,wait:0.000000
35,49:0,49,no_addition,False,0.0,0.0,0.0,0.0,0.0,0.0,0.0,0.0,0.0,0.0,0.5412220236875722,0.6085239383184402,0.20702198292046725,0.3550969080079869,wait:0.000000
35,52:0,52,no_addition,False,0.0,0.0,0.0,0.0,0.0,0.0,0.0,0.0,0.0,0.0,0.6875190938505968,0.424566771177051,0.2476619091839592,0.2339709438701195,wait:0.000000
35,54:0,54,no_addition,False,0.0,0.0,0.0,0.0,0.0,0.0,0.0,0.0,0.0,0.0,0.36049733782908744,0.5523253568294493,0.25533682668695057,0.3412197200125101,wait:0.000000
35,58:0,58,no_addition,False,0.0,0.0,0.0,0.0,0.0,0.0,0.0,0.0,0.0,0.0,0.6198457129212576,0.4512439536464701,0.24863939297565013,0.20532809497258347,wait:0.000000
35,62:0,62,no_addition,False,0.0,0.0,0.0,0.0,0.0,0.0,0.0,0.0,0.0,0.0,0.7237425411252645,0.62163411087903,0.18924605477548054,0.1589368749570172,wait:0.000000
35,69:0,69,no_addition,False,0.0,0.0,0.0,0.0,0.0,0.0,0.0,0.0,0.0,0.0,0.6022842267235775,0.3907241381421482,0.12522009883263424,0.2509880233786041,wait:0.000000
35,70:0,70,no_addition,False,0.0,0.0,0.0,0.0,0.0,0.0,0.0,0.0,0.0,0.0,0.7250418326056267,0.49302427799958903,0.2066890976646894,0.2580273057930491,wait:0.000000
35,73:0,73,no_addition,False,0.0,0.0,0.0,0.0,0.0,0.0,0.0,0.0,0.0,0.0,0.40420682498105226,0.36825884895626715,0.10135193454551357,0.21381812730705063,wait:0.000000
35,75:0,75,no_addition,False,0.0,0.0,0.0,0.0,0.0,0.0,0.0,0.0,0.0,0.0,0.4230941969831738,0.5146117501535823,0.14526836109731428,0.21203597939779312,wait:0.000000
35,79:0,79,no_addition,False,0.0,0.0,0.0,0.0,0.0,0.0,0.0,0.0,0.0,0.0,0.6554007144387883,0.3386993507256493,0.11701546148724276,0.22854336518025284,wait:0.000000
35,82:0,82,no_addition,False,0.0,0.0,0.0,0.0,0.0,0.0,0.0,0.0,0.0,0.0,0.7286328395366878,0.36352177295393373,0.15698912011979346,0.1520510595522537,wait:0.000000
35,83:0,83,no_addition,False,0.0,0.0,0.0,0.0,0.0,0.0,0.0,0.0,0.0,0.0,0.6992496307348407,0.3248307718207073,0.26025238770990045,0.20168454668107402,wait:0.000000
35,88:0,88,no_addition,False,0.0,0.0,0.0,0.0,0.0,0.0,0.0,0.0,0.0,0.0,0.7163316377708322,0.6143286754778456,0.09809896900767885,0.2526309343782891,wait:0.000000
35,90:0,90,no_addition,False,0.0,0.0,0.0,0.0,0.0,0.0,0.0,0.0,0.0,0.0,0.5496088598221989,0.5230713273300622,0.13492759998526915,0.34468040679375855,wait:0.000000
35,91:0,91,no_addition,False,0.0,0.0,0.0,0.0,0.0,0.0,0.0,0.0,0.0,0.0,0.4008685735824922,0.45411787526818514,0.22139914132820376,0.16502895016143204,wait:0.000000
35,102:0,102,no_addition,False,0.0,0.0,0.0,0.0,0.0,0.0,0.0,0.0,0.0,0.0,0.701367219239883,0.26701134800970727,0.18771390352718884,0.3406883754000892,wait:0.000000
35,104:0,104,no_addition,False,0.0,0.0,0.0,0.0,0.0,0.0,0.0,0.0,0.0,0.0,0.4805291116972771,0.3077848861998414,0.24182705034992438,0.26225319894977905,wait:0.000000
35,106:0,106,no_addition,False,0.0,0.0,0.0,0.0,0.0,0.0,0.0,0.0,0.0,0.0,0.6038869960114561,0.39577465450103894,0.16466671110779404,0.16123358388235126,wait:0.000000
35,107:0,107,no_addition,False,0.0,0.0,0.0,0.0,0.0,0.0,0.0,0.0,0.0,0.0,0.5601272085917144,0.4027578298740651,0.11188658600935725,0.20311708869163475,wait:0.000000
35,111:0,111,no_addition,False,0.0,0.0,0.0,0.0,0.0,0.0,0.0,0.0,0.0,0.0,0.6296869035044703,0.48249741418436287,0.11558516615917062,0.1539376686338176,wait:0.000000
35,113:0,113,no_addition,False,0.0,0.0,0.0,0.0,0.0,0.0,0.0,0.0,0.0,0.0,0.36884265054638277,0.5871883438705638,0.20774743918817895,0.15152591661893103,wait:0.000000
35,117:0,117,no_addition,False,0.0,0.0,0.0,0.0,0.0,0.0,0.0,0.0,0.0,0.0,0.5762276374207189,0.31861268573099333,0.26177083556612213,0.28997807026483413,wait:0.000000
35,118:0,118,no_addition,False,0.0,0.0,0.0,0.0,0.0,0.0,0.0,0.0,0.0,0.0,0.7419538127860572,0.3257052711190269,0.22127615320016214,0.1744441787687567,wait:0.000000
36,3:0,3,no_addition,False,0.0,0.0,0.0,0.0,0.0,0.0,0.0,0.0,0.0,0.0,0.6216450067394355,0.5023413918212314,0.11447867665375151,0.3775813505449553,wait:0.000000
36,5:0,5,no_addition,False,0.0,0.0,0.0,0.0,0.0,0.0,0.0,0.0,0.0,0.0,0.46352023428589695,0.26921733187059427,0.1609773507552331,0.3021323944895209,wait:0.000000
36,8:0,8,no_addition,False,0.0,0.0,0.0,0.0,0.0,0.0,0.0,0.0,0.0,0.0,0.42224487806266675,0.31676733048151573,0.09743626015620943,0.3270836536953683,wait:0.000000
36,10:0,10,no_addition,False,0.0,0.0,0.0,0.0,0.0,0.0,0.0,0.0,0.0,0.0,0.5288431740927177,0.5882886561200341,0.2200923526510588,0.2973293003305126,wait:0.000000
36,11:0,11,no_addition,False,0.0,0.0,0.0,0.0,0.0,0.0,0.0,0.0,0.0,0.0,0.657146533296191,0.37812604292750296,0.11254230858288973,0.15467226241520335,wait:0.000000
36,16:0,16,no_addition,False,0.0,0.0,0.0,0.0,0.0,0.0,0.0,0.0,0.0,0.0,0.6713353420972463,0.35549804760622816,0.2005787070626945,0.1929285768508154,wait:0.000000
36,19:0,19,no_addition,False,0.0,0.0,0.0,0.0,0.0,0.0,0.0,0.0,0.0,0.0,0.7251883343647291,0.445278758799319,0.134934236822975,0.22963360758369958,wait:0.000000
36,20:0,20,no_addition,False,0.0,0.0,0.0,0.0,0.0,0.0,0.0,0.0,0.0,0.0,0.6195092762977208,0.4718195611743685,0.1422286741409436,0.34279558387592546,wait:0.000000
36,27:0,27,no_addition,False,0.0,0.0,0.0,0.0,0.0,0.0,0.0,0.0,0.0,0.0,0.6925893067107659,0.6392206064589001,0.15779028109324086,0.3684614046068823,wait:0.000000
36,30:0,30,no_addition,False,0.0,0.0,0.0,0.0,0.0,0.0,0.0,0.0,0.0,0.0,0.6113152525564187,0.48946698833342217,0.10568988529152609,0.2968595249016314,wait:0.000000
36,31:0,31,no_addition,False,0.0,0.0,0.0,0.0,0.0,0.0,0.0,0.0,0.0,0.0,0.639231730984955,0.5962232349389468,0.15877040446700252,0.19435374724412033,wait:0.000000
36,35:0,35,no_addition,False,0.0,0.0,0.0,0.0,0.0,0.0,0.0,0.0,0.0,0.0,0.5686148129675394,0.3808624764596319,0.11359345932382238,0.17179398486241937,wait:0.000000
36,37:0,37,no_addition,False,0.0,0.0,0.0,0.0,0.0,0.0,0.0,0.0,0.0,0.0,0.6566398133866089,0.6048095714434447,0.23900283811741982,0.19726177659029454,wait:0.000000
36,39:0,39,no_addition,False,0.0,0.0,0.0,0.0,0.0,0.0,0.0,0.0,0.0,0.0,0.4294577007052264,0.45942743266519215,0.11278642516549683,0.3142410343455689,wait:0.000000
36,42:0,42,no_addition,False,0.0,0.0,0.0,0.0,0.0,0.0,0.0,0.0,0.0,0.0,0.3646625997759556,0.43924046267399164,0.20447239480110982,0.16482639385390188,wait:0.000000
36,46:0,46,no_addition,False,0.0,0.0,0.0,0.0,0.0,0.0,0.0,0.0,0.0,0.0,0.46247147996441473,0.6596503611583785,0.18523664050489752,0.15567554392335484,wait:0.000000
36,49:0,49,no_addition,False,0.0,0.0,0.0,0.0,0.0,0.0,0.0,0.0,0.0,0.0,0.5412220236875722,0.6085239383184402,0.20702198292046725,0.3550969080079869,wait:0.000000
36,52:0,52,no_addition,False,0.0,0.0,0.0,0.0,0.0,0.0,0.0,0.0,0.0,0.0,0.6875190938505968,0.424566771177051,0.2476619091839592,0.2339709438701195,wait:0.000000
36,54:0,54,no_addition,False,0.0,0.0,0.0,0.0,0.0,0.0,0.0,0.0,0.0,0.0,0.36049733782908744,0.5523253568294493,0.25533682668695057,0.3412197200125101,wait:0.000000
36,58:0,58,no_addition,False,0.0,0.0,0.0,0.0,0.0,0.0,0.0,0.0,0.0,0.0,0.6198457129212576,0.4512439536464701,0.24863939297565013,0.20532809497258347,wait:0.000000
36,62:0,62,no_addition,False,0.0,0.0,0.0,0.0,0.0,0.0,0.0,0.0,0.0,0.0,0.7237425411252645,0.62163411087903,0.18924605477548054,0.1589368749570172,wait:0.000000
36,69:0,69,no_addition,False,0.0,0.0,0.0,0.0,0.0,0.0,0.0,0.0,0.0,0.0,0.6022842267235775,0.3907241381421482,0.12522009883263424,0.2509880233786041,wait:0.000000
36,70:0,70,no_addition,False,0.0,0.0,0.0,0.0,0.0,0.0,0.0,0.0,0.0,0.0,0.7250418326056267,0.49302427799958903,0.2066890976646894,0.2580273057930491,wait:0.000000
36,73:0,73,no_addition,False,0.0,0.0,0.0,0.0,0.0,0.0,0.0,0.0,0.0,0.0,0.40420682498105226,0.36825884895626715,0.10135193454551357,0.21381812730705063,wait:0.000000
36,75:0,75,no_addition,False,0.0,0.0,0.0,0.0,0.0,0.0,0.0,0.0,0.0,0.0,0.4230941969831738,0.5146117501535823,0.14526836109731428,0.21203597939779312,wait:0.000000
36,79:0,79,no_addition,False,0.0,0.0,0.0,0.0,0.0,0.0,0.0,0.0,0.0,0.0,0.6554007144387883,0.3386993507256493,0.11701546148724276,0.22854336518025284,wait:0.000000
36,82:0,82,no_addition,False,0.0,0.0,0.0,0.0,0.0,0.0,0.0,0.0,0.0,0.0,0.7286328395366878,0.36352177295393373,0.15698912011979346,0.1520510595522537,wait:0.000000
36,83:0,83,no_addition,False,0.0,0.0,0.0,0.0,0.0,0.0,0.0,0.0,0.0,0.0,0.6992496307348407,0.3248307718207073,0.26025238770990045,0.20168454668107402,wait:0.000000
36,88:0,88,no_addition,False,0.0,0.0,0.0,0.0,0.0,0.0,0.0,0.0,0.0,0.0,0.7163316377708322,0.6143286754778456,0.09809896900767885,0.2526309343782891,wait:0.000000
36,90:0,90,no_addition,False,0.0,0.0,0.0,0.0,0.0,0.0,0.0,0.0,0.0,0.0,0.5496088598221989,0.5230713273300622,0.13492759998526915,0.34468040679375855,wait:0.000000
36,91:0,91,no_addition,False,0.0,0.0,0.0,0.0,0.0,0.0,0.0,0.0,0.0,0.0,0.4008685735824922,0.45411787526818514,0.22139914132820376,0.16502895016143204,wait:0.000000
36,102:0,102,no_addition,False,0.0,0.0,0.0,0.0,0.0,0.0,0.0,0.0,0.0,0.0,0.701367219239883,0.26701134800970727,0.18771390352718884,0.3406883754000892,wait:0.000000
36,104:0,104,no_addition,False,0.0,0.0,0.0,0.0,0.0,0.0,0.0,0.0,0.0,0.0,0.4805291116972771,0.3077848861998414,0.24182705034992438,0.26225319894977905,wait:0.000000
36,106:0,106,no_addition,False,0.0,0.0,0.0,0.0,0.0,0.0,0.0,0.0,0.0,0.0,0.6038869960114561,0.39577465450103894,0.16466671110779404,0.16123358388235126,wait:0.000000
36,107:0,107,no_addition,False,0.0,0.0,0.0,0.0,0.0,0.0,0.0,0.0,0.0,0.0,0.5601272085917144,0.4027578298740651,0.11188658600935725,0.20311708869163475,wait:0.000000
36,111:0,111,no_addition,False,0.0,0.0,0.0,0.0,0.0,0.0,0.0,0.0,0.0,0.0,0.6296869035044703,0.48249741418436287,0.11558516615917062,0.1539376686338176,wait:0.000000
36,113:0,113,no_addition,False,0.0,0.0,0.0,0.0,0.0,0.0,0.0,0.0,0.0,0.0,0.36884265054638277,0.5871883438705638,0.20774743918817895,0.15152591661893103,wait:0.000000
36,117:0,117,no_addition,False,0.0,0.0,0.0,0.0,0.0,0.0,0.0,0.0,0.0,0.0,0.5762276374207189,0.31861268573099333,0.26177083556612213,0.28997807026483413,wait:0.000000
36,118:0,118,no_addition,False,0.0,0.0,0.0,0.0,0.0,0.0,0.0,0.0,0.0,0.0,0.7419538127860572,0.3257052711190269,0.22127615320016214,0.1744441787687567,wait:0.000000
37,3:0,3,no_addition,False,0.0,0.0,0.0,0.0,0.0,0.0,0.0,0.0,0.0,0.0,0.6216450067394355,0.5023413918212314,0.11447867665375151,0.3775813505449553,wait:0.000000
37,5:0,5,no_addition,False,0.0,0.0,0.0,0.0,0.0,0.0,0.0,0.0,0.0,0.0,0.46352023428589695,0.26921733187059427,0.1609773507552331,0.3021323944895209,wait:0.000000
37,8:0,8,no_addition,False,0.0,0.0,0.0,0.0,0.0,0.0,0.0,0.0,0.0,0.0,0.42224487806266675,0.31676733048151573,0.09743626015620943,0.3270836536953683,wait:0.000000
37,10:0,10,no_addition,False,0.0,0.0,0.0,0.0,0.0,0.0,0.0,0.0,0.0,0.0,0.5288431740927177,0.5882886561200341,0.2200923526510588,0.2973293003305126,wait:0.000000
37,11:0,11,no_addition,False,0.0,0.0,0.0,0.0,0.0,0.0,0.0,0.0,0.0,0.0,0.657146533296191,0.37812604292750296,0.11254230858288973,0.15467226241520335,wait:0.000000
37,16:0,16,no_addition,False,0.0,0.0,0.0,0.0,0.0,0.0,0.0,0.0,0.0,0.0,0.6713353420972463,0.35549804760622816,0.2005787070626945,0.1929285768508154,wait:0.000000
37,19:0,19,no_addition,False,0.0,0.0,0.0,0.0,0.0,0.0,0.0,0.0,0.0,0.0,0.7251883343647291,0.445278758799319,0.134934236822975,0.22963360758369958,wait:0.000000
37,20:0,20,no_addition,False,0.0,0.0,0.0,0.0,0.0,0.0,0.0,0.0,0.0,0.0,0.6195092762977208,0.4718195611743685,0.1422286741409436,0.34279558387592546,wait:0.000000
37,27:0,27,no_addition,False,0.0,0.0,0.0,0.0,0.0,0.0,0.0,0.0,0.0,0.0,0.6925893067107659,0.6392206064589001,0.15779028109324086,0.3684614046068823,wait:0.000000
37,30:0,30,no_addition,False,0.0,0.0,0.0,0.0,0.0,0.0,0.0,0.0,0.0,0.0,0.6113152525564187,0.48946698833342217,0.10568988529152609,0.2968595249016314,wait:0.000000
37,31:0,31,no_addition,False,0.0,0.0,0.0,0.0,0.0,0.0,0.0,0.0,0.0,0.0,0.639231730984955,0.5962232349389468,0.15877040446700252,0.19435374724412033,wait:0.000000
37,35:0,35,no_addition,False,0.0,0.0,0.0,0.0,0.0,0.0,0.0,0.0,0.0,0.0,0.5686148129675394,0.3808624764596319,0.11359345932382238,0.17179398486241937,wait:0.000000
37,37:0,37,no_addition,False,0.0,0.0,0.0,0.0,0.0,0.0,0.0,0.0,0.0,0.0,0.6566398133866089,0.6048095714434447,0.23900283811741982,0.19726177659029454,wait:0.000000
37,39:0,39,no_addition,False,0.0,0.0,0.0,0.0,0.0,0.0,0.0,0.0,0.0,0.0,0.4294577007052264,0.45942743266519215,0.11278642516549683,0.3142410343455689,wait:0.000000
37,42:0,42,no_addition,False,0.0,0.0,0.0,0.0,0.0,0.0,0.0,0.0,0.0,0.0,0.3646625997759556,0.43924046267399164,0.20447239480110982,0.16482639385390188,wait:0.000000
37,46:0,46,no_addition,False,0.0,0.0,0.0,0.0,0.0,0.0,0.0,0.0,0.0,0.0,0.46247147996441473,0.6596503611583785,0.18523664050489752,0.15567554392335484,wait:0.000000
37,49:0,49,no_addition,False,0.0,0.0,0.0,0.0,0.0,0.0,0.0,0.0,0.0,0.0,0.5412220236875722,0.6085239383184402,0.20702198292046725,0.3550969080079869,wait:0.000000
37,52:0,52,no_addition,False,0.0,0.0,0.0,0.0,0.0,0.0,0.0,0.0,0.0,0.0,0.6875190938505968,0.424566771177051,0.2476619091839592,0.2339709438701195,wait:0.000000
37,54:0,54,no_addition,False,0.0,0.0,0.0,0.0,0.0,0.0,0.0,0.0,0.0,0.0,0.36049733782908744,0.5523253568294493,0.25533682668695057,0.3412197200125101,wait:0.000000
37,58:0,58,no_addition,False,0.0,0.0,0.0,0.0,0.0,0.0,0.0,0.0,0.0,0.0,0.6198457129212576,0.4512439536464701,0.24863939297565013,0.20532809497258347,wait:0.000000
37,62:0,62,no_addition,False,0.0,0.0,0.0,0.0,0.0,0.0,0.0,0.0,0.0,0.0,0.7237425411252645,0.62163411087903,0.18924605477548054,0.1589368749570172,wait:0.000000
37,69:0,69,no_addition,False,0.0,0.0,0.0,0.0,0.0,0.0,0.0,0.0,0.0,0.0,0.6022842267235775,0.3907241381421482,0.12522009883263424,0.2509880233786041,wait:0.000000
37,70:0,70,no_addition,False,0.0,0.0,0.0,0.0,0.0,0.0,0.0,0.0,0.0,0.0,0.7250418326056267,0.49302427799958903,0.2066890976646894,0.2580273057930491,wait:0.000000
37,73:0,73,no_addition,False,0.0,0.0,0.0,0.0,0.0,0.0,0.0,0.0,0.0,0.0,0.40420682498105226,0.36825884895626715,0.10135193454551357,0.21381812730705063,wait:0.000000
37,75:0,75,no_addition,False,0.0,0.0,0.0,0.0,0.0,0.0,0.0,0.0,0.0,0.0,0.4230941969831738,0.5146117501535823,0.14526836109731428,0.21203597939779312,wait:0.000000
37,79:0,79,no_addition,False,0.0,0.0,0.0,0.0,0.0,0.0,0.0,0.0,0.0,0.0,0.6554007144387883,0.3386993507256493,0.11701546148724276,0.22854336518025284,wait:0.000000
37,82:0,82,no_addition,False,0.0,0.0,0.0,0.0,0.0,0.0,0.0,0.0,0.0,0.0,0.7286328395366878,0.36352177295393373,0.15698912011979346,0.1520510595522537,wait:0.000000
37,83:0,83,no_addition,False,0.0,0.0,0.0,0.0,0.0,0.0,0.0,0.0,0.0,0.0,0.6992496307348407,0.3248307718207073,0.26025238770990045,0.20168454668107402,wait:0.000000
37,88:0,88,no_addition,False,0.0,0.0,0.0,0.0,0.0,0.0,0.0,0.0,0.0,0.0,0.7163316377708322,0.6143286754778456,0.09809896900767885,0.2526309343782891,wait:0.000000
37,90:0,90,no_addition,False,0.0,0.0,0.0,0.0,0.0,0.0,0.0,0.0,0.0,0.0,0.5496088598221989,0.5230713273300622,0.13492759998526915,0.34468040679375855,wait:0.000000
37,91:0,91,no_addition,False,0.0,0.0,0.0,0.0,0.0,0.0,0.0,0.0,0.0,0.0,0.4008685735824922,0.45411787526818514,0.22139914132820376,0.16502895016143204,wait:0.000000
37,102:0,102,no_addition,False,0.0,0.0,0.0,0.0,0.0,0.0,0.0,0.0,0.0,0.0,0.701367219239883,0.26701134800970727,0.18771390352718884,0.3406883754000892,wait:0.000000
37,104:0,104,no_addition,False,0.0,0.0,0.0,0.0,0.0,0.0,0.0,0.0,0.0,0.0,0.4805291116972771,0.3077848861998414,0.24182705034992438,0.26225319894977905,wait:0.000000
37,106:0,106,no_addition,False,0.0,0.0,0.0,0.0,0.0,0.0,0.0,0.0,0.0,0.0,0.6038869960114561,0.39577465450103894,0.16466671110779404,0.16123358388235126,wait:0.000000
37,107:0,107,no_addition,False,0.0,0.0,0.0,0.0,0.0,0.0,0.0,0.0,0.0,0.0,0.5601272085917144,0.4027578298740651,0.11188658600935725,0.20311708869163475,wait:0.000000
37,111:0,111,no_addition,False,0.0,0.0,0.0,0.0,0.0,0.0,0.0,0.0,0.0,0.0,0.6296869035044703,0.48249741418436287,0.11558516615917062,0.1539376686338176,wait:0.000000
37,113:0,113,no_addition,False,0.0,0.0,0.0,0.0,0.0,0.0,0.0,0.0,0.0,0.0,0.36884265054638277,0.5871883438705638,0.20774743918817895,0.15152591661893103,wait:0.000000
37,117:0,117,no_addition,False,0.0,0.0,0.0,0.0,0.0,0.0,0.0,0.0,0.0,0.0,0.5762276374207189,0.31861268573099333,0.26177083556612213,0.28997807026483413,wait:0.000000
37,118:0,118,no_addition,False,0.0,0.0,0.0,0.0,0.0,0.0,0.0,0.0,0.0,0.0,0.7419538127860572,0.3257052711190269,0.22127615320016214,0.1744441787687567,wait:0.000000
38,3:0,3,no_addition,False,0.0,0.0,0.0,0.0,0.0,0.0,0.0,0.0,0.0,0.0,0.6216450067394355,0.5023413918212314,0.11447867665375151,0.3775813505449553,wait:0.000000
38,5:0,5,no_addition,False,0.0,0.0,0.0,0.0,0.0,0.0,0.0,0.0,0.0,0.0,0.46352023428589695,0.26921733187059427,0.1609773507552331,0.3021323944895209,wait:0.000000
38,8:0,8,no_addition,False,0.0,0.0,0.0,0.0,0.0,0.0,0.0,0.0,0.0,0.0,0.42224487806266675,0.31676733048151573,0.09743626015620943,0.3270836536953683,wait:0.000000
38,10:0,10,no_addition,False,0.0,0.0,0.0,0.0,0.0,0.0,0.0,0.0,0.0,0.0,0.5288431740927177,0.5882886561200341,0.2200923526510588,0.2973293003305126,wait:0.000000
38,11:0,11,no_addition,False,0.0,0.0,0.0,0.0,0.0,0.0,0.0,0.0,0.0,0.0,0.657146533296191,0.37812604292750296,0.11254230858288973,0.15467226241520335,wait:0.000000
38,16:0,16,no_addition,False,0.0,0.0,0.0,0.0,0.0,0.0,0.0,0.0,0.0,0.0,0.6713353420972463,0.35549804760622816,0.2005787070626945,0.1929285768508154,wait:0.000000
38,19:0,19,no_addition,False,0.0,0.0,0.0,0.0,0.0,0.0,0.0,0.0,0.0,0.0,0.7251883343647291,0.445278758799319,0.134934236822975,0.22963360758369958,wait:0.000000
38,20:0,20,no_addition,False,0.0,0.0,0.0,0.0,0.0,0.0,0.0,0.0,0.0,0.0,0.6195092762977208,0.4718195611743685,0.1422286741409436,0.34279558387592546,wait:0.000000
38,27:0,27,no_addition,False,0.0,0.0,0.0,0.0,0.0,0.0,0.0,0.0,0.0,0.0,0.6925893067107659,0.6392206064589001,0.15779028109324086,0.3684614046068823,wait:0.000000
38,30:0,30,no_addition,False,0.0,0.0,0.0,0.0,0.0,0.0,0.0,0.0,0.0,0.0,0.6113152525564187,0.48946698833342217,0.10568988529152609,0.2968595249016314,wait:0.000000
38,31:0,31,no_addition,False,0.0,0.0,0.0,0.0,0.0,0.0,0.0,0.0,0.0,0.0,0.639231730984955,0.5962232349389468,0.15877040446700252,0.19435374724412033,wait:0.000000
38,35:0,35,no_addition,False,0.0,0.0,0.0,0.0,0.0,0.0,0.0,0.0,0.0,0.0,0.5686148129675394,0.3808624764596319,0.11359345932382238,0.17179398486241937,wait:0.000000
38,37:0,37,no_addition,False,0.0,0.0,0.0,0.0,0.0,0.0,0.0,0.0,0.0,0.0,0.6566398133866089,0.6048095714434447,0.23900283811741982,0.19726177659029454,wait:0.000000
38,39:0,39,no_addition,False,0.0,0.0,0.0,0.0,0.0,0.0,0.0,0.0,0.0,0.0,0.4294577007052264,0.45942743266519215,0.11278642516549683,0.3142410343455689,wait:0.000000
38,42:0,42,no_addition,False,0.0,0.0,0.0,0.0,0.0,0.0,0.0,0.0,0.0,0.0,0.3646625997759556,0.43924046267399164,0.20447239480110982,0.16482639385390188,wait:0.000000
38,46:0,46,no_addition,False,0.0,0.0,0.0,0.0,0.0,0.0,0.0,0.0,0.0,0.0,0.46247147996441473,0.6596503611583785,0.18523664050489752,0.15567554392335484,wait:0.000000
38,49:0,49,no_addition,False,0.0,0.0,0.0,0.0,0.0,0.0,0.0,0.0,0.0,0.0,0.5412220236875722,0.6085239383184402,0.20702198292046725,0.3550969080079869,wait:0.000000
38,52:0,52,no_addition,False,0.0,0.0,0.0,0.0,0.0,0.0,0.0,0.0,0.0,0.0,0.6875190938505968,0.424566771177051,0.2476619091839592,0.2339709438701195,wait:0.000000
38,54:0,54,no_addition,False,0.0,0.0,0.0,0.0,0.0,0.0,0.0,0.0,0.0,0.0,0.36049733782908744,0.5523253568294493,0.25533682668695057,0.3412197200125101,wait:0.000000
38,58:0,58,no_addition,False,0.0,0.0,0.0,0.0,0.0,0.0,0.0,0.0,0.0,0.0,0.6198457129212576,0.4512439536464701,0.24863939297565013,0.20532809497258347,wait:0.000000
38,62:0,62,no_addition,False,0.0,0.0,0.0,0.0,0.0,0.0,0.0,0.0,0.0,0.0,0.7237425411252645,0.62163411087903,0.18924605477548054,0.1589368749570172,wait:0.000000
38,69:0,69,no_addition,False,0.0,0.0,0.0,0.0,0.0,0.0,0.0,0.0,0.0,0.0,0.6022842267235775,0.3907241381421482,0.12522009883263424,0.2509880233786041,wait:0.000000
38,70:0,70,no_addition,False,0.0,0.0,0.0,0.0,0.0,0.0,0.0,0.0,0.0,0.0,0.7250418326056267,0.49302427799958903,0.2066890976646894,0.2580273057930491,wait:0.000000
38,73:0,73,no_addition,False,0.0,0.0,0.0,0.0,0.0,0.0,0.0,0.0,0.0,0.0,0.40420682498105226,0.36825884895626715,0.10135193454551357,0.21381812730705063,wait:0.000000
38,75:0,75,no_addition,False,0.0,0.0,0.0,0.0,0.0,0.0,0.0,0.0,0.0,0.0,0.4230941969831738,0.5146117501535823,0.14526836109731428,0.21203597939779312,wait:0.000000
38,79:0,79,no_addition,False,0.0,0.0,0.0,0.0,0.0,0.0,0.0,0.0,0.0,0.0,0.6554007144387883,0.3386993507256493,0.11701546148724276,0.22854336518025284,wait:0.000000
38,82:0,82,no_addition,False,0.0,0.0,0.0,0.0,0.0,0.0,0.0,0.0,0.0,0.0,0.7286328395366878,0.36352177295393373,0.15698912011979346,0.1520510595522537,wait:0.000000
38,83:0,83,no_addition,False,0.0,0.0,0.0,0.0,0.0,0.0,0.0,0.0,0.0,0.0,0.6992496307348407,0.3248307718207073,0.26025238770990045,0.20168454668107402,wait:0.000000
38,88:0,88,no_addition,False,0.0,0.0,0.0,0.0,0.0,0.0,0.0,0.0,0.0,0.0,0.7163316377708322,0.6143286754778456,0.09809896900767885,0.2526309343782891,wait:0.000000
38,90:0,90,no_addition,False,0.0,0.0,0.0,0.0,0.0,0.0,0.0,0.0,0.0,0.0,0.5496088598221989,0.5230713273300622,0.13492759998526915,0.34468040679375855,wait:0.000000
38,91:0,91,no_addition,False,0.0,0.0,0.0,0.0,0.0,0.0,0.0,0.0,0.0,0.0,0.4008685735824922,0.45411787526818514,0.22139914132820376,0.16502895016143204,wait:0.000000
38,102:0,102,no_addition,False,0.0,0.0,0.0,0.0,0.0,0.0,0.0,0.0,0.0,0.0,0.701367219239883,0.26701134800970727,0.18771390352718884,0.3406883754000892,wait:0.000000
38,104:0,104,no_addition,False,0.0,0.0,0.0,0.0,0.0,0.0,0.0,0.0,0.0,0.0,0.4805291116972771,0.3077848861998414,0.24182705034992438,0.26225319894977905,wait:0.000000
38,106:0,106,no_addition,False,0.0,0.0,0.0,0.0,0.0,0.0,0.0,0.0,0.0,0.0,0.6038869960114561,0.39577465450103894,0.16466671110779404,0.16123358388235126,wait:0.000000
38,107:0,107,no_addition,False,0.0,0.0,0.0,0.0,0.0,0.0,0.0,0.0,0.0,0.0,0.5601272085917144,0.4027578298740651,0.11188658600935725,0.20311708869163475,wait:0.000000
38,111:0,111,no_addition,False,0.0,0.0,0.0,0.0,0.0,0.0,0.0,0.0,0.0,0.0,0.6296869035044703,0.48249741418436287,0.11558516615917062,0.1539376686338176,wait:0.000000
38,113:0,113,no_addition,False,0.0,0.0,0.0,0.0,0.0,0.0,0.0,0.0,0.0,0.0,0.36884265054638277,0.5871883438705638,0.20774743918817895,0.15152591661893103,wait:0.000000
38,117:0,117,no_addition,False,0.0,0.0,0.0,0.0,0.0,0.0,0.0,0.0,0.0,0.0,0.5762276374207189,0.31861268573099333,0.26177083556612213,0.28997807026483413,wait:0.000000
38,118:0,118,no_addition,False,0.0,0.0,0.0,0.0,0.0,0.0,0.0,0.0,0.0,0.0,0.7419538127860572,0.3257052711190269,0.22127615320016214,0.1744441787687567,wait:0.000000
39,3:0,3,no_addition,False,0.0,0.0,0.0,0.0,0.0,0.0,0.0,0.0,0.0,0.0,0.6216450067394355,0.5023413918212314,0.11447867665375151,0.3775813505449553,wait:0.000000
39,5:0,5,no_addition,False,0.0,0.0,0.0,0.0,0.0,0.0,0.0,0.0,0.0,0.0,0.46352023428589695,0.26921733187059427,0.1609773507552331,0.3021323944895209,wait:0.000000
39,8:0,8,no_addition,False,0.0,0.0,0.0,0.0,0.0,0.0,0.0,0.0,0.0,0.0,0.42224487806266675,0.31676733048151573,0.09743626015620943,0.3270836536953683,wait:0.000000
39,10:0,10,no_addition,False,0.0,0.0,0.0,0.0,0.0,0.0,0.0,0.0,0.0,0.0,0.5288431740927177,0.5882886561200341,0.2200923526510588,0.2973293003305126,wait:0.000000
39,11:0,11,no_addition,False,0.0,0.0,0.0,0.0,0.0,0.0,0.0,0.0,0.0,0.0,0.657146533296191,0.37812604292750296,0.11254230858288973,0.15467226241520335,wait:0.000000
39,16:0,16,no_addition,False,0.0,0.0,0.0,0.0,0.0,0.0,0.0,0.0,0.0,0.0,0.6713353420972463,0.35549804760622816,0.2005787070626945,0.1929285768508154,wait:0.000000
39,19:0,19,no_addition,False,0.0,0.0,0.0,0.0,0.0,0.0,0.0,0.0,0.0,0.0,0.7251883343647291,0.445278758799319,0.134934236822975,0.22963360758369958,wait:0.000000
39,20:0,20,no_addition,False,0.0,0.0,0.0,0.0,0.0,0.0,0.0,0.0,0.0,0.0,0.6195092762977208,0.4718195611743685,0.1422286741409436,0.34279558387592546,wait:0.000000
39,27:0,27,no_addition,False,0.0,0.0,0.0,0.0,0.0,0.0,0.0,0.0,0.0,0.0,0.6925893067107659,0.6392206064589001,0.15779028109324086,0.3684614046068823,wait:0.000000
39,30:0,30,no_addition,False,0.0,0.0,0.0,0.0,0.0,0.0,0.0,0.0,0.0,0.0,0.6113152525564187,0.48946698833342217,0.10568988529152609,0.2968595249016314,wait:0.000000
39,31:0,31,no_addition,False,0.0,0.0,0.0,0.0,0.0,0.0,0.0,0.0,0.0,0.0,0.639231730984955,0.5962232349389468,0.15877040446700252,0.19435374724412033,wait:0.000000
39,35:0,35,no_addition,False,0.0,0.0,0.0,0.0,0.0,0.0,0.0,0.0,0.0,0.0,0.5686148129675394,0.3808624764596319,0.11359345932382238,0.17179398486241937,wait:0.000000
39,37:0,37,no_addition,False,0.0,0.0,0.0,0.0,0.0,0.0,0.0,0.0,0.0,0.0,0.6566398133866089,0.6048095714434447,0.23900283811741982,0.19726177659029454,wait:0.000000
39,39:0,39,no_addition,False,0.0,0.0,0.0,0.0,0.0,0.0,0.0,0.0,0.0,0.0,0.4294577007052264,0.45942743266519215,0.11278642516549683,0.3142410343455689,wait:0.000000
39,42:0,42,no_addition,False,0.0,0.0,0.0,0.0,0.0,0.0,0.0,0.0,0.0,0.0,0.3646625997759556,0.43924046267399164,0.20447239480110982,0.16482639385390188,wait:0.000000
39,46:0,46,no_addition,False,0.0,0.0,0.0,0.0,0.0,0.0,0.0,0.0,0.0,0.0,0.46247147996441473,0.6596503611583785,0.18523664050489752,0.15567554392335484,wait:0.000000
39,49:0,49,no_addition,False,0.0,0.0,0.0,0.0,0.0,0.0,0.0,0.0,0.0,0.0,0.5412220236875722,0.6085239383184402,0.20702198292046725,0.3550969080079869,wait:0.000000
39,52:0,52,no_addition,False,0.0,0.0,0.0,0.0,0.0,0.0,0.0,0.0,0.0,0.0,0.6875190938505968,0.424566771177051,0.2476619091839592,0.2339709438701195,wait:0.000000
39,54:0,54,no_addition,False,0.0,0.0,0.0,0.0,0.0,0.0,0.0,0.0,0.0,0.0,0.36049733782908744,0.5523253568294493,0.25533682668695057,0.3412197200125101,wait:0.000000
39,58:0,58,no_addition,False,0.0,0.0,0.0,0.0,0.0,0.0,0.0,0.0,0.0,0.0,0.6198457129212576,0.4512439536464701,0.24863939297565013,0.20532809497258347,wait:0.000000
39,62:0,62,no_addition,False,0.0,0.0,0.0,0.0,0.0,0.0,0.0,0.0,0.0,0.0,0.7237425411252645,0.62163411087903,0.18924605477548054,0.1589368749570172,wait:0.000000
39,69:0,69,no_addition,False,0.0,0.0,0.0,0.0,0.0,0.0,0.0,0.0,0.0,0.0,0.6022842267235775,0.3907241381421482,0.12522009883263424,0.2509880233786041,wait:0.000000
39,70:0,70,no_addition,False,0.0,0.0,0.0,0.0,0.0,0.0,0.0,0.0,0.0,0.0,0.7250418326056267,0.49302427799958903,0.2066890976646894,0.2580273057930491,wait:0.000000
39,73:0,73,no_addition,False,0.0,0.0,0.0,0.0,0.0,0.0,0.0,0.0,0.0,0.0,0.40420682498105226,0.36825884895626715,0.10135193454551357,0.21381812730705063,wait:0.000000
39,75:0,75,no_addition,False,0.0,0.0,0.0,0.0,0.0,0.0,0.0,0.0,0.0,0.0,0.4230941969831738,0.5146117501535823,0.14526836109731428,0.21203597939779312,wait:0.000000
39,79:0,79,no_addition,False,0.0,0.0,0.0,0.0,0.0,0.0,0.0,0.0,0.0,0.0,0.6554007144387883,0.3386993507256493,0.11701546148724276,0.22854336518025284,wait:0.000000
39,82:0,82,no_addition,False,0.0,0.0,0.0,0.0,0.0,0.0,0.0,0.0,0.0,0.0,0.7286328395366878,0.36352177295393373,0.15698912011979346,0.1520510595522537,wait:0.000000
39,83:0,83,no_addition,False,0.0,0.0,0.0,0.0,0.0,0.0,0.0,0.0,0.0,0.0,0.6992496307348407,0.3248307718207073,0.26025238770990045,0.20168454668107402,wait:0.000000
39,88:0,88,no_addition,False,0.0,0.0,0.0,0.0,0.0,0.0,0.0,0.0,0.0,0.0,0.7163316377708322,0.6143286754778456,0.09809896900767885,0.2526309343782891,wait:0.000000
39,90:0,90,no_addition,False,0.0,0.0,0.0,0.0,0.0,0.0,0.0,0.0,0.0,0.0,0.5496088598221989,0.5230713273300622,0.13492759998526915,0.34468040679375855,wait:0.000000
39,91:0,91,no_addition,False,0.0,0.0,0.0,0.0,0.0,0.0,0.0,0.0,0.0,0.0,0.4008685735824922,0.45411787526818514,0.22139914132820376,0.16502895016143204,wait:0.000000
39,102:0,102,no_addition,False,0.0,0.0,0.0,0.0,0.0,0.0,0.0,0.0,0.0,0.0,0.701367219239883,0.26701134800970727,0.18771390352718884,0.3406883754000892,wait:0.000000
39,104:0,104,no_addition,False,0.0,0.0,0.0,0.0,0.0,0.0,0.0,0.0,0.0,0.0,0.4805291116972771,0.3077848861998414,0.24182705034992438,0.26225319894977905,wait:0.000000
39,106:0,106,no_addition,False,0.0,0.0,0.0,0.0,0.0,0.0,0.0,0.0,0.0,0.0,0.6038869960114561,0.39577465450103894,0.16466671110779404,0.16123358388235126,wait:0.000000
39,107:0,107,no_addition,False,0.0,0.0,0.0,0.0,0.0,0.0,0.0,0.0,0.0,0.0,0.5601272085917144,0.4027578298740651,0.11188658600935725,0.20311708869163475,wait:0.000000
39,111:0,111,no_addition,False,0.0,0.0,0.0,0.0,0.0,0.0,0.0,0.0,0.0,0.0,0.6296869035044703,0.48249741418436287,0.11558516615917062,0.1539376686338176,wait:0.000000
39,113:0,113,no_addition,False,0.0,0.0,0.0,0.0,0.0,0.0,0.0,0.0,0.0,0.0,0.36884265054638277,0.5871883438705638,0.20774743918817895,0.15152591661893103,wait:0.000000
39,117:0,117,no_addition,False,0.0,0.0,0.0,0.0,0.0,0.0,0.0,0.0,0.0,0.0,0.5762276374207189,0.31861268573099333,0.26177083556612213,0.28997807026483413,wait:0.000000
39,118:0,118,no_addition,False,0.0,0.0,0.0,0.0,0.0,0.0,0.0,0.0,0.0,0.0,0.7419538127860572,0.3257052711190269,0.22127615320016214,0.1744441787687567,wait:0.000000
40,3:0,3,no_addition,False,0.0,0.0,0.0,0.0,0.0,0.0,0.0,0.0,0.0,0.0,0.6216450067394355,0.5023413918212314,0.11447867665375151,0.3775813505449553,wait:0.000000
40,5:0,5,no_addition,False,0.0,0.0,0.0,0.0,0.0,0.0,0.0,0.0,0.0,0.0,0.46352023428589695,0.26921733187059427,0.1609773507552331,0.3021323944895209,wait:0.000000
40,8:0,8,no_addition,False,0.0,0.0,0.0,0.0,0.0,0.0,0.0,0.0,0.0,0.0,0.42224487806266675,0.31676733048151573,0.09743626015620943,0.3270836536953683,wait:0.000000
40,10:0,10,no_addition,False,0.0,0.0,0.0,0.0,0.0,0.0,0.0,0.0,0.0,0.0,0.5288431740927177,0.5882886561200341,0.2200923526510588,0.2973293003305126,wait:0.000000
40,11:0,11,no_addition,False,0.0,0.0,0.0,0.0,0.0,0.0,0.0,0.0,0.0,0.0,0.657146533296191,0.37812604292750296,0.11254230858288973,0.15467226241520335,wait:0.000000
40,16:0,16,no_addition,False,0.0,0.0,0.0,0.0,0.0,0.0,0.0,0.0,0.0,0.0,0.6713353420972463,0.35549804760622816,0.2005787070626945,0.1929285768508154,wait:0.000000
40,19:0,19,no_addition,False,0.0,0.0,0.0,0.0,0.0,0.0,0.0,0.0,0.0,0.0,0.7251883343647291,0.445278758799319,0.134934236822975,0.22963360758369958,wait:0.000000
40,20:0,20,no_addition,False,0.0,0.0,0.0,0.0,0.0,0.0,0.0,0.0,0.0,0.0,0.6195092762977208,0.4718195611743685,0.1422286741409436,0.34279558387592546,wait:0.000000
40,27:0,27,no_addition,False,0.0,0.0,0.0,0.0,0.0,0.0,0.0,0.0,0.0,0.0,0.6925893067107659,0.6392206064589001,0.15779028109324086,0.3684614046068823,wait:0.000000
40,30:0,30,no_addition,False,0.0,0.0,0.0,0.0,0.0,0.0,0.0,0.0,0.0,0.0,0.6113152525564187,0.48946698833342217,0.10568988529152609,0.2968595249016314,wait:0.000000
40,31:0,31,no_addition,False,0.0,0.0,0.0,0.0,0.0,0.0,0.0,0.0,0.0,0.0,0.639231730984955,0.5962232349389468,0.15877040446700252,0.19435374724412033,wait:0.000000
40,35:0,35,no_addition,False,0.0,0.0,0.0,0.0,0.0,0.0,0.0,0.0,0.0,0.0,0.5686148129675394,0.3808624764596319,0.11359345932382238,0.17179398486241937,wait:0.000000
40,37:0,37,no_addition,False,0.0,0.0,0.0,0.0,0.0,0.0,0.0,0.0,0.0,0.0,0.6566398133866089,0.6048095714434447,0.23900283811741982,0.19726177659029454,wait:0.000000
40,39:0,39,no_addition,False,0.0,0.0,0.0,0.0,0.0,0.0,0.0,0.0,0.0,0.0,0.4294577007052264,0.45942743266519215,0.11278642516549683,0.3142410343455689,wait:0.000000
40,42:0,42,no_addition,False,0.0,0.0,0.0,0.0,0.0,0.0,0.0,0.0,0.0,0.0,0.3646625997759556,0.43924046267399164,0.20447239480110982,0.16482639385390188,wait:0.000000
40,46:0,46,no_addition,False,0.0,0.0,0.0,0.0,0.0,0.0,0.0,0.0,0.0,0.0,0.46247147996441473,0.6596503611583785,0.18523664050489752,0.15567554392335484,wait:0.000000
40,49:0,49,no_addition,False,0.0,0.0,0.0,0.0,0.0,0.0,0.0,0.0,0.0,0.0,0.5412220236875722,0.6085239383184402,0.20702198292046725,0.3550969080079869,wait:0.000000
40,52:0,52,no_addition,False,0.0,0.0,0.0,0.0,0.0,0.0,0.0,0.0,0.0,0.0,0.6875190938505968,0.424566771177051,0.2476619091839592,0.2339709438701195,wait:0.000000
40,54:0,54,no_addition,False,0.0,0.0,0.0,0.0,0.0,0.0,0.0,0.0,0.0,0.0,0.36049733782908744,0.5523253568294493,0.25533682668695057,0.3412197200125101,wait:0.000000
40,58:0,58,no_addition,False,0.0,0.0,0.0,0.0,0.0,0.0,0.0,0.0,0.0,0.0,0.6198457129212576,0.4512439536464701,0.24863939297565013,0.20532809497258347,wait:0.000000
40,62:0,62,no_addition,False,0.0,0.0,0.0,0.0,0.0,0.0,0.0,0.0,0.0,0.0,0.7237425411252645,0.62163411087903,0.18924605477548054,0.1589368749570172,wait:0.000000
40,69:0,69,no_addition,False,0.0,0.0,0.0,0.0,0.0,0.0,0.0,0.0,0.0,0.0,0.6022842267235775,0.3907241381421482,0.12522009883263424,0.2509880233786041,wait:0.000000
40,70:0,70,no_addition,False,0.0,0.0,0.0,0.0,0.0,0.0,0.0,0.0,0.0,0.0,0.7250418326056267,0.49302427799958903,0.2066890976646894,0.2580273057930491,wait:0.000000
40,73:0,73,no_addition,False,0.0,0.0,0.0,0.0,0.0,0.0,0.0,0.0,0.0,0.0,0.40420682498105226,0.36825884895626715,0.10135193454551357,0.21381812730705063,wait:0.000000
40,75:0,75,no_addition,False,0.0,0.0,0.0,0.0,0.0,0.0,0.0,0.0,0.0,0.0,0.4230941969831738,0.5146117501535823,0.14526836109731428,0.21203597939779312,wait:0.000000
40,79:0,79,no_addition,False,0.0,0.0,0.0,0.0,0.0,0.0,0.0,0.0,0.0,0.0,0.6554007144387883,0.3386993507256493,0.11701546148724276,0.22854336518025284,wait:0.000000
40,82:0,82,no_addition,False,0.0,0.0,0.0,0.0,0.0,0.0,0.0,0.0,0.0,0.0,0.7286328395366878,0.36352177295393373,0.15698912011979346,0.1520510595522537,wait:0.000000
40,83:0,83,no_addition,False,0.0,0.0,0.0,0.0,0.0,0.0,0.0,0.0,0.0,0.0,0.6992496307348407,0.3248307718207073,0.26025238770990045,0.20168454668107402,wait:0.000000
40,88:0,88,no_addition,False,0.0,0.0,0.0,0.0,0.0,0.0,0.0,0.0,0.0,0.0,0.7163316377708322,0.6143286754778456,0.09809896900767885,0.2526309343782891,wait:0.000000
40,90:0,90,no_addition,False,0.0,0.0,0.0,0.0,0.0,0.0,0.0,0.0,0.0,0.0,0.5496088598221989,0.5230713273300622,0.13492759998526915,0.34468040679375855,wait:0.000000
40,91:0,91,no_addition,False,0.0,0.0,0.0,0.0,0.0,0.0,0.0,0.0,0.0,0.0,0.4008685735824922,0.45411787526818514,0.22139914132820376,0.16502895016143204,wait:0.000000
40,102:0,102,no_addition,False,0.0,0.0,0.0,0.0,0.0,0.0,0.0,0.0,0.0,0.0,0.701367219239883,0.26701134800970727,0.18771390352718884,0.3406883754000892,wait:0.000000
40,104:0,104,no_addition,False,0.0,0.0,0.0,0.0,0.0,0.0,0.0,0.0,0.0,0.0,0.4805291116972771,0.3077848861998414,0.24182705034992438,0.26225319894977905,wait:0.000000
40,106:0,106,no_addition,False,0.0,0.0,0.0,0.0,0.0,0.0,0.0,0.0,0.0,0.0,0.6038869960114561,0.39577465450103894,0.16466671110779404,0.16123358388235126,wait:0.000000
40,107:0,107,no_addition,False,0.0,0.0,0.0,0.0,0.0,0.0,0.0,0.0,0.0,0.0,0.5601272085917144,0.4027578298740651,0.11188658600935725,0.20311708869163475,wait:0.000000
40,111:0,111,no_addition,False,0.0,0.0,0.0,0.0,0.0,0.0,0.0,0.0,0.0,0.0,0.6296869035044703,0.48249741418436287,0.11558516615917062,0.1539376686338176,wait:0.000000
40,113:0,113,no_addition,False,0.0,0.0,0.0,0.0,0.0,0.0,0.0,0.0,0.0,0.0,0.36884265054638277,0.5871883438705638,0.20774743918817895,0.15152591661893103,wait:0.000000
40,117:0,117,no_addition,False,0.0,0.0,0.0,0.0,0.0,0.0,0.0,0.0,0.0,0.0,0.5762276374207189,0.31861268573099333,0.26177083556612213,0.28997807026483413,wait:0.000000
40,118:0,118,no_addition,False,0.0,0.0,0.0,0.0,0.0,0.0,0.0,0.0,0.0,0.0,0.7419538127860572,0.3257052711190269,0.22127615320016214,0.1744441787687567,wait:0.000000
41,3:0,3,no_addition,False,0.0,0.0,0.0,0.0,0.0,0.0,0.0,0.0,0.0,0.0,0.6216450067394355,0.5023413918212314,0.11447867665375151,0.3775813505449553,wait:0.000000
41,5:0,5,no_addition,False,0.0,0.0,0.0,0.0,0.0,0.0,0.0,0.0,0.0,0.0,0.46352023428589695,0.26921733187059427,0.1609773507552331,0.3021323944895209,wait:0.000000
41,8:0,8,no_addition,False,0.0,0.0,0.0,0.0,0.0,0.0,0.0,0.0,0.0,0.0,0.42224487806266675,0.31676733048151573,0.09743626015620943,0.3270836536953683,wait:0.000000
41,10:0,10,no_addition,False,0.0,0.0,0.0,0.0,0.0,0.0,0.0,0.0,0.0,0.0,0.5288431740927177,0.5882886561200341,0.2200923526510588,0.2973293003305126,wait:0.000000
41,11:0,11,no_addition,False,0.0,0.0,0.0,0.0,0.0,0.0,0.0,0.0,0.0,0.0,0.657146533296191,0.37812604292750296,0.11254230858288973,0.15467226241520335,wait:0.000000
41,16:0,16,no_addition,False,0.0,0.0,0.0,0.0,0.0,0.0,0.0,0.0,0.0,0.0,0.6713353420972463,0.35549804760622816,0.2005787070626945,0.1929285768508154,wait:0.000000
41,19:0,19,no_addition,False,0.0,0.0,0.0,0.0,0.0,0.0,0.0,0.0,0.0,0.0,0.7251883343647291,0.445278758799319,0.134934236822975,0.22963360758369958,wait:0.000000
41,20:0,20,no_addition,False,0.0,0.0,0.0,0.0,0.0,0.0,0.0,0.0,0.0,0.0,0.6195092762977208,0.4718195611743685,0.1422286741409436,0.34279558387592546,wait:0.000000
41,27:0,27,no_addition,False,0.0,0.0,0.0,0.0,0.0,0.0,0.0,0.0,0.0,0.0,0.6925893067107659,0.6392206064589001,0.15779028109324086,0.3684614046068823,wait:0.000000
41,30:0,30,no_addition,False,0.0,0.0,0.0,0.0,0.0,0.0,0.0,0.0,0.0,0.0,0.6113152525564187,0.48946698833342217,0.10568988529152609,0.2968595249016314,wait:0.000000
41,31:0,31,no_addition,False,0.0,0.0,0.0,0.0,0.0,0.0,0.0,0.0,0.0,0.0,0.639231730984955,0.5962232349389468,0.15877040446700252,0.19435374724412033,wait:0.000000
41,35:0,35,no_addition,False,0.0,0.0,0.0,0.0,0.0,0.0,0.0,0.0,0.0,0.0,0.5686148129675394,0.3808624764596319,0.11359345932382238,0.17179398486241937,wait:0.000000
41,37:0,37,no_addition,False,0.0,0.0,0.0,0.0,0.0,0.0,0.0,0.0,0.0,0.0,0.6566398133866089,0.6048095714434447,0.23900283811741982,0.19726177659029454,wait:0.000000
41,39:0,39,no_addition,False,0.0,0.0,0.0,0.0,0.0,0.0,0.0,0.0,0.0,0.0,0.4294577007052264,0.45942743266519215,0.11278642516549683,0.3142410343455689,wait:0.000000
41,42:0,42,no_addition,False,0.0,0.0,0.0,0.0,0.0,0.0,0.0,0.0,0.0,0.0,0.3646625997759556,0.43924046267399164,0.20447239480110982,0.16482639385390188,wait:0.000000
41,46:0,46,no_addition,False,0.0,0.0,0.0,0.0,0.0,0.0,0.0,0.0,0.0,0.0,0.46247147996441473,0.6596503611583785,0.18523664050489752,0.15567554392335484,wait:0.000000
41,49:0,49,no_addition,False,0.0,0.0,0.0,0.0,0.0,0.0,0.0,0.0,0.0,0.0,0.5412220236875722,0.6085239383184402,0.20702198292046725,0.3550969080079869,wait:0.000000
41,52:0,52,no_addition,False,0.0,0.0,0.0,0.0,0.0,0.0,0.0,0.0,0.0,0.0,0.6875190938505968,0.424566771177051,0.2476619091839592,0.2339709438701195,wait:0.000000
41,54:0,54,no_addition,False,0.0,0.0,0.0,0.0,0.0,0.0,0.0,0.0,0.0,0.0,0.36049733782908744,0.5523253568294493,0.25533682668695057,0.3412197200125101,wait:0.000000
41,58:0,58,no_addition,False,0.0,0.0,0.0,0.0,0.0,0.0,0.0,0.0,0.0,0.0,0.6198457129212576,0.4512439536464701,0.24863939297565013,0.20532809497258347,wait:0.000000
41,62:0,62,no_addition,False,0.0,0.0,0.0,0.0,0.0,0.0,0.0,0.0,0.0,0.0,0.7237425411252645,0.62163411087903,0.18924605477548054,0.1589368749570172,wait:0.000000
41,69:0,69,no_addition,False,0.0,0.0,0.0,0.0,0.0,0.0,0.0,0.0,0.0,0.0,0.6022842267235775,0.3907241381421482,0.12522009883263424,0.2509880233786041,wait:0.000000
41,70:0,70,no_addition,False,0.0,0.0,0.0,0.0,0.0,0.0,0.0,0.0,0.0,0.0,0.7250418326056267,0.49302427799958903,0.2066890976646894,0.2580273057930491,wait:0.000000
41,73:0,73,no_addition,False,0.0,0.0,0.0,0.0,0.0,0.0,0.0,0.0,0.0,0.0,0.40420682498105226,0.36825884895626715,0.10135193454551357,0.21381812730705063,wait:0.000000
41,75:0,75,no_addition,False,0.0,0.0,0.0,0.0,0.0,0.0,0.0,0.0,0.0,0.0,0.4230941969831738,0.5146117501535823,0.14526836109731428,0.21203597939779312,wait:0.000000
41,79:0,79,no_addition,False,0.0,0.0,0.0,0.0,0.0,0.0,0.0,0.0,0.0,0.0,0.6554007144387883,0.3386993507256493,0.11701546148724276,0.22854336518025284,wait:0.000000
41,82:0,82,no_addition,False,0.0,0.0,0.0,0.0,0.0,0.0,0.0,0.0,0.0,0.0,0.7286328395366878,0.36352177295393373,0.15698912011979346,0.1520510595522537,wait:0.000000
41,83:0,83,no_addition,False,0.0,0.0,0.0,0.0,0.0,0.0,0.0,0.0,0.0,0.0,0.6992496307348407,0.3248307718207073,0.26025238770990045,0.20168454668107402,wait:0.000000
41,88:0,88,no_addition,False,0.0,0.0,0.0,0.0,0.0,0.0,0.0,0.0,0.0,0.0,0.7163316377708322,0.6143286754778456,0.09809896900767885,0.2526309343782891,wait:0.000000
41,90:0,90,no_addition,False,0.0,0.0,0.0,0.0,0.0,0.0,0.0,0.0,0.0,0.0,0.5496088598221989,0.5230713273300622,0.13492759998526915,0.34468040679375855,wait:0.000000
41,91:0,91,no_addition,False,0.0,0.0,0.0,0.0,0.0,0.0,0.0,0.0,0.0,0.0,0.4008685735824922,0.45411787526818514,0.22139914132820376,0.16502895016143204,wait:0.000000
41,102:0,102,no_addition,False,0.0,0.0,0.0,0.0,0.0,0.0,0.0,0.0,0.0,0.0,0.701367219239883,0.26701134800970727,0.18771390352718884,0.3406883754000892,wait:0.000000
41,104:0,104,no_addition,False,0.0,0.0,0.0,0.0,0.0,0.0,0.0,0.0,0.0,0.0,0.4805291116972771,0.3077848861998414,0.24182705034992438,0.26225319894977905,wait:0.000000
41,106:0,106,no_addition,False,0.0,0.0,0.0,0.0,0.0,0.0,0.0,0.0,0.0,0.0,0.6038869960114561,0.39577465450103894,0.16466671110779404,0.16123358388235126,wait:0.000000
41,107:0,107,no_addition,False,0.0,0.0,0.0,0.0,0.0,0.0,0.0,0.0,0.0,0.0,0.5601272085917144,0.4027578298740651,0.11188658600935725,0.20311708869163475,wait:0.000000
41,111:0,111,no_addition,False,0.0,0.0,0.0,0.0,0.0,0.0,0.0,0.0,0.0,0.0,0.6296869035044703,0.48249741418436287,0.11558516615917062,0.1539376686338176,wait:0.000000
41,113:0,113,no_addition,False,0.0,0.0,0.0,0.0,0.0,0.0,0.0,0.0,0.0,0.0,0.36884265054638277,0.5871883438705638,0.20774743918817895,0.15152591661893103,wait:0.000000
41,117:0,117,no_addition,False,0.0,0.0,0.0,0.0,0.0,0.0,0.0,0.0,0.0,0.0,0.5762276374207189,0.31861268573099333,0.26177083556612213,0.28997807026483413,wait:0.000000
41,118:0,118,no_addition,False,0.0,0.0,0.0,0.0,0.0,0.0,0.0,0.0,0.0,0.0,0.7419538127860572,0.3257052711190269,0.22127615320016214,0.1744441787687567,wait:0.000000
42,3:0,3,no_addition,False,0.0,0.0,0.0,0.0,0.0,0.0,0.0,0.0,0.0,0.0,0.6216450067394355,0.5023413918212314,0.11447867665375151,0.3775813505449553,wait:0.000000
42,5:0,5,no_addition,False,0.0,0.0,0.0,0.0,0.0,0.0,0.0,0.0,0.0,0.0,0.46352023428589695,0.26921733187059427,0.1609773507552331,0.3021323944895209,wait:0.000000
42,8:0,8,no_addition,False,0.0,0.0,0.0,0.0,0.0,0.0,0.0,0.0,0.0,0.0,0.42224487806266675,0.31676733048151573,0.09743626015620943,0.3270836536953683,wait:0.000000
42,10:0,10,no_addition,False,0.0,0.0,0.0,0.0,0.0,0.0,0.0,0.0,0.0,0.0,0.5288431740927177,0.5882886561200341,0.2200923526510588,0.2973293003305126,wait:0.000000
42,11:0,11,no_addition,False,0.0,0.0,0.0,0.0,0.0,0.0,0.0,0.0,0.0,0.0,0.657146533296191,0.37812604292750296,0.11254230858288973,0.15467226241520335,wait:0.000000
42,16:0,16,no_addition,False,0.0,0.0,0.0,0.0,0.0,0.0,0.0,0.0,0.0,0.0,0.6713353420972463,0.35549804760622816,0.2005787070626945,0.1929285768508154,wait:0.000000
42,19:0,19,no_addition,False,0.0,0.0,0.0,0.0,0.0,0.0,0.0,0.0,0.0,0.0,0.7251883343647291,0.445278758799319,0.134934236822975,0.22963360758369958,wait:0.000000
42,20:0,20,no_addition,False,0.0,0.0,0.0,0.0,0.0,0.0,0.0,0.0,0.0,0.0,0.6195092762977208,0.4718195611743685,0.1422286741409436,0.34279558387592546,wait:0.000000
42,27:0,27,no_addition,False,0.0,0.0,0.0,0.0,0.0,0.0,0.0,0.0,0.0,0.0,0.6925893067107659,0.6392206064589001,0.15779028109324086,0.3684614046068823,wait:0.000000
42,30:0,30,no_addition,False,0.0,0.0,0.0,0.0,0.0,0.0,0.0,0.0,0.0,0.0,0.6113152525564187,0.48946698833342217,0.10568988529152609,0.2968595249016314,wait:0.000000
42,31:0,31,no_addition,False,0.0,0.0,0.0,0.0,0.0,0.0,0.0,0.0,0.0,0.0,0.639231730984955,0.5962232349389468,0.15877040446700252,0.19435374724412033,wait:0.000000
42,35:0,35,no_addition,False,0.0,0.0,0.0,0.0,0.0,0.0,0.0,0.0,0.0,0.0,0.5686148129675394,0.3808624764596319,0.11359345932382238,0.17179398486241937,wait:0.000000
42,37:0,37,no_addition,False,0.0,0.0,0.0,0.0,0.0,0.0,0.0,0.0,0.0,0.0,0.6566398133866089,0.6048095714434447,0.23900283811741982,0.19726177659029454,wait:0.000000
42,39:0,39,no_addition,False,0.0,0.0,0.0,0.0,0.0,0.0,0.0,0.0,0.0,0.0,0.4294577007052264,0.45942743266519215,0.11278642516549683,0.3142410343455689,wait:0.000000
42,42:0,42,no_addition,False,0.0,0.0,0.0,0.0,0.0,0.0,0.0,0.0,0.0,0.0,0.3646625997759556,0.43924046267399164,0.20447239480110982,0.16482639385390188,wait:0.000000
42,46:0,46,no_addition,False,0.0,0.0,0.0,0.0,0.0,0.0,0.0,0.0,0.0,0.0,0.46247147996441473,0.6596503611583785,0.18523664050489752,0.15567554392335484,wait:0.000000
42,49:0,49,no_addition,False,0.0,0.0,0.0,0.0,0.0,0.0,0.0,0.0,0.0,0.0,0.5412220236875722,0.6085239383184402,0.20702198292046725,0.3550969080079869,wait:0.000000
42,52:0,52,no_addition,False,0.0,0.0,0.0,0.0,0.0,0.0,0.0,0.0,0.0,0.0,0.6875190938505968,0.424566771177051,0.2476619091839592,0.2339709438701195,wait:0.000000
42,54:0,54,no_addition,False,0.0,0.0,0.0,0.0,0.0,0.0,0.0,0.0,0.0,0.0,0.36049733782908744,0.5523253568294493,0.25533682668695057,0.3412197200125101,wait:0.000000
42,58:0,58,no_addition,False,0.0,0.0,0.0,0.0,0.0,0.0,0.0,0.0,0.0,0.0,0.6198457129212576,0.4512439536464701,0.24863939297565013,0.20532809497258347,wait:0.000000
42,62:0,62,no_addition,False,0.0,0.0,0.0,0.0,0.0,0.0,0.0,0.0,0.0,0.0,0.7237425411252645,0.62163411087903,0.18924605477548054,0.1589368749570172,wait:0.000000
42,69:0,69,no_addition,False,0.0,0.0,0.0,0.0,0.0,0.0,0.0,0.0,0.0,0.0,0.6022842267235775,0.3907241381421482,0.12522009883263424,0.2509880233786041,wait:0.000000
42,70:0,70,no_addition,False,0.0,0.0,0.0,0.0,0.0,0.0,0.0,0.0,0.0,0.0,0.7250418326056267,0.49302427799958903,0.2066890976646894,0.2580273057930491,wait:0.000000
42,73:0,73,no_addition,False,0.0,0.0,0.0,0.0,0.0,0.0,0.0,0.0,0.0,0.0,0.40420682498105226,0.36825884895626715,0.10135193454551357,0.21381812730705063,wait:0.000000
42,75:0,75,no_addition,False,0.0,0.0,0.0,0.0,0.0,0.0,0.0,0.0,0.0,0.0,0.4230941969831738,0.5146117501535823,0.14526836109731428,0.21203597939779312,wait:0.000000
42,79:0,79,no_addition,False,0.0,0.0,0.0,0.0,0.0,0.0,0.0,0.0,0.0,0.0,0.6554007144387883,0.3386993507256493,0.11701546148724276,0.22854336518025284,wait:0.000000
42,82:0,82,no_addition,False,0.0,0.0,0.0,0.0,0.0,0.0,0.0,0.0,0.0,0.0,0.7286328395366878,0.36352177295393373,0.15698912011979346,0.1520510595522537,wait:0.000000
42,83:0,83,no_addition,False,0.0,0.0,0.0,0.0,0.0,0.0,0.0,0.0,0.0,0.0,0.6992496307348407,0.3248307718207073,0.26025238770990045,0.20168454668107402,wait:0.000000
42,88:0,88,no_addition,False,0.0,0.0,0.0,0.0,0.0,0.0,0.0,0.0,0.0,0.0,0.7163316377708322,0.6143286754778456,0.09809896900767885,0.2526309343782891,wait:0.000000
42,90:0,90,no_addition,False,0.0,0.0,0.0,0.0,0.0,0.0,0.0,0.0,0.0,0.0,0.5496088598221989,0.5230713273300622,0.13492759998526915,0.34468040679375855,wait:0.000000
42,91:0,91,no_addition,False,0.0,0.0,0.0,0.0,0.0,0.0,0.0,0.0,0.0,0.0,0.4008685735824922,0.45411787526818514,0.22139914132820376,0.16502895016143204,wait:0.000000
42,102:0,102,no_addition,False,0.0,0.0,0.0,0.0,0.0,0.0,0.0,0.0,0.0,0.0,0.701367219239883,0.26701134800970727,0.18771390352718884,0.3406883754000892,wait:0.000000
42,104:0,104,no_addition,False,0.0,0.0,0.0,0.0,0.0,0.0,0.0,0.0,0.0,0.0,0.4805291116972771,0.3077848861998414,0.24182705034992438,0.26225319894977905,wait:0.000000
42,106:0,106,no_addition,False,0.0,0.0,0.0,0.0,0.0,0.0,0.0,0.0,0.0,0.0,0.6038869960114561,0.39577465450103894,0.16466671110779404,0.16123358388235126,wait:0.000000
42,107:0,107,no_addition,False,0.0,0.0,0.0,0.0,0.0,0.0,0.0,0.0,0.0,0.0,0.5601272085917144,0.4027578298740651,0.11188658600935725,0.20311708869163475,wait:0.000000
42,111:0,111,no_addition,False,0.0,0.0,0.0,0.0,0.0,0.0,0.0,0.0,0.0,0.0,0.6296869035044703,0.48249741418436287,0.11558516615917062,0.1539376686338176,wait:0.000000
42,113:0,113,no_addition,False,0.0,0.0,0.0,0.0,0.0,0.0,0.0,0.0,0.0,0.0,0.36884265054638277,0.5871883438705638,0.20774743918817895,0.15152591661893103,wait:0.000000
42,117:0,117,no_addition,False,0.0,0.0,0.0,0.0,0.0,0.0,0.0,0.0,0.0,0.0,0.5762276374207189,0.31861268573099333,0.26177083556612213,0.28997807026483413,wait:0.000000
42,118:0,118,no_addition,False,0.0,0.0,0.0,0.0,0.0,0.0,0.0,0.0,0.0,0.0,0.7419538127860572,0.3257052711190269,0.22127615320016214,0.1744441787687567,wait:0.000000
43,3:0,3,no_addition,False,0.0,0.0,0.0,0.0,0.0,0.0,0.0,0.0,0.0,0.0,0.6216450067394355,0.5023413918212314,0.11447867665375151,0.3775813505449553,wait:0.000000
43,5:0,5,no_addition,False,0.0,0.0,0.0,0.0,0.0,0.0,0.0,0.0,0.0,0.0,0.46352023428589695,0.26921733187059427,0.1609773507552331,0.3021323944895209,wait:0.000000
43,8:0,8,no_addition,False,0.0,0.0,0.0,0.0,0.0,0.0,0.0,0.0,0.0,0.0,0.42224487806266675,0.31676733048151573,0.09743626015620943,0.3270836536953683,wait:0.000000
43,10:0,10,no_addition,False,0.0,0.0,0.0,0.0,0.0,0.0,0.0,0.0,0.0,0.0,0.5288431740927177,0.5882886561200341,0.2200923526510588,0.2973293003305126,wait:0.000000
43,11:0,11,no_addition,False,0.0,0.0,0.0,0.0,0.0,0.0,0.0,0.0,0.0,0.0,0.657146533296191,0.37812604292750296,0.11254230858288973,0.15467226241520335,wait:0.000000
43,16:0,16,no_addition,False,0.0,0.0,0.0,0.0,0.0,0.0,0.0,0.0,0.0,0.0,0.6713353420972463,0.35549804760622816,0.2005787070626945,0.1929285768508154,wait:0.000000
43,19:0,19,no_addition,False,0.0,0.0,0.0,0.0,0.0,0.0,0.0,0.0,0.0,0.0,0.7251883343647291,0.445278758799319,0.134934236822975,0.22963360758369958,wait:0.000000
43,20:0,20,no_addition,False,0.0,0.0,0.0,0.0,0.0,0.0,0.0,0.0,0.0,0.0,0.6195092762977208,0.4718195611743685,0.1422286741409436,0.34279558387592546,wait:0.000000
43,27:0,27,no_addition,False,0.0,0.0,0.0,0.0,0.0,0.0,0.0,0.0,0.0,0.0,0.6925893067107659,0.6392206064589001,0.15779028109324086,0.3684614046068823,wait:0.000000
43,30:0,30,no_addition,False,0.0,0.0,0.0,0.0,0.0,0.0,0.0,0.0,0.0,0.0,0.6113152525564187,0.48946698833342217,0.10568988529152609,0.2968595249016314,wait:0.000000
43,31:0,31,no_addition,False,0.0,0.0,0.0,0.0,0.0,0.0,0.0,0.0,0.0,0.0,0.639231730984955,0.5962232349389468,0.15877040446700252,0.19435374724412033,wait:0.000000
43,35:0,35,no_addition,False,0.0,0.0,0.0,0.0,0.0,0.0,0.0,0.0,0.0,0.0,0.5686148129675394,0.3808624764596319,0.11359345932382238,0.17179398486241937,wait:0.000000
43,37:0,37,no_addition,False,0.0,0.0,0.0,0.0,0.0,0.0,0.0,0.0,0.0,0.0,0.6566398133866089,0.6048095714434447,0.23900283811741982,0.19726177659029454,wait:0.000000
43,39:0,39,no_addition,False,0.0,0.0,0.0,0.0,0.0,0.0,0.0,0.0,0.0,0.0,0.4294577007052264,0.45942743266519215,0.11278642516549683,0.3142410343455689,wait:0.000000
43,42:0,42,no_addition,False,0.0,0.0,0.0,0.0,0.0,0.0,0.0,0.0,0.0,0.0,0.3646625997759556,0.43924046267399164,0.20447239480110982,0.16482639385390188,wait:0.000000
43,46:0,46,no_addition,False,0.0,0.0,0.0,0.0,0.0,0.0,0.0,0.0,0.0,0.0,0.46247147996441473,0.6596503611583785,0.18523664050489752,0.15567554392335484,wait:0.000000
43,49:0,49,no_addition,False,0.0,0.0,0.0,0.0,0.0,0.0,0.0,0.0,0.0,0.0,0.5412220236875722,0.6085239383184402,0.20702198292046725,0.3550969080079869,wait:0.000000
43,52:0,52,no_addition,False,0.0,0.0,0.0,0.0,0.0,0.0,0.0,0.0,0.0,0.0,0.6875190938505968,0.424566771177051,0.2476619091839592,0.2339709438701195,wait:0.000000
43,54:0,54,no_addition,False,0.0,0.0,0.0,0.0,0.0,0.0,0.0,0.0,0.0,0.0,0.36049733782908744,0.5523253568294493,0.25533682668695057,0.3412197200125101,wait:0.000000
43,58:0,58,no_addition,False,0.0,0.0,0.0,0.0,0.0,0.0,0.0,0.0,0.0,0.0,0.6198457129212576,0.4512439536464701,0.24863939297565013,0.20532809497258347,wait:0.000000
43,62:0,62,no_addition,False,0.0,0.0,0.0,0.0,0.0,0.0,0.0,0.0,0.0,0.0,0.7237425411252645,0.62163411087903,0.18924605477548054,0.1589368749570172,wait:0.000000
43,69:0,69,no_addition,False,0.0,0.0,0.0,0.0,0.0,0.0,0.0,0.0,0.0,0.0,0.6022842267235775,0.3907241381421482,0.12522009883263424,0.2509880233786041,wait:0.000000
43,70:0,70,no_addition,False,0.0,0.0,0.0,0.0,0.0,0.0,0.0,0.0,0.0,0.0,0.7250418326056267,0.49302427799958903,0.2066890976646894,0.2580273057930491,wait:0.000000
43,73:0,73,no_addition,False,0.0,0.0,0.0,0.0,0.0,0.0,0.0,0.0,0.0,0.0,0.40420682498105226,0.36825884895626715,0.10135193454551357,0.21381812730705063,wait:0.000000
43,75:0,75,no_addition,False,0.0,0.0,0.0,0.0,0.0,0.0,0.0,0.0,0.0,0.0,0.4230941969831738,0.5146117501535823,0.14526836109731428,0.21203597939779312,wait:0.000000
43,79:0,79,no_addition,False,0.0,0.0,0.0,0.0,0.0,0.0,0.0,0.0,0.0,0.0,0.6554007144387883,0.3386993507256493,0.11701546148724276,0.22854336518025284,wait:0.000000
43,82:0,82,no_addition,False,0.0,0.0,0.0,0.0,0.0,0.0,0.0,0.0,0.0,0.0,0.7286328395366878,0.36352177295393373,0.15698912011979346,0.1520510595522537,wait:0.000000
43,83:0,83,no_addition,False,0.0,0.0,0.0,0.0,0.0,0.0,0.0,0.0,0.0,0.0,0.6992496307348407,0.3248307718207073,0.26025238770990045,0.20168454668107402,wait:0.000000
43,88:0,88,no_addition,False,0.0,0.0,0.0,0.0,0.0,0.0,0.0,0.0,0.0,0.0,0.7163316377708322,0.6143286754778456,0.09809896900767885,0.2526309343782891,wait:0.000000
43,90:0,90,no_addition,False,0.0,0.0,0.0,0.0,0.0,0.0,0.0,0.0,0.0,0.0,0.5496088598221989,0.5230713273300622,0.13492759998526915,0.34468040679375855,wait:0.000000
43,91:0,91,no_addition,False,0.0,0.0,0.0,0.0,0.0,0.0,0.0,0.0,0.0,0.0,0.4008685735824922,0.45411787526818514,0.22139914132820376,0.16502895016143204,wait:0.000000
43,102:0,102,no_addition,False,0.0,0.0,0.0,0.0,0.0,0.0,0.0,0.0,0.0,0.0,0.701367219239883,0.26701134800970727,0.18771390352718884,0.3406883754000892,wait:0.000000
43,104:0,104,no_addition,False,0.0,0.0,0.0,0.0,0.0,0.0,0.0,0.0,0.0,0.0,0.4805291116972771,0.3077848861998414,0.24182705034992438,0.26225319894977905,wait:0.000000
43,106:0,106,no_addition,False,0.0,0.0,0.0,0.0,0.0,0.0,0.0,0.0,0.0,0.0,0.6038869960114561,0.39577465450103894,0.16466671110779404,0.16123358388235126,wait:0.000000
43,107:0,107,no_addition,False,0.0,0.0,0.0,0.0,0.0,0.0,0.0,0.0,0.0,0.0,0.5601272085917144,0.4027578298740651,0.11188658600935725,0.20311708869163475,wait:0.000000
43,111:0,111,no_addition,False,0.0,0.0,0.0,0.0,0.0,0.0,0.0,0.0,0.0,0.0,0.6296869035044703,0.48249741418436287,0.11558516615917062,0.1539376686338176,wait:0.000000
43,113:0,113,no_addition,False,0.0,0.0,0.0,0.0,0.0,0.0,0.0,0.0,0.0,0.0,0.36884265054638277,0.5871883438705638,0.20774743918817895,0.15152591661893103,wait:0.000000
43,117:0,117,no_addition,False,0.0,0.0,0.0,0.0,0.0,0.0,0.0,0.0,0.0,0.0,0.5762276374207189,0.31861268573099333,0.26177083556612213,0.28997807026483413,wait:0.000000
43,118:0,118,no_addition,False,0.0,0.0,0.0,0.0,0.0,0.0,0.0,0.0,0.0,0.0,0.7419538127860572,0.3257052711190269,0.22127615320016214,0.1744441787687567,wait:0.000000
44,3:0,3,no_addition,False,0.0,0.0,0.0,0.0,0.0,0.0,0.0,0.0,0.0,0.0,0.6216450067394355,0.5023413918212314,0.11447867665375151,0.3775813505449553,wait:0.000000
44,5:0,5,no_addition,False,0.0,0.0,0.0,0.0,0.0,0.0,0.0,0.0,0.0,0.0,0.46352023428589695,0.26921733187059427,0.1609773507552331,0.3021323944895209,wait:0.000000
44,8:0,8,no_addition,False,0.0,0.0,0.0,0.0,0.0,0.0,0.0,0.0,0.0,0.0,0.42224487806266675,0.31676733048151573,0.09743626015620943,0.3270836536953683,wait:0.000000
44,10:0,10,no_addition,False,0.0,0.0,0.0,0.0,0.0,0.0,0.0,0.0,0.0,0.0,0.5288431740927177,0.5882886561200341,0.2200923526510588,0.2973293003305126,wait:0.000000
44,11:0,11,no_addition,False,0.0,0.0,0.0,0.0,0.0,0.0,0.0,0.0,0.0,0.0,0.657146533296191,0.37812604292750296,0.11254230858288973,0.15467226241520335,wait:0.000000
44,16:0,16,no_addition,False,0.0,0.0,0.0,0.0,0.0,0.0,0.0,0.0,0.0,0.0,0.6713353420972463,0.35549804760622816,0.2005787070626945,0.1929285768508154,wait:0.000000
44,19:0,19,no_addition,False,0.0,0.0,0.0,0.0,0.0,0.0,0.0,0.0,0.0,0.0,0.7251883343647291,0.445278758799319,0.134934236822975,0.22963360758369958,wait:0.000000
44,20:0,20,no_addition,False,0.0,0.0,0.0,0.0,0.0,0.0,0.0,0.0,0.0,0.0,0.6195092762977208,0.4718195611743685,0.1422286741409436,0.34279558387592546,wait:0.000000
44,27:0,27,no_addition,False,0.0,0.0,0.0,0.0,0.0,0.0,0.0,0.0,0.0,0.0,0.6925893067107659,0.6392206064589001,0.15779028109324086,0.3684614046068823,wait:0.000000
44,30:0,30,no_addition,False,0.0,0.0,0.0,0.0,0.0,0.0,0.0,0.0,0.0,0.0,0.6113152525564187,0.48946698833342217,0.10568988529152609,0.2968595249016314,wait:0.000000
44,31:0,31,no_addition,False,0.0,0.0,0.0,0.0,0.0,0.0,0.0,0.0,0.0,0.0,0.639231730984955,0.5962232349389468,0.15877040446700252,0.19435374724412033,wait:0.000000
44,35:0,35,no_addition,False,0.0,0.0,0.0,0.0,0.0,0.0,0.0,0.0,0.0,0.0,0.5686148129675394,0.3808624764596319,0.11359345932382238,0.17179398486241937,wait:0.000000
44,37:0,37,no_addition,False,0.0,0.0,0.0,0.0,0.0,0.0,0.0,0.0,0.0,0.0,0.6566398133866089,0.6048095714434447,0.23900283811741982,0.19726177659029454,wait:0.000000
44,39:0,39,no_addition,False,0.0,0.0,0.0,0.0,0.0,0.0,0.0,0.0,0.0,0.0,0.4294577007052264,0.45942743266519215,0.11278642516549683,0.3142410343455689,wait:0.000000
44,42:0,42,no_addition,False,0.0,0.0,0.0,0.0,0.0,0.0,0.0,0.0,0.0,0.0,0.3646625997759556,0.43924046267399164,0.20447239480110982,0.16482639385390188,wait:0.000000
44,46:0,46,no_addition,False,0.0,0.0,0.0,0.0,0.0,0.0,0.0,0.0,0.0,0.0,0.46247147996441473,0.6596503611583785,0.18523664050489752,0.15567554392335484,wait:0.000000
44,49:0,49,no_addition,False,0.0,0.0,0.0,0.0,0.0,0.0,0.0,0.0,0.0,0.0,0.5412220236875722,0.6085239383184402,0.20702198292046725,0.3550969080079869,wait:0.000000
44,52:0,52,no_addition,False,0.0,0.0,0.0,0.0,0.0,0.0,0.0,0.0,0.0,0.0,0.6875190938505968,0.424566771177051,0.2476619091839592,0.2339709438701195,wait:0.000000
44,54:0,54,no_addition,False,0.0,0.0,0.0,0.0,0.0,0.0,0.0,0.0,0.0,0.0,0.36049733782908744,0.5523253568294493,0.25533682668695057,0.3412197200125101,wait:0.000000
44,58:0,58,no_addition,False,0.0,0.0,0.0,0.0,0.0,0.0,0.0,0.0,0.0,0.0,0.6198457129212576,0.4512439536464701,0.24863939297565013,0.20532809497258347,wait:0.000000
44,62:0,62,no_addition,False,0.0,0.0,0.0,0.0,0.0,0.0,0.0,0.0,0.0,0.0,0.7237425411252645,0.62163411087903,0.18924605477548054,0.1589368749570172,wait:0.000000
44,69:0,69,no_addition,False,0.0,0.0,0.0,0.0,0.0,0.0,0.0,0.0,0.0,0.0,0.6022842267235775,0.3907241381421482,0.12522009883263424,0.2509880233786041,wait:0.000000
44,70:0,70,no_addition,False,0.0,0.0,0.0,0.0,0.0,0.0,0.0,0.0,0.0,0.0,0.7250418326056267,0.49302427799958903,0.2066890976646894,0.2580273057930491,wait:0.000000
44,73:0,73,no_addition,False,0.0,0.0,0.0,0.0,0.0,0.0,0.0,0.0,0.0,0.0,0.40420682498105226,0.36825884895626715,0.10135193454551357,0.21381812730705063,wait:0.000000
44,75:0,75,no_addition,False,0.0,0.0,0.0,0.0,0.0,0.0,0.0,0.0,0.0,0.0,0.4230941969831738,0.5146117501535823,0.14526836109731428,0.21203597939779312,wait:0.000000
44,79:0,79,no_addition,False,0.0,0.0,0.0,0.0,0.0,0.0,0.0,0.0,0.0,0.0,0.6554007144387883,0.3386993507256493,0.11701546148724276,0.22854336518025284,wait:0.000000
44,82:0,82,no_addition,False,0.0,0.0,0.0,0.0,0.0,0.0,0.0,0.0,0.0,0.0,0.7286328395366878,0.36352177295393373,0.15698912011979346,0.1520510595522537,wait:0.000000
44,83:0,83,no_addition,False,0.0,0.0,0.0,0.0,0.0,0.0,0.0,0.0,0.0,0.0,0.6992496307348407,0.3248307718207073,0.26025238770990045,0.20168454668107402,wait:0.000000
44,88:0,88,no_addition,False,0.0,0.0,0.0,0.0,0.0,0.0,0.0,0.0,0.0,0.0,0.7163316377708322,0.6143286754778456,0.09809896900767885,0.2526309343782891,wait:0.000000
44,90:0,90,no_addition,False,0.0,0.0,0.0,0.0,0.0,0.0,0.0,0.0,0.0,0.0,0.5496088598221989,0.5230713273300622,0.13492759998526915,0.34468040679375855,wait:0.000000
44,91:0,91,no_addition,False,0.0,0.0,0.0,0.0,0.0,0.0,0.0,0.0,0.0,0.0,0.4008685735824922,0.45411787526818514,0.22139914132820376,0.16502895016143204,wait:0.000000
44,102:0,102,no_addition,False,0.0,0.0,0.0,0.0,0.0,0.0,0.0,0.0,0.0,0.0,0.701367219239883,0.26701134800970727,0.18771390352718884,0.3406883754000892,wait:0.000000
44,104:0,104,no_addition,False,0.0,0.0,0.0,0.0,0.0,0.0,0.0,0.0,0.0,0.0,0.4805291116972771,0.3077848861998414,0.24182705034992438,0.26225319894977905,wait:0.000000
44,106:0,106,no_addition,False,0.0,0.0,0.0,0.0,0.0,0.0,0.0,0.0,0.0,0.0,0.6038869960114561,0.39577465450103894,0.16466671110779404,0.16123358388235126,wait:0.000000
44,107:0,107,no_addition,False,0.0,0.0,0.0,0.0,0.0,0.0,0.0,0.0,0.0,0.0,0.5601272085917144,0.4027578298740651,0.11188658600935725,0.20311708869163475,wait:0.000000
44,111:0,111,no_addition,False,0.0,0.0,0.0,0.0,0.0,0.0,0.0,0.0,0.0,0.0,0.6296869035044703,0.48249741418436287,0.11558516615917062,0.1539376686338176,wait:0.000000
44,113:0,113,no_addition,False,0.0,0.0,0.0,0.0,0.0,0.0,0.0,0.0,0.0,0.0,0.36884265054638277,0.5871883438705638,0.20774743918817895,0.15152591661893103,wait:0.000000
44,117:0,117,no_addition,False,0.0,0.0,0.0,0.0,0.0,0.0,0.0,0.0,0.0,0.0,0.5762276374207189,0.31861268573099333,0.26177083556612213,0.28997807026483413,wait:0.000000
44,118:0,118,no_addition,False,0.0,0.0,0.0,0.0,0.0,0.0,0.0,0.0,0.0,0.0,0.7419538127860572,0.3257052711190269,0.22127615320016214,0.1744441787687567,wait:0.000000
