time,new_disputes,new_complaints,new_complainants,new_domestic,new_customer,new_additional_channel,unresolved,pending,unsubmitted,closed_unresolved,pending_domestic,pending_domestic_institution,pending_domestic_implementation,new_domestic_supported,new_domestic_implemented,pending_customer,new_resolved,cumulative_resolved,cumulative_complainants,total_cases,visible_domestic,visible_customer,cumulative_domestic_share,cumulative_customer_share,new_d_to_e,new_e_to_d,scenario,seed
0,69,69,69,69,0,0,69,69,0,0,69,69,0,0,0,0,0,0,69,69,0,0,1.0,0.0,0.0,0.0,domestic_only,0
1,0,0,0,0,0,0,69,69,0,0,69,69,0,0,0,0,0,0,69,69,69,0,1.0,0.0,0.0,0.0,domestic_only,0
2,0,0,0,0,0,0,69,63,0,6,63,57,6,6,0,0,0,0,69,69,69,0,1.0,0.0,0.0,0.0,domestic_only,0
3,0,0,0,0,0,0,63,50,0,13,50,45,5,5,6,0,6,6,69,69,69,0,1.0,0.0,0.0,0.0,domestic_only,0
4,0,0,0,0,0,0,59,39,0,20,39,33,6,6,4,0,4,10,69,69,50,0,1.0,0.0,0.0,0.0,domestic_only,0
5,0,0,0,0,0,0,53,27,0,26,27,21,6,6,6,0,6,16,69,69,39,0,1.0,0.0,0.0,0.0,domestic_only,0
6,0,0,0,0,0,0,48,16,0,32,16,9,7,7,5,0,5,21,69,69,27,0,1.0,0.0,0.0,0.0,domestic_only,0
7,0,0,0,0,0,0,41,4,0,37,4,0,4,4,7,0,7,28,69,69,16,0,1.0,0.0,0.0,0.0,domestic_only,0
8,0,0,0,0,0,0,39,0,0,39,0,0,0,0,2,0,2,30,69,69,4,0,1.0,0.0,0.0,0.0,domestic_only,0
9,0,0,0,0,0,0,39,0,0,39,0,0,0,0,0,0,0,30,69,69,0,0,1.0,0.0,0.0,0.0,domestic_only,0
10,0,0,0,0,0,0,39,0,0,39,0,0,0,0,0,0,0,30,69,69,0,0,1.0,0.0,0.0,0.0,domestic_only,0
11,0,0,0,0,0,0,39,0,0,39,0,0,0,0,0,0,0,30,69,69,0,0,1.0,0.0,0.0,0.0,domestic_only,0
12,0,0,0,0,0,0,39,0,0,39,0,0,0,0,0,0,0,30,69,69,0,0,1.0,0.0,0.0,0.0,domestic_only,0
13,0,0,0,0,0,0,39,0,0,39,0,0,0,0,0,0,0,30,69,69,0,0,1.0,0.0,0.0,0.0,domestic_only,0
14,0,0,0,0,0,0,39,0,0,39,0,0,0,0,0,0,0,30,69,69,0,0,1.0,0.0,0.0,0.0,domestic_only,0
15,0,0,0,0,0,0,39,0,0,39,0,0,0,0,0,0,0,30,69,69,0,0,1.0,0.0,0.0,0.0,domestic_only,0
16,0,0,0,0,0,0,39,0,0,39,0,0,0,0,0,0,0,30,69,69,0,0,1.0,0.0,0.0,0.0,domestic_only,0
17,0,0,0,0,0,0,39,0,0,39,0,0,0,0,0,0,0,30,69,69,0,0,1.0,0.0,0.0,0.0,domestic_only,0
18,0,0,0,0,0,0,39,0,0,39,0,0,0,0,0,0,0,30,69,69,0,0,1.0,0.0,0.0,0.0,domestic_only,0
19,0,0,0,0,0,0,39,0,0,39,0,0,0,0,0,0,0,30,69,69,0,0,1.0,0.0,0.0,0.0,domestic_only,0
20,0,0,0,0,0,0,39,0,0,39,0,0,0,0,0,0,0,30,69,69,0,0,1.0,0.0,0.0,0.0,domestic_only,0
21,0,0,0,0,0,0,39,0,0,39,0,0,0,0,0,0,0,30,69,69,0,0,1.0,0.0,0.0,0.0,domestic_only,0
22,0,0,0,0,0,0,39,0,0,39,0,0,0,0,0,0,0,30,69,69,0,0,1.0,0.0,0.0,0.0,domestic_only,0
23,0,0,0,0,0,0,39,0,0,39,0,0,0,0,0,0,0,30,69,69,0,0,1.0,0.0,0.0,0.0,domestic_only,0
24,0,0,0,0,0,0,39,0,0,39,0,0,0,0,0,0,0,30,69,69,0,0,1.0,0.0,0.0,0.0,domestic_only,0
25,0,0,0,0,0,0,39,0,0,39,0,0,0,0,0,0,0,30,69,69,0,0,1.0,0.0,0.0,0.0,domestic_only,0
26,0,0,0,0,0,0,39,0,0,39,0,0,0,0,0,0,0,30,69,69,0,0,1.0,0.0,0.0,0.0,domestic_only,0
27,0,0,0,0,0,0,39,0,0,39,0,0,0,0,0,0,0,30,69,69,0,0,1.0,0.0,0.0,0.0,domestic_only,0
28,0,0,0,0,0,0,39,0,0,39,0,0,0,0,0,0,0,30,69,69,0,0,1.0,0.0,0.0,0.0,domestic_only,0
29,0,0,0,0,0,0,39,0,0,39,0,0,0,0,0,0,0,30,69,69,0,0,1.0,0.0,0.0,0.0,domestic_only,0
30,0,0,0,0,0,0,39,0,0,39,0,0,0,0,0,0,0,30,69,69,0,0,1.0,0.0,0.0,0.0,domestic_only,0
31,0,0,0,0,0,0,39,0,0,39,0,0,0,0,0,0,0,30,69,69,0,0,1.0,0.0,0.0,0.0,domestic_only,0
32,0,0,0,0,0,0,39,0,0,39,0,0,0,0,0,0,0,30,69,69,0,0,1.0,0.0,0.0,0.0,domestic_only,0
33,0,0,0,0,0,0,39,0,0,39,0,0,0,0,0,0,0,30,69,69,0,0,1.0,0.0,0.0,0.0,domestic_only,0
34,0,0,0,0,0,0,39,0,0,39,0,0,0,0,0,0,0,30,69,69,0,0,1.0,0.0,0.0,0.0,domestic_only,0
35,0,0,0,0,0,0,39,0,0,39,0,0,0,0,0,0,0,30,69,69,0,0,1.0,0.0,0.0,0.0,domestic_only,0
36,0,0,0,0,0,0,39,0,0,39,0,0,0,0,0,0,0,30,69,69,0,0,1.0,0.0,0.0,0.0,domestic_only,0
37,0,0,0,0,0,0,39,0,0,39,0,0,0,0,0,0,0,30,69,69,0,0,1.0,0.0,0.0,0.0,domestic_only,0
38,0,0,0,0,0,0,39,0,0,39,0,0,0,0,0,0,0,30,69,69,0,0,1.0,0.0,0.0,0.0,domestic_only,0
39,0,0,0,0,0,0,39,0,0,39,0,0,0,0,0,0,0,30,69,69,0,0,1.0,0.0,0.0,0.0,domestic_only,0
40,0,0,0,0,0,0,39,0,0,39,0,0,0,0,0,0,0,30,69,69,0,0,1.0,0.0,0.0,0.0,domestic_only,0
41,0,0,0,0,0,0,39,0,0,39,0,0,0,0,0,0,0,30,69,69,0,0,1.0,0.0,0.0,0.0,domestic_only,0
42,0,0,0,0,0,0,39,0,0,39,0,0,0,0,0,0,0,30,69,69,0,0,1.0,0.0,0.0,0.0,domestic_only,0
43,0,0,0,0,0,0,39,0,0,39,0,0,0,0,0,0,0,30,69,69,0,0,1.0,0.0,0.0,0.0,domestic_only,0
44,0,0,0,0,0,0,39,0,0,39,0,0,0,0,0,0,0,30,69,69,0,0,1.0,0.0,0.0,0.0,domestic_only,0
0,69,52,52,0,52,0,69,52,17,0,0,0,0,0,0,52,0,0,52,69,0,0,0.0,0.7536231884057971,0.0,0.0,customer_only,0
1,0,2,2,0,2,0,69,54,15,0,0,0,0,0,0,54,0,0,54,69,0,52,0.0,0.782608695652174,0.0,0.0,customer_only,0
2,0,0,0,0,0,0,69,50,15,4,0,0,0,0,0,50,0,0,54,69,0,54,0.0,0.782608695652174,0.0,0.0,customer_only,0
3,0,0,0,0,0,0,62,38,15,9,0,0,0,0,0,38,7,7,54,69,0,54,0.0,0.782608695652174,0.0,0.0,customer_only,0
4,0,0,0,0,0,0,59,21,15,23,0,0,0,0,0,21,3,10,54,69,0,38,0.0,0.782608695652174,0.0,0.0,customer_only,0
5,0,0,0,0,0,0,57,9,15,33,0,0,0,0,0,9,2,12,54,69,0,21,0.0,0.782608695652174,0.0,0.0,customer_only,0
6,0,0,0,0,0,0,57,2,15,40,0,0,0,0,0,2,0,12,54,69,0,9,0.0,0.782608695652174,0.0,0.0,customer_only,0
7,0,0,0,0,0,0,57,0,15,42,0,0,0,0,0,0,0,12,54,69,0,2,0.0,0.782608695652174,0.0,0.0,customer_only,0
8,0,0,0,0,0,0,57,0,15,42,0,0,0,0,0,0,0,12,54,69,0,0,0.0,0.782608695652174,0.0,0.0,customer_only,0
9,0,0,0,0,0,0,57,0,15,42,0,0,0,0,0,0,0,12,54,69,0,0,0.0,0.782608695652174,0.0,0.0,customer_only,0
10,0,0,0,0,0,0,57,0,15,42,0,0,0,0,0,0,0,12,54,69,0,0,0.0,0.782608695652174,0.0,0.0,customer_only,0
11,0,0,0,0,0,0,57,0,15,42,0,0,0,0,0,0,0,12,54,69,0,0,0.0,0.782608695652174,0.0,0.0,customer_only,0
12,0,0,0,0,0,0,57,0,15,42,0,0,0,0,0,0,0,12,54,69,0,0,0.0,0.782608695652174,0.0,0.0,customer_only,0
13,0,0,0,0,0,0,57,0,15,42,0,0,0,0,0,0,0,12,54,69,0,0,0.0,0.782608695652174,0.0,0.0,customer_only,0
14,0,0,0,0,0,0,57,0,15,42,0,0,0,0,0,0,0,12,54,69,0,0,0.0,0.782608695652174,0.0,0.0,customer_only,0
15,0,0,0,0,0,0,57,0,15,42,0,0,0,0,0,0,0,12,54,69,0,0,0.0,0.782608695652174,0.0,0.0,customer_only,0
16,0,0,0,0,0,0,57,0,15,42,0,0,0,0,0,0,0,12,54,69,0,0,0.0,0.782608695652174,0.0,0.0,customer_only,0
17,0,0,0,0,0,0,57,0,15,42,0,0,0,0,0,0,0,12,54,69,0,0,0.0,0.782608695652174,0.0,0.0,customer_only,0
18,0,0,0,0,0,0,57,0,15,42,0,0,0,0,0,0,0,12,54,69,0,0,0.0,0.782608695652174,0.0,0.0,customer_only,0
19,0,0,0,0,0,0,57,0,15,42,0,0,0,0,0,0,0,12,54,69,0,0,0.0,0.782608695652174,0.0,0.0,customer_only,0
20,0,0,0,0,0,0,57,0,15,42,0,0,0,0,0,0,0,12,54,69,0,0,0.0,0.782608695652174,0.0,0.0,customer_only,0
21,0,0,0,0,0,0,57,0,15,42,0,0,0,0,0,0,0,12,54,69,0,0,0.0,0.782608695652174,0.0,0.0,customer_only,0
22,0,0,0,0,0,0,57,0,15,42,0,0,0,0,0,0,0,12,54,69,0,0,0.0,0.782608695652174,0.0,0.0,customer_only,0
23,0,0,0,0,0,0,57,0,15,42,0,0,0,0,0,0,0,12,54,69,0,0,0.0,0.782608695652174,0.0,0.0,customer_only,0
24,0,0,0,0,0,0,57,0,15,42,0,0,0,0,0,0,0,12,54,69,0,0,0.0,0.782608695652174,0.0,0.0,customer_only,0
25,0,0,0,0,0,0,57,0,15,42,0,0,0,0,0,0,0,12,54,69,0,0,0.0,0.782608695652174,0.0,0.0,customer_only,0
26,0,0,0,0,0,0,57,0,15,42,0,0,0,0,0,0,0,12,54,69,0,0,0.0,0.782608695652174,0.0,0.0,customer_only,0
27,0,0,0,0,0,0,57,0,15,42,0,0,0,0,0,0,0,12,54,69,0,0,0.0,0.782608695652174,0.0,0.0,customer_only,0
28,0,0,0,0,0,0,57,0,15,42,0,0,0,0,0,0,0,12,54,69,0,0,0.0,0.782608695652174,0.0,0.0,customer_only,0
29,0,0,0,0,0,0,57,0,15,42,0,0,0,0,0,0,0,12,54,69,0,0,0.0,0.782608695652174,0.0,0.0,customer_only,0
30,0,0,0,0,0,0,57,0,15,42,0,0,0,0,0,0,0,12,54,69,0,0,0.0,0.782608695652174,0.0,0.0,customer_only,0
31,0,0,0,0,0,0,57,0,15,42,0,0,0,0,0,0,0,12,54,69,0,0,0.0,0.782608695652174,0.0,0.0,customer_only,0
32,0,0,0,0,0,0,57,0,15,42,0,0,0,0,0,0,0,12,54,69,0,0,0.0,0.782608695652174,0.0,0.0,customer_only,0
33,0,0,0,0,0,0,57,0,15,42,0,0,0,0,0,0,0,12,54,69,0,0,0.0,0.782608695652174,0.0,0.0,customer_only,0
34,0,0,0,0,0,0,57,0,15,42,0,0,0,0,0,0,0,12,54,69,0,0,0.0,0.782608695652174,0.0,0.0,customer_only,0
35,0,0,0,0,0,0,57,0,15,42,0,0,0,0,0,0,0,12,54,69,0,0,0.0,0.782608695652174,0.0,0.0,customer_only,0
36,0,0,0,0,0,0,57,0,15,42,0,0,0,0,0,0,0,12,54,69,0,0,0.0,0.782608695652174,0.0,0.0,customer_only,0
37,0,0,0,0,0,0,57,0,15,42,0,0,0,0,0,0,0,12,54,69,0,0,0.0,0.782608695652174,0.0,0.0,customer_only,0
38,0,0,0,0,0,0,57,0,15,42,0,0,0,0,0,0,0,12,54,69,0,0,0.0,0.782608695652174,0.0,0.0,customer_only,0
39,0,0,0,0,0,0,57,0,15,42,0,0,0,0,0,0,0,12,54,69,0,0,0.0,0.782608695652174,0.0,0.0,customer_only,0
40,0,0,0,0,0,0,57,0,15,42,0,0,0,0,0,0,0,12,54,69,0,0,0.0,0.782608695652174,0.0,0.0,customer_only,0
41,0,0,0,0,0,0,57,0,15,42,0,0,0,0,0,0,0,12,54,69,0,0,0.0,0.782608695652174,0.0,0.0,customer_only,0
42,0,0,0,0,0,0,57,0,15,42,0,0,0,0,0,0,0,12,54,69,0,0,0.0,0.782608695652174,0.0,0.0,customer_only,0
43,0,0,0,0,0,0,57,0,15,42,0,0,0,0,0,0,0,12,54,69,0,0,0.0,0.782608695652174,0.0,0.0,customer_only,0
44,0,0,0,0,0,0,57,0,15,42,0,0,0,0,0,0,0,12,54,69,0,0,0.0,0.782608695652174,0.0,0.0,customer_only,0
0,69,69,69,63,13,0,69,69,0,0,63,63,0,0,0,13,0,0,69,69,0,0,0.9130434782608695,0.18840579710144928,0.0,0.0,both,0
1,0,0,0,0,0,0,69,69,0,0,63,63,0,0,0,13,0,0,69,69,63,13,0.9130434782608695,0.18840579710144928,0.0,0.0,both,0
2,0,0,0,0,0,0,69,59,0,10,57,51,6,6,0,8,0,0,69,69,63,13,0.9130434782608695,0.18840579710144928,0.0,0.0,both,0
3,0,0,0,4,2,6,62,49,0,13,47,43,4,5,6,2,7,7,69,69,63,13,0.9710144927536232,0.21739130434782608,2.0,4.0,both,0
4,0,0,0,2,10,12,59,47,0,12,39,33,6,6,3,12,3,10,69,69,47,2,1.0,0.36231884057971014,10.0,2.0,both,0
5,0,0,0,0,6,6,53,42,0,11,28,21,7,7,6,16,6,16,69,69,39,12,1.0,0.4492753623188406,6.0,0.0,both,0
6,0,0,0,0,3,3,46,26,0,20,15,9,6,6,6,11,7,23,69,69,28,18,1.0,0.4927536231884058,3.0,0.0,both,0
7,0,0,0,0,2,2,38,10,0,28,3,0,3,3,6,7,8,31,69,69,15,19,1.0,0.5217391304347826,2.0,0.0,both,0
8,0,0,0,0,1,1,34,5,0,29,0,0,0,0,2,5,4,35,69,69,3,11,1.0,0.5362318840579711,1.0,0.0,both,0
9,0,0,0,0,0,0,34,3,0,31,0,0,0,0,0,3,0,35,69,69,0,6,1.0,0.5362318840579711,0.0,0.0,both,0
10,0,0,0,0,0,0,33,1,0,32,0,0,0,0,0,1,1,36,69,69,0,3,1.0,0.5362318840579711,0.0,0.0,both,0
11,0,0,0,0,0,0,33,0,0,33,0,0,0,0,0,0,0,36,69,69,0,1,1.0,0.5362318840579711,0.0,0.0,both,0
12,0,0,0,0,0,0,33,0,0,33,0,0,0,0,0,0,0,36,69,69,0,0,1.0,0.5362318840579711,0.0,0.0,both,0
13,0,0,0,0,0,0,33,0,0,33,0,0,0,0,0,0,0,36,69,69,0,0,1.0,0.5362318840579711,0.0,0.0,both,0
14,0,0,0,0,0,0,33,0,0,33,0,0,0,0,0,0,0,36,69,69,0,0,1.0,0.5362318840579711,0.0,0.0,both,0
15,0,0,0,0,0,0,33,0,0,33,0,0,0,0,0,0,0,36,69,69,0,0,1.0,0.5362318840579711,0.0,0.0,both,0
16,0,0,0,0,0,0,33,0,0,33,0,0,0,0,0,0,0,36,69,69,0,0,1.0,0.5362318840579711,0.0,0.0,both,0
17,0,0,0,0,0,0,33,0,0,33,0,0,0,0,0,0,0,36,69,69,0,0,1.0,0.5362318840579711,0.0,0.0,both,0
18,0,0,0,0,0,0,33,0,0,33,0,0,0,0,0,0,0,36,69,69,0,0,1.0,0.5362318840579711,0.0,0.0,both,0
19,0,0,0,0,0,0,33,0,0,33,0,0,0,0,0,0,0,36,69,69,0,0,1.0,0.5362318840579711,0.0,0.0,both,0
20,0,0,0,0,0,0,33,0,0,33,0,0,0,0,0,0,0,36,69,69,0,0,1.0,0.5362318840579711,0.0,0.0,both,0
21,0,0,0,0,0,0,33,0,0,33,0,0,0,0,0,0,0,36,69,69,0,0,1.0,0.5362318840579711,0.0,0.0,both,0
22,0,0,0,0,0,0,33,0,0,33,0,0,0,0,0,0,0,36,69,69,0,0,1.0,0.5362318840579711,0.0,0.0,both,0
23,0,0,0,0,0,0,33,0,0,33,0,0,0,0,0,0,0,36,69,69,0,0,1.0,0.5362318840579711,0.0,0.0,both,0
24,0,0,0,0,0,0,33,0,0,33,0,0,0,0,0,0,0,36,69,69,0,0,1.0,0.5362318840579711,0.0,0.0,both,0
25,0,0,0,0,0,0,33,0,0,33,0,0,0,0,0,0,0,36,69,69,0,0,1.0,0.5362318840579711,0.0,0.0,both,0
26,0,0,0,0,0,0,33,0,0,33,0,0,0,0,0,0,0,36,69,69,0,0,1.0,0.5362318840579711,0.0,0.0,both,0
27,0,0,0,0,0,0,33,0,0,33,0,0,0,0,0,0,0,36,69,69,0,0,1.0,0.5362318840579711,0.0,0.0,both,0
28,0,0,0,0,0,0,33,0,0,33,0,0,0,0,0,0,0,36,69,69,0,0,1.0,0.5362318840579711,0.0,0.0,both,0
29,0,0,0,0,0,0,33,0,0,33,0,0,0,0,0,0,0,36,69,69,0,0,1.0,0.5362318840579711,0.0,0.0,both,0
30,0,0,0,0,0,0,33,0,0,33,0,0,0,0,0,0,0,36,69,69,0,0,1.0,0.5362318840579711,0.0,0.0,both,0
31,0,0,0,0,0,0,33,0,0,33,0,0,0,0,0,0,0,36,69,69,0,0,1.0,0.5362318840579711,0.0,0.0,both,0
32,0,0,0,0,0,0,33,0,0,33,0,0,0,0,0,0,0,36,69,69,0,0,1.0,0.5362318840579711,0.0,0.0,both,0
33,0,0,0,0,0,0,33,0,0,33,0,0,0,0,0,0,0,36,69,69,0,0,1.0,0.5362318840579711,0.0,0.0,both,0
34,0,0,0,0,0,0,33,0,0,33,0,0,0,0,0,0,0,36,69,69,0,0,1.0,0.5362318840579711,0.0,0.0,both,0
35,0,0,0,0,0,0,33,0,0,33,0,0,0,0,0,0,0,36,69,69,0,0,1.0,0.5362318840579711,0.0,0.0,both,0
36,0,0,0,0,0,0,33,0,0,33,0,0,0,0,0,0,0,36,69,69,0,0,1.0,0.5362318840579711,0.0,0.0,both,0
37,0,0,0,0,0,0,33,0,0,33,0,0,0,0,0,0,0,36,69,69,0,0,1.0,0.5362318840579711,0.0,0.0,both,0
38,0,0,0,0,0,0,33,0,0,33,0,0,0,0,0,0,0,36,69,69,0,0,1.0,0.5362318840579711,0.0,0.0,both,0
39,0,0,0,0,0,0,33,0,0,33,0,0,0,0,0,0,0,36,69,69,0,0,1.0,0.5362318840579711,0.0,0.0,both,0
40,0,0,0,0,0,0,33,0,0,33,0,0,0,0,0,0,0,36,69,69,0,0,1.0,0.5362318840579711,0.0,0.0,both,0
41,0,0,0,0,0,0,33,0,0,33,0,0,0,0,0,0,0,36,69,69,0,0,1.0,0.5362318840579711,0.0,0.0,both,0
42,0,0,0,0,0,0,33,0,0,33,0,0,0,0,0,0,0,36,69,69,0,0,1.0,0.5362318840579711,0.0,0.0,both,0
43,0,0,0,0,0,0,33,0,0,33,0,0,0,0,0,0,0,36,69,69,0,0,1.0,0.5362318840579711,0.0,0.0,both,0
44,0,0,0,0,0,0,33,0,0,33,0,0,0,0,0,0,0,36,69,69,0,0,1.0,0.5362318840579711,0.0,0.0,both,0
0,81,81,81,81,0,0,81,81,0,0,81,81,0,0,0,0,0,0,81,81,0,0,1.0,0.0,0.0,0.0,domestic_only,1
1,0,0,0,0,0,0,81,81,0,0,81,81,0,0,0,0,0,0,81,81,81,0,1.0,0.0,0.0,0.0,domestic_only,1
2,0,0,0,0,0,0,81,75,0,6,75,69,6,6,0,0,0,0,81,81,81,0,1.0,0.0,0.0,0.0,domestic_only,1
3,0,0,0,0,0,0,76,60,0,16,60,57,3,3,5,0,5,5,81,81,81,0,1.0,0.0,0.0,0.0,domestic_only,1
4,0,0,0,0,0,0,74,52,0,22,52,45,7,7,2,0,2,7,81,81,60,0,1.0,0.0,0.0,0.0,domestic_only,1
5,0,0,0,0,0,0,67,37,0,30,37,33,4,4,7,0,7,14,81,81,52,0,1.0,0.0,0.0,0.0,domestic_only,1
6,0,0,0,0,0,0,63,27,0,36,27,21,6,6,4,0,4,18,81,81,37,0,1.0,0.0,0.0,0.0,domestic_only,1
7,0,0,0,0,0,0,57,14,0,43,14,9,5,5,6,0,6,24,81,81,27,0,1.0,0.0,0.0,0.0,domestic_only,1
8,0,0,0,0,0,0,54,4,0,50,4,0,4,4,3,0,3,27,81,81,14,0,1.0,0.0,0.0,0.0,domestic_only,1
9,0,0,0,0,0,0,51,0,0,51,0,0,0,0,3,0,3,30,81,81,4,0,1.0,0.0,0.0,0.0,domestic_only,1
10,0,0,0,0,0,0,51,0,0,51,0,0,0,0,0,0,0,30,81,81,0,0,1.0,0.0,0.0,0.0,domestic_only,1
11,0,0,0,0,0,0,51,0,0,51,0,0,0,0,0,0,0,30,81,81,0,0,1.0,0.0,0.0,0.0,domestic_only,1
12,0,0,0,0,0,0,51,0,0,51,0,0,0,0,0,0,0,30,81,81,0,0,1.0,0.0,0.0,0.0,domestic_only,1
13,0,0,0,0,0,0,51,0,0,51,0,0,0,0,0,0,0,30,81,81,0,0,1.0,0.0,0.0,0.0,domestic_only,1
14,0,0,0,0,0,0,51,0,0,51,0,0,0,0,0,0,0,30,81,81,0,0,1.0,0.0,0.0,0.0,domestic_only,1
15,0,0,0,0,0,0,51,0,0,51,0,0,0,0,0,0,0,30,81,81,0,0,1.0,0.0,0.0,0.0,domestic_only,1
16,0,0,0,0,0,0,51,0,0,51,0,0,0,0,0,0,0,30,81,81,0,0,1.0,0.0,0.0,0.0,domestic_only,1
17,0,0,0,0,0,0,51,0,0,51,0,0,0,0,0,0,0,30,81,81,0,0,1.0,0.0,0.0,0.0,domestic_only,1
18,0,0,0,0,0,0,51,0,0,51,0,0,0,0,0,0,0,30,81,81,0,0,1.0,0.0,0.0,0.0,domestic_only,1
19,0,0,0,0,0,0,51,0,0,51,0,0,0,0,0,0,0,30,81,81,0,0,1.0,0.0,0.0,0.0,domestic_only,1
20,0,0,0,0,0,0,51,0,0,51,0,0,0,0,0,0,0,30,81,81,0,0,1.0,0.0,0.0,0.0,domestic_only,1
21,0,0,0,0,0,0,51,0,0,51,0,0,0,0,0,0,0,30,81,81,0,0,1.0,0.0,0.0,0.0,domestic_only,1
22,0,0,0,0,0,0,51,0,0,51,0,0,0,0,0,0,0,30,81,81,0,0,1.0,0.0,0.0,0.0,domestic_only,1
23,0,0,0,0,0,0,51,0,0,51,0,0,0,0,0,0,0,30,81,81,0,0,1.0,0.0,0.0,0.0,domestic_only,1
24,0,0,0,0,0,0,51,0,0,51,0,0,0,0,0,0,0,30,81,81,0,0,1.0,0.0,0.0,0.0,domestic_only,1
25,0,0,0,0,0,0,51,0,0,51,0,0,0,0,0,0,0,30,81,81,0,0,1.0,0.0,0.0,0.0,domestic_only,1
26,0,0,0,0,0,0,51,0,0,51,0,0,0,0,0,0,0,30,81,81,0,0,1.0,0.0,0.0,0.0,domestic_only,1
27,0,0,0,0,0,0,51,0,0,51,0,0,0,0,0,0,0,30,81,81,0,0,1.0,0.0,0.0,0.0,domestic_only,1
28,0,0,0,0,0,0,51,0,0,51,0,0,0,0,0,0,0,30,81,81,0,0,1.0,0.0,0.0,0.0,domestic_only,1
29,0,0,0,0,0,0,51,0,0,51,0,0,0,0,0,0,0,30,81,81,0,0,1.0,0.0,0.0,0.0,domestic_only,1
30,0,0,0,0,0,0,51,0,0,51,0,0,0,0,0,0,0,30,81,81,0,0,1.0,0.0,0.0,0.0,domestic_only,1
31,0,0,0,0,0,0,51,0,0,51,0,0,0,0,0,0,0,30,81,81,0,0,1.0,0.0,0.0,0.0,domestic_only,1
32,0,0,0,0,0,0,51,0,0,51,0,0,0,0,0,0,0,30,81,81,0,0,1.0,0.0,0.0,0.0,domestic_only,1
33,0,0,0,0,0,0,51,0,0,51,0,0,0,0,0,0,0,30,81,81,0,0,1.0,0.0,0.0,0.0,domestic_only,1
34,0,0,0,0,0,0,51,0,0,51,0,0,0,0,0,0,0,30,81,81,0,0,1.0,0.0,0.0,0.0,domestic_only,1
35,0,0,0,0,0,0,51,0,0,51,0,0,0,0,0,0,0,30,81,81,0,0,1.0,0.0,0.0,0.0,domestic_only,1
36,0,0,0,0,0,0,51,0,0,51,0,0,0,0,0,0,0,30,81,81,0,0,1.0,0.0,0.0,0.0,domestic_only,1
37,0,0,0,0,0,0,51,0,0,51,0,0,0,0,0,0,0,30,81,81,0,0,1.0,0.0,0.0,0.0,domestic_only,1
38,0,0,0,0,0,0,51,0,0,51,0,0,0,0,0,0,0,30,81,81,0,0,1.0,0.0,0.0,0.0,domestic_only,1
39,0,0,0,0,0,0,51,0,0,51,0,0,0,0,0,0,0,30,81,81,0,0,1.0,0.0,0.0,0.0,domestic_only,1
40,0,0,0,0,0,0,51,0,0,51,0,0,0,0,0,0,0,30,81,81,0,0,1.0,0.0,0.0,0.0,domestic_only,1
41,0,0,0,0,0,0,51,0,0,51,0,0,0,0,0,0,0,30,81,81,0,0,1.0,0.0,0.0,0.0,domestic_only,1
42,0,0,0,0,0,0,51,0,0,51,0,0,0,0,0,0,0,30,81,81,0,0,1.0,0.0,0.0,0.0,domestic_only,1
43,0,0,0,0,0,0,51,0,0,51,0,0,0,0,0,0,0,30,81,81,0,0,1.0,0.0,0.0,0.0,domestic_only,1
44,0,0,0,0,0,0,51,0,0,51,0,0,0,0,0,0,0,30,81,81,0,0,1.0,0.0,0.0,0.0,domestic_only,1
0,81,54,54,0,54,0,81,54,27,0,0,0,0,0,0,54,0,0,54,81,0,0,0.0,0.6666666666666666,0.0,0.0,customer_only,1
1,0,4,4,0,4,0,81,58,23,0,0,0,0,0,0,58,0,0,58,81,0,54,0.0,0.7160493827160493,0.0,0.0,customer_only,1
2,0,0,0,0,0,0,81,51,23,7,0,0,0,0,0,51,0,0,58,81,0,58,0.0,0.7160493827160493,0.0,0.0,customer_only,1
3,0,0,0,0,0,0,77,38,23,16,0,0,0,0,0,38,4,4,58,81,0,58,0.0,0.7160493827160493,0.0,0.0,customer_only,1
4,0,1,1,0,1,0,76,30,22,24,0,0,0,0,0,30,1,5,59,81,0,38,0.0,0.7283950617283951,0.0,0.0,customer_only,1
5,0,0,0,0,0,0,72,14,22,36,0,0,0,0,0,14,4,9,59,81,0,30,0.0,0.7283950617283951,0.0,0.0,customer_only,1
6,0,0,0,0,0,0,71,4,22,45,0,0,0,0,0,4,1,10,59,81,0,14,0.0,0.7283950617283951,0.0,0.0,customer_only,1
7,0,0,0,0,0,0,69,0,22,47,0,0,0,0,0,0,2,12,59,81,0,4,0.0,0.7283950617283951,0.0,0.0,customer_only,1
8,0,0,0,0,0,0,69,0,22,47,0,0,0,0,0,0,0,12,59,81,0,0,0.0,0.7283950617283951,0.0,0.0,customer_only,1
9,0,0,0,0,0,0,69,0,22,47,0,0,0,0,0,0,0,12,59,81,0,0,0.0,0.7283950617283951,0.0,0.0,customer_only,1
10,0,0,0,0,0,0,69,0,22,47,0,0,0,0,0,0,0,12,59,81,0,0,0.0,0.7283950617283951,0.0,0.0,customer_only,1
11,0,0,0,0,0,0,69,0,22,47,0,0,0,0,0,0,0,12,59,81,0,0,0.0,0.7283950617283951,0.0,0.0,customer_only,1
12,0,0,0,0,0,0,69,0,22,47,0,0,0,0,0,0,0,12,59,81,0,0,0.0,0.7283950617283951,0.0,0.0,customer_only,1
13,0,0,0,0,0,0,69,0,22,47,0,0,0,0,0,0,0,12,59,81,0,0,0.0,0.7283950617283951,0.0,0.0,customer_only,1
14,0,0,0,0,0,0,69,0,22,47,0,0,0,0,0,0,0,12,59,81,0,0,0.0,0.7283950617283951,0.0,0.0,customer_only,1
15,0,0,0,0,0,0,69,0,22,47,0,0,0,0,0,0,0,12,59,81,0,0,0.0,0.7283950617283951,0.0,0.0,customer_only,1
16,0,0,0,0,0,0,69,0,22,47,0,0,0,0,0,0,0,12,59,81,0,0,0.0,0.7283950617283951,0.0,0.0,customer_only,1
17,0,0,0,0,0,0,69,0,22,47,0,0,0,0,0,0,0,12,59,81,0,0,0.0,0.7283950617283951,0.0,0.0,customer_only,1
18,0,0,0,0,0,0,69,0,22,47,0,0,0,0,0,0,0,12,59,81,0,0,0.0,0.7283950617283951,0.0,0.0,customer_only,1
19,0,0,0,0,0,0,69,0,22,47,0,0,0,0,0,0,0,12,59,81,0,0,0.0,0.7283950617283951,0.0,0.0,customer_only,1
20,0,0,0,0,0,0,69,0,22,47,0,0,0,0,0,0,0,12,59,81,0,0,0.0,0.7283950617283951,0.0,0.0,customer_only,1
21,0,0,0,0,0,0,69,0,22,47,0,0,0,0,0,0,0,12,59,81,0,0,0.0,0.7283950617283951,0.0,0.0,customer_only,1
22,0,0,0,0,0,0,69,0,22,47,0,0,0,0,0,0,0,12,59,81,0,0,0.0,0.7283950617283951,0.0,0.0,customer_only,1
23,0,0,0,0,0,0,69,0,22,47,0,0,0,0,0,0,0,12,59,81,0,0,0.0,0.7283950617283951,0.0,0.0,customer_only,1
24,0,0,0,0,0,0,69,0,22,47,0,0,0,0,0,0,0,12,59,81,0,0,0.0,0.7283950617283951,0.0,0.0,customer_only,1
25,0,0,0,0,0,0,69,0,22,47,0,0,0,0,0,0,0,12,59,81,0,0,0.0,0.7283950617283951,0.0,0.0,customer_only,1
26,0,0,0,0,0,0,69,0,22,47,0,0,0,0,0,0,0,12,59,81,0,0,0.0,0.7283950617283951,0.0,0.0,customer_only,1
27,0,0,0,0,0,0,69,0,22,47,0,0,0,0,0,0,0,12,59,81,0,0,0.0,0.7283950617283951,0.0,0.0,customer_only,1
28,0,0,0,0,0,0,69,0,22,47,0,0,0,0,0,0,0,12,59,81,0,0,0.0,0.7283950617283951,0.0,0.0,customer_only,1
29,0,0,0,0,0,0,69,0,22,47,0,0,0,0,0,0,0,12,59,81,0,0,0.0,0.7283950617283951,0.0,0.0,customer_only,1
30,0,0,0,0,0,0,69,0,22,47,0,0,0,0,0,0,0,12,59,81,0,0,0.0,0.7283950617283951,0.0,0.0,customer_only,1
31,0,0,0,0,0,0,69,0,22,47,0,0,0,0,0,0,0,12,59,81,0,0,0.0,0.7283950617283951,0.0,0.0,customer_only,1
32,0,0,0,0,0,0,69,0,22,47,0,0,0,0,0,0,0,12,59,81,0,0,0.0,0.7283950617283951,0.0,0.0,customer_only,1
33,0,0,0,0,0,0,69,0,22,47,0,0,0,0,0,0,0,12,59,81,0,0,0.0,0.7283950617283951,0.0,0.0,customer_only,1
34,0,0,0,0,0,0,69,0,22,47,0,0,0,0,0,0,0,12,59,81,0,0,0.0,0.7283950617283951,0.0,0.0,customer_only,1
35,0,0,0,0,0,0,69,0,22,47,0,0,0,0,0,0,0,12,59,81,0,0,0.0,0.7283950617283951,0.0,0.0,customer_only,1
36,0,0,0,0,0,0,69,0,22,47,0,0,0,0,0,0,0,12,59,81,0,0,0.0,0.7283950617283951,0.0,0.0,customer_only,1
37,0,0,0,0,0,0,69,0,22,47,0,0,0,0,0,0,0,12,59,81,0,0,0.0,0.7283950617283951,0.0,0.0,customer_only,1
38,0,0,0,0,0,0,69,0,22,47,0,0,0,0,0,0,0,12,59,81,0,0,0.0,0.7283950617283951,0.0,0.0,customer_only,1
39,0,0,0,0,0,0,69,0,22,47,0,0,0,0,0,0,0,12,59,81,0,0,0.0,0.7283950617283951,0.0,0.0,customer_only,1
40,0,0,0,0,0,0,69,0,22,47,0,0,0,0,0,0,0,12,59,81,0,0,0.0,0.7283950617283951,0.0,0.0,customer_only,1
41,0,0,0,0,0,0,69,0,22,47,0,0,0,0,0,0,0,12,59,81,0,0,0.0,0.7283950617283951,0.0,0.0,customer_only,1
42,0,0,0,0,0,0,69,0,22,47,0,0,0,0,0,0,0,12,59,81,0,0,0.0,0.7283950617283951,0.0,0.0,customer_only,1
43,0,0,0,0,0,0,69,0,22,47,0,0,0,0,0,0,0,12,59,81,0,0,0.0,0.7283950617283951,0.0,0.0,customer_only,1
44,0,0,0,0,0,0,69,0,22,47,0,0,0,0,0,0,0,12,59,81,0,0,0.0,0.7283950617283951,0.0,0.0,customer_only,1
0,81,81,81,78,17,0,81,81,0,0,78,78,0,0,0,17,0,0,81,81,0,0,0.9629629629629629,0.20987654320987653,0.0,0.0,both,1
1,0,0,0,0,0,0,81,81,0,0,78,78,0,0,0,17,0,0,81,81,78,17,0.9629629629629629,0.20987654320987653,0.0,0.0,both,1
2,0,0,0,0,0,0,81,75,0,6,72,66,6,6,0,9,0,0,81,81,78,17,0.9629629629629629,0.20987654320987653,0.0,0.0,both,1
3,0,0,0,1,3,4,74,61,0,13,58,55,3,3,5,4,7,7,81,81,78,17,0.9753086419753086,0.24691358024691357,3.0,1.0,both,1
4,0,0,0,1,7,8,71,59,0,12,50,43,7,7,2,10,3,10,81,81,58,4,0.9876543209876543,0.3333333333333333,7.0,1.0,both,1
5,0,0,0,0,5,5,64,46,0,18,34,31,3,3,7,13,7,17,81,81,50,10,0.9876543209876543,0.3950617283950617,5.0,0.0,both,1
6,0,0,0,0,3,3,60,35,0,25,24,19,5,5,3,11,4,21,81,81,34,15,0.9876543209876543,0.43209876543209874,3.0,0.0,both,1
7,0,0,0,0,5,5,52,21,0,31,12,7,5,5,5,9,8,29,81,81,24,15,0.9876543209876543,0.49382716049382713,5.0,0.0,both,1
8,0,0,0,0,2,2,49,11,0,38,4,0,4,4,3,7,3,32,81,81,12,13,0.9876543209876543,0.5185185185185185,2.0,0.0,both,1
9,0,0,0,0,3,3,46,7,0,39,0,0,0,0,3,7,3,35,81,81,4,10,0.9876543209876543,0.5555555555555556,3.0,0.0,both,1
10,0,0,0,0,1,1,44,4,0,40,0,0,0,0,0,4,2,37,81,81,0,10,0.9876543209876543,0.5679012345679012,1.0,0.0,both,1
11,0,0,0,0,0,0,44,1,0,43,0,0,0,0,0,1,0,37,81,81,0,6,0.9876543209876543,0.5679012345679012,0.0,0.0,both,1
12,0,0,0,0,0,0,44,1,0,43,0,0,0,0,0,1,0,37,81,81,0,4,0.9876543209876543,0.5679012345679012,0.0,0.0,both,1
13,0,0,0,0,0,0,43,0,0,43,0,0,0,0,0,0,1,38,81,81,0,1,0.9876543209876543,0.5679012345679012,0.0,0.0,both,1
14,0,0,0,0,0,0,43,0,0,43,0,0,0,0,0,0,0,38,81,81,0,0,0.9876543209876543,0.5679012345679012,0.0,0.0,both,1
15,0,0,0,0,0,0,43,0,0,43,0,0,0,0,0,0,0,38,81,81,0,0,0.9876543209876543,0.5679012345679012,0.0,0.0,both,1
16,0,0,0,0,0,0,43,0,0,43,0,0,0,0,0,0,0,38,81,81,0,0,0.9876543209876543,0.5679012345679012,0.0,0.0,both,1
17,0,0,0,0,0,0,43,0,0,43,0,0,0,0,0,0,0,38,81,81,0,0,0.9876543209876543,0.5679012345679012,0.0,0.0,both,1
18,0,0,0,0,0,0,43,0,0,43,0,0,0,0,0,0,0,38,81,81,0,0,0.9876543209876543,0.5679012345679012,0.0,0.0,both,1
19,0,0,0,0,0,0,43,0,0,43,0,0,0,0,0,0,0,38,81,81,0,0,0.9876543209876543,0.5679012345679012,0.0,0.0,both,1
20,0,0,0,0,0,0,43,0,0,43,0,0,0,0,0,0,0,38,81,81,0,0,0.9876543209876543,0.5679012345679012,0.0,0.0,both,1
21,0,0,0,0,0,0,43,0,0,43,0,0,0,0,0,0,0,38,81,81,0,0,0.9876543209876543,0.5679012345679012,0.0,0.0,both,1
22,0,0,0,0,0,0,43,0,0,43,0,0,0,0,0,0,0,38,81,81,0,0,0.9876543209876543,0.5679012345679012,0.0,0.0,both,1
23,0,0,0,0,0,0,43,0,0,43,0,0,0,0,0,0,0,38,81,81,0,0,0.9876543209876543,0.5679012345679012,0.0,0.0,both,1
24,0,0,0,0,0,0,43,0,0,43,0,0,0,0,0,0,0,38,81,81,0,0,0.9876543209876543,0.5679012345679012,0.0,0.0,both,1
25,0,0,0,0,0,0,43,0,0,43,0,0,0,0,0,0,0,38,81,81,0,0,0.9876543209876543,0.5679012345679012,0.0,0.0,both,1
26,0,0,0,0,0,0,43,0,0,43,0,0,0,0,0,0,0,38,81,81,0,0,0.9876543209876543,0.5679012345679012,0.0,0.0,both,1
27,0,0,0,0,0,0,43,0,0,43,0,0,0,0,0,0,0,38,81,81,0,0,0.9876543209876543,0.5679012345679012,0.0,0.0,both,1
28,0,0,0,0,0,0,43,0,0,43,0,0,0,0,0,0,0,38,81,81,0,0,0.9876543209876543,0.5679012345679012,0.0,0.0,both,1
29,0,0,0,0,0,0,43,0,0,43,0,0,0,0,0,0,0,38,81,81,0,0,0.9876543209876543,0.5679012345679012,0.0,0.0,both,1
30,0,0,0,0,0,0,43,0,0,43,0,0,0,0,0,0,0,38,81,81,0,0,0.9876543209876543,0.5679012345679012,0.0,0.0,both,1
31,0,0,0,0,0,0,43,0,0,43,0,0,0,0,0,0,0,38,81,81,0,0,0.9876543209876543,0.5679012345679012,0.0,0.0,both,1
32,0,0,0,0,0,0,43,0,0,43,0,0,0,0,0,0,0,38,81,81,0,0,0.9876543209876543,0.5679012345679012,0.0,0.0,both,1
33,0,0,0,0,0,0,43,0,0,43,0,0,0,0,0,0,0,38,81,81,0,0,0.9876543209876543,0.5679012345679012,0.0,0.0,both,1
34,0,0,0,0,0,0,43,0,0,43,0,0,0,0,0,0,0,38,81,81,0,0,0.9876543209876543,0.5679012345679012,0.0,0.0,both,1
35,0,0,0,0,0,0,43,0,0,43,0,0,0,0,0,0,0,38,81,81,0,0,0.9876543209876543,0.5679012345679012,0.0,0.0,both,1
36,0,0,0,0,0,0,43,0,0,43,0,0,0,0,0,0,0,38,81,81,0,0,0.9876543209876543,0.5679012345679012,0.0,0.0,both,1
37,0,0,0,0,0,0,43,0,0,43,0,0,0,0,0,0,0,38,81,81,0,0,0.9876543209876543,0.5679012345679012,0.0,0.0,both,1
38,0,0,0,0,0,0,43,0,0,43,0,0,0,0,0,0,0,38,81,81,0,0,0.9876543209876543,0.5679012345679012,0.0,0.0,both,1
39,0,0,0,0,0,0,43,0,0,43,0,0,0,0,0,0,0,38,81,81,0,0,0.9876543209876543,0.5679012345679012,0.0,0.0,both,1
40,0,0,0,0,0,0,43,0,0,43,0,0,0,0,0,0,0,38,81,81,0,0,0.9876543209876543,0.5679012345679012,0.0,0.0,both,1
41,0,0,0,0,0,0,43,0,0,43,0,0,0,0,0,0,0,38,81,81,0,0,0.9876543209876543,0.5679012345679012,0.0,0.0,both,1
42,0,0,0,0,0,0,43,0,0,43,0,0,0,0,0,0,0,38,81,81,0,0,0.9876543209876543,0.5679012345679012,0.0,0.0,both,1
43,0,0,0,0,0,0,43,0,0,43,0,0,0,0,0,0,0,38,81,81,0,0,0.9876543209876543,0.5679012345679012,0.0,0.0,both,1
44,0,0,0,0,0,0,43,0,0,43,0,0,0,0,0,0,0,38,81,81,0,0,0.9876543209876543,0.5679012345679012,0.0,0.0,both,1
0,75,75,75,75,0,0,75,75,0,0,75,75,0,0,0,0,0,0,75,75,0,0,1.0,0.0,0.0,0.0,domestic_only,2
1,0,0,0,0,0,0,75,75,0,0,75,75,0,0,0,0,0,0,75,75,75,0,1.0,0.0,0.0,0.0,domestic_only,2
2,0,0,0,0,0,0,75,71,0,4,71,63,8,8,0,0,0,0,75,75,75,0,1.0,0.0,0.0,0.0,domestic_only,2
3,0,0,0,0,0,0,69,58,0,11,58,51,7,7,6,0,6,6,75,75,75,0,1.0,0.0,0.0,0.0,domestic_only,2
4,0,0,0,0,0,0,63,45,0,18,45,39,6,6,6,0,6,12,75,75,58,0,1.0,0.0,0.0,0.0,domestic_only,2
5,0,0,0,0,0,0,58,33,0,25,33,27,6,6,5,0,5,17,75,75,45,0,1.0,0.0,0.0,0.0,domestic_only,2
6,0,0,0,0,0,0,53,21,0,32,21,15,6,6,5,0,5,22,75,75,33,0,1.0,0.0,0.0,0.0,domestic_only,2
7,0,0,0,0,0,0,48,8,0,40,8,3,5,5,5,0,5,27,75,75,21,0,1.0,0.0,0.0,0.0,domestic_only,2
8,0,0,0,0,0,0,45,2,0,43,2,0,2,2,3,0,3,30,75,75,8,0,1.0,0.0,0.0,0.0,domestic_only,2
9,0,0,0,0,0,0,43,0,0,43,0,0,0,0,2,0,2,32,75,75,2,0,1.0,0.0,0.0,0.0,domestic_only,2
10,0,0,0,0,0,0,43,0,0,43,0,0,0,0,0,0,0,32,75,75,0,0,1.0,0.0,0.0,0.0,domestic_only,2
11,0,0,0,0,0,0,43,0,0,43,0,0,0,0,0,0,0,32,75,75,0,0,1.0,0.0,0.0,0.0,domestic_only,2
12,0,0,0,0,0,0,43,0,0,43,0,0,0,0,0,0,0,32,75,75,0,0,1.0,0.0,0.0,0.0,domestic_only,2
13,0,0,0,0,0,0,43,0,0,43,0,0,0,0,0,0,0,32,75,75,0,0,1.0,0.0,0.0,0.0,domestic_only,2
14,0,0,0,0,0,0,43,0,0,43,0,0,0,0,0,0,0,32,75,75,0,0,1.0,0.0,0.0,0.0,domestic_only,2
15,0,0,0,0,0,0,43,0,0,43,0,0,0,0,0,0,0,32,75,75,0,0,1.0,0.0,0.0,0.0,domestic_only,2
16,0,0,0,0,0,0,43,0,0,43,0,0,0,0,0,0,0,32,75,75,0,0,1.0,0.0,0.0,0.0,domestic_only,2
17,0,0,0,0,0,0,43,0,0,43,0,0,0,0,0,0,0,32,75,75,0,0,1.0,0.0,0.0,0.0,domestic_only,2
18,0,0,0,0,0,0,43,0,0,43,0,0,0,0,0,0,0,32,75,75,0,0,1.0,0.0,0.0,0.0,domestic_only,2
19,0,0,0,0,0,0,43,0,0,43,0,0,0,0,0,0,0,32,75,75,0,0,1.0,0.0,0.0,0.0,domestic_only,2
20,0,0,0,0,0,0,43,0,0,43,0,0,0,0,0,0,0,32,75,75,0,0,1.0,0.0,0.0,0.0,domestic_only,2
21,0,0,0,0,0,0,43,0,0,43,0,0,0,0,0,0,0,32,75,75,0,0,1.0,0.0,0.0,0.0,domestic_only,2
22,0,0,0,0,0,0,43,0,0,43,0,0,0,0,0,0,0,32,75,75,0,0,1.0,0.0,0.0,0.0,domestic_only,2
23,0,0,0,0,0,0,43,0,0,43,0,0,0,0,0,0,0,32,75,75,0,0,1.0,0.0,0.0,0.0,domestic_only,2
24,0,0,0,0,0,0,43,0,0,43,0,0,0,0,0,0,0,32,75,75,0,0,1.0,0.0,0.0,0.0,domestic_only,2
25,0,0,0,0,0,0,43,0,0,43,0,0,0,0,0,0,0,32,75,75,0,0,1.0,0.0,0.0,0.0,domestic_only,2
26,0,0,0,0,0,0,43,0,0,43,0,0,0,0,0,0,0,32,75,75,0,0,1.0,0.0,0.0,0.0,domestic_only,2
27,0,0,0,0,0,0,43,0,0,43,0,0,0,0,0,0,0,32,75,75,0,0,1.0,0.0,0.0,0.0,domestic_only,2
28,0,0,0,0,0,0,43,0,0,43,0,0,0,0,0,0,0,32,75,75,0,0,1.0,0.0,0.0,0.0,domestic_only,2
29,0,0,0,0,0,0,43,0,0,43,0,0,0,0,0,0,0,32,75,75,0,0,1.0,0.0,0.0,0.0,domestic_only,2
30,0,0,0,0,0,0,43,0,0,43,0,0,0,0,0,0,0,32,75,75,0,0,1.0,0.0,0.0,0.0,domestic_only,2
31,0,0,0,0,0,0,43,0,0,43,0,0,0,0,0,0,0,32,75,75,0,0,1.0,0.0,0.0,0.0,domestic_only,2
32,0,0,0,0,0,0,43,0,0,43,0,0,0,0,0,0,0,32,75,75,0,0,1.0,0.0,0.0,0.0,domestic_only,2
33,0,0,0,0,0,0,43,0,0,43,0,0,0,0,0,0,0,32,75,75,0,0,1.0,0.0,0.0,0.0,domestic_only,2
34,0,0,0,0,0,0,43,0,0,43,0,0,0,0,0,0,0,32,75,75,0,0,1.0,0.0,0.0,0.0,domestic_only,2
35,0,0,0,0,0,0,43,0,0,43,0,0,0,0,0,0,0,32,75,75,0,0,1.0,0.0,0.0,0.0,domestic_only,2
36,0,0,0,0,0,0,43,0,0,43,0,0,0,0,0,0,0,32,75,75,0,0,1.0,0.0,0.0,0.0,domestic_only,2
37,0,0,0,0,0,0,43,0,0,43,0,0,0,0,0,0,0,32,75,75,0,0,1.0,0.0,0.0,0.0,domestic_only,2
38,0,0,0,0,0,0,43,0,0,43,0,0,0,0,0,0,0,32,75,75,0,0,1.0,0.0,0.0,0.0,domestic_only,2
39,0,0,0,0,0,0,43,0,0,43,0,0,0,0,0,0,0,32,75,75,0,0,1.0,0.0,0.0,0.0,domestic_only,2
40,0,0,0,0,0,0,43,0,0,43,0,0,0,0,0,0,0,32,75,75,0,0,1.0,0.0,0.0,0.0,domestic_only,2
41,0,0,0,0,0,0,43,0,0,43,0,0,0,0,0,0,0,32,75,75,0,0,1.0,0.0,0.0,0.0,domestic_only,2
42,0,0,0,0,0,0,43,0,0,43,0,0,0,0,0,0,0,32,75,75,0,0,1.0,0.0,0.0,0.0,domestic_only,2
43,0,0,0,0,0,0,43,0,0,43,0,0,0,0,0,0,0,32,75,75,0,0,1.0,0.0,0.0,0.0,domestic_only,2
44,0,0,0,0,0,0,43,0,0,43,0,0,0,0,0,0,0,32,75,75,0,0,1.0,0.0,0.0,0.0,domestic_only,2
0,75,46,46,0,46,0,75,46,29,0,0,0,0,0,0,46,0,0,46,75,0,0,0.0,0.6133333333333333,0.0,0.0,customer_only,2
1,0,1,1,0,1,0,75,47,28,0,0,0,0,0,0,47,0,0,47,75,0,46,0.0,0.6266666666666667,0.0,0.0,customer_only,2
2,0,0,0,0,0,0,75,42,28,5,0,0,0,0,0,42,0,0,47,75,0,47,0.0,0.6266666666666667,0.0,0.0,customer_only,2
3,0,0,0,0,0,0,73,28,28,17,0,0,0,0,0,28,2,2,47,75,0,47,0.0,0.6266666666666667,0.0,0.0,customer_only,2
4,0,0,0,0,0,0,72,16,28,28,0,0,0,0,0,16,1,3,47,75,0,28,0.0,0.6266666666666667,0.0,0.0,customer_only,2
5,0,0,0,0,0,0,70,5,28,37,0,0,0,0,0,5,2,5,47,75,0,16,0.0,0.6266666666666667,0.0,0.0,customer_only,2
6,0,0,0,0,0,0,66,0,28,38,0,0,0,0,0,0,4,9,47,75,0,5,0.0,0.6266666666666667,0.0,0.0,customer_only,2
7,0,0,0,0,0,0,66,0,28,38,0,0,0,0,0,0,0,9,47,75,0,0,0.0,0.6266666666666667,0.0,0.0,customer_only,2
8,0,0,0,0,0,0,66,0,28,38,0,0,0,0,0,0,0,9,47,75,0,0,0.0,0.6266666666666667,0.0,0.0,customer_only,2
9,0,0,0,0,0,0,66,0,28,38,0,0,0,0,0,0,0,9,47,75,0,0,0.0,0.6266666666666667,0.0,0.0,customer_only,2
10,0,0,0,0,0,0,66,0,28,38,0,0,0,0,0,0,0,9,47,75,0,0,0.0,0.6266666666666667,0.0,0.0,customer_only,2
11,0,0,0,0,0,0,66,0,28,38,0,0,0,0,0,0,0,9,47,75,0,0,0.0,0.6266666666666667,0.0,0.0,customer_only,2
12,0,0,0,0,0,0,66,0,28,38,0,0,0,0,0,0,0,9,47,75,0,0,0.0,0.6266666666666667,0.0,0.0,customer_only,2
13,0,0,0,0,0,0,66,0,28,38,0,0,0,0,0,0,0,9,47,75,0,0,0.0,0.6266666666666667,0.0,0.0,customer_only,2
14,0,0,0,0,0,0,66,0,28,38,0,0,0,0,0,0,0,9,47,75,0,0,0.0,0.6266666666666667,0.0,0.0,customer_only,2
15,0,0,0,0,0,0,66,0,28,38,0,0,0,0,0,0,0,9,47,75,0,0,0.0,0.6266666666666667,0.0,0.0,customer_only,2
16,0,0,0,0,0,0,66,0,28,38,0,0,0,0,0,0,0,9,47,75,0,0,0.0,0.6266666666666667,0.0,0.0,customer_only,2
17,0,0,0,0,0,0,66,0,28,38,0,0,0,0,0,0,0,9,47,75,0,0,0.0,0.6266666666666667,0.0,0.0,customer_only,2
18,0,0,0,0,0,0,66,0,28,38,0,0,0,0,0,0,0,9,47,75,0,0,0.0,0.6266666666666667,0.0,0.0,customer_only,2
19,0,0,0,0,0,0,66,0,28,38,0,0,0,0,0,0,0,9,47,75,0,0,0.0,0.6266666666666667,0.0,0.0,customer_only,2
20,0,0,0,0,0,0,66,0,28,38,0,0,0,0,0,0,0,9,47,75,0,0,0.0,0.6266666666666667,0.0,0.0,customer_only,2
21,0,0,0,0,0,0,66,0,28,38,0,0,0,0,0,0,0,9,47,75,0,0,0.0,0.6266666666666667,0.0,0.0,customer_only,2
22,0,0,0,0,0,0,66,0,28,38,0,0,0,0,0,0,0,9,47,75,0,0,0.0,0.6266666666666667,0.0,0.0,customer_only,2
23,0,0,0,0,0,0,66,0,28,38,0,0,0,0,0,0,0,9,47,75,0,0,0.0,0.6266666666666667,0.0,0.0,customer_only,2
24,0,0,0,0,0,0,66,0,28,38,0,0,0,0,0,0,0,9,47,75,0,0,0.0,0.6266666666666667,0.0,0.0,customer_only,2
25,0,0,0,0,0,0,66,0,28,38,0,0,0,0,0,0,0,9,47,75,0,0,0.0,0.6266666666666667,0.0,0.0,customer_only,2
26,0,0,0,0,0,0,66,0,28,38,0,0,0,0,0,0,0,9,47,75,0,0,0.0,0.6266666666666667,0.0,0.0,customer_only,2
27,0,0,0,0,0,0,66,0,28,38,0,0,0,0,0,0,0,9,47,75,0,0,0.0,0.6266666666666667,0.0,0.0,customer_only,2
28,0,0,0,0,0,0,66,0,28,38,0,0,0,0,0,0,0,9,47,75,0,0,0.0,0.6266666666666667,0.0,0.0,customer_only,2
29,0,0,0,0,0,0,66,0,28,38,0,0,0,0,0,0,0,9,47,75,0,0,0.0,0.6266666666666667,0.0,0.0,customer_only,2
30,0,0,0,0,0,0,66,0,28,38,0,0,0,0,0,0,0,9,47,75,0,0,0.0,0.6266666666666667,0.0,0.0,customer_only,2
31,0,0,0,0,0,0,66,0,28,38,0,0,0,0,0,0,0,9,47,75,0,0,0.0,0.6266666666666667,0.0,0.0,customer_only,2
32,0,0,0,0,0,0,66,0,28,38,0,0,0,0,0,0,0,9,47,75,0,0,0.0,0.6266666666666667,0.0,0.0,customer_only,2
33,0,0,0,0,0,0,66,0,28,38,0,0,0,0,0,0,0,9,47,75,0,0,0.0,0.6266666666666667,0.0,0.0,customer_only,2
34,0,0,0,0,0,0,66,0,28,38,0,0,0,0,0,0,0,9,47,75,0,0,0.0,0.6266666666666667,0.0,0.0,customer_only,2
35,0,0,0,0,0,0,66,0,28,38,0,0,0,0,0,0,0,9,47,75,0,0,0.0,0.6266666666666667,0.0,0.0,customer_only,2
36,0,0,0,0,0,0,66,0,28,38,0,0,0,0,0,0,0,9,47,75,0,0,0.0,0.6266666666666667,0.0,0.0,customer_only,2
37,0,0,0,0,0,0,66,0,28,38,0,0,0,0,0,0,0,9,47,75,0,0,0.0,0.6266666666666667,0.0,0.0,customer_only,2
38,0,0,0,0,0,0,66,0,28,38,0,0,0,0,0,0,0,9,47,75,0,0,0.0,0.6266666666666667,0.0,0.0,customer_only,2
39,0,0,0,0,0,0,66,0,28,38,0,0,0,0,0,0,0,9,47,75,0,0,0.0,0.6266666666666667,0.0,0.0,customer_only,2
40,0,0,0,0,0,0,66,0,28,38,0,0,0,0,0,0,0,9,47,75,0,0,0.0,0.6266666666666667,0.0,0.0,customer_only,2
41,0,0,0,0,0,0,66,0,28,38,0,0,0,0,0,0,0,9,47,75,0,0,0.0,0.6266666666666667,0.0,0.0,customer_only,2
42,0,0,0,0,0,0,66,0,28,38,0,0,0,0,0,0,0,9,47,75,0,0,0.0,0.6266666666666667,0.0,0.0,customer_only,2
43,0,0,0,0,0,0,66,0,28,38,0,0,0,0,0,0,0,9,47,75,0,0,0.0,0.6266666666666667,0.0,0.0,customer_only,2
44,0,0,0,0,0,0,66,0,28,38,0,0,0,0,0,0,0,9,47,75,0,0,0.0,0.6266666666666667,0.0,0.0,customer_only,2
0,75,75,75,71,14,0,75,75,0,0,71,71,0,0,0,14,0,0,75,75,0,0,0.9466666666666667,0.18666666666666668,0.0,0.0,both,2
1,0,0,0,0,0,0,75,75,0,0,71,71,0,0,0,14,0,0,75,75,71,14,0.9466666666666667,0.18666666666666668,0.0,0.0,both,2
2,0,0,0,0,0,0,75,68,0,7,67,59,8,8,0,5,0,0,75,75,71,14,0.9466666666666667,0.18666666666666668,0.0,0.0,both,2
3,0,0,0,3,2,5,69,60,0,9,58,50,8,8,6,3,6,6,75,75,71,14,0.9866666666666667,0.21333333333333335,2.0,3.0,both,2
4,0,0,0,1,2,3,61,46,0,15,43,38,5,5,7,4,8,14,75,75,58,3,1.0,0.24,2.0,1.0,both,2
5,0,0,0,0,3,3,57,40,0,17,34,26,8,8,4,7,4,18,75,75,43,4,1.0,0.28,3.0,0.0,both,2
6,0,0,0,0,6,6,49,30,0,19,21,14,7,7,7,9,8,26,75,75,34,7,1.0,0.36,6.0,0.0,both,2
7,0,0,0,0,3,3,43,18,0,25,7,2,5,5,6,11,6,32,75,75,21,11,1.0,0.4,3.0,0.0,both,2
8,0,0,0,0,2,2,39,8,0,31,1,0,1,1,3,7,4,36,75,75,7,12,1.0,0.4266666666666667,2.0,0.0,both,2
9,0,0,0,0,0,0,36,3,0,33,0,0,0,0,1,3,3,39,75,75,1,11,1.0,0.4266666666666667,0.0,0.0,both,2
10,0,0,0,0,0,0,35,1,0,34,0,0,0,0,0,1,1,40,75,75,0,5,1.0,0.4266666666666667,0.0,0.0,both,2
11,0,0,0,0,0,0,34,0,0,34,0,0,0,0,0,0,1,41,75,75,0,2,1.0,0.4266666666666667,0.0,0.0,both,2
12,0,0,0,0,2,2,34,2,0,32,0,0,0,0,0,2,0,41,75,75,0,0,1.0,0.4533333333333333,2.0,0.0,both,2
13,0,0,0,0,0,0,34,2,0,32,0,0,0,0,0,2,0,41,75,75,0,2,1.0,0.4533333333333333,0.0,0.0,both,2
14,0,0,0,0,0,0,34,2,0,32,0,0,0,0,0,2,0,41,75,75,0,2,1.0,0.4533333333333333,0.0,0.0,both,2
15,0,0,0,0,0,0,32,0,0,32,0,0,0,0,0,0,2,43,75,75,0,2,1.0,0.4533333333333333,0.0,0.0,both,2
16,0,0,0,0,0,0,32,0,0,32,0,0,0,0,0,0,0,43,75,75,0,0,1.0,0.4533333333333333,0.0,0.0,both,2
17,0,0,0,0,0,0,32,0,0,32,0,0,0,0,0,0,0,43,75,75,0,0,1.0,0.4533333333333333,0.0,0.0,both,2
18,0,0,0,0,0,0,32,0,0,32,0,0,0,0,0,0,0,43,75,75,0,0,1.0,0.4533333333333333,0.0,0.0,both,2
19,0,0,0,0,0,0,32,0,0,32,0,0,0,0,0,0,0,43,75,75,0,0,1.0,0.4533333333333333,0.0,0.0,both,2
20,0,0,0,0,0,0,32,0,0,32,0,0,0,0,0,0,0,43,75,75,0,0,1.0,0.4533333333333333,0.0,0.0,both,2
21,0,0,0,0,0,0,32,0,0,32,0,0,0,0,0,0,0,43,75,75,0,0,1.0,0.4533333333333333,0.0,0.0,both,2
22,0,0,0,0,0,0,32,0,0,32,0,0,0,0,0,0,0,43,75,75,0,0,1.0,0.4533333333333333,0.0,0.0,both,2
23,0,0,0,0,0,0,32,0,0,32,0,0,0,0,0,0,0,43,75,75,0,0,1.0,0.4533333333333333,0.0,0.0,both,2
24,0,0,0,0,0,0,32,0,0,32,0,0,0,0,0,0,0,43,75,75,0,0,1.0,0.4533333333333333,0.0,0.0,both,2
25,0,0,0,0,0,0,32,0,0,32,0,0,0,0,0,0,0,43,75,75,0,0,1.0,0.4533333333333333,0.0,0.0,both,2
26,0,0,0,0,0,0,32,0,0,32,0,0,0,0,0,0,0,43,75,75,0,0,1.0,0.4533333333333333,0.0,0.0,both,2
27,0,0,0,0,0,0,32,0,0,32,0,0,0,0,0,0,0,43,75,75,0,0,1.0,0.4533333333333333,0.0,0.0,both,2
28,0,0,0,0,0,0,32,0,0,32,0,0,0,0,0,0,0,43,75,75,0,0,1.0,0.4533333333333333,0.0,0.0,both,2
29,0,0,0,0,0,0,32,0,0,32,0,0,0,0,0,0,0,43,75,75,0,0,1.0,0.4533333333333333,0.0,0.0,both,2
30,0,0,0,0,0,0,32,0,0,32,0,0,0,0,0,0,0,43,75,75,0,0,1.0,0.4533333333333333,0.0,0.0,both,2
31,0,0,0,0,0,0,32,0,0,32,0,0,0,0,0,0,0,43,75,75,0,0,1.0,0.4533333333333333,0.0,0.0,both,2
32,0,0,0,0,0,0,32,0,0,32,0,0,0,0,0,0,0,43,75,75,0,0,1.0,0.4533333333333333,0.0,0.0,both,2
33,0,0,0,0,0,0,32,0,0,32,0,0,0,0,0,0,0,43,75,75,0,0,1.0,0.4533333333333333,0.0,0.0,both,2
34,0,0,0,0,0,0,32,0,0,32,0,0,0,0,0,0,0,43,75,75,0,0,1.0,0.4533333333333333,0.0,0.0,both,2
35,0,0,0,0,0,0,32,0,0,32,0,0,0,0,0,0,0,43,75,75,0,0,1.0,0.4533333333333333,0.0,0.0,both,2
36,0,0,0,0,0,0,32,0,0,32,0,0,0,0,0,0,0,43,75,75,0,0,1.0,0.4533333333333333,0.0,0.0,both,2
37,0,0,0,0,0,0,32,0,0,32,0,0,0,0,0,0,0,43,75,75,0,0,1.0,0.4533333333333333,0.0,0.0,both,2
38,0,0,0,0,0,0,32,0,0,32,0,0,0,0,0,0,0,43,75,75,0,0,1.0,0.4533333333333333,0.0,0.0,both,2
39,0,0,0,0,0,0,32,0,0,32,0,0,0,0,0,0,0,43,75,75,0,0,1.0,0.4533333333333333,0.0,0.0,both,2
40,0,0,0,0,0,0,32,0,0,32,0,0,0,0,0,0,0,43,75,75,0,0,1.0,0.4533333333333333,0.0,0.0,both,2
41,0,0,0,0,0,0,32,0,0,32,0,0,0,0,0,0,0,43,75,75,0,0,1.0,0.4533333333333333,0.0,0.0,both,2
42,0,0,0,0,0,0,32,0,0,32,0,0,0,0,0,0,0,43,75,75,0,0,1.0,0.4533333333333333,0.0,0.0,both,2
43,0,0,0,0,0,0,32,0,0,32,0,0,0,0,0,0,0,43,75,75,0,0,1.0,0.4533333333333333,0.0,0.0,both,2
44,0,0,0,0,0,0,32,0,0,32,0,0,0,0,0,0,0,43,75,75,0,0,1.0,0.4533333333333333,0.0,0.0,both,2
0,84,84,84,84,0,0,84,84,0,0,84,84,0,0,0,0,0,0,84,84,0,0,1.0,0.0,0.0,0.0,domestic_only,3
1,0,0,0,0,0,0,84,84,0,0,84,84,0,0,0,0,0,0,84,84,84,0,1.0,0.0,0.0,0.0,domestic_only,3
2,0,0,0,0,0,0,84,76,0,8,76,72,4,4,0,0,0,0,84,84,84,0,1.0,0.0,0.0,0.0,domestic_only,3
3,0,0,0,0,0,0,80,67,0,13,67,60,7,7,4,0,4,4,84,84,84,0,1.0,0.0,0.0,0.0,domestic_only,3
4,0,0,0,0,0,0,76,50,0,26,50,48,2,2,4,0,4,8,84,84,67,0,1.0,0.0,0.0,0.0,domestic_only,3
5,0,0,0,0,0,0,75,39,0,36,39,36,3,3,1,0,1,9,84,84,50,0,1.0,0.0,0.0,0.0,domestic_only,3
6,0,0,0,0,0,0,72,29,0,43,29,24,5,5,3,0,3,12,84,84,39,0,1.0,0.0,0.0,0.0,domestic_only,3
7,0,0,0,0,0,0,69,15,0,54,15,12,3,3,3,0,3,15,84,84,29,0,1.0,0.0,0.0,0.0,domestic_only,3
8,0,0,0,0,0,0,67,7,0,60,7,0,7,7,2,0,2,17,84,84,15,0,1.0,0.0,0.0,0.0,domestic_only,3
9,0,0,0,0,0,0,61,0,0,61,0,0,0,0,6,0,6,23,84,84,7,0,1.0,0.0,0.0,0.0,domestic_only,3
10,0,0,0,0,0,0,61,0,0,61,0,0,0,0,0,0,0,23,84,84,0,0,1.0,0.0,0.0,0.0,domestic_only,3
11,0,0,0,0,0,0,61,0,0,61,0,0,0,0,0,0,0,23,84,84,0,0,1.0,0.0,0.0,0.0,domestic_only,3
12,0,0,0,0,0,0,61,0,0,61,0,0,0,0,0,0,0,23,84,84,0,0,1.0,0.0,0.0,0.0,domestic_only,3
13,0,0,0,0,0,0,61,0,0,61,0,0,0,0,0,0,0,23,84,84,0,0,1.0,0.0,0.0,0.0,domestic_only,3
14,0,0,0,0,0,0,61,0,0,61,0,0,0,0,0,0,0,23,84,84,0,0,1.0,0.0,0.0,0.0,domestic_only,3
15,0,0,0,0,0,0,61,0,0,61,0,0,0,0,0,0,0,23,84,84,0,0,1.0,0.0,0.0,0.0,domestic_only,3
16,0,0,0,0,0,0,61,0,0,61,0,0,0,0,0,0,0,23,84,84,0,0,1.0,0.0,0.0,0.0,domestic_only,3
17,0,0,0,0,0,0,61,0,0,61,0,0,0,0,0,0,0,23,84,84,0,0,1.0,0.0,0.0,0.0,domestic_only,3
18,0,0,0,0,0,0,61,0,0,61,0,0,0,0,0,0,0,23,84,84,0,0,1.0,0.0,0.0,0.0,domestic_only,3
19,0,0,0,0,0,0,61,0,0,61,0,0,0,0,0,0,0,23,84,84,0,0,1.0,0.0,0.0,0.0,domestic_only,3
20,0,0,0,0,0,0,61,0,0,61,0,0,0,0,0,0,0,23,84,84,0,0,1.0,0.0,0.0,0.0,domestic_only,3
21,0,0,0,0,0,0,61,0,0,61,0,0,0,0,0,0,0,23,84,84,0,0,1.0,0.0,0.0,0.0,domestic_only,3
22,0,0,0,0,0,0,61,0,0,61,0,0,0,0,0,0,0,23,84,84,0,0,1.0,0.0,0.0,0.0,domestic_only,3
23,0,0,0,0,0,0,61,0,0,61,0,0,0,0,0,0,0,23,84,84,0,0,1.0,0.0,0.0,0.0,domestic_only,3
24,0,0,0,0,0,0,61,0,0,61,0,0,0,0,0,0,0,23,84,84,0,0,1.0,0.0,0.0,0.0,domestic_only,3
25,0,0,0,0,0,0,61,0,0,61,0,0,0,0,0,0,0,23,84,84,0,0,1.0,0.0,0.0,0.0,domestic_only,3
26,0,0,0,0,0,0,61,0,0,61,0,0,0,0,0,0,0,23,84,84,0,0,1.0,0.0,0.0,0.0,domestic_only,3
27,0,0,0,0,0,0,61,0,0,61,0,0,0,0,0,0,0,23,84,84,0,0,1.0,0.0,0.0,0.0,domestic_only,3
28,0,0,0,0,0,0,61,0,0,61,0,0,0,0,0,0,0,23,84,84,0,0,1.0,0.0,0.0,0.0,domestic_only,3
29,0,0,0,0,0,0,61,0,0,61,0,0,0,0,0,0,0,23,84,84,0,0,1.0,0.0,0.0,0.0,domestic_only,3
30,0,0,0,0,0,0,61,0,0,61,0,0,0,0,0,0,0,23,84,84,0,0,1.0,0.0,0.0,0.0,domestic_only,3
31,0,0,0,0,0,0,61,0,0,61,0,0,0,0,0,0,0,23,84,84,0,0,1.0,0.0,0.0,0.0,domestic_only,3
32,0,0,0,0,0,0,61,0,0,61,0,0,0,0,0,0,0,23,84,84,0,0,1.0,0.0,0.0,0.0,domestic_only,3
33,0,0,0,0,0,0,61,0,0,61,0,0,0,0,0,0,0,23,84,84,0,0,1.0,0.0,0.0,0.0,domestic_only,3
34,0,0,0,0,0,0,61,0,0,61,0,0,0,0,0,0,0,23,84,84,0,0,1.0,0.0,0.0,0.0,domestic_only,3
35,0,0,0,0,0,0,61,0,0,61,0,0,0,0,0,0,0,23,84,84,0,0,1.0,0.0,0.0,0.0,domestic_only,3
36,0,0,0,0,0,0,61,0,0,61,0,0,0,0,0,0,0,23,84,84,0,0,1.0,0.0,0.0,0.0,domestic_only,3
37,0,0,0,0,0,0,61,0,0,61,0,0,0,0,0,0,0,23,84,84,0,0,1.0,0.0,0.0,0.0,domestic_only,3
38,0,0,0,0,0,0,61,0,0,61,0,0,0,0,0,0,0,23,84,84,0,0,1.0,0.0,0.0,0.0,domestic_only,3
39,0,0,0,0,0,0,61,0,0,61,0,0,0,0,0,0,0,23,84,84,0,0,1.0,0.0,0.0,0.0,domestic_only,3
40,0,0,0,0,0,0,61,0,0,61,0,0,0,0,0,0,0,23,84,84,0,0,1.0,0.0,0.0,0.0,domestic_only,3
41,0,0,0,0,0,0,61,0,0,61,0,0,0,0,0,0,0,23,84,84,0,0,1.0,0.0,0.0,0.0,domestic_only,3
42,0,0,0,0,0,0,61,0,0,61,0,0,0,0,0,0,0,23,84,84,0,0,1.0,0.0,0.0,0.0,domestic_only,3
43,0,0,0,0,0,0,61,0,0,61,0,0,0,0,0,0,0,23,84,84,0,0,1.0,0.0,0.0,0.0,domestic_only,3
44,0,0,0,0,0,0,61,0,0,61,0,0,0,0,0,0,0,23,84,84,0,0,1.0,0.0,0.0,0.0,domestic_only,3
0,84,50,50,0,50,0,84,50,34,0,0,0,0,0,0,50,0,0,50,84,0,0,0.0,0.5952380952380952,0.0,0.0,customer_only,3
1,0,5,5,0,5,0,84,55,29,0,0,0,0,0,0,55,0,0,55,84,0,50,0.0,0.6547619047619048,0.0,0.0,customer_only,3
2,0,0,0,0,0,0,84,48,29,7,0,0,0,0,0,48,0,0,55,84,0,55,0.0,0.6547619047619048,0.0,0.0,customer_only,3
3,0,0,0,0,0,0,81,34,29,18,0,0,0,0,0,34,3,3,55,84,0,55,0.0,0.6547619047619048,0.0,0.0,customer_only,3
4,0,0,0,0,0,0,79,27,29,23,0,0,0,0,0,27,2,5,55,84,0,34,0.0,0.6547619047619048,0.0,0.0,customer_only,3
5,0,1,1,0,1,0,75,10,28,37,0,0,0,0,0,10,4,9,56,84,0,27,0.0,0.6666666666666666,0.0,0.0,customer_only,3
6,0,0,0,0,0,0,75,5,28,42,0,0,0,0,0,5,0,9,56,84,0,10,0.0,0.6666666666666666,0.0,0.0,customer_only,3
7,0,0,0,0,0,0,72,0,28,44,0,0,0,0,0,0,3,12,56,84,0,5,0.0,0.6666666666666666,0.0,0.0,customer_only,3
8,0,0,0,0,0,0,72,0,28,44,0,0,0,0,0,0,0,12,56,84,0,1,0.0,0.6666666666666666,0.0,0.0,customer_only,3
9,0,0,0,0,0,0,72,0,28,44,0,0,0,0,0,0,0,12,56,84,0,0,0.0,0.6666666666666666,0.0,0.0,customer_only,3
10,0,0,0,0,0,0,72,0,28,44,0,0,0,0,0,0,0,12,56,84,0,0,0.0,0.6666666666666666,0.0,0.0,customer_only,3
11,0,0,0,0,0,0,72,0,28,44,0,0,0,0,0,0,0,12,56,84,0,0,0.0,0.6666666666666666,0.0,0.0,customer_only,3
12,0,0,0,0,0,0,72,0,28,44,0,0,0,0,0,0,0,12,56,84,0,0,0.0,0.6666666666666666,0.0,0.0,customer_only,3
13,0,0,0,0,0,0,72,0,28,44,0,0,0,0,0,0,0,12,56,84,0,0,0.0,0.6666666666666666,0.0,0.0,customer_only,3
14,0,0,0,0,0,0,72,0,28,44,0,0,0,0,0,0,0,12,56,84,0,0,0.0,0.6666666666666666,0.0,0.0,customer_only,3
15,0,0,0,0,0,0,72,0,28,44,0,0,0,0,0,0,0,12,56,84,0,0,0.0,0.6666666666666666,0.0,0.0,customer_only,3
16,0,0,0,0,0,0,72,0,28,44,0,0,0,0,0,0,0,12,56,84,0,0,0.0,0.6666666666666666,0.0,0.0,customer_only,3
17,0,0,0,0,0,0,72,0,28,44,0,0,0,0,0,0,0,12,56,84,0,0,0.0,0.6666666666666666,0.0,0.0,customer_only,3
18,0,0,0,0,0,0,72,0,28,44,0,0,0,0,0,0,0,12,56,84,0,0,0.0,0.6666666666666666,0.0,0.0,customer_only,3
19,0,0,0,0,0,0,72,0,28,44,0,0,0,0,0,0,0,12,56,84,0,0,0.0,0.6666666666666666,0.0,0.0,customer_only,3
20,0,0,0,0,0,0,72,0,28,44,0,0,0,0,0,0,0,12,56,84,0,0,0.0,0.6666666666666666,0.0,0.0,customer_only,3
21,0,0,0,0,0,0,72,0,28,44,0,0,0,0,0,0,0,12,56,84,0,0,0.0,0.6666666666666666,0.0,0.0,customer_only,3
22,0,0,0,0,0,0,72,0,28,44,0,0,0,0,0,0,0,12,56,84,0,0,0.0,0.6666666666666666,0.0,0.0,customer_only,3
23,0,0,0,0,0,0,72,0,28,44,0,0,0,0,0,0,0,12,56,84,0,0,0.0,0.6666666666666666,0.0,0.0,customer_only,3
24,0,0,0,0,0,0,72,0,28,44,0,0,0,0,0,0,0,12,56,84,0,0,0.0,0.6666666666666666,0.0,0.0,customer_only,3
25,0,0,0,0,0,0,72,0,28,44,0,0,0,0,0,0,0,12,56,84,0,0,0.0,0.6666666666666666,0.0,0.0,customer_only,3
26,0,0,0,0,0,0,72,0,28,44,0,0,0,0,0,0,0,12,56,84,0,0,0.0,0.6666666666666666,0.0,0.0,customer_only,3
27,0,0,0,0,0,0,72,0,28,44,0,0,0,0,0,0,0,12,56,84,0,0,0.0,0.6666666666666666,0.0,0.0,customer_only,3
28,0,0,0,0,0,0,72,0,28,44,0,0,0,0,0,0,0,12,56,84,0,0,0.0,0.6666666666666666,0.0,0.0,customer_only,3
29,0,0,0,0,0,0,72,0,28,44,0,0,0,0,0,0,0,12,56,84,0,0,0.0,0.6666666666666666,0.0,0.0,customer_only,3
30,0,0,0,0,0,0,72,0,28,44,0,0,0,0,0,0,0,12,56,84,0,0,0.0,0.6666666666666666,0.0,0.0,customer_only,3
31,0,0,0,0,0,0,72,0,28,44,0,0,0,0,0,0,0,12,56,84,0,0,0.0,0.6666666666666666,0.0,0.0,customer_only,3
32,0,0,0,0,0,0,72,0,28,44,0,0,0,0,0,0,0,12,56,84,0,0,0.0,0.6666666666666666,0.0,0.0,customer_only,3
33,0,0,0,0,0,0,72,0,28,44,0,0,0,0,0,0,0,12,56,84,0,0,0.0,0.6666666666666666,0.0,0.0,customer_only,3
34,0,0,0,0,0,0,72,0,28,44,0,0,0,0,0,0,0,12,56,84,0,0,0.0,0.6666666666666666,0.0,0.0,customer_only,3
35,0,0,0,0,0,0,72,0,28,44,0,0,0,0,0,0,0,12,56,84,0,0,0.0,0.6666666666666666,0.0,0.0,customer_only,3
36,0,0,0,0,0,0,72,0,28,44,0,0,0,0,0,0,0,12,56,84,0,0,0.0,0.6666666666666666,0.0,0.0,customer_only,3
37,0,0,0,0,0,0,72,0,28,44,0,0,0,0,0,0,0,12,56,84,0,0,0.0,0.6666666666666666,0.0,0.0,customer_only,3
38,0,0,0,0,0,0,72,0,28,44,0,0,0,0,0,0,0,12,56,84,0,0,0.0,0.6666666666666666,0.0,0.0,customer_only,3
39,0,0,0,0,0,0,72,0,28,44,0,0,0,0,0,0,0,12,56,84,0,0,0.0,0.6666666666666666,0.0,0.0,customer_only,3
40,0,0,0,0,0,0,72,0,28,44,0,0,0,0,0,0,0,12,56,84,0,0,0.0,0.6666666666666666,0.0,0.0,customer_only,3
41,0,0,0,0,0,0,72,0,28,44,0,0,0,0,0,0,0,12,56,84,0,0,0.0,0.6666666666666666,0.0,0.0,customer_only,3
42,0,0,0,0,0,0,72,0,28,44,0,0,0,0,0,0,0,12,56,84,0,0,0.0,0.6666666666666666,0.0,0.0,customer_only,3
43,0,0,0,0,0,0,72,0,28,44,0,0,0,0,0,0,0,12,56,84,0,0,0.0,0.6666666666666666,0.0,0.0,customer_only,3
44,0,0,0,0,0,0,72,0,28,44,0,0,0,0,0,0,0,12,56,84,0,0,0.0,0.6666666666666666,0.0,0.0,customer_only,3
0,84,84,84,78,12,0,84,84,0,0,78,78,0,0,0,12,0,0,84,84,0,0,0.9285714285714286,0.14285714285714285,0.0,0.0,both,3
1,0,0,0,0,0,0,84,84,0,0,78,78,0,0,0,12,0,0,84,84,78,12,0.9285714285714286,0.14285714285714285,0.0,0.0,both,3
2,0,0,0,0,0,0,84,75,0,9,71,66,5,5,0,7,0,0,84,84,78,12,0.9285714285714286,0.14285714285714285,0.0,0.0,both,3
3,0,0,0,2,4,6,75,65,0,10,60,55,5,5,5,5,9,9,84,84,78,12,0.9523809523809523,0.19047619047619047,4.0,2.0,both,3
4,0,0,0,0,5,5,71,55,0,16,47,43,4,4,3,9,4,13,84,84,60,5,0.9523809523809523,0.25,5.0,0.0,both,3
5,0,0,0,0,7,7,67,43,0,24,34,31,3,3,4,12,4,17,84,84,47,9,0.9523809523809523,0.3333333333333333,7.0,0.0,both,3
6,0,0,0,0,5,5,63,36,0,27,24,19,5,5,3,13,4,21,84,84,34,16,0.9523809523809523,0.39285714285714285,5.0,0.0,both,3
7,0,0,0,0,3,3,58,23,0,35,13,7,6,6,4,10,5,26,84,84,24,17,0.9523809523809523,0.42857142857142855,3.0,0.0,both,3
8,0,0,0,0,2,2,52,8,0,44,3,0,3,3,5,6,6,32,84,84,13,15,0.9523809523809523,0.4523809523809524,2.0,0.0,both,3
9,0,0,0,0,0,0,48,1,0,47,0,0,0,0,3,1,4,36,84,84,3,10,0.9523809523809523,0.4523809523809524,0.0,0.0,both,3
10,0,0,0,0,0,0,48,1,0,47,0,0,0,0,0,1,0,36,84,84,0,5,0.9523809523809523,0.4523809523809524,0.0,0.0,both,3
11,0,0,0,0,2,2,48,2,0,46,0,0,0,0,0,2,0,36,84,84,0,2,0.9523809523809523,0.47619047619047616,2.0,0.0,both,3
12,0,0,0,0,1,1,48,3,0,45,0,0,0,0,0,3,0,36,84,84,0,2,0.9523809523809523,0.4880952380952381,1.0,0.0,both,3
13,0,0,0,0,0,0,48,2,0,46,0,0,0,0,0,2,0,36,84,84,0,3,0.9523809523809523,0.4880952380952381,0.0,0.0,both,3
14,0,0,0,0,0,0,48,0,0,48,0,0,0,0,0,0,0,36,84,84,0,3,0.9523809523809523,0.4880952380952381,0.0,0.0,both,3
15,0,0,0,0,0,0,48,0,0,48,0,0,0,0,0,0,0,36,84,84,0,1,0.9523809523809523,0.4880952380952381,0.0,0.0,both,3
16,0,0,0,0,0,0,48,0,0,48,0,0,0,0,0,0,0,36,84,84,0,0,0.9523809523809523,0.4880952380952381,0.0,0.0,both,3
17,0,0,0,0,0,0,48,0,0,48,0,0,0,0,0,0,0,36,84,84,0,0,0.9523809523809523,0.4880952380952381,0.0,0.0,both,3
18,0,0,0,0,0,0,48,0,0,48,0,0,0,0,0,0,0,36,84,84,0,0,0.9523809523809523,0.4880952380952381,0.0,0.0,both,3
19,0,0,0,0,0,0,48,0,0,48,0,0,0,0,0,0,0,36,84,84,0,0,0.9523809523809523,0.4880952380952381,0.0,0.0,both,3
20,0,0,0,0,0,0,48,0,0,48,0,0,0,0,0,0,0,36,84,84,0,0,0.9523809523809523,0.4880952380952381,0.0,0.0,both,3
21,0,0,0,0,0,0,48,0,0,48,0,0,0,0,0,0,0,36,84,84,0,0,0.9523809523809523,0.4880952380952381,0.0,0.0,both,3
22,0,0,0,0,0,0,48,0,0,48,0,0,0,0,0,0,0,36,84,84,0,0,0.9523809523809523,0.4880952380952381,0.0,0.0,both,3
23,0,0,0,0,0,0,48,0,0,48,0,0,0,0,0,0,0,36,84,84,0,0,0.9523809523809523,0.4880952380952381,0.0,0.0,both,3
24,0,0,0,0,0,0,48,0,0,48,0,0,0,0,0,0,0,36,84,84,0,0,0.9523809523809523,0.4880952380952381,0.0,0.0,both,3
25,0,0,0,0,0,0,48,0,0,48,0,0,0,0,0,0,0,36,84,84,0,0,0.9523809523809523,0.4880952380952381,0.0,0.0,both,3
26,0,0,0,0,0,0,48,0,0,48,0,0,0,0,0,0,0,36,84,84,0,0,0.9523809523809523,0.4880952380952381,0.0,0.0,both,3
27,0,0,0,0,0,0,48,0,0,48,0,0,0,0,0,0,0,36,84,84,0,0,0.9523809523809523,0.4880952380952381,0.0,0.0,both,3
28,0,0,0,0,0,0,48,0,0,48,0,0,0,0,0,0,0,36,84,84,0,0,0.9523809523809523,0.4880952380952381,0.0,0.0,both,3
29,0,0,0,0,0,0,48,0,0,48,0,0,0,0,0,0,0,36,84,84,0,0,0.9523809523809523,0.4880952380952381,0.0,0.0,both,3
30,0,0,0,0,0,0,48,0,0,48,0,0,0,0,0,0,0,36,84,84,0,0,0.9523809523809523,0.4880952380952381,0.0,0.0,both,3
31,0,0,0,0,0,0,48,0,0,48,0,0,0,0,0,0,0,36,84,84,0,0,0.9523809523809523,0.4880952380952381,0.0,0.0,both,3
32,0,0,0,0,0,0,48,0,0,48,0,0,0,0,0,0,0,36,84,84,0,0,0.9523809523809523,0.4880952380952381,0.0,0.0,both,3
33,0,0,0,0,0,0,48,0,0,48,0,0,0,0,0,0,0,36,84,84,0,0,0.9523809523809523,0.4880952380952381,0.0,0.0,both,3
34,0,0,0,0,0,0,48,0,0,48,0,0,0,0,0,0,0,36,84,84,0,0,0.9523809523809523,0.4880952380952381,0.0,0.0,both,3
35,0,0,0,0,0,0,48,0,0,48,0,0,0,0,0,0,0,36,84,84,0,0,0.9523809523809523,0.4880952380952381,0.0,0.0,both,3
36,0,0,0,0,0,0,48,0,0,48,0,0,0,0,0,0,0,36,84,84,0,0,0.9523809523809523,0.4880952380952381,0.0,0.0,both,3
37,0,0,0,0,0,0,48,0,0,48,0,0,0,0,0,0,0,36,84,84,0,0,0.9523809523809523,0.4880952380952381,0.0,0.0,both,3
38,0,0,0,0,0,0,48,0,0,48,0,0,0,0,0,0,0,36,84,84,0,0,0.9523809523809523,0.4880952380952381,0.0,0.0,both,3
39,0,0,0,0,0,0,48,0,0,48,0,0,0,0,0,0,0,36,84,84,0,0,0.9523809523809523,0.4880952380952381,0.0,0.0,both,3
40,0,0,0,0,0,0,48,0,0,48,0,0,0,0,0,0,0,36,84,84,0,0,0.9523809523809523,0.4880952380952381,0.0,0.0,both,3
41,0,0,0,0,0,0,48,0,0,48,0,0,0,0,0,0,0,36,84,84,0,0,0.9523809523809523,0.4880952380952381,0.0,0.0,both,3
42,0,0,0,0,0,0,48,0,0,48,0,0,0,0,0,0,0,36,84,84,0,0,0.9523809523809523,0.4880952380952381,0.0,0.0,both,3
43,0,0,0,0,0,0,48,0,0,48,0,0,0,0,0,0,0,36,84,84,0,0,0.9523809523809523,0.4880952380952381,0.0,0.0,both,3
44,0,0,0,0,0,0,48,0,0,48,0,0,0,0,0,0,0,36,84,84,0,0,0.9523809523809523,0.4880952380952381,0.0,0.0,both,3
0,82,82,82,82,0,0,82,82,0,0,82,82,0,0,0,0,0,0,82,82,0,0,1.0,0.0,0.0,0.0,domestic_only,4
1,0,0,0,0,0,0,82,82,0,0,82,82,0,0,0,0,0,0,82,82,82,0,1.0,0.0,0.0,0.0,domestic_only,4
2,0,0,0,0,0,0,82,80,0,2,80,70,10,10,0,0,0,0,82,82,82,0,1.0,0.0,0.0,0.0,domestic_only,4
3,0,0,0,0,0,0,75,60,0,15,60,58,2,2,7,0,7,7,82,82,82,0,1.0,0.0,0.0,0.0,domestic_only,4
4,0,0,0,0,0,0,73,51,0,22,51,46,5,5,2,0,2,9,82,82,60,0,1.0,0.0,0.0,0.0,domestic_only,4
5,0,0,0,0,0,0,68,38,0,30,38,34,4,4,5,0,5,14,82,82,51,0,1.0,0.0,0.0,0.0,domestic_only,4
6,0,0,0,0,0,0,66,29,0,37,29,22,7,7,2,0,2,16,82,82,38,0,1.0,0.0,0.0,0.0,domestic_only,4
7,0,0,0,0,0,0,61,16,0,45,16,10,6,6,5,0,5,21,82,82,29,0,1.0,0.0,0.0,0.0,domestic_only,4
8,0,0,0,0,0,0,56,5,0,51,5,0,5,5,5,0,5,26,82,82,16,0,1.0,0.0,0.0,0.0,domestic_only,4
9,0,0,0,0,0,0,52,0,0,52,0,0,0,0,4,0,4,30,82,82,5,0,1.0,0.0,0.0,0.0,domestic_only,4
10,0,0,0,0,0,0,52,0,0,52,0,0,0,0,0,0,0,30,82,82,0,0,1.0,0.0,0.0,0.0,domestic_only,4
11,0,0,0,0,0,0,52,0,0,52,0,0,0,0,0,0,0,30,82,82,0,0,1.0,0.0,0.0,0.0,domestic_only,4
12,0,0,0,0,0,0,52,0,0,52,0,0,0,0,0,0,0,30,82,82,0,0,1.0,0.0,0.0,0.0,domestic_only,4
13,0,0,0,0,0,0,52,0,0,52,0,0,0,0,0,0,0,30,82,82,0,0,1.0,0.0,0.0,0.0,domestic_only,4
14,0,0,0,0,0,0,52,0,0,52,0,0,0,0,0,0,0,30,82,82,0,0,1.0,0.0,0.0,0.0,domestic_only,4
15,0,0,0,0,0,0,52,0,0,52,0,0,0,0,0,0,0,30,82,82,0,0,1.0,0.0,0.0,0.0,domestic_only,4
16,0,0,0,0,0,0,52,0,0,52,0,0,0,0,0,0,0,30,82,82,0,0,1.0,0.0,0.0,0.0,domestic_only,4
17,0,0,0,0,0,0,52,0,0,52,0,0,0,0,0,0,0,30,82,82,0,0,1.0,0.0,0.0,0.0,domestic_only,4
18,0,0,0,0,0,0,52,0,0,52,0,0,0,0,0,0,0,30,82,82,0,0,1.0,0.0,0.0,0.0,domestic_only,4
19,0,0,0,0,0,0,52,0,0,52,0,0,0,0,0,0,0,30,82,82,0,0,1.0,0.0,0.0,0.0,domestic_only,4
20,0,0,0,0,0,0,52,0,0,52,0,0,0,0,0,0,0,30,82,82,0,0,1.0,0.0,0.0,0.0,domestic_only,4
21,0,0,0,0,0,0,52,0,0,52,0,0,0,0,0,0,0,30,82,82,0,0,1.0,0.0,0.0,0.0,domestic_only,4
22,0,0,0,0,0,0,52,0,0,52,0,0,0,0,0,0,0,30,82,82,0,0,1.0,0.0,0.0,0.0,domestic_only,4
23,0,0,0,0,0,0,52,0,0,52,0,0,0,0,0,0,0,30,82,82,0,0,1.0,0.0,0.0,0.0,domestic_only,4
24,0,0,0,0,0,0,52,0,0,52,0,0,0,0,0,0,0,30,82,82,0,0,1.0,0.0,0.0,0.0,domestic_only,4
25,0,0,0,0,0,0,52,0,0,52,0,0,0,0,0,0,0,30,82,82,0,0,1.0,0.0,0.0,0.0,domestic_only,4
26,0,0,0,0,0,0,52,0,0,52,0,0,0,0,0,0,0,30,82,82,0,0,1.0,0.0,0.0,0.0,domestic_only,4
27,0,0,0,0,0,0,52,0,0,52,0,0,0,0,0,0,0,30,82,82,0,0,1.0,0.0,0.0,0.0,domestic_only,4
28,0,0,0,0,0,0,52,0,0,52,0,0,0,0,0,0,0,30,82,82,0,0,1.0,0.0,0.0,0.0,domestic_only,4
29,0,0,0,0,0,0,52,0,0,52,0,0,0,0,0,0,0,30,82,82,0,0,1.0,0.0,0.0,0.0,domestic_only,4
30,0,0,0,0,0,0,52,0,0,52,0,0,0,0,0,0,0,30,82,82,0,0,1.0,0.0,0.0,0.0,domestic_only,4
31,0,0,0,0,0,0,52,0,0,52,0,0,0,0,0,0,0,30,82,82,0,0,1.0,0.0,0.0,0.0,domestic_only,4
32,0,0,0,0,0,0,52,0,0,52,0,0,0,0,0,0,0,30,82,82,0,0,1.0,0.0,0.0,0.0,domestic_only,4
33,0,0,0,0,0,0,52,0,0,52,0,0,0,0,0,0,0,30,82,82,0,0,1.0,0.0,0.0,0.0,domestic_only,4
34,0,0,0,0,0,0,52,0,0,52,0,0,0,0,0,0,0,30,82,82,0,0,1.0,0.0,0.0,0.0,domestic_only,4
35,0,0,0,0,0,0,52,0,0,52,0,0,0,0,0,0,0,30,82,82,0,0,1.0,0.0,0.0,0.0,domestic_only,4
36,0,0,0,0,0,0,52,0,0,52,0,0,0,0,0,0,0,30,82,82,0,0,1.0,0.0,0.0,0.0,domestic_only,4
37,0,0,0,0,0,0,52,0,0,52,0,0,0,0,0,0,0,30,82,82,0,0,1.0,0.0,0.0,0.0,domestic_only,4
38,0,0,0,0,0,0,52,0,0,52,0,0,0,0,0,0,0,30,82,82,0,0,1.0,0.0,0.0,0.0,domestic_only,4
39,0,0,0,0,0,0,52,0,0,52,0,0,0,0,0,0,0,30,82,82,0,0,1.0,0.0,0.0,0.0,domestic_only,4
40,0,0,0,0,0,0,52,0,0,52,0,0,0,0,0,0,0,30,82,82,0,0,1.0,0.0,0.0,0.0,domestic_only,4
41,0,0,0,0,0,0,52,0,0,52,0,0,0,0,0,0,0,30,82,82,0,0,1.0,0.0,0.0,0.0,domestic_only,4
42,0,0,0,0,0,0,52,0,0,52,0,0,0,0,0,0,0,30,82,82,0,0,1.0,0.0,0.0,0.0,domestic_only,4
43,0,0,0,0,0,0,52,0,0,52,0,0,0,0,0,0,0,30,82,82,0,0,1.0,0.0,0.0,0.0,domestic_only,4
44,0,0,0,0,0,0,52,0,0,52,0,0,0,0,0,0,0,30,82,82,0,0,1.0,0.0,0.0,0.0,domestic_only,4
0,82,36,36,0,36,0,82,36,46,0,0,0,0,0,0,36,0,0,36,82,0,0,0.0,0.43902439024390244,0.0,0.0,customer_only,4
1,0,1,1,0,1,0,82,37,45,0,0,0,0,0,0,37,0,0,37,82,0,36,0.0,0.45121951219512196,0.0,0.0,customer_only,4
2,0,0,0,0,0,0,82,30,45,7,0,0,0,0,0,30,0,0,37,82,0,37,0.0,0.45121951219512196,0.0,0.0,customer_only,4
3,0,0,0,0,0,0,80,20,45,15,0,0,0,0,0,20,2,2,37,82,0,37,0.0,0.45121951219512196,0.0,0.0,customer_only,4
4,0,0,0,0,0,0,77,5,45,27,0,0,0,0,0,5,3,5,37,82,0,20,0.0,0.45121951219512196,0.0,0.0,customer_only,4
5,0,0,0,0,0,0,75,0,45,30,0,0,0,0,0,0,2,7,37,82,0,5,0.0,0.45121951219512196,0.0,0.0,customer_only,4
6,0,0,0,0,0,0,75,0,45,30,0,0,0,0,0,0,0,7,37,82,0,0,0.0,0.45121951219512196,0.0,0.0,customer_only,4
7,0,0,0,0,0,0,75,0,45,30,0,0,0,0,0,0,0,7,37,82,0,0,0.0,0.45121951219512196,0.0,0.0,customer_only,4
8,0,0,0,0,0,0,75,0,45,30,0,0,0,0,0,0,0,7,37,82,0,0,0.0,0.45121951219512196,0.0,0.0,customer_only,4
9,0,0,0,0,0,0,75,0,45,30,0,0,0,0,0,0,0,7,37,82,0,0,0.0,0.45121951219512196,0.0,0.0,customer_only,4
10,0,0,0,0,0,0,75,0,45,30,0,0,0,0,0,0,0,7,37,82,0,0,0.0,0.45121951219512196,0.0,0.0,customer_only,4
11,0,0,0,0,0,0,75,0,45,30,0,0,0,0,0,0,0,7,37,82,0,0,0.0,0.45121951219512196,0.0,0.0,customer_only,4
12,0,0,0,0,0,0,75,0,45,30,0,0,0,0,0,0,0,7,37,82,0,0,0.0,0.45121951219512196,0.0,0.0,customer_only,4
13,0,0,0,0,0,0,75,0,45,30,0,0,0,0,0,0,0,7,37,82,0,0,0.0,0.45121951219512196,0.0,0.0,customer_only,4
14,0,0,0,0,0,0,75,0,45,30,0,0,0,0,0,0,0,7,37,82,0,0,0.0,0.45121951219512196,0.0,0.0,customer_only,4
15,0,0,0,0,0,0,75,0,45,30,0,0,0,0,0,0,0,7,37,82,0,0,0.0,0.45121951219512196,0.0,0.0,customer_only,4
16,0,0,0,0,0,0,75,0,45,30,0,0,0,0,0,0,0,7,37,82,0,0,0.0,0.45121951219512196,0.0,0.0,customer_only,4
17,0,0,0,0,0,0,75,0,45,30,0,0,0,0,0,0,0,7,37,82,0,0,0.0,0.45121951219512196,0.0,0.0,customer_only,4
18,0,0,0,0,0,0,75,0,45,30,0,0,0,0,0,0,0,7,37,82,0,0,0.0,0.45121951219512196,0.0,0.0,customer_only,4
19,0,0,0,0,0,0,75,0,45,30,0,0,0,0,0,0,0,7,37,82,0,0,0.0,0.45121951219512196,0.0,0.0,customer_only,4
20,0,0,0,0,0,0,75,0,45,30,0,0,0,0,0,0,0,7,37,82,0,0,0.0,0.45121951219512196,0.0,0.0,customer_only,4
21,0,0,0,0,0,0,75,0,45,30,0,0,0,0,0,0,0,7,37,82,0,0,0.0,0.45121951219512196,0.0,0.0,customer_only,4
22,0,0,0,0,0,0,75,0,45,30,0,0,0,0,0,0,0,7,37,82,0,0,0.0,0.45121951219512196,0.0,0.0,customer_only,4
23,0,0,0,0,0,0,75,0,45,30,0,0,0,0,0,0,0,7,37,82,0,0,0.0,0.45121951219512196,0.0,0.0,customer_only,4
24,0,0,0,0,0,0,75,0,45,30,0,0,0,0,0,0,0,7,37,82,0,0,0.0,0.45121951219512196,0.0,0.0,customer_only,4
25,0,0,0,0,0,0,75,0,45,30,0,0,0,0,0,0,0,7,37,82,0,0,0.0,0.45121951219512196,0.0,0.0,customer_only,4
26,0,0,0,0,0,0,75,0,45,30,0,0,0,0,0,0,0,7,37,82,0,0,0.0,0.45121951219512196,0.0,0.0,customer_only,4
27,0,0,0,0,0,0,75,0,45,30,0,0,0,0,0,0,0,7,37,82,0,0,0.0,0.45121951219512196,0.0,0.0,customer_only,4
28,0,0,0,0,0,0,75,0,45,30,0,0,0,0,0,0,0,7,37,82,0,0,0.0,0.45121951219512196,0.0,0.0,customer_only,4
29,0,0,0,0,0,0,75,0,45,30,0,0,0,0,0,0,0,7,37,82,0,0,0.0,0.45121951219512196,0.0,0.0,customer_only,4
30,0,0,0,0,0,0,75,0,45,30,0,0,0,0,0,0,0,7,37,82,0,0,0.0,0.45121951219512196,0.0,0.0,customer_only,4
31,0,0,0,0,0,0,75,0,45,30,0,0,0,0,0,0,0,7,37,82,0,0,0.0,0.45121951219512196,0.0,0.0,customer_only,4
32,0,0,0,0,0,0,75,0,45,30,0,0,0,0,0,0,0,7,37,82,0,0,0.0,0.45121951219512196,0.0,0.0,customer_only,4
33,0,0,0,0,0,0,75,0,45,30,0,0,0,0,0,0,0,7,37,82,0,0,0.0,0.45121951219512196,0.0,0.0,customer_only,4
34,0,0,0,0,0,0,75,0,45,30,0,0,0,0,0,0,0,7,37,82,0,0,0.0,0.45121951219512196,0.0,0.0,customer_only,4
35,0,0,0,0,0,0,75,0,45,30,0,0,0,0,0,0,0,7,37,82,0,0,0.0,0.45121951219512196,0.0,0.0,customer_only,4
36,0,0,0,0,0,0,75,0,45,30,0,0,0,0,0,0,0,7,37,82,0,0,0.0,0.45121951219512196,0.0,0.0,customer_only,4
37,0,0,0,0,0,0,75,0,45,30,0,0,0,0,0,0,0,7,37,82,0,0,0.0,0.45121951219512196,0.0,0.0,customer_only,4
38,0,0,0,0,0,0,75,0,45,30,0,0,0,0,0,0,0,7,37,82,0,0,0.0,0.45121951219512196,0.0,0.0,customer_only,4
39,0,0,0,0,0,0,75,0,45,30,0,0,0,0,0,0,0,7,37,82,0,0,0.0,0.45121951219512196,0.0,0.0,customer_only,4
40,0,0,0,0,0,0,75,0,45,30,0,0,0,0,0,0,0,7,37,82,0,0,0.0,0.45121951219512196,0.0,0.0,customer_only,4
41,0,0,0,0,0,0,75,0,45,30,0,0,0,0,0,0,0,7,37,82,0,0,0.0,0.45121951219512196,0.0,0.0,customer_only,4
42,0,0,0,0,0,0,75,0,45,30,0,0,0,0,0,0,0,7,37,82,0,0,0.0,0.45121951219512196,0.0,0.0,customer_only,4
43,0,0,0,0,0,0,75,0,45,30,0,0,0,0,0,0,0,7,37,82,0,0,0.0,0.45121951219512196,0.0,0.0,customer_only,4
44,0,0,0,0,0,0,75,0,45,30,0,0,0,0,0,0,0,7,37,82,0,0,0.0,0.45121951219512196,0.0,0.0,customer_only,4
0,82,82,82,76,11,0,82,82,0,0,76,76,0,0,0,11,0,0,82,82,0,0,0.926829268292683,0.13414634146341464,0.0,0.0,both,4
1,0,0,0,0,0,0,82,82,0,0,76,76,0,0,0,11,0,0,82,82,76,11,0.926829268292683,0.13414634146341464,0.0,0.0,both,4
2,0,0,0,0,0,0,82,77,0,5,74,64,10,10,0,6,0,0,82,82,76,11,0.926829268292683,0.13414634146341464,0.0,0.0,both,4
3,0,0,0,4,1,5,70,55,0,15,54,53,1,1,7,1,12,12,82,82,76,11,0.975609756097561,0.14634146341463414,1.0,4.0,both,4
4,0,0,0,0,6,6,69,52,0,17,48,41,7,7,1,7,1,13,82,82,55,1,0.975609756097561,0.21951219512195122,6.0,0.0,both,4
5,0,0,0,0,2,2,63,42,0,21,35,29,6,6,6,8,6,19,82,82,49,7,0.975609756097561,0.24390243902439024,2.0,0.0,both,4
6,0,0,0,0,5,5,58,32,0,26,24,17,7,7,4,8,5,24,82,82,36,9,0.975609756097561,0.3048780487804878,5.0,0.0,both,4
7,0,0,0,0,1,1,52,18,0,34,12,5,7,7,5,6,6,30,82,82,24,13,0.975609756097561,0.3170731707317073,1.0,0.0,both,4
8,0,0,0,0,3,3,45,11,0,34,3,0,3,3,7,8,7,37,82,82,12,8,0.975609756097561,0.35365853658536583,3.0,0.0,both,4
9,0,0,0,0,0,0,39,4,0,35,0,0,0,0,3,4,6,43,82,82,3,9,0.975609756097561,0.35365853658536583,0.0,0.0,both,4
10,0,0,0,0,1,1,39,2,0,37,0,0,0,0,0,2,0,43,82,82,0,4,0.975609756097561,0.36585365853658536,1.0,0.0,both,4
11,0,0,0,0,0,0,39,1,0,38,0,0,0,0,0,1,0,43,82,82,0,4,0.975609756097561,0.36585365853658536,0.0,0.0,both,4
12,0,0,0,0,0,0,39,0,0,39,0,0,0,0,0,0,0,43,82,82,0,1,0.975609756097561,0.36585365853658536,0.0,0.0,both,4
13,0,0,0,0,0,0,39,0,0,39,0,0,0,0,0,0,0,43,82,82,0,1,0.975609756097561,0.36585365853658536,0.0,0.0,both,4
14,0,0,0,0,0,0,39,0,0,39,0,0,0,0,0,0,0,43,82,82,0,0,0.975609756097561,0.36585365853658536,0.0,0.0,both,4
15,0,0,0,0,0,0,39,0,0,39,0,0,0,0,0,0,0,43,82,82,0,0,0.975609756097561,0.36585365853658536,0.0,0.0,both,4
16,0,0,0,0,0,0,39,0,0,39,0,0,0,0,0,0,0,43,82,82,0,0,0.975609756097561,0.36585365853658536,0.0,0.0,both,4
17,0,0,0,0,0,0,39,0,0,39,0,0,0,0,0,0,0,43,82,82,0,0,0.975609756097561,0.36585365853658536,0.0,0.0,both,4
18,0,0,0,0,0,0,39,0,0,39,0,0,0,0,0,0,0,43,82,82,0,0,0.975609756097561,0.36585365853658536,0.0,0.0,both,4
19,0,0,0,0,0,0,39,0,0,39,0,0,0,0,0,0,0,43,82,82,0,0,0.975609756097561,0.36585365853658536,0.0,0.0,both,4
20,0,0,0,0,0,0,39,0,0,39,0,0,0,0,0,0,0,43,82,82,0,0,0.975609756097561,0.36585365853658536,0.0,0.0,both,4
21,0,0,0,0,0,0,39,0,0,39,0,0,0,0,0,0,0,43,82,82,0,0,0.975609756097561,0.36585365853658536,0.0,0.0,both,4
22,0,0,0,0,0,0,39,0,0,39,0,0,0,0,0,0,0,43,82,82,0,0,0.975609756097561,0.36585365853658536,0.0,0.0,both,4
23,0,0,0,0,0,0,39,0,0,39,0,0,0,0,0,0,0,43,82,82,0,0,0.975609756097561,0.36585365853658536,0.0,0.0,both,4
24,0,0,0,0,0,0,39,0,0,39,0,0,0,0,0,0,0,43,82,82,0,0,0.975609756097561,0.36585365853658536,0.0,0.0,both,4
25,0,0,0,0,0,0,39,0,0,39,0,0,0,0,0,0,0,43,82,82,0,0,0.975609756097561,0.36585365853658536,0.0,0.0,both,4
26,0,0,0,0,0,0,39,0,0,39,0,0,0,0,0,0,0,43,82,82,0,0,0.975609756097561,0.36585365853658536,0.0,0.0,both,4
27,0,0,0,0,0,0,39,0,0,39,0,0,0,0,0,0,0,43,82,82,0,0,0.975609756097561,0.36585365853658536,0.0,0.0,both,4
28,0,0,0,0,0,0,39,0,0,39,0,0,0,0,0,0,0,43,82,82,0,0,0.975609756097561,0.36585365853658536,0.0,0.0,both,4
29,0,0,0,0,0,0,39,0,0,39,0,0,0,0,0,0,0,43,82,82,0,0,0.975609756097561,0.36585365853658536,0.0,0.0,both,4
30,0,0,0,0,0,0,39,0,0,39,0,0,0,0,0,0,0,43,82,82,0,0,0.975609756097561,0.36585365853658536,0.0,0.0,both,4
31,0,0,0,0,0,0,39,0,0,39,0,0,0,0,0,0,0,43,82,82,0,0,0.975609756097561,0.36585365853658536,0.0,0.0,both,4
32,0,0,0,0,0,0,39,0,0,39,0,0,0,0,0,0,0,43,82,82,0,0,0.975609756097561,0.36585365853658536,0.0,0.0,both,4
33,0,0,0,0,0,0,39,0,0,39,0,0,0,0,0,0,0,43,82,82,0,0,0.975609756097561,0.36585365853658536,0.0,0.0,both,4
34,0,0,0,0,0,0,39,0,0,39,0,0,0,0,0,0,0,43,82,82,0,0,0.975609756097561,0.36585365853658536,0.0,0.0,both,4
35,0,0,0,0,0,0,39,0,0,39,0,0,0,0,0,0,0,43,82,82,0,0,0.975609756097561,0.36585365853658536,0.0,0.0,both,4
36,0,0,0,0,0,0,39,0,0,39,0,0,0,0,0,0,0,43,82,82,0,0,0.975609756097561,0.36585365853658536,0.0,0.0,both,4
37,0,0,0,0,0,0,39,0,0,39,0,0,0,0,0,0,0,43,82,82,0,0,0.975609756097561,0.36585365853658536,0.0,0.0,both,4
38,0,0,0,0,0,0,39,0,0,39,0,0,0,0,0,0,0,43,82,82,0,0,0.975609756097561,0.36585365853658536,0.0,0.0,both,4
39,0,0,0,0,0,0,39,0,0,39,0,0,0,0,0,0,0,43,82,82,0,0,0.975609756097561,0.36585365853658536,0.0,0.0,both,4
40,0,0,0,0,0,0,39,0,0,39,0,0,0,0,0,0,0,43,82,82,0,0,0.975609756097561,0.36585365853658536,0.0,0.0,both,4
41,0,0,0,0,0,0,39,0,0,39,0,0,0,0,0,0,0,43,82,82,0,0,0.975609756097561,0.36585365853658536,0.0,0.0,both,4
42,0,0,0,0,0,0,39,0,0,39,0,0,0,0,0,0,0,43,82,82,0,0,0.975609756097561,0.36585365853658536,0.0,0.0,both,4
43,0,0,0,0,0,0,39,0,0,39,0,0,0,0,0,0,0,43,82,82,0,0,0.975609756097561,0.36585365853658536,0.0,0.0,both,4
44,0,0,0,0,0,0,39,0,0,39,0,0,0,0,0,0,0,43,82,82,0,0,0.975609756097561,0.36585365853658536,0.0,0.0,both,4
0,85,85,85,85,0,0,85,85,0,0,85,85,0,0,0,0,0,0,85,85,0,0,1.0,0.0,0.0,0.0,domestic_only,5
1,0,0,0,0,0,0,85,85,0,0,85,85,0,0,0,0,0,0,85,85,85,0,1.0,0.0,0.0,0.0,domestic_only,5
2,0,0,0,0,0,0,85,77,0,8,77,73,4,4,0,0,0,0,85,85,85,0,1.0,0.0,0.0,0.0,domestic_only,5
3,0,0,0,0,0,0,81,66,0,15,66,61,5,5,4,0,4,4,85,85,85,0,1.0,0.0,0.0,0.0,domestic_only,5
4,0,0,0,0,0,0,78,52,0,26,52,49,3,3,3,0,3,7,85,85,66,0,1.0,0.0,0.0,0.0,domestic_only,5
5,0,0,0,0,0,0,78,40,0,38,40,37,3,3,0,0,0,7,85,85,52,0,1.0,0.0,0.0,0.0,domestic_only,5
6,0,0,0,0,0,0,75,31,0,44,31,25,6,6,3,0,3,10,85,85,40,0,1.0,0.0,0.0,0.0,domestic_only,5
7,0,0,0,0,0,0,70,21,0,49,21,13,8,8,5,0,5,15,85,85,31,0,1.0,0.0,0.0,0.0,domestic_only,5
8,0,0,0,0,0,0,64,5,0,59,5,1,4,4,6,0,6,21,85,85,21,0,1.0,0.0,0.0,0.0,domestic_only,5
9,0,0,0,0,0,0,60,0,0,60,0,0,0,0,4,0,4,25,85,85,5,0,1.0,0.0,0.0,0.0,domestic_only,5
10,0,0,0,0,0,0,60,0,0,60,0,0,0,0,0,0,0,25,85,85,0,0,1.0,0.0,0.0,0.0,domestic_only,5
11,0,0,0,0,0,0,60,0,0,60,0,0,0,0,0,0,0,25,85,85,0,0,1.0,0.0,0.0,0.0,domestic_only,5
12,0,0,0,0,0,0,60,0,0,60,0,0,0,0,0,0,0,25,85,85,0,0,1.0,0.0,0.0,0.0,domestic_only,5
13,0,0,0,0,0,0,60,0,0,60,0,0,0,0,0,0,0,25,85,85,0,0,1.0,0.0,0.0,0.0,domestic_only,5
14,0,0,0,0,0,0,60,0,0,60,0,0,0,0,0,0,0,25,85,85,0,0,1.0,0.0,0.0,0.0,domestic_only,5
15,0,0,0,0,0,0,60,0,0,60,0,0,0,0,0,0,0,25,85,85,0,0,1.0,0.0,0.0,0.0,domestic_only,5
16,0,0,0,0,0,0,60,0,0,60,0,0,0,0,0,0,0,25,85,85,0,0,1.0,0.0,0.0,0.0,domestic_only,5
17,0,0,0,0,0,0,60,0,0,60,0,0,0,0,0,0,0,25,85,85,0,0,1.0,0.0,0.0,0.0,domestic_only,5
18,0,0,0,0,0,0,60,0,0,60,0,0,0,0,0,0,0,25,85,85,0,0,1.0,0.0,0.0,0.0,domestic_only,5
19,0,0,0,0,0,0,60,0,0,60,0,0,0,0,0,0,0,25,85,85,0,0,1.0,0.0,0.0,0.0,domestic_only,5
20,0,0,0,0,0,0,60,0,0,60,0,0,0,0,0,0,0,25,85,85,0,0,1.0,0.0,0.0,0.0,domestic_only,5
21,0,0,0,0,0,0,60,0,0,60,0,0,0,0,0,0,0,25,85,85,0,0,1.0,0.0,0.0,0.0,domestic_only,5
22,0,0,0,0,0,0,60,0,0,60,0,0,0,0,0,0,0,25,85,85,0,0,1.0,0.0,0.0,0.0,domestic_only,5
23,0,0,0,0,0,0,60,0,0,60,0,0,0,0,0,0,0,25,85,85,0,0,1.0,0.0,0.0,0.0,domestic_only,5
24,0,0,0,0,0,0,60,0,0,60,0,0,0,0,0,0,0,25,85,85,0,0,1.0,0.0,0.0,0.0,domestic_only,5
25,0,0,0,0,0,0,60,0,0,60,0,0,0,0,0,0,0,25,85,85,0,0,1.0,0.0,0.0,0.0,domestic_only,5
26,0,0,0,0,0,0,60,0,0,60,0,0,0,0,0,0,0,25,85,85,0,0,1.0,0.0,0.0,0.0,domestic_only,5
27,0,0,0,0,0,0,60,0,0,60,0,0,0,0,0,0,0,25,85,85,0,0,1.0,0.0,0.0,0.0,domestic_only,5
28,0,0,0,0,0,0,60,0,0,60,0,0,0,0,0,0,0,25,85,85,0,0,1.0,0.0,0.0,0.0,domestic_only,5
29,0,0,0,0,0,0,60,0,0,60,0,0,0,0,0,0,0,25,85,85,0,0,1.0,0.0,0.0,0.0,domestic_only,5
30,0,0,0,0,0,0,60,0,0,60,0,0,0,0,0,0,0,25,85,85,0,0,1.0,0.0,0.0,0.0,domestic_only,5
31,0,0,0,0,0,0,60,0,0,60,0,0,0,0,0,0,0,25,85,85,0,0,1.0,0.0,0.0,0.0,domestic_only,5
32,0,0,0,0,0,0,60,0,0,60,0,0,0,0,0,0,0,25,85,85,0,0,1.0,0.0,0.0,0.0,domestic_only,5
33,0,0,0,0,0,0,60,0,0,60,0,0,0,0,0,0,0,25,85,85,0,0,1.0,0.0,0.0,0.0,domestic_only,5
34,0,0,0,0,0,0,60,0,0,60,0,0,0,0,0,0,0,25,85,85,0,0,1.0,0.0,0.0,0.0,domestic_only,5
35,0,0,0,0,0,0,60,0,0,60,0,0,0,0,0,0,0,25,85,85,0,0,1.0,0.0,0.0,0.0,domestic_only,5
36,0,0,0,0,0,0,60,0,0,60,0,0,0,0,0,0,0,25,85,85,0,0,1.0,0.0,0.0,0.0,domestic_only,5
37,0,0,0,0,0,0,60,0,0,60,0,0,0,0,0,0,0,25,85,85,0,0,1.0,0.0,0.0,0.0,domestic_only,5
38,0,0,0,0,0,0,60,0,0,60,0,0,0,0,0,0,0,25,85,85,0,0,1.0,0.0,0.0,0.0,domestic_only,5
39,0,0,0,0,0,0,60,0,0,60,0,0,0,0,0,0,0,25,85,85,0,0,1.0,0.0,0.0,0.0,domestic_only,5
40,0,0,0,0,0,0,60,0,0,60,0,0,0,0,0,0,0,25,85,85,0,0,1.0,0.0,0.0,0.0,domestic_only,5
41,0,0,0,0,0,0,60,0,0,60,0,0,0,0,0,0,0,25,85,85,0,0,1.0,0.0,0.0,0.0,domestic_only,5
42,0,0,0,0,0,0,60,0,0,60,0,0,0,0,0,0,0,25,85,85,0,0,1.0,0.0,0.0,0.0,domestic_only,5
43,0,0,0,0,0,0,60,0,0,60,0,0,0,0,0,0,0,25,85,85,0,0,1.0,0.0,0.0,0.0,domestic_only,5
44,0,0,0,0,0,0,60,0,0,60,0,0,0,0,0,0,0,25,85,85,0,0,1.0,0.0,0.0,0.0,domestic_only,5
0,85,50,50,0,50,0,85,50,35,0,0,0,0,0,0,50,0,0,50,85,0,0,0.0,0.5882352941176471,0.0,0.0,customer_only,5
1,0,3,3,0,3,0,85,53,32,0,0,0,0,0,0,53,0,0,53,85,0,50,0.0,0.6235294117647059,0.0,0.0,customer_only,5
2,0,0,0,0,0,0,85,46,32,7,0,0,0,0,0,46,0,0,53,85,0,53,0.0,0.6235294117647059,0.0,0.0,customer_only,5
3,0,0,0,0,0,0,82,32,32,18,0,0,0,0,0,32,3,3,53,85,0,53,0.0,0.6235294117647059,0.0,0.0,customer_only,5
4,0,0,0,0,0,0,81,21,32,28,0,0,0,0,0,21,1,4,53,85,0,32,0.0,0.6235294117647059,0.0,0.0,customer_only,5
5,0,0,0,0,0,0,77,8,32,37,0,0,0,0,0,8,4,8,53,85,0,21,0.0,0.6235294117647059,0.0,0.0,customer_only,5
6,0,0,0,0,0,0,75,2,32,41,0,0,0,0,0,2,2,10,53,85,0,8,0.0,0.6235294117647059,0.0,0.0,customer_only,5
7,0,0,0,0,0,0,73,0,32,41,0,0,0,0,0,0,2,12,53,85,0,2,0.0,0.6235294117647059,0.0,0.0,customer_only,5
8,0,0,0,0,0,0,73,0,32,41,0,0,0,0,0,0,0,12,53,85,0,0,0.0,0.6235294117647059,0.0,0.0,customer_only,5
9,0,0,0,0,0,0,73,0,32,41,0,0,0,0,0,0,0,12,53,85,0,0,0.0,0.6235294117647059,0.0,0.0,customer_only,5
10,0,0,0,0,0,0,73,0,32,41,0,0,0,0,0,0,0,12,53,85,0,0,0.0,0.6235294117647059,0.0,0.0,customer_only,5
11,0,0,0,0,0,0,73,0,32,41,0,0,0,0,0,0,0,12,53,85,0,0,0.0,0.6235294117647059,0.0,0.0,customer_only,5
12,0,0,0,0,0,0,73,0,32,41,0,0,0,0,0,0,0,12,53,85,0,0,0.0,0.6235294117647059,0.0,0.0,customer_only,5
13,0,0,0,0,0,0,73,0,32,41,0,0,0,0,0,0,0,12,53,85,0,0,0.0,0.6235294117647059,0.0,0.0,customer_only,5
14,0,0,0,0,0,0,73,0,32,41,0,0,0,0,0,0,0,12,53,85,0,0,0.0,0.6235294117647059,0.0,0.0,customer_only,5
15,0,0,0,0,0,0,73,0,32,41,0,0,0,0,0,0,0,12,53,85,0,0,0.0,0.6235294117647059,0.0,0.0,customer_only,5
16,0,0,0,0,0,0,73,0,32,41,0,0,0,0,0,0,0,12,53,85,0,0,0.0,0.6235294117647059,0.0,0.0,customer_only,5
17,0,0,0,0,0,0,73,0,32,41,0,0,0,0,0,0,0,12,53,85,0,0,0.0,0.6235294117647059,0.0,0.0,customer_only,5
18,0,0,0,0,0,0,73,0,32,41,0,0,0,0,0,0,0,12,53,85,0,0,0.0,0.6235294117647059,0.0,0.0,customer_only,5
19,0,0,0,0,0,0,73,0,32,41,0,0,0,0,0,0,0,12,53,85,0,0,0.0,0.6235294117647059,0.0,0.0,customer_only,5
20,0,0,0,0,0,0,73,0,32,41,0,0,0,0,0,0,0,12,53,85,0,0,0.0,0.6235294117647059,0.0,0.0,customer_only,5
21,0,0,0,0,0,0,73,0,32,41,0,0,0,0,0,0,0,12,53,85,0,0,0.0,0.6235294117647059,0.0,0.0,customer_only,5
22,0,0,0,0,0,0,73,0,32,41,0,0,0,0,0,0,0,12,53,85,0,0,0.0,0.6235294117647059,0.0,0.0,customer_only,5
23,0,0,0,0,0,0,73,0,32,41,0,0,0,0,0,0,0,12,53,85,0,0,0.0,0.6235294117647059,0.0,0.0,customer_only,5
24,0,0,0,0,0,0,73,0,32,41,0,0,0,0,0,0,0,12,53,85,0,0,0.0,0.6235294117647059,0.0,0.0,customer_only,5
25,0,0,0,0,0,0,73,0,32,41,0,0,0,0,0,0,0,12,53,85,0,0,0.0,0.6235294117647059,0.0,0.0,customer_only,5
26,0,0,0,0,0,0,73,0,32,41,0,0,0,0,0,0,0,12,53,85,0,0,0.0,0.6235294117647059,0.0,0.0,customer_only,5
27,0,0,0,0,0,0,73,0,32,41,0,0,0,0,0,0,0,12,53,85,0,0,0.0,0.6235294117647059,0.0,0.0,customer_only,5
28,0,0,0,0,0,0,73,0,32,41,0,0,0,0,0,0,0,12,53,85,0,0,0.0,0.6235294117647059,0.0,0.0,customer_only,5
29,0,0,0,0,0,0,73,0,32,41,0,0,0,0,0,0,0,12,53,85,0,0,0.0,0.6235294117647059,0.0,0.0,customer_only,5
30,0,0,0,0,0,0,73,0,32,41,0,0,0,0,0,0,0,12,53,85,0,0,0.0,0.6235294117647059,0.0,0.0,customer_only,5
31,0,0,0,0,0,0,73,0,32,41,0,0,0,0,0,0,0,12,53,85,0,0,0.0,0.6235294117647059,0.0,0.0,customer_only,5
32,0,0,0,0,0,0,73,0,32,41,0,0,0,0,0,0,0,12,53,85,0,0,0.0,0.6235294117647059,0.0,0.0,customer_only,5
33,0,0,0,0,0,0,73,0,32,41,0,0,0,0,0,0,0,12,53,85,0,0,0.0,0.6235294117647059,0.0,0.0,customer_only,5
34,0,0,0,0,0,0,73,0,32,41,0,0,0,0,0,0,0,12,53,85,0,0,0.0,0.6235294117647059,0.0,0.0,customer_only,5
35,0,0,0,0,0,0,73,0,32,41,0,0,0,0,0,0,0,12,53,85,0,0,0.0,0.6235294117647059,0.0,0.0,customer_only,5
36,0,0,0,0,0,0,73,0,32,41,0,0,0,0,0,0,0,12,53,85,0,0,0.0,0.6235294117647059,0.0,0.0,customer_only,5
37,0,0,0,0,0,0,73,0,32,41,0,0,0,0,0,0,0,12,53,85,0,0,0.0,0.6235294117647059,0.0,0.0,customer_only,5
38,0,0,0,0,0,0,73,0,32,41,0,0,0,0,0,0,0,12,53,85,0,0,0.0,0.6235294117647059,0.0,0.0,customer_only,5
39,0,0,0,0,0,0,73,0,32,41,0,0,0,0,0,0,0,12,53,85,0,0,0.0,0.6235294117647059,0.0,0.0,customer_only,5
40,0,0,0,0,0,0,73,0,32,41,0,0,0,0,0,0,0,12,53,85,0,0,0.0,0.6235294117647059,0.0,0.0,customer_only,5
41,0,0,0,0,0,0,73,0,32,41,0,0,0,0,0,0,0,12,53,85,0,0,0.0,0.6235294117647059,0.0,0.0,customer_only,5
42,0,0,0,0,0,0,73,0,32,41,0,0,0,0,0,0,0,12,53,85,0,0,0.0,0.6235294117647059,0.0,0.0,customer_only,5
43,0,0,0,0,0,0,73,0,32,41,0,0,0,0,0,0,0,12,53,85,0,0,0.0,0.6235294117647059,0.0,0.0,customer_only,5
44,0,0,0,0,0,0,73,0,32,41,0,0,0,0,0,0,0,12,53,85,0,0,0.0,0.6235294117647059,0.0,0.0,customer_only,5
0,85,85,85,77,14,0,85,85,0,0,77,77,0,0,0,14,0,0,85,85,0,0,0.9058823529411765,0.16470588235294117,0.0,0.0,both,5
1,0,0,0,0,0,0,85,85,0,0,77,77,0,0,0,14,0,0,85,85,77,14,0.9058823529411765,0.16470588235294117,0.0,0.0,both,5
2,0,0,0,0,0,0,85,74,0,11,70,65,5,5,0,8,0,0,85,85,77,14,0.9058823529411765,0.16470588235294117,0.0,0.0,both,5
3,0,0,0,4,1,5,77,62,0,15,61,55,6,6,5,1,8,8,85,85,77,14,0.9529411764705882,0.17647058823529413,1.0,4.0,both,5
4,0,0,0,3,4,7,73,53,0,20,49,46,3,3,4,5,4,12,85,85,61,1,0.9882352941176471,0.2235294117647059,4.0,3.0,both,5
5,0,0,0,0,5,5,72,48,0,24,40,34,6,6,1,9,1,13,85,85,49,5,0.9882352941176471,0.2823529411764706,5.0,0.0,both,5
6,0,0,0,0,7,7,66,39,0,27,27,22,5,5,6,13,6,19,85,85,40,10,0.9882352941176471,0.36470588235294116,7.0,0.0,both,5
7,0,0,0,0,4,4,62,26,0,36,15,10,5,5,4,13,4,23,85,85,27,16,0.9882352941176471,0.4117647058823529,4.0,0.0,both,5
8,0,0,0,0,4,4,57,13,0,44,2,0,2,2,4,11,5,28,85,85,15,16,0.9882352941176471,0.4588235294117647,4.0,0.0,both,5
9,0,0,0,0,0,0,52,7,0,45,0,0,0,0,2,7,5,33,85,85,2,15,0.9882352941176471,0.4588235294117647,0.0,0.0,both,5
10,0,0,0,0,0,0,50,2,0,48,0,0,0,0,0,2,2,35,85,85,0,8,0.9882352941176471,0.4588235294117647,0.0,0.0,both,5
11,0,0,0,0,0,0,49,0,0,49,0,0,0,0,0,0,1,36,85,85,0,4,0.9882352941176471,0.4588235294117647,0.0,0.0,both,5
12,0,0,0,0,0,0,49,0,0,49,0,0,0,0,0,0,0,36,85,85,0,0,0.9882352941176471,0.4588235294117647,0.0,0.0,both,5
13,0,0,0,0,0,0,49,0,0,49,0,0,0,0,0,0,0,36,85,85,0,0,0.9882352941176471,0.4588235294117647,0.0,0.0,both,5
14,0,0,0,0,0,0,49,0,0,49,0,0,0,0,0,0,0,36,85,85,0,0,0.9882352941176471,0.4588235294117647,0.0,0.0,both,5
15,0,0,0,0,0,0,49,0,0,49,0,0,0,0,0,0,0,36,85,85,0,0,0.9882352941176471,0.4588235294117647,0.0,0.0,both,5
16,0,0,0,0,0,0,49,0,0,49,0,0,0,0,0,0,0,36,85,85,0,0,0.9882352941176471,0.4588235294117647,0.0,0.0,both,5
17,0,0,0,0,0,0,49,0,0,49,0,0,0,0,0,0,0,36,85,85,0,0,0.9882352941176471,0.4588235294117647,0.0,0.0,both,5
18,0,0,0,0,0,0,49,0,0,49,0,0,0,0,0,0,0,36,85,85,0,0,0.9882352941176471,0.4588235294117647,0.0,0.0,both,5
19,0,0,0,0,0,0,49,0,0,49,0,0,0,0,0,0,0,36,85,85,0,0,0.9882352941176471,0.4588235294117647,0.0,0.0,both,5
20,0,0,0,0,0,0,49,0,0,49,0,0,0,0,0,0,0,36,85,85,0,0,0.9882352941176471,0.4588235294117647,0.0,0.0,both,5
21,0,0,0,0,0,0,49,0,0,49,0,0,0,0,0,0,0,36,85,85,0,0,0.9882352941176471,0.4588235294117647,0.0,0.0,both,5
22,0,0,0,0,0,0,49,0,0,49,0,0,0,0,0,0,0,36,85,85,0,0,0.9882352941176471,0.4588235294117647,0.0,0.0,both,5
23,0,0,0,0,0,0,49,0,0,49,0,0,0,0,0,0,0,36,85,85,0,0,0.9882352941176471,0.4588235294117647,0.0,0.0,both,5
24,0,0,0,0,0,0,49,0,0,49,0,0,0,0,0,0,0,36,85,85,0,0,0.9882352941176471,0.4588235294117647,0.0,0.0,both,5
25,0,0,0,0,0,0,49,0,0,49,0,0,0,0,0,0,0,36,85,85,0,0,0.9882352941176471,0.4588235294117647,0.0,0.0,both,5
26,0,0,0,0,0,0,49,0,0,49,0,0,0,0,0,0,0,36,85,85,0,0,0.9882352941176471,0.4588235294117647,0.0,0.0,both,5
27,0,0,0,0,0,0,49,0,0,49,0,0,0,0,0,0,0,36,85,85,0,0,0.9882352941176471,0.4588235294117647,0.0,0.0,both,5
28,0,0,0,0,0,0,49,0,0,49,0,0,0,0,0,0,0,36,85,85,0,0,0.9882352941176471,0.4588235294117647,0.0,0.0,both,5
29,0,0,0,0,0,0,49,0,0,49,0,0,0,0,0,0,0,36,85,85,0,0,0.9882352941176471,0.4588235294117647,0.0,0.0,both,5
30,0,0,0,0,0,0,49,0,0,49,0,0,0,0,0,0,0,36,85,85,0,0,0.9882352941176471,0.4588235294117647,0.0,0.0,both,5
31,0,0,0,0,0,0,49,0,0,49,0,0,0,0,0,0,0,36,85,85,0,0,0.9882352941176471,0.4588235294117647,0.0,0.0,both,5
32,0,0,0,0,0,0,49,0,0,49,0,0,0,0,0,0,0,36,85,85,0,0,0.9882352941176471,0.4588235294117647,0.0,0.0,both,5
33,0,0,0,0,0,0,49,0,0,49,0,0,0,0,0,0,0,36,85,85,0,0,0.9882352941176471,0.4588235294117647,0.0,0.0,both,5
34,0,0,0,0,0,0,49,0,0,49,0,0,0,0,0,0,0,36,85,85,0,0,0.9882352941176471,0.4588235294117647,0.0,0.0,both,5
35,0,0,0,0,0,0,49,0,0,49,0,0,0,0,0,0,0,36,85,85,0,0,0.9882352941176471,0.4588235294117647,0.0,0.0,both,5
36,0,0,0,0,0,0,49,0,0,49,0,0,0,0,0,0,0,36,85,85,0,0,0.9882352941176471,0.4588235294117647,0.0,0.0,both,5
37,0,0,0,0,0,0,49,0,0,49,0,0,0,0,0,0,0,36,85,85,0,0,0.9882352941176471,0.4588235294117647,0.0,0.0,both,5
38,0,0,0,0,0,0,49,0,0,49,0,0,0,0,0,0,0,36,85,85,0,0,0.9882352941176471,0.4588235294117647,0.0,0.0,both,5
39,0,0,0,0,0,0,49,0,0,49,0,0,0,0,0,0,0,36,85,85,0,0,0.9882352941176471,0.4588235294117647,0.0,0.0,both,5
40,0,0,0,0,0,0,49,0,0,49,0,0,0,0,0,0,0,36,85,85,0,0,0.9882352941176471,0.4588235294117647,0.0,0.0,both,5
41,0,0,0,0,0,0,49,0,0,49,0,0,0,0,0,0,0,36,85,85,0,0,0.9882352941176471,0.4588235294117647,0.0,0.0,both,5
42,0,0,0,0,0,0,49,0,0,49,0,0,0,0,0,0,0,36,85,85,0,0,0.9882352941176471,0.4588235294117647,0.0,0.0,both,5
43,0,0,0,0,0,0,49,0,0,49,0,0,0,0,0,0,0,36,85,85,0,0,0.9882352941176471,0.4588235294117647,0.0,0.0,both,5
44,0,0,0,0,0,0,49,0,0,49,0,0,0,0,0,0,0,36,85,85,0,0,0.9882352941176471,0.4588235294117647,0.0,0.0,both,5
0,86,86,86,86,0,0,86,86,0,0,86,86,0,0,0,0,0,0,86,86,0,0,1.0,0.0,0.0,0.0,domestic_only,6
1,0,0,0,0,0,0,86,86,0,0,86,86,0,0,0,0,0,0,86,86,86,0,1.0,0.0,0.0,0.0,domestic_only,6
2,0,0,0,0,0,0,86,81,0,5,81,74,7,7,0,0,0,0,86,86,86,0,1.0,0.0,0.0,0.0,domestic_only,6
3,0,0,0,0,0,0,80,66,0,14,66,62,4,4,6,0,6,6,86,86,86,0,1.0,0.0,0.0,0.0,domestic_only,6
4,0,0,0,0,0,0,77,54,0,23,54,50,4,4,3,0,3,9,86,86,66,0,1.0,0.0,0.0,0.0,domestic_only,6
5,0,0,0,0,0,0,74,40,0,34,40,38,2,2,3,0,3,12,86,86,54,0,1.0,0.0,0.0,0.0,domestic_only,6
6,0,0,0,0,0,0,72,33,0,39,33,26,7,7,2,0,2,14,86,86,40,0,1.0,0.0,0.0,0.0,domestic_only,6
7,0,0,0,0,0,0,68,18,0,50,18,14,4,4,4,0,4,18,86,86,33,0,1.0,0.0,0.0,0.0,domestic_only,6
8,0,0,0,0,0,0,64,8,0,56,8,2,6,6,4,0,4,22,86,86,18,0,1.0,0.0,0.0,0.0,domestic_only,6
9,0,0,0,0,0,0,59,2,0,57,2,0,2,2,5,0,5,27,86,86,8,0,1.0,0.0,0.0,0.0,domestic_only,6
10,0,0,0,0,0,0,57,0,0,57,0,0,0,0,2,0,2,29,86,86,2,0,1.0,0.0,0.0,0.0,domestic_only,6
11,0,0,0,0,0,0,57,0,0,57,0,0,0,0,0,0,0,29,86,86,0,0,1.0,0.0,0.0,0.0,domestic_only,6
12,0,0,0,0,0,0,57,0,0,57,0,0,0,0,0,0,0,29,86,86,0,0,1.0,0.0,0.0,0.0,domestic_only,6
13,0,0,0,0,0,0,57,0,0,57,0,0,0,0,0,0,0,29,86,86,0,0,1.0,0.0,0.0,0.0,domestic_only,6
14,0,0,0,0,0,0,57,0,0,57,0,0,0,0,0,0,0,29,86,86,0,0,1.0,0.0,0.0,0.0,domestic_only,6
15,0,0,0,0,0,0,57,0,0,57,0,0,0,0,0,0,0,29,86,86,0,0,1.0,0.0,0.0,0.0,domestic_only,6
16,0,0,0,0,0,0,57,0,0,57,0,0,0,0,0,0,0,29,86,86,0,0,1.0,0.0,0.0,0.0,domestic_only,6
17,0,0,0,0,0,0,57,0,0,57,0,0,0,0,0,0,0,29,86,86,0,0,1.0,0.0,0.0,0.0,domestic_only,6
18,0,0,0,0,0,0,57,0,0,57,0,0,0,0,0,0,0,29,86,86,0,0,1.0,0.0,0.0,0.0,domestic_only,6
19,0,0,0,0,0,0,57,0,0,57,0,0,0,0,0,0,0,29,86,86,0,0,1.0,0.0,0.0,0.0,domestic_only,6
20,0,0,0,0,0,0,57,0,0,57,0,0,0,0,0,0,0,29,86,86,0,0,1.0,0.0,0.0,0.0,domestic_only,6
21,0,0,0,0,0,0,57,0,0,57,0,0,0,0,0,0,0,29,86,86,0,0,1.0,0.0,0.0,0.0,domestic_only,6
22,0,0,0,0,0,0,57,0,0,57,0,0,0,0,0,0,0,29,86,86,0,0,1.0,0.0,0.0,0.0,domestic_only,6
23,0,0,0,0,0,0,57,0,0,57,0,0,0,0,0,0,0,29,86,86,0,0,1.0,0.0,0.0,0.0,domestic_only,6
24,0,0,0,0,0,0,57,0,0,57,0,0,0,0,0,0,0,29,86,86,0,0,1.0,0.0,0.0,0.0,domestic_only,6
25,0,0,0,0,0,0,57,0,0,57,0,0,0,0,0,0,0,29,86,86,0,0,1.0,0.0,0.0,0.0,domestic_only,6
26,0,0,0,0,0,0,57,0,0,57,0,0,0,0,0,0,0,29,86,86,0,0,1.0,0.0,0.0,0.0,domestic_only,6
27,0,0,0,0,0,0,57,0,0,57,0,0,0,0,0,0,0,29,86,86,0,0,1.0,0.0,0.0,0.0,domestic_only,6
28,0,0,0,0,0,0,57,0,0,57,0,0,0,0,0,0,0,29,86,86,0,0,1.0,0.0,0.0,0.0,domestic_only,6
29,0,0,0,0,0,0,57,0,0,57,0,0,0,0,0,0,0,29,86,86,0,0,1.0,0.0,0.0,0.0,domestic_only,6
30,0,0,0,0,0,0,57,0,0,57,0,0,0,0,0,0,0,29,86,86,0,0,1.0,0.0,0.0,0.0,domestic_only,6
31,0,0,0,0,0,0,57,0,0,57,0,0,0,0,0,0,0,29,86,86,0,0,1.0,0.0,0.0,0.0,domestic_only,6
32,0,0,0,0,0,0,57,0,0,57,0,0,0,0,0,0,0,29,86,86,0,0,1.0,0.0,0.0,0.0,domestic_only,6
33,0,0,0,0,0,0,57,0,0,57,0,0,0,0,0,0,0,29,86,86,0,0,1.0,0.0,0.0,0.0,domestic_only,6
34,0,0,0,0,0,0,57,0,0,57,0,0,0,0,0,0,0,29,86,86,0,0,1.0,0.0,0.0,0.0,domestic_only,6
35,0,0,0,0,0,0,57,0,0,57,0,0,0,0,0,0,0,29,86,86,0,0,1.0,0.0,0.0,0.0,domestic_only,6
36,0,0,0,0,0,0,57,0,0,57,0,0,0,0,0,0,0,29,86,86,0,0,1.0,0.0,0.0,0.0,domestic_only,6
37,0,0,0,0,0,0,57,0,0,57,0,0,0,0,0,0,0,29,86,86,0,0,1.0,0.0,0.0,0.0,domestic_only,6
38,0,0,0,0,0,0,57,0,0,57,0,0,0,0,0,0,0,29,86,86,0,0,1.0,0.0,0.0,0.0,domestic_only,6
39,0,0,0,0,0,0,57,0,0,57,0,0,0,0,0,0,0,29,86,86,0,0,1.0,0.0,0.0,0.0,domestic_only,6
40,0,0,0,0,0,0,57,0,0,57,0,0,0,0,0,0,0,29,86,86,0,0,1.0,0.0,0.0,0.0,domestic_only,6
41,0,0,0,0,0,0,57,0,0,57,0,0,0,0,0,0,0,29,86,86,0,0,1.0,0.0,0.0,0.0,domestic_only,6
42,0,0,0,0,0,0,57,0,0,57,0,0,0,0,0,0,0,29,86,86,0,0,1.0,0.0,0.0,0.0,domestic_only,6
43,0,0,0,0,0,0,57,0,0,57,0,0,0,0,0,0,0,29,86,86,0,0,1.0,0.0,0.0,0.0,domestic_only,6
44,0,0,0,0,0,0,57,0,0,57,0,0,0,0,0,0,0,29,86,86,0,0,1.0,0.0,0.0,0.0,domestic_only,6
0,86,51,51,0,51,0,86,51,35,0,0,0,0,0,0,51,0,0,51,86,0,0,0.0,0.5930232558139535,0.0,0.0,customer_only,6
1,0,3,3,0,3,0,86,54,32,0,0,0,0,0,0,54,0,0,54,86,0,51,0.0,0.627906976744186,0.0,0.0,customer_only,6
2,0,0,0,0,0,0,86,49,32,5,0,0,0,0,0,49,0,0,54,86,0,54,0.0,0.627906976744186,0.0,0.0,customer_only,6
3,0,0,0,0,0,0,80,37,32,11,0,0,0,0,0,37,6,6,54,86,0,54,0.0,0.627906976744186,0.0,0.0,customer_only,6
4,0,1,1,0,1,0,74,25,31,18,0,0,0,0,0,25,6,12,55,86,0,37,0.0,0.6395348837209303,0.0,0.0,customer_only,6
5,0,2,2,0,2,0,71,13,29,29,0,0,0,0,0,13,3,15,57,86,0,25,0.0,0.6627906976744186,0.0,0.0,customer_only,6
6,0,2,2,0,2,0,69,8,27,34,0,0,0,0,0,8,2,17,59,86,0,13,0.0,0.686046511627907,0.0,0.0,customer_only,6
7,0,0,0,0,0,0,68,2,27,39,0,0,0,0,0,2,1,18,59,86,0,8,0.0,0.686046511627907,0.0,0.0,customer_only,6
8,0,0,0,0,0,0,68,1,27,40,0,0,0,0,0,1,0,18,59,86,0,4,0.0,0.686046511627907,0.0,0.0,customer_only,6
9,0,0,0,0,0,0,68,0,27,41,0,0,0,0,0,0,0,18,59,86,0,2,0.0,0.686046511627907,0.0,0.0,customer_only,6
10,0,0,0,0,0,0,68,0,27,41,0,0,0,0,0,0,0,18,59,86,0,0,0.0,0.686046511627907,0.0,0.0,customer_only,6
11,0,0,0,0,0,0,68,0,27,41,0,0,0,0,0,0,0,18,59,86,0,0,0.0,0.686046511627907,0.0,0.0,customer_only,6
12,0,0,0,0,0,0,68,0,27,41,0,0,0,0,0,0,0,18,59,86,0,0,0.0,0.686046511627907,0.0,0.0,customer_only,6
13,0,0,0,0,0,0,68,0,27,41,0,0,0,0,0,0,0,18,59,86,0,0,0.0,0.686046511627907,0.0,0.0,customer_only,6
14,0,0,0,0,0,0,68,0,27,41,0,0,0,0,0,0,0,18,59,86,0,0,0.0,0.686046511627907,0.0,0.0,customer_only,6
15,0,0,0,0,0,0,68,0,27,41,0,0,0,0,0,0,0,18,59,86,0,0,0.0,0.686046511627907,0.0,0.0,customer_only,6
16,0,0,0,0,0,0,68,0,27,41,0,0,0,0,0,0,0,18,59,86,0,0,0.0,0.686046511627907,0.0,0.0,customer_only,6
17,0,0,0,0,0,0,68,0,27,41,0,0,0,0,0,0,0,18,59,86,0,0,0.0,0.686046511627907,0.0,0.0,customer_only,6
18,0,0,0,0,0,0,68,0,27,41,0,0,0,0,0,0,0,18,59,86,0,0,0.0,0.686046511627907,0.0,0.0,customer_only,6
19,0,0,0,0,0,0,68,0,27,41,0,0,0,0,0,0,0,18,59,86,0,0,0.0,0.686046511627907,0.0,0.0,customer_only,6
20,0,0,0,0,0,0,68,0,27,41,0,0,0,0,0,0,0,18,59,86,0,0,0.0,0.686046511627907,0.0,0.0,customer_only,6
21,0,0,0,0,0,0,68,0,27,41,0,0,0,0,0,0,0,18,59,86,0,0,0.0,0.686046511627907,0.0,0.0,customer_only,6
22,0,0,0,0,0,0,68,0,27,41,0,0,0,0,0,0,0,18,59,86,0,0,0.0,0.686046511627907,0.0,0.0,customer_only,6
23,0,0,0,0,0,0,68,0,27,41,0,0,0,0,0,0,0,18,59,86,0,0,0.0,0.686046511627907,0.0,0.0,customer_only,6
24,0,0,0,0,0,0,68,0,27,41,0,0,0,0,0,0,0,18,59,86,0,0,0.0,0.686046511627907,0.0,0.0,customer_only,6
25,0,0,0,0,0,0,68,0,27,41,0,0,0,0,0,0,0,18,59,86,0,0,0.0,0.686046511627907,0.0,0.0,customer_only,6
26,0,0,0,0,0,0,68,0,27,41,0,0,0,0,0,0,0,18,59,86,0,0,0.0,0.686046511627907,0.0,0.0,customer_only,6
27,0,0,0,0,0,0,68,0,27,41,0,0,0,0,0,0,0,18,59,86,0,0,0.0,0.686046511627907,0.0,0.0,customer_only,6
28,0,0,0,0,0,0,68,0,27,41,0,0,0,0,0,0,0,18,59,86,0,0,0.0,0.686046511627907,0.0,0.0,customer_only,6
29,0,0,0,0,0,0,68,0,27,41,0,0,0,0,0,0,0,18,59,86,0,0,0.0,0.686046511627907,0.0,0.0,customer_only,6
30,0,0,0,0,0,0,68,0,27,41,0,0,0,0,0,0,0,18,59,86,0,0,0.0,0.686046511627907,0.0,0.0,customer_only,6
31,0,0,0,0,0,0,68,0,27,41,0,0,0,0,0,0,0,18,59,86,0,0,0.0,0.686046511627907,0.0,0.0,customer_only,6
32,0,0,0,0,0,0,68,0,27,41,0,0,0,0,0,0,0,18,59,86,0,0,0.0,0.686046511627907,0.0,0.0,customer_only,6
33,0,0,0,0,0,0,68,0,27,41,0,0,0,0,0,0,0,18,59,86,0,0,0.0,0.686046511627907,0.0,0.0,customer_only,6
34,0,0,0,0,0,0,68,0,27,41,0,0,0,0,0,0,0,18,59,86,0,0,0.0,0.686046511627907,0.0,0.0,customer_only,6
35,0,0,0,0,0,0,68,0,27,41,0,0,0,0,0,0,0,18,59,86,0,0,0.0,0.686046511627907,0.0,0.0,customer_only,6
36,0,0,0,0,0,0,68,0,27,41,0,0,0,0,0,0,0,18,59,86,0,0,0.0,0.686046511627907,0.0,0.0,customer_only,6
37,0,0,0,0,0,0,68,0,27,41,0,0,0,0,0,0,0,18,59,86,0,0,0.0,0.686046511627907,0.0,0.0,customer_only,6
38,0,0,0,0,0,0,68,0,27,41,0,0,0,0,0,0,0,18,59,86,0,0,0.0,0.686046511627907,0.0,0.0,customer_only,6
39,0,0,0,0,0,0,68,0,27,41,0,0,0,0,0,0,0,18,59,86,0,0,0.0,0.686046511627907,0.0,0.0,customer_only,6
40,0,0,0,0,0,0,68,0,27,41,0,0,0,0,0,0,0,18,59,86,0,0,0.0,0.686046511627907,0.0,0.0,customer_only,6
41,0,0,0,0,0,0,68,0,27,41,0,0,0,0,0,0,0,18,59,86,0,0,0.0,0.686046511627907,0.0,0.0,customer_only,6
42,0,0,0,0,0,0,68,0,27,41,0,0,0,0,0,0,0,18,59,86,0,0,0.0,0.686046511627907,0.0,0.0,customer_only,6
43,0,0,0,0,0,0,68,0,27,41,0,0,0,0,0,0,0,18,59,86,0,0,0.0,0.686046511627907,0.0,0.0,customer_only,6
44,0,0,0,0,0,0,68,0,27,41,0,0,0,0,0,0,0,18,59,86,0,0,0.0,0.686046511627907,0.0,0.0,customer_only,6
0,86,86,86,79,12,0,86,86,0,0,79,79,0,0,0,12,0,0,86,86,0,0,0.9186046511627907,0.13953488372093023,0.0,0.0,both,6
1,0,0,0,0,0,0,86,86,0,0,79,79,0,0,0,12,0,0,86,86,79,12,0.9186046511627907,0.13953488372093023,0.0,0.0,both,6
2,0,0,0,0,0,0,86,77,0,9,74,67,7,7,0,6,0,0,86,86,79,12,0.9186046511627907,0.13953488372093023,0.0,0.0,both,6
3,0,0,0,4,1,5,78,62,0,16,61,58,3,3,6,1,8,8,86,86,79,12,0.9651162790697675,0.1511627906976744,1.0,4.0,both,6
4,0,0,0,2,5,7,75,58,0,17,53,48,5,5,3,6,3,11,86,86,61,1,0.9883720930232558,0.20930232558139536,5.0,2.0,both,6
5,0,0,0,0,4,4,71,42,0,29,38,36,2,2,4,8,4,15,86,86,53,6,0.9883720930232558,0.2558139534883721,4.0,0.0,both,6
6,0,0,0,0,8,8,69,37,0,32,30,24,6,6,2,12,2,17,86,86,38,10,0.9883720930232558,0.3488372093023256,8.0,0.0,both,6
7,0,0,0,0,4,4,65,29,0,36,19,12,7,7,4,13,4,21,86,86,30,17,0.9883720930232558,0.3953488372093023,4.0,0.0,both,6
8,0,0,0,0,2,2,58,14,0,44,7,0,7,7,7,8,7,28,86,86,19,16,0.9883720930232558,0.4186046511627907,2.0,0.0,both,6
9,0,0,0,0,0,0,49,2,0,47,0,0,0,0,6,2,9,37,86,86,7,14,0.9883720930232558,0.4186046511627907,0.0,0.0,both,6
10,0,0,0,0,1,1,49,1,0,48,0,0,0,0,0,1,0,37,86,86,0,6,0.9883720930232558,0.43023255813953487,1.0,0.0,both,6
11,0,0,0,0,0,0,49,1,0,48,0,0,0,0,0,1,0,37,86,86,0,3,0.9883720930232558,0.43023255813953487,0.0,0.0,both,6
12,0,0,0,0,0,0,49,0,0,49,0,0,0,0,0,0,0,37,86,86,0,1,0.9883720930232558,0.43023255813953487,0.0,0.0,both,6
13,0,0,0,0,1,1,49,1,0,48,0,0,0,0,0,1,0,37,86,86,0,1,0.9883720930232558,0.4418604651162791,1.0,0.0,both,6
14,0,0,0,0,0,0,49,1,0,48,0,0,0,0,0,1,0,37,86,86,0,1,0.9883720930232558,0.4418604651162791,0.0,0.0,both,6
15,0,0,0,0,0,0,49,0,0,49,0,0,0,0,0,0,0,37,86,86,0,1,0.9883720930232558,0.4418604651162791,0.0,0.0,both,6
16,0,0,0,0,0,0,49,0,0,49,0,0,0,0,0,0,0,37,86,86,0,1,0.9883720930232558,0.4418604651162791,0.0,0.0,both,6
17,0,0,0,0,0,0,49,0,0,49,0,0,0,0,0,0,0,37,86,86,0,0,0.9883720930232558,0.4418604651162791,0.0,0.0,both,6
18,0,0,0,0,0,0,49,0,0,49,0,0,0,0,0,0,0,37,86,86,0,0,0.9883720930232558,0.4418604651162791,0.0,0.0,both,6
19,0,0,0,0,0,0,49,0,0,49,0,0,0,0,0,0,0,37,86,86,0,0,0.9883720930232558,0.4418604651162791,0.0,0.0,both,6
20,0,0,0,0,0,0,49,0,0,49,0,0,0,0,0,0,0,37,86,86,0,0,0.9883720930232558,0.4418604651162791,0.0,0.0,both,6
21,0,0,0,0,0,0,49,0,0,49,0,0,0,0,0,0,0,37,86,86,0,0,0.9883720930232558,0.4418604651162791,0.0,0.0,both,6
22,0,0,0,0,0,0,49,0,0,49,0,0,0,0,0,0,0,37,86,86,0,0,0.9883720930232558,0.4418604651162791,0.0,0.0,both,6
23,0,0,0,0,0,0,49,0,0,49,0,0,0,0,0,0,0,37,86,86,0,0,0.9883720930232558,0.4418604651162791,0.0,0.0,both,6
24,0,0,0,0,0,0,49,0,0,49,0,0,0,0,0,0,0,37,86,86,0,0,0.9883720930232558,0.4418604651162791,0.0,0.0,both,6
25,0,0,0,0,0,0,49,0,0,49,0,0,0,0,0,0,0,37,86,86,0,0,0.9883720930232558,0.4418604651162791,0.0,0.0,both,6
26,0,0,0,0,0,0,49,0,0,49,0,0,0,0,0,0,0,37,86,86,0,0,0.9883720930232558,0.4418604651162791,0.0,0.0,both,6
27,0,0,0,0,0,0,49,0,0,49,0,0,0,0,0,0,0,37,86,86,0,0,0.9883720930232558,0.4418604651162791,0.0,0.0,both,6
28,0,0,0,0,0,0,49,0,0,49,0,0,0,0,0,0,0,37,86,86,0,0,0.9883720930232558,0.4418604651162791,0.0,0.0,both,6
29,0,0,0,0,0,0,49,0,0,49,0,0,0,0,0,0,0,37,86,86,0,0,0.9883720930232558,0.4418604651162791,0.0,0.0,both,6
30,0,0,0,0,0,0,49,0,0,49,0,0,0,0,0,0,0,37,86,86,0,0,0.9883720930232558,0.4418604651162791,0.0,0.0,both,6
31,0,0,0,0,0,0,49,0,0,49,0,0,0,0,0,0,0,37,86,86,0,0,0.9883720930232558,0.4418604651162791,0.0,0.0,both,6
32,0,0,0,0,0,0,49,0,0,49,0,0,0,0,0,0,0,37,86,86,0,0,0.9883720930232558,0.4418604651162791,0.0,0.0,both,6
33,0,0,0,0,0,0,49,0,0,49,0,0,0,0,0,0,0,37,86,86,0,0,0.9883720930232558,0.4418604651162791,0.0,0.0,both,6
34,0,0,0,0,0,0,49,0,0,49,0,0,0,0,0,0,0,37,86,86,0,0,0.9883720930232558,0.4418604651162791,0.0,0.0,both,6
35,0,0,0,0,0,0,49,0,0,49,0,0,0,0,0,0,0,37,86,86,0,0,0.9883720930232558,0.4418604651162791,0.0,0.0,both,6
36,0,0,0,0,0,0,49,0,0,49,0,0,0,0,0,0,0,37,86,86,0,0,0.9883720930232558,0.4418604651162791,0.0,0.0,both,6
37,0,0,0,0,0,0,49,0,0,49,0,0,0,0,0,0,0,37,86,86,0,0,0.9883720930232558,0.4418604651162791,0.0,0.0,both,6
38,0,0,0,0,0,0,49,0,0,49,0,0,0,0,0,0,0,37,86,86,0,0,0.9883720930232558,0.4418604651162791,0.0,0.0,both,6
39,0,0,0,0,0,0,49,0,0,49,0,0,0,0,0,0,0,37,86,86,0,0,0.9883720930232558,0.4418604651162791,0.0,0.0,both,6
40,0,0,0,0,0,0,49,0,0,49,0,0,0,0,0,0,0,37,86,86,0,0,0.9883720930232558,0.4418604651162791,0.0,0.0,both,6
41,0,0,0,0,0,0,49,0,0,49,0,0,0,0,0,0,0,37,86,86,0,0,0.9883720930232558,0.4418604651162791,0.0,0.0,both,6
42,0,0,0,0,0,0,49,0,0,49,0,0,0,0,0,0,0,37,86,86,0,0,0.9883720930232558,0.4418604651162791,0.0,0.0,both,6
43,0,0,0,0,0,0,49,0,0,49,0,0,0,0,0,0,0,37,86,86,0,0,0.9883720930232558,0.4418604651162791,0.0,0.0,both,6
44,0,0,0,0,0,0,49,0,0,49,0,0,0,0,0,0,0,37,86,86,0,0,0.9883720930232558,0.4418604651162791,0.0,0.0,both,6
0,84,84,84,84,0,0,84,84,0,0,84,84,0,0,0,0,0,0,84,84,0,0,1.0,0.0,0.0,0.0,domestic_only,7
1,0,0,0,0,0,0,84,84,0,0,84,84,0,0,0,0,0,0,84,84,84,0,1.0,0.0,0.0,0.0,domestic_only,7
2,0,0,0,0,0,0,84,78,0,6,78,72,6,6,0,0,0,0,84,84,84,0,1.0,0.0,0.0,0.0,domestic_only,7
3,0,0,0,0,0,0,78,65,0,13,65,60,5,5,6,0,6,6,84,84,84,0,1.0,0.0,0.0,0.0,domestic_only,7
4,0,0,0,0,0,0,73,54,0,19,54,48,6,6,5,0,5,11,84,84,65,0,1.0,0.0,0.0,0.0,domestic_only,7
5,0,0,0,0,0,0,67,41,0,26,41,36,5,5,6,0,6,17,84,84,54,0,1.0,0.0,0.0,0.0,domestic_only,7
6,0,0,0,0,0,0,64,30,0,34,30,24,6,6,3,0,3,20,84,84,41,0,1.0,0.0,0.0,0.0,domestic_only,7
7,0,0,0,0,0,0,59,19,0,40,19,12,7,7,5,0,5,25,84,84,30,0,1.0,0.0,0.0,0.0,domestic_only,7
8,0,0,0,0,0,0,54,5,0,49,5,0,5,5,5,0,5,30,84,84,19,0,1.0,0.0,0.0,0.0,domestic_only,7
9,0,0,0,0,0,0,50,0,0,50,0,0,0,0,4,0,4,34,84,84,5,0,1.0,0.0,0.0,0.0,domestic_only,7
10,0,0,0,0,0,0,50,0,0,50,0,0,0,0,0,0,0,34,84,84,0,0,1.0,0.0,0.0,0.0,domestic_only,7
11,0,0,0,0,0,0,50,0,0,50,0,0,0,0,0,0,0,34,84,84,0,0,1.0,0.0,0.0,0.0,domestic_only,7
12,0,0,0,0,0,0,50,0,0,50,0,0,0,0,0,0,0,34,84,84,0,0,1.0,0.0,0.0,0.0,domestic_only,7
13,0,0,0,0,0,0,50,0,0,50,0,0,0,0,0,0,0,34,84,84,0,0,1.0,0.0,0.0,0.0,domestic_only,7
14,0,0,0,0,0,0,50,0,0,50,0,0,0,0,0,0,0,34,84,84,0,0,1.0,0.0,0.0,0.0,domestic_only,7
15,0,0,0,0,0,0,50,0,0,50,0,0,0,0,0,0,0,34,84,84,0,0,1.0,0.0,0.0,0.0,domestic_only,7
16,0,0,0,0,0,0,50,0,0,50,0,0,0,0,0,0,0,34,84,84,0,0,1.0,0.0,0.0,0.0,domestic_only,7
17,0,0,0,0,0,0,50,0,0,50,0,0,0,0,0,0,0,34,84,84,0,0,1.0,0.0,0.0,0.0,domestic_only,7
18,0,0,0,0,0,0,50,0,0,50,0,0,0,0,0,0,0,34,84,84,0,0,1.0,0.0,0.0,0.0,domestic_only,7
19,0,0,0,0,0,0,50,0,0,50,0,0,0,0,0,0,0,34,84,84,0,0,1.0,0.0,0.0,0.0,domestic_only,7
20,0,0,0,0,0,0,50,0,0,50,0,0,0,0,0,0,0,34,84,84,0,0,1.0,0.0,0.0,0.0,domestic_only,7
21,0,0,0,0,0,0,50,0,0,50,0,0,0,0,0,0,0,34,84,84,0,0,1.0,0.0,0.0,0.0,domestic_only,7
22,0,0,0,0,0,0,50,0,0,50,0,0,0,0,0,0,0,34,84,84,0,0,1.0,0.0,0.0,0.0,domestic_only,7
23,0,0,0,0,0,0,50,0,0,50,0,0,0,0,0,0,0,34,84,84,0,0,1.0,0.0,0.0,0.0,domestic_only,7
24,0,0,0,0,0,0,50,0,0,50,0,0,0,0,0,0,0,34,84,84,0,0,1.0,0.0,0.0,0.0,domestic_only,7
25,0,0,0,0,0,0,50,0,0,50,0,0,0,0,0,0,0,34,84,84,0,0,1.0,0.0,0.0,0.0,domestic_only,7
26,0,0,0,0,0,0,50,0,0,50,0,0,0,0,0,0,0,34,84,84,0,0,1.0,0.0,0.0,0.0,domestic_only,7
27,0,0,0,0,0,0,50,0,0,50,0,0,0,0,0,0,0,34,84,84,0,0,1.0,0.0,0.0,0.0,domestic_only,7
28,0,0,0,0,0,0,50,0,0,50,0,0,0,0,0,0,0,34,84,84,0,0,1.0,0.0,0.0,0.0,domestic_only,7
29,0,0,0,0,0,0,50,0,0,50,0,0,0,0,0,0,0,34,84,84,0,0,1.0,0.0,0.0,0.0,domestic_only,7
30,0,0,0,0,0,0,50,0,0,50,0,0,0,0,0,0,0,34,84,84,0,0,1.0,0.0,0.0,0.0,domestic_only,7
31,0,0,0,0,0,0,50,0,0,50,0,0,0,0,0,0,0,34,84,84,0,0,1.0,0.0,0.0,0.0,domestic_only,7
32,0,0,0,0,0,0,50,0,0,50,0,0,0,0,0,0,0,34,84,84,0,0,1.0,0.0,0.0,0.0,domestic_only,7
33,0,0,0,0,0,0,50,0,0,50,0,0,0,0,0,0,0,34,84,84,0,0,1.0,0.0,0.0,0.0,domestic_only,7
34,0,0,0,0,0,0,50,0,0,50,0,0,0,0,0,0,0,34,84,84,0,0,1.0,0.0,0.0,0.0,domestic_only,7
35,0,0,0,0,0,0,50,0,0,50,0,0,0,0,0,0,0,34,84,84,0,0,1.0,0.0,0.0,0.0,domestic_only,7
36,0,0,0,0,0,0,50,0,0,50,0,0,0,0,0,0,0,34,84,84,0,0,1.0,0.0,0.0,0.0,domestic_only,7
37,0,0,0,0,0,0,50,0,0,50,0,0,0,0,0,0,0,34,84,84,0,0,1.0,0.0,0.0,0.0,domestic_only,7
38,0,0,0,0,0,0,50,0,0,50,0,0,0,0,0,0,0,34,84,84,0,0,1.0,0.0,0.0,0.0,domestic_only,7
39,0,0,0,0,0,0,50,0,0,50,0,0,0,0,0,0,0,34,84,84,0,0,1.0,0.0,0.0,0.0,domestic_only,7
40,0,0,0,0,0,0,50,0,0,50,0,0,0,0,0,0,0,34,84,84,0,0,1.0,0.0,0.0,0.0,domestic_only,7
41,0,0,0,0,0,0,50,0,0,50,0,0,0,0,0,0,0,34,84,84,0,0,1.0,0.0,0.0,0.0,domestic_only,7
42,0,0,0,0,0,0,50,0,0,50,0,0,0,0,0,0,0,34,84,84,0,0,1.0,0.0,0.0,0.0,domestic_only,7
43,0,0,0,0,0,0,50,0,0,50,0,0,0,0,0,0,0,34,84,84,0,0,1.0,0.0,0.0,0.0,domestic_only,7
44,0,0,0,0,0,0,50,0,0,50,0,0,0,0,0,0,0,34,84,84,0,0,1.0,0.0,0.0,0.0,domestic_only,7
0,84,45,45,0,45,0,84,45,39,0,0,0,0,0,0,45,0,0,45,84,0,0,0.0,0.5357142857142857,0.0,0.0,customer_only,7
1,0,4,4,0,4,0,84,49,35,0,0,0,0,0,0,49,0,0,49,84,0,45,0.0,0.5833333333333334,0.0,0.0,customer_only,7
2,0,0,0,0,0,0,84,40,35,9,0,0,0,0,0,40,0,0,49,84,0,49,0.0,0.5833333333333334,0.0,0.0,customer_only,7
3,0,0,0,0,0,0,83,32,35,16,0,0,0,0,0,32,1,1,49,84,0,49,0.0,0.5833333333333334,0.0,0.0,customer_only,7
4,0,0,0,0,0,0,80,20,35,25,0,0,0,0,0,20,3,4,49,84,0,32,0.0,0.5833333333333334,0.0,0.0,customer_only,7
5,0,0,0,0,0,0,79,7,35,37,0,0,0,0,0,7,1,5,49,84,0,20,0.0,0.5833333333333334,0.0,0.0,customer_only,7
6,0,0,0,0,0,0,75,0,35,40,0,0,0,0,0,0,4,9,49,84,0,7,0.0,0.5833333333333334,0.0,0.0,customer_only,7
7,0,0,0,0,0,0,75,0,35,40,0,0,0,0,0,0,0,9,49,84,0,0,0.0,0.5833333333333334,0.0,0.0,customer_only,7
8,0,0,0,0,0,0,75,0,35,40,0,0,0,0,0,0,0,9,49,84,0,0,0.0,0.5833333333333334,0.0,0.0,customer_only,7
9,0,0,0,0,0,0,75,0,35,40,0,0,0,0,0,0,0,9,49,84,0,0,0.0,0.5833333333333334,0.0,0.0,customer_only,7
10,0,0,0,0,0,0,75,0,35,40,0,0,0,0,0,0,0,9,49,84,0,0,0.0,0.5833333333333334,0.0,0.0,customer_only,7
11,0,0,0,0,0,0,75,0,35,40,0,0,0,0,0,0,0,9,49,84,0,0,0.0,0.5833333333333334,0.0,0.0,customer_only,7
12,0,0,0,0,0,0,75,0,35,40,0,0,0,0,0,0,0,9,49,84,0,0,0.0,0.5833333333333334,0.0,0.0,customer_only,7
13,0,0,0,0,0,0,75,0,35,40,0,0,0,0,0,0,0,9,49,84,0,0,0.0,0.5833333333333334,0.0,0.0,customer_only,7
14,0,0,0,0,0,0,75,0,35,40,0,0,0,0,0,0,0,9,49,84,0,0,0.0,0.5833333333333334,0.0,0.0,customer_only,7
15,0,0,0,0,0,0,75,0,35,40,0,0,0,0,0,0,0,9,49,84,0,0,0.0,0.5833333333333334,0.0,0.0,customer_only,7
16,0,0,0,0,0,0,75,0,35,40,0,0,0,0,0,0,0,9,49,84,0,0,0.0,0.5833333333333334,0.0,0.0,customer_only,7
17,0,0,0,0,0,0,75,0,35,40,0,0,0,0,0,0,0,9,49,84,0,0,0.0,0.5833333333333334,0.0,0.0,customer_only,7
18,0,0,0,0,0,0,75,0,35,40,0,0,0,0,0,0,0,9,49,84,0,0,0.0,0.5833333333333334,0.0,0.0,customer_only,7
19,0,0,0,0,0,0,75,0,35,40,0,0,0,0,0,0,0,9,49,84,0,0,0.0,0.5833333333333334,0.0,0.0,customer_only,7
20,0,0,0,0,0,0,75,0,35,40,0,0,0,0,0,0,0,9,49,84,0,0,0.0,0.5833333333333334,0.0,0.0,customer_only,7
21,0,0,0,0,0,0,75,0,35,40,0,0,0,0,0,0,0,9,49,84,0,0,0.0,0.5833333333333334,0.0,0.0,customer_only,7
22,0,0,0,0,0,0,75,0,35,40,0,0,0,0,0,0,0,9,49,84,0,0,0.0,0.5833333333333334,0.0,0.0,customer_only,7
23,0,0,0,0,0,0,75,0,35,40,0,0,0,0,0,0,0,9,49,84,0,0,0.0,0.5833333333333334,0.0,0.0,customer_only,7
24,0,0,0,0,0,0,75,0,35,40,0,0,0,0,0,0,0,9,49,84,0,0,0.0,0.5833333333333334,0.0,0.0,customer_only,7
25,0,0,0,0,0,0,75,0,35,40,0,0,0,0,0,0,0,9,49,84,0,0,0.0,0.5833333333333334,0.0,0.0,customer_only,7
26,0,0,0,0,0,0,75,0,35,40,0,0,0,0,0,0,0,9,49,84,0,0,0.0,0.5833333333333334,0.0,0.0,customer_only,7
27,0,0,0,0,0,0,75,0,35,40,0,0,0,0,0,0,0,9,49,84,0,0,0.0,0.5833333333333334,0.0,0.0,customer_only,7
28,0,0,0,0,0,0,75,0,35,40,0,0,0,0,0,0,0,9,49,84,0,0,0.0,0.5833333333333334,0.0,0.0,customer_only,7
29,0,0,0,0,0,0,75,0,35,40,0,0,0,0,0,0,0,9,49,84,0,0,0.0,0.5833333333333334,0.0,0.0,customer_only,7
30,0,0,0,0,0,0,75,0,35,40,0,0,0,0,0,0,0,9,49,84,0,0,0.0,0.5833333333333334,0.0,0.0,customer_only,7
31,0,0,0,0,0,0,75,0,35,40,0,0,0,0,0,0,0,9,49,84,0,0,0.0,0.5833333333333334,0.0,0.0,customer_only,7
32,0,0,0,0,0,0,75,0,35,40,0,0,0,0,0,0,0,9,49,84,0,0,0.0,0.5833333333333334,0.0,0.0,customer_only,7
33,0,0,0,0,0,0,75,0,35,40,0,0,0,0,0,0,0,9,49,84,0,0,0.0,0.5833333333333334,0.0,0.0,customer_only,7
34,0,0,0,0,0,0,75,0,35,40,0,0,0,0,0,0,0,9,49,84,0,0,0.0,0.5833333333333334,0.0,0.0,customer_only,7
35,0,0,0,0,0,0,75,0,35,40,0,0,0,0,0,0,0,9,49,84,0,0,0.0,0.5833333333333334,0.0,0.0,customer_only,7
36,0,0,0,0,0,0,75,0,35,40,0,0,0,0,0,0,0,9,49,84,0,0,0.0,0.5833333333333334,0.0,0.0,customer_only,7
37,0,0,0,0,0,0,75,0,35,40,0,0,0,0,0,0,0,9,49,84,0,0,0.0,0.5833333333333334,0.0,0.0,customer_only,7
38,0,0,0,0,0,0,75,0,35,40,0,0,0,0,0,0,0,9,49,84,0,0,0.0,0.5833333333333334,0.0,0.0,customer_only,7
39,0,0,0,0,0,0,75,0,35,40,0,0,0,0,0,0,0,9,49,84,0,0,0.0,0.5833333333333334,0.0,0.0,customer_only,7
40,0,0,0,0,0,0,75,0,35,40,0,0,0,0,0,0,0,9,49,84,0,0,0.0,0.5833333333333334,0.0,0.0,customer_only,7
41,0,0,0,0,0,0,75,0,35,40,0,0,0,0,0,0,0,9,49,84,0,0,0.0,0.5833333333333334,0.0,0.0,customer_only,7
42,0,0,0,0,0,0,75,0,35,40,0,0,0,0,0,0,0,9,49,84,0,0,0.0,0.5833333333333334,0.0,0.0,customer_only,7
43,0,0,0,0,0,0,75,0,35,40,0,0,0,0,0,0,0,9,49,84,0,0,0.0,0.5833333333333334,0.0,0.0,customer_only,7
44,0,0,0,0,0,0,75,0,35,40,0,0,0,0,0,0,0,9,49,84,0,0,0.0,0.5833333333333334,0.0,0.0,customer_only,7
0,84,84,84,80,14,0,84,84,0,0,80,80,0,0,0,14,0,0,84,84,0,0,0.9523809523809523,0.16666666666666666,0.0,0.0,both,7
1,0,0,0,0,0,0,84,84,0,0,80,80,0,0,0,14,0,0,84,84,80,14,0.9523809523809523,0.16666666666666666,0.0,0.0,both,7
2,0,0,0,0,0,0,84,75,0,9,74,68,6,6,0,5,0,0,84,84,80,14,0.9523809523809523,0.16666666666666666,0.0,0.0,both,7
3,0,0,0,3,0,3,77,64,0,13,63,58,5,5,6,1,7,7,84,84,80,14,0.9880952380952381,0.16666666666666666,0.0,3.0,both,7
4,0,0,0,1,5,6,72,55,0,17,52,47,5,5,5,5,5,12,84,84,63,1,1.0,0.2261904761904762,5.0,1.0,both,7
5,0,0,0,0,4,4,67,48,0,19,41,35,6,6,5,9,5,17,84,84,52,5,1.0,0.27380952380952384,4.0,0.0,both,7
6,0,0,0,0,3,3,63,36,0,27,29,23,6,6,4,9,4,21,84,84,41,9,1.0,0.30952380952380953,3.0,0.0,both,7
7,0,0,0,0,4,4,58,25,0,33,17,11,6,6,4,9,5,26,84,84,29,12,1.0,0.35714285714285715,4.0,0.0,both,7
8,0,0,0,0,2,2,53,11,0,42,3,0,3,3,4,9,5,31,84,84,17,11,1.0,0.38095238095238093,2.0,0.0,both,7
9,0,0,0,0,1,1,49,4,0,45,0,0,0,0,3,4,4,35,84,84,3,9,1.0,0.39285714285714285,1.0,0.0,both,7
10,0,0,0,0,0,0,49,1,0,48,0,0,0,0,0,1,0,35,84,84,0,7,1.0,0.39285714285714285,0.0,0.0,both,7
11,0,0,0,0,0,0,49,0,0,49,0,0,0,0,0,0,0,35,84,84,0,3,1.0,0.39285714285714285,0.0,0.0,both,7
12,0,0,0,0,0,0,49,0,0,49,0,0,0,0,0,0,0,35,84,84,0,1,1.0,0.39285714285714285,0.0,0.0,both,7
13,0,0,0,0,0,0,49,0,0,49,0,0,0,0,0,0,0,35,84,84,0,0,1.0,0.39285714285714285,0.0,0.0,both,7
14,0,0,0,0,0,0,49,0,0,49,0,0,0,0,0,0,0,35,84,84,0,0,1.0,0.39285714285714285,0.0,0.0,both,7
15,0,0,0,0,0,0,49,0,0,49,0,0,0,0,0,0,0,35,84,84,0,0,1.0,0.39285714285714285,0.0,0.0,both,7
16,0,0,0,0,0,0,49,0,0,49,0,0,0,0,0,0,0,35,84,84,0,0,1.0,0.39285714285714285,0.0,0.0,both,7
17,0,0,0,0,0,0,49,0,0,49,0,0,0,0,0,0,0,35,84,84,0,0,1.0,0.39285714285714285,0.0,0.0,both,7
18,0,0,0,0,0,0,49,0,0,49,0,0,0,0,0,0,0,35,84,84,0,0,1.0,0.39285714285714285,0.0,0.0,both,7
19,0,0,0,0,0,0,49,0,0,49,0,0,0,0,0,0,0,35,84,84,0,0,1.0,0.39285714285714285,0.0,0.0,both,7
20,0,0,0,0,0,0,49,0,0,49,0,0,0,0,0,0,0,35,84,84,0,0,1.0,0.39285714285714285,0.0,0.0,both,7
21,0,0,0,0,0,0,49,0,0,49,0,0,0,0,0,0,0,35,84,84,0,0,1.0,0.39285714285714285,0.0,0.0,both,7
22,0,0,0,0,0,0,49,0,0,49,0,0,0,0,0,0,0,35,84,84,0,0,1.0,0.39285714285714285,0.0,0.0,both,7
23,0,0,0,0,0,0,49,0,0,49,0,0,0,0,0,0,0,35,84,84,0,0,1.0,0.39285714285714285,0.0,0.0,both,7
24,0,0,0,0,0,0,49,0,0,49,0,0,0,0,0,0,0,35,84,84,0,0,1.0,0.39285714285714285,0.0,0.0,both,7
25,0,0,0,0,0,0,49,0,0,49,0,0,0,0,0,0,0,35,84,84,0,0,1.0,0.39285714285714285,0.0,0.0,both,7
26,0,0,0,0,0,0,49,0,0,49,0,0,0,0,0,0,0,35,84,84,0,0,1.0,0.39285714285714285,0.0,0.0,both,7
27,0,0,0,0,0,0,49,0,0,49,0,0,0,0,0,0,0,35,84,84,0,0,1.0,0.39285714285714285,0.0,0.0,both,7
28,0,0,0,0,0,0,49,0,0,49,0,0,0,0,0,0,0,35,84,84,0,0,1.0,0.39285714285714285,0.0,0.0,both,7
29,0,0,0,0,0,0,49,0,0,49,0,0,0,0,0,0,0,35,84,84,0,0,1.0,0.39285714285714285,0.0,0.0,both,7
30,0,0,0,0,0,0,49,0,0,49,0,0,0,0,0,0,0,35,84,84,0,0,1.0,0.39285714285714285,0.0,0.0,both,7
31,0,0,0,0,0,0,49,0,0,49,0,0,0,0,0,0,0,35,84,84,0,0,1.0,0.39285714285714285,0.0,0.0,both,7
32,0,0,0,0,0,0,49,0,0,49,0,0,0,0,0,0,0,35,84,84,0,0,1.0,0.39285714285714285,0.0,0.0,both,7
33,0,0,0,0,0,0,49,0,0,49,0,0,0,0,0,0,0,35,84,84,0,0,1.0,0.39285714285714285,0.0,0.0,both,7
34,0,0,0,0,0,0,49,0,0,49,0,0,0,0,0,0,0,35,84,84,0,0,1.0,0.39285714285714285,0.0,0.0,both,7
35,0,0,0,0,0,0,49,0,0,49,0,0,0,0,0,0,0,35,84,84,0,0,1.0,0.39285714285714285,0.0,0.0,both,7
36,0,0,0,0,0,0,49,0,0,49,0,0,0,0,0,0,0,35,84,84,0,0,1.0,0.39285714285714285,0.0,0.0,both,7
37,0,0,0,0,0,0,49,0,0,49,0,0,0,0,0,0,0,35,84,84,0,0,1.0,0.39285714285714285,0.0,0.0,both,7
38,0,0,0,0,0,0,49,0,0,49,0,0,0,0,0,0,0,35,84,84,0,0,1.0,0.39285714285714285,0.0,0.0,both,7
39,0,0,0,0,0,0,49,0,0,49,0,0,0,0,0,0,0,35,84,84,0,0,1.0,0.39285714285714285,0.0,0.0,both,7
40,0,0,0,0,0,0,49,0,0,49,0,0,0,0,0,0,0,35,84,84,0,0,1.0,0.39285714285714285,0.0,0.0,both,7
41,0,0,0,0,0,0,49,0,0,49,0,0,0,0,0,0,0,35,84,84,0,0,1.0,0.39285714285714285,0.0,0.0,both,7
42,0,0,0,0,0,0,49,0,0,49,0,0,0,0,0,0,0,35,84,84,0,0,1.0,0.39285714285714285,0.0,0.0,both,7
43,0,0,0,0,0,0,49,0,0,49,0,0,0,0,0,0,0,35,84,84,0,0,1.0,0.39285714285714285,0.0,0.0,both,7
44,0,0,0,0,0,0,49,0,0,49,0,0,0,0,0,0,0,35,84,84,0,0,1.0,0.39285714285714285,0.0,0.0,both,7
0,71,71,71,71,0,0,71,71,0,0,71,71,0,0,0,0,0,0,71,71,0,0,1.0,0.0,0.0,0.0,domestic_only,8
1,0,0,0,0,0,0,71,71,0,0,71,71,0,0,0,0,0,0,71,71,71,0,1.0,0.0,0.0,0.0,domestic_only,8
2,0,0,0,0,0,0,71,65,0,6,65,59,6,6,0,0,0,0,71,71,71,0,1.0,0.0,0.0,0.0,domestic_only,8
3,0,0,0,0,0,0,67,54,0,13,54,47,7,7,4,0,4,4,71,71,71,0,1.0,0.0,0.0,0.0,domestic_only,8
4,0,0,0,0,0,0,64,44,0,20,44,35,9,9,3,0,3,7,71,71,54,0,1.0,0.0,0.0,0.0,domestic_only,8
5,0,0,0,0,0,0,55,30,0,25,30,23,7,7,9,0,9,16,71,71,44,0,1.0,0.0,0.0,0.0,domestic_only,8
6,0,0,0,0,0,0,49,18,0,31,18,11,7,7,6,0,6,22,71,71,30,0,1.0,0.0,0.0,0.0,domestic_only,8
7,0,0,0,0,0,0,44,3,0,41,3,0,3,3,5,0,5,27,71,71,18,0,1.0,0.0,0.0,0.0,domestic_only,8
8,0,0,0,0,0,0,42,0,0,42,0,0,0,0,2,0,2,29,71,71,3,0,1.0,0.0,0.0,0.0,domestic_only,8
9,0,0,0,0,0,0,42,0,0,42,0,0,0,0,0,0,0,29,71,71,0,0,1.0,0.0,0.0,0.0,domestic_only,8
10,0,0,0,0,0,0,42,0,0,42,0,0,0,0,0,0,0,29,71,71,0,0,1.0,0.0,0.0,0.0,domestic_only,8
11,0,0,0,0,0,0,42,0,0,42,0,0,0,0,0,0,0,29,71,71,0,0,1.0,0.0,0.0,0.0,domestic_only,8
12,0,0,0,0,0,0,42,0,0,42,0,0,0,0,0,0,0,29,71,71,0,0,1.0,0.0,0.0,0.0,domestic_only,8
13,0,0,0,0,0,0,42,0,0,42,0,0,0,0,0,0,0,29,71,71,0,0,1.0,0.0,0.0,0.0,domestic_only,8
14,0,0,0,0,0,0,42,0,0,42,0,0,0,0,0,0,0,29,71,71,0,0,1.0,0.0,0.0,0.0,domestic_only,8
15,0,0,0,0,0,0,42,0,0,42,0,0,0,0,0,0,0,29,71,71,0,0,1.0,0.0,0.0,0.0,domestic_only,8
16,0,0,0,0,0,0,42,0,0,42,0,0,0,0,0,0,0,29,71,71,0,0,1.0,0.0,0.0,0.0,domestic_only,8
17,0,0,0,0,0,0,42,0,0,42,0,0,0,0,0,0,0,29,71,71,0,0,1.0,0.0,0.0,0.0,domestic_only,8
18,0,0,0,0,0,0,42,0,0,42,0,0,0,0,0,0,0,29,71,71,0,0,1.0,0.0,0.0,0.0,domestic_only,8
19,0,0,0,0,0,0,42,0,0,42,0,0,0,0,0,0,0,29,71,71,0,0,1.0,0.0,0.0,0.0,domestic_only,8
20,0,0,0,0,0,0,42,0,0,42,0,0,0,0,0,0,0,29,71,71,0,0,1.0,0.0,0.0,0.0,domestic_only,8
21,0,0,0,0,0,0,42,0,0,42,0,0,0,0,0,0,0,29,71,71,0,0,1.0,0.0,0.0,0.0,domestic_only,8
22,0,0,0,0,0,0,42,0,0,42,0,0,0,0,0,0,0,29,71,71,0,0,1.0,0.0,0.0,0.0,domestic_only,8
23,0,0,0,0,0,0,42,0,0,42,0,0,0,0,0,0,0,29,71,71,0,0,1.0,0.0,0.0,0.0,domestic_only,8
24,0,0,0,0,0,0,42,0,0,42,0,0,0,0,0,0,0,29,71,71,0,0,1.0,0.0,0.0,0.0,domestic_only,8
25,0,0,0,0,0,0,42,0,0,42,0,0,0,0,0,0,0,29,71,71,0,0,1.0,0.0,0.0,0.0,domestic_only,8
26,0,0,0,0,0,0,42,0,0,42,0,0,0,0,0,0,0,29,71,71,0,0,1.0,0.0,0.0,0.0,domestic_only,8
27,0,0,0,0,0,0,42,0,0,42,0,0,0,0,0,0,0,29,71,71,0,0,1.0,0.0,0.0,0.0,domestic_only,8
28,0,0,0,0,0,0,42,0,0,42,0,0,0,0,0,0,0,29,71,71,0,0,1.0,0.0,0.0,0.0,domestic_only,8
29,0,0,0,0,0,0,42,0,0,42,0,0,0,0,0,0,0,29,71,71,0,0,1.0,0.0,0.0,0.0,domestic_only,8
30,0,0,0,0,0,0,42,0,0,42,0,0,0,0,0,0,0,29,71,71,0,0,1.0,0.0,0.0,0.0,domestic_only,8
31,0,0,0,0,0,0,42,0,0,42,0,0,0,0,0,0,0,29,71,71,0,0,1.0,0.0,0.0,0.0,domestic_only,8
32,0,0,0,0,0,0,42,0,0,42,0,0,0,0,0,0,0,29,71,71,0,0,1.0,0.0,0.0,0.0,domestic_only,8
33,0,0,0,0,0,0,42,0,0,42,0,0,0,0,0,0,0,29,71,71,0,0,1.0,0.0,0.0,0.0,domestic_only,8
34,0,0,0,0,0,0,42,0,0,42,0,0,0,0,0,0,0,29,71,71,0,0,1.0,0.0,0.0,0.0,domestic_only,8
35,0,0,0,0,0,0,42,0,0,42,0,0,0,0,0,0,0,29,71,71,0,0,1.0,0.0,0.0,0.0,domestic_only,8
36,0,0,0,0,0,0,42,0,0,42,0,0,0,0,0,0,0,29,71,71,0,0,1.0,0.0,0.0,0.0,domestic_only,8
37,0,0,0,0,0,0,42,0,0,42,0,0,0,0,0,0,0,29,71,71,0,0,1.0,0.0,0.0,0.0,domestic_only,8
38,0,0,0,0,0,0,42,0,0,42,0,0,0,0,0,0,0,29,71,71,0,0,1.0,0.0,0.0,0.0,domestic_only,8
39,0,0,0,0,0,0,42,0,0,42,0,0,0,0,0,0,0,29,71,71,0,0,1.0,0.0,0.0,0.0,domestic_only,8
40,0,0,0,0,0,0,42,0,0,42,0,0,0,0,0,0,0,29,71,71,0,0,1.0,0.0,0.0,0.0,domestic_only,8
41,0,0,0,0,0,0,42,0,0,42,0,0,0,0,0,0,0,29,71,71,0,0,1.0,0.0,0.0,0.0,domestic_only,8
42,0,0,0,0,0,0,42,0,0,42,0,0,0,0,0,0,0,29,71,71,0,0,1.0,0.0,0.0,0.0,domestic_only,8
43,0,0,0,0,0,0,42,0,0,42,0,0,0,0,0,0,0,29,71,71,0,0,1.0,0.0,0.0,0.0,domestic_only,8
44,0,0,0,0,0,0,42,0,0,42,0,0,0,0,0,0,0,29,71,71,0,0,1.0,0.0,0.0,0.0,domestic_only,8
0,71,35,35,0,35,0,71,35,36,0,0,0,0,0,0,35,0,0,35,71,0,0,0.0,0.49295774647887325,0.0,0.0,customer_only,8
1,0,3,3,0,3,0,71,38,33,0,0,0,0,0,0,38,0,0,38,71,0,35,0.0,0.5352112676056338,0.0,0.0,customer_only,8
2,0,0,0,0,0,0,71,31,33,7,0,0,0,0,0,31,0,0,38,71,0,38,0.0,0.5352112676056338,0.0,0.0,customer_only,8
3,0,0,0,0,0,0,71,19,33,19,0,0,0,0,0,19,0,0,38,71,0,38,0.0,0.5352112676056338,0.0,0.0,customer_only,8
4,0,0,0,0,0,0,69,9,33,27,0,0,0,0,0,9,2,2,38,71,0,19,0.0,0.5352112676056338,0.0,0.0,customer_only,8
5,0,1,1,0,1,0,65,2,32,31,0,0,0,0,0,2,4,6,39,71,0,9,0.0,0.5492957746478874,0.0,0.0,customer_only,8
6,0,0,0,0,0,0,65,1,32,32,0,0,0,0,0,1,0,6,39,71,0,2,0.0,0.5492957746478874,0.0,0.0,customer_only,8
7,0,0,0,0,0,0,65,0,32,33,0,0,0,0,0,0,0,6,39,71,0,1,0.0,0.5492957746478874,0.0,0.0,customer_only,8
8,0,0,0,0,0,0,65,0,32,33,0,0,0,0,0,0,0,6,39,71,0,1,0.0,0.5492957746478874,0.0,0.0,customer_only,8
9,0,0,0,0,0,0,65,0,32,33,0,0,0,0,0,0,0,6,39,71,0,0,0.0,0.5492957746478874,0.0,0.0,customer_only,8
10,0,0,0,0,0,0,65,0,32,33,0,0,0,0,0,0,0,6,39,71,0,0,0.0,0.5492957746478874,0.0,0.0,customer_only,8
11,0,0,0,0,0,0,65,0,32,33,0,0,0,0,0,0,0,6,39,71,0,0,0.0,0.5492957746478874,0.0,0.0,customer_only,8
12,0,0,0,0,0,0,65,0,32,33,0,0,0,0,0,0,0,6,39,71,0,0,0.0,0.5492957746478874,0.0,0.0,customer_only,8
13,0,0,0,0,0,0,65,0,32,33,0,0,0,0,0,0,0,6,39,71,0,0,0.0,0.5492957746478874,0.0,0.0,customer_only,8
14,0,0,0,0,0,0,65,0,32,33,0,0,0,0,0,0,0,6,39,71,0,0,0.0,0.5492957746478874,0.0,0.0,customer_only,8
15,0,0,0,0,0,0,65,0,32,33,0,0,0,0,0,0,0,6,39,71,0,0,0.0,0.5492957746478874,0.0,0.0,customer_only,8
16,0,0,0,0,0,0,65,0,32,33,0,0,0,0,0,0,0,6,39,71,0,0,0.0,0.5492957746478874,0.0,0.0,customer_only,8
17,0,0,0,0,0,0,65,0,32,33,0,0,0,0,0,0,0,6,39,71,0,0,0.0,0.5492957746478874,0.0,0.0,customer_only,8
18,0,0,0,0,0,0,65,0,32,33,0,0,0,0,0,0,0,6,39,71,0,0,0.0,0.5492957746478874,0.0,0.0,customer_only,8
19,0,0,0,0,0,0,65,0,32,33,0,0,0,0,0,0,0,6,39,71,0,0,0.0,0.5492957746478874,0.0,0.0,customer_only,8
20,0,0,0,0,0,0,65,0,32,33,0,0,0,0,0,0,0,6,39,71,0,0,0.0,0.5492957746478874,0.0,0.0,customer_only,8
21,0,0,0,0,0,0,65,0,32,33,0,0,0,0,0,0,0,6,39,71,0,0,0.0,0.5492957746478874,0.0,0.0,customer_only,8
22,0,0,0,0,0,0,65,0,32,33,0,0,0,0,0,0,0,6,39,71,0,0,0.0,0.5492957746478874,0.0,0.0,customer_only,8
23,0,0,0,0,0,0,65,0,32,33,0,0,0,0,0,0,0,6,39,71,0,0,0.0,0.5492957746478874,0.0,0.0,customer_only,8
24,0,0,0,0,0,0,65,0,32,33,0,0,0,0,0,0,0,6,39,71,0,0,0.0,0.5492957746478874,0.0,0.0,customer_only,8
25,0,0,0,0,0,0,65,0,32,33,0,0,0,0,0,0,0,6,39,71,0,0,0.0,0.5492957746478874,0.0,0.0,customer_only,8
26,0,0,0,0,0,0,65,0,32,33,0,0,0,0,0,0,0,6,39,71,0,0,0.0,0.5492957746478874,0.0,0.0,customer_only,8
27,0,0,0,0,0,0,65,0,32,33,0,0,0,0,0,0,0,6,39,71,0,0,0.0,0.5492957746478874,0.0,0.0,customer_only,8
28,0,0,0,0,0,0,65,0,32,33,0,0,0,0,0,0,0,6,39,71,0,0,0.0,0.5492957746478874,0.0,0.0,customer_only,8
29,0,0,0,0,0,0,65,0,32,33,0,0,0,0,0,0,0,6,39,71,0,0,0.0,0.5492957746478874,0.0,0.0,customer_only,8
30,0,0,0,0,0,0,65,0,32,33,0,0,0,0,0,0,0,6,39,71,0,0,0.0,0.5492957746478874,0.0,0.0,customer_only,8
31,0,0,0,0,0,0,65,0,32,33,0,0,0,0,0,0,0,6,39,71,0,0,0.0,0.5492957746478874,0.0,0.0,customer_only,8
32,0,0,0,0,0,0,65,0,32,33,0,0,0,0,0,0,0,6,39,71,0,0,0.0,0.5492957746478874,0.0,0.0,customer_only,8
33,0,0,0,0,0,0,65,0,32,33,0,0,0,0,0,0,0,6,39,71,0,0,0.0,0.5492957746478874,0.0,0.0,customer_only,8
34,0,0,0,0,0,0,65,0,32,33,0,0,0,0,0,0,0,6,39,71,0,0,0.0,0.5492957746478874,0.0,0.0,customer_only,8
35,0,0,0,0,0,0,65,0,32,33,0,0,0,0,0,0,0,6,39,71,0,0,0.0,0.5492957746478874,0.0,0.0,customer_only,8
36,0,0,0,0,0,0,65,0,32,33,0,0,0,0,0,0,0,6,39,71,0,0,0.0,0.5492957746478874,0.0,0.0,customer_only,8
37,0,0,0,0,0,0,65,0,32,33,0,0,0,0,0,0,0,6,39,71,0,0,0.0,0.5492957746478874,0.0,0.0,customer_only,8
38,0,0,0,0,0,0,65,0,32,33,0,0,0,0,0,0,0,6,39,71,0,0,0.0,0.5492957746478874,0.0,0.0,customer_only,8
39,0,0,0,0,0,0,65,0,32,33,0,0,0,0,0,0,0,6,39,71,0,0,0.0,0.5492957746478874,0.0,0.0,customer_only,8
40,0,0,0,0,0,0,65,0,32,33,0,0,0,0,0,0,0,6,39,71,0,0,0.0,0.5492957746478874,0.0,0.0,customer_only,8
41,0,0,0,0,0,0,65,0,32,33,0,0,0,0,0,0,0,6,39,71,0,0,0.0,0.5492957746478874,0.0,0.0,customer_only,8
42,0,0,0,0,0,0,65,0,32,33,0,0,0,0,0,0,0,6,39,71,0,0,0.0,0.5492957746478874,0.0,0.0,customer_only,8
43,0,0,0,0,0,0,65,0,32,33,0,0,0,0,0,0,0,6,39,71,0,0,0.0,0.5492957746478874,0.0,0.0,customer_only,8
44,0,0,0,0,0,0,65,0,32,33,0,0,0,0,0,0,0,6,39,71,0,0,0.0,0.5492957746478874,0.0,0.0,customer_only,8
0,71,71,71,70,10,0,71,71,0,0,70,70,0,0,0,10,0,0,71,71,0,0,0.9859154929577465,0.14084507042253522,0.0,0.0,both,8
1,0,0,0,0,0,0,71,71,0,0,70,70,0,0,0,10,0,0,71,71,70,10,0.9859154929577465,0.14084507042253522,0.0,0.0,both,8
2,0,0,0,0,0,0,71,64,0,7,64,58,6,6,0,4,0,0,71,71,70,10,0.9859154929577465,0.14084507042253522,0.0,0.0,both,8
3,0,0,0,1,2,3,65,55,0,10,53,45,8,8,4,2,6,6,71,71,70,10,1.0,0.16901408450704225,2.0,1.0,both,8
4,0,0,0,0,2,2,61,45,0,16,41,33,8,8,4,4,4,10,71,71,53,2,1.0,0.19718309859154928,2.0,0.0,both,8
5,0,0,0,0,4,4,53,35,0,18,30,21,9,9,8,6,8,18,71,71,41,4,1.0,0.2535211267605634,4.0,0.0,both,8
6,0,0,0,0,2,2,45,20,0,25,15,9,6,6,8,5,8,26,71,71,30,8,1.0,0.28169014084507044,2.0,0.0,both,8
7,0,0,0,0,2,2,38,5,0,33,2,0,2,2,5,3,7,33,71,71,15,8,1.0,0.30985915492957744,2.0,0.0,both,8
8,0,0,0,0,4,4,35,4,0,31,0,0,0,0,2,4,3,36,71,71,2,8,1.0,0.36619718309859156,4.0,0.0,both,8
9,0,0,0,0,0,0,35,4,0,31,0,0,0,0,0,4,0,36,71,71,0,8,1.0,0.36619718309859156,0.0,0.0,both,8
10,0,0,0,0,0,0,34,0,0,34,0,0,0,0,0,0,1,37,71,71,0,6,1.0,0.36619718309859156,0.0,0.0,both,8
11,0,0,0,0,0,0,34,0,0,34,0,0,0,0,0,0,0,37,71,71,0,4,1.0,0.36619718309859156,0.0,0.0,both,8
12,0,0,0,0,0,0,34,0,0,34,0,0,0,0,0,0,0,37,71,71,0,0,1.0,0.36619718309859156,0.0,0.0,both,8
13,0,0,0,0,0,0,34,0,0,34,0,0,0,0,0,0,0,37,71,71,0,0,1.0,0.36619718309859156,0.0,0.0,both,8
14,0,0,0,0,0,0,34,0,0,34,0,0,0,0,0,0,0,37,71,71,0,0,1.0,0.36619718309859156,0.0,0.0,both,8
15,0,0,0,0,0,0,34,0,0,34,0,0,0,0,0,0,0,37,71,71,0,0,1.0,0.36619718309859156,0.0,0.0,both,8
16,0,0,0,0,0,0,34,0,0,34,0,0,0,0,0,0,0,37,71,71,0,0,1.0,0.36619718309859156,0.0,0.0,both,8
17,0,0,0,0,0,0,34,0,0,34,0,0,0,0,0,0,0,37,71,71,0,0,1.0,0.36619718309859156,0.0,0.0,both,8
18,0,0,0,0,0,0,34,0,0,34,0,0,0,0,0,0,0,37,71,71,0,0,1.0,0.36619718309859156,0.0,0.0,both,8
19,0,0,0,0,0,0,34,0,0,34,0,0,0,0,0,0,0,37,71,71,0,0,1.0,0.36619718309859156,0.0,0.0,both,8
20,0,0,0,0,0,0,34,0,0,34,0,0,0,0,0,0,0,37,71,71,0,0,1.0,0.36619718309859156,0.0,0.0,both,8
21,0,0,0,0,0,0,34,0,0,34,0,0,0,0,0,0,0,37,71,71,0,0,1.0,0.36619718309859156,0.0,0.0,both,8
22,0,0,0,0,0,0,34,0,0,34,0,0,0,0,0,0,0,37,71,71,0,0,1.0,0.36619718309859156,0.0,0.0,both,8
23,0,0,0,0,0,0,34,0,0,34,0,0,0,0,0,0,0,37,71,71,0,0,1.0,0.36619718309859156,0.0,0.0,both,8
24,0,0,0,0,0,0,34,0,0,34,0,0,0,0,0,0,0,37,71,71,0,0,1.0,0.36619718309859156,0.0,0.0,both,8
25,0,0,0,0,0,0,34,0,0,34,0,0,0,0,0,0,0,37,71,71,0,0,1.0,0.36619718309859156,0.0,0.0,both,8
26,0,0,0,0,0,0,34,0,0,34,0,0,0,0,0,0,0,37,71,71,0,0,1.0,0.36619718309859156,0.0,0.0,both,8
27,0,0,0,0,0,0,34,0,0,34,0,0,0,0,0,0,0,37,71,71,0,0,1.0,0.36619718309859156,0.0,0.0,both,8
28,0,0,0,0,0,0,34,0,0,34,0,0,0,0,0,0,0,37,71,71,0,0,1.0,0.36619718309859156,0.0,0.0,both,8
29,0,0,0,0,0,0,34,0,0,34,0,0,0,0,0,0,0,37,71,71,0,0,1.0,0.36619718309859156,0.0,0.0,both,8
30,0,0,0,0,0,0,34,0,0,34,0,0,0,0,0,0,0,37,71,71,0,0,1.0,0.36619718309859156,0.0,0.0,both,8
31,0,0,0,0,0,0,34,0,0,34,0,0,0,0,0,0,0,37,71,71,0,0,1.0,0.36619718309859156,0.0,0.0,both,8
32,0,0,0,0,0,0,34,0,0,34,0,0,0,0,0,0,0,37,71,71,0,0,1.0,0.36619718309859156,0.0,0.0,both,8
33,0,0,0,0,0,0,34,0,0,34,0,0,0,0,0,0,0,37,71,71,0,0,1.0,0.36619718309859156,0.0,0.0,both,8
34,0,0,0,0,0,0,34,0,0,34,0,0,0,0,0,0,0,37,71,71,0,0,1.0,0.36619718309859156,0.0,0.0,both,8
35,0,0,0,0,0,0,34,0,0,34,0,0,0,0,0,0,0,37,71,71,0,0,1.0,0.36619718309859156,0.0,0.0,both,8
36,0,0,0,0,0,0,34,0,0,34,0,0,0,0,0,0,0,37,71,71,0,0,1.0,0.36619718309859156,0.0,0.0,both,8
37,0,0,0,0,0,0,34,0,0,34,0,0,0,0,0,0,0,37,71,71,0,0,1.0,0.36619718309859156,0.0,0.0,both,8
38,0,0,0,0,0,0,34,0,0,34,0,0,0,0,0,0,0,37,71,71,0,0,1.0,0.36619718309859156,0.0,0.0,both,8
39,0,0,0,0,0,0,34,0,0,34,0,0,0,0,0,0,0,37,71,71,0,0,1.0,0.36619718309859156,0.0,0.0,both,8
40,0,0,0,0,0,0,34,0,0,34,0,0,0,0,0,0,0,37,71,71,0,0,1.0,0.36619718309859156,0.0,0.0,both,8
41,0,0,0,0,0,0,34,0,0,34,0,0,0,0,0,0,0,37,71,71,0,0,1.0,0.36619718309859156,0.0,0.0,both,8
42,0,0,0,0,0,0,34,0,0,34,0,0,0,0,0,0,0,37,71,71,0,0,1.0,0.36619718309859156,0.0,0.0,both,8
43,0,0,0,0,0,0,34,0,0,34,0,0,0,0,0,0,0,37,71,71,0,0,1.0,0.36619718309859156,0.0,0.0,both,8
44,0,0,0,0,0,0,34,0,0,34,0,0,0,0,0,0,0,37,71,71,0,0,1.0,0.36619718309859156,0.0,0.0,both,8
0,64,64,64,64,0,0,64,64,0,0,64,64,0,0,0,0,0,0,64,64,0,0,1.0,0.0,0.0,0.0,domestic_only,9
1,0,0,0,0,0,0,64,64,0,0,64,64,0,0,0,0,0,0,64,64,64,0,1.0,0.0,0.0,0.0,domestic_only,9
2,0,0,0,0,0,0,64,58,0,6,58,52,6,6,0,0,0,0,64,64,64,0,1.0,0.0,0.0,0.0,domestic_only,9
3,0,0,0,0,0,0,59,45,0,14,45,40,5,5,5,0,5,5,64,64,64,0,1.0,0.0,0.0,0.0,domestic_only,9
4,0,0,0,0,0,0,54,33,0,21,33,28,5,5,5,0,5,10,64,64,45,0,1.0,0.0,0.0,0.0,domestic_only,9
5,0,0,0,0,0,0,49,21,0,28,21,16,5,5,5,0,5,15,64,64,33,0,1.0,0.0,0.0,0.0,domestic_only,9
6,0,0,0,0,0,0,46,8,0,38,8,4,4,4,3,0,3,18,64,64,21,0,1.0,0.0,0.0,0.0,domestic_only,9
7,0,0,0,0,0,0,44,3,0,41,3,0,3,3,2,0,2,20,64,64,8,0,1.0,0.0,0.0,0.0,domestic_only,9
8,0,0,0,0,0,0,41,0,0,41,0,0,0,0,3,0,3,23,64,64,3,0,1.0,0.0,0.0,0.0,domestic_only,9
9,0,0,0,0,0,0,41,0,0,41,0,0,0,0,0,0,0,23,64,64,0,0,1.0,0.0,0.0,0.0,domestic_only,9
10,0,0,0,0,0,0,41,0,0,41,0,0,0,0,0,0,0,23,64,64,0,0,1.0,0.0,0.0,0.0,domestic_only,9
11,0,0,0,0,0,0,41,0,0,41,0,0,0,0,0,0,0,23,64,64,0,0,1.0,0.0,0.0,0.0,domestic_only,9
12,0,0,0,0,0,0,41,0,0,41,0,0,0,0,0,0,0,23,64,64,0,0,1.0,0.0,0.0,0.0,domestic_only,9
13,0,0,0,0,0,0,41,0,0,41,0,0,0,0,0,0,0,23,64,64,0,0,1.0,0.0,0.0,0.0,domestic_only,9
14,0,0,0,0,0,0,41,0,0,41,0,0,0,0,0,0,0,23,64,64,0,0,1.0,0.0,0.0,0.0,domestic_only,9
15,0,0,0,0,0,0,41,0,0,41,0,0,0,0,0,0,0,23,64,64,0,0,1.0,0.0,0.0,0.0,domestic_only,9
16,0,0,0,0,0,0,41,0,0,41,0,0,0,0,0,0,0,23,64,64,0,0,1.0,0.0,0.0,0.0,domestic_only,9
17,0,0,0,0,0,0,41,0,0,41,0,0,0,0,0,0,0,23,64,64,0,0,1.0,0.0,0.0,0.0,domestic_only,9
18,0,0,0,0,0,0,41,0,0,41,0,0,0,0,0,0,0,23,64,64,0,0,1.0,0.0,0.0,0.0,domestic_only,9
19,0,0,0,0,0,0,41,0,0,41,0,0,0,0,0,0,0,23,64,64,0,0,1.0,0.0,0.0,0.0,domestic_only,9
20,0,0,0,0,0,0,41,0,0,41,0,0,0,0,0,0,0,23,64,64,0,0,1.0,0.0,0.0,0.0,domestic_only,9
21,0,0,0,0,0,0,41,0,0,41,0,0,0,0,0,0,0,23,64,64,0,0,1.0,0.0,0.0,0.0,domestic_only,9
22,0,0,0,0,0,0,41,0,0,41,0,0,0,0,0,0,0,23,64,64,0,0,1.0,0.0,0.0,0.0,domestic_only,9
23,0,0,0,0,0,0,41,0,0,41,0,0,0,0,0,0,0,23,64,64,0,0,1.0,0.0,0.0,0.0,domestic_only,9
24,0,0,0,0,0,0,41,0,0,41,0,0,0,0,0,0,0,23,64,64,0,0,1.0,0.0,0.0,0.0,domestic_only,9
25,0,0,0,0,0,0,41,0,0,41,0,0,0,0,0,0,0,23,64,64,0,0,1.0,0.0,0.0,0.0,domestic_only,9
26,0,0,0,0,0,0,41,0,0,41,0,0,0,0,0,0,0,23,64,64,0,0,1.0,0.0,0.0,0.0,domestic_only,9
27,0,0,0,0,0,0,41,0,0,41,0,0,0,0,0,0,0,23,64,64,0,0,1.0,0.0,0.0,0.0,domestic_only,9
28,0,0,0,0,0,0,41,0,0,41,0,0,0,0,0,0,0,23,64,64,0,0,1.0,0.0,0.0,0.0,domestic_only,9
29,0,0,0,0,0,0,41,0,0,41,0,0,0,0,0,0,0,23,64,64,0,0,1.0,0.0,0.0,0.0,domestic_only,9
30,0,0,0,0,0,0,41,0,0,41,0,0,0,0,0,0,0,23,64,64,0,0,1.0,0.0,0.0,0.0,domestic_only,9
31,0,0,0,0,0,0,41,0,0,41,0,0,0,0,0,0,0,23,64,64,0,0,1.0,0.0,0.0,0.0,domestic_only,9
32,0,0,0,0,0,0,41,0,0,41,0,0,0,0,0,0,0,23,64,64,0,0,1.0,0.0,0.0,0.0,domestic_only,9
33,0,0,0,0,0,0,41,0,0,41,0,0,0,0,0,0,0,23,64,64,0,0,1.0,0.0,0.0,0.0,domestic_only,9
34,0,0,0,0,0,0,41,0,0,41,0,0,0,0,0,0,0,23,64,64,0,0,1.0,0.0,0.0,0.0,domestic_only,9
35,0,0,0,0,0,0,41,0,0,41,0,0,0,0,0,0,0,23,64,64,0,0,1.0,0.0,0.0,0.0,domestic_only,9
36,0,0,0,0,0,0,41,0,0,41,0,0,0,0,0,0,0,23,64,64,0,0,1.0,0.0,0.0,0.0,domestic_only,9
37,0,0,0,0,0,0,41,0,0,41,0,0,0,0,0,0,0,23,64,64,0,0,1.0,0.0,0.0,0.0,domestic_only,9
38,0,0,0,0,0,0,41,0,0,41,0,0,0,0,0,0,0,23,64,64,0,0,1.0,0.0,0.0,0.0,domestic_only,9
39,0,0,0,0,0,0,41,0,0,41,0,0,0,0,0,0,0,23,64,64,0,0,1.0,0.0,0.0,0.0,domestic_only,9
40,0,0,0,0,0,0,41,0,0,41,0,0,0,0,0,0,0,23,64,64,0,0,1.0,0.0,0.0,0.0,domestic_only,9
41,0,0,0,0,0,0,41,0,0,41,0,0,0,0,0,0,0,23,64,64,0,0,1.0,0.0,0.0,0.0,domestic_only,9
42,0,0,0,0,0,0,41,0,0,41,0,0,0,0,0,0,0,23,64,64,0,0,1.0,0.0,0.0,0.0,domestic_only,9
43,0,0,0,0,0,0,41,0,0,41,0,0,0,0,0,0,0,23,64,64,0,0,1.0,0.0,0.0,0.0,domestic_only,9
44,0,0,0,0,0,0,41,0,0,41,0,0,0,0,0,0,0,23,64,64,0,0,1.0,0.0,0.0,0.0,domestic_only,9
0,64,43,43,0,43,0,64,43,21,0,0,0,0,0,0,43,0,0,43,64,0,0,0.0,0.671875,0.0,0.0,customer_only,9
1,0,1,1,0,1,0,64,44,20,0,0,0,0,0,0,44,0,0,44,64,0,43,0.0,0.6875,0.0,0.0,customer_only,9
2,0,0,0,0,0,0,64,39,20,5,0,0,0,0,0,39,0,0,44,64,0,44,0.0,0.6875,0.0,0.0,customer_only,9
3,0,0,0,0,0,0,63,27,20,16,0,0,0,0,0,27,1,1,44,64,0,44,0.0,0.6875,0.0,0.0,customer_only,9
4,0,0,0,0,0,0,58,14,20,24,0,0,0,0,0,14,5,6,44,64,0,27,0.0,0.6875,0.0,0.0,customer_only,9
5,0,0,0,0,0,0,55,2,20,33,0,0,0,0,0,2,3,9,44,64,0,14,0.0,0.6875,0.0,0.0,customer_only,9
6,0,0,0,0,0,0,53,0,20,33,0,0,0,0,0,0,2,11,44,64,0,2,0.0,0.6875,0.0,0.0,customer_only,9
7,0,0,0,0,0,0,53,0,20,33,0,0,0,0,0,0,0,11,44,64,0,0,0.0,0.6875,0.0,0.0,customer_only,9
8,0,0,0,0,0,0,53,0,20,33,0,0,0,0,0,0,0,11,44,64,0,0,0.0,0.6875,0.0,0.0,customer_only,9
9,0,0,0,0,0,0,53,0,20,33,0,0,0,0,0,0,0,11,44,64,0,0,0.0,0.6875,0.0,0.0,customer_only,9
10,0,0,0,0,0,0,53,0,20,33,0,0,0,0,0,0,0,11,44,64,0,0,0.0,0.6875,0.0,0.0,customer_only,9
11,0,0,0,0,0,0,53,0,20,33,0,0,0,0,0,0,0,11,44,64,0,0,0.0,0.6875,0.0,0.0,customer_only,9
12,0,0,0,0,0,0,53,0,20,33,0,0,0,0,0,0,0,11,44,64,0,0,0.0,0.6875,0.0,0.0,customer_only,9
13,0,0,0,0,0,0,53,0,20,33,0,0,0,0,0,0,0,11,44,64,0,0,0.0,0.6875,0.0,0.0,customer_only,9
14,0,0,0,0,0,0,53,0,20,33,0,0,0,0,0,0,0,11,44,64,0,0,0.0,0.6875,0.0,0.0,customer_only,9
15,0,0,0,0,0,0,53,0,20,33,0,0,0,0,0,0,0,11,44,64,0,0,0.0,0.6875,0.0,0.0,customer_only,9
16,0,0,0,0,0,0,53,0,20,33,0,0,0,0,0,0,0,11,44,64,0,0,0.0,0.6875,0.0,0.0,customer_only,9
17,0,0,0,0,0,0,53,0,20,33,0,0,0,0,0,0,0,11,44,64,0,0,0.0,0.6875,0.0,0.0,customer_only,9
18,0,0,0,0,0,0,53,0,20,33,0,0,0,0,0,0,0,11,44,64,0,0,0.0,0.6875,0.0,0.0,customer_only,9
19,0,0,0,0,0,0,53,0,20,33,0,0,0,0,0,0,0,11,44,64,0,0,0.0,0.6875,0.0,0.0,customer_only,9
20,0,0,0,0,0,0,53,0,20,33,0,0,0,0,0,0,0,11,44,64,0,0,0.0,0.6875,0.0,0.0,customer_only,9
21,0,0,0,0,0,0,53,0,20,33,0,0,0,0,0,0,0,11,44,64,0,0,0.0,0.6875,0.0,0.0,customer_only,9
22,0,0,0,0,0,0,53,0,20,33,0,0,0,0,0,0,0,11,44,64,0,0,0.0,0.6875,0.0,0.0,customer_only,9
23,0,0,0,0,0,0,53,0,20,33,0,0,0,0,0,0,0,11,44,64,0,0,0.0,0.6875,0.0,0.0,customer_only,9
24,0,0,0,0,0,0,53,0,20,33,0,0,0,0,0,0,0,11,44,64,0,0,0.0,0.6875,0.0,0.0,customer_only,9
25,0,0,0,0,0,0,53,0,20,33,0,0,0,0,0,0,0,11,44,64,0,0,0.0,0.6875,0.0,0.0,customer_only,9
26,0,0,0,0,0,0,53,0,20,33,0,0,0,0,0,0,0,11,44,64,0,0,0.0,0.6875,0.0,0.0,customer_only,9
27,0,0,0,0,0,0,53,0,20,33,0,0,0,0,0,0,0,11,44,64,0,0,0.0,0.6875,0.0,0.0,customer_only,9
28,0,0,0,0,0,0,53,0,20,33,0,0,0,0,0,0,0,11,44,64,0,0,0.0,0.6875,0.0,0.0,customer_only,9
29,0,0,0,0,0,0,53,0,20,33,0,0,0,0,0,0,0,11,44,64,0,0,0.0,0.6875,0.0,0.0,customer_only,9
30,0,0,0,0,0,0,53,0,20,33,0,0,0,0,0,0,0,11,44,64,0,0,0.0,0.6875,0.0,0.0,customer_only,9
31,0,0,0,0,0,0,53,0,20,33,0,0,0,0,0,0,0,11,44,64,0,0,0.0,0.6875,0.0,0.0,customer_only,9
32,0,0,0,0,0,0,53,0,20,33,0,0,0,0,0,0,0,11,44,64,0,0,0.0,0.6875,0.0,0.0,customer_only,9
33,0,0,0,0,0,0,53,0,20,33,0,0,0,0,0,0,0,11,44,64,0,0,0.0,0.6875,0.0,0.0,customer_only,9
34,0,0,0,0,0,0,53,0,20,33,0,0,0,0,0,0,0,11,44,64,0,0,0.0,0.6875,0.0,0.0,customer_only,9
35,0,0,0,0,0,0,53,0,20,33,0,0,0,0,0,0,0,11,44,64,0,0,0.0,0.6875,0.0,0.0,customer_only,9
36,0,0,0,0,0,0,53,0,20,33,0,0,0,0,0,0,0,11,44,64,0,0,0.0,0.6875,0.0,0.0,customer_only,9
37,0,0,0,0,0,0,53,0,20,33,0,0,0,0,0,0,0,11,44,64,0,0,0.0,0.6875,0.0,0.0,customer_only,9
38,0,0,0,0,0,0,53,0,20,33,0,0,0,0,0,0,0,11,44,64,0,0,0.0,0.6875,0.0,0.0,customer_only,9
39,0,0,0,0,0,0,53,0,20,33,0,0,0,0,0,0,0,11,44,64,0,0,0.0,0.6875,0.0,0.0,customer_only,9
40,0,0,0,0,0,0,53,0,20,33,0,0,0,0,0,0,0,11,44,64,0,0,0.0,0.6875,0.0,0.0,customer_only,9
41,0,0,0,0,0,0,53,0,20,33,0,0,0,0,0,0,0,11,44,64,0,0,0.0,0.6875,0.0,0.0,customer_only,9
42,0,0,0,0,0,0,53,0,20,33,0,0,0,0,0,0,0,11,44,64,0,0,0.0,0.6875,0.0,0.0,customer_only,9
43,0,0,0,0,0,0,53,0,20,33,0,0,0,0,0,0,0,11,44,64,0,0,0.0,0.6875,0.0,0.0,customer_only,9
44,0,0,0,0,0,0,53,0,20,33,0,0,0,0,0,0,0,11,44,64,0,0,0.0,0.6875,0.0,0.0,customer_only,9
0,64,64,64,60,8,0,64,64,0,0,60,60,0,0,0,8,0,0,64,64,0,0,0.9375,0.125,0.0,0.0,both,9
1,0,0,0,0,0,0,64,64,0,0,60,60,0,0,0,8,0,0,64,64,60,8,0.9375,0.125,0.0,0.0,both,9
2,0,0,0,0,0,0,64,56,0,8,54,48,6,6,0,4,0,0,64,64,60,8,0.9375,0.125,0.0,0.0,both,9
3,0,0,0,3,4,7,56,45,0,11,41,37,4,4,5,4,8,8,64,64,60,8,0.984375,0.1875,4.0,3.0,both,9
4,0,0,0,0,7,7,52,38,0,14,30,25,5,5,4,11,4,12,64,64,42,4,0.984375,0.296875,7.0,0.0,both,9
5,0,0,0,0,4,4,47,27,0,20,16,13,3,3,5,14,5,17,64,64,31,11,0.984375,0.359375,4.0,0.0,both,9
6,0,0,0,0,7,7,42,21,0,21,6,1,5,5,2,16,5,22,64,64,17,15,0.984375,0.46875,7.0,0.0,both,9
7,0,0,0,0,4,4,37,14,0,23,1,0,1,1,3,13,5,27,64,64,6,18,0.984375,0.53125,4.0,0.0,both,9
8,0,0,0,0,1,1,34,8,0,26,0,0,0,0,1,8,3,30,64,64,1,15,0.984375,0.546875,1.0,0.0,both,9
9,0,0,0,0,0,0,32,3,0,29,0,0,0,0,0,3,2,32,64,64,0,12,0.984375,0.546875,0.0,0.0,both,9
10,0,0,0,0,0,0,32,1,0,31,0,0,0,0,0,1,0,32,64,64,0,5,0.984375,0.546875,0.0,0.0,both,9
11,0,0,0,0,0,0,31,0,0,31,0,0,0,0,0,0,1,33,64,64,0,1,0.984375,0.546875,0.0,0.0,both,9
12,0,0,0,0,0,0,31,0,0,31,0,0,0,0,0,0,0,33,64,64,0,0,0.984375,0.546875,0.0,0.0,both,9
13,0,0,0,0,0,0,31,0,0,31,0,0,0,0,0,0,0,33,64,64,0,0,0.984375,0.546875,0.0,0.0,both,9
14,0,0,0,0,0,0,31,0,0,31,0,0,0,0,0,0,0,33,64,64,0,0,0.984375,0.546875,0.0,0.0,both,9
15,0,0,0,0,0,0,31,0,0,31,0,0,0,0,0,0,0,33,64,64,0,0,0.984375,0.546875,0.0,0.0,both,9
16,0,0,0,0,0,0,31,0,0,31,0,0,0,0,0,0,0,33,64,64,0,0,0.984375,0.546875,0.0,0.0,both,9
17,0,0,0,0,0,0,31,0,0,31,0,0,0,0,0,0,0,33,64,64,0,0,0.984375,0.546875,0.0,0.0,both,9
18,0,0,0,0,0,0,31,0,0,31,0,0,0,0,0,0,0,33,64,64,0,0,0.984375,0.546875,0.0,0.0,both,9
19,0,0,0,0,0,0,31,0,0,31,0,0,0,0,0,0,0,33,64,64,0,0,0.984375,0.546875,0.0,0.0,both,9
20,0,0,0,0,0,0,31,0,0,31,0,0,0,0,0,0,0,33,64,64,0,0,0.984375,0.546875,0.0,0.0,both,9
21,0,0,0,0,0,0,31,0,0,31,0,0,0,0,0,0,0,33,64,64,0,0,0.984375,0.546875,0.0,0.0,both,9
22,0,0,0,0,0,0,31,0,0,31,0,0,0,0,0,0,0,33,64,64,0,0,0.984375,0.546875,0.0,0.0,both,9
23,0,0,0,0,0,0,31,0,0,31,0,0,0,0,0,0,0,33,64,64,0,0,0.984375,0.546875,0.0,0.0,both,9
24,0,0,0,0,0,0,31,0,0,31,0,0,0,0,0,0,0,33,64,64,0,0,0.984375,0.546875,0.0,0.0,both,9
25,0,0,0,0,0,0,31,0,0,31,0,0,0,0,0,0,0,33,64,64,0,0,0.984375,0.546875,0.0,0.0,both,9
26,0,0,0,0,0,0,31,0,0,31,0,0,0,0,0,0,0,33,64,64,0,0,0.984375,0.546875,0.0,0.0,both,9
27,0,0,0,0,0,0,31,0,0,31,0,0,0,0,0,0,0,33,64,64,0,0,0.984375,0.546875,0.0,0.0,both,9
28,0,0,0,0,0,0,31,0,0,31,0,0,0,0,0,0,0,33,64,64,0,0,0.984375,0.546875,0.0,0.0,both,9
29,0,0,0,0,0,0,31,0,0,31,0,0,0,0,0,0,0,33,64,64,0,0,0.984375,0.546875,0.0,0.0,both,9
30,0,0,0,0,0,0,31,0,0,31,0,0,0,0,0,0,0,33,64,64,0,0,0.984375,0.546875,0.0,0.0,both,9
31,0,0,0,0,0,0,31,0,0,31,0,0,0,0,0,0,0,33,64,64,0,0,0.984375,0.546875,0.0,0.0,both,9
32,0,0,0,0,0,0,31,0,0,31,0,0,0,0,0,0,0,33,64,64,0,0,0.984375,0.546875,0.0,0.0,both,9
33,0,0,0,0,0,0,31,0,0,31,0,0,0,0,0,0,0,33,64,64,0,0,0.984375,0.546875,0.0,0.0,both,9
34,0,0,0,0,0,0,31,0,0,31,0,0,0,0,0,0,0,33,64,64,0,0,0.984375,0.546875,0.0,0.0,both,9
35,0,0,0,0,0,0,31,0,0,31,0,0,0,0,0,0,0,33,64,64,0,0,0.984375,0.546875,0.0,0.0,both,9
36,0,0,0,0,0,0,31,0,0,31,0,0,0,0,0,0,0,33,64,64,0,0,0.984375,0.546875,0.0,0.0,both,9
37,0,0,0,0,0,0,31,0,0,31,0,0,0,0,0,0,0,33,64,64,0,0,0.984375,0.546875,0.0,0.0,both,9
38,0,0,0,0,0,0,31,0,0,31,0,0,0,0,0,0,0,33,64,64,0,0,0.984375,0.546875,0.0,0.0,both,9
39,0,0,0,0,0,0,31,0,0,31,0,0,0,0,0,0,0,33,64,64,0,0,0.984375,0.546875,0.0,0.0,both,9
40,0,0,0,0,0,0,31,0,0,31,0,0,0,0,0,0,0,33,64,64,0,0,0.984375,0.546875,0.0,0.0,both,9
41,0,0,0,0,0,0,31,0,0,31,0,0,0,0,0,0,0,33,64,64,0,0,0.984375,0.546875,0.0,0.0,both,9
42,0,0,0,0,0,0,31,0,0,31,0,0,0,0,0,0,0,33,64,64,0,0,0.984375,0.546875,0.0,0.0,both,9
43,0,0,0,0,0,0,31,0,0,31,0,0,0,0,0,0,0,33,64,64,0,0,0.984375,0.546875,0.0,0.0,both,9
44,0,0,0,0,0,0,31,0,0,31,0,0,0,0,0,0,0,33,64,64,0,0,0.984375,0.546875,0.0,0.0,both,9
0,77,77,77,77,0,0,77,77,0,0,77,77,0,0,0,0,0,0,77,77,0,0,1.0,0.0,0.0,0.0,domestic_only,10
1,0,0,0,0,0,0,77,77,0,0,77,77,0,0,0,0,0,0,77,77,77,0,1.0,0.0,0.0,0.0,domestic_only,10
2,0,0,0,0,0,0,77,72,0,5,72,65,7,7,0,0,0,0,77,77,77,0,1.0,0.0,0.0,0.0,domestic_only,10
3,0,0,0,0,0,0,70,58,0,12,58,53,5,5,7,0,7,7,77,77,77,0,1.0,0.0,0.0,0.0,domestic_only,10
4,0,0,0,0,0,0,65,47,0,18,47,41,6,6,5,0,5,12,77,77,58,0,1.0,0.0,0.0,0.0,domestic_only,10
5,0,0,0,0,0,0,60,36,0,24,36,29,7,7,5,0,5,17,77,77,47,0,1.0,0.0,0.0,0.0,domestic_only,10
6,0,0,0,0,0,0,54,21,0,33,21,17,4,4,6,0,6,23,77,77,36,0,1.0,0.0,0.0,0.0,domestic_only,10
7,0,0,0,0,0,0,52,10,0,42,10,5,5,5,2,0,2,25,77,77,21,0,1.0,0.0,0.0,0.0,domestic_only,10
8,0,0,0,0,0,0,47,1,0,46,1,0,1,1,5,0,5,30,77,77,10,0,1.0,0.0,0.0,0.0,domestic_only,10
9,0,0,0,0,0,0,46,0,0,46,0,0,0,0,1,0,1,31,77,77,1,0,1.0,0.0,0.0,0.0,domestic_only,10
10,0,0,0,0,0,0,46,0,0,46,0,0,0,0,0,0,0,31,77,77,0,0,1.0,0.0,0.0,0.0,domestic_only,10
11,0,0,0,0,0,0,46,0,0,46,0,0,0,0,0,0,0,31,77,77,0,0,1.0,0.0,0.0,0.0,domestic_only,10
12,0,0,0,0,0,0,46,0,0,46,0,0,0,0,0,0,0,31,77,77,0,0,1.0,0.0,0.0,0.0,domestic_only,10
13,0,0,0,0,0,0,46,0,0,46,0,0,0,0,0,0,0,31,77,77,0,0,1.0,0.0,0.0,0.0,domestic_only,10
14,0,0,0,0,0,0,46,0,0,46,0,0,0,0,0,0,0,31,77,77,0,0,1.0,0.0,0.0,0.0,domestic_only,10
15,0,0,0,0,0,0,46,0,0,46,0,0,0,0,0,0,0,31,77,77,0,0,1.0,0.0,0.0,0.0,domestic_only,10
16,0,0,0,0,0,0,46,0,0,46,0,0,0,0,0,0,0,31,77,77,0,0,1.0,0.0,0.0,0.0,domestic_only,10
17,0,0,0,0,0,0,46,0,0,46,0,0,0,0,0,0,0,31,77,77,0,0,1.0,0.0,0.0,0.0,domestic_only,10
18,0,0,0,0,0,0,46,0,0,46,0,0,0,0,0,0,0,31,77,77,0,0,1.0,0.0,0.0,0.0,domestic_only,10
19,0,0,0,0,0,0,46,0,0,46,0,0,0,0,0,0,0,31,77,77,0,0,1.0,0.0,0.0,0.0,domestic_only,10
20,0,0,0,0,0,0,46,0,0,46,0,0,0,0,0,0,0,31,77,77,0,0,1.0,0.0,0.0,0.0,domestic_only,10
21,0,0,0,0,0,0,46,0,0,46,0,0,0,0,0,0,0,31,77,77,0,0,1.0,0.0,0.0,0.0,domestic_only,10
22,0,0,0,0,0,0,46,0,0,46,0,0,0,0,0,0,0,31,77,77,0,0,1.0,0.0,0.0,0.0,domestic_only,10
23,0,0,0,0,0,0,46,0,0,46,0,0,0,0,0,0,0,31,77,77,0,0,1.0,0.0,0.0,0.0,domestic_only,10
24,0,0,0,0,0,0,46,0,0,46,0,0,0,0,0,0,0,31,77,77,0,0,1.0,0.0,0.0,0.0,domestic_only,10
25,0,0,0,0,0,0,46,0,0,46,0,0,0,0,0,0,0,31,77,77,0,0,1.0,0.0,0.0,0.0,domestic_only,10
26,0,0,0,0,0,0,46,0,0,46,0,0,0,0,0,0,0,31,77,77,0,0,1.0,0.0,0.0,0.0,domestic_only,10
27,0,0,0,0,0,0,46,0,0,46,0,0,0,0,0,0,0,31,77,77,0,0,1.0,0.0,0.0,0.0,domestic_only,10
28,0,0,0,0,0,0,46,0,0,46,0,0,0,0,0,0,0,31,77,77,0,0,1.0,0.0,0.0,0.0,domestic_only,10
29,0,0,0,0,0,0,46,0,0,46,0,0,0,0,0,0,0,31,77,77,0,0,1.0,0.0,0.0,0.0,domestic_only,10
30,0,0,0,0,0,0,46,0,0,46,0,0,0,0,0,0,0,31,77,77,0,0,1.0,0.0,0.0,0.0,domestic_only,10
31,0,0,0,0,0,0,46,0,0,46,0,0,0,0,0,0,0,31,77,77,0,0,1.0,0.0,0.0,0.0,domestic_only,10
32,0,0,0,0,0,0,46,0,0,46,0,0,0,0,0,0,0,31,77,77,0,0,1.0,0.0,0.0,0.0,domestic_only,10
33,0,0,0,0,0,0,46,0,0,46,0,0,0,0,0,0,0,31,77,77,0,0,1.0,0.0,0.0,0.0,domestic_only,10
34,0,0,0,0,0,0,46,0,0,46,0,0,0,0,0,0,0,31,77,77,0,0,1.0,0.0,0.0,0.0,domestic_only,10
35,0,0,0,0,0,0,46,0,0,46,0,0,0,0,0,0,0,31,77,77,0,0,1.0,0.0,0.0,0.0,domestic_only,10
36,0,0,0,0,0,0,46,0,0,46,0,0,0,0,0,0,0,31,77,77,0,0,1.0,0.0,0.0,0.0,domestic_only,10
37,0,0,0,0,0,0,46,0,0,46,0,0,0,0,0,0,0,31,77,77,0,0,1.0,0.0,0.0,0.0,domestic_only,10
38,0,0,0,0,0,0,46,0,0,46,0,0,0,0,0,0,0,31,77,77,0,0,1.0,0.0,0.0,0.0,domestic_only,10
39,0,0,0,0,0,0,46,0,0,46,0,0,0,0,0,0,0,31,77,77,0,0,1.0,0.0,0.0,0.0,domestic_only,10
40,0,0,0,0,0,0,46,0,0,46,0,0,0,0,0,0,0,31,77,77,0,0,1.0,0.0,0.0,0.0,domestic_only,10
41,0,0,0,0,0,0,46,0,0,46,0,0,0,0,0,0,0,31,77,77,0,0,1.0,0.0,0.0,0.0,domestic_only,10
42,0,0,0,0,0,0,46,0,0,46,0,0,0,0,0,0,0,31,77,77,0,0,1.0,0.0,0.0,0.0,domestic_only,10
43,0,0,0,0,0,0,46,0,0,46,0,0,0,0,0,0,0,31,77,77,0,0,1.0,0.0,0.0,0.0,domestic_only,10
44,0,0,0,0,0,0,46,0,0,46,0,0,0,0,0,0,0,31,77,77,0,0,1.0,0.0,0.0,0.0,domestic_only,10
0,77,31,31,0,31,0,77,31,46,0,0,0,0,0,0,31,0,0,31,77,0,0,0.0,0.4025974025974026,0.0,0.0,customer_only,10
1,0,2,2,0,2,0,77,33,44,0,0,0,0,0,0,33,0,0,33,77,0,31,0.0,0.42857142857142855,0.0,0.0,customer_only,10
2,0,0,0,0,0,0,77,28,44,5,0,0,0,0,0,28,0,0,33,77,0,33,0.0,0.42857142857142855,0.0,0.0,customer_only,10
3,0,0,0,0,0,0,76,16,44,16,0,0,0,0,0,16,1,1,33,77,0,33,0.0,0.42857142857142855,0.0,0.0,customer_only,10
4,0,0,0,0,0,0,73,5,44,24,0,0,0,0,0,5,3,4,33,77,0,16,0.0,0.42857142857142855,0.0,0.0,customer_only,10
5,0,0,0,0,0,0,70,0,44,26,0,0,0,0,0,0,3,7,33,77,0,5,0.0,0.42857142857142855,0.0,0.0,customer_only,10
6,0,1,1,0,1,0,70,1,43,26,0,0,0,0,0,1,0,7,34,77,0,0,0.0,0.44155844155844154,0.0,0.0,customer_only,10
7,0,0,0,0,0,0,70,1,43,26,0,0,0,0,0,1,0,7,34,77,0,1,0.0,0.44155844155844154,0.0,0.0,customer_only,10
8,0,0,0,0,0,0,70,0,43,27,0,0,0,0,0,0,0,7,34,77,0,1,0.0,0.44155844155844154,0.0,0.0,customer_only,10
9,0,0,0,0,0,0,70,0,43,27,0,0,0,0,0,0,0,7,34,77,0,1,0.0,0.44155844155844154,0.0,0.0,customer_only,10
10,0,0,0,0,0,0,70,0,43,27,0,0,0,0,0,0,0,7,34,77,0,0,0.0,0.44155844155844154,0.0,0.0,customer_only,10
11,0,0,0,0,0,0,70,0,43,27,0,0,0,0,0,0,0,7,34,77,0,0,0.0,0.44155844155844154,0.0,0.0,customer_only,10
12,0,0,0,0,0,0,70,0,43,27,0,0,0,0,0,0,0,7,34,77,0,0,0.0,0.44155844155844154,0.0,0.0,customer_only,10
13,0,0,0,0,0,0,70,0,43,27,0,0,0,0,0,0,0,7,34,77,0,0,0.0,0.44155844155844154,0.0,0.0,customer_only,10
14,0,0,0,0,0,0,70,0,43,27,0,0,0,0,0,0,0,7,34,77,0,0,0.0,0.44155844155844154,0.0,0.0,customer_only,10
15,0,0,0,0,0,0,70,0,43,27,0,0,0,0,0,0,0,7,34,77,0,0,0.0,0.44155844155844154,0.0,0.0,customer_only,10
16,0,0,0,0,0,0,70,0,43,27,0,0,0,0,0,0,0,7,34,77,0,0,0.0,0.44155844155844154,0.0,0.0,customer_only,10
17,0,0,0,0,0,0,70,0,43,27,0,0,0,0,0,0,0,7,34,77,0,0,0.0,0.44155844155844154,0.0,0.0,customer_only,10
18,0,0,0,0,0,0,70,0,43,27,0,0,0,0,0,0,0,7,34,77,0,0,0.0,0.44155844155844154,0.0,0.0,customer_only,10
19,0,0,0,0,0,0,70,0,43,27,0,0,0,0,0,0,0,7,34,77,0,0,0.0,0.44155844155844154,0.0,0.0,customer_only,10
20,0,0,0,0,0,0,70,0,43,27,0,0,0,0,0,0,0,7,34,77,0,0,0.0,0.44155844155844154,0.0,0.0,customer_only,10
21,0,0,0,0,0,0,70,0,43,27,0,0,0,0,0,0,0,7,34,77,0,0,0.0,0.44155844155844154,0.0,0.0,customer_only,10
22,0,0,0,0,0,0,70,0,43,27,0,0,0,0,0,0,0,7,34,77,0,0,0.0,0.44155844155844154,0.0,0.0,customer_only,10
23,0,0,0,0,0,0,70,0,43,27,0,0,0,0,0,0,0,7,34,77,0,0,0.0,0.44155844155844154,0.0,0.0,customer_only,10
24,0,0,0,0,0,0,70,0,43,27,0,0,0,0,0,0,0,7,34,77,0,0,0.0,0.44155844155844154,0.0,0.0,customer_only,10
25,0,0,0,0,0,0,70,0,43,27,0,0,0,0,0,0,0,7,34,77,0,0,0.0,0.44155844155844154,0.0,0.0,customer_only,10
26,0,0,0,0,0,0,70,0,43,27,0,0,0,0,0,0,0,7,34,77,0,0,0.0,0.44155844155844154,0.0,0.0,customer_only,10
27,0,0,0,0,0,0,70,0,43,27,0,0,0,0,0,0,0,7,34,77,0,0,0.0,0.44155844155844154,0.0,0.0,customer_only,10
28,0,0,0,0,0,0,70,0,43,27,0,0,0,0,0,0,0,7,34,77,0,0,0.0,0.44155844155844154,0.0,0.0,customer_only,10
29,0,0,0,0,0,0,70,0,43,27,0,0,0,0,0,0,0,7,34,77,0,0,0.0,0.44155844155844154,0.0,0.0,customer_only,10
30,0,0,0,0,0,0,70,0,43,27,0,0,0,0,0,0,0,7,34,77,0,0,0.0,0.44155844155844154,0.0,0.0,customer_only,10
31,0,0,0,0,0,0,70,0,43,27,0,0,0,0,0,0,0,7,34,77,0,0,0.0,0.44155844155844154,0.0,0.0,customer_only,10
32,0,0,0,0,0,0,70,0,43,27,0,0,0,0,0,0,0,7,34,77,0,0,0.0,0.44155844155844154,0.0,0.0,customer_only,10
33,0,0,0,0,0,0,70,0,43,27,0,0,0,0,0,0,0,7,34,77,0,0,0.0,0.44155844155844154,0.0,0.0,customer_only,10
34,0,0,0,0,0,0,70,0,43,27,0,0,0,0,0,0,0,7,34,77,0,0,0.0,0.44155844155844154,0.0,0.0,customer_only,10
35,0,0,0,0,0,0,70,0,43,27,0,0,0,0,0,0,0,7,34,77,0,0,0.0,0.44155844155844154,0.0,0.0,customer_only,10
36,0,0,0,0,0,0,70,0,43,27,0,0,0,0,0,0,0,7,34,77,0,0,0.0,0.44155844155844154,0.0,0.0,customer_only,10
37,0,0,0,0,0,0,70,0,43,27,0,0,0,0,0,0,0,7,34,77,0,0,0.0,0.44155844155844154,0.0,0.0,customer_only,10
38,0,0,0,0,0,0,70,0,43,27,0,0,0,0,0,0,0,7,34,77,0,0,0.0,0.44155844155844154,0.0,0.0,customer_only,10
39,0,0,0,0,0,0,70,0,43,27,0,0,0,0,0,0,0,7,34,77,0,0,0.0,0.44155844155844154,0.0,0.0,customer_only,10
40,0,0,0,0,0,0,70,0,43,27,0,0,0,0,0,0,0,7,34,77,0,0,0.0,0.44155844155844154,0.0,0.0,customer_only,10
41,0,0,0,0,0,0,70,0,43,27,0,0,0,0,0,0,0,7,34,77,0,0,0.0,0.44155844155844154,0.0,0.0,customer_only,10
42,0,0,0,0,0,0,70,0,43,27,0,0,0,0,0,0,0,7,34,77,0,0,0.0,0.44155844155844154,0.0,0.0,customer_only,10
43,0,0,0,0,0,0,70,0,43,27,0,0,0,0,0,0,0,7,34,77,0,0,0.0,0.44155844155844154,0.0,0.0,customer_only,10
44,0,0,0,0,0,0,70,0,43,27,0,0,0,0,0,0,0,7,34,77,0,0,0.0,0.44155844155844154,0.0,0.0,customer_only,10
0,77,77,77,75,9,0,77,77,0,0,75,75,0,0,0,9,0,0,77,77,0,0,0.974025974025974,0.11688311688311688,0.0,0.0,both,10
1,0,0,0,0,0,0,77,77,0,0,75,75,0,0,0,9,0,0,77,77,75,9,0.974025974025974,0.11688311688311688,0.0,0.0,both,10
2,0,0,0,0,0,0,77,71,0,6,70,63,7,7,0,4,0,0,77,77,75,9,0.974025974025974,0.11688311688311688,0.0,0.0,both,10
3,0,0,0,1,0,1,69,56,0,13,56,51,5,5,7,0,8,8,77,77,75,9,0.987012987012987,0.11688311688311688,0.0,1.0,both,10
4,0,0,0,1,1,2,64,46,0,18,45,40,5,5,5,1,5,13,77,77,56,0,1.0,0.12987012987012986,1.0,1.0,both,10
5,0,0,0,0,2,2,60,37,0,23,34,28,6,6,4,3,4,17,77,77,45,1,1.0,0.15584415584415584,2.0,0.0,both,10
6,0,0,0,0,4,4,55,26,0,29,19,16,3,3,5,7,5,22,77,77,34,3,1.0,0.2077922077922078,4.0,0.0,both,10
7,0,0,0,0,2,2,54,16,0,38,9,4,5,5,1,7,1,23,77,77,19,7,1.0,0.23376623376623376,2.0,0.0,both,10
8,0,0,0,0,3,3,49,6,0,43,1,0,1,1,5,5,5,28,77,77,9,8,1.0,0.2727272727272727,3.0,0.0,both,10
9,0,0,0,0,1,1,49,4,0,45,0,0,0,0,0,4,0,28,77,77,1,9,1.0,0.2857142857142857,1.0,0.0,both,10
10,0,0,0,0,0,0,49,2,0,47,0,0,0,0,0,2,0,28,77,77,0,6,1.0,0.2857142857142857,0.0,0.0,both,10
11,0,0,0,0,0,0,48,0,0,48,0,0,0,0,0,0,1,29,77,77,0,4,1.0,0.2857142857142857,0.0,0.0,both,10
12,0,0,0,0,0,0,48,0,0,48,0,0,0,0,0,0,0,29,77,77,0,1,1.0,0.2857142857142857,0.0,0.0,both,10
13,0,0,0,0,0,0,48,0,0,48,0,0,0,0,0,0,0,29,77,77,0,0,1.0,0.2857142857142857,0.0,0.0,both,10
14,0,0,0,0,0,0,48,0,0,48,0,0,0,0,0,0,0,29,77,77,0,0,1.0,0.2857142857142857,0.0,0.0,both,10
15,0,0,0,0,0,0,48,0,0,48,0,0,0,0,0,0,0,29,77,77,0,0,1.0,0.2857142857142857,0.0,0.0,both,10
16,0,0,0,0,0,0,48,0,0,48,0,0,0,0,0,0,0,29,77,77,0,0,1.0,0.2857142857142857,0.0,0.0,both,10
17,0,0,0,0,0,0,48,0,0,48,0,0,0,0,0,0,0,29,77,77,0,0,1.0,0.2857142857142857,0.0,0.0,both,10
18,0,0,0,0,0,0,48,0,0,48,0,0,0,0,0,0,0,29,77,77,0,0,1.0,0.2857142857142857,0.0,0.0,both,10
19,0,0,0,0,0,0,48,0,0,48,0,0,0,0,0,0,0,29,77,77,0,0,1.0,0.2857142857142857,0.0,0.0,both,10
20,0,0,0,0,0,0,48,0,0,48,0,0,0,0,0,0,0,29,77,77,0,0,1.0,0.2857142857142857,0.0,0.0,both,10
21,0,0,0,0,0,0,48,0,0,48,0,0,0,0,0,0,0,29,77,77,0,0,1.0,0.2857142857142857,0.0,0.0,both,10
22,0,0,0,0,0,0,48,0,0,48,0,0,0,0,0,0,0,29,77,77,0,0,1.0,0.2857142857142857,0.0,0.0,both,10
23,0,0,0,0,0,0,48,0,0,48,0,0,0,0,0,0,0,29,77,77,0,0,1.0,0.2857142857142857,0.0,0.0,both,10
24,0,0,0,0,0,0,48,0,0,48,0,0,0,0,0,0,0,29,77,77,0,0,1.0,0.2857142857142857,0.0,0.0,both,10
25,0,0,0,0,0,0,48,0,0,48,0,0,0,0,0,0,0,29,77,77,0,0,1.0,0.2857142857142857,0.0,0.0,both,10
26,0,0,0,0,0,0,48,0,0,48,0,0,0,0,0,0,0,29,77,77,0,0,1.0,0.2857142857142857,0.0,0.0,both,10
27,0,0,0,0,0,0,48,0,0,48,0,0,0,0,0,0,0,29,77,77,0,0,1.0,0.2857142857142857,0.0,0.0,both,10
28,0,0,0,0,0,0,48,0,0,48,0,0,0,0,0,0,0,29,77,77,0,0,1.0,0.2857142857142857,0.0,0.0,both,10
29,0,0,0,0,0,0,48,0,0,48,0,0,0,0,0,0,0,29,77,77,0,0,1.0,0.2857142857142857,0.0,0.0,both,10
30,0,0,0,0,0,0,48,0,0,48,0,0,0,0,0,0,0,29,77,77,0,0,1.0,0.2857142857142857,0.0,0.0,both,10
31,0,0,0,0,0,0,48,0,0,48,0,0,0,0,0,0,0,29,77,77,0,0,1.0,0.2857142857142857,0.0,0.0,both,10
32,0,0,0,0,0,0,48,0,0,48,0,0,0,0,0,0,0,29,77,77,0,0,1.0,0.2857142857142857,0.0,0.0,both,10
33,0,0,0,0,0,0,48,0,0,48,0,0,0,0,0,0,0,29,77,77,0,0,1.0,0.2857142857142857,0.0,0.0,both,10
34,0,0,0,0,0,0,48,0,0,48,0,0,0,0,0,0,0,29,77,77,0,0,1.0,0.2857142857142857,0.0,0.0,both,10
35,0,0,0,0,0,0,48,0,0,48,0,0,0,0,0,0,0,29,77,77,0,0,1.0,0.2857142857142857,0.0,0.0,both,10
36,0,0,0,0,0,0,48,0,0,48,0,0,0,0,0,0,0,29,77,77,0,0,1.0,0.2857142857142857,0.0,0.0,both,10
37,0,0,0,0,0,0,48,0,0,48,0,0,0,0,0,0,0,29,77,77,0,0,1.0,0.2857142857142857,0.0,0.0,both,10
38,0,0,0,0,0,0,48,0,0,48,0,0,0,0,0,0,0,29,77,77,0,0,1.0,0.2857142857142857,0.0,0.0,both,10
39,0,0,0,0,0,0,48,0,0,48,0,0,0,0,0,0,0,29,77,77,0,0,1.0,0.2857142857142857,0.0,0.0,both,10
40,0,0,0,0,0,0,48,0,0,48,0,0,0,0,0,0,0,29,77,77,0,0,1.0,0.2857142857142857,0.0,0.0,both,10
41,0,0,0,0,0,0,48,0,0,48,0,0,0,0,0,0,0,29,77,77,0,0,1.0,0.2857142857142857,0.0,0.0,both,10
42,0,0,0,0,0,0,48,0,0,48,0,0,0,0,0,0,0,29,77,77,0,0,1.0,0.2857142857142857,0.0,0.0,both,10
43,0,0,0,0,0,0,48,0,0,48,0,0,0,0,0,0,0,29,77,77,0,0,1.0,0.2857142857142857,0.0,0.0,both,10
44,0,0,0,0,0,0,48,0,0,48,0,0,0,0,0,0,0,29,77,77,0,0,1.0,0.2857142857142857,0.0,0.0,both,10
0,75,75,75,75,0,0,75,75,0,0,75,75,0,0,0,0,0,0,75,75,0,0,1.0,0.0,0.0,0.0,domestic_only,11
1,0,0,0,0,0,0,75,75,0,0,75,75,0,0,0,0,0,0,75,75,75,0,1.0,0.0,0.0,0.0,domestic_only,11
2,0,0,0,0,0,0,75,69,0,6,69,63,6,6,0,0,0,0,75,75,75,0,1.0,0.0,0.0,0.0,domestic_only,11
3,0,0,0,0,0,0,70,57,0,13,57,51,6,6,5,0,5,5,75,75,75,0,1.0,0.0,0.0,0.0,domestic_only,11
4,0,0,0,0,0,0,65,44,0,21,44,39,5,5,5,0,5,10,75,75,57,0,1.0,0.0,0.0,0.0,domestic_only,11
5,0,0,0,0,0,0,60,32,0,28,32,27,5,5,5,0,5,15,75,75,44,0,1.0,0.0,0.0,0.0,domestic_only,11
6,0,0,0,0,0,0,55,22,0,33,22,15,7,7,5,0,5,20,75,75,32,0,1.0,0.0,0.0,0.0,domestic_only,11
7,0,0,0,0,0,0,51,6,0,45,6,3,3,3,4,0,4,24,75,75,22,0,1.0,0.0,0.0,0.0,domestic_only,11
8,0,0,0,0,0,0,48,0,0,48,0,0,0,0,3,0,3,27,75,75,6,0,1.0,0.0,0.0,0.0,domestic_only,11
9,0,0,0,0,0,0,48,0,0,48,0,0,0,0,0,0,0,27,75,75,0,0,1.0,0.0,0.0,0.0,domestic_only,11
10,0,0,0,0,0,0,48,0,0,48,0,0,0,0,0,0,0,27,75,75,0,0,1.0,0.0,0.0,0.0,domestic_only,11
11,0,0,0,0,0,0,48,0,0,48,0,0,0,0,0,0,0,27,75,75,0,0,1.0,0.0,0.0,0.0,domestic_only,11
12,0,0,0,0,0,0,48,0,0,48,0,0,0,0,0,0,0,27,75,75,0,0,1.0,0.0,0.0,0.0,domestic_only,11
13,0,0,0,0,0,0,48,0,0,48,0,0,0,0,0,0,0,27,75,75,0,0,1.0,0.0,0.0,0.0,domestic_only,11
14,0,0,0,0,0,0,48,0,0,48,0,0,0,0,0,0,0,27,75,75,0,0,1.0,0.0,0.0,0.0,domestic_only,11
15,0,0,0,0,0,0,48,0,0,48,0,0,0,0,0,0,0,27,75,75,0,0,1.0,0.0,0.0,0.0,domestic_only,11
16,0,0,0,0,0,0,48,0,0,48,0,0,0,0,0,0,0,27,75,75,0,0,1.0,0.0,0.0,0.0,domestic_only,11
17,0,0,0,0,0,0,48,0,0,48,0,0,0,0,0,0,0,27,75,75,0,0,1.0,0.0,0.0,0.0,domestic_only,11
18,0,0,0,0,0,0,48,0,0,48,0,0,0,0,0,0,0,27,75,75,0,0,1.0,0.0,0.0,0.0,domestic_only,11
19,0,0,0,0,0,0,48,0,0,48,0,0,0,0,0,0,0,27,75,75,0,0,1.0,0.0,0.0,0.0,domestic_only,11
20,0,0,0,0,0,0,48,0,0,48,0,0,0,0,0,0,0,27,75,75,0,0,1.0,0.0,0.0,0.0,domestic_only,11
21,0,0,0,0,0,0,48,0,0,48,0,0,0,0,0,0,0,27,75,75,0,0,1.0,0.0,0.0,0.0,domestic_only,11
22,0,0,0,0,0,0,48,0,0,48,0,0,0,0,0,0,0,27,75,75,0,0,1.0,0.0,0.0,0.0,domestic_only,11
23,0,0,0,0,0,0,48,0,0,48,0,0,0,0,0,0,0,27,75,75,0,0,1.0,0.0,0.0,0.0,domestic_only,11
24,0,0,0,0,0,0,48,0,0,48,0,0,0,0,0,0,0,27,75,75,0,0,1.0,0.0,0.0,0.0,domestic_only,11
25,0,0,0,0,0,0,48,0,0,48,0,0,0,0,0,0,0,27,75,75,0,0,1.0,0.0,0.0,0.0,domestic_only,11
26,0,0,0,0,0,0,48,0,0,48,0,0,0,0,0,0,0,27,75,75,0,0,1.0,0.0,0.0,0.0,domestic_only,11
27,0,0,0,0,0,0,48,0,0,48,0,0,0,0,0,0,0,27,75,75,0,0,1.0,0.0,0.0,0.0,domestic_only,11
28,0,0,0,0,0,0,48,0,0,48,0,0,0,0,0,0,0,27,75,75,0,0,1.0,0.0,0.0,0.0,domestic_only,11
29,0,0,0,0,0,0,48,0,0,48,0,0,0,0,0,0,0,27,75,75,0,0,1.0,0.0,0.0,0.0,domestic_only,11
30,0,0,0,0,0,0,48,0,0,48,0,0,0,0,0,0,0,27,75,75,0,0,1.0,0.0,0.0,0.0,domestic_only,11
31,0,0,0,0,0,0,48,0,0,48,0,0,0,0,0,0,0,27,75,75,0,0,1.0,0.0,0.0,0.0,domestic_only,11
32,0,0,0,0,0,0,48,0,0,48,0,0,0,0,0,0,0,27,75,75,0,0,1.0,0.0,0.0,0.0,domestic_only,11
33,0,0,0,0,0,0,48,0,0,48,0,0,0,0,0,0,0,27,75,75,0,0,1.0,0.0,0.0,0.0,domestic_only,11
34,0,0,0,0,0,0,48,0,0,48,0,0,0,0,0,0,0,27,75,75,0,0,1.0,0.0,0.0,0.0,domestic_only,11
35,0,0,0,0,0,0,48,0,0,48,0,0,0,0,0,0,0,27,75,75,0,0,1.0,0.0,0.0,0.0,domestic_only,11
36,0,0,0,0,0,0,48,0,0,48,0,0,0,0,0,0,0,27,75,75,0,0,1.0,0.0,0.0,0.0,domestic_only,11
37,0,0,0,0,0,0,48,0,0,48,0,0,0,0,0,0,0,27,75,75,0,0,1.0,0.0,0.0,0.0,domestic_only,11
38,0,0,0,0,0,0,48,0,0,48,0,0,0,0,0,0,0,27,75,75,0,0,1.0,0.0,0.0,0.0,domestic_only,11
39,0,0,0,0,0,0,48,0,0,48,0,0,0,0,0,0,0,27,75,75,0,0,1.0,0.0,0.0,0.0,domestic_only,11
40,0,0,0,0,0,0,48,0,0,48,0,0,0,0,0,0,0,27,75,75,0,0,1.0,0.0,0.0,0.0,domestic_only,11
41,0,0,0,0,0,0,48,0,0,48,0,0,0,0,0,0,0,27,75,75,0,0,1.0,0.0,0.0,0.0,domestic_only,11
42,0,0,0,0,0,0,48,0,0,48,0,0,0,0,0,0,0,27,75,75,0,0,1.0,0.0,0.0,0.0,domestic_only,11
43,0,0,0,0,0,0,48,0,0,48,0,0,0,0,0,0,0,27,75,75,0,0,1.0,0.0,0.0,0.0,domestic_only,11
44,0,0,0,0,0,0,48,0,0,48,0,0,0,0,0,0,0,27,75,75,0,0,1.0,0.0,0.0,0.0,domestic_only,11
0,75,37,37,0,37,0,75,37,38,0,0,0,0,0,0,37,0,0,37,75,0,0,0.0,0.49333333333333335,0.0,0.0,customer_only,11
1,0,0,0,0,0,0,75,37,38,0,0,0,0,0,0,37,0,0,37,75,0,37,0.0,0.49333333333333335,0.0,0.0,customer_only,11
2,0,0,0,0,0,0,75,32,38,5,0,0,0,0,0,32,0,0,37,75,0,37,0.0,0.49333333333333335,0.0,0.0,customer_only,11
3,0,0,0,0,0,0,73,20,38,15,0,0,0,0,0,20,2,2,37,75,0,37,0.0,0.49333333333333335,0.0,0.0,customer_only,11
4,0,0,0,0,0,0,70,5,38,27,0,0,0,0,0,5,3,5,37,75,0,20,0.0,0.49333333333333335,0.0,0.0,customer_only,11
5,0,0,0,0,0,0,67,0,38,29,0,0,0,0,0,0,3,8,37,75,0,5,0.0,0.49333333333333335,0.0,0.0,customer_only,11
6,0,0,0,0,0,0,67,0,38,29,0,0,0,0,0,0,0,8,37,75,0,0,0.0,0.49333333333333335,0.0,0.0,customer_only,11
7,0,0,0,0,0,0,67,0,38,29,0,0,0,0,0,0,0,8,37,75,0,0,0.0,0.49333333333333335,0.0,0.0,customer_only,11
8,0,0,0,0,0,0,67,0,38,29,0,0,0,0,0,0,0,8,37,75,0,0,0.0,0.49333333333333335,0.0,0.0,customer_only,11
9,0,0,0,0,0,0,67,0,38,29,0,0,0,0,0,0,0,8,37,75,0,0,0.0,0.49333333333333335,0.0,0.0,customer_only,11
10,0,0,0,0,0,0,67,0,38,29,0,0,0,0,0,0,0,8,37,75,0,0,0.0,0.49333333333333335,0.0,0.0,customer_only,11
11,0,0,0,0,0,0,67,0,38,29,0,0,0,0,0,0,0,8,37,75,0,0,0.0,0.49333333333333335,0.0,0.0,customer_only,11
12,0,0,0,0,0,0,67,0,38,29,0,0,0,0,0,0,0,8,37,75,0,0,0.0,0.49333333333333335,0.0,0.0,customer_only,11
13,0,0,0,0,0,0,67,0,38,29,0,0,0,0,0,0,0,8,37,75,0,0,0.0,0.49333333333333335,0.0,0.0,customer_only,11
14,0,0,0,0,0,0,67,0,38,29,0,0,0,0,0,0,0,8,37,75,0,0,0.0,0.49333333333333335,0.0,0.0,customer_only,11
15,0,0,0,0,0,0,67,0,38,29,0,0,0,0,0,0,0,8,37,75,0,0,0.0,0.49333333333333335,0.0,0.0,customer_only,11
16,0,0,0,0,0,0,67,0,38,29,0,0,0,0,0,0,0,8,37,75,0,0,0.0,0.49333333333333335,0.0,0.0,customer_only,11
17,0,0,0,0,0,0,67,0,38,29,0,0,0,0,0,0,0,8,37,75,0,0,0.0,0.49333333333333335,0.0,0.0,customer_only,11
18,0,0,0,0,0,0,67,0,38,29,0,0,0,0,0,0,0,8,37,75,0,0,0.0,0.49333333333333335,0.0,0.0,customer_only,11
19,0,0,0,0,0,0,67,0,38,29,0,0,0,0,0,0,0,8,37,75,0,0,0.0,0.49333333333333335,0.0,0.0,customer_only,11
20,0,0,0,0,0,0,67,0,38,29,0,0,0,0,0,0,0,8,37,75,0,0,0.0,0.49333333333333335,0.0,0.0,customer_only,11
21,0,0,0,0,0,0,67,0,38,29,0,0,0,0,0,0,0,8,37,75,0,0,0.0,0.49333333333333335,0.0,0.0,customer_only,11
22,0,0,0,0,0,0,67,0,38,29,0,0,0,0,0,0,0,8,37,75,0,0,0.0,0.49333333333333335,0.0,0.0,customer_only,11
23,0,0,0,0,0,0,67,0,38,29,0,0,0,0,0,0,0,8,37,75,0,0,0.0,0.49333333333333335,0.0,0.0,customer_only,11
24,0,0,0,0,0,0,67,0,38,29,0,0,0,0,0,0,0,8,37,75,0,0,0.0,0.49333333333333335,0.0,0.0,customer_only,11
25,0,0,0,0,0,0,67,0,38,29,0,0,0,0,0,0,0,8,37,75,0,0,0.0,0.49333333333333335,0.0,0.0,customer_only,11
26,0,0,0,0,0,0,67,0,38,29,0,0,0,0,0,0,0,8,37,75,0,0,0.0,0.49333333333333335,0.0,0.0,customer_only,11
27,0,0,0,0,0,0,67,0,38,29,0,0,0,0,0,0,0,8,37,75,0,0,0.0,0.49333333333333335,0.0,0.0,customer_only,11
28,0,0,0,0,0,0,67,0,38,29,0,0,0,0,0,0,0,8,37,75,0,0,0.0,0.49333333333333335,0.0,0.0,customer_only,11
29,0,0,0,0,0,0,67,0,38,29,0,0,0,0,0,0,0,8,37,75,0,0,0.0,0.49333333333333335,0.0,0.0,customer_only,11
30,0,0,0,0,0,0,67,0,38,29,0,0,0,0,0,0,0,8,37,75,0,0,0.0,0.49333333333333335,0.0,0.0,customer_only,11
31,0,0,0,0,0,0,67,0,38,29,0,0,0,0,0,0,0,8,37,75,0,0,0.0,0.49333333333333335,0.0,0.0,customer_only,11
32,0,0,0,0,0,0,67,0,38,29,0,0,0,0,0,0,0,8,37,75,0,0,0.0,0.49333333333333335,0.0,0.0,customer_only,11
33,0,0,0,0,0,0,67,0,38,29,0,0,0,0,0,0,0,8,37,75,0,0,0.0,0.49333333333333335,0.0,0.0,customer_only,11
34,0,0,0,0,0,0,67,0,38,29,0,0,0,0,0,0,0,8,37,75,0,0,0.0,0.49333333333333335,0.0,0.0,customer_only,11
35,0,0,0,0,0,0,67,0,38,29,0,0,0,0,0,0,0,8,37,75,0,0,0.0,0.49333333333333335,0.0,0.0,customer_only,11
36,0,0,0,0,0,0,67,0,38,29,0,0,0,0,0,0,0,8,37,75,0,0,0.0,0.49333333333333335,0.0,0.0,customer_only,11
37,0,0,0,0,0,0,67,0,38,29,0,0,0,0,0,0,0,8,37,75,0,0,0.0,0.49333333333333335,0.0,0.0,customer_only,11
38,0,0,0,0,0,0,67,0,38,29,0,0,0,0,0,0,0,8,37,75,0,0,0.0,0.49333333333333335,0.0,0.0,customer_only,11
39,0,0,0,0,0,0,67,0,38,29,0,0,0,0,0,0,0,8,37,75,0,0,0.0,0.49333333333333335,0.0,0.0,customer_only,11
40,0,0,0,0,0,0,67,0,38,29,0,0,0,0,0,0,0,8,37,75,0,0,0.0,0.49333333333333335,0.0,0.0,customer_only,11
41,0,0,0,0,0,0,67,0,38,29,0,0,0,0,0,0,0,8,37,75,0,0,0.0,0.49333333333333335,0.0,0.0,customer_only,11
42,0,0,0,0,0,0,67,0,38,29,0,0,0,0,0,0,0,8,37,75,0,0,0.0,0.49333333333333335,0.0,0.0,customer_only,11
43,0,0,0,0,0,0,67,0,38,29,0,0,0,0,0,0,0,8,37,75,0,0,0.0,0.49333333333333335,0.0,0.0,customer_only,11
44,0,0,0,0,0,0,67,0,38,29,0,0,0,0,0,0,0,8,37,75,0,0,0.0,0.49333333333333335,0.0,0.0,customer_only,11
0,75,75,75,69,12,0,75,75,0,0,69,69,0,0,0,12,0,0,75,75,0,0,0.92,0.16,0.0,0.0,both,11
1,0,0,0,0,0,0,75,75,0,0,69,69,0,0,0,12,0,0,75,75,69,12,0.92,0.16,0.0,0.0,both,11
2,0,0,0,0,0,0,75,66,0,9,63,57,6,6,0,5,0,0,75,75,69,12,0.92,0.16,0.0,0.0,both,11
3,0,0,0,3,4,7,69,55,0,14,52,47,5,5,5,4,6,6,75,75,69,12,0.96,0.21333333333333335,4.0,3.0,both,11
4,0,0,0,3,5,8,65,48,0,17,43,38,5,5,4,8,4,10,75,75,52,4,1.0,0.28,5.0,3.0,both,11
5,0,0,0,0,4,4,60,39,0,21,32,26,6,6,5,10,5,15,75,75,43,9,1.0,0.3333333333333333,4.0,0.0,both,11
6,0,0,0,0,2,2,54,26,0,28,21,14,7,7,6,8,6,21,75,75,32,13,1.0,0.36,2.0,0.0,both,11
7,0,0,0,0,1,1,49,8,0,41,4,2,2,2,4,4,5,26,75,75,21,11,1.0,0.37333333333333335,1.0,0.0,both,11
8,0,0,0,0,3,3,47,4,0,43,0,0,0,0,2,4,2,28,75,75,4,7,1.0,0.41333333333333333,3.0,0.0,both,11
9,0,0,0,0,0,0,47,4,0,43,0,0,0,0,0,4,0,28,75,75,0,6,1.0,0.41333333333333333,0.0,0.0,both,11
10,0,0,0,0,0,0,47,1,0,46,0,0,0,0,0,1,0,28,75,75,0,4,1.0,0.41333333333333333,0.0,0.0,both,11
11,0,0,0,0,0,0,46,0,0,46,0,0,0,0,0,0,1,29,75,75,0,3,1.0,0.41333333333333333,0.0,0.0,both,11
12,0,0,0,0,0,0,46,0,0,46,0,0,0,0,0,0,0,29,75,75,0,0,1.0,0.41333333333333333,0.0,0.0,both,11
13,0,0,0,0,0,0,46,0,0,46,0,0,0,0,0,0,0,29,75,75,0,0,1.0,0.41333333333333333,0.0,0.0,both,11
14,0,0,0,0,0,0,46,0,0,46,0,0,0,0,0,0,0,29,75,75,0,0,1.0,0.41333333333333333,0.0,0.0,both,11
15,0,0,0,0,0,0,46,0,0,46,0,0,0,0,0,0,0,29,75,75,0,0,1.0,0.41333333333333333,0.0,0.0,both,11
16,0,0,0,0,0,0,46,0,0,46,0,0,0,0,0,0,0,29,75,75,0,0,1.0,0.41333333333333333,0.0,0.0,both,11
17,0,0,0,0,0,0,46,0,0,46,0,0,0,0,0,0,0,29,75,75,0,0,1.0,0.41333333333333333,0.0,0.0,both,11
18,0,0,0,0,0,0,46,0,0,46,0,0,0,0,0,0,0,29,75,75,0,0,1.0,0.41333333333333333,0.0,0.0,both,11
19,0,0,0,0,0,0,46,0,0,46,0,0,0,0,0,0,0,29,75,75,0,0,1.0,0.41333333333333333,0.0,0.0,both,11
20,0,0,0,0,0,0,46,0,0,46,0,0,0,0,0,0,0,29,75,75,0,0,1.0,0.41333333333333333,0.0,0.0,both,11
21,0,0,0,0,0,0,46,0,0,46,0,0,0,0,0,0,0,29,75,75,0,0,1.0,0.41333333333333333,0.0,0.0,both,11
22,0,0,0,0,0,0,46,0,0,46,0,0,0,0,0,0,0,29,75,75,0,0,1.0,0.41333333333333333,0.0,0.0,both,11
23,0,0,0,0,0,0,46,0,0,46,0,0,0,0,0,0,0,29,75,75,0,0,1.0,0.41333333333333333,0.0,0.0,both,11
24,0,0,0,0,0,0,46,0,0,46,0,0,0,0,0,0,0,29,75,75,0,0,1.0,0.41333333333333333,0.0,0.0,both,11
25,0,0,0,0,0,0,46,0,0,46,0,0,0,0,0,0,0,29,75,75,0,0,1.0,0.41333333333333333,0.0,0.0,both,11
26,0,0,0,0,0,0,46,0,0,46,0,0,0,0,0,0,0,29,75,75,0,0,1.0,0.41333333333333333,0.0,0.0,both,11
27,0,0,0,0,0,0,46,0,0,46,0,0,0,0,0,0,0,29,75,75,0,0,1.0,0.41333333333333333,0.0,0.0,both,11
28,0,0,0,0,0,0,46,0,0,46,0,0,0,0,0,0,0,29,75,75,0,0,1.0,0.41333333333333333,0.0,0.0,both,11
29,0,0,0,0,0,0,46,0,0,46,0,0,0,0,0,0,0,29,75,75,0,0,1.0,0.41333333333333333,0.0,0.0,both,11
30,0,0,0,0,0,0,46,0,0,46,0,0,0,0,0,0,0,29,75,75,0,0,1.0,0.41333333333333333,0.0,0.0,both,11
31,0,0,0,0,0,0,46,0,0,46,0,0,0,0,0,0,0,29,75,75,0,0,1.0,0.41333333333333333,0.0,0.0,both,11
32,0,0,0,0,0,0,46,0,0,46,0,0,0,0,0,0,0,29,75,75,0,0,1.0,0.41333333333333333,0.0,0.0,both,11
33,0,0,0,0,0,0,46,0,0,46,0,0,0,0,0,0,0,29,75,75,0,0,1.0,0.41333333333333333,0.0,0.0,both,11
34,0,0,0,0,0,0,46,0,0,46,0,0,0,0,0,0,0,29,75,75,0,0,1.0,0.41333333333333333,0.0,0.0,both,11
35,0,0,0,0,0,0,46,0,0,46,0,0,0,0,0,0,0,29,75,75,0,0,1.0,0.41333333333333333,0.0,0.0,both,11
36,0,0,0,0,0,0,46,0,0,46,0,0,0,0,0,0,0,29,75,75,0,0,1.0,0.41333333333333333,0.0,0.0,both,11
37,0,0,0,0,0,0,46,0,0,46,0,0,0,0,0,0,0,29,75,75,0,0,1.0,0.41333333333333333,0.0,0.0,both,11
38,0,0,0,0,0,0,46,0,0,46,0,0,0,0,0,0,0,29,75,75,0,0,1.0,0.41333333333333333,0.0,0.0,both,11
39,0,0,0,0,0,0,46,0,0,46,0,0,0,0,0,0,0,29,75,75,0,0,1.0,0.41333333333333333,0.0,0.0,both,11
40,0,0,0,0,0,0,46,0,0,46,0,0,0,0,0,0,0,29,75,75,0,0,1.0,0.41333333333333333,0.0,0.0,both,11
41,0,0,0,0,0,0,46,0,0,46,0,0,0,0,0,0,0,29,75,75,0,0,1.0,0.41333333333333333,0.0,0.0,both,11
42,0,0,0,0,0,0,46,0,0,46,0,0,0,0,0,0,0,29,75,75,0,0,1.0,0.41333333333333333,0.0,0.0,both,11
43,0,0,0,0,0,0,46,0,0,46,0,0,0,0,0,0,0,29,75,75,0,0,1.0,0.41333333333333333,0.0,0.0,both,11
44,0,0,0,0,0,0,46,0,0,46,0,0,0,0,0,0,0,29,75,75,0,0,1.0,0.41333333333333333,0.0,0.0,both,11
0,77,77,77,77,0,0,77,77,0,0,77,77,0,0,0,0,0,0,77,77,0,0,1.0,0.0,0.0,0.0,domestic_only,12
1,0,0,0,0,0,0,77,77,0,0,77,77,0,0,0,0,0,0,77,77,77,0,1.0,0.0,0.0,0.0,domestic_only,12
2,0,0,0,0,0,0,77,71,0,6,71,65,6,6,0,0,0,0,77,77,77,0,1.0,0.0,0.0,0.0,domestic_only,12
3,0,0,0,0,0,0,71,58,0,13,58,53,5,5,6,0,6,6,77,77,77,0,1.0,0.0,0.0,0.0,domestic_only,12
4,0,0,0,0,0,0,67,44,0,23,44,41,3,3,4,0,4,10,77,77,58,0,1.0,0.0,0.0,0.0,domestic_only,12
5,0,0,0,0,0,0,65,32,0,33,32,29,3,3,2,0,2,12,77,77,44,0,1.0,0.0,0.0,0.0,domestic_only,12
6,0,0,0,0,0,0,62,24,0,38,24,17,7,7,3,0,3,15,77,77,32,0,1.0,0.0,0.0,0.0,domestic_only,12
7,0,0,0,0,0,0,56,13,0,43,13,5,8,8,6,0,6,21,77,77,24,0,1.0,0.0,0.0,0.0,domestic_only,12
8,0,0,0,0,0,0,48,2,0,46,2,0,2,2,8,0,8,29,77,77,13,0,1.0,0.0,0.0,0.0,domestic_only,12
9,0,0,0,0,0,0,47,0,0,47,0,0,0,0,1,0,1,30,77,77,2,0,1.0,0.0,0.0,0.0,domestic_only,12
10,0,0,0,0,0,0,47,0,0,47,0,0,0,0,0,0,0,30,77,77,0,0,1.0,0.0,0.0,0.0,domestic_only,12
11,0,0,0,0,0,0,47,0,0,47,0,0,0,0,0,0,0,30,77,77,0,0,1.0,0.0,0.0,0.0,domestic_only,12
12,0,0,0,0,0,0,47,0,0,47,0,0,0,0,0,0,0,30,77,77,0,0,1.0,0.0,0.0,0.0,domestic_only,12
13,0,0,0,0,0,0,47,0,0,47,0,0,0,0,0,0,0,30,77,77,0,0,1.0,0.0,0.0,0.0,domestic_only,12
14,0,0,0,0,0,0,47,0,0,47,0,0,0,0,0,0,0,30,77,77,0,0,1.0,0.0,0.0,0.0,domestic_only,12
15,0,0,0,0,0,0,47,0,0,47,0,0,0,0,0,0,0,30,77,77,0,0,1.0,0.0,0.0,0.0,domestic_only,12
16,0,0,0,0,0,0,47,0,0,47,0,0,0,0,0,0,0,30,77,77,0,0,1.0,0.0,0.0,0.0,domestic_only,12
17,0,0,0,0,0,0,47,0,0,47,0,0,0,0,0,0,0,30,77,77,0,0,1.0,0.0,0.0,0.0,domestic_only,12
18,0,0,0,0,0,0,47,0,0,47,0,0,0,0,0,0,0,30,77,77,0,0,1.0,0.0,0.0,0.0,domestic_only,12
19,0,0,0,0,0,0,47,0,0,47,0,0,0,0,0,0,0,30,77,77,0,0,1.0,0.0,0.0,0.0,domestic_only,12
20,0,0,0,0,0,0,47,0,0,47,0,0,0,0,0,0,0,30,77,77,0,0,1.0,0.0,0.0,0.0,domestic_only,12
21,0,0,0,0,0,0,47,0,0,47,0,0,0,0,0,0,0,30,77,77,0,0,1.0,0.0,0.0,0.0,domestic_only,12
22,0,0,0,0,0,0,47,0,0,47,0,0,0,0,0,0,0,30,77,77,0,0,1.0,0.0,0.0,0.0,domestic_only,12
23,0,0,0,0,0,0,47,0,0,47,0,0,0,0,0,0,0,30,77,77,0,0,1.0,0.0,0.0,0.0,domestic_only,12
24,0,0,0,0,0,0,47,0,0,47,0,0,0,0,0,0,0,30,77,77,0,0,1.0,0.0,0.0,0.0,domestic_only,12
25,0,0,0,0,0,0,47,0,0,47,0,0,0,0,0,0,0,30,77,77,0,0,1.0,0.0,0.0,0.0,domestic_only,12
26,0,0,0,0,0,0,47,0,0,47,0,0,0,0,0,0,0,30,77,77,0,0,1.0,0.0,0.0,0.0,domestic_only,12
27,0,0,0,0,0,0,47,0,0,47,0,0,0,0,0,0,0,30,77,77,0,0,1.0,0.0,0.0,0.0,domestic_only,12
28,0,0,0,0,0,0,47,0,0,47,0,0,0,0,0,0,0,30,77,77,0,0,1.0,0.0,0.0,0.0,domestic_only,12
29,0,0,0,0,0,0,47,0,0,47,0,0,0,0,0,0,0,30,77,77,0,0,1.0,0.0,0.0,0.0,domestic_only,12
30,0,0,0,0,0,0,47,0,0,47,0,0,0,0,0,0,0,30,77,77,0,0,1.0,0.0,0.0,0.0,domestic_only,12
31,0,0,0,0,0,0,47,0,0,47,0,0,0,0,0,0,0,30,77,77,0,0,1.0,0.0,0.0,0.0,domestic_only,12
32,0,0,0,0,0,0,47,0,0,47,0,0,0,0,0,0,0,30,77,77,0,0,1.0,0.0,0.0,0.0,domestic_only,12
33,0,0,0,0,0,0,47,0,0,47,0,0,0,0,0,0,0,30,77,77,0,0,1.0,0.0,0.0,0.0,domestic_only,12
34,0,0,0,0,0,0,47,0,0,47,0,0,0,0,0,0,0,30,77,77,0,0,1.0,0.0,0.0,0.0,domestic_only,12
35,0,0,0,0,0,0,47,0,0,47,0,0,0,0,0,0,0,30,77,77,0,0,1.0,0.0,0.0,0.0,domestic_only,12
36,0,0,0,0,0,0,47,0,0,47,0,0,0,0,0,0,0,30,77,77,0,0,1.0,0.0,0.0,0.0,domestic_only,12
37,0,0,0,0,0,0,47,0,0,47,0,0,0,0,0,0,0,30,77,77,0,0,1.0,0.0,0.0,0.0,domestic_only,12
38,0,0,0,0,0,0,47,0,0,47,0,0,0,0,0,0,0,30,77,77,0,0,1.0,0.0,0.0,0.0,domestic_only,12
39,0,0,0,0,0,0,47,0,0,47,0,0,0,0,0,0,0,30,77,77,0,0,1.0,0.0,0.0,0.0,domestic_only,12
40,0,0,0,0,0,0,47,0,0,47,0,0,0,0,0,0,0,30,77,77,0,0,1.0,0.0,0.0,0.0,domestic_only,12
41,0,0,0,0,0,0,47,0,0,47,0,0,0,0,0,0,0,30,77,77,0,0,1.0,0.0,0.0,0.0,domestic_only,12
42,0,0,0,0,0,0,47,0,0,47,0,0,0,0,0,0,0,30,77,77,0,0,1.0,0.0,0.0,0.0,domestic_only,12
43,0,0,0,0,0,0,47,0,0,47,0,0,0,0,0,0,0,30,77,77,0,0,1.0,0.0,0.0,0.0,domestic_only,12
44,0,0,0,0,0,0,47,0,0,47,0,0,0,0,0,0,0,30,77,77,0,0,1.0,0.0,0.0,0.0,domestic_only,12
0,77,50,50,0,50,0,77,50,27,0,0,0,0,0,0,50,0,0,50,77,0,0,0.0,0.6493506493506493,0.0,0.0,customer_only,12
1,0,1,1,0,1,0,77,51,26,0,0,0,0,0,0,51,0,0,51,77,0,50,0.0,0.6623376623376623,0.0,0.0,customer_only,12
2,0,0,0,0,0,0,77,44,26,7,0,0,0,0,0,44,0,0,51,77,0,51,0.0,0.6623376623376623,0.0,0.0,customer_only,12
3,0,0,0,0,0,0,74,32,26,16,0,0,0,0,0,32,3,3,51,77,0,51,0.0,0.6623376623376623,0.0,0.0,customer_only,12
4,0,1,1,0,1,0,70,22,25,23,0,0,0,0,0,22,4,7,52,77,0,32,0.0,0.6753246753246753,0.0,0.0,customer_only,12
5,0,0,0,0,0,0,67,7,25,35,0,0,0,0,0,7,3,10,52,77,0,22,0.0,0.6753246753246753,0.0,0.0,customer_only,12
6,0,0,0,0,0,0,65,1,25,39,0,0,0,0,0,1,2,12,52,77,0,7,0.0,0.6753246753246753,0.0,0.0,customer_only,12
7,0,0,0,0,0,0,65,0,25,40,0,0,0,0,0,0,0,12,52,77,0,1,0.0,0.6753246753246753,0.0,0.0,customer_only,12
8,0,1,1,0,1,0,65,1,24,40,0,0,0,0,0,1,0,12,53,77,0,0,0.0,0.6883116883116883,0.0,0.0,customer_only,12
9,0,0,0,0,0,0,65,1,24,40,0,0,0,0,0,1,0,12,53,77,0,1,0.0,0.6883116883116883,0.0,0.0,customer_only,12
10,0,0,0,0,0,0,65,1,24,40,0,0,0,0,0,1,0,12,53,77,0,1,0.0,0.6883116883116883,0.0,0.0,customer_only,12
11,0,0,0,0,0,0,65,0,24,41,0,0,0,0,0,0,0,12,53,77,0,1,0.0,0.6883116883116883,0.0,0.0,customer_only,12
12,0,0,0,0,0,0,65,0,24,41,0,0,0,0,0,0,0,12,53,77,0,0,0.0,0.6883116883116883,0.0,0.0,customer_only,12
13,0,0,0,0,0,0,65,0,24,41,0,0,0,0,0,0,0,12,53,77,0,0,0.0,0.6883116883116883,0.0,0.0,customer_only,12
14,0,0,0,0,0,0,65,0,24,41,0,0,0,0,0,0,0,12,53,77,0,0,0.0,0.6883116883116883,0.0,0.0,customer_only,12
15,0,0,0,0,0,0,65,0,24,41,0,0,0,0,0,0,0,12,53,77,0,0,0.0,0.6883116883116883,0.0,0.0,customer_only,12
16,0,0,0,0,0,0,65,0,24,41,0,0,0,0,0,0,0,12,53,77,0,0,0.0,0.6883116883116883,0.0,0.0,customer_only,12
17,0,0,0,0,0,0,65,0,24,41,0,0,0,0,0,0,0,12,53,77,0,0,0.0,0.6883116883116883,0.0,0.0,customer_only,12
18,0,0,0,0,0,0,65,0,24,41,0,0,0,0,0,0,0,12,53,77,0,0,0.0,0.6883116883116883,0.0,0.0,customer_only,12
19,0,0,0,0,0,0,65,0,24,41,0,0,0,0,0,0,0,12,53,77,0,0,0.0,0.6883116883116883,0.0,0.0,customer_only,12
20,0,0,0,0,0,0,65,0,24,41,0,0,0,0,0,0,0,12,53,77,0,0,0.0,0.6883116883116883,0.0,0.0,customer_only,12
21,0,0,0,0,0,0,65,0,24,41,0,0,0,0,0,0,0,12,53,77,0,0,0.0,0.6883116883116883,0.0,0.0,customer_only,12
22,0,0,0,0,0,0,65,0,24,41,0,0,0,0,0,0,0,12,53,77,0,0,0.0,0.6883116883116883,0.0,0.0,customer_only,12
23,0,0,0,0,0,0,65,0,24,41,0,0,0,0,0,0,0,12,53,77,0,0,0.0,0.6883116883116883,0.0,0.0,customer_only,12
24,0,0,0,0,0,0,65,0,24,41,0,0,0,0,0,0,0,12,53,77,0,0,0.0,0.6883116883116883,0.0,0.0,customer_only,12
25,0,0,0,0,0,0,65,0,24,41,0,0,0,0,0,0,0,12,53,77,0,0,0.0,0.6883116883116883,0.0,0.0,customer_only,12
26,0,0,0,0,0,0,65,0,24,41,0,0,0,0,0,0,0,12,53,77,0,0,0.0,0.6883116883116883,0.0,0.0,customer_only,12
27,0,0,0,0,0,0,65,0,24,41,0,0,0,0,0,0,0,12,53,77,0,0,0.0,0.6883116883116883,0.0,0.0,customer_only,12
28,0,0,0,0,0,0,65,0,24,41,0,0,0,0,0,0,0,12,53,77,0,0,0.0,0.6883116883116883,0.0,0.0,customer_only,12
29,0,0,0,0,0,0,65,0,24,41,0,0,0,0,0,0,0,12,53,77,0,0,0.0,0.6883116883116883,0.0,0.0,customer_only,12
30,0,0,0,0,0,0,65,0,24,41,0,0,0,0,0,0,0,12,53,77,0,0,0.0,0.6883116883116883,0.0,0.0,customer_only,12
31,0,0,0,0,0,0,65,0,24,41,0,0,0,0,0,0,0,12,53,77,0,0,0.0,0.6883116883116883,0.0,0.0,customer_only,12
32,0,0,0,0,0,0,65,0,24,41,0,0,0,0,0,0,0,12,53,77,0,0,0.0,0.6883116883116883,0.0,0.0,customer_only,12
33,0,0,0,0,0,0,65,0,24,41,0,0,0,0,0,0,0,12,53,77,0,0,0.0,0.6883116883116883,0.0,0.0,customer_only,12
34,0,0,0,0,0,0,65,0,24,41,0,0,0,0,0,0,0,12,53,77,0,0,0.0,0.6883116883116883,0.0,0.0,customer_only,12
35,0,0,0,0,0,0,65,0,24,41,0,0,0,0,0,0,0,12,53,77,0,0,0.0,0.6883116883116883,0.0,0.0,customer_only,12
36,0,0,0,0,0,0,65,0,24,41,0,0,0,0,0,0,0,12,53,77,0,0,0.0,0.6883116883116883,0.0,0.0,customer_only,12
37,0,0,0,0,0,0,65,0,24,41,0,0,0,0,0,0,0,12,53,77,0,0,0.0,0.6883116883116883,0.0,0.0,customer_only,12
38,0,0,0,0,0,0,65,0,24,41,0,0,0,0,0,0,0,12,53,77,0,0,0.0,0.6883116883116883,0.0,0.0,customer_only,12
39,0,0,0,0,0,0,65,0,24,41,0,0,0,0,0,0,0,12,53,77,0,0,0.0,0.6883116883116883,0.0,0.0,customer_only,12
40,0,0,0,0,0,0,65,0,24,41,0,0,0,0,0,0,0,12,53,77,0,0,0.0,0.6883116883116883,0.0,0.0,customer_only,12
41,0,0,0,0,0,0,65,0,24,41,0,0,0,0,0,0,0,12,53,77,0,0,0.0,0.6883116883116883,0.0,0.0,customer_only,12
42,0,0,0,0,0,0,65,0,24,41,0,0,0,0,0,0,0,12,53,77,0,0,0.0,0.6883116883116883,0.0,0.0,customer_only,12
43,0,0,0,0,0,0,65,0,24,41,0,0,0,0,0,0,0,12,53,77,0,0,0.0,0.6883116883116883,0.0,0.0,customer_only,12
44,0,0,0,0,0,0,65,0,24,41,0,0,0,0,0,0,0,12,53,77,0,0,0.0,0.6883116883116883,0.0,0.0,customer_only,12
0,77,77,77,70,13,0,77,77,0,0,70,70,0,0,0,13,0,0,77,77,0,0,0.9090909090909091,0.16883116883116883,0.0,0.0,both,12
1,0,0,0,0,0,0,77,77,0,0,70,70,0,0,0,13,0,0,77,77,70,13,0.9090909090909091,0.16883116883116883,0.0,0.0,both,12
2,0,0,0,0,0,0,77,70,0,7,65,58,7,7,0,8,0,0,77,77,70,13,0.9090909090909091,0.16883116883116883,0.0,0.0,both,12
3,0,0,0,3,3,6,69,55,0,14,53,48,5,5,7,3,8,8,77,77,70,13,0.948051948051948,0.2077922077922078,3.0,3.0,both,12
4,0,0,0,3,3,6,65,46,0,19,42,39,3,3,3,5,4,12,77,77,53,4,0.987012987012987,0.24675324675324675,3.0,3.0,both,12
5,0,0,0,0,8,8,63,42,0,21,33,27,6,6,2,12,2,14,77,77,42,6,0.987012987012987,0.35064935064935066,8.0,0.0,both,12
6,0,0,0,0,3,3,60,30,0,30,19,15,4,4,3,12,3,17,77,77,33,14,0.987012987012987,0.38961038961038963,3.0,0.0,both,12
7,0,0,0,0,2,2,54,18,0,36,12,3,9,9,4,6,6,23,77,77,19,14,0.987012987012987,0.4155844155844156,2.0,0.0,both,12
8,0,0,0,0,1,1,45,4,0,41,0,0,0,0,8,4,9,32,77,77,12,13,0.987012987012987,0.42857142857142855,1.0,0.0,both,12
9,0,0,0,0,1,1,45,2,0,43,0,0,0,0,0,2,0,32,77,77,0,6,0.987012987012987,0.44155844155844154,1.0,0.0,both,12
10,0,0,0,0,1,1,45,2,0,43,0,0,0,0,0,2,0,32,77,77,0,4,0.987012987012987,0.45454545454545453,1.0,0.0,both,12
11,0,0,0,0,0,0,45,2,0,43,0,0,0,0,0,2,0,32,77,77,0,3,0.987012987012987,0.45454545454545453,0.0,0.0,both,12
12,0,0,0,0,0,0,44,1,0,43,0,0,0,0,0,1,1,33,77,77,0,2,0.987012987012987,0.45454545454545453,0.0,0.0,both,12
13,0,0,0,0,0,0,43,0,0,43,0,0,0,0,0,0,1,34,77,77,0,1,0.987012987012987,0.45454545454545453,0.0,0.0,both,12
14,0,0,0,0,0,0,43,0,0,43,0,0,0,0,0,0,0,34,77,77,0,0,0.987012987012987,0.45454545454545453,0.0,0.0,both,12
15,0,0,0,0,0,0,43,0,0,43,0,0,0,0,0,0,0,34,77,77,0,0,0.987012987012987,0.45454545454545453,0.0,0.0,both,12
16,0,0,0,0,0,0,43,0,0,43,0,0,0,0,0,0,0,34,77,77,0,0,0.987012987012987,0.45454545454545453,0.0,0.0,both,12
17,0,0,0,0,0,0,43,0,0,43,0,0,0,0,0,0,0,34,77,77,0,0,0.987012987012987,0.45454545454545453,0.0,0.0,both,12
18,0,0,0,0,0,0,43,0,0,43,0,0,0,0,0,0,0,34,77,77,0,0,0.987012987012987,0.45454545454545453,0.0,0.0,both,12
19,0,0,0,0,0,0,43,0,0,43,0,0,0,0,0,0,0,34,77,77,0,0,0.987012987012987,0.45454545454545453,0.0,0.0,both,12
20,0,0,0,0,0,0,43,0,0,43,0,0,0,0,0,0,0,34,77,77,0,0,0.987012987012987,0.45454545454545453,0.0,0.0,both,12
21,0,0,0,0,0,0,43,0,0,43,0,0,0,0,0,0,0,34,77,77,0,0,0.987012987012987,0.45454545454545453,0.0,0.0,both,12
22,0,0,0,0,0,0,43,0,0,43,0,0,0,0,0,0,0,34,77,77,0,0,0.987012987012987,0.45454545454545453,0.0,0.0,both,12
23,0,0,0,0,0,0,43,0,0,43,0,0,0,0,0,0,0,34,77,77,0,0,0.987012987012987,0.45454545454545453,0.0,0.0,both,12
24,0,0,0,0,0,0,43,0,0,43,0,0,0,0,0,0,0,34,77,77,0,0,0.987012987012987,0.45454545454545453,0.0,0.0,both,12
25,0,0,0,0,0,0,43,0,0,43,0,0,0,0,0,0,0,34,77,77,0,0,0.987012987012987,0.45454545454545453,0.0,0.0,both,12
26,0,0,0,0,0,0,43,0,0,43,0,0,0,0,0,0,0,34,77,77,0,0,0.987012987012987,0.45454545454545453,0.0,0.0,both,12
27,0,0,0,0,0,0,43,0,0,43,0,0,0,0,0,0,0,34,77,77,0,0,0.987012987012987,0.45454545454545453,0.0,0.0,both,12
28,0,0,0,0,0,0,43,0,0,43,0,0,0,0,0,0,0,34,77,77,0,0,0.987012987012987,0.45454545454545453,0.0,0.0,both,12
29,0,0,0,0,0,0,43,0,0,43,0,0,0,0,0,0,0,34,77,77,0,0,0.987012987012987,0.45454545454545453,0.0,0.0,both,12
30,0,0,0,0,0,0,43,0,0,43,0,0,0,0,0,0,0,34,77,77,0,0,0.987012987012987,0.45454545454545453,0.0,0.0,both,12
31,0,0,0,0,0,0,43,0,0,43,0,0,0,0,0,0,0,34,77,77,0,0,0.987012987012987,0.45454545454545453,0.0,0.0,both,12
32,0,0,0,0,0,0,43,0,0,43,0,0,0,0,0,0,0,34,77,77,0,0,0.987012987012987,0.45454545454545453,0.0,0.0,both,12
33,0,0,0,0,0,0,43,0,0,43,0,0,0,0,0,0,0,34,77,77,0,0,0.987012987012987,0.45454545454545453,0.0,0.0,both,12
34,0,0,0,0,0,0,43,0,0,43,0,0,0,0,0,0,0,34,77,77,0,0,0.987012987012987,0.45454545454545453,0.0,0.0,both,12
35,0,0,0,0,0,0,43,0,0,43,0,0,0,0,0,0,0,34,77,77,0,0,0.987012987012987,0.45454545454545453,0.0,0.0,both,12
36,0,0,0,0,0,0,43,0,0,43,0,0,0,0,0,0,0,34,77,77,0,0,0.987012987012987,0.45454545454545453,0.0,0.0,both,12
37,0,0,0,0,0,0,43,0,0,43,0,0,0,0,0,0,0,34,77,77,0,0,0.987012987012987,0.45454545454545453,0.0,0.0,both,12
38,0,0,0,0,0,0,43,0,0,43,0,0,0,0,0,0,0,34,77,77,0,0,0.987012987012987,0.45454545454545453,0.0,0.0,both,12
39,0,0,0,0,0,0,43,0,0,43,0,0,0,0,0,0,0,34,77,77,0,0,0.987012987012987,0.45454545454545453,0.0,0.0,both,12
40,0,0,0,0,0,0,43,0,0,43,0,0,0,0,0,0,0,34,77,77,0,0,0.987012987012987,0.45454545454545453,0.0,0.0,both,12
41,0,0,0,0,0,0,43,0,0,43,0,0,0,0,0,0,0,34,77,77,0,0,0.987012987012987,0.45454545454545453,0.0,0.0,both,12
42,0,0,0,0,0,0,43,0,0,43,0,0,0,0,0,0,0,34,77,77,0,0,0.987012987012987,0.45454545454545453,0.0,0.0,both,12
43,0,0,0,0,0,0,43,0,0,43,0,0,0,0,0,0,0,34,77,77,0,0,0.987012987012987,0.45454545454545453,0.0,0.0,both,12
44,0,0,0,0,0,0,43,0,0,43,0,0,0,0,0,0,0,34,77,77,0,0,0.987012987012987,0.45454545454545453,0.0,0.0,both,12
0,88,88,88,88,0,0,88,88,0,0,88,88,0,0,0,0,0,0,88,88,0,0,1.0,0.0,0.0,0.0,domestic_only,13
1,0,0,0,0,0,0,88,88,0,0,88,88,0,0,0,0,0,0,88,88,88,0,1.0,0.0,0.0,0.0,domestic_only,13
2,0,0,0,0,0,0,88,81,0,7,81,76,5,5,0,0,0,0,88,88,88,0,1.0,0.0,0.0,0.0,domestic_only,13
3,0,0,0,0,0,0,83,72,0,11,72,64,8,8,5,0,5,5,88,88,88,0,1.0,0.0,0.0,0.0,domestic_only,13
4,0,0,0,0,0,0,76,58,0,18,58,52,6,6,7,0,7,12,88,88,72,0,1.0,0.0,0.0,0.0,domestic_only,13
5,0,0,0,0,0,0,71,45,0,26,45,40,5,5,5,0,5,17,88,88,58,0,1.0,0.0,0.0,0.0,domestic_only,13
6,0,0,0,0,0,0,66,36,0,30,36,28,8,8,5,0,5,22,88,88,45,0,1.0,0.0,0.0,0.0,domestic_only,13
7,0,0,0,0,0,0,60,18,0,42,18,16,2,2,6,0,6,28,88,88,36,0,1.0,0.0,0.0,0.0,domestic_only,13
8,0,0,0,0,0,0,58,10,0,48,10,4,6,6,2,0,2,30,88,88,18,0,1.0,0.0,0.0,0.0,domestic_only,13
9,0,0,0,0,0,0,54,2,0,52,2,0,2,2,4,0,4,34,88,88,10,0,1.0,0.0,0.0,0.0,domestic_only,13
10,0,0,0,0,0,0,52,0,0,52,0,0,0,0,2,0,2,36,88,88,2,0,1.0,0.0,0.0,0.0,domestic_only,13
11,0,0,0,0,0,0,52,0,0,52,0,0,0,0,0,0,0,36,88,88,0,0,1.0,0.0,0.0,0.0,domestic_only,13
12,0,0,0,0,0,0,52,0,0,52,0,0,0,0,0,0,0,36,88,88,0,0,1.0,0.0,0.0,0.0,domestic_only,13
13,0,0,0,0,0,0,52,0,0,52,0,0,0,0,0,0,0,36,88,88,0,0,1.0,0.0,0.0,0.0,domestic_only,13
14,0,0,0,0,0,0,52,0,0,52,0,0,0,0,0,0,0,36,88,88,0,0,1.0,0.0,0.0,0.0,domestic_only,13
15,0,0,0,0,0,0,52,0,0,52,0,0,0,0,0,0,0,36,88,88,0,0,1.0,0.0,0.0,0.0,domestic_only,13
16,0,0,0,0,0,0,52,0,0,52,0,0,0,0,0,0,0,36,88,88,0,0,1.0,0.0,0.0,0.0,domestic_only,13
17,0,0,0,0,0,0,52,0,0,52,0,0,0,0,0,0,0,36,88,88,0,0,1.0,0.0,0.0,0.0,domestic_only,13
18,0,0,0,0,0,0,52,0,0,52,0,0,0,0,0,0,0,36,88,88,0,0,1.0,0.0,0.0,0.0,domestic_only,13
19,0,0,0,0,0,0,52,0,0,52,0,0,0,0,0,0,0,36,88,88,0,0,1.0,0.0,0.0,0.0,domestic_only,13
20,0,0,0,0,0,0,52,0,0,52,0,0,0,0,0,0,0,36,88,88,0,0,1.0,0.0,0.0,0.0,domestic_only,13
21,0,0,0,0,0,0,52,0,0,52,0,0,0,0,0,0,0,36,88,88,0,0,1.0,0.0,0.0,0.0,domestic_only,13
22,0,0,0,0,0,0,52,0,0,52,0,0,0,0,0,0,0,36,88,88,0,0,1.0,0.0,0.0,0.0,domestic_only,13
23,0,0,0,0,0,0,52,0,0,52,0,0,0,0,0,0,0,36,88,88,0,0,1.0,0.0,0.0,0.0,domestic_only,13
24,0,0,0,0,0,0,52,0,0,52,0,0,0,0,0,0,0,36,88,88,0,0,1.0,0.0,0.0,0.0,domestic_only,13
25,0,0,0,0,0,0,52,0,0,52,0,0,0,0,0,0,0,36,88,88,0,0,1.0,0.0,0.0,0.0,domestic_only,13
26,0,0,0,0,0,0,52,0,0,52,0,0,0,0,0,0,0,36,88,88,0,0,1.0,0.0,0.0,0.0,domestic_only,13
27,0,0,0,0,0,0,52,0,0,52,0,0,0,0,0,0,0,36,88,88,0,0,1.0,0.0,0.0,0.0,domestic_only,13
28,0,0,0,0,0,0,52,0,0,52,0,0,0,0,0,0,0,36,88,88,0,0,1.0,0.0,0.0,0.0,domestic_only,13
29,0,0,0,0,0,0,52,0,0,52,0,0,0,0,0,0,0,36,88,88,0,0,1.0,0.0,0.0,0.0,domestic_only,13
30,0,0,0,0,0,0,52,0,0,52,0,0,0,0,0,0,0,36,88,88,0,0,1.0,0.0,0.0,0.0,domestic_only,13
31,0,0,0,0,0,0,52,0,0,52,0,0,0,0,0,0,0,36,88,88,0,0,1.0,0.0,0.0,0.0,domestic_only,13
32,0,0,0,0,0,0,52,0,0,52,0,0,0,0,0,0,0,36,88,88,0,0,1.0,0.0,0.0,0.0,domestic_only,13
33,0,0,0,0,0,0,52,0,0,52,0,0,0,0,0,0,0,36,88,88,0,0,1.0,0.0,0.0,0.0,domestic_only,13
34,0,0,0,0,0,0,52,0,0,52,0,0,0,0,0,0,0,36,88,88,0,0,1.0,0.0,0.0,0.0,domestic_only,13
35,0,0,0,0,0,0,52,0,0,52,0,0,0,0,0,0,0,36,88,88,0,0,1.0,0.0,0.0,0.0,domestic_only,13
36,0,0,0,0,0,0,52,0,0,52,0,0,0,0,0,0,0,36,88,88,0,0,1.0,0.0,0.0,0.0,domestic_only,13
37,0,0,0,0,0,0,52,0,0,52,0,0,0,0,0,0,0,36,88,88,0,0,1.0,0.0,0.0,0.0,domestic_only,13
38,0,0,0,0,0,0,52,0,0,52,0,0,0,0,0,0,0,36,88,88,0,0,1.0,0.0,0.0,0.0,domestic_only,13
39,0,0,0,0,0,0,52,0,0,52,0,0,0,0,0,0,0,36,88,88,0,0,1.0,0.0,0.0,0.0,domestic_only,13
40,0,0,0,0,0,0,52,0,0,52,0,0,0,0,0,0,0,36,88,88,0,0,1.0,0.0,0.0,0.0,domestic_only,13
41,0,0,0,0,0,0,52,0,0,52,0,0,0,0,0,0,0,36,88,88,0,0,1.0,0.0,0.0,0.0,domestic_only,13
42,0,0,0,0,0,0,52,0,0,52,0,0,0,0,0,0,0,36,88,88,0,0,1.0,0.0,0.0,0.0,domestic_only,13
43,0,0,0,0,0,0,52,0,0,52,0,0,0,0,0,0,0,36,88,88,0,0,1.0,0.0,0.0,0.0,domestic_only,13
44,0,0,0,0,0,0,52,0,0,52,0,0,0,0,0,0,0,36,88,88,0,0,1.0,0.0,0.0,0.0,domestic_only,13
0,88,60,60,0,60,0,88,60,28,0,0,0,0,0,0,60,0,0,60,88,0,0,0.0,0.6818181818181818,0.0,0.0,customer_only,13
1,0,3,3,0,3,0,88,63,25,0,0,0,0,0,0,63,0,0,63,88,0,60,0.0,0.7159090909090909,0.0,0.0,customer_only,13
2,0,0,0,0,0,0,88,55,25,8,0,0,0,0,0,55,0,0,63,88,0,63,0.0,0.7159090909090909,0.0,0.0,customer_only,13
3,0,0,0,0,0,0,86,47,25,14,0,0,0,0,0,47,2,2,63,88,0,63,0.0,0.7159090909090909,0.0,0.0,customer_only,13
4,0,0,0,0,0,0,83,32,25,26,0,0,0,0,0,32,3,5,63,88,0,47,0.0,0.7159090909090909,0.0,0.0,customer_only,13
5,0,0,0,0,0,0,81,21,25,35,0,0,0,0,0,21,2,7,63,88,0,32,0.0,0.7159090909090909,0.0,0.0,customer_only,13
6,0,0,0,0,0,0,76,9,25,42,0,0,0,0,0,9,5,12,63,88,0,21,0.0,0.7159090909090909,0.0,0.0,customer_only,13
7,0,0,0,0,0,0,72,1,25,46,0,0,0,0,0,1,4,16,63,88,0,9,0.0,0.7159090909090909,0.0,0.0,customer_only,13
8,0,0,0,0,0,0,72,0,25,47,0,0,0,0,0,0,0,16,63,88,0,1,0.0,0.7159090909090909,0.0,0.0,customer_only,13
9,0,0,0,0,0,0,72,0,25,47,0,0,0,0,0,0,0,16,63,88,0,0,0.0,0.7159090909090909,0.0,0.0,customer_only,13
10,0,0,0,0,0,0,72,0,25,47,0,0,0,0,0,0,0,16,63,88,0,0,0.0,0.7159090909090909,0.0,0.0,customer_only,13
11,0,0,0,0,0,0,72,0,25,47,0,0,0,0,0,0,0,16,63,88,0,0,0.0,0.7159090909090909,0.0,0.0,customer_only,13
12,0,0,0,0,0,0,72,0,25,47,0,0,0,0,0,0,0,16,63,88,0,0,0.0,0.7159090909090909,0.0,0.0,customer_only,13
13,0,0,0,0,0,0,72,0,25,47,0,0,0,0,0,0,0,16,63,88,0,0,0.0,0.7159090909090909,0.0,0.0,customer_only,13
14,0,0,0,0,0,0,72,0,25,47,0,0,0,0,0,0,0,16,63,88,0,0,0.0,0.7159090909090909,0.0,0.0,customer_only,13
15,0,0,0,0,0,0,72,0,25,47,0,0,0,0,0,0,0,16,63,88,0,0,0.0,0.7159090909090909,0.0,0.0,customer_only,13
16,0,0,0,0,0,0,72,0,25,47,0,0,0,0,0,0,0,16,63,88,0,0,0.0,0.7159090909090909,0.0,0.0,customer_only,13
17,0,0,0,0,0,0,72,0,25,47,0,0,0,0,0,0,0,16,63,88,0,0,0.0,0.7159090909090909,0.0,0.0,customer_only,13
18,0,0,0,0,0,0,72,0,25,47,0,0,0,0,0,0,0,16,63,88,0,0,0.0,0.7159090909090909,0.0,0.0,customer_only,13
19,0,0,0,0,0,0,72,0,25,47,0,0,0,0,0,0,0,16,63,88,0,0,0.0,0.7159090909090909,0.0,0.0,customer_only,13
20,0,0,0,0,0,0,72,0,25,47,0,0,0,0,0,0,0,16,63,88,0,0,0.0,0.7159090909090909,0.0,0.0,customer_only,13
21,0,0,0,0,0,0,72,0,25,47,0,0,0,0,0,0,0,16,63,88,0,0,0.0,0.7159090909090909,0.0,0.0,customer_only,13
22,0,0,0,0,0,0,72,0,25,47,0,0,0,0,0,0,0,16,63,88,0,0,0.0,0.7159090909090909,0.0,0.0,customer_only,13
23,0,0,0,0,0,0,72,0,25,47,0,0,0,0,0,0,0,16,63,88,0,0,0.0,0.7159090909090909,0.0,0.0,customer_only,13
24,0,0,0,0,0,0,72,0,25,47,0,0,0,0,0,0,0,16,63,88,0,0,0.0,0.7159090909090909,0.0,0.0,customer_only,13
25,0,0,0,0,0,0,72,0,25,47,0,0,0,0,0,0,0,16,63,88,0,0,0.0,0.7159090909090909,0.0,0.0,customer_only,13
26,0,0,0,0,0,0,72,0,25,47,0,0,0,0,0,0,0,16,63,88,0,0,0.0,0.7159090909090909,0.0,0.0,customer_only,13
27,0,0,0,0,0,0,72,0,25,47,0,0,0,0,0,0,0,16,63,88,0,0,0.0,0.7159090909090909,0.0,0.0,customer_only,13
28,0,0,0,0,0,0,72,0,25,47,0,0,0,0,0,0,0,16,63,88,0,0,0.0,0.7159090909090909,0.0,0.0,customer_only,13
29,0,0,0,0,0,0,72,0,25,47,0,0,0,0,0,0,0,16,63,88,0,0,0.0,0.7159090909090909,0.0,0.0,customer_only,13
30,0,0,0,0,0,0,72,0,25,47,0,0,0,0,0,0,0,16,63,88,0,0,0.0,0.7159090909090909,0.0,0.0,customer_only,13
31,0,0,0,0,0,0,72,0,25,47,0,0,0,0,0,0,0,16,63,88,0,0,0.0,0.7159090909090909,0.0,0.0,customer_only,13
32,0,0,0,0,0,0,72,0,25,47,0,0,0,0,0,0,0,16,63,88,0,0,0.0,0.7159090909090909,0.0,0.0,customer_only,13
33,0,0,0,0,0,0,72,0,25,47,0,0,0,0,0,0,0,16,63,88,0,0,0.0,0.7159090909090909,0.0,0.0,customer_only,13
34,0,0,0,0,0,0,72,0,25,47,0,0,0,0,0,0,0,16,63,88,0,0,0.0,0.7159090909090909,0.0,0.0,customer_only,13
35,0,0,0,0,0,0,72,0,25,47,0,0,0,0,0,0,0,16,63,88,0,0,0.0,0.7159090909090909,0.0,0.0,customer_only,13
36,0,0,0,0,0,0,72,0,25,47,0,0,0,0,0,0,0,16,63,88,0,0,0.0,0.7159090909090909,0.0,0.0,customer_only,13
37,0,0,0,0,0,0,72,0,25,47,0,0,0,0,0,0,0,16,63,88,0,0,0.0,0.7159090909090909,0.0,0.0,customer_only,13
38,0,0,0,0,0,0,72,0,25,47,0,0,0,0,0,0,0,16,63,88,0,0,0.0,0.7159090909090909,0.0,0.0,customer_only,13
39,0,0,0,0,0,0,72,0,25,47,0,0,0,0,0,0,0,16,63,88,0,0,0.0,0.7159090909090909,0.0,0.0,customer_only,13
40,0,0,0,0,0,0,72,0,25,47,0,0,0,0,0,0,0,16,63,88,0,0,0.0,0.7159090909090909,0.0,0.0,customer_only,13
41,0,0,0,0,0,0,72,0,25,47,0,0,0,0,0,0,0,16,63,88,0,0,0.0,0.7159090909090909,0.0,0.0,customer_only,13
42,0,0,0,0,0,0,72,0,25,47,0,0,0,0,0,0,0,16,63,88,0,0,0.0,0.7159090909090909,0.0,0.0,customer_only,13
43,0,0,0,0,0,0,72,0,25,47,0,0,0,0,0,0,0,16,63,88,0,0,0.0,0.7159090909090909,0.0,0.0,customer_only,13
44,0,0,0,0,0,0,72,0,25,47,0,0,0,0,0,0,0,16,63,88,0,0,0.0,0.7159090909090909,0.0,0.0,customer_only,13
0,88,88,88,76,16,0,88,88,0,0,76,76,0,0,0,16,0,0,88,88,0,0,0.8636363636363636,0.18181818181818182,0.0,0.0,both,13
1,0,0,0,0,0,0,88,88,0,0,76,76,0,0,0,16,0,0,88,88,76,16,0.8636363636363636,0.18181818181818182,0.0,0.0,both,13
2,0,0,0,0,0,0,88,77,0,11,69,64,5,5,0,11,0,0,88,88,76,16,0.8636363636363636,0.18181818181818182,0.0,0.0,both,13
3,0,0,0,4,4,8,77,68,0,9,63,55,8,8,5,5,11,11,88,88,76,16,0.9090909090909091,0.22727272727272727,4.0,4.0,both,13
4,0,0,0,2,3,5,69,57,0,12,51,45,6,6,7,7,8,19,88,88,63,5,0.9318181818181818,0.26136363636363635,3.0,2.0,both,13
5,0,0,0,0,6,6,63,47,0,16,38,33,5,5,6,10,6,25,88,88,51,7,0.9318181818181818,0.32954545454545453,6.0,0.0,both,13
6,0,0,0,0,6,6,58,35,0,23,25,21,4,4,3,11,5,30,88,88,38,13,0.9318181818181818,0.3977272727272727,6.0,0.0,both,13
7,0,0,0,0,9,9,54,30,0,24,14,9,5,5,4,16,4,34,88,88,25,15,0.9318181818181818,0.5,9.0,0.0,both,13
8,0,0,0,0,3,3,49,22,0,27,7,0,7,7,5,15,5,39,88,88,14,21,0.9318181818181818,0.5340909090909091,3.0,0.0,both,13
9,0,0,0,0,0,0,41,6,0,35,0,0,0,0,6,6,8,47,88,88,7,18,0.9318181818181818,0.5340909090909091,0.0,0.0,both,13
10,0,0,0,0,1,1,41,3,0,38,0,0,0,0,0,3,0,47,88,88,0,12,0.9318181818181818,0.5454545454545454,1.0,0.0,both,13
11,0,0,0,0,0,0,39,1,0,38,0,0,0,0,0,1,2,49,88,88,0,4,0.9318181818181818,0.5454545454545454,0.0,0.0,both,13
12,0,0,0,0,1,1,39,2,0,37,0,0,0,0,0,2,0,49,88,88,0,1,0.9318181818181818,0.5568181818181818,1.0,0.0,both,13
13,0,0,0,0,0,0,38,1,0,37,0,0,0,0,0,1,1,50,88,88,0,2,0.9318181818181818,0.5568181818181818,0.0,0.0,both,13
14,0,0,0,0,0,0,38,1,0,37,0,0,0,0,0,1,0,50,88,88,0,1,0.9318181818181818,0.5568181818181818,0.0,0.0,both,13
15,0,0,0,0,0,0,37,0,0,37,0,0,0,0,0,0,1,51,88,88,0,1,0.9318181818181818,0.5568181818181818,0.0,0.0,both,13
16,0,0,0,0,0,0,37,0,0,37,0,0,0,0,0,0,0,51,88,88,0,0,0.9318181818181818,0.5568181818181818,0.0,0.0,both,13
17,0,0,0,0,0,0,37,0,0,37,0,0,0,0,0,0,0,51,88,88,0,0,0.9318181818181818,0.5568181818181818,0.0,0.0,both,13
18,0,0,0,0,0,0,37,0,0,37,0,0,0,0,0,0,0,51,88,88,0,0,0.9318181818181818,0.5568181818181818,0.0,0.0,both,13
19,0,0,0,0,0,0,37,0,0,37,0,0,0,0,0,0,0,51,88,88,0,0,0.9318181818181818,0.5568181818181818,0.0,0.0,both,13
20,0,0,0,0,0,0,37,0,0,37,0,0,0,0,0,0,0,51,88,88,0,0,0.9318181818181818,0.5568181818181818,0.0,0.0,both,13
21,0,0,0,0,0,0,37,0,0,37,0,0,0,0,0,0,0,51,88,88,0,0,0.9318181818181818,0.5568181818181818,0.0,0.0,both,13
22,0,0,0,0,0,0,37,0,0,37,0,0,0,0,0,0,0,51,88,88,0,0,0.9318181818181818,0.5568181818181818,0.0,0.0,both,13
23,0,0,0,0,0,0,37,0,0,37,0,0,0,0,0,0,0,51,88,88,0,0,0.9318181818181818,0.5568181818181818,0.0,0.0,both,13
24,0,0,0,0,0,0,37,0,0,37,0,0,0,0,0,0,0,51,88,88,0,0,0.9318181818181818,0.5568181818181818,0.0,0.0,both,13
25,0,0,0,0,0,0,37,0,0,37,0,0,0,0,0,0,0,51,88,88,0,0,0.9318181818181818,0.5568181818181818,0.0,0.0,both,13
26,0,0,0,0,0,0,37,0,0,37,0,0,0,0,0,0,0,51,88,88,0,0,0.9318181818181818,0.5568181818181818,0.0,0.0,both,13
27,0,0,0,0,0,0,37,0,0,37,0,0,0,0,0,0,0,51,88,88,0,0,0.9318181818181818,0.5568181818181818,0.0,0.0,both,13
28,0,0,0,0,0,0,37,0,0,37,0,0,0,0,0,0,0,51,88,88,0,0,0.9318181818181818,0.5568181818181818,0.0,0.0,both,13
29,0,0,0,0,0,0,37,0,0,37,0,0,0,0,0,0,0,51,88,88,0,0,0.9318181818181818,0.5568181818181818,0.0,0.0,both,13
30,0,0,0,0,0,0,37,0,0,37,0,0,0,0,0,0,0,51,88,88,0,0,0.9318181818181818,0.5568181818181818,0.0,0.0,both,13
31,0,0,0,0,0,0,37,0,0,37,0,0,0,0,0,0,0,51,88,88,0,0,0.9318181818181818,0.5568181818181818,0.0,0.0,both,13
32,0,0,0,0,0,0,37,0,0,37,0,0,0,0,0,0,0,51,88,88,0,0,0.9318181818181818,0.5568181818181818,0.0,0.0,both,13
33,0,0,0,0,0,0,37,0,0,37,0,0,0,0,0,0,0,51,88,88,0,0,0.9318181818181818,0.5568181818181818,0.0,0.0,both,13
34,0,0,0,0,0,0,37,0,0,37,0,0,0,0,0,0,0,51,88,88,0,0,0.9318181818181818,0.5568181818181818,0.0,0.0,both,13
35,0,0,0,0,0,0,37,0,0,37,0,0,0,0,0,0,0,51,88,88,0,0,0.9318181818181818,0.5568181818181818,0.0,0.0,both,13
36,0,0,0,0,0,0,37,0,0,37,0,0,0,0,0,0,0,51,88,88,0,0,0.9318181818181818,0.5568181818181818,0.0,0.0,both,13
37,0,0,0,0,0,0,37,0,0,37,0,0,0,0,0,0,0,51,88,88,0,0,0.9318181818181818,0.5568181818181818,0.0,0.0,both,13
38,0,0,0,0,0,0,37,0,0,37,0,0,0,0,0,0,0,51,88,88,0,0,0.9318181818181818,0.5568181818181818,0.0,0.0,both,13
39,0,0,0,0,0,0,37,0,0,37,0,0,0,0,0,0,0,51,88,88,0,0,0.9318181818181818,0.5568181818181818,0.0,0.0,both,13
40,0,0,0,0,0,0,37,0,0,37,0,0,0,0,0,0,0,51,88,88,0,0,0.9318181818181818,0.5568181818181818,0.0,0.0,both,13
41,0,0,0,0,0,0,37,0,0,37,0,0,0,0,0,0,0,51,88,88,0,0,0.9318181818181818,0.5568181818181818,0.0,0.0,both,13
42,0,0,0,0,0,0,37,0,0,37,0,0,0,0,0,0,0,51,88,88,0,0,0.9318181818181818,0.5568181818181818,0.0,0.0,both,13
43,0,0,0,0,0,0,37,0,0,37,0,0,0,0,0,0,0,51,88,88,0,0,0.9318181818181818,0.5568181818181818,0.0,0.0,both,13
44,0,0,0,0,0,0,37,0,0,37,0,0,0,0,0,0,0,51,88,88,0,0,0.9318181818181818,0.5568181818181818,0.0,0.0,both,13
0,69,69,69,69,0,0,69,69,0,0,69,69,0,0,0,0,0,0,69,69,0,0,1.0,0.0,0.0,0.0,domestic_only,14
1,0,0,0,0,0,0,69,69,0,0,69,69,0,0,0,0,0,0,69,69,69,0,1.0,0.0,0.0,0.0,domestic_only,14
2,0,0,0,0,0,0,69,60,0,9,60,57,3,3,0,0,0,0,69,69,69,0,1.0,0.0,0.0,0.0,domestic_only,14
3,0,0,0,0,0,0,66,49,0,17,49,45,4,4,3,0,3,3,69,69,69,0,1.0,0.0,0.0,0.0,domestic_only,14
4,0,0,0,0,0,0,63,37,0,26,37,33,4,4,3,0,3,6,69,69,49,0,1.0,0.0,0.0,0.0,domestic_only,14
5,0,0,0,0,0,0,59,29,0,30,29,21,8,8,4,0,4,10,69,69,37,0,1.0,0.0,0.0,0.0,domestic_only,14
6,0,0,0,0,0,0,53,18,0,35,18,9,9,9,6,0,6,16,69,69,29,0,1.0,0.0,0.0,0.0,domestic_only,14
7,0,0,0,0,0,0,44,5,0,39,5,0,5,5,9,0,9,25,69,69,18,0,1.0,0.0,0.0,0.0,domestic_only,14
8,0,0,0,0,0,0,39,0,0,39,0,0,0,0,5,0,5,30,69,69,5,0,1.0,0.0,0.0,0.0,domestic_only,14
9,0,0,0,0,0,0,39,0,0,39,0,0,0,0,0,0,0,30,69,69,0,0,1.0,0.0,0.0,0.0,domestic_only,14
10,0,0,0,0,0,0,39,0,0,39,0,0,0,0,0,0,0,30,69,69,0,0,1.0,0.0,0.0,0.0,domestic_only,14
11,0,0,0,0,0,0,39,0,0,39,0,0,0,0,0,0,0,30,69,69,0,0,1.0,0.0,0.0,0.0,domestic_only,14
12,0,0,0,0,0,0,39,0,0,39,0,0,0,0,0,0,0,30,69,69,0,0,1.0,0.0,0.0,0.0,domestic_only,14
13,0,0,0,0,0,0,39,0,0,39,0,0,0,0,0,0,0,30,69,69,0,0,1.0,0.0,0.0,0.0,domestic_only,14
14,0,0,0,0,0,0,39,0,0,39,0,0,0,0,0,0,0,30,69,69,0,0,1.0,0.0,0.0,0.0,domestic_only,14
15,0,0,0,0,0,0,39,0,0,39,0,0,0,0,0,0,0,30,69,69,0,0,1.0,0.0,0.0,0.0,domestic_only,14
16,0,0,0,0,0,0,39,0,0,39,0,0,0,0,0,0,0,30,69,69,0,0,1.0,0.0,0.0,0.0,domestic_only,14
17,0,0,0,0,0,0,39,0,0,39,0,0,0,0,0,0,0,30,69,69,0,0,1.0,0.0,0.0,0.0,domestic_only,14
18,0,0,0,0,0,0,39,0,0,39,0,0,0,0,0,0,0,30,69,69,0,0,1.0,0.0,0.0,0.0,domestic_only,14
19,0,0,0,0,0,0,39,0,0,39,0,0,0,0,0,0,0,30,69,69,0,0,1.0,0.0,0.0,0.0,domestic_only,14
20,0,0,0,0,0,0,39,0,0,39,0,0,0,0,0,0,0,30,69,69,0,0,1.0,0.0,0.0,0.0,domestic_only,14
21,0,0,0,0,0,0,39,0,0,39,0,0,0,0,0,0,0,30,69,69,0,0,1.0,0.0,0.0,0.0,domestic_only,14
22,0,0,0,0,0,0,39,0,0,39,0,0,0,0,0,0,0,30,69,69,0,0,1.0,0.0,0.0,0.0,domestic_only,14
23,0,0,0,0,0,0,39,0,0,39,0,0,0,0,0,0,0,30,69,69,0,0,1.0,0.0,0.0,0.0,domestic_only,14
24,0,0,0,0,0,0,39,0,0,39,0,0,0,0,0,0,0,30,69,69,0,0,1.0,0.0,0.0,0.0,domestic_only,14
25,0,0,0,0,0,0,39,0,0,39,0,0,0,0,0,0,0,30,69,69,0,0,1.0,0.0,0.0,0.0,domestic_only,14
26,0,0,0,0,0,0,39,0,0,39,0,0,0,0,0,0,0,30,69,69,0,0,1.0,0.0,0.0,0.0,domestic_only,14
27,0,0,0,0,0,0,39,0,0,39,0,0,0,0,0,0,0,30,69,69,0,0,1.0,0.0,0.0,0.0,domestic_only,14
28,0,0,0,0,0,0,39,0,0,39,0,0,0,0,0,0,0,30,69,69,0,0,1.0,0.0,0.0,0.0,domestic_only,14
29,0,0,0,0,0,0,39,0,0,39,0,0,0,0,0,0,0,30,69,69,0,0,1.0,0.0,0.0,0.0,domestic_only,14
30,0,0,0,0,0,0,39,0,0,39,0,0,0,0,0,0,0,30,69,69,0,0,1.0,0.0,0.0,0.0,domestic_only,14
31,0,0,0,0,0,0,39,0,0,39,0,0,0,0,0,0,0,30,69,69,0,0,1.0,0.0,0.0,0.0,domestic_only,14
32,0,0,0,0,0,0,39,0,0,39,0,0,0,0,0,0,0,30,69,69,0,0,1.0,0.0,0.0,0.0,domestic_only,14
33,0,0,0,0,0,0,39,0,0,39,0,0,0,0,0,0,0,30,69,69,0,0,1.0,0.0,0.0,0.0,domestic_only,14
34,0,0,0,0,0,0,39,0,0,39,0,0,0,0,0,0,0,30,69,69,0,0,1.0,0.0,0.0,0.0,domestic_only,14
35,0,0,0,0,0,0,39,0,0,39,0,0,0,0,0,0,0,30,69,69,0,0,1.0,0.0,0.0,0.0,domestic_only,14
36,0,0,0,0,0,0,39,0,0,39,0,0,0,0,0,0,0,30,69,69,0,0,1.0,0.0,0.0,0.0,domestic_only,14
37,0,0,0,0,0,0,39,0,0,39,0,0,0,0,0,0,0,30,69,69,0,0,1.0,0.0,0.0,0.0,domestic_only,14
38,0,0,0,0,0,0,39,0,0,39,0,0,0,0,0,0,0,30,69,69,0,0,1.0,0.0,0.0,0.0,domestic_only,14
39,0,0,0,0,0,0,39,0,0,39,0,0,0,0,0,0,0,30,69,69,0,0,1.0,0.0,0.0,0.0,domestic_only,14
40,0,0,0,0,0,0,39,0,0,39,0,0,0,0,0,0,0,30,69,69,0,0,1.0,0.0,0.0,0.0,domestic_only,14
41,0,0,0,0,0,0,39,0,0,39,0,0,0,0,0,0,0,30,69,69,0,0,1.0,0.0,0.0,0.0,domestic_only,14
42,0,0,0,0,0,0,39,0,0,39,0,0,0,0,0,0,0,30,69,69,0,0,1.0,0.0,0.0,0.0,domestic_only,14
43,0,0,0,0,0,0,39,0,0,39,0,0,0,0,0,0,0,30,69,69,0,0,1.0,0.0,0.0,0.0,domestic_only,14
44,0,0,0,0,0,0,39,0,0,39,0,0,0,0,0,0,0,30,69,69,0,0,1.0,0.0,0.0,0.0,domestic_only,14
0,69,41,41,0,41,0,69,41,28,0,0,0,0,0,0,41,0,0,41,69,0,0,0.0,0.5942028985507246,0.0,0.0,customer_only,14
1,0,3,3,0,3,0,69,44,25,0,0,0,0,0,0,44,0,0,44,69,0,41,0.0,0.6376811594202898,0.0,0.0,customer_only,14
2,0,0,0,0,0,0,69,35,25,9,0,0,0,0,0,35,0,0,44,69,0,44,0.0,0.6376811594202898,0.0,0.0,customer_only,14
3,0,0,0,0,0,0,66,23,25,18,0,0,0,0,0,23,3,3,44,69,0,44,0.0,0.6376811594202898,0.0,0.0,customer_only,14
4,0,0,0,0,0,0,65,16,25,24,0,0,0,0,0,16,1,4,44,69,0,23,0.0,0.6376811594202898,0.0,0.0,customer_only,14
5,0,0,0,0,0,0,60,4,25,31,0,0,0,0,0,4,5,9,44,69,0,16,0.0,0.6376811594202898,0.0,0.0,customer_only,14
6,0,0,0,0,0,0,57,0,25,32,0,0,0,0,0,0,3,12,44,69,0,4,0.0,0.6376811594202898,0.0,0.0,customer_only,14
7,0,1,1,0,1,0,57,1,24,32,0,0,0,0,0,1,0,12,45,69,0,0,0.0,0.6521739130434783,0.0,0.0,customer_only,14
8,0,1,1,0,1,0,57,2,23,32,0,0,0,0,0,2,0,12,46,69,0,1,0.0,0.6666666666666666,0.0,0.0,customer_only,14
9,0,0,0,0,0,0,57,1,23,33,0,0,0,0,0,1,0,12,46,69,0,2,0.0,0.6666666666666666,0.0,0.0,customer_only,14
10,0,0,0,0,0,0,57,0,23,34,0,0,0,0,0,0,0,12,46,69,0,2,0.0,0.6666666666666666,0.0,0.0,customer_only,14
11,0,0,0,0,0,0,57,0,23,34,0,0,0,0,0,0,0,12,46,69,0,1,0.0,0.6666666666666666,0.0,0.0,customer_only,14
12,0,0,0,0,0,0,57,0,23,34,0,0,0,0,0,0,0,12,46,69,0,0,0.0,0.6666666666666666,0.0,0.0,customer_only,14
13,0,0,0,0,0,0,57,0,23,34,0,0,0,0,0,0,0,12,46,69,0,0,0.0,0.6666666666666666,0.0,0.0,customer_only,14
14,0,0,0,0,0,0,57,0,23,34,0,0,0,0,0,0,0,12,46,69,0,0,0.0,0.6666666666666666,0.0,0.0,customer_only,14
15,0,0,0,0,0,0,57,0,23,34,0,0,0,0,0,0,0,12,46,69,0,0,0.0,0.6666666666666666,0.0,0.0,customer_only,14
16,0,0,0,0,0,0,57,0,23,34,0,0,0,0,0,0,0,12,46,69,0,0,0.0,0.6666666666666666,0.0,0.0,customer_only,14
17,0,0,0,0,0,0,57,0,23,34,0,0,0,0,0,0,0,12,46,69,0,0,0.0,0.6666666666666666,0.0,0.0,customer_only,14
18,0,0,0,0,0,0,57,0,23,34,0,0,0,0,0,0,0,12,46,69,0,0,0.0,0.6666666666666666,0.0,0.0,customer_only,14
19,0,0,0,0,0,0,57,0,23,34,0,0,0,0,0,0,0,12,46,69,0,0,0.0,0.6666666666666666,0.0,0.0,customer_only,14
20,0,0,0,0,0,0,57,0,23,34,0,0,0,0,0,0,0,12,46,69,0,0,0.0,0.6666666666666666,0.0,0.0,customer_only,14
21,0,0,0,0,0,0,57,0,23,34,0,0,0,0,0,0,0,12,46,69,0,0,0.0,0.6666666666666666,0.0,0.0,customer_only,14
22,0,0,0,0,0,0,57,0,23,34,0,0,0,0,0,0,0,12,46,69,0,0,0.0,0.6666666666666666,0.0,0.0,customer_only,14
23,0,0,0,0,0,0,57,0,23,34,0,0,0,0,0,0,0,12,46,69,0,0,0.0,0.6666666666666666,0.0,0.0,customer_only,14
24,0,0,0,0,0,0,57,0,23,34,0,0,0,0,0,0,0,12,46,69,0,0,0.0,0.6666666666666666,0.0,0.0,customer_only,14
25,0,0,0,0,0,0,57,0,23,34,0,0,0,0,0,0,0,12,46,69,0,0,0.0,0.6666666666666666,0.0,0.0,customer_only,14
26,0,0,0,0,0,0,57,0,23,34,0,0,0,0,0,0,0,12,46,69,0,0,0.0,0.6666666666666666,0.0,0.0,customer_only,14
27,0,0,0,0,0,0,57,0,23,34,0,0,0,0,0,0,0,12,46,69,0,0,0.0,0.6666666666666666,0.0,0.0,customer_only,14
28,0,0,0,0,0,0,57,0,23,34,0,0,0,0,0,0,0,12,46,69,0,0,0.0,0.6666666666666666,0.0,0.0,customer_only,14
29,0,0,0,0,0,0,57,0,23,34,0,0,0,0,0,0,0,12,46,69,0,0,0.0,0.6666666666666666,0.0,0.0,customer_only,14
30,0,0,0,0,0,0,57,0,23,34,0,0,0,0,0,0,0,12,46,69,0,0,0.0,0.6666666666666666,0.0,0.0,customer_only,14
31,0,0,0,0,0,0,57,0,23,34,0,0,0,0,0,0,0,12,46,69,0,0,0.0,0.6666666666666666,0.0,0.0,customer_only,14
32,0,0,0,0,0,0,57,0,23,34,0,0,0,0,0,0,0,12,46,69,0,0,0.0,0.6666666666666666,0.0,0.0,customer_only,14
33,0,0,0,0,0,0,57,0,23,34,0,0,0,0,0,0,0,12,46,69,0,0,0.0,0.6666666666666666,0.0,0.0,customer_only,14
34,0,0,0,0,0,0,57,0,23,34,0,0,0,0,0,0,0,12,46,69,0,0,0.0,0.6666666666666666,0.0,0.0,customer_only,14
35,0,0,0,0,0,0,57,0,23,34,0,0,0,0,0,0,0,12,46,69,0,0,0.0,0.6666666666666666,0.0,0.0,customer_only,14
36,0,0,0,0,0,0,57,0,23,34,0,0,0,0,0,0,0,12,46,69,0,0,0.0,0.6666666666666666,0.0,0.0,customer_only,14
37,0,0,0,0,0,0,57,0,23,34,0,0,0,0,0,0,0,12,46,69,0,0,0.0,0.6666666666666666,0.0,0.0,customer_only,14
38,0,0,0,0,0,0,57,0,23,34,0,0,0,0,0,0,0,12,46,69,0,0,0.0,0.6666666666666666,0.0,0.0,customer_only,14
39,0,0,0,0,0,0,57,0,23,34,0,0,0,0,0,0,0,12,46,69,0,0,0.0,0.6666666666666666,0.0,0.0,customer_only,14
40,0,0,0,0,0,0,57,0,23,34,0,0,0,0,0,0,0,12,46,69,0,0,0.0,0.6666666666666666,0.0,0.0,customer_only,14
41,0,0,0,0,0,0,57,0,23,34,0,0,0,0,0,0,0,12,46,69,0,0,0.0,0.6666666666666666,0.0,0.0,customer_only,14
42,0,0,0,0,0,0,57,0,23,34,0,0,0,0,0,0,0,12,46,69,0,0,0.0,0.6666666666666666,0.0,0.0,customer_only,14
43,0,0,0,0,0,0,57,0,23,34,0,0,0,0,0,0,0,12,46,69,0,0,0.0,0.6666666666666666,0.0,0.0,customer_only,14
44,0,0,0,0,0,0,57,0,23,34,0,0,0,0,0,0,0,12,46,69,0,0,0.0,0.6666666666666666,0.0,0.0,customer_only,14
0,69,69,69,63,10,0,69,69,0,0,63,63,0,0,0,10,0,0,69,69,0,0,0.9130434782608695,0.14492753623188406,0.0,0.0,both,14
1,0,0,0,0,0,0,69,69,0,0,63,63,0,0,0,10,0,0,69,69,63,10,0.9130434782608695,0.14492753623188406,0.0,0.0,both,14
2,0,0,0,0,0,0,69,58,0,11,55,51,4,4,0,3,0,0,69,69,63,10,0.9130434782608695,0.14492753623188406,0.0,0.0,both,14
3,0,0,0,3,4,7,63,49,0,14,45,42,3,3,4,4,6,6,69,69,63,10,0.9565217391304348,0.2028985507246377,4.0,3.0,both,14
4,0,0,0,1,7,8,60,46,0,14,35,31,4,4,3,11,3,9,69,69,45,4,0.9710144927536232,0.30434782608695654,7.0,1.0,both,14
5,0,0,0,0,2,2,56,39,0,17,29,19,10,10,4,11,4,13,69,69,35,11,0.9710144927536232,0.3333333333333333,2.0,0.0,both,14
6,0,0,0,0,2,2,49,18,0,31,14,7,7,7,7,5,7,20,69,69,29,13,0.9710144927536232,0.36231884057971014,2.0,0.0,both,14
7,0,0,0,0,3,3,41,7,0,34,2,0,2,2,7,5,8,28,69,69,14,11,0.9710144927536232,0.4057971014492754,3.0,0.0,both,14
8,0,0,0,0,1,1,39,5,0,34,0,0,0,0,2,5,2,30,69,69,2,7,0.9710144927536232,0.42028985507246375,1.0,0.0,both,14
9,0,0,0,0,0,0,39,2,0,37,0,0,0,0,0,2,0,30,69,69,0,6,0.9710144927536232,0.42028985507246375,0.0,0.0,both,14
10,0,0,0,0,0,0,39,0,0,39,0,0,0,0,0,0,0,30,69,69,0,4,0.9710144927536232,0.42028985507246375,0.0,0.0,both,14
11,0,0,0,0,0,0,39,0,0,39,0,0,0,0,0,0,0,30,69,69,0,1,0.9710144927536232,0.42028985507246375,0.0,0.0,both,14
12,0,0,0,0,0,0,39,0,0,39,0,0,0,0,0,0,0,30,69,69,0,0,0.9710144927536232,0.42028985507246375,0.0,0.0,both,14
13,0,0,0,0,0,0,39,0,0,39,0,0,0,0,0,0,0,30,69,69,0,0,0.9710144927536232,0.42028985507246375,0.0,0.0,both,14
14,0,0,0,0,0,0,39,0,0,39,0,0,0,0,0,0,0,30,69,69,0,0,0.9710144927536232,0.42028985507246375,0.0,0.0,both,14
15,0,0,0,0,0,0,39,0,0,39,0,0,0,0,0,0,0,30,69,69,0,0,0.9710144927536232,0.42028985507246375,0.0,0.0,both,14
16,0,0,0,0,0,0,39,0,0,39,0,0,0,0,0,0,0,30,69,69,0,0,0.9710144927536232,0.42028985507246375,0.0,0.0,both,14
17,0,0,0,0,0,0,39,0,0,39,0,0,0,0,0,0,0,30,69,69,0,0,0.9710144927536232,0.42028985507246375,0.0,0.0,both,14
18,0,0,0,0,0,0,39,0,0,39,0,0,0,0,0,0,0,30,69,69,0,0,0.9710144927536232,0.42028985507246375,0.0,0.0,both,14
19,0,0,0,0,0,0,39,0,0,39,0,0,0,0,0,0,0,30,69,69,0,0,0.9710144927536232,0.42028985507246375,0.0,0.0,both,14
20,0,0,0,0,0,0,39,0,0,39,0,0,0,0,0,0,0,30,69,69,0,0,0.9710144927536232,0.42028985507246375,0.0,0.0,both,14
21,0,0,0,0,0,0,39,0,0,39,0,0,0,0,0,0,0,30,69,69,0,0,0.9710144927536232,0.42028985507246375,0.0,0.0,both,14
22,0,0,0,0,0,0,39,0,0,39,0,0,0,0,0,0,0,30,69,69,0,0,0.9710144927536232,0.42028985507246375,0.0,0.0,both,14
23,0,0,0,0,0,0,39,0,0,39,0,0,0,0,0,0,0,30,69,69,0,0,0.9710144927536232,0.42028985507246375,0.0,0.0,both,14
24,0,0,0,0,0,0,39,0,0,39,0,0,0,0,0,0,0,30,69,69,0,0,0.9710144927536232,0.42028985507246375,0.0,0.0,both,14
25,0,0,0,0,0,0,39,0,0,39,0,0,0,0,0,0,0,30,69,69,0,0,0.9710144927536232,0.42028985507246375,0.0,0.0,both,14
26,0,0,0,0,0,0,39,0,0,39,0,0,0,0,0,0,0,30,69,69,0,0,0.9710144927536232,0.42028985507246375,0.0,0.0,both,14
27,0,0,0,0,0,0,39,0,0,39,0,0,0,0,0,0,0,30,69,69,0,0,0.9710144927536232,0.42028985507246375,0.0,0.0,both,14
28,0,0,0,0,0,0,39,0,0,39,0,0,0,0,0,0,0,30,69,69,0,0,0.9710144927536232,0.42028985507246375,0.0,0.0,both,14
29,0,0,0,0,0,0,39,0,0,39,0,0,0,0,0,0,0,30,69,69,0,0,0.9710144927536232,0.42028985507246375,0.0,0.0,both,14
30,0,0,0,0,0,0,39,0,0,39,0,0,0,0,0,0,0,30,69,69,0,0,0.9710144927536232,0.42028985507246375,0.0,0.0,both,14
31,0,0,0,0,0,0,39,0,0,39,0,0,0,0,0,0,0,30,69,69,0,0,0.9710144927536232,0.42028985507246375,0.0,0.0,both,14
32,0,0,0,0,0,0,39,0,0,39,0,0,0,0,0,0,0,30,69,69,0,0,0.9710144927536232,0.42028985507246375,0.0,0.0,both,14
33,0,0,0,0,0,0,39,0,0,39,0,0,0,0,0,0,0,30,69,69,0,0,0.9710144927536232,0.42028985507246375,0.0,0.0,both,14
34,0,0,0,0,0,0,39,0,0,39,0,0,0,0,0,0,0,30,69,69,0,0,0.9710144927536232,0.42028985507246375,0.0,0.0,both,14
35,0,0,0,0,0,0,39,0,0,39,0,0,0,0,0,0,0,30,69,69,0,0,0.9710144927536232,0.42028985507246375,0.0,0.0,both,14
36,0,0,0,0,0,0,39,0,0,39,0,0,0,0,0,0,0,30,69,69,0,0,0.9710144927536232,0.42028985507246375,0.0,0.0,both,14
37,0,0,0,0,0,0,39,0,0,39,0,0,0,0,0,0,0,30,69,69,0,0,0.9710144927536232,0.42028985507246375,0.0,0.0,both,14
38,0,0,0,0,0,0,39,0,0,39,0,0,0,0,0,0,0,30,69,69,0,0,0.9710144927536232,0.42028985507246375,0.0,0.0,both,14
39,0,0,0,0,0,0,39,0,0,39,0,0,0,0,0,0,0,30,69,69,0,0,0.9710144927536232,0.42028985507246375,0.0,0.0,both,14
40,0,0,0,0,0,0,39,0,0,39,0,0,0,0,0,0,0,30,69,69,0,0,0.9710144927536232,0.42028985507246375,0.0,0.0,both,14
41,0,0,0,0,0,0,39,0,0,39,0,0,0,0,0,0,0,30,69,69,0,0,0.9710144927536232,0.42028985507246375,0.0,0.0,both,14
42,0,0,0,0,0,0,39,0,0,39,0,0,0,0,0,0,0,30,69,69,0,0,0.9710144927536232,0.42028985507246375,0.0,0.0,both,14
43,0,0,0,0,0,0,39,0,0,39,0,0,0,0,0,0,0,30,69,69,0,0,0.9710144927536232,0.42028985507246375,0.0,0.0,both,14
44,0,0,0,0,0,0,39,0,0,39,0,0,0,0,0,0,0,30,69,69,0,0,0.9710144927536232,0.42028985507246375,0.0,0.0,both,14
0,78,78,78,78,0,0,78,78,0,0,78,78,0,0,0,0,0,0,78,78,0,0,1.0,0.0,0.0,0.0,domestic_only,15
1,0,0,0,0,0,0,78,78,0,0,78,78,0,0,0,0,0,0,78,78,78,0,1.0,0.0,0.0,0.0,domestic_only,15
2,0,0,0,0,0,0,78,73,0,5,73,66,7,7,0,0,0,0,78,78,78,0,1.0,0.0,0.0,0.0,domestic_only,15
3,0,0,0,0,0,0,72,59,0,13,59,54,5,5,6,0,6,6,78,78,78,0,1.0,0.0,0.0,0.0,domestic_only,15
4,0,0,0,0,0,0,67,46,0,21,46,42,4,4,5,0,5,11,78,78,59,0,1.0,0.0,0.0,0.0,domestic_only,15
5,0,0,0,0,0,0,65,35,0,30,35,30,5,5,2,0,2,13,78,78,46,0,1.0,0.0,0.0,0.0,domestic_only,15
6,0,0,0,0,0,0,60,24,0,36,24,18,6,6,5,0,5,18,78,78,35,0,1.0,0.0,0.0,0.0,domestic_only,15
7,0,0,0,0,0,0,54,14,0,40,14,6,8,8,6,0,6,24,78,78,24,0,1.0,0.0,0.0,0.0,domestic_only,15
8,0,0,0,0,0,0,46,2,0,44,2,0,2,2,8,0,8,32,78,78,14,0,1.0,0.0,0.0,0.0,domestic_only,15
9,0,0,0,0,0,0,44,0,0,44,0,0,0,0,2,0,2,34,78,78,2,0,1.0,0.0,0.0,0.0,domestic_only,15
10,0,0,0,0,0,0,44,0,0,44,0,0,0,0,0,0,0,34,78,78,0,0,1.0,0.0,0.0,0.0,domestic_only,15
11,0,0,0,0,0,0,44,0,0,44,0,0,0,0,0,0,0,34,78,78,0,0,1.0,0.0,0.0,0.0,domestic_only,15
12,0,0,0,0,0,0,44,0,0,44,0,0,0,0,0,0,0,34,78,78,0,0,1.0,0.0,0.0,0.0,domestic_only,15
13,0,0,0,0,0,0,44,0,0,44,0,0,0,0,0,0,0,34,78,78,0,0,1.0,0.0,0.0,0.0,domestic_only,15
14,0,0,0,0,0,0,44,0,0,44,0,0,0,0,0,0,0,34,78,78,0,0,1.0,0.0,0.0,0.0,domestic_only,15
15,0,0,0,0,0,0,44,0,0,44,0,0,0,0,0,0,0,34,78,78,0,0,1.0,0.0,0.0,0.0,domestic_only,15
16,0,0,0,0,0,0,44,0,0,44,0,0,0,0,0,0,0,34,78,78,0,0,1.0,0.0,0.0,0.0,domestic_only,15
17,0,0,0,0,0,0,44,0,0,44,0,0,0,0,0,0,0,34,78,78,0,0,1.0,0.0,0.0,0.0,domestic_only,15
18,0,0,0,0,0,0,44,0,0,44,0,0,0,0,0,0,0,34,78,78,0,0,1.0,0.0,0.0,0.0,domestic_only,15
19,0,0,0,0,0,0,44,0,0,44,0,0,0,0,0,0,0,34,78,78,0,0,1.0,0.0,0.0,0.0,domestic_only,15
20,0,0,0,0,0,0,44,0,0,44,0,0,0,0,0,0,0,34,78,78,0,0,1.0,0.0,0.0,0.0,domestic_only,15
21,0,0,0,0,0,0,44,0,0,44,0,0,0,0,0,0,0,34,78,78,0,0,1.0,0.0,0.0,0.0,domestic_only,15
22,0,0,0,0,0,0,44,0,0,44,0,0,0,0,0,0,0,34,78,78,0,0,1.0,0.0,0.0,0.0,domestic_only,15
23,0,0,0,0,0,0,44,0,0,44,0,0,0,0,0,0,0,34,78,78,0,0,1.0,0.0,0.0,0.0,domestic_only,15
24,0,0,0,0,0,0,44,0,0,44,0,0,0,0,0,0,0,34,78,78,0,0,1.0,0.0,0.0,0.0,domestic_only,15
25,0,0,0,0,0,0,44,0,0,44,0,0,0,0,0,0,0,34,78,78,0,0,1.0,0.0,0.0,0.0,domestic_only,15
26,0,0,0,0,0,0,44,0,0,44,0,0,0,0,0,0,0,34,78,78,0,0,1.0,0.0,0.0,0.0,domestic_only,15
27,0,0,0,0,0,0,44,0,0,44,0,0,0,0,0,0,0,34,78,78,0,0,1.0,0.0,0.0,0.0,domestic_only,15
28,0,0,0,0,0,0,44,0,0,44,0,0,0,0,0,0,0,34,78,78,0,0,1.0,0.0,0.0,0.0,domestic_only,15
29,0,0,0,0,0,0,44,0,0,44,0,0,0,0,0,0,0,34,78,78,0,0,1.0,0.0,0.0,0.0,domestic_only,15
30,0,0,0,0,0,0,44,0,0,44,0,0,0,0,0,0,0,34,78,78,0,0,1.0,0.0,0.0,0.0,domestic_only,15
31,0,0,0,0,0,0,44,0,0,44,0,0,0,0,0,0,0,34,78,78,0,0,1.0,0.0,0.0,0.0,domestic_only,15
32,0,0,0,0,0,0,44,0,0,44,0,0,0,0,0,0,0,34,78,78,0,0,1.0,0.0,0.0,0.0,domestic_only,15
33,0,0,0,0,0,0,44,0,0,44,0,0,0,0,0,0,0,34,78,78,0,0,1.0,0.0,0.0,0.0,domestic_only,15
34,0,0,0,0,0,0,44,0,0,44,0,0,0,0,0,0,0,34,78,78,0,0,1.0,0.0,0.0,0.0,domestic_only,15
35,0,0,0,0,0,0,44,0,0,44,0,0,0,0,0,0,0,34,78,78,0,0,1.0,0.0,0.0,0.0,domestic_only,15
36,0,0,0,0,0,0,44,0,0,44,0,0,0,0,0,0,0,34,78,78,0,0,1.0,0.0,0.0,0.0,domestic_only,15
37,0,0,0,0,0,0,44,0,0,44,0,0,0,0,0,0,0,34,78,78,0,0,1.0,0.0,0.0,0.0,domestic_only,15
38,0,0,0,0,0,0,44,0,0,44,0,0,0,0,0,0,0,34,78,78,0,0,1.0,0.0,0.0,0.0,domestic_only,15
39,0,0,0,0,0,0,44,0,0,44,0,0,0,0,0,0,0,34,78,78,0,0,1.0,0.0,0.0,0.0,domestic_only,15
40,0,0,0,0,0,0,44,0,0,44,0,0,0,0,0,0,0,34,78,78,0,0,1.0,0.0,0.0,0.0,domestic_only,15
41,0,0,0,0,0,0,44,0,0,44,0,0,0,0,0,0,0,34,78,78,0,0,1.0,0.0,0.0,0.0,domestic_only,15
42,0,0,0,0,0,0,44,0,0,44,0,0,0,0,0,0,0,34,78,78,0,0,1.0,0.0,0.0,0.0,domestic_only,15
43,0,0,0,0,0,0,44,0,0,44,0,0,0,0,0,0,0,34,78,78,0,0,1.0,0.0,0.0,0.0,domestic_only,15
44,0,0,0,0,0,0,44,0,0,44,0,0,0,0,0,0,0,34,78,78,0,0,1.0,0.0,0.0,0.0,domestic_only,15
0,78,55,55,0,55,0,78,55,23,0,0,0,0,0,0,55,0,0,55,78,0,0,0.0,0.7051282051282052,0.0,0.0,customer_only,15
1,0,3,3,0,3,0,78,58,20,0,0,0,0,0,0,58,0,0,58,78,0,55,0.0,0.7435897435897436,0.0,0.0,customer_only,15
2,0,0,0,0,0,0,78,51,20,7,0,0,0,0,0,51,0,0,58,78,0,58,0.0,0.7435897435897436,0.0,0.0,customer_only,15
3,0,0,0,0,0,0,75,41,20,14,0,0,0,0,0,41,3,3,58,78,0,58,0.0,0.7435897435897436,0.0,0.0,customer_only,15
4,0,0,0,0,0,0,69,27,20,22,0,0,0,0,0,27,6,9,58,78,0,41,0.0,0.7435897435897436,0.0,0.0,customer_only,15
5,0,2,2,0,2,0,68,17,18,33,0,0,0,0,0,17,1,10,60,78,0,27,0.0,0.7692307692307693,0.0,0.0,customer_only,15
6,0,0,0,0,0,0,67,6,18,43,0,0,0,0,0,6,1,11,60,78,0,17,0.0,0.7692307692307693,0.0,0.0,customer_only,15
7,0,0,0,0,0,0,65,0,18,47,0,0,0,0,0,0,2,13,60,78,0,6,0.0,0.7692307692307693,0.0,0.0,customer_only,15
8,0,0,0,0,0,0,65,0,18,47,0,0,0,0,0,0,0,13,60,78,0,2,0.0,0.7692307692307693,0.0,0.0,customer_only,15
9,0,0,0,0,0,0,65,0,18,47,0,0,0,0,0,0,0,13,60,78,0,0,0.0,0.7692307692307693,0.0,0.0,customer_only,15
10,0,0,0,0,0,0,65,0,18,47,0,0,0,0,0,0,0,13,60,78,0,0,0.0,0.7692307692307693,0.0,0.0,customer_only,15
11,0,0,0,0,0,0,65,0,18,47,0,0,0,0,0,0,0,13,60,78,0,0,0.0,0.7692307692307693,0.0,0.0,customer_only,15
12,0,0,0,0,0,0,65,0,18,47,0,0,0,0,0,0,0,13,60,78,0,0,0.0,0.7692307692307693,0.0,0.0,customer_only,15
13,0,0,0,0,0,0,65,0,18,47,0,0,0,0,0,0,0,13,60,78,0,0,0.0,0.7692307692307693,0.0,0.0,customer_only,15
14,0,0,0,0,0,0,65,0,18,47,0,0,0,0,0,0,0,13,60,78,0,0,0.0,0.7692307692307693,0.0,0.0,customer_only,15
15,0,0,0,0,0,0,65,0,18,47,0,0,0,0,0,0,0,13,60,78,0,0,0.0,0.7692307692307693,0.0,0.0,customer_only,15
16,0,0,0,0,0,0,65,0,18,47,0,0,0,0,0,0,0,13,60,78,0,0,0.0,0.7692307692307693,0.0,0.0,customer_only,15
17,0,0,0,0,0,0,65,0,18,47,0,0,0,0,0,0,0,13,60,78,0,0,0.0,0.7692307692307693,0.0,0.0,customer_only,15
18,0,0,0,0,0,0,65,0,18,47,0,0,0,0,0,0,0,13,60,78,0,0,0.0,0.7692307692307693,0.0,0.0,customer_only,15
19,0,0,0,0,0,0,65,0,18,47,0,0,0,0,0,0,0,13,60,78,0,0,0.0,0.7692307692307693,0.0,0.0,customer_only,15
20,0,0,0,0,0,0,65,0,18,47,0,0,0,0,0,0,0,13,60,78,0,0,0.0,0.7692307692307693,0.0,0.0,customer_only,15
21,0,0,0,0,0,0,65,0,18,47,0,0,0,0,0,0,0,13,60,78,0,0,0.0,0.7692307692307693,0.0,0.0,customer_only,15
22,0,0,0,0,0,0,65,0,18,47,0,0,0,0,0,0,0,13,60,78,0,0,0.0,0.7692307692307693,0.0,0.0,customer_only,15
23,0,0,0,0,0,0,65,0,18,47,0,0,0,0,0,0,0,13,60,78,0,0,0.0,0.7692307692307693,0.0,0.0,customer_only,15
24,0,0,0,0,0,0,65,0,18,47,0,0,0,0,0,0,0,13,60,78,0,0,0.0,0.7692307692307693,0.0,0.0,customer_only,15
25,0,0,0,0,0,0,65,0,18,47,0,0,0,0,0,0,0,13,60,78,0,0,0.0,0.7692307692307693,0.0,0.0,customer_only,15
26,0,0,0,0,0,0,65,0,18,47,0,0,0,0,0,0,0,13,60,78,0,0,0.0,0.7692307692307693,0.0,0.0,customer_only,15
27,0,0,0,0,0,0,65,0,18,47,0,0,0,0,0,0,0,13,60,78,0,0,0.0,0.7692307692307693,0.0,0.0,customer_only,15
28,0,0,0,0,0,0,65,0,18,47,0,0,0,0,0,0,0,13,60,78,0,0,0.0,0.7692307692307693,0.0,0.0,customer_only,15
29,0,0,0,0,0,0,65,0,18,47,0,0,0,0,0,0,0,13,60,78,0,0,0.0,0.7692307692307693,0.0,0.0,customer_only,15
30,0,0,0,0,0,0,65,0,18,47,0,0,0,0,0,0,0,13,60,78,0,0,0.0,0.7692307692307693,0.0,0.0,customer_only,15
31,0,0,0,0,0,0,65,0,18,47,0,0,0,0,0,0,0,13,60,78,0,0,0.0,0.7692307692307693,0.0,0.0,customer_only,15
32,0,0,0,0,0,0,65,0,18,47,0,0,0,0,0,0,0,13,60,78,0,0,0.0,0.7692307692307693,0.0,0.0,customer_only,15
33,0,0,0,0,0,0,65,0,18,47,0,0,0,0,0,0,0,13,60,78,0,0,0.0,0.7692307692307693,0.0,0.0,customer_only,15
34,0,0,0,0,0,0,65,0,18,47,0,0,0,0,0,0,0,13,60,78,0,0,0.0,0.7692307692307693,0.0,0.0,customer_only,15
35,0,0,0,0,0,0,65,0,18,47,0,0,0,0,0,0,0,13,60,78,0,0,0.0,0.7692307692307693,0.0,0.0,customer_only,15
36,0,0,0,0,0,0,65,0,18,47,0,0,0,0,0,0,0,13,60,78,0,0,0.0,0.7692307692307693,0.0,0.0,customer_only,15
37,0,0,0,0,0,0,65,0,18,47,0,0,0,0,0,0,0,13,60,78,0,0,0.0,0.7692307692307693,0.0,0.0,customer_only,15
38,0,0,0,0,0,0,65,0,18,47,0,0,0,0,0,0,0,13,60,78,0,0,0.0,0.7692307692307693,0.0,0.0,customer_only,15
39,0,0,0,0,0,0,65,0,18,47,0,0,0,0,0,0,0,13,60,78,0,0,0.0,0.7692307692307693,0.0,0.0,customer_only,15
40,0,0,0,0,0,0,65,0,18,47,0,0,0,0,0,0,0,13,60,78,0,0,0.0,0.7692307692307693,0.0,0.0,customer_only,15
41,0,0,0,0,0,0,65,0,18,47,0,0,0,0,0,0,0,13,60,78,0,0,0.0,0.7692307692307693,0.0,0.0,customer_only,15
42,0,0,0,0,0,0,65,0,18,47,0,0,0,0,0,0,0,13,60,78,0,0,0.0,0.7692307692307693,0.0,0.0,customer_only,15
43,0,0,0,0,0,0,65,0,18,47,0,0,0,0,0,0,0,13,60,78,0,0,0.0,0.7692307692307693,0.0,0.0,customer_only,15
44,0,0,0,0,0,0,65,0,18,47,0,0,0,0,0,0,0,13,60,78,0,0,0.0,0.7692307692307693,0.0,0.0,customer_only,15
0,78,78,78,72,14,0,78,78,0,0,72,72,0,0,0,14,0,0,78,78,0,0,0.9230769230769231,0.1794871794871795,0.0,0.0,both,15
1,0,0,0,0,0,0,78,78,0,0,72,72,0,0,0,14,0,0,78,78,72,14,0.9230769230769231,0.1794871794871795,0.0,0.0,both,15
2,0,0,0,0,0,0,78,69,0,9,67,60,7,7,0,7,0,0,78,78,72,14,0.9230769230769231,0.1794871794871795,0.0,0.0,both,15
3,0,0,0,4,3,7,68,56,0,12,53,50,3,3,6,3,10,10,78,78,72,14,0.9743589743589743,0.21794871794871795,3.0,4.0,both,15
4,0,0,0,0,5,5,65,49,0,16,43,38,5,5,3,8,3,13,78,78,53,3,0.9743589743589743,0.28205128205128205,5.0,0.0,both,15
5,0,0,0,0,5,5,63,39,0,24,30,26,4,4,2,11,2,15,78,78,43,8,0.9743589743589743,0.34615384615384615,5.0,0.0,both,15
6,0,0,0,0,10,10,59,34,0,25,19,14,5,5,3,16,4,19,78,78,30,13,0.9743589743589743,0.47435897435897434,10.0,0.0,both,15
7,0,0,0,0,6,6,53,22,0,31,7,2,5,5,4,15,6,25,78,78,19,20,0.9743589743589743,0.5512820512820513,6.0,0.0,both,15
8,0,0,0,0,2,2,48,12,0,36,0,0,0,0,5,12,5,30,78,78,7,21,0.9743589743589743,0.5769230769230769,2.0,0.0,both,15
9,0,0,0,0,0,0,43,7,0,36,0,0,0,0,0,7,5,35,78,78,0,18,0.9743589743589743,0.5769230769230769,0.0,0.0,both,15
10,0,0,0,0,0,0,39,0,0,39,0,0,0,0,0,0,4,39,78,78,0,8,0.9743589743589743,0.5769230769230769,0.0,0.0,both,15
11,0,0,0,0,0,0,39,0,0,39,0,0,0,0,0,0,0,39,78,78,0,2,0.9743589743589743,0.5769230769230769,0.0,0.0,both,15
12,0,0,0,0,1,1,39,1,0,38,0,0,0,0,0,1,0,39,78,78,0,0,0.9743589743589743,0.5897435897435898,1.0,0.0,both,15
13,0,0,0,0,0,0,39,1,0,38,0,0,0,0,0,1,0,39,78,78,0,1,0.9743589743589743,0.5897435897435898,0.0,0.0,both,15
14,0,0,0,0,0,0,39,0,0,39,0,0,0,0,0,0,0,39,78,78,0,1,0.9743589743589743,0.5897435897435898,0.0,0.0,both,15
15,0,0,0,0,0,0,39,0,0,39,0,0,0,0,0,0,0,39,78,78,0,1,0.9743589743589743,0.5897435897435898,0.0,0.0,both,15
16,0,0,0,0,0,0,39,0,0,39,0,0,0,0,0,0,0,39,78,78,0,0,0.9743589743589743,0.5897435897435898,0.0,0.0,both,15
17,0,0,0,0,0,0,39,0,0,39,0,0,0,0,0,0,0,39,78,78,0,0,0.9743589743589743,0.5897435897435898,0.0,0.0,both,15
18,0,0,0,0,0,0,39,0,0,39,0,0,0,0,0,0,0,39,78,78,0,0,0.9743589743589743,0.5897435897435898,0.0,0.0,both,15
19,0,0,0,0,0,0,39,0,0,39,0,0,0,0,0,0,0,39,78,78,0,0,0.9743589743589743,0.5897435897435898,0.0,0.0,both,15
20,0,0,0,0,0,0,39,0,0,39,0,0,0,0,0,0,0,39,78,78,0,0,0.9743589743589743,0.5897435897435898,0.0,0.0,both,15
21,0,0,0,0,0,0,39,0,0,39,0,0,0,0,0,0,0,39,78,78,0,0,0.9743589743589743,0.5897435897435898,0.0,0.0,both,15
22,0,0,0,0,0,0,39,0,0,39,0,0,0,0,0,0,0,39,78,78,0,0,0.9743589743589743,0.5897435897435898,0.0,0.0,both,15
23,0,0,0,0,0,0,39,0,0,39,0,0,0,0,0,0,0,39,78,78,0,0,0.9743589743589743,0.5897435897435898,0.0,0.0,both,15
24,0,0,0,0,0,0,39,0,0,39,0,0,0,0,0,0,0,39,78,78,0,0,0.9743589743589743,0.5897435897435898,0.0,0.0,both,15
25,0,0,0,0,0,0,39,0,0,39,0,0,0,0,0,0,0,39,78,78,0,0,0.9743589743589743,0.5897435897435898,0.0,0.0,both,15
26,0,0,0,0,0,0,39,0,0,39,0,0,0,0,0,0,0,39,78,78,0,0,0.9743589743589743,0.5897435897435898,0.0,0.0,both,15
27,0,0,0,0,0,0,39,0,0,39,0,0,0,0,0,0,0,39,78,78,0,0,0.9743589743589743,0.5897435897435898,0.0,0.0,both,15
28,0,0,0,0,0,0,39,0,0,39,0,0,0,0,0,0,0,39,78,78,0,0,0.9743589743589743,0.5897435897435898,0.0,0.0,both,15
29,0,0,0,0,0,0,39,0,0,39,0,0,0,0,0,0,0,39,78,78,0,0,0.9743589743589743,0.5897435897435898,0.0,0.0,both,15
30,0,0,0,0,0,0,39,0,0,39,0,0,0,0,0,0,0,39,78,78,0,0,0.9743589743589743,0.5897435897435898,0.0,0.0,both,15
31,0,0,0,0,0,0,39,0,0,39,0,0,0,0,0,0,0,39,78,78,0,0,0.9743589743589743,0.5897435897435898,0.0,0.0,both,15
32,0,0,0,0,0,0,39,0,0,39,0,0,0,0,0,0,0,39,78,78,0,0,0.9743589743589743,0.5897435897435898,0.0,0.0,both,15
33,0,0,0,0,0,0,39,0,0,39,0,0,0,0,0,0,0,39,78,78,0,0,0.9743589743589743,0.5897435897435898,0.0,0.0,both,15
34,0,0,0,0,0,0,39,0,0,39,0,0,0,0,0,0,0,39,78,78,0,0,0.9743589743589743,0.5897435897435898,0.0,0.0,both,15
35,0,0,0,0,0,0,39,0,0,39,0,0,0,0,0,0,0,39,78,78,0,0,0.9743589743589743,0.5897435897435898,0.0,0.0,both,15
36,0,0,0,0,0,0,39,0,0,39,0,0,0,0,0,0,0,39,78,78,0,0,0.9743589743589743,0.5897435897435898,0.0,0.0,both,15
37,0,0,0,0,0,0,39,0,0,39,0,0,0,0,0,0,0,39,78,78,0,0,0.9743589743589743,0.5897435897435898,0.0,0.0,both,15
38,0,0,0,0,0,0,39,0,0,39,0,0,0,0,0,0,0,39,78,78,0,0,0.9743589743589743,0.5897435897435898,0.0,0.0,both,15
39,0,0,0,0,0,0,39,0,0,39,0,0,0,0,0,0,0,39,78,78,0,0,0.9743589743589743,0.5897435897435898,0.0,0.0,both,15
40,0,0,0,0,0,0,39,0,0,39,0,0,0,0,0,0,0,39,78,78,0,0,0.9743589743589743,0.5897435897435898,0.0,0.0,both,15
41,0,0,0,0,0,0,39,0,0,39,0,0,0,0,0,0,0,39,78,78,0,0,0.9743589743589743,0.5897435897435898,0.0,0.0,both,15
42,0,0,0,0,0,0,39,0,0,39,0,0,0,0,0,0,0,39,78,78,0,0,0.9743589743589743,0.5897435897435898,0.0,0.0,both,15
43,0,0,0,0,0,0,39,0,0,39,0,0,0,0,0,0,0,39,78,78,0,0,0.9743589743589743,0.5897435897435898,0.0,0.0,both,15
44,0,0,0,0,0,0,39,0,0,39,0,0,0,0,0,0,0,39,78,78,0,0,0.9743589743589743,0.5897435897435898,0.0,0.0,both,15
0,81,81,81,81,0,0,81,81,0,0,81,81,0,0,0,0,0,0,81,81,0,0,1.0,0.0,0.0,0.0,domestic_only,16
1,0,0,0,0,0,0,81,81,0,0,81,81,0,0,0,0,0,0,81,81,81,0,1.0,0.0,0.0,0.0,domestic_only,16
2,0,0,0,0,0,0,81,75,0,6,75,69,6,6,0,0,0,0,81,81,81,0,1.0,0.0,0.0,0.0,domestic_only,16
3,0,0,0,0,0,0,77,62,0,15,62,57,5,5,4,0,4,4,81,81,81,0,1.0,0.0,0.0,0.0,domestic_only,16
4,0,0,0,0,0,0,72,49,0,23,49,45,4,4,5,0,5,9,81,81,62,0,1.0,0.0,0.0,0.0,domestic_only,16
5,0,0,0,0,0,0,68,38,0,30,38,33,5,5,4,0,4,13,81,81,49,0,1.0,0.0,0.0,0.0,domestic_only,16
6,0,0,0,0,0,0,64,23,0,41,23,21,2,2,4,0,4,17,81,81,38,0,1.0,0.0,0.0,0.0,domestic_only,16
7,0,0,0,0,0,0,62,15,0,47,15,9,6,6,2,0,2,19,81,81,23,0,1.0,0.0,0.0,0.0,domestic_only,16
8,0,0,0,0,0,0,56,6,0,50,6,0,6,6,6,0,6,25,81,81,15,0,1.0,0.0,0.0,0.0,domestic_only,16
9,0,0,0,0,0,0,50,0,0,50,0,0,0,0,6,0,6,31,81,81,6,0,1.0,0.0,0.0,0.0,domestic_only,16
10,0,0,0,0,0,0,50,0,0,50,0,0,0,0,0,0,0,31,81,81,0,0,1.0,0.0,0.0,0.0,domestic_only,16
11,0,0,0,0,0,0,50,0,0,50,0,0,0,0,0,0,0,31,81,81,0,0,1.0,0.0,0.0,0.0,domestic_only,16
12,0,0,0,0,0,0,50,0,0,50,0,0,0,0,0,0,0,31,81,81,0,0,1.0,0.0,0.0,0.0,domestic_only,16
13,0,0,0,0,0,0,50,0,0,50,0,0,0,0,0,0,0,31,81,81,0,0,1.0,0.0,0.0,0.0,domestic_only,16
14,0,0,0,0,0,0,50,0,0,50,0,0,0,0,0,0,0,31,81,81,0,0,1.0,0.0,0.0,0.0,domestic_only,16
15,0,0,0,0,0,0,50,0,0,50,0,0,0,0,0,0,0,31,81,81,0,0,1.0,0.0,0.0,0.0,domestic_only,16
16,0,0,0,0,0,0,50,0,0,50,0,0,0,0,0,0,0,31,81,81,0,0,1.0,0.0,0.0,0.0,domestic_only,16
17,0,0,0,0,0,0,50,0,0,50,0,0,0,0,0,0,0,31,81,81,0,0,1.0,0.0,0.0,0.0,domestic_only,16
18,0,0,0,0,0,0,50,0,0,50,0,0,0,0,0,0,0,31,81,81,0,0,1.0,0.0,0.0,0.0,domestic_only,16
19,0,0,0,0,0,0,50,0,0,50,0,0,0,0,0,0,0,31,81,81,0,0,1.0,0.0,0.0,0.0,domestic_only,16
20,0,0,0,0,0,0,50,0,0,50,0,0,0,0,0,0,0,31,81,81,0,0,1.0,0.0,0.0,0.0,domestic_only,16
21,0,0,0,0,0,0,50,0,0,50,0,0,0,0,0,0,0,31,81,81,0,0,1.0,0.0,0.0,0.0,domestic_only,16
22,0,0,0,0,0,0,50,0,0,50,0,0,0,0,0,0,0,31,81,81,0,0,1.0,0.0,0.0,0.0,domestic_only,16
23,0,0,0,0,0,0,50,0,0,50,0,0,0,0,0,0,0,31,81,81,0,0,1.0,0.0,0.0,0.0,domestic_only,16
24,0,0,0,0,0,0,50,0,0,50,0,0,0,0,0,0,0,31,81,81,0,0,1.0,0.0,0.0,0.0,domestic_only,16
25,0,0,0,0,0,0,50,0,0,50,0,0,0,0,0,0,0,31,81,81,0,0,1.0,0.0,0.0,0.0,domestic_only,16
26,0,0,0,0,0,0,50,0,0,50,0,0,0,0,0,0,0,31,81,81,0,0,1.0,0.0,0.0,0.0,domestic_only,16
27,0,0,0,0,0,0,50,0,0,50,0,0,0,0,0,0,0,31,81,81,0,0,1.0,0.0,0.0,0.0,domestic_only,16
28,0,0,0,0,0,0,50,0,0,50,0,0,0,0,0,0,0,31,81,81,0,0,1.0,0.0,0.0,0.0,domestic_only,16
29,0,0,0,0,0,0,50,0,0,50,0,0,0,0,0,0,0,31,81,81,0,0,1.0,0.0,0.0,0.0,domestic_only,16
30,0,0,0,0,0,0,50,0,0,50,0,0,0,0,0,0,0,31,81,81,0,0,1.0,0.0,0.0,0.0,domestic_only,16
31,0,0,0,0,0,0,50,0,0,50,0,0,0,0,0,0,0,31,81,81,0,0,1.0,0.0,0.0,0.0,domestic_only,16
32,0,0,0,0,0,0,50,0,0,50,0,0,0,0,0,0,0,31,81,81,0,0,1.0,0.0,0.0,0.0,domestic_only,16
33,0,0,0,0,0,0,50,0,0,50,0,0,0,0,0,0,0,31,81,81,0,0,1.0,0.0,0.0,0.0,domestic_only,16
34,0,0,0,0,0,0,50,0,0,50,0,0,0,0,0,0,0,31,81,81,0,0,1.0,0.0,0.0,0.0,domestic_only,16
35,0,0,0,0,0,0,50,0,0,50,0,0,0,0,0,0,0,31,81,81,0,0,1.0,0.0,0.0,0.0,domestic_only,16
36,0,0,0,0,0,0,50,0,0,50,0,0,0,0,0,0,0,31,81,81,0,0,1.0,0.0,0.0,0.0,domestic_only,16
37,0,0,0,0,0,0,50,0,0,50,0,0,0,0,0,0,0,31,81,81,0,0,1.0,0.0,0.0,0.0,domestic_only,16
38,0,0,0,0,0,0,50,0,0,50,0,0,0,0,0,0,0,31,81,81,0,0,1.0,0.0,0.0,0.0,domestic_only,16
39,0,0,0,0,0,0,50,0,0,50,0,0,0,0,0,0,0,31,81,81,0,0,1.0,0.0,0.0,0.0,domestic_only,16
40,0,0,0,0,0,0,50,0,0,50,0,0,0,0,0,0,0,31,81,81,0,0,1.0,0.0,0.0,0.0,domestic_only,16
41,0,0,0,0,0,0,50,0,0,50,0,0,0,0,0,0,0,31,81,81,0,0,1.0,0.0,0.0,0.0,domestic_only,16
42,0,0,0,0,0,0,50,0,0,50,0,0,0,0,0,0,0,31,81,81,0,0,1.0,0.0,0.0,0.0,domestic_only,16
43,0,0,0,0,0,0,50,0,0,50,0,0,0,0,0,0,0,31,81,81,0,0,1.0,0.0,0.0,0.0,domestic_only,16
44,0,0,0,0,0,0,50,0,0,50,0,0,0,0,0,0,0,31,81,81,0,0,1.0,0.0,0.0,0.0,domestic_only,16
0,81,36,36,0,36,0,81,36,45,0,0,0,0,0,0,36,0,0,36,81,0,0,0.0,0.4444444444444444,0.0,0.0,customer_only,16
1,0,1,1,0,1,0,81,37,44,0,0,0,0,0,0,37,0,0,37,81,0,36,0.0,0.4567901234567901,0.0,0.0,customer_only,16
2,0,0,0,0,0,0,81,30,44,7,0,0,0,0,0,30,0,0,37,81,0,37,0.0,0.4567901234567901,0.0,0.0,customer_only,16
3,0,0,0,0,0,0,77,17,44,16,0,0,0,0,0,17,4,4,37,81,0,37,0.0,0.4567901234567901,0.0,0.0,customer_only,16
4,0,1,1,0,1,0,74,6,43,25,0,0,0,0,0,6,3,7,38,81,0,17,0.0,0.4691358024691358,0.0,0.0,customer_only,16
5,0,0,0,0,0,0,71,2,43,26,0,0,0,0,0,2,3,10,38,81,0,6,0.0,0.4691358024691358,0.0,0.0,customer_only,16
6,0,0,0,0,0,0,71,0,43,28,0,0,0,0,0,0,0,10,38,81,0,2,0.0,0.4691358024691358,0.0,0.0,customer_only,16
7,0,0,0,0,0,0,71,0,43,28,0,0,0,0,0,0,0,10,38,81,0,1,0.0,0.4691358024691358,0.0,0.0,customer_only,16
8,0,0,0,0,0,0,71,0,43,28,0,0,0,0,0,0,0,10,38,81,0,0,0.0,0.4691358024691358,0.0,0.0,customer_only,16
9,0,0,0,0,0,0,71,0,43,28,0,0,0,0,0,0,0,10,38,81,0,0,0.0,0.4691358024691358,0.0,0.0,customer_only,16
10,0,0,0,0,0,0,71,0,43,28,0,0,0,0,0,0,0,10,38,81,0,0,0.0,0.4691358024691358,0.0,0.0,customer_only,16
11,0,0,0,0,0,0,71,0,43,28,0,0,0,0,0,0,0,10,38,81,0,0,0.0,0.4691358024691358,0.0,0.0,customer_only,16
12,0,0,0,0,0,0,71,0,43,28,0,0,0,0,0,0,0,10,38,81,0,0,0.0,0.4691358024691358,0.0,0.0,customer_only,16
13,0,0,0,0,0,0,71,0,43,28,0,0,0,0,0,0,0,10,38,81,0,0,0.0,0.4691358024691358,0.0,0.0,customer_only,16
14,0,0,0,0,0,0,71,0,43,28,0,0,0,0,0,0,0,10,38,81,0,0,0.0,0.4691358024691358,0.0,0.0,customer_only,16
15,0,0,0,0,0,0,71,0,43,28,0,0,0,0,0,0,0,10,38,81,0,0,0.0,0.4691358024691358,0.0,0.0,customer_only,16
16,0,0,0,0,0,0,71,0,43,28,0,0,0,0,0,0,0,10,38,81,0,0,0.0,0.4691358024691358,0.0,0.0,customer_only,16
17,0,0,0,0,0,0,71,0,43,28,0,0,0,0,0,0,0,10,38,81,0,0,0.0,0.4691358024691358,0.0,0.0,customer_only,16
18,0,0,0,0,0,0,71,0,43,28,0,0,0,0,0,0,0,10,38,81,0,0,0.0,0.4691358024691358,0.0,0.0,customer_only,16
19,0,0,0,0,0,0,71,0,43,28,0,0,0,0,0,0,0,10,38,81,0,0,0.0,0.4691358024691358,0.0,0.0,customer_only,16
20,0,0,0,0,0,0,71,0,43,28,0,0,0,0,0,0,0,10,38,81,0,0,0.0,0.4691358024691358,0.0,0.0,customer_only,16
21,0,0,0,0,0,0,71,0,43,28,0,0,0,0,0,0,0,10,38,81,0,0,0.0,0.4691358024691358,0.0,0.0,customer_only,16
22,0,0,0,0,0,0,71,0,43,28,0,0,0,0,0,0,0,10,38,81,0,0,0.0,0.4691358024691358,0.0,0.0,customer_only,16
23,0,0,0,0,0,0,71,0,43,28,0,0,0,0,0,0,0,10,38,81,0,0,0.0,0.4691358024691358,0.0,0.0,customer_only,16
24,0,0,0,0,0,0,71,0,43,28,0,0,0,0,0,0,0,10,38,81,0,0,0.0,0.4691358024691358,0.0,0.0,customer_only,16
25,0,0,0,0,0,0,71,0,43,28,0,0,0,0,0,0,0,10,38,81,0,0,0.0,0.4691358024691358,0.0,0.0,customer_only,16
26,0,0,0,0,0,0,71,0,43,28,0,0,0,0,0,0,0,10,38,81,0,0,0.0,0.4691358024691358,0.0,0.0,customer_only,16
27,0,0,0,0,0,0,71,0,43,28,0,0,0,0,0,0,0,10,38,81,0,0,0.0,0.4691358024691358,0.0,0.0,customer_only,16
28,0,0,0,0,0,0,71,0,43,28,0,0,0,0,0,0,0,10,38,81,0,0,0.0,0.4691358024691358,0.0,0.0,customer_only,16
29,0,0,0,0,0,0,71,0,43,28,0,0,0,0,0,0,0,10,38,81,0,0,0.0,0.4691358024691358,0.0,0.0,customer_only,16
30,0,0,0,0,0,0,71,0,43,28,0,0,0,0,0,0,0,10,38,81,0,0,0.0,0.4691358024691358,0.0,0.0,customer_only,16
31,0,0,0,0,0,0,71,0,43,28,0,0,0,0,0,0,0,10,38,81,0,0,0.0,0.4691358024691358,0.0,0.0,customer_only,16
32,0,0,0,0,0,0,71,0,43,28,0,0,0,0,0,0,0,10,38,81,0,0,0.0,0.4691358024691358,0.0,0.0,customer_only,16
33,0,0,0,0,0,0,71,0,43,28,0,0,0,0,0,0,0,10,38,81,0,0,0.0,0.4691358024691358,0.0,0.0,customer_only,16
34,0,0,0,0,0,0,71,0,43,28,0,0,0,0,0,0,0,10,38,81,0,0,0.0,0.4691358024691358,0.0,0.0,customer_only,16
35,0,0,0,0,0,0,71,0,43,28,0,0,0,0,0,0,0,10,38,81,0,0,0.0,0.4691358024691358,0.0,0.0,customer_only,16
36,0,0,0,0,0,0,71,0,43,28,0,0,0,0,0,0,0,10,38,81,0,0,0.0,0.4691358024691358,0.0,0.0,customer_only,16
37,0,0,0,0,0,0,71,0,43,28,0,0,0,0,0,0,0,10,38,81,0,0,0.0,0.4691358024691358,0.0,0.0,customer_only,16
38,0,0,0,0,0,0,71,0,43,28,0,0,0,0,0,0,0,10,38,81,0,0,0.0,0.4691358024691358,0.0,0.0,customer_only,16
39,0,0,0,0,0,0,71,0,43,28,0,0,0,0,0,0,0,10,38,81,0,0,0.0,0.4691358024691358,0.0,0.0,customer_only,16
40,0,0,0,0,0,0,71,0,43,28,0,0,0,0,0,0,0,10,38,81,0,0,0.0,0.4691358024691358,0.0,0.0,customer_only,16
41,0,0,0,0,0,0,71,0,43,28,0,0,0,0,0,0,0,10,38,81,0,0,0.0,0.4691358024691358,0.0,0.0,customer_only,16
42,0,0,0,0,0,0,71,0,43,28,0,0,0,0,0,0,0,10,38,81,0,0,0.0,0.4691358024691358,0.0,0.0,customer_only,16
43,0,0,0,0,0,0,71,0,43,28,0,0,0,0,0,0,0,10,38,81,0,0,0.0,0.4691358024691358,0.0,0.0,customer_only,16
44,0,0,0,0,0,0,71,0,43,28,0,0,0,0,0,0,0,10,38,81,0,0,0.0,0.4691358024691358,0.0,0.0,customer_only,16
0,81,81,81,75,6,0,81,81,0,0,75,75,0,0,0,6,0,0,81,81,0,0,0.9259259259259259,0.07407407407407407,0.0,0.0,both,16
1,0,0,0,0,0,0,81,81,0,0,75,75,0,0,0,6,0,0,81,81,75,6,0.9259259259259259,0.07407407407407407,0.0,0.0,both,16
2,0,0,0,0,0,0,81,70,0,11,69,63,6,6,0,1,0,0,81,81,75,6,0.9259259259259259,0.07407407407407407,0.0,0.0,both,16
3,0,0,0,5,2,7,76,63,0,13,61,56,5,5,4,2,5,5,81,81,75,6,0.9876543209876543,0.09876543209876543,2.0,5.0,both,16
4,0,0,0,0,6,6,71,56,0,15,49,44,5,5,5,8,5,10,81,81,61,2,0.9876543209876543,0.1728395061728395,6.0,0.0,both,16
5,0,0,0,0,4,4,66,47,0,19,38,32,6,6,5,11,5,15,81,81,49,8,0.9876543209876543,0.2222222222222222,4.0,0.0,both,16
6,0,0,0,0,7,7,61,32,0,29,22,20,2,2,5,13,5,20,81,81,38,12,0.9876543209876543,0.30864197530864196,7.0,0.0,both,16
7,0,0,0,0,2,2,57,18,0,39,12,8,4,4,2,9,4,24,81,81,22,17,0.9876543209876543,0.3333333333333333,2.0,0.0,both,16
8,0,0,0,0,2,2,53,11,0,42,6,0,6,6,4,7,4,28,81,81,12,13,0.9876543209876543,0.35802469135802467,2.0,0.0,both,16
9,0,0,0,0,0,0,46,2,0,44,0,0,0,0,6,2,7,35,81,81,6,11,0.9876543209876543,0.35802469135802467,0.0,0.0,both,16
10,0,0,0,0,0,0,46,2,0,44,0,0,0,0,0,2,0,35,81,81,0,4,0.9876543209876543,0.35802469135802467,0.0,0.0,both,16
11,0,0,0,0,0,0,45,0,0,45,0,0,0,0,0,0,1,36,81,81,0,2,0.9876543209876543,0.35802469135802467,0.0,0.0,both,16
12,0,0,0,0,0,0,45,0,0,45,0,0,0,0,0,0,0,36,81,81,0,0,0.9876543209876543,0.35802469135802467,0.0,0.0,both,16
13,0,0,0,0,0,0,45,0,0,45,0,0,0,0,0,0,0,36,81,81,0,0,0.9876543209876543,0.35802469135802467,0.0,0.0,both,16
14,0,0,0,0,0,0,45,0,0,45,0,0,0,0,0,0,0,36,81,81,0,0,0.9876543209876543,0.35802469135802467,0.0,0.0,both,16
15,0,0,0,0,0,0,45,0,0,45,0,0,0,0,0,0,0,36,81,81,0,0,0.9876543209876543,0.35802469135802467,0.0,0.0,both,16
16,0,0,0,0,0,0,45,0,0,45,0,0,0,0,0,0,0,36,81,81,0,0,0.9876543209876543,0.35802469135802467,0.0,0.0,both,16
17,0,0,0,0,0,0,45,0,0,45,0,0,0,0,0,0,0,36,81,81,0,0,0.9876543209876543,0.35802469135802467,0.0,0.0,both,16
18,0,0,0,0,0,0,45,0,0,45,0,0,0,0,0,0,0,36,81,81,0,0,0.9876543209876543,0.35802469135802467,0.0,0.0,both,16
19,0,0,0,0,0,0,45,0,0,45,0,0,0,0,0,0,0,36,81,81,0,0,0.9876543209876543,0.35802469135802467,0.0,0.0,both,16
20,0,0,0,0,0,0,45,0,0,45,0,0,0,0,0,0,0,36,81,81,0,0,0.9876543209876543,0.35802469135802467,0.0,0.0,both,16
21,0,0,0,0,0,0,45,0,0,45,0,0,0,0,0,0,0,36,81,81,0,0,0.9876543209876543,0.35802469135802467,0.0,0.0,both,16
22,0,0,0,0,0,0,45,0,0,45,0,0,0,0,0,0,0,36,81,81,0,0,0.9876543209876543,0.35802469135802467,0.0,0.0,both,16
23,0,0,0,0,0,0,45,0,0,45,0,0,0,0,0,0,0,36,81,81,0,0,0.9876543209876543,0.35802469135802467,0.0,0.0,both,16
24,0,0,0,0,0,0,45,0,0,45,0,0,0,0,0,0,0,36,81,81,0,0,0.9876543209876543,0.35802469135802467,0.0,0.0,both,16
25,0,0,0,0,0,0,45,0,0,45,0,0,0,0,0,0,0,36,81,81,0,0,0.9876543209876543,0.35802469135802467,0.0,0.0,both,16
26,0,0,0,0,0,0,45,0,0,45,0,0,0,0,0,0,0,36,81,81,0,0,0.9876543209876543,0.35802469135802467,0.0,0.0,both,16
27,0,0,0,0,0,0,45,0,0,45,0,0,0,0,0,0,0,36,81,81,0,0,0.9876543209876543,0.35802469135802467,0.0,0.0,both,16
28,0,0,0,0,0,0,45,0,0,45,0,0,0,0,0,0,0,36,81,81,0,0,0.9876543209876543,0.35802469135802467,0.0,0.0,both,16
29,0,0,0,0,0,0,45,0,0,45,0,0,0,0,0,0,0,36,81,81,0,0,0.9876543209876543,0.35802469135802467,0.0,0.0,both,16
30,0,0,0,0,0,0,45,0,0,45,0,0,0,0,0,0,0,36,81,81,0,0,0.9876543209876543,0.35802469135802467,0.0,0.0,both,16
31,0,0,0,0,0,0,45,0,0,45,0,0,0,0,0,0,0,36,81,81,0,0,0.9876543209876543,0.35802469135802467,0.0,0.0,both,16
32,0,0,0,0,0,0,45,0,0,45,0,0,0,0,0,0,0,36,81,81,0,0,0.9876543209876543,0.35802469135802467,0.0,0.0,both,16
33,0,0,0,0,0,0,45,0,0,45,0,0,0,0,0,0,0,36,81,81,0,0,0.9876543209876543,0.35802469135802467,0.0,0.0,both,16
34,0,0,0,0,0,0,45,0,0,45,0,0,0,0,0,0,0,36,81,81,0,0,0.9876543209876543,0.35802469135802467,0.0,0.0,both,16
35,0,0,0,0,0,0,45,0,0,45,0,0,0,0,0,0,0,36,81,81,0,0,0.9876543209876543,0.35802469135802467,0.0,0.0,both,16
36,0,0,0,0,0,0,45,0,0,45,0,0,0,0,0,0,0,36,81,81,0,0,0.9876543209876543,0.35802469135802467,0.0,0.0,both,16
37,0,0,0,0,0,0,45,0,0,45,0,0,0,0,0,0,0,36,81,81,0,0,0.9876543209876543,0.35802469135802467,0.0,0.0,both,16
38,0,0,0,0,0,0,45,0,0,45,0,0,0,0,0,0,0,36,81,81,0,0,0.9876543209876543,0.35802469135802467,0.0,0.0,both,16
39,0,0,0,0,0,0,45,0,0,45,0,0,0,0,0,0,0,36,81,81,0,0,0.9876543209876543,0.35802469135802467,0.0,0.0,both,16
40,0,0,0,0,0,0,45,0,0,45,0,0,0,0,0,0,0,36,81,81,0,0,0.9876543209876543,0.35802469135802467,0.0,0.0,both,16
41,0,0,0,0,0,0,45,0,0,45,0,0,0,0,0,0,0,36,81,81,0,0,0.9876543209876543,0.35802469135802467,0.0,0.0,both,16
42,0,0,0,0,0,0,45,0,0,45,0,0,0,0,0,0,0,36,81,81,0,0,0.9876543209876543,0.35802469135802467,0.0,0.0,both,16
43,0,0,0,0,0,0,45,0,0,45,0,0,0,0,0,0,0,36,81,81,0,0,0.9876543209876543,0.35802469135802467,0.0,0.0,both,16
44,0,0,0,0,0,0,45,0,0,45,0,0,0,0,0,0,0,36,81,81,0,0,0.9876543209876543,0.35802469135802467,0.0,0.0,both,16
0,85,85,85,85,0,0,85,85,0,0,85,85,0,0,0,0,0,0,85,85,0,0,1.0,0.0,0.0,0.0,domestic_only,17
1,0,0,0,0,0,0,85,85,0,0,85,85,0,0,0,0,0,0,85,85,85,0,1.0,0.0,0.0,0.0,domestic_only,17
2,0,0,0,0,0,0,85,78,0,7,78,73,5,5,0,0,0,0,85,85,85,0,1.0,0.0,0.0,0.0,domestic_only,17
3,0,0,0,0,0,0,81,65,0,16,65,61,4,4,4,0,4,4,85,85,85,0,1.0,0.0,0.0,0.0,domestic_only,17
4,0,0,0,0,0,0,77,55,0,22,55,49,6,6,4,0,4,8,85,85,65,0,1.0,0.0,0.0,0.0,domestic_only,17
5,0,0,0,0,0,0,71,43,0,28,43,37,6,6,6,0,6,14,85,85,55,0,1.0,0.0,0.0,0.0,domestic_only,17
6,0,0,0,0,0,0,67,31,0,36,31,25,6,6,4,0,4,18,85,85,43,0,1.0,0.0,0.0,0.0,domestic_only,17
7,0,0,0,0,0,0,62,19,0,43,19,13,6,6,5,0,5,23,85,85,31,0,1.0,0.0,0.0,0.0,domestic_only,17
8,0,0,0,0,0,0,59,6,0,53,6,1,5,5,3,0,3,26,85,85,19,0,1.0,0.0,0.0,0.0,domestic_only,17
9,0,0,0,0,0,0,54,1,0,53,1,0,1,1,5,0,5,31,85,85,6,0,1.0,0.0,0.0,0.0,domestic_only,17
10,0,0,0,0,0,0,53,0,0,53,0,0,0,0,1,0,1,32,85,85,1,0,1.0,0.0,0.0,0.0,domestic_only,17
11,0,0,0,0,0,0,53,0,0,53,0,0,0,0,0,0,0,32,85,85,0,0,1.0,0.0,0.0,0.0,domestic_only,17
12,0,0,0,0,0,0,53,0,0,53,0,0,0,0,0,0,0,32,85,85,0,0,1.0,0.0,0.0,0.0,domestic_only,17
13,0,0,0,0,0,0,53,0,0,53,0,0,0,0,0,0,0,32,85,85,0,0,1.0,0.0,0.0,0.0,domestic_only,17
14,0,0,0,0,0,0,53,0,0,53,0,0,0,0,0,0,0,32,85,85,0,0,1.0,0.0,0.0,0.0,domestic_only,17
15,0,0,0,0,0,0,53,0,0,53,0,0,0,0,0,0,0,32,85,85,0,0,1.0,0.0,0.0,0.0,domestic_only,17
16,0,0,0,0,0,0,53,0,0,53,0,0,0,0,0,0,0,32,85,85,0,0,1.0,0.0,0.0,0.0,domestic_only,17
17,0,0,0,0,0,0,53,0,0,53,0,0,0,0,0,0,0,32,85,85,0,0,1.0,0.0,0.0,0.0,domestic_only,17
18,0,0,0,0,0,0,53,0,0,53,0,0,0,0,0,0,0,32,85,85,0,0,1.0,0.0,0.0,0.0,domestic_only,17
19,0,0,0,0,0,0,53,0,0,53,0,0,0,0,0,0,0,32,85,85,0,0,1.0,0.0,0.0,0.0,domestic_only,17
20,0,0,0,0,0,0,53,0,0,53,0,0,0,0,0,0,0,32,85,85,0,0,1.0,0.0,0.0,0.0,domestic_only,17
21,0,0,0,0,0,0,53,0,0,53,0,0,0,0,0,0,0,32,85,85,0,0,1.0,0.0,0.0,0.0,domestic_only,17
22,0,0,0,0,0,0,53,0,0,53,0,0,0,0,0,0,0,32,85,85,0,0,1.0,0.0,0.0,0.0,domestic_only,17
23,0,0,0,0,0,0,53,0,0,53,0,0,0,0,0,0,0,32,85,85,0,0,1.0,0.0,0.0,0.0,domestic_only,17
24,0,0,0,0,0,0,53,0,0,53,0,0,0,0,0,0,0,32,85,85,0,0,1.0,0.0,0.0,0.0,domestic_only,17
25,0,0,0,0,0,0,53,0,0,53,0,0,0,0,0,0,0,32,85,85,0,0,1.0,0.0,0.0,0.0,domestic_only,17
26,0,0,0,0,0,0,53,0,0,53,0,0,0,0,0,0,0,32,85,85,0,0,1.0,0.0,0.0,0.0,domestic_only,17
27,0,0,0,0,0,0,53,0,0,53,0,0,0,0,0,0,0,32,85,85,0,0,1.0,0.0,0.0,0.0,domestic_only,17
28,0,0,0,0,0,0,53,0,0,53,0,0,0,0,0,0,0,32,85,85,0,0,1.0,0.0,0.0,0.0,domestic_only,17
29,0,0,0,0,0,0,53,0,0,53,0,0,0,0,0,0,0,32,85,85,0,0,1.0,0.0,0.0,0.0,domestic_only,17
30,0,0,0,0,0,0,53,0,0,53,0,0,0,0,0,0,0,32,85,85,0,0,1.0,0.0,0.0,0.0,domestic_only,17
31,0,0,0,0,0,0,53,0,0,53,0,0,0,0,0,0,0,32,85,85,0,0,1.0,0.0,0.0,0.0,domestic_only,17
32,0,0,0,0,0,0,53,0,0,53,0,0,0,0,0,0,0,32,85,85,0,0,1.0,0.0,0.0,0.0,domestic_only,17
33,0,0,0,0,0,0,53,0,0,53,0,0,0,0,0,0,0,32,85,85,0,0,1.0,0.0,0.0,0.0,domestic_only,17
34,0,0,0,0,0,0,53,0,0,53,0,0,0,0,0,0,0,32,85,85,0,0,1.0,0.0,0.0,0.0,domestic_only,17
35,0,0,0,0,0,0,53,0,0,53,0,0,0,0,0,0,0,32,85,85,0,0,1.0,0.0,0.0,0.0,domestic_only,17
36,0,0,0,0,0,0,53,0,0,53,0,0,0,0,0,0,0,32,85,85,0,0,1.0,0.0,0.0,0.0,domestic_only,17
37,0,0,0,0,0,0,53,0,0,53,0,0,0,0,0,0,0,32,85,85,0,0,1.0,0.0,0.0,0.0,domestic_only,17
38,0,0,0,0,0,0,53,0,0,53,0,0,0,0,0,0,0,32,85,85,0,0,1.0,0.0,0.0,0.0,domestic_only,17
39,0,0,0,0,0,0,53,0,0,53,0,0,0,0,0,0,0,32,85,85,0,0,1.0,0.0,0.0,0.0,domestic_only,17
40,0,0,0,0,0,0,53,0,0,53,0,0,0,0,0,0,0,32,85,85,0,0,1.0,0.0,0.0,0.0,domestic_only,17
41,0,0,0,0,0,0,53,0,0,53,0,0,0,0,0,0,0,32,85,85,0,0,1.0,0.0,0.0,0.0,domestic_only,17
42,0,0,0,0,0,0,53,0,0,53,0,0,0,0,0,0,0,32,85,85,0,0,1.0,0.0,0.0,0.0,domestic_only,17
43,0,0,0,0,0,0,53,0,0,53,0,0,0,0,0,0,0,32,85,85,0,0,1.0,0.0,0.0,0.0,domestic_only,17
44,0,0,0,0,0,0,53,0,0,53,0,0,0,0,0,0,0,32,85,85,0,0,1.0,0.0,0.0,0.0,domestic_only,17
0,85,43,43,0,43,0,85,43,42,0,0,0,0,0,0,43,0,0,43,85,0,0,0.0,0.5058823529411764,0.0,0.0,customer_only,17
1,0,4,4,0,4,0,85,47,38,0,0,0,0,0,0,47,0,0,47,85,0,43,0.0,0.5529411764705883,0.0,0.0,customer_only,17
2,0,0,0,0,0,0,85,39,38,8,0,0,0,0,0,39,0,0,47,85,0,47,0.0,0.5529411764705883,0.0,0.0,customer_only,17
3,0,0,0,0,0,0,84,30,38,16,0,0,0,0,0,30,1,1,47,85,0,47,0.0,0.5529411764705883,0.0,0.0,customer_only,17
4,0,0,0,0,0,0,82,18,38,26,0,0,0,0,0,18,2,3,47,85,0,30,0.0,0.5529411764705883,0.0,0.0,customer_only,17
5,0,0,0,0,0,0,79,8,38,33,0,0,0,0,0,8,3,6,47,85,0,18,0.0,0.5529411764705883,0.0,0.0,customer_only,17
6,0,0,0,0,0,0,75,0,38,37,0,0,0,0,0,0,4,10,47,85,0,8,0.0,0.5529411764705883,0.0,0.0,customer_only,17
7,0,1,1,0,1,0,75,1,37,37,0,0,0,0,0,1,0,10,48,85,0,0,0.0,0.5647058823529412,0.0,0.0,customer_only,17
8,0,0,0,0,0,0,75,1,37,37,0,0,0,0,0,1,0,10,48,85,0,1,0.0,0.5647058823529412,0.0,0.0,customer_only,17
9,0,0,0,0,0,0,75,1,37,37,0,0,0,0,0,1,0,10,48,85,0,1,0.0,0.5647058823529412,0.0,0.0,customer_only,17
10,0,0,0,0,0,0,75,0,37,38,0,0,0,0,0,0,0,10,48,85,0,1,0.0,0.5647058823529412,0.0,0.0,customer_only,17
11,0,0,0,0,0,0,75,0,37,38,0,0,0,0,0,0,0,10,48,85,0,0,0.0,0.5647058823529412,0.0,0.0,customer_only,17
12,0,0,0,0,0,0,75,0,37,38,0,0,0,0,0,0,0,10,48,85,0,0,0.0,0.5647058823529412,0.0,0.0,customer_only,17
13,0,0,0,0,0,0,75,0,37,38,0,0,0,0,0,0,0,10,48,85,0,0,0.0,0.5647058823529412,0.0,0.0,customer_only,17
14,0,0,0,0,0,0,75,0,37,38,0,0,0,0,0,0,0,10,48,85,0,0,0.0,0.5647058823529412,0.0,0.0,customer_only,17
15,0,0,0,0,0,0,75,0,37,38,0,0,0,0,0,0,0,10,48,85,0,0,0.0,0.5647058823529412,0.0,0.0,customer_only,17
16,0,0,0,0,0,0,75,0,37,38,0,0,0,0,0,0,0,10,48,85,0,0,0.0,0.5647058823529412,0.0,0.0,customer_only,17
17,0,0,0,0,0,0,75,0,37,38,0,0,0,0,0,0,0,10,48,85,0,0,0.0,0.5647058823529412,0.0,0.0,customer_only,17
18,0,0,0,0,0,0,75,0,37,38,0,0,0,0,0,0,0,10,48,85,0,0,0.0,0.5647058823529412,0.0,0.0,customer_only,17
19,0,0,0,0,0,0,75,0,37,38,0,0,0,0,0,0,0,10,48,85,0,0,0.0,0.5647058823529412,0.0,0.0,customer_only,17
20,0,0,0,0,0,0,75,0,37,38,0,0,0,0,0,0,0,10,48,85,0,0,0.0,0.5647058823529412,0.0,0.0,customer_only,17
21,0,0,0,0,0,0,75,0,37,38,0,0,0,0,0,0,0,10,48,85,0,0,0.0,0.5647058823529412,0.0,0.0,customer_only,17
22,0,0,0,0,0,0,75,0,37,38,0,0,0,0,0,0,0,10,48,85,0,0,0.0,0.5647058823529412,0.0,0.0,customer_only,17
23,0,0,0,0,0,0,75,0,37,38,0,0,0,0,0,0,0,10,48,85,0,0,0.0,0.5647058823529412,0.0,0.0,customer_only,17
24,0,0,0,0,0,0,75,0,37,38,0,0,0,0,0,0,0,10,48,85,0,0,0.0,0.5647058823529412,0.0,0.0,customer_only,17
25,0,0,0,0,0,0,75,0,37,38,0,0,0,0,0,0,0,10,48,85,0,0,0.0,0.5647058823529412,0.0,0.0,customer_only,17
26,0,0,0,0,0,0,75,0,37,38,0,0,0,0,0,0,0,10,48,85,0,0,0.0,0.5647058823529412,0.0,0.0,customer_only,17
27,0,0,0,0,0,0,75,0,37,38,0,0,0,0,0,0,0,10,48,85,0,0,0.0,0.5647058823529412,0.0,0.0,customer_only,17
28,0,0,0,0,0,0,75,0,37,38,0,0,0,0,0,0,0,10,48,85,0,0,0.0,0.5647058823529412,0.0,0.0,customer_only,17
29,0,0,0,0,0,0,75,0,37,38,0,0,0,0,0,0,0,10,48,85,0,0,0.0,0.5647058823529412,0.0,0.0,customer_only,17
30,0,0,0,0,0,0,75,0,37,38,0,0,0,0,0,0,0,10,48,85,0,0,0.0,0.5647058823529412,0.0,0.0,customer_only,17
31,0,0,0,0,0,0,75,0,37,38,0,0,0,0,0,0,0,10,48,85,0,0,0.0,0.5647058823529412,0.0,0.0,customer_only,17
32,0,0,0,0,0,0,75,0,37,38,0,0,0,0,0,0,0,10,48,85,0,0,0.0,0.5647058823529412,0.0,0.0,customer_only,17
33,0,0,0,0,0,0,75,0,37,38,0,0,0,0,0,0,0,10,48,85,0,0,0.0,0.5647058823529412,0.0,0.0,customer_only,17
34,0,0,0,0,0,0,75,0,37,38,0,0,0,0,0,0,0,10,48,85,0,0,0.0,0.5647058823529412,0.0,0.0,customer_only,17
35,0,0,0,0,0,0,75,0,37,38,0,0,0,0,0,0,0,10,48,85,0,0,0.0,0.5647058823529412,0.0,0.0,customer_only,17
36,0,0,0,0,0,0,75,0,37,38,0,0,0,0,0,0,0,10,48,85,0,0,0.0,0.5647058823529412,0.0,0.0,customer_only,17
37,0,0,0,0,0,0,75,0,37,38,0,0,0,0,0,0,0,10,48,85,0,0,0.0,0.5647058823529412,0.0,0.0,customer_only,17
38,0,0,0,0,0,0,75,0,37,38,0,0,0,0,0,0,0,10,48,85,0,0,0.0,0.5647058823529412,0.0,0.0,customer_only,17
39,0,0,0,0,0,0,75,0,37,38,0,0,0,0,0,0,0,10,48,85,0,0,0.0,0.5647058823529412,0.0,0.0,customer_only,17
40,0,0,0,0,0,0,75,0,37,38,0,0,0,0,0,0,0,10,48,85,0,0,0.0,0.5647058823529412,0.0,0.0,customer_only,17
41,0,0,0,0,0,0,75,0,37,38,0,0,0,0,0,0,0,10,48,85,0,0,0.0,0.5647058823529412,0.0,0.0,customer_only,17
42,0,0,0,0,0,0,75,0,37,38,0,0,0,0,0,0,0,10,48,85,0,0,0.0,0.5647058823529412,0.0,0.0,customer_only,17
43,0,0,0,0,0,0,75,0,37,38,0,0,0,0,0,0,0,10,48,85,0,0,0.0,0.5647058823529412,0.0,0.0,customer_only,17
44,0,0,0,0,0,0,75,0,37,38,0,0,0,0,0,0,0,10,48,85,0,0,0.0,0.5647058823529412,0.0,0.0,customer_only,17
0,85,85,85,74,14,0,85,85,0,0,74,74,0,0,0,14,0,0,85,85,0,0,0.8705882352941177,0.16470588235294117,0.0,0.0,both,17
1,0,0,0,0,0,0,85,85,0,0,74,74,0,0,0,14,0,0,85,85,74,14,0.8705882352941177,0.16470588235294117,0.0,0.0,both,17
2,0,0,0,0,0,0,85,74,0,11,67,62,5,5,0,8,0,0,85,85,74,14,0.8705882352941177,0.16470588235294117,0.0,0.0,both,17
3,0,0,0,4,0,4,79,58,0,21,57,53,4,4,4,1,6,6,85,85,74,14,0.9176470588235294,0.16470588235294117,0.0,4.0,both,17
4,0,0,0,5,5,10,75,55,0,20,51,46,5,5,4,5,4,10,85,85,57,1,0.9764705882352941,0.2235294117647059,5.0,5.0,both,17
5,0,0,0,1,6,7,71,47,0,24,39,35,4,4,4,10,4,14,85,85,51,5,0.9882352941176471,0.29411764705882354,6.0,1.0,both,17
6,0,0,0,0,4,4,69,41,0,28,33,23,10,10,2,10,2,16,85,85,39,11,0.9882352941176471,0.3411764705882353,4.0,0.0,both,17
7,0,0,0,0,1,1,60,21,0,39,15,11,4,4,9,6,9,25,85,85,33,15,0.9882352941176471,0.35294117647058826,1.0,0.0,both,17
8,0,0,0,0,1,1,59,8,0,51,6,0,6,6,1,2,1,26,85,85,15,11,0.9882352941176471,0.36470588235294116,1.0,0.0,both,17
9,0,0,0,0,2,2,53,3,0,50,0,0,0,0,6,3,6,32,85,85,6,6,0.9882352941176471,0.38823529411764707,2.0,0.0,both,17
10,0,0,0,0,1,1,53,4,0,49,0,0,0,0,0,4,0,32,85,85,0,4,0.9882352941176471,0.4,1.0,0.0,both,17
11,0,0,0,0,0,0,52,2,0,50,0,0,0,0,0,2,1,33,85,85,0,4,0.9882352941176471,0.4,0.0,0.0,both,17
12,0,0,0,0,0,0,52,0,0,52,0,0,0,0,0,0,0,33,85,85,0,3,0.9882352941176471,0.4,0.0,0.0,both,17
13,0,0,0,0,0,0,52,0,0,52,0,0,0,0,0,0,0,33,85,85,0,1,0.9882352941176471,0.4,0.0,0.0,both,17
14,0,0,0,0,0,0,52,0,0,52,0,0,0,0,0,0,0,33,85,85,0,0,0.9882352941176471,0.4,0.0,0.0,both,17
15,0,0,0,0,0,0,52,0,0,52,0,0,0,0,0,0,0,33,85,85,0,0,0.9882352941176471,0.4,0.0,0.0,both,17
16,0,0,0,0,0,0,52,0,0,52,0,0,0,0,0,0,0,33,85,85,0,0,0.9882352941176471,0.4,0.0,0.0,both,17
17,0,0,0,0,0,0,52,0,0,52,0,0,0,0,0,0,0,33,85,85,0,0,0.9882352941176471,0.4,0.0,0.0,both,17
18,0,0,0,0,0,0,52,0,0,52,0,0,0,0,0,0,0,33,85,85,0,0,0.9882352941176471,0.4,0.0,0.0,both,17
19,0,0,0,0,0,0,52,0,0,52,0,0,0,0,0,0,0,33,85,85,0,0,0.9882352941176471,0.4,0.0,0.0,both,17
20,0,0,0,0,0,0,52,0,0,52,0,0,0,0,0,0,0,33,85,85,0,0,0.9882352941176471,0.4,0.0,0.0,both,17
21,0,0,0,0,0,0,52,0,0,52,0,0,0,0,0,0,0,33,85,85,0,0,0.9882352941176471,0.4,0.0,0.0,both,17
22,0,0,0,0,0,0,52,0,0,52,0,0,0,0,0,0,0,33,85,85,0,0,0.9882352941176471,0.4,0.0,0.0,both,17
23,0,0,0,0,0,0,52,0,0,52,0,0,0,0,0,0,0,33,85,85,0,0,0.9882352941176471,0.4,0.0,0.0,both,17
24,0,0,0,0,0,0,52,0,0,52,0,0,0,0,0,0,0,33,85,85,0,0,0.9882352941176471,0.4,0.0,0.0,both,17
25,0,0,0,0,0,0,52,0,0,52,0,0,0,0,0,0,0,33,85,85,0,0,0.9882352941176471,0.4,0.0,0.0,both,17
26,0,0,0,0,0,0,52,0,0,52,0,0,0,0,0,0,0,33,85,85,0,0,0.9882352941176471,0.4,0.0,0.0,both,17
27,0,0,0,0,0,0,52,0,0,52,0,0,0,0,0,0,0,33,85,85,0,0,0.9882352941176471,0.4,0.0,0.0,both,17
28,0,0,0,0,0,0,52,0,0,52,0,0,0,0,0,0,0,33,85,85,0,0,0.9882352941176471,0.4,0.0,0.0,both,17
29,0,0,0,0,0,0,52,0,0,52,0,0,0,0,0,0,0,33,85,85,0,0,0.9882352941176471,0.4,0.0,0.0,both,17
30,0,0,0,0,0,0,52,0,0,52,0,0,0,0,0,0,0,33,85,85,0,0,0.9882352941176471,0.4,0.0,0.0,both,17
31,0,0,0,0,0,0,52,0,0,52,0,0,0,0,0,0,0,33,85,85,0,0,0.9882352941176471,0.4,0.0,0.0,both,17
32,0,0,0,0,0,0,52,0,0,52,0,0,0,0,0,0,0,33,85,85,0,0,0.9882352941176471,0.4,0.0,0.0,both,17
33,0,0,0,0,0,0,52,0,0,52,0,0,0,0,0,0,0,33,85,85,0,0,0.9882352941176471,0.4,0.0,0.0,both,17
34,0,0,0,0,0,0,52,0,0,52,0,0,0,0,0,0,0,33,85,85,0,0,0.9882352941176471,0.4,0.0,0.0,both,17
35,0,0,0,0,0,0,52,0,0,52,0,0,0,0,0,0,0,33,85,85,0,0,0.9882352941176471,0.4,0.0,0.0,both,17
36,0,0,0,0,0,0,52,0,0,52,0,0,0,0,0,0,0,33,85,85,0,0,0.9882352941176471,0.4,0.0,0.0,both,17
37,0,0,0,0,0,0,52,0,0,52,0,0,0,0,0,0,0,33,85,85,0,0,0.9882352941176471,0.4,0.0,0.0,both,17
38,0,0,0,0,0,0,52,0,0,52,0,0,0,0,0,0,0,33,85,85,0,0,0.9882352941176471,0.4,0.0,0.0,both,17
39,0,0,0,0,0,0,52,0,0,52,0,0,0,0,0,0,0,33,85,85,0,0,0.9882352941176471,0.4,0.0,0.0,both,17
40,0,0,0,0,0,0,52,0,0,52,0,0,0,0,0,0,0,33,85,85,0,0,0.9882352941176471,0.4,0.0,0.0,both,17
41,0,0,0,0,0,0,52,0,0,52,0,0,0,0,0,0,0,33,85,85,0,0,0.9882352941176471,0.4,0.0,0.0,both,17
42,0,0,0,0,0,0,52,0,0,52,0,0,0,0,0,0,0,33,85,85,0,0,0.9882352941176471,0.4,0.0,0.0,both,17
43,0,0,0,0,0,0,52,0,0,52,0,0,0,0,0,0,0,33,85,85,0,0,0.9882352941176471,0.4,0.0,0.0,both,17
44,0,0,0,0,0,0,52,0,0,52,0,0,0,0,0,0,0,33,85,85,0,0,0.9882352941176471,0.4,0.0,0.0,both,17
0,71,71,71,71,0,0,71,71,0,0,71,71,0,0,0,0,0,0,71,71,0,0,1.0,0.0,0.0,0.0,domestic_only,18
1,0,0,0,0,0,0,71,71,0,0,71,71,0,0,0,0,0,0,71,71,71,0,1.0,0.0,0.0,0.0,domestic_only,18
2,0,0,0,0,0,0,71,61,0,10,61,59,2,2,0,0,0,0,71,71,71,0,1.0,0.0,0.0,0.0,domestic_only,18
3,0,0,0,0,0,0,69,53,0,16,53,47,6,6,2,0,2,2,71,71,71,0,1.0,0.0,0.0,0.0,domestic_only,18
4,0,0,0,0,0,0,64,40,0,24,40,35,5,5,5,0,5,7,71,71,53,0,1.0,0.0,0.0,0.0,domestic_only,18
5,0,0,0,0,0,0,61,27,0,34,27,23,4,4,3,0,3,10,71,71,40,0,1.0,0.0,0.0,0.0,domestic_only,18
6,0,0,0,0,0,0,57,16,0,41,16,11,5,5,4,0,4,14,71,71,27,0,1.0,0.0,0.0,0.0,domestic_only,18
7,0,0,0,0,0,0,52,5,0,47,5,0,5,5,5,0,5,19,71,71,16,0,1.0,0.0,0.0,0.0,domestic_only,18
8,0,0,0,0,0,0,48,0,0,48,0,0,0,0,4,0,4,23,71,71,5,0,1.0,0.0,0.0,0.0,domestic_only,18
9,0,0,0,0,0,0,48,0,0,48,0,0,0,0,0,0,0,23,71,71,0,0,1.0,0.0,0.0,0.0,domestic_only,18
10,0,0,0,0,0,0,48,0,0,48,0,0,0,0,0,0,0,23,71,71,0,0,1.0,0.0,0.0,0.0,domestic_only,18
11,0,0,0,0,0,0,48,0,0,48,0,0,0,0,0,0,0,23,71,71,0,0,1.0,0.0,0.0,0.0,domestic_only,18
12,0,0,0,0,0,0,48,0,0,48,0,0,0,0,0,0,0,23,71,71,0,0,1.0,0.0,0.0,0.0,domestic_only,18
13,0,0,0,0,0,0,48,0,0,48,0,0,0,0,0,0,0,23,71,71,0,0,1.0,0.0,0.0,0.0,domestic_only,18
14,0,0,0,0,0,0,48,0,0,48,0,0,0,0,0,0,0,23,71,71,0,0,1.0,0.0,0.0,0.0,domestic_only,18
15,0,0,0,0,0,0,48,0,0,48,0,0,0,0,0,0,0,23,71,71,0,0,1.0,0.0,0.0,0.0,domestic_only,18
16,0,0,0,0,0,0,48,0,0,48,0,0,0,0,0,0,0,23,71,71,0,0,1.0,0.0,0.0,0.0,domestic_only,18
17,0,0,0,0,0,0,48,0,0,48,0,0,0,0,0,0,0,23,71,71,0,0,1.0,0.0,0.0,0.0,domestic_only,18
18,0,0,0,0,0,0,48,0,0,48,0,0,0,0,0,0,0,23,71,71,0,0,1.0,0.0,0.0,0.0,domestic_only,18
19,0,0,0,0,0,0,48,0,0,48,0,0,0,0,0,0,0,23,71,71,0,0,1.0,0.0,0.0,0.0,domestic_only,18
20,0,0,0,0,0,0,48,0,0,48,0,0,0,0,0,0,0,23,71,71,0,0,1.0,0.0,0.0,0.0,domestic_only,18
21,0,0,0,0,0,0,48,0,0,48,0,0,0,0,0,0,0,23,71,71,0,0,1.0,0.0,0.0,0.0,domestic_only,18
22,0,0,0,0,0,0,48,0,0,48,0,0,0,0,0,0,0,23,71,71,0,0,1.0,0.0,0.0,0.0,domestic_only,18
23,0,0,0,0,0,0,48,0,0,48,0,0,0,0,0,0,0,23,71,71,0,0,1.0,0.0,0.0,0.0,domestic_only,18
24,0,0,0,0,0,0,48,0,0,48,0,0,0,0,0,0,0,23,71,71,0,0,1.0,0.0,0.0,0.0,domestic_only,18
25,0,0,0,0,0,0,48,0,0,48,0,0,0,0,0,0,0,23,71,71,0,0,1.0,0.0,0.0,0.0,domestic_only,18
26,0,0,0,0,0,0,48,0,0,48,0,0,0,0,0,0,0,23,71,71,0,0,1.0,0.0,0.0,0.0,domestic_only,18
27,0,0,0,0,0,0,48,0,0,48,0,0,0,0,0,0,0,23,71,71,0,0,1.0,0.0,0.0,0.0,domestic_only,18
28,0,0,0,0,0,0,48,0,0,48,0,0,0,0,0,0,0,23,71,71,0,0,1.0,0.0,0.0,0.0,domestic_only,18
29,0,0,0,0,0,0,48,0,0,48,0,0,0,0,0,0,0,23,71,71,0,0,1.0,0.0,0.0,0.0,domestic_only,18
30,0,0,0,0,0,0,48,0,0,48,0,0,0,0,0,0,0,23,71,71,0,0,1.0,0.0,0.0,0.0,domestic_only,18
31,0,0,0,0,0,0,48,0,0,48,0,0,0,0,0,0,0,23,71,71,0,0,1.0,0.0,0.0,0.0,domestic_only,18
32,0,0,0,0,0,0,48,0,0,48,0,0,0,0,0,0,0,23,71,71,0,0,1.0,0.0,0.0,0.0,domestic_only,18
33,0,0,0,0,0,0,48,0,0,48,0,0,0,0,0,0,0,23,71,71,0,0,1.0,0.0,0.0,0.0,domestic_only,18
34,0,0,0,0,0,0,48,0,0,48,0,0,0,0,0,0,0,23,71,71,0,0,1.0,0.0,0.0,0.0,domestic_only,18
35,0,0,0,0,0,0,48,0,0,48,0,0,0,0,0,0,0,23,71,71,0,0,1.0,0.0,0.0,0.0,domestic_only,18
36,0,0,0,0,0,0,48,0,0,48,0,0,0,0,0,0,0,23,71,71,0,0,1.0,0.0,0.0,0.0,domestic_only,18
37,0,0,0,0,0,0,48,0,0,48,0,0,0,0,0,0,0,23,71,71,0,0,1.0,0.0,0.0,0.0,domestic_only,18
38,0,0,0,0,0,0,48,0,0,48,0,0,0,0,0,0,0,23,71,71,0,0,1.0,0.0,0.0,0.0,domestic_only,18
39,0,0,0,0,0,0,48,0,0,48,0,0,0,0,0,0,0,23,71,71,0,0,1.0,0.0,0.0,0.0,domestic_only,18
40,0,0,0,0,0,0,48,0,0,48,0,0,0,0,0,0,0,23,71,71,0,0,1.0,0.0,0.0,0.0,domestic_only,18
41,0,0,0,0,0,0,48,0,0,48,0,0,0,0,0,0,0,23,71,71,0,0,1.0,0.0,0.0,0.0,domestic_only,18
42,0,0,0,0,0,0,48,0,0,48,0,0,0,0,0,0,0,23,71,71,0,0,1.0,0.0,0.0,0.0,domestic_only,18
43,0,0,0,0,0,0,48,0,0,48,0,0,0,0,0,0,0,23,71,71,0,0,1.0,0.0,0.0,0.0,domestic_only,18
44,0,0,0,0,0,0,48,0,0,48,0,0,0,0,0,0,0,23,71,71,0,0,1.0,0.0,0.0,0.0,domestic_only,18
0,71,53,53,0,53,0,71,53,18,0,0,0,0,0,0,53,0,0,53,71,0,0,0.0,0.7464788732394366,0.0,0.0,customer_only,18
1,0,3,3,0,3,0,71,56,15,0,0,0,0,0,0,56,0,0,56,71,0,53,0.0,0.7887323943661971,0.0,0.0,customer_only,18
2,0,0,0,0,0,0,71,48,15,8,0,0,0,0,0,48,0,0,56,71,0,56,0.0,0.7887323943661971,0.0,0.0,customer_only,18
3,0,0,0,0,0,0,68,40,15,13,0,0,0,0,0,40,3,3,56,71,0,56,0.0,0.7887323943661971,0.0,0.0,customer_only,18
4,0,0,0,0,0,0,63,25,15,23,0,0,0,0,0,25,5,8,56,71,0,40,0.0,0.7887323943661971,0.0,0.0,customer_only,18
5,0,1,1,0,1,0,60,12,14,34,0,0,0,0,0,12,3,11,57,71,0,25,0.0,0.8028169014084507,0.0,0.0,customer_only,18
6,0,0,0,0,0,0,60,2,14,44,0,0,0,0,0,2,0,11,57,71,0,12,0.0,0.8028169014084507,0.0,0.0,customer_only,18
7,0,0,0,0,0,0,59,0,14,45,0,0,0,0,0,0,1,12,57,71,0,2,0.0,0.8028169014084507,0.0,0.0,customer_only,18
8,0,0,0,0,0,0,59,0,14,45,0,0,0,0,0,0,0,12,57,71,0,1,0.0,0.8028169014084507,0.0,0.0,customer_only,18
9,0,0,0,0,0,0,59,0,14,45,0,0,0,0,0,0,0,12,57,71,0,0,0.0,0.8028169014084507,0.0,0.0,customer_only,18
10,0,0,0,0,0,0,59,0,14,45,0,0,0,0,0,0,0,12,57,71,0,0,0.0,0.8028169014084507,0.0,0.0,customer_only,18
11,0,0,0,0,0,0,59,0,14,45,0,0,0,0,0,0,0,12,57,71,0,0,0.0,0.8028169014084507,0.0,0.0,customer_only,18
12,0,0,0,0,0,0,59,0,14,45,0,0,0,0,0,0,0,12,57,71,0,0,0.0,0.8028169014084507,0.0,0.0,customer_only,18
13,0,0,0,0,0,0,59,0,14,45,0,0,0,0,0,0,0,12,57,71,0,0,0.0,0.8028169014084507,0.0,0.0,customer_only,18
14,0,0,0,0,0,0,59,0,14,45,0,0,0,0,0,0,0,12,57,71,0,0,0.0,0.8028169014084507,0.0,0.0,customer_only,18
15,0,0,0,0,0,0,59,0,14,45,0,0,0,0,0,0,0,12,57,71,0,0,0.0,0.8028169014084507,0.0,0.0,customer_only,18
16,0,0,0,0,0,0,59,0,14,45,0,0,0,0,0,0,0,12,57,71,0,0,0.0,0.8028169014084507,0.0,0.0,customer_only,18
17,0,0,0,0,0,0,59,0,14,45,0,0,0,0,0,0,0,12,57,71,0,0,0.0,0.8028169014084507,0.0,0.0,customer_only,18
18,0,0,0,0,0,0,59,0,14,45,0,0,0,0,0,0,0,12,57,71,0,0,0.0,0.8028169014084507,0.0,0.0,customer_only,18
19,0,0,0,0,0,0,59,0,14,45,0,0,0,0,0,0,0,12,57,71,0,0,0.0,0.8028169014084507,0.0,0.0,customer_only,18
20,0,0,0,0,0,0,59,0,14,45,0,0,0,0,0,0,0,12,57,71,0,0,0.0,0.8028169014084507,0.0,0.0,customer_only,18
21,0,0,0,0,0,0,59,0,14,45,0,0,0,0,0,0,0,12,57,71,0,0,0.0,0.8028169014084507,0.0,0.0,customer_only,18
22,0,0,0,0,0,0,59,0,14,45,0,0,0,0,0,0,0,12,57,71,0,0,0.0,0.8028169014084507,0.0,0.0,customer_only,18
23,0,0,0,0,0,0,59,0,14,45,0,0,0,0,0,0,0,12,57,71,0,0,0.0,0.8028169014084507,0.0,0.0,customer_only,18
24,0,0,0,0,0,0,59,0,14,45,0,0,0,0,0,0,0,12,57,71,0,0,0.0,0.8028169014084507,0.0,0.0,customer_only,18
25,0,0,0,0,0,0,59,0,14,45,0,0,0,0,0,0,0,12,57,71,0,0,0.0,0.8028169014084507,0.0,0.0,customer_only,18
26,0,0,0,0,0,0,59,0,14,45,0,0,0,0,0,0,0,12,57,71,0,0,0.0,0.8028169014084507,0.0,0.0,customer_only,18
27,0,0,0,0,0,0,59,0,14,45,0,0,0,0,0,0,0,12,57,71,0,0,0.0,0.8028169014084507,0.0,0.0,customer_only,18
28,0,0,0,0,0,0,59,0,14,45,0,0,0,0,0,0,0,12,57,71,0,0,0.0,0.8028169014084507,0.0,0.0,customer_only,18
29,0,0,0,0,0,0,59,0,14,45,0,0,0,0,0,0,0,12,57,71,0,0,0.0,0.8028169014084507,0.0,0.0,customer_only,18
30,0,0,0,0,0,0,59,0,14,45,0,0,0,0,0,0,0,12,57,71,0,0,0.0,0.8028169014084507,0.0,0.0,customer_only,18
31,0,0,0,0,0,0,59,0,14,45,0,0,0,0,0,0,0,12,57,71,0,0,0.0,0.8028169014084507,0.0,0.0,customer_only,18
32,0,0,0,0,0,0,59,0,14,45,0,0,0,0,0,0,0,12,57,71,0,0,0.0,0.8028169014084507,0.0,0.0,customer_only,18
33,0,0,0,0,0,0,59,0,14,45,0,0,0,0,0,0,0,12,57,71,0,0,0.0,0.8028169014084507,0.0,0.0,customer_only,18
34,0,0,0,0,0,0,59,0,14,45,0,0,0,0,0,0,0,12,57,71,0,0,0.0,0.8028169014084507,0.0,0.0,customer_only,18
35,0,0,0,0,0,0,59,0,14,45,0,0,0,0,0,0,0,12,57,71,0,0,0.0,0.8028169014084507,0.0,0.0,customer_only,18
36,0,0,0,0,0,0,59,0,14,45,0,0,0,0,0,0,0,12,57,71,0,0,0.0,0.8028169014084507,0.0,0.0,customer_only,18
37,0,0,0,0,0,0,59,0,14,45,0,0,0,0,0,0,0,12,57,71,0,0,0.0,0.8028169014084507,0.0,0.0,customer_only,18
38,0,0,0,0,0,0,59,0,14,45,0,0,0,0,0,0,0,12,57,71,0,0,0.0,0.8028169014084507,0.0,0.0,customer_only,18
39,0,0,0,0,0,0,59,0,14,45,0,0,0,0,0,0,0,12,57,71,0,0,0.0,0.8028169014084507,0.0,0.0,customer_only,18
40,0,0,0,0,0,0,59,0,14,45,0,0,0,0,0,0,0,12,57,71,0,0,0.0,0.8028169014084507,0.0,0.0,customer_only,18
41,0,0,0,0,0,0,59,0,14,45,0,0,0,0,0,0,0,12,57,71,0,0,0.0,0.8028169014084507,0.0,0.0,customer_only,18
42,0,0,0,0,0,0,59,0,14,45,0,0,0,0,0,0,0,12,57,71,0,0,0.0,0.8028169014084507,0.0,0.0,customer_only,18
43,0,0,0,0,0,0,59,0,14,45,0,0,0,0,0,0,0,12,57,71,0,0,0.0,0.8028169014084507,0.0,0.0,customer_only,18
44,0,0,0,0,0,0,59,0,14,45,0,0,0,0,0,0,0,12,57,71,0,0,0.0,0.8028169014084507,0.0,0.0,customer_only,18
0,71,71,71,64,13,0,71,71,0,0,64,64,0,0,0,13,0,0,71,71,0,0,0.9014084507042254,0.18309859154929578,0.0,0.0,both,18
1,0,0,0,0,0,0,71,71,0,0,64,64,0,0,0,13,0,0,71,71,64,13,0.9014084507042254,0.18309859154929578,0.0,0.0,both,18
2,0,0,0,0,0,0,71,57,0,14,54,52,2,2,0,6,0,0,71,71,64,13,0.9014084507042254,0.18309859154929578,0.0,0.0,both,18
3,0,0,0,5,6,11,66,56,0,10,50,45,5,6,2,6,5,5,71,71,64,13,0.971830985915493,0.2676056338028169,6.0,5.0,both,18
4,0,0,0,1,7,8,63,49,0,14,38,34,4,4,3,13,3,8,71,71,50,6,0.9859154929577465,0.36619718309859156,7.0,1.0,both,18
5,0,0,0,0,7,7,60,39,0,21,27,22,5,5,3,16,3,11,71,71,38,13,0.9859154929577465,0.4647887323943662,7.0,0.0,both,18
6,0,0,0,0,6,6,55,27,0,28,17,10,7,7,5,14,5,16,71,71,27,20,0.9859154929577465,0.5492957746478874,6.0,0.0,both,18
7,0,0,0,0,1,1,47,13,0,34,6,0,6,6,6,8,8,24,71,71,17,20,0.9859154929577465,0.5633802816901409,1.0,0.0,both,18
8,0,0,0,0,2,2,41,6,0,35,0,0,0,0,6,6,6,30,71,71,6,14,0.9859154929577465,0.5915492957746479,2.0,0.0,both,18
9,0,0,0,0,0,0,40,2,0,38,0,0,0,0,0,2,1,31,71,71,0,9,0.9859154929577465,0.5915492957746479,0.0,0.0,both,18
10,0,0,0,0,0,0,40,0,0,40,0,0,0,0,0,0,0,31,71,71,0,3,0.9859154929577465,0.5915492957746479,0.0,0.0,both,18
11,0,0,0,0,0,0,40,0,0,40,0,0,0,0,0,0,0,31,71,71,0,2,0.9859154929577465,0.5915492957746479,0.0,0.0,both,18
12,0,0,0,0,0,0,40,0,0,40,0,0,0,0,0,0,0,31,71,71,0,0,0.9859154929577465,0.5915492957746479,0.0,0.0,both,18
13,0,0,0,0,0,0,40,0,0,40,0,0,0,0,0,0,0,31,71,71,0,0,0.9859154929577465,0.5915492957746479,0.0,0.0,both,18
14,0,0,0,0,0,0,40,0,0,40,0,0,0,0,0,0,0,31,71,71,0,0,0.9859154929577465,0.5915492957746479,0.0,0.0,both,18
15,0,0,0,0,0,0,40,0,0,40,0,0,0,0,0,0,0,31,71,71,0,0,0.9859154929577465,0.5915492957746479,0.0,0.0,both,18
16,0,0,0,0,0,0,40,0,0,40,0,0,0,0,0,0,0,31,71,71,0,0,0.9859154929577465,0.5915492957746479,0.0,0.0,both,18
17,0,0,0,0,0,0,40,0,0,40,0,0,0,0,0,0,0,31,71,71,0,0,0.9859154929577465,0.5915492957746479,0.0,0.0,both,18
18,0,0,0,0,0,0,40,0,0,40,0,0,0,0,0,0,0,31,71,71,0,0,0.9859154929577465,0.5915492957746479,0.0,0.0,both,18
19,0,0,0,0,0,0,40,0,0,40,0,0,0,0,0,0,0,31,71,71,0,0,0.9859154929577465,0.5915492957746479,0.0,0.0,both,18
20,0,0,0,0,0,0,40,0,0,40,0,0,0,0,0,0,0,31,71,71,0,0,0.9859154929577465,0.5915492957746479,0.0,0.0,both,18
21,0,0,0,0,0,0,40,0,0,40,0,0,0,0,0,0,0,31,71,71,0,0,0.9859154929577465,0.5915492957746479,0.0,0.0,both,18
22,0,0,0,0,0,0,40,0,0,40,0,0,0,0,0,0,0,31,71,71,0,0,0.9859154929577465,0.5915492957746479,0.0,0.0,both,18
23,0,0,0,0,0,0,40,0,0,40,0,0,0,0,0,0,0,31,71,71,0,0,0.9859154929577465,0.5915492957746479,0.0,0.0,both,18
24,0,0,0,0,0,0,40,0,0,40,0,0,0,0,0,0,0,31,71,71,0,0,0.9859154929577465,0.5915492957746479,0.0,0.0,both,18
25,0,0,0,0,0,0,40,0,0,40,0,0,0,0,0,0,0,31,71,71,0,0,0.9859154929577465,0.5915492957746479,0.0,0.0,both,18
26,0,0,0,0,0,0,40,0,0,40,0,0,0,0,0,0,0,31,71,71,0,0,0.9859154929577465,0.5915492957746479,0.0,0.0,both,18
27,0,0,0,0,0,0,40,0,0,40,0,0,0,0,0,0,0,31,71,71,0,0,0.9859154929577465,0.5915492957746479,0.0,0.0,both,18
28,0,0,0,0,0,0,40,0,0,40,0,0,0,0,0,0,0,31,71,71,0,0,0.9859154929577465,0.5915492957746479,0.0,0.0,both,18
29,0,0,0,0,0,0,40,0,0,40,0,0,0,0,0,0,0,31,71,71,0,0,0.9859154929577465,0.5915492957746479,0.0,0.0,both,18
30,0,0,0,0,0,0,40,0,0,40,0,0,0,0,0,0,0,31,71,71,0,0,0.9859154929577465,0.5915492957746479,0.0,0.0,both,18
31,0,0,0,0,0,0,40,0,0,40,0,0,0,0,0,0,0,31,71,71,0,0,0.9859154929577465,0.5915492957746479,0.0,0.0,both,18
32,0,0,0,0,0,0,40,0,0,40,0,0,0,0,0,0,0,31,71,71,0,0,0.9859154929577465,0.5915492957746479,0.0,0.0,both,18
33,0,0,0,0,0,0,40,0,0,40,0,0,0,0,0,0,0,31,71,71,0,0,0.9859154929577465,0.5915492957746479,0.0,0.0,both,18
34,0,0,0,0,0,0,40,0,0,40,0,0,0,0,0,0,0,31,71,71,0,0,0.9859154929577465,0.5915492957746479,0.0,0.0,both,18
35,0,0,0,0,0,0,40,0,0,40,0,0,0,0,0,0,0,31,71,71,0,0,0.9859154929577465,0.5915492957746479,0.0,0.0,both,18
36,0,0,0,0,0,0,40,0,0,40,0,0,0,0,0,0,0,31,71,71,0,0,0.9859154929577465,0.5915492957746479,0.0,0.0,both,18
37,0,0,0,0,0,0,40,0,0,40,0,0,0,0,0,0,0,31,71,71,0,0,0.9859154929577465,0.5915492957746479,0.0,0.0,both,18
38,0,0,0,0,0,0,40,0,0,40,0,0,0,0,0,0,0,31,71,71,0,0,0.9859154929577465,0.5915492957746479,0.0,0.0,both,18
39,0,0,0,0,0,0,40,0,0,40,0,0,0,0,0,0,0,31,71,71,0,0,0.9859154929577465,0.5915492957746479,0.0,0.0,both,18
40,0,0,0,0,0,0,40,0,0,40,0,0,0,0,0,0,0,31,71,71,0,0,0.9859154929577465,0.5915492957746479,0.0,0.0,both,18
41,0,0,0,0,0,0,40,0,0,40,0,0,0,0,0,0,0,31,71,71,0,0,0.9859154929577465,0.5915492957746479,0.0,0.0,both,18
42,0,0,0,0,0,0,40,0,0,40,0,0,0,0,0,0,0,31,71,71,0,0,0.9859154929577465,0.5915492957746479,0.0,0.0,both,18
43,0,0,0,0,0,0,40,0,0,40,0,0,0,0,0,0,0,31,71,71,0,0,0.9859154929577465,0.5915492957746479,0.0,0.0,both,18
44,0,0,0,0,0,0,40,0,0,40,0,0,0,0,0,0,0,31,71,71,0,0,0.9859154929577465,0.5915492957746479,0.0,0.0,both,18
0,75,75,75,75,0,0,75,75,0,0,75,75,0,0,0,0,0,0,75,75,0,0,1.0,0.0,0.0,0.0,domestic_only,19
1,0,0,0,0,0,0,75,75,0,0,75,75,0,0,0,0,0,0,75,75,75,0,1.0,0.0,0.0,0.0,domestic_only,19
2,0,0,0,0,0,0,75,71,0,4,71,63,8,8,0,0,0,0,75,75,75,0,1.0,0.0,0.0,0.0,domestic_only,19
3,0,0,0,0,0,0,67,58,0,9,58,51,7,7,8,0,8,8,75,75,75,0,1.0,0.0,0.0,0.0,domestic_only,19
4,0,0,0,0,0,0,62,44,0,18,44,39,5,5,5,0,5,13,75,75,58,0,1.0,0.0,0.0,0.0,domestic_only,19
5,0,0,0,0,0,0,58,35,0,23,35,27,8,8,4,0,4,17,75,75,44,0,1.0,0.0,0.0,0.0,domestic_only,19
6,0,0,0,0,0,0,51,21,0,30,21,15,6,6,7,0,7,24,75,75,35,0,1.0,0.0,0.0,0.0,domestic_only,19
7,0,0,0,0,0,0,45,8,0,37,8,3,5,5,6,0,6,30,75,75,21,0,1.0,0.0,0.0,0.0,domestic_only,19
8,0,0,0,0,0,0,40,2,0,38,2,0,2,2,5,0,5,35,75,75,8,0,1.0,0.0,0.0,0.0,domestic_only,19
9,0,0,0,0,0,0,38,0,0,38,0,0,0,0,2,0,2,37,75,75,2,0,1.0,0.0,0.0,0.0,domestic_only,19
10,0,0,0,0,0,0,38,0,0,38,0,0,0,0,0,0,0,37,75,75,0,0,1.0,0.0,0.0,0.0,domestic_only,19
11,0,0,0,0,0,0,38,0,0,38,0,0,0,0,0,0,0,37,75,75,0,0,1.0,0.0,0.0,0.0,domestic_only,19
12,0,0,0,0,0,0,38,0,0,38,0,0,0,0,0,0,0,37,75,75,0,0,1.0,0.0,0.0,0.0,domestic_only,19
13,0,0,0,0,0,0,38,0,0,38,0,0,0,0,0,0,0,37,75,75,0,0,1.0,0.0,0.0,0.0,domestic_only,19
14,0,0,0,0,0,0,38,0,0,38,0,0,0,0,0,0,0,37,75,75,0,0,1.0,0.0,0.0,0.0,domestic_only,19
15,0,0,0,0,0,0,38,0,0,38,0,0,0,0,0,0,0,37,75,75,0,0,1.0,0.0,0.0,0.0,domestic_only,19
16,0,0,0,0,0,0,38,0,0,38,0,0,0,0,0,0,0,37,75,75,0,0,1.0,0.0,0.0,0.0,domestic_only,19
17,0,0,0,0,0,0,38,0,0,38,0,0,0,0,0,0,0,37,75,75,0,0,1.0,0.0,0.0,0.0,domestic_only,19
18,0,0,0,0,0,0,38,0,0,38,0,0,0,0,0,0,0,37,75,75,0,0,1.0,0.0,0.0,0.0,domestic_only,19
19,0,0,0,0,0,0,38,0,0,38,0,0,0,0,0,0,0,37,75,75,0,0,1.0,0.0,0.0,0.0,domestic_only,19
20,0,0,0,0,0,0,38,0,0,38,0,0,0,0,0,0,0,37,75,75,0,0,1.0,0.0,0.0,0.0,domestic_only,19
21,0,0,0,0,0,0,38,0,0,38,0,0,0,0,0,0,0,37,75,75,0,0,1.0,0.0,0.0,0.0,domestic_only,19
22,0,0,0,0,0,0,38,0,0,38,0,0,0,0,0,0,0,37,75,75,0,0,1.0,0.0,0.0,0.0,domestic_only,19
23,0,0,0,0,0,0,38,0,0,38,0,0,0,0,0,0,0,37,75,75,0,0,1.0,0.0,0.0,0.0,domestic_only,19
24,0,0,0,0,0,0,38,0,0,38,0,0,0,0,0,0,0,37,75,75,0,0,1.0,0.0,0.0,0.0,domestic_only,19
25,0,0,0,0,0,0,38,0,0,38,0,0,0,0,0,0,0,37,75,75,0,0,1.0,0.0,0.0,0.0,domestic_only,19
26,0,0,0,0,0,0,38,0,0,38,0,0,0,0,0,0,0,37,75,75,0,0,1.0,0.0,0.0,0.0,domestic_only,19
27,0,0,0,0,0,0,38,0,0,38,0,0,0,0,0,0,0,37,75,75,0,0,1.0,0.0,0.0,0.0,domestic_only,19
28,0,0,0,0,0,0,38,0,0,38,0,0,0,0,0,0,0,37,75,75,0,0,1.0,0.0,0.0,0.0,domestic_only,19
29,0,0,0,0,0,0,38,0,0,38,0,0,0,0,0,0,0,37,75,75,0,0,1.0,0.0,0.0,0.0,domestic_only,19
30,0,0,0,0,0,0,38,0,0,38,0,0,0,0,0,0,0,37,75,75,0,0,1.0,0.0,0.0,0.0,domestic_only,19
31,0,0,0,0,0,0,38,0,0,38,0,0,0,0,0,0,0,37,75,75,0,0,1.0,0.0,0.0,0.0,domestic_only,19
32,0,0,0,0,0,0,38,0,0,38,0,0,0,0,0,0,0,37,75,75,0,0,1.0,0.0,0.0,0.0,domestic_only,19
33,0,0,0,0,0,0,38,0,0,38,0,0,0,0,0,0,0,37,75,75,0,0,1.0,0.0,0.0,0.0,domestic_only,19
34,0,0,0,0,0,0,38,0,0,38,0,0,0,0,0,0,0,37,75,75,0,0,1.0,0.0,0.0,0.0,domestic_only,19
35,0,0,0,0,0,0,38,0,0,38,0,0,0,0,0,0,0,37,75,75,0,0,1.0,0.0,0.0,0.0,domestic_only,19
36,0,0,0,0,0,0,38,0,0,38,0,0,0,0,0,0,0,37,75,75,0,0,1.0,0.0,0.0,0.0,domestic_only,19
37,0,0,0,0,0,0,38,0,0,38,0,0,0,0,0,0,0,37,75,75,0,0,1.0,0.0,0.0,0.0,domestic_only,19
38,0,0,0,0,0,0,38,0,0,38,0,0,0,0,0,0,0,37,75,75,0,0,1.0,0.0,0.0,0.0,domestic_only,19
39,0,0,0,0,0,0,38,0,0,38,0,0,0,0,0,0,0,37,75,75,0,0,1.0,0.0,0.0,0.0,domestic_only,19
40,0,0,0,0,0,0,38,0,0,38,0,0,0,0,0,0,0,37,75,75,0,0,1.0,0.0,0.0,0.0,domestic_only,19
41,0,0,0,0,0,0,38,0,0,38,0,0,0,0,0,0,0,37,75,75,0,0,1.0,0.0,0.0,0.0,domestic_only,19
42,0,0,0,0,0,0,38,0,0,38,0,0,0,0,0,0,0,37,75,75,0,0,1.0,0.0,0.0,0.0,domestic_only,19
43,0,0,0,0,0,0,38,0,0,38,0,0,0,0,0,0,0,37,75,75,0,0,1.0,0.0,0.0,0.0,domestic_only,19
44,0,0,0,0,0,0,38,0,0,38,0,0,0,0,0,0,0,37,75,75,0,0,1.0,0.0,0.0,0.0,domestic_only,19
0,75,54,54,0,54,0,75,54,21,0,0,0,0,0,0,54,0,0,54,75,0,0,0.0,0.72,0.0,0.0,customer_only,19
1,0,4,4,0,4,0,75,58,17,0,0,0,0,0,0,58,0,0,58,75,0,54,0.0,0.7733333333333333,0.0,0.0,customer_only,19
2,0,0,0,0,0,0,75,50,17,8,0,0,0,0,0,50,0,0,58,75,0,58,0.0,0.7733333333333333,0.0,0.0,customer_only,19
3,0,0,0,0,0,0,71,39,17,15,0,0,0,0,0,39,4,4,58,75,0,58,0.0,0.7733333333333333,0.0,0.0,customer_only,19
4,0,0,0,0,0,0,70,27,17,26,0,0,0,0,0,27,1,5,58,75,0,39,0.0,0.7733333333333333,0.0,0.0,customer_only,19
5,0,0,0,0,0,0,68,17,17,34,0,0,0,0,0,17,2,7,58,75,0,27,0.0,0.7733333333333333,0.0,0.0,customer_only,19
6,0,0,0,0,0,0,64,5,17,42,0,0,0,0,0,5,4,11,58,75,0,17,0.0,0.7733333333333333,0.0,0.0,customer_only,19
7,0,0,0,0,0,0,63,0,17,46,0,0,0,0,0,0,1,12,58,75,0,5,0.0,0.7733333333333333,0.0,0.0,customer_only,19
8,0,0,0,0,0,0,63,0,17,46,0,0,0,0,0,0,0,12,58,75,0,0,0.0,0.7733333333333333,0.0,0.0,customer_only,19
9,0,0,0,0,0,0,63,0,17,46,0,0,0,0,0,0,0,12,58,75,0,0,0.0,0.7733333333333333,0.0,0.0,customer_only,19
10,0,0,0,0,0,0,63,0,17,46,0,0,0,0,0,0,0,12,58,75,0,0,0.0,0.7733333333333333,0.0,0.0,customer_only,19
11,0,0,0,0,0,0,63,0,17,46,0,0,0,0,0,0,0,12,58,75,0,0,0.0,0.7733333333333333,0.0,0.0,customer_only,19
12,0,0,0,0,0,0,63,0,17,46,0,0,0,0,0,0,0,12,58,75,0,0,0.0,0.7733333333333333,0.0,0.0,customer_only,19
13,0,0,0,0,0,0,63,0,17,46,0,0,0,0,0,0,0,12,58,75,0,0,0.0,0.7733333333333333,0.0,0.0,customer_only,19
14,0,0,0,0,0,0,63,0,17,46,0,0,0,0,0,0,0,12,58,75,0,0,0.0,0.7733333333333333,0.0,0.0,customer_only,19
15,0,0,0,0,0,0,63,0,17,46,0,0,0,0,0,0,0,12,58,75,0,0,0.0,0.7733333333333333,0.0,0.0,customer_only,19
16,0,0,0,0,0,0,63,0,17,46,0,0,0,0,0,0,0,12,58,75,0,0,0.0,0.7733333333333333,0.0,0.0,customer_only,19
17,0,0,0,0,0,0,63,0,17,46,0,0,0,0,0,0,0,12,58,75,0,0,0.0,0.7733333333333333,0.0,0.0,customer_only,19
18,0,0,0,0,0,0,63,0,17,46,0,0,0,0,0,0,0,12,58,75,0,0,0.0,0.7733333333333333,0.0,0.0,customer_only,19
19,0,0,0,0,0,0,63,0,17,46,0,0,0,0,0,0,0,12,58,75,0,0,0.0,0.7733333333333333,0.0,0.0,customer_only,19
20,0,0,0,0,0,0,63,0,17,46,0,0,0,0,0,0,0,12,58,75,0,0,0.0,0.7733333333333333,0.0,0.0,customer_only,19
21,0,0,0,0,0,0,63,0,17,46,0,0,0,0,0,0,0,12,58,75,0,0,0.0,0.7733333333333333,0.0,0.0,customer_only,19
22,0,0,0,0,0,0,63,0,17,46,0,0,0,0,0,0,0,12,58,75,0,0,0.0,0.7733333333333333,0.0,0.0,customer_only,19
23,0,0,0,0,0,0,63,0,17,46,0,0,0,0,0,0,0,12,58,75,0,0,0.0,0.7733333333333333,0.0,0.0,customer_only,19
24,0,0,0,0,0,0,63,0,17,46,0,0,0,0,0,0,0,12,58,75,0,0,0.0,0.7733333333333333,0.0,0.0,customer_only,19
25,0,0,0,0,0,0,63,0,17,46,0,0,0,0,0,0,0,12,58,75,0,0,0.0,0.7733333333333333,0.0,0.0,customer_only,19
26,0,0,0,0,0,0,63,0,17,46,0,0,0,0,0,0,0,12,58,75,0,0,0.0,0.7733333333333333,0.0,0.0,customer_only,19
27,0,0,0,0,0,0,63,0,17,46,0,0,0,0,0,0,0,12,58,75,0,0,0.0,0.7733333333333333,0.0,0.0,customer_only,19
28,0,0,0,0,0,0,63,0,17,46,0,0,0,0,0,0,0,12,58,75,0,0,0.0,0.7733333333333333,0.0,0.0,customer_only,19
29,0,0,0,0,0,0,63,0,17,46,0,0,0,0,0,0,0,12,58,75,0,0,0.0,0.7733333333333333,0.0,0.0,customer_only,19
30,0,0,0,0,0,0,63,0,17,46,0,0,0,0,0,0,0,12,58,75,0,0,0.0,0.7733333333333333,0.0,0.0,customer_only,19
31,0,0,0,0,0,0,63,0,17,46,0,0,0,0,0,0,0,12,58,75,0,0,0.0,0.7733333333333333,0.0,0.0,customer_only,19
32,0,0,0,0,0,0,63,0,17,46,0,0,0,0,0,0,0,12,58,75,0,0,0.0,0.7733333333333333,0.0,0.0,customer_only,19
33,0,0,0,0,0,0,63,0,17,46,0,0,0,0,0,0,0,12,58,75,0,0,0.0,0.7733333333333333,0.0,0.0,customer_only,19
34,0,0,0,0,0,0,63,0,17,46,0,0,0,0,0,0,0,12,58,75,0,0,0.0,0.7733333333333333,0.0,0.0,customer_only,19
35,0,0,0,0,0,0,63,0,17,46,0,0,0,0,0,0,0,12,58,75,0,0,0.0,0.7733333333333333,0.0,0.0,customer_only,19
36,0,0,0,0,0,0,63,0,17,46,0,0,0,0,0,0,0,12,58,75,0,0,0.0,0.7733333333333333,0.0,0.0,customer_only,19
37,0,0,0,0,0,0,63,0,17,46,0,0,0,0,0,0,0,12,58,75,0,0,0.0,0.7733333333333333,0.0,0.0,customer_only,19
38,0,0,0,0,0,0,63,0,17,46,0,0,0,0,0,0,0,12,58,75,0,0,0.0,0.7733333333333333,0.0,0.0,customer_only,19
39,0,0,0,0,0,0,63,0,17,46,0,0,0,0,0,0,0,12,58,75,0,0,0.0,0.7733333333333333,0.0,0.0,customer_only,19
40,0,0,0,0,0,0,63,0,17,46,0,0,0,0,0,0,0,12,58,75,0,0,0.0,0.7733333333333333,0.0,0.0,customer_only,19
41,0,0,0,0,0,0,63,0,17,46,0,0,0,0,0,0,0,12,58,75,0,0,0.0,0.7733333333333333,0.0,0.0,customer_only,19
42,0,0,0,0,0,0,63,0,17,46,0,0,0,0,0,0,0,12,58,75,0,0,0.0,0.7733333333333333,0.0,0.0,customer_only,19
43,0,0,0,0,0,0,63,0,17,46,0,0,0,0,0,0,0,12,58,75,0,0,0.0,0.7733333333333333,0.0,0.0,customer_only,19
44,0,0,0,0,0,0,63,0,17,46,0,0,0,0,0,0,0,12,58,75,0,0,0.0,0.7733333333333333,0.0,0.0,customer_only,19
0,75,75,75,70,13,0,75,75,0,0,70,70,0,0,0,13,0,0,75,75,0,0,0.9333333333333333,0.17333333333333334,0.0,0.0,both,19
1,0,0,0,0,0,0,75,75,0,0,70,70,0,0,0,13,0,0,75,75,70,13,0.9333333333333333,0.17333333333333334,0.0,0.0,both,19
2,0,0,0,0,0,0,75,70,0,5,66,58,8,8,0,4,0,0,75,75,70,13,0.9333333333333333,0.17333333333333334,0.0,0.0,both,19
3,0,0,0,2,4,6,66,58,0,8,54,48,6,6,8,4,9,9,75,75,70,13,0.96,0.22666666666666666,4.0,2.0,both,19
4,0,0,0,2,4,6,62,51,0,11,44,38,6,6,4,8,4,13,75,75,54,4,0.9866666666666667,0.28,4.0,2.0,both,19
5,0,0,0,0,8,8,57,41,0,16,30,26,4,4,5,14,5,18,75,75,44,8,0.9866666666666667,0.38666666666666666,8.0,0.0,both,19
6,0,0,0,0,5,5,54,32,0,22,19,14,5,5,3,15,3,21,75,75,30,16,0.9866666666666667,0.4533333333333333,5.0,0.0,both,19
7,0,0,0,0,4,4,48,16,0,32,7,2,5,5,5,12,6,27,75,75,19,17,0.9866666666666667,0.5066666666666667,4.0,0.0,both,19
8,0,0,0,0,2,2,43,8,0,35,2,0,2,2,5,6,5,32,75,75,7,17,0.9866666666666667,0.5333333333333333,2.0,0.0,both,19
9,0,0,0,0,0,0,39,3,0,36,0,0,0,0,2,3,4,36,75,75,2,11,0.9866666666666667,0.5333333333333333,0.0,0.0,both,19
10,0,0,0,0,0,0,38,1,0,37,0,0,0,0,0,1,1,37,75,75,0,6,0.9866666666666667,0.5333333333333333,0.0,0.0,both,19
11,0,0,0,0,0,0,37,0,0,37,0,0,0,0,0,0,1,38,75,75,0,2,0.9866666666666667,0.5333333333333333,0.0,0.0,both,19
12,0,0,0,0,0,0,37,0,0,37,0,0,0,0,0,0,0,38,75,75,0,0,0.9866666666666667,0.5333333333333333,0.0,0.0,both,19
13,0,0,0,0,0,0,37,0,0,37,0,0,0,0,0,0,0,38,75,75,0,0,0.9866666666666667,0.5333333333333333,0.0,0.0,both,19
14,0,0,0,0,0,0,37,0,0,37,0,0,0,0,0,0,0,38,75,75,0,0,0.9866666666666667,0.5333333333333333,0.0,0.0,both,19
15,0,0,0,0,0,0,37,0,0,37,0,0,0,0,0,0,0,38,75,75,0,0,0.9866666666666667,0.5333333333333333,0.0,0.0,both,19
16,0,0,0,0,0,0,37,0,0,37,0,0,0,0,0,0,0,38,75,75,0,0,0.9866666666666667,0.5333333333333333,0.0,0.0,both,19
17,0,0,0,0,0,0,37,0,0,37,0,0,0,0,0,0,0,38,75,75,0,0,0.9866666666666667,0.5333333333333333,0.0,0.0,both,19
18,0,0,0,0,0,0,37,0,0,37,0,0,0,0,0,0,0,38,75,75,0,0,0.9866666666666667,0.5333333333333333,0.0,0.0,both,19
19,0,0,0,0,0,0,37,0,0,37,0,0,0,0,0,0,0,38,75,75,0,0,0.9866666666666667,0.5333333333333333,0.0,0.0,both,19
20,0,0,0,0,0,0,37,0,0,37,0,0,0,0,0,0,0,38,75,75,0,0,0.9866666666666667,0.5333333333333333,0.0,0.0,both,19
21,0,0,0,0,0,0,37,0,0,37,0,0,0,0,0,0,0,38,75,75,0,0,0.9866666666666667,0.5333333333333333,0.0,0.0,both,19
22,0,0,0,0,0,0,37,0,0,37,0,0,0,0,0,0,0,38,75,75,0,0,0.9866666666666667,0.5333333333333333,0.0,0.0,both,19
23,0,0,0,0,0,0,37,0,0,37,0,0,0,0,0,0,0,38,75,75,0,0,0.9866666666666667,0.5333333333333333,0.0,0.0,both,19
24,0,0,0,0,0,0,37,0,0,37,0,0,0,0,0,0,0,38,75,75,0,0,0.9866666666666667,0.5333333333333333,0.0,0.0,both,19
25,0,0,0,0,0,0,37,0,0,37,0,0,0,0,0,0,0,38,75,75,0,0,0.9866666666666667,0.5333333333333333,0.0,0.0,both,19
26,0,0,0,0,0,0,37,0,0,37,0,0,0,0,0,0,0,38,75,75,0,0,0.9866666666666667,0.5333333333333333,0.0,0.0,both,19
27,0,0,0,0,0,0,37,0,0,37,0,0,0,0,0,0,0,38,75,75,0,0,0.9866666666666667,0.5333333333333333,0.0,0.0,both,19
28,0,0,0,0,0,0,37,0,0,37,0,0,0,0,0,0,0,38,75,75,0,0,0.9866666666666667,0.5333333333333333,0.0,0.0,both,19
29,0,0,0,0,0,0,37,0,0,37,0,0,0,0,0,0,0,38,75,75,0,0,0.9866666666666667,0.5333333333333333,0.0,0.0,both,19
30,0,0,0,0,0,0,37,0,0,37,0,0,0,0,0,0,0,38,75,75,0,0,0.9866666666666667,0.5333333333333333,0.0,0.0,both,19
31,0,0,0,0,0,0,37,0,0,37,0,0,0,0,0,0,0,38,75,75,0,0,0.9866666666666667,0.5333333333333333,0.0,0.0,both,19
32,0,0,0,0,0,0,37,0,0,37,0,0,0,0,0,0,0,38,75,75,0,0,0.9866666666666667,0.5333333333333333,0.0,0.0,both,19
33,0,0,0,0,0,0,37,0,0,37,0,0,0,0,0,0,0,38,75,75,0,0,0.9866666666666667,0.5333333333333333,0.0,0.0,both,19
34,0,0,0,0,0,0,37,0,0,37,0,0,0,0,0,0,0,38,75,75,0,0,0.9866666666666667,0.5333333333333333,0.0,0.0,both,19
35,0,0,0,0,0,0,37,0,0,37,0,0,0,0,0,0,0,38,75,75,0,0,0.9866666666666667,0.5333333333333333,0.0,0.0,both,19
36,0,0,0,0,0,0,37,0,0,37,0,0,0,0,0,0,0,38,75,75,0,0,0.9866666666666667,0.5333333333333333,0.0,0.0,both,19
37,0,0,0,0,0,0,37,0,0,37,0,0,0,0,0,0,0,38,75,75,0,0,0.9866666666666667,0.5333333333333333,0.0,0.0,both,19
38,0,0,0,0,0,0,37,0,0,37,0,0,0,0,0,0,0,38,75,75,0,0,0.9866666666666667,0.5333333333333333,0.0,0.0,both,19
39,0,0,0,0,0,0,37,0,0,37,0,0,0,0,0,0,0,38,75,75,0,0,0.9866666666666667,0.5333333333333333,0.0,0.0,both,19
40,0,0,0,0,0,0,37,0,0,37,0,0,0,0,0,0,0,38,75,75,0,0,0.9866666666666667,0.5333333333333333,0.0,0.0,both,19
41,0,0,0,0,0,0,37,0,0,37,0,0,0,0,0,0,0,38,75,75,0,0,0.9866666666666667,0.5333333333333333,0.0,0.0,both,19
42,0,0,0,0,0,0,37,0,0,37,0,0,0,0,0,0,0,38,75,75,0,0,0.9866666666666667,0.5333333333333333,0.0,0.0,both,19
43,0,0,0,0,0,0,37,0,0,37,0,0,0,0,0,0,0,38,75,75,0,0,0.9866666666666667,0.5333333333333333,0.0,0.0,both,19
44,0,0,0,0,0,0,37,0,0,37,0,0,0,0,0,0,0,38,75,75,0,0,0.9866666666666667,0.5333333333333333,0.0,0.0,both,19
0,81,81,81,81,0,0,81,81,0,0,81,81,0,0,0,0,0,0,81,81,0,0,1.0,0.0,0.0,0.0,domestic_only,20
1,0,0,0,0,0,0,81,81,0,0,81,81,0,0,0,0,0,0,81,81,81,0,1.0,0.0,0.0,0.0,domestic_only,20
2,0,0,0,0,0,0,81,75,0,6,75,69,6,6,0,0,0,0,81,81,81,0,1.0,0.0,0.0,0.0,domestic_only,20
3,0,0,0,0,0,0,76,62,0,14,62,57,5,5,5,0,5,5,81,81,81,0,1.0,0.0,0.0,0.0,domestic_only,20
4,0,0,0,0,0,0,72,50,0,22,50,45,5,5,4,0,4,9,81,81,62,0,1.0,0.0,0.0,0.0,domestic_only,20
5,0,0,0,0,0,0,70,39,0,31,39,33,6,6,2,0,2,11,81,81,50,0,1.0,0.0,0.0,0.0,domestic_only,20
6,0,0,0,0,0,0,64,24,0,40,24,21,3,3,6,0,6,17,81,81,39,0,1.0,0.0,0.0,0.0,domestic_only,20
7,0,0,0,0,0,0,61,14,0,47,14,9,5,5,3,0,3,20,81,81,24,0,1.0,0.0,0.0,0.0,domestic_only,20
8,0,0,0,0,0,0,56,4,0,52,4,0,4,4,5,0,5,25,81,81,14,0,1.0,0.0,0.0,0.0,domestic_only,20
9,0,0,0,0,0,0,53,0,0,53,0,0,0,0,3,0,3,28,81,81,4,0,1.0,0.0,0.0,0.0,domestic_only,20
10,0,0,0,0,0,0,53,0,0,53,0,0,0,0,0,0,0,28,81,81,0,0,1.0,0.0,0.0,0.0,domestic_only,20
11,0,0,0,0,0,0,53,0,0,53,0,0,0,0,0,0,0,28,81,81,0,0,1.0,0.0,0.0,0.0,domestic_only,20
12,0,0,0,0,0,0,53,0,0,53,0,0,0,0,0,0,0,28,81,81,0,0,1.0,0.0,0.0,0.0,domestic_only,20
13,0,0,0,0,0,0,53,0,0,53,0,0,0,0,0,0,0,28,81,81,0,0,1.0,0.0,0.0,0.0,domestic_only,20
14,0,0,0,0,0,0,53,0,0,53,0,0,0,0,0,0,0,28,81,81,0,0,1.0,0.0,0.0,0.0,domestic_only,20
15,0,0,0,0,0,0,53,0,0,53,0,0,0,0,0,0,0,28,81,81,0,0,1.0,0.0,0.0,0.0,domestic_only,20
16,0,0,0,0,0,0,53,0,0,53,0,0,0,0,0,0,0,28,81,81,0,0,1.0,0.0,0.0,0.0,domestic_only,20
17,0,0,0,0,0,0,53,0,0,53,0,0,0,0,0,0,0,28,81,81,0,0,1.0,0.0,0.0,0.0,domestic_only,20
18,0,0,0,0,0,0,53,0,0,53,0,0,0,0,0,0,0,28,81,81,0,0,1.0,0.0,0.0,0.0,domestic_only,20
19,0,0,0,0,0,0,53,0,0,53,0,0,0,0,0,0,0,28,81,81,0,0,1.0,0.0,0.0,0.0,domestic_only,20
20,0,0,0,0,0,0,53,0,0,53,0,0,0,0,0,0,0,28,81,81,0,0,1.0,0.0,0.0,0.0,domestic_only,20
21,0,0,0,0,0,0,53,0,0,53,0,0,0,0,0,0,0,28,81,81,0,0,1.0,0.0,0.0,0.0,domestic_only,20
22,0,0,0,0,0,0,53,0,0,53,0,0,0,0,0,0,0,28,81,81,0,0,1.0,0.0,0.0,0.0,domestic_only,20
23,0,0,0,0,0,0,53,0,0,53,0,0,0,0,0,0,0,28,81,81,0,0,1.0,0.0,0.0,0.0,domestic_only,20
24,0,0,0,0,0,0,53,0,0,53,0,0,0,0,0,0,0,28,81,81,0,0,1.0,0.0,0.0,0.0,domestic_only,20
25,0,0,0,0,0,0,53,0,0,53,0,0,0,0,0,0,0,28,81,81,0,0,1.0,0.0,0.0,0.0,domestic_only,20
26,0,0,0,0,0,0,53,0,0,53,0,0,0,0,0,0,0,28,81,81,0,0,1.0,0.0,0.0,0.0,domestic_only,20
27,0,0,0,0,0,0,53,0,0,53,0,0,0,0,0,0,0,28,81,81,0,0,1.0,0.0,0.0,0.0,domestic_only,20
28,0,0,0,0,0,0,53,0,0,53,0,0,0,0,0,0,0,28,81,81,0,0,1.0,0.0,0.0,0.0,domestic_only,20
29,0,0,0,0,0,0,53,0,0,53,0,0,0,0,0,0,0,28,81,81,0,0,1.0,0.0,0.0,0.0,domestic_only,20
30,0,0,0,0,0,0,53,0,0,53,0,0,0,0,0,0,0,28,81,81,0,0,1.0,0.0,0.0,0.0,domestic_only,20
31,0,0,0,0,0,0,53,0,0,53,0,0,0,0,0,0,0,28,81,81,0,0,1.0,0.0,0.0,0.0,domestic_only,20
32,0,0,0,0,0,0,53,0,0,53,0,0,0,0,0,0,0,28,81,81,0,0,1.0,0.0,0.0,0.0,domestic_only,20
33,0,0,0,0,0,0,53,0,0,53,0,0,0,0,0,0,0,28,81,81,0,0,1.0,0.0,0.0,0.0,domestic_only,20
34,0,0,0,0,0,0,53,0,0,53,0,0,0,0,0,0,0,28,81,81,0,0,1.0,0.0,0.0,0.0,domestic_only,20
35,0,0,0,0,0,0,53,0,0,53,0,0,0,0,0,0,0,28,81,81,0,0,1.0,0.0,0.0,0.0,domestic_only,20
36,0,0,0,0,0,0,53,0,0,53,0,0,0,0,0,0,0,28,81,81,0,0,1.0,0.0,0.0,0.0,domestic_only,20
37,0,0,0,0,0,0,53,0,0,53,0,0,0,0,0,0,0,28,81,81,0,0,1.0,0.0,0.0,0.0,domestic_only,20
38,0,0,0,0,0,0,53,0,0,53,0,0,0,0,0,0,0,28,81,81,0,0,1.0,0.0,0.0,0.0,domestic_only,20
39,0,0,0,0,0,0,53,0,0,53,0,0,0,0,0,0,0,28,81,81,0,0,1.0,0.0,0.0,0.0,domestic_only,20
40,0,0,0,0,0,0,53,0,0,53,0,0,0,0,0,0,0,28,81,81,0,0,1.0,0.0,0.0,0.0,domestic_only,20
41,0,0,0,0,0,0,53,0,0,53,0,0,0,0,0,0,0,28,81,81,0,0,1.0,0.0,0.0,0.0,domestic_only,20
42,0,0,0,0,0,0,53,0,0,53,0,0,0,0,0,0,0,28,81,81,0,0,1.0,0.0,0.0,0.0,domestic_only,20
43,0,0,0,0,0,0,53,0,0,53,0,0,0,0,0,0,0,28,81,81,0,0,1.0,0.0,0.0,0.0,domestic_only,20
44,0,0,0,0,0,0,53,0,0,53,0,0,0,0,0,0,0,28,81,81,0,0,1.0,0.0,0.0,0.0,domestic_only,20
0,81,40,40,0,40,0,81,40,41,0,0,0,0,0,0,40,0,0,40,81,0,0,0.0,0.49382716049382713,0.0,0.0,customer_only,20
1,0,0,0,0,0,0,81,40,41,0,0,0,0,0,0,40,0,0,40,81,0,40,0.0,0.49382716049382713,0.0,0.0,customer_only,20
2,0,0,0,0,0,0,81,31,41,9,0,0,0,0,0,31,0,0,40,81,0,40,0.0,0.49382716049382713,0.0,0.0,customer_only,20
3,0,0,0,0,0,0,80,21,41,18,0,0,0,0,0,21,1,1,40,81,0,40,0.0,0.49382716049382713,0.0,0.0,customer_only,20
4,0,0,0,0,0,0,77,8,41,28,0,0,0,0,0,8,3,4,40,81,0,21,0.0,0.49382716049382713,0.0,0.0,customer_only,20
5,0,1,1,0,1,0,76,3,40,33,0,0,0,0,0,3,1,5,41,81,0,8,0.0,0.5061728395061729,0.0,0.0,customer_only,20
6,0,0,0,0,0,0,75,1,40,34,0,0,0,0,0,1,1,6,41,81,0,3,0.0,0.5061728395061729,0.0,0.0,customer_only,20
7,0,0,0,0,0,0,75,0,40,35,0,0,0,0,0,0,0,6,41,81,0,1,0.0,0.5061728395061729,0.0,0.0,customer_only,20
8,0,1,1,0,1,0,75,1,39,35,0,0,0,0,0,1,0,6,42,81,0,1,0.0,0.5185185185185185,0.0,0.0,customer_only,20
9,0,0,0,0,0,0,75,1,39,35,0,0,0,0,0,1,0,6,42,81,0,1,0.0,0.5185185185185185,0.0,0.0,customer_only,20
10,0,0,0,0,0,0,75,0,39,36,0,0,0,0,0,0,0,6,42,81,0,1,0.0,0.5185185185185185,0.0,0.0,customer_only,20
11,0,0,0,0,0,0,75,0,39,36,0,0,0,0,0,0,0,6,42,81,0,1,0.0,0.5185185185185185,0.0,0.0,customer_only,20
12,0,0,0,0,0,0,75,0,39,36,0,0,0,0,0,0,0,6,42,81,0,0,0.0,0.5185185185185185,0.0,0.0,customer_only,20
13,0,0,0,0,0,0,75,0,39,36,0,0,0,0,0,0,0,6,42,81,0,0,0.0,0.5185185185185185,0.0,0.0,customer_only,20
14,0,0,0,0,0,0,75,0,39,36,0,0,0,0,0,0,0,6,42,81,0,0,0.0,0.5185185185185185,0.0,0.0,customer_only,20
15,0,0,0,0,0,0,75,0,39,36,0,0,0,0,0,0,0,6,42,81,0,0,0.0,0.5185185185185185,0.0,0.0,customer_only,20
16,0,0,0,0,0,0,75,0,39,36,0,0,0,0,0,0,0,6,42,81,0,0,0.0,0.5185185185185185,0.0,0.0,customer_only,20
17,0,0,0,0,0,0,75,0,39,36,0,0,0,0,0,0,0,6,42,81,0,0,0.0,0.5185185185185185,0.0,0.0,customer_only,20
18,0,0,0,0,0,0,75,0,39,36,0,0,0,0,0,0,0,6,42,81,0,0,0.0,0.5185185185185185,0.0,0.0,customer_only,20
19,0,0,0,0,0,0,75,0,39,36,0,0,0,0,0,0,0,6,42,81,0,0,0.0,0.5185185185185185,0.0,0.0,customer_only,20
20,0,0,0,0,0,0,75,0,39,36,0,0,0,0,0,0,0,6,42,81,0,0,0.0,0.5185185185185185,0.0,0.0,customer_only,20
21,0,0,0,0,0,0,75,0,39,36,0,0,0,0,0,0,0,6,42,81,0,0,0.0,0.5185185185185185,0.0,0.0,customer_only,20
22,0,0,0,0,0,0,75,0,39,36,0,0,0,0,0,0,0,6,42,81,0,0,0.0,0.5185185185185185,0.0,0.0,customer_only,20
23,0,0,0,0,0,0,75,0,39,36,0,0,0,0,0,0,0,6,42,81,0,0,0.0,0.5185185185185185,0.0,0.0,customer_only,20
24,0,0,0,0,0,0,75,0,39,36,0,0,0,0,0,0,0,6,42,81,0,0,0.0,0.5185185185185185,0.0,0.0,customer_only,20
25,0,0,0,0,0,0,75,0,39,36,0,0,0,0,0,0,0,6,42,81,0,0,0.0,0.5185185185185185,0.0,0.0,customer_only,20
26,0,0,0,0,0,0,75,0,39,36,0,0,0,0,0,0,0,6,42,81,0,0,0.0,0.5185185185185185,0.0,0.0,customer_only,20
27,0,0,0,0,0,0,75,0,39,36,0,0,0,0,0,0,0,6,42,81,0,0,0.0,0.5185185185185185,0.0,0.0,customer_only,20
28,0,0,0,0,0,0,75,0,39,36,0,0,0,0,0,0,0,6,42,81,0,0,0.0,0.5185185185185185,0.0,0.0,customer_only,20
29,0,0,0,0,0,0,75,0,39,36,0,0,0,0,0,0,0,6,42,81,0,0,0.0,0.5185185185185185,0.0,0.0,customer_only,20
30,0,0,0,0,0,0,75,0,39,36,0,0,0,0,0,0,0,6,42,81,0,0,0.0,0.5185185185185185,0.0,0.0,customer_only,20
31,0,0,0,0,0,0,75,0,39,36,0,0,0,0,0,0,0,6,42,81,0,0,0.0,0.5185185185185185,0.0,0.0,customer_only,20
32,0,0,0,0,0,0,75,0,39,36,0,0,0,0,0,0,0,6,42,81,0,0,0.0,0.5185185185185185,0.0,0.0,customer_only,20
33,0,0,0,0,0,0,75,0,39,36,0,0,0,0,0,0,0,6,42,81,0,0,0.0,0.5185185185185185,0.0,0.0,customer_only,20
34,0,0,0,0,0,0,75,0,39,36,0,0,0,0,0,0,0,6,42,81,0,0,0.0,0.5185185185185185,0.0,0.0,customer_only,20
35,0,0,0,0,0,0,75,0,39,36,0,0,0,0,0,0,0,6,42,81,0,0,0.0,0.5185185185185185,0.0,0.0,customer_only,20
36,0,0,0,0,0,0,75,0,39,36,0,0,0,0,0,0,0,6,42,81,0,0,0.0,0.5185185185185185,0.0,0.0,customer_only,20
37,0,0,0,0,0,0,75,0,39,36,0,0,0,0,0,0,0,6,42,81,0,0,0.0,0.5185185185185185,0.0,0.0,customer_only,20
38,0,0,0,0,0,0,75,0,39,36,0,0,0,0,0,0,0,6,42,81,0,0,0.0,0.5185185185185185,0.0,0.0,customer_only,20
39,0,0,0,0,0,0,75,0,39,36,0,0,0,0,0,0,0,6,42,81,0,0,0.0,0.5185185185185185,0.0,0.0,customer_only,20
40,0,0,0,0,0,0,75,0,39,36,0,0,0,0,0,0,0,6,42,81,0,0,0.0,0.5185185185185185,0.0,0.0,customer_only,20
41,0,0,0,0,0,0,75,0,39,36,0,0,0,0,0,0,0,6,42,81,0,0,0.0,0.5185185185185185,0.0,0.0,customer_only,20
42,0,0,0,0,0,0,75,0,39,36,0,0,0,0,0,0,0,6,42,81,0,0,0.0,0.5185185185185185,0.0,0.0,customer_only,20
43,0,0,0,0,0,0,75,0,39,36,0,0,0,0,0,0,0,6,42,81,0,0,0.0,0.5185185185185185,0.0,0.0,customer_only,20
44,0,0,0,0,0,0,75,0,39,36,0,0,0,0,0,0,0,6,42,81,0,0,0.0,0.5185185185185185,0.0,0.0,customer_only,20
0,81,81,81,75,11,0,81,81,0,0,75,75,0,0,0,11,0,0,81,81,0,0,0.9259259259259259,0.13580246913580246,0.0,0.0,both,20
1,0,0,0,0,0,0,81,81,0,0,75,75,0,0,0,11,0,0,81,81,75,11,0.9259259259259259,0.13580246913580246,0.0,0.0,both,20
2,0,0,0,0,0,0,81,71,0,10,69,63,6,6,0,3,0,0,81,81,75,11,0.9259259259259259,0.13580246913580246,0.0,0.0,both,20
3,0,0,0,4,2,6,75,61,0,14,59,55,4,4,6,2,6,6,81,81,75,11,0.9753086419753086,0.16049382716049382,2.0,4.0,both,20
4,0,0,0,2,2,4,71,54,0,17,50,45,5,5,4,4,4,10,81,81,59,2,1.0,0.18518518518518517,2.0,2.0,both,20
5,0,0,0,0,2,2,69,46,0,23,42,33,9,9,2,4,2,12,81,81,50,4,1.0,0.20987654320987653,2.0,0.0,both,20
6,0,0,0,0,6,6,60,29,0,31,23,21,2,2,9,6,9,21,81,81,42,6,1.0,0.2839506172839506,6.0,0.0,both,20
7,0,0,0,0,4,4,58,22,0,36,13,9,4,4,2,9,2,23,81,81,23,10,1.0,0.3333333333333333,4.0,0.0,both,20
8,0,0,0,0,3,3,54,13,0,41,2,0,2,2,4,11,4,27,81,81,13,12,1.0,0.37037037037037035,3.0,0.0,both,20
9,0,0,0,0,0,0,50,4,0,46,0,0,0,0,2,4,4,31,81,81,2,13,1.0,0.37037037037037035,0.0,0.0,both,20
10,0,0,0,0,0,0,50,1,0,49,0,0,0,0,0,1,0,31,81,81,0,7,1.0,0.37037037037037035,0.0,0.0,both,20
11,0,0,0,0,0,0,49,0,0,49,0,0,0,0,0,0,1,32,81,81,0,3,1.0,0.37037037037037035,0.0,0.0,both,20
12,0,0,0,0,0,0,49,0,0,49,0,0,0,0,0,0,0,32,81,81,0,0,1.0,0.37037037037037035,0.0,0.0,both,20
13,0,0,0,0,0,0,49,0,0,49,0,0,0,0,0,0,0,32,81,81,0,0,1.0,0.37037037037037035,0.0,0.0,both,20
14,0,0,0,0,0,0,49,0,0,49,0,0,0,0,0,0,0,32,81,81,0,0,1.0,0.37037037037037035,0.0,0.0,both,20
15,0,0,0,0,0,0,49,0,0,49,0,0,0,0,0,0,0,32,81,81,0,0,1.0,0.37037037037037035,0.0,0.0,both,20
16,0,0,0,0,0,0,49,0,0,49,0,0,0,0,0,0,0,32,81,81,0,0,1.0,0.37037037037037035,0.0,0.0,both,20
17,0,0,0,0,0,0,49,0,0,49,0,0,0,0,0,0,0,32,81,81,0,0,1.0,0.37037037037037035,0.0,0.0,both,20
18,0,0,0,0,0,0,49,0,0,49,0,0,0,0,0,0,0,32,81,81,0,0,1.0,0.37037037037037035,0.0,0.0,both,20
19,0,0,0,0,0,0,49,0,0,49,0,0,0,0,0,0,0,32,81,81,0,0,1.0,0.37037037037037035,0.0,0.0,both,20
20,0,0,0,0,0,0,49,0,0,49,0,0,0,0,0,0,0,32,81,81,0,0,1.0,0.37037037037037035,0.0,0.0,both,20
21,0,0,0,0,0,0,49,0,0,49,0,0,0,0,0,0,0,32,81,81,0,0,1.0,0.37037037037037035,0.0,0.0,both,20
22,0,0,0,0,0,0,49,0,0,49,0,0,0,0,0,0,0,32,81,81,0,0,1.0,0.37037037037037035,0.0,0.0,both,20
23,0,0,0,0,0,0,49,0,0,49,0,0,0,0,0,0,0,32,81,81,0,0,1.0,0.37037037037037035,0.0,0.0,both,20
24,0,0,0,0,0,0,49,0,0,49,0,0,0,0,0,0,0,32,81,81,0,0,1.0,0.37037037037037035,0.0,0.0,both,20
25,0,0,0,0,0,0,49,0,0,49,0,0,0,0,0,0,0,32,81,81,0,0,1.0,0.37037037037037035,0.0,0.0,both,20
26,0,0,0,0,0,0,49,0,0,49,0,0,0,0,0,0,0,32,81,81,0,0,1.0,0.37037037037037035,0.0,0.0,both,20
27,0,0,0,0,0,0,49,0,0,49,0,0,0,0,0,0,0,32,81,81,0,0,1.0,0.37037037037037035,0.0,0.0,both,20
28,0,0,0,0,0,0,49,0,0,49,0,0,0,0,0,0,0,32,81,81,0,0,1.0,0.37037037037037035,0.0,0.0,both,20
29,0,0,0,0,0,0,49,0,0,49,0,0,0,0,0,0,0,32,81,81,0,0,1.0,0.37037037037037035,0.0,0.0,both,20
30,0,0,0,0,0,0,49,0,0,49,0,0,0,0,0,0,0,32,81,81,0,0,1.0,0.37037037037037035,0.0,0.0,both,20
31,0,0,0,0,0,0,49,0,0,49,0,0,0,0,0,0,0,32,81,81,0,0,1.0,0.37037037037037035,0.0,0.0,both,20
32,0,0,0,0,0,0,49,0,0,49,0,0,0,0,0,0,0,32,81,81,0,0,1.0,0.37037037037037035,0.0,0.0,both,20
33,0,0,0,0,0,0,49,0,0,49,0,0,0,0,0,0,0,32,81,81,0,0,1.0,0.37037037037037035,0.0,0.0,both,20
34,0,0,0,0,0,0,49,0,0,49,0,0,0,0,0,0,0,32,81,81,0,0,1.0,0.37037037037037035,0.0,0.0,both,20
35,0,0,0,0,0,0,49,0,0,49,0,0,0,0,0,0,0,32,81,81,0,0,1.0,0.37037037037037035,0.0,0.0,both,20
36,0,0,0,0,0,0,49,0,0,49,0,0,0,0,0,0,0,32,81,81,0,0,1.0,0.37037037037037035,0.0,0.0,both,20
37,0,0,0,0,0,0,49,0,0,49,0,0,0,0,0,0,0,32,81,81,0,0,1.0,0.37037037037037035,0.0,0.0,both,20
38,0,0,0,0,0,0,49,0,0,49,0,0,0,0,0,0,0,32,81,81,0,0,1.0,0.37037037037037035,0.0,0.0,both,20
39,0,0,0,0,0,0,49,0,0,49,0,0,0,0,0,0,0,32,81,81,0,0,1.0,0.37037037037037035,0.0,0.0,both,20
40,0,0,0,0,0,0,49,0,0,49,0,0,0,0,0,0,0,32,81,81,0,0,1.0,0.37037037037037035,0.0,0.0,both,20
41,0,0,0,0,0,0,49,0,0,49,0,0,0,0,0,0,0,32,81,81,0,0,1.0,0.37037037037037035,0.0,0.0,both,20
42,0,0,0,0,0,0,49,0,0,49,0,0,0,0,0,0,0,32,81,81,0,0,1.0,0.37037037037037035,0.0,0.0,both,20
43,0,0,0,0,0,0,49,0,0,49,0,0,0,0,0,0,0,32,81,81,0,0,1.0,0.37037037037037035,0.0,0.0,both,20
44,0,0,0,0,0,0,49,0,0,49,0,0,0,0,0,0,0,32,81,81,0,0,1.0,0.37037037037037035,0.0,0.0,both,20
0,84,84,84,84,0,0,84,84,0,0,84,84,0,0,0,0,0,0,84,84,0,0,1.0,0.0,0.0,0.0,domestic_only,21
1,0,0,0,0,0,0,84,84,0,0,84,84,0,0,0,0,0,0,84,84,84,0,1.0,0.0,0.0,0.0,domestic_only,21
2,0,0,0,0,0,0,84,77,0,7,77,72,5,5,0,0,0,0,84,84,84,0,1.0,0.0,0.0,0.0,domestic_only,21
3,0,0,0,0,0,0,80,67,0,13,67,60,7,7,4,0,4,4,84,84,84,0,1.0,0.0,0.0,0.0,domestic_only,21
4,0,0,0,0,0,0,75,52,0,23,52,48,4,4,5,0,5,9,84,84,67,0,1.0,0.0,0.0,0.0,domestic_only,21
5,0,0,0,0,0,0,72,44,0,28,44,36,8,8,3,0,3,12,84,84,52,0,1.0,0.0,0.0,0.0,domestic_only,21
6,0,0,0,0,0,0,64,27,0,37,27,24,3,3,8,0,8,20,84,84,44,0,1.0,0.0,0.0,0.0,domestic_only,21
7,0,0,0,0,0,0,61,16,0,45,16,12,4,4,3,0,3,23,84,84,27,0,1.0,0.0,0.0,0.0,domestic_only,21
8,0,0,0,0,0,0,58,5,0,53,5,0,5,5,3,0,3,26,84,84,16,0,1.0,0.0,0.0,0.0,domestic_only,21
9,0,0,0,0,0,0,53,0,0,53,0,0,0,0,5,0,5,31,84,84,5,0,1.0,0.0,0.0,0.0,domestic_only,21
10,0,0,0,0,0,0,53,0,0,53,0,0,0,0,0,0,0,31,84,84,0,0,1.0,0.0,0.0,0.0,domestic_only,21
11,0,0,0,0,0,0,53,0,0,53,0,0,0,0,0,0,0,31,84,84,0,0,1.0,0.0,0.0,0.0,domestic_only,21
12,0,0,0,0,0,0,53,0,0,53,0,0,0,0,0,0,0,31,84,84,0,0,1.0,0.0,0.0,0.0,domestic_only,21
13,0,0,0,0,0,0,53,0,0,53,0,0,0,0,0,0,0,31,84,84,0,0,1.0,0.0,0.0,0.0,domestic_only,21
14,0,0,0,0,0,0,53,0,0,53,0,0,0,0,0,0,0,31,84,84,0,0,1.0,0.0,0.0,0.0,domestic_only,21
15,0,0,0,0,0,0,53,0,0,53,0,0,0,0,0,0,0,31,84,84,0,0,1.0,0.0,0.0,0.0,domestic_only,21
16,0,0,0,0,0,0,53,0,0,53,0,0,0,0,0,0,0,31,84,84,0,0,1.0,0.0,0.0,0.0,domestic_only,21
17,0,0,0,0,0,0,53,0,0,53,0,0,0,0,0,0,0,31,84,84,0,0,1.0,0.0,0.0,0.0,domestic_only,21
18,0,0,0,0,0,0,53,0,0,53,0,0,0,0,0,0,0,31,84,84,0,0,1.0,0.0,0.0,0.0,domestic_only,21
19,0,0,0,0,0,0,53,0,0,53,0,0,0,0,0,0,0,31,84,84,0,0,1.0,0.0,0.0,0.0,domestic_only,21
20,0,0,0,0,0,0,53,0,0,53,0,0,0,0,0,0,0,31,84,84,0,0,1.0,0.0,0.0,0.0,domestic_only,21
21,0,0,0,0,0,0,53,0,0,53,0,0,0,0,0,0,0,31,84,84,0,0,1.0,0.0,0.0,0.0,domestic_only,21
22,0,0,0,0,0,0,53,0,0,53,0,0,0,0,0,0,0,31,84,84,0,0,1.0,0.0,0.0,0.0,domestic_only,21
23,0,0,0,0,0,0,53,0,0,53,0,0,0,0,0,0,0,31,84,84,0,0,1.0,0.0,0.0,0.0,domestic_only,21
24,0,0,0,0,0,0,53,0,0,53,0,0,0,0,0,0,0,31,84,84,0,0,1.0,0.0,0.0,0.0,domestic_only,21
25,0,0,0,0,0,0,53,0,0,53,0,0,0,0,0,0,0,31,84,84,0,0,1.0,0.0,0.0,0.0,domestic_only,21
26,0,0,0,0,0,0,53,0,0,53,0,0,0,0,0,0,0,31,84,84,0,0,1.0,0.0,0.0,0.0,domestic_only,21
27,0,0,0,0,0,0,53,0,0,53,0,0,0,0,0,0,0,31,84,84,0,0,1.0,0.0,0.0,0.0,domestic_only,21
28,0,0,0,0,0,0,53,0,0,53,0,0,0,0,0,0,0,31,84,84,0,0,1.0,0.0,0.0,0.0,domestic_only,21
29,0,0,0,0,0,0,53,0,0,53,0,0,0,0,0,0,0,31,84,84,0,0,1.0,0.0,0.0,0.0,domestic_only,21
30,0,0,0,0,0,0,53,0,0,53,0,0,0,0,0,0,0,31,84,84,0,0,1.0,0.0,0.0,0.0,domestic_only,21
31,0,0,0,0,0,0,53,0,0,53,0,0,0,0,0,0,0,31,84,84,0,0,1.0,0.0,0.0,0.0,domestic_only,21
32,0,0,0,0,0,0,53,0,0,53,0,0,0,0,0,0,0,31,84,84,0,0,1.0,0.0,0.0,0.0,domestic_only,21
33,0,0,0,0,0,0,53,0,0,53,0,0,0,0,0,0,0,31,84,84,0,0,1.0,0.0,0.0,0.0,domestic_only,21
34,0,0,0,0,0,0,53,0,0,53,0,0,0,0,0,0,0,31,84,84,0,0,1.0,0.0,0.0,0.0,domestic_only,21
35,0,0,0,0,0,0,53,0,0,53,0,0,0,0,0,0,0,31,84,84,0,0,1.0,0.0,0.0,0.0,domestic_only,21
36,0,0,0,0,0,0,53,0,0,53,0,0,0,0,0,0,0,31,84,84,0,0,1.0,0.0,0.0,0.0,domestic_only,21
37,0,0,0,0,0,0,53,0,0,53,0,0,0,0,0,0,0,31,84,84,0,0,1.0,0.0,0.0,0.0,domestic_only,21
38,0,0,0,0,0,0,53,0,0,53,0,0,0,0,0,0,0,31,84,84,0,0,1.0,0.0,0.0,0.0,domestic_only,21
39,0,0,0,0,0,0,53,0,0,53,0,0,0,0,0,0,0,31,84,84,0,0,1.0,0.0,0.0,0.0,domestic_only,21
40,0,0,0,0,0,0,53,0,0,53,0,0,0,0,0,0,0,31,84,84,0,0,1.0,0.0,0.0,0.0,domestic_only,21
41,0,0,0,0,0,0,53,0,0,53,0,0,0,0,0,0,0,31,84,84,0,0,1.0,0.0,0.0,0.0,domestic_only,21
42,0,0,0,0,0,0,53,0,0,53,0,0,0,0,0,0,0,31,84,84,0,0,1.0,0.0,0.0,0.0,domestic_only,21
43,0,0,0,0,0,0,53,0,0,53,0,0,0,0,0,0,0,31,84,84,0,0,1.0,0.0,0.0,0.0,domestic_only,21
44,0,0,0,0,0,0,53,0,0,53,0,0,0,0,0,0,0,31,84,84,0,0,1.0,0.0,0.0,0.0,domestic_only,21
0,84,44,44,0,44,0,84,44,40,0,0,0,0,0,0,44,0,0,44,84,0,0,0.0,0.5238095238095238,0.0,0.0,customer_only,21
1,0,3,3,0,3,0,84,47,37,0,0,0,0,0,0,47,0,0,47,84,0,44,0.0,0.5595238095238095,0.0,0.0,customer_only,21
2,0,0,0,0,0,0,84,37,37,10,0,0,0,0,0,37,0,0,47,84,0,47,0.0,0.5595238095238095,0.0,0.0,customer_only,21
3,0,0,0,0,0,0,82,33,37,12,0,0,0,0,0,33,2,2,47,84,0,47,0.0,0.5595238095238095,0.0,0.0,customer_only,21
4,0,0,0,0,0,0,77,20,37,20,0,0,0,0,0,20,5,7,47,84,0,33,0.0,0.5595238095238095,0.0,0.0,customer_only,21
5,0,0,0,0,0,0,74,5,37,32,0,0,0,0,0,5,3,10,47,84,0,20,0.0,0.5595238095238095,0.0,0.0,customer_only,21
6,0,0,0,0,0,0,72,0,37,35,0,0,0,0,0,0,2,12,47,84,0,5,0.0,0.5595238095238095,0.0,0.0,customer_only,21
7,0,0,0,0,0,0,72,0,37,35,0,0,0,0,0,0,0,12,47,84,0,0,0.0,0.5595238095238095,0.0,0.0,customer_only,21
8,0,0,0,0,0,0,72,0,37,35,0,0,0,0,0,0,0,12,47,84,0,0,0.0,0.5595238095238095,0.0,0.0,customer_only,21
9,0,0,0,0,0,0,72,0,37,35,0,0,0,0,0,0,0,12,47,84,0,0,0.0,0.5595238095238095,0.0,0.0,customer_only,21
10,0,0,0,0,0,0,72,0,37,35,0,0,0,0,0,0,0,12,47,84,0,0,0.0,0.5595238095238095,0.0,0.0,customer_only,21
11,0,0,0,0,0,0,72,0,37,35,0,0,0,0,0,0,0,12,47,84,0,0,0.0,0.5595238095238095,0.0,0.0,customer_only,21
12,0,0,0,0,0,0,72,0,37,35,0,0,0,0,0,0,0,12,47,84,0,0,0.0,0.5595238095238095,0.0,0.0,customer_only,21
13,0,0,0,0,0,0,72,0,37,35,0,0,0,0,0,0,0,12,47,84,0,0,0.0,0.5595238095238095,0.0,0.0,customer_only,21
14,0,0,0,0,0,0,72,0,37,35,0,0,0,0,0,0,0,12,47,84,0,0,0.0,0.5595238095238095,0.0,0.0,customer_only,21
15,0,0,0,0,0,0,72,0,37,35,0,0,0,0,0,0,0,12,47,84,0,0,0.0,0.5595238095238095,0.0,0.0,customer_only,21
16,0,0,0,0,0,0,72,0,37,35,0,0,0,0,0,0,0,12,47,84,0,0,0.0,0.5595238095238095,0.0,0.0,customer_only,21
17,0,0,0,0,0,0,72,0,37,35,0,0,0,0,0,0,0,12,47,84,0,0,0.0,0.5595238095238095,0.0,0.0,customer_only,21
18,0,0,0,0,0,0,72,0,37,35,0,0,0,0,0,0,0,12,47,84,0,0,0.0,0.5595238095238095,0.0,0.0,customer_only,21
19,0,0,0,0,0,0,72,0,37,35,0,0,0,0,0,0,0,12,47,84,0,0,0.0,0.5595238095238095,0.0,0.0,customer_only,21
20,0,0,0,0,0,0,72,0,37,35,0,0,0,0,0,0,0,12,47,84,0,0,0.0,0.5595238095238095,0.0,0.0,customer_only,21
21,0,0,0,0,0,0,72,0,37,35,0,0,0,0,0,0,0,12,47,84,0,0,0.0,0.5595238095238095,0.0,0.0,customer_only,21
22,0,0,0,0,0,0,72,0,37,35,0,0,0,0,0,0,0,12,47,84,0,0,0.0,0.5595238095238095,0.0,0.0,customer_only,21
23,0,0,0,0,0,0,72,0,37,35,0,0,0,0,0,0,0,12,47,84,0,0,0.0,0.5595238095238095,0.0,0.0,customer_only,21
24,0,0,0,0,0,0,72,0,37,35,0,0,0,0,0,0,0,12,47,84,0,0,0.0,0.5595238095238095,0.0,0.0,customer_only,21
25,0,0,0,0,0,0,72,0,37,35,0,0,0,0,0,0,0,12,47,84,0,0,0.0,0.5595238095238095,0.0,0.0,customer_only,21
26,0,0,0,0,0,0,72,0,37,35,0,0,0,0,0,0,0,12,47,84,0,0,0.0,0.5595238095238095,0.0,0.0,customer_only,21
27,0,0,0,0,0,0,72,0,37,35,0,0,0,0,0,0,0,12,47,84,0,0,0.0,0.5595238095238095,0.0,0.0,customer_only,21
28,0,0,0,0,0,0,72,0,37,35,0,0,0,0,0,0,0,12,47,84,0,0,0.0,0.5595238095238095,0.0,0.0,customer_only,21
29,0,0,0,0,0,0,72,0,37,35,0,0,0,0,0,0,0,12,47,84,0,0,0.0,0.5595238095238095,0.0,0.0,customer_only,21
30,0,0,0,0,0,0,72,0,37,35,0,0,0,0,0,0,0,12,47,84,0,0,0.0,0.5595238095238095,0.0,0.0,customer_only,21
31,0,0,0,0,0,0,72,0,37,35,0,0,0,0,0,0,0,12,47,84,0,0,0.0,0.5595238095238095,0.0,0.0,customer_only,21
32,0,0,0,0,0,0,72,0,37,35,0,0,0,0,0,0,0,12,47,84,0,0,0.0,0.5595238095238095,0.0,0.0,customer_only,21
33,0,0,0,0,0,0,72,0,37,35,0,0,0,0,0,0,0,12,47,84,0,0,0.0,0.5595238095238095,0.0,0.0,customer_only,21
34,0,0,0,0,0,0,72,0,37,35,0,0,0,0,0,0,0,12,47,84,0,0,0.0,0.5595238095238095,0.0,0.0,customer_only,21
35,0,0,0,0,0,0,72,0,37,35,0,0,0,0,0,0,0,12,47,84,0,0,0.0,0.5595238095238095,0.0,0.0,customer_only,21
36,0,0,0,0,0,0,72,0,37,35,0,0,0,0,0,0,0,12,47,84,0,0,0.0,0.5595238095238095,0.0,0.0,customer_only,21
37,0,0,0,0,0,0,72,0,37,35,0,0,0,0,0,0,0,12,47,84,0,0,0.0,0.5595238095238095,0.0,0.0,customer_only,21
38,0,0,0,0,0,0,72,0,37,35,0,0,0,0,0,0,0,12,47,84,0,0,0.0,0.5595238095238095,0.0,0.0,customer_only,21
39,0,0,0,0,0,0,72,0,37,35,0,0,0,0,0,0,0,12,47,84,0,0,0.0,0.5595238095238095,0.0,0.0,customer_only,21
40,0,0,0,0,0,0,72,0,37,35,0,0,0,0,0,0,0,12,47,84,0,0,0.0,0.5595238095238095,0.0,0.0,customer_only,21
41,0,0,0,0,0,0,72,0,37,35,0,0,0,0,0,0,0,12,47,84,0,0,0.0,0.5595238095238095,0.0,0.0,customer_only,21
42,0,0,0,0,0,0,72,0,37,35,0,0,0,0,0,0,0,12,47,84,0,0,0.0,0.5595238095238095,0.0,0.0,customer_only,21
43,0,0,0,0,0,0,72,0,37,35,0,0,0,0,0,0,0,12,47,84,0,0,0.0,0.5595238095238095,0.0,0.0,customer_only,21
44,0,0,0,0,0,0,72,0,37,35,0,0,0,0,0,0,0,12,47,84,0,0,0.0,0.5595238095238095,0.0,0.0,customer_only,21
0,84,84,84,79,11,0,84,84,0,0,79,79,0,0,0,11,0,0,84,84,0,0,0.9404761904761905,0.13095238095238096,0.0,0.0,both,21
1,0,0,0,0,0,0,84,84,0,0,79,79,0,0,0,11,0,0,84,84,79,11,0.9404761904761905,0.13095238095238096,0.0,0.0,both,21
2,0,0,0,0,0,0,84,74,0,10,72,67,5,5,0,4,0,0,84,84,79,11,0.9404761904761905,0.13095238095238096,0.0,0.0,both,21
3,0,0,0,4,4,8,79,70,0,9,66,58,8,8,4,4,5,5,84,84,79,11,0.9880952380952381,0.17857142857142858,4.0,4.0,both,21
4,0,0,0,1,2,3,74,59,0,15,53,47,6,6,5,6,5,10,84,84,66,4,1.0,0.20238095238095238,2.0,1.0,both,21
5,0,0,0,0,4,4,69,49,0,20,42,35,7,7,5,7,5,15,84,84,53,6,1.0,0.25,4.0,0.0,both,21
6,0,0,0,0,8,8,63,35,0,28,27,23,4,4,6,11,6,21,84,84,42,10,1.0,0.34523809523809523,8.0,0.0,both,21
7,0,0,0,0,1,1,60,27,0,33,18,11,7,7,3,10,3,24,84,84,27,14,1.0,0.35714285714285715,1.0,0.0,both,21
8,0,0,0,0,1,1,52,10,0,42,5,0,5,5,7,5,8,32,84,84,18,13,1.0,0.36904761904761907,1.0,0.0,both,21
9,0,0,0,0,2,2,46,2,0,44,0,0,0,0,5,2,6,38,84,84,5,10,1.0,0.39285714285714285,2.0,0.0,both,21
10,0,0,0,0,0,0,46,1,0,45,0,0,0,0,0,1,0,38,84,84,0,4,1.0,0.39285714285714285,0.0,0.0,both,21
11,0,0,0,0,0,0,46,1,0,45,0,0,0,0,0,1,0,38,84,84,0,3,1.0,0.39285714285714285,0.0,0.0,both,21
12,0,0,0,0,0,0,45,0,0,45,0,0,0,0,0,0,1,39,84,84,0,2,1.0,0.39285714285714285,0.0,0.0,both,21
13,0,0,0,0,0,0,45,0,0,45,0,0,0,0,0,0,0,39,84,84,0,0,1.0,0.39285714285714285,0.0,0.0,both,21
14,0,0,0,0,0,0,45,0,0,45,0,0,0,0,0,0,0,39,84,84,0,0,1.0,0.39285714285714285,0.0,0.0,both,21
15,0,0,0,0,0,0,45,0,0,45,0,0,0,0,0,0,0,39,84,84,0,0,1.0,0.39285714285714285,0.0,0.0,both,21
16,0,0,0,0,0,0,45,0,0,45,0,0,0,0,0,0,0,39,84,84,0,0,1.0,0.39285714285714285,0.0,0.0,both,21
17,0,0,0,0,0,0,45,0,0,45,0,0,0,0,0,0,0,39,84,84,0,0,1.0,0.39285714285714285,0.0,0.0,both,21
18,0,0,0,0,0,0,45,0,0,45,0,0,0,0,0,0,0,39,84,84,0,0,1.0,0.39285714285714285,0.0,0.0,both,21
19,0,0,0,0,0,0,45,0,0,45,0,0,0,0,0,0,0,39,84,84,0,0,1.0,0.39285714285714285,0.0,0.0,both,21
20,0,0,0,0,0,0,45,0,0,45,0,0,0,0,0,0,0,39,84,84,0,0,1.0,0.39285714285714285,0.0,0.0,both,21
21,0,0,0,0,0,0,45,0,0,45,0,0,0,0,0,0,0,39,84,84,0,0,1.0,0.39285714285714285,0.0,0.0,both,21
22,0,0,0,0,0,0,45,0,0,45,0,0,0,0,0,0,0,39,84,84,0,0,1.0,0.39285714285714285,0.0,0.0,both,21
23,0,0,0,0,0,0,45,0,0,45,0,0,0,0,0,0,0,39,84,84,0,0,1.0,0.39285714285714285,0.0,0.0,both,21
24,0,0,0,0,0,0,45,0,0,45,0,0,0,0,0,0,0,39,84,84,0,0,1.0,0.39285714285714285,0.0,0.0,both,21
25,0,0,0,0,0,0,45,0,0,45,0,0,0,0,0,0,0,39,84,84,0,0,1.0,0.39285714285714285,0.0,0.0,both,21
26,0,0,0,0,0,0,45,0,0,45,0,0,0,0,0,0,0,39,84,84,0,0,1.0,0.39285714285714285,0.0,0.0,both,21
27,0,0,0,0,0,0,45,0,0,45,0,0,0,0,0,0,0,39,84,84,0,0,1.0,0.39285714285714285,0.0,0.0,both,21
28,0,0,0,0,0,0,45,0,0,45,0,0,0,0,0,0,0,39,84,84,0,0,1.0,0.39285714285714285,0.0,0.0,both,21
29,0,0,0,0,0,0,45,0,0,45,0,0,0,0,0,0,0,39,84,84,0,0,1.0,0.39285714285714285,0.0,0.0,both,21
30,0,0,0,0,0,0,45,0,0,45,0,0,0,0,0,0,0,39,84,84,0,0,1.0,0.39285714285714285,0.0,0.0,both,21
31,0,0,0,0,0,0,45,0,0,45,0,0,0,0,0,0,0,39,84,84,0,0,1.0,0.39285714285714285,0.0,0.0,both,21
32,0,0,0,0,0,0,45,0,0,45,0,0,0,0,0,0,0,39,84,84,0,0,1.0,0.39285714285714285,0.0,0.0,both,21
33,0,0,0,0,0,0,45,0,0,45,0,0,0,0,0,0,0,39,84,84,0,0,1.0,0.39285714285714285,0.0,0.0,both,21
34,0,0,0,0,0,0,45,0,0,45,0,0,0,0,0,0,0,39,84,84,0,0,1.0,0.39285714285714285,0.0,0.0,both,21
35,0,0,0,0,0,0,45,0,0,45,0,0,0,0,0,0,0,39,84,84,0,0,1.0,0.39285714285714285,0.0,0.0,both,21
36,0,0,0,0,0,0,45,0,0,45,0,0,0,0,0,0,0,39,84,84,0,0,1.0,0.39285714285714285,0.0,0.0,both,21
37,0,0,0,0,0,0,45,0,0,45,0,0,0,0,0,0,0,39,84,84,0,0,1.0,0.39285714285714285,0.0,0.0,both,21
38,0,0,0,0,0,0,45,0,0,45,0,0,0,0,0,0,0,39,84,84,0,0,1.0,0.39285714285714285,0.0,0.0,both,21
39,0,0,0,0,0,0,45,0,0,45,0,0,0,0,0,0,0,39,84,84,0,0,1.0,0.39285714285714285,0.0,0.0,both,21
40,0,0,0,0,0,0,45,0,0,45,0,0,0,0,0,0,0,39,84,84,0,0,1.0,0.39285714285714285,0.0,0.0,both,21
41,0,0,0,0,0,0,45,0,0,45,0,0,0,0,0,0,0,39,84,84,0,0,1.0,0.39285714285714285,0.0,0.0,both,21
42,0,0,0,0,0,0,45,0,0,45,0,0,0,0,0,0,0,39,84,84,0,0,1.0,0.39285714285714285,0.0,0.0,both,21
43,0,0,0,0,0,0,45,0,0,45,0,0,0,0,0,0,0,39,84,84,0,0,1.0,0.39285714285714285,0.0,0.0,both,21
44,0,0,0,0,0,0,45,0,0,45,0,0,0,0,0,0,0,39,84,84,0,0,1.0,0.39285714285714285,0.0,0.0,both,21
0,78,78,78,78,0,0,78,78,0,0,78,78,0,0,0,0,0,0,78,78,0,0,1.0,0.0,0.0,0.0,domestic_only,22
1,0,0,0,0,0,0,78,78,0,0,78,78,0,0,0,0,0,0,78,78,78,0,1.0,0.0,0.0,0.0,domestic_only,22
2,0,0,0,0,0,0,78,71,0,7,71,66,5,5,0,0,0,0,78,78,78,0,1.0,0.0,0.0,0.0,domestic_only,22
3,0,0,0,0,0,0,74,57,0,17,57,54,3,3,4,0,4,4,78,78,78,0,1.0,0.0,0.0,0.0,domestic_only,22
4,0,0,0,0,0,0,71,47,0,24,47,42,5,5,3,0,3,7,78,78,57,0,1.0,0.0,0.0,0.0,domestic_only,22
5,0,0,0,0,0,0,67,35,0,32,35,30,5,5,4,0,4,11,78,78,47,0,1.0,0.0,0.0,0.0,domestic_only,22
6,0,0,0,0,0,0,63,22,0,41,22,18,4,4,4,0,4,15,78,78,35,0,1.0,0.0,0.0,0.0,domestic_only,22
7,0,0,0,0,0,0,59,12,0,47,12,6,6,6,4,0,4,19,78,78,22,0,1.0,0.0,0.0,0.0,domestic_only,22
8,0,0,0,0,0,0,53,4,0,49,4,0,4,4,6,0,6,25,78,78,12,0,1.0,0.0,0.0,0.0,domestic_only,22
9,0,0,0,0,0,0,49,0,0,49,0,0,0,0,4,0,4,29,78,78,4,0,1.0,0.0,0.0,0.0,domestic_only,22
10,0,0,0,0,0,0,49,0,0,49,0,0,0,0,0,0,0,29,78,78,0,0,1.0,0.0,0.0,0.0,domestic_only,22
11,0,0,0,0,0,0,49,0,0,49,0,0,0,0,0,0,0,29,78,78,0,0,1.0,0.0,0.0,0.0,domestic_only,22
12,0,0,0,0,0,0,49,0,0,49,0,0,0,0,0,0,0,29,78,78,0,0,1.0,0.0,0.0,0.0,domestic_only,22
13,0,0,0,0,0,0,49,0,0,49,0,0,0,0,0,0,0,29,78,78,0,0,1.0,0.0,0.0,0.0,domestic_only,22
14,0,0,0,0,0,0,49,0,0,49,0,0,0,0,0,0,0,29,78,78,0,0,1.0,0.0,0.0,0.0,domestic_only,22
15,0,0,0,0,0,0,49,0,0,49,0,0,0,0,0,0,0,29,78,78,0,0,1.0,0.0,0.0,0.0,domestic_only,22
16,0,0,0,0,0,0,49,0,0,49,0,0,0,0,0,0,0,29,78,78,0,0,1.0,0.0,0.0,0.0,domestic_only,22
17,0,0,0,0,0,0,49,0,0,49,0,0,0,0,0,0,0,29,78,78,0,0,1.0,0.0,0.0,0.0,domestic_only,22
18,0,0,0,0,0,0,49,0,0,49,0,0,0,0,0,0,0,29,78,78,0,0,1.0,0.0,0.0,0.0,domestic_only,22
19,0,0,0,0,0,0,49,0,0,49,0,0,0,0,0,0,0,29,78,78,0,0,1.0,0.0,0.0,0.0,domestic_only,22
20,0,0,0,0,0,0,49,0,0,49,0,0,0,0,0,0,0,29,78,78,0,0,1.0,0.0,0.0,0.0,domestic_only,22
21,0,0,0,0,0,0,49,0,0,49,0,0,0,0,0,0,0,29,78,78,0,0,1.0,0.0,0.0,0.0,domestic_only,22
22,0,0,0,0,0,0,49,0,0,49,0,0,0,0,0,0,0,29,78,78,0,0,1.0,0.0,0.0,0.0,domestic_only,22
23,0,0,0,0,0,0,49,0,0,49,0,0,0,0,0,0,0,29,78,78,0,0,1.0,0.0,0.0,0.0,domestic_only,22
24,0,0,0,0,0,0,49,0,0,49,0,0,0,0,0,0,0,29,78,78,0,0,1.0,0.0,0.0,0.0,domestic_only,22
25,0,0,0,0,0,0,49,0,0,49,0,0,0,0,0,0,0,29,78,78,0,0,1.0,0.0,0.0,0.0,domestic_only,22
26,0,0,0,0,0,0,49,0,0,49,0,0,0,0,0,0,0,29,78,78,0,0,1.0,0.0,0.0,0.0,domestic_only,22
27,0,0,0,0,0,0,49,0,0,49,0,0,0,0,0,0,0,29,78,78,0,0,1.0,0.0,0.0,0.0,domestic_only,22
28,0,0,0,0,0,0,49,0,0,49,0,0,0,0,0,0,0,29,78,78,0,0,1.0,0.0,0.0,0.0,domestic_only,22
29,0,0,0,0,0,0,49,0,0,49,0,0,0,0,0,0,0,29,78,78,0,0,1.0,0.0,0.0,0.0,domestic_only,22
30,0,0,0,0,0,0,49,0,0,49,0,0,0,0,0,0,0,29,78,78,0,0,1.0,0.0,0.0,0.0,domestic_only,22
31,0,0,0,0,0,0,49,0,0,49,0,0,0,0,0,0,0,29,78,78,0,0,1.0,0.0,0.0,0.0,domestic_only,22
32,0,0,0,0,0,0,49,0,0,49,0,0,0,0,0,0,0,29,78,78,0,0,1.0,0.0,0.0,0.0,domestic_only,22
33,0,0,0,0,0,0,49,0,0,49,0,0,0,0,0,0,0,29,78,78,0,0,1.0,0.0,0.0,0.0,domestic_only,22
34,0,0,0,0,0,0,49,0,0,49,0,0,0,0,0,0,0,29,78,78,0,0,1.0,0.0,0.0,0.0,domestic_only,22
35,0,0,0,0,0,0,49,0,0,49,0,0,0,0,0,0,0,29,78,78,0,0,1.0,0.0,0.0,0.0,domestic_only,22
36,0,0,0,0,0,0,49,0,0,49,0,0,0,0,0,0,0,29,78,78,0,0,1.0,0.0,0.0,0.0,domestic_only,22
37,0,0,0,0,0,0,49,0,0,49,0,0,0,0,0,0,0,29,78,78,0,0,1.0,0.0,0.0,0.0,domestic_only,22
38,0,0,0,0,0,0,49,0,0,49,0,0,0,0,0,0,0,29,78,78,0,0,1.0,0.0,0.0,0.0,domestic_only,22
39,0,0,0,0,0,0,49,0,0,49,0,0,0,0,0,0,0,29,78,78,0,0,1.0,0.0,0.0,0.0,domestic_only,22
40,0,0,0,0,0,0,49,0,0,49,0,0,0,0,0,0,0,29,78,78,0,0,1.0,0.0,0.0,0.0,domestic_only,22
41,0,0,0,0,0,0,49,0,0,49,0,0,0,0,0,0,0,29,78,78,0,0,1.0,0.0,0.0,0.0,domestic_only,22
42,0,0,0,0,0,0,49,0,0,49,0,0,0,0,0,0,0,29,78,78,0,0,1.0,0.0,0.0,0.0,domestic_only,22
43,0,0,0,0,0,0,49,0,0,49,0,0,0,0,0,0,0,29,78,78,0,0,1.0,0.0,0.0,0.0,domestic_only,22
44,0,0,0,0,0,0,49,0,0,49,0,0,0,0,0,0,0,29,78,78,0,0,1.0,0.0,0.0,0.0,domestic_only,22
0,78,38,38,0,38,0,78,38,40,0,0,0,0,0,0,38,0,0,38,78,0,0,0.0,0.48717948717948717,0.0,0.0,customer_only,22
1,0,1,1,0,1,0,78,39,39,0,0,0,0,0,0,39,0,0,39,78,0,38,0.0,0.5,0.0,0.0,customer_only,22
2,0,0,0,0,0,0,78,35,39,4,0,0,0,0,0,35,0,0,39,78,0,39,0.0,0.5,0.0,0.0,customer_only,22
3,0,0,0,0,0,0,76,22,39,15,0,0,0,0,0,22,2,2,39,78,0,39,0.0,0.5,0.0,0.0,customer_only,22
4,0,0,0,0,0,0,73,9,39,25,0,0,0,0,0,9,3,5,39,78,0,22,0.0,0.5,0.0,0.0,customer_only,22
5,0,0,0,0,0,0,70,2,39,29,0,0,0,0,0,2,3,8,39,78,0,9,0.0,0.5,0.0,0.0,customer_only,22
6,0,0,0,0,0,0,68,0,39,29,0,0,0,0,0,0,2,10,39,78,0,2,0.0,0.5,0.0,0.0,customer_only,22
7,0,0,0,0,0,0,68,0,39,29,0,0,0,0,0,0,0,10,39,78,0,0,0.0,0.5,0.0,0.0,customer_only,22
8,0,1,1,0,1,0,68,1,38,29,0,0,0,0,0,1,0,10,40,78,0,0,0.0,0.5128205128205128,0.0,0.0,customer_only,22
9,0,0,0,0,0,0,68,1,38,29,0,0,0,0,0,1,0,10,40,78,0,1,0.0,0.5128205128205128,0.0,0.0,customer_only,22
10,0,0,0,0,0,0,68,1,38,29,0,0,0,0,0,1,0,10,40,78,0,1,0.0,0.5128205128205128,0.0,0.0,customer_only,22
11,0,0,0,0,0,0,67,0,38,29,0,0,0,0,0,0,1,11,40,78,0,1,0.0,0.5128205128205128,0.0,0.0,customer_only,22
12,0,1,1,0,1,0,67,1,37,29,0,0,0,0,0,1,0,11,41,78,0,0,0.0,0.5256410256410257,0.0,0.0,customer_only,22
13,0,0,0,0,0,0,67,1,37,29,0,0,0,0,0,1,0,11,41,78,0,1,0.0,0.5256410256410257,0.0,0.0,customer_only,22
14,0,0,0,0,0,0,67,0,37,30,0,0,0,0,0,0,0,11,41,78,0,1,0.0,0.5256410256410257,0.0,0.0,customer_only,22
15,0,0,0,0,0,0,67,0,37,30,0,0,0,0,0,0,0,11,41,78,0,1,0.0,0.5256410256410257,0.0,0.0,customer_only,22
16,0,0,0,0,0,0,67,0,37,30,0,0,0,0,0,0,0,11,41,78,0,0,0.0,0.5256410256410257,0.0,0.0,customer_only,22
17,0,0,0,0,0,0,67,0,37,30,0,0,0,0,0,0,0,11,41,78,0,0,0.0,0.5256410256410257,0.0,0.0,customer_only,22
18,0,0,0,0,0,0,67,0,37,30,0,0,0,0,0,0,0,11,41,78,0,0,0.0,0.5256410256410257,0.0,0.0,customer_only,22
19,0,0,0,0,0,0,67,0,37,30,0,0,0,0,0,0,0,11,41,78,0,0,0.0,0.5256410256410257,0.0,0.0,customer_only,22
20,0,0,0,0,0,0,67,0,37,30,0,0,0,0,0,0,0,11,41,78,0,0,0.0,0.5256410256410257,0.0,0.0,customer_only,22
21,0,0,0,0,0,0,67,0,37,30,0,0,0,0,0,0,0,11,41,78,0,0,0.0,0.5256410256410257,0.0,0.0,customer_only,22
22,0,0,0,0,0,0,67,0,37,30,0,0,0,0,0,0,0,11,41,78,0,0,0.0,0.5256410256410257,0.0,0.0,customer_only,22
23,0,0,0,0,0,0,67,0,37,30,0,0,0,0,0,0,0,11,41,78,0,0,0.0,0.5256410256410257,0.0,0.0,customer_only,22
24,0,0,0,0,0,0,67,0,37,30,0,0,0,0,0,0,0,11,41,78,0,0,0.0,0.5256410256410257,0.0,0.0,customer_only,22
25,0,0,0,0,0,0,67,0,37,30,0,0,0,0,0,0,0,11,41,78,0,0,0.0,0.5256410256410257,0.0,0.0,customer_only,22
26,0,0,0,0,0,0,67,0,37,30,0,0,0,0,0,0,0,11,41,78,0,0,0.0,0.5256410256410257,0.0,0.0,customer_only,22
27,0,0,0,0,0,0,67,0,37,30,0,0,0,0,0,0,0,11,41,78,0,0,0.0,0.5256410256410257,0.0,0.0,customer_only,22
28,0,0,0,0,0,0,67,0,37,30,0,0,0,0,0,0,0,11,41,78,0,0,0.0,0.5256410256410257,0.0,0.0,customer_only,22
29,0,0,0,0,0,0,67,0,37,30,0,0,0,0,0,0,0,11,41,78,0,0,0.0,0.5256410256410257,0.0,0.0,customer_only,22
30,0,0,0,0,0,0,67,0,37,30,0,0,0,0,0,0,0,11,41,78,0,0,0.0,0.5256410256410257,0.0,0.0,customer_only,22
31,0,0,0,0,0,0,67,0,37,30,0,0,0,0,0,0,0,11,41,78,0,0,0.0,0.5256410256410257,0.0,0.0,customer_only,22
32,0,0,0,0,0,0,67,0,37,30,0,0,0,0,0,0,0,11,41,78,0,0,0.0,0.5256410256410257,0.0,0.0,customer_only,22
33,0,0,0,0,0,0,67,0,37,30,0,0,0,0,0,0,0,11,41,78,0,0,0.0,0.5256410256410257,0.0,0.0,customer_only,22
34,0,0,0,0,0,0,67,0,37,30,0,0,0,0,0,0,0,11,41,78,0,0,0.0,0.5256410256410257,0.0,0.0,customer_only,22
35,0,0,0,0,0,0,67,0,37,30,0,0,0,0,0,0,0,11,41,78,0,0,0.0,0.5256410256410257,0.0,0.0,customer_only,22
36,0,0,0,0,0,0,67,0,37,30,0,0,0,0,0,0,0,11,41,78,0,0,0.0,0.5256410256410257,0.0,0.0,customer_only,22
37,0,0,0,0,0,0,67,0,37,30,0,0,0,0,0,0,0,11,41,78,0,0,0.0,0.5256410256410257,0.0,0.0,customer_only,22
38,0,0,0,0,0,0,67,0,37,30,0,0,0,0,0,0,0,11,41,78,0,0,0.0,0.5256410256410257,0.0,0.0,customer_only,22
39,0,0,0,0,0,0,67,0,37,30,0,0,0,0,0,0,0,11,41,78,0,0,0.0,0.5256410256410257,0.0,0.0,customer_only,22
40,0,0,0,0,0,0,67,0,37,30,0,0,0,0,0,0,0,11,41,78,0,0,0.0,0.5256410256410257,0.0,0.0,customer_only,22
41,0,0,0,0,0,0,67,0,37,30,0,0,0,0,0,0,0,11,41,78,0,0,0.0,0.5256410256410257,0.0,0.0,customer_only,22
42,0,0,0,0,0,0,67,0,37,30,0,0,0,0,0,0,0,11,41,78,0,0,0.0,0.5256410256410257,0.0,0.0,customer_only,22
43,0,0,0,0,0,0,67,0,37,30,0,0,0,0,0,0,0,11,41,78,0,0,0.0,0.5256410256410257,0.0,0.0,customer_only,22
44,0,0,0,0,0,0,67,0,37,30,0,0,0,0,0,0,0,11,41,78,0,0,0.0,0.5256410256410257,0.0,0.0,customer_only,22
0,78,78,78,72,13,0,78,78,0,0,72,72,0,0,0,13,0,0,78,78,0,0,0.9230769230769231,0.16666666666666666,0.0,0.0,both,22
1,0,0,0,0,0,0,78,78,0,0,72,72,0,0,0,13,0,0,78,78,72,13,0.9230769230769231,0.16666666666666666,0.0,0.0,both,22
2,0,0,0,0,0,0,78,67,0,11,64,60,4,4,0,7,0,0,78,78,72,13,0.9230769230769231,0.16666666666666666,0.0,0.0,both,22
3,0,0,0,3,5,8,71,57,0,14,52,50,2,2,3,6,7,7,78,78,72,13,0.9615384615384616,0.23076923076923078,5.0,3.0,both,22
4,0,0,0,1,5,6,69,54,0,15,46,39,7,7,2,10,2,9,78,78,52,6,0.9743589743589743,0.2948717948717949,5.0,1.0,both,22
5,0,0,0,0,1,1,64,38,0,26,32,27,5,5,5,7,5,14,78,78,46,10,0.9743589743589743,0.3076923076923077,1.0,0.0,both,22
6,0,0,0,0,4,4,58,25,0,33,19,15,4,4,4,8,6,20,78,78,32,11,0.9743589743589743,0.358974358974359,4.0,0.0,both,22
7,0,0,0,0,2,2,54,15,0,39,10,3,7,7,4,5,4,24,78,78,19,10,0.9743589743589743,0.38461538461538464,2.0,0.0,both,22
8,0,0,0,0,1,1,47,5,0,42,1,0,1,1,7,4,7,31,78,78,10,7,0.9743589743589743,0.3974358974358974,1.0,0.0,both,22
9,0,0,0,0,0,0,46,2,0,44,0,0,0,0,1,2,1,32,78,78,1,7,0.9743589743589743,0.3974358974358974,0.0,0.0,both,22
10,0,0,0,0,0,0,45,1,0,44,0,0,0,0,0,1,1,33,78,78,0,3,0.9743589743589743,0.3974358974358974,0.0,0.0,both,22
11,0,0,0,0,0,0,44,0,0,44,0,0,0,0,0,0,1,34,78,78,0,1,0.9743589743589743,0.3974358974358974,0.0,0.0,both,22
12,0,0,0,0,0,0,44,0,0,44,0,0,0,0,0,0,0,34,78,78,0,0,0.9743589743589743,0.3974358974358974,0.0,0.0,both,22
13,0,0,0,0,0,0,44,0,0,44,0,0,0,0,0,0,0,34,78,78,0,0,0.9743589743589743,0.3974358974358974,0.0,0.0,both,22
14,0,0,0,0,0,0,44,0,0,44,0,0,0,0,0,0,0,34,78,78,0,0,0.9743589743589743,0.3974358974358974,0.0,0.0,both,22
15,0,0,0,0,0,0,44,0,0,44,0,0,0,0,0,0,0,34,78,78,0,0,0.9743589743589743,0.3974358974358974,0.0,0.0,both,22
16,0,0,0,0,0,0,44,0,0,44,0,0,0,0,0,0,0,34,78,78,0,0,0.9743589743589743,0.3974358974358974,0.0,0.0,both,22
17,0,0,0,0,0,0,44,0,0,44,0,0,0,0,0,0,0,34,78,78,0,0,0.9743589743589743,0.3974358974358974,0.0,0.0,both,22
18,0,0,0,0,0,0,44,0,0,44,0,0,0,0,0,0,0,34,78,78,0,0,0.9743589743589743,0.3974358974358974,0.0,0.0,both,22
19,0,0,0,0,0,0,44,0,0,44,0,0,0,0,0,0,0,34,78,78,0,0,0.9743589743589743,0.3974358974358974,0.0,0.0,both,22
20,0,0,0,0,0,0,44,0,0,44,0,0,0,0,0,0,0,34,78,78,0,0,0.9743589743589743,0.3974358974358974,0.0,0.0,both,22
21,0,0,0,0,0,0,44,0,0,44,0,0,0,0,0,0,0,34,78,78,0,0,0.9743589743589743,0.3974358974358974,0.0,0.0,both,22
22,0,0,0,0,0,0,44,0,0,44,0,0,0,0,0,0,0,34,78,78,0,0,0.9743589743589743,0.3974358974358974,0.0,0.0,both,22
23,0,0,0,0,0,0,44,0,0,44,0,0,0,0,0,0,0,34,78,78,0,0,0.9743589743589743,0.3974358974358974,0.0,0.0,both,22
24,0,0,0,0,0,0,44,0,0,44,0,0,0,0,0,0,0,34,78,78,0,0,0.9743589743589743,0.3974358974358974,0.0,0.0,both,22
25,0,0,0,0,0,0,44,0,0,44,0,0,0,0,0,0,0,34,78,78,0,0,0.9743589743589743,0.3974358974358974,0.0,0.0,both,22
26,0,0,0,0,0,0,44,0,0,44,0,0,0,0,0,0,0,34,78,78,0,0,0.9743589743589743,0.3974358974358974,0.0,0.0,both,22
27,0,0,0,0,0,0,44,0,0,44,0,0,0,0,0,0,0,34,78,78,0,0,0.9743589743589743,0.3974358974358974,0.0,0.0,both,22
28,0,0,0,0,0,0,44,0,0,44,0,0,0,0,0,0,0,34,78,78,0,0,0.9743589743589743,0.3974358974358974,0.0,0.0,both,22
29,0,0,0,0,0,0,44,0,0,44,0,0,0,0,0,0,0,34,78,78,0,0,0.9743589743589743,0.3974358974358974,0.0,0.0,both,22
30,0,0,0,0,0,0,44,0,0,44,0,0,0,0,0,0,0,34,78,78,0,0,0.9743589743589743,0.3974358974358974,0.0,0.0,both,22
31,0,0,0,0,0,0,44,0,0,44,0,0,0,0,0,0,0,34,78,78,0,0,0.9743589743589743,0.3974358974358974,0.0,0.0,both,22
32,0,0,0,0,0,0,44,0,0,44,0,0,0,0,0,0,0,34,78,78,0,0,0.9743589743589743,0.3974358974358974,0.0,0.0,both,22
33,0,0,0,0,0,0,44,0,0,44,0,0,0,0,0,0,0,34,78,78,0,0,0.9743589743589743,0.3974358974358974,0.0,0.0,both,22
34,0,0,0,0,0,0,44,0,0,44,0,0,0,0,0,0,0,34,78,78,0,0,0.9743589743589743,0.3974358974358974,0.0,0.0,both,22
35,0,0,0,0,0,0,44,0,0,44,0,0,0,0,0,0,0,34,78,78,0,0,0.9743589743589743,0.3974358974358974,0.0,0.0,both,22
36,0,0,0,0,0,0,44,0,0,44,0,0,0,0,0,0,0,34,78,78,0,0,0.9743589743589743,0.3974358974358974,0.0,0.0,both,22
37,0,0,0,0,0,0,44,0,0,44,0,0,0,0,0,0,0,34,78,78,0,0,0.9743589743589743,0.3974358974358974,0.0,0.0,both,22
38,0,0,0,0,0,0,44,0,0,44,0,0,0,0,0,0,0,34,78,78,0,0,0.9743589743589743,0.3974358974358974,0.0,0.0,both,22
39,0,0,0,0,0,0,44,0,0,44,0,0,0,0,0,0,0,34,78,78,0,0,0.9743589743589743,0.3974358974358974,0.0,0.0,both,22
40,0,0,0,0,0,0,44,0,0,44,0,0,0,0,0,0,0,34,78,78,0,0,0.9743589743589743,0.3974358974358974,0.0,0.0,both,22
41,0,0,0,0,0,0,44,0,0,44,0,0,0,0,0,0,0,34,78,78,0,0,0.9743589743589743,0.3974358974358974,0.0,0.0,both,22
42,0,0,0,0,0,0,44,0,0,44,0,0,0,0,0,0,0,34,78,78,0,0,0.9743589743589743,0.3974358974358974,0.0,0.0,both,22
43,0,0,0,0,0,0,44,0,0,44,0,0,0,0,0,0,0,34,78,78,0,0,0.9743589743589743,0.3974358974358974,0.0,0.0,both,22
44,0,0,0,0,0,0,44,0,0,44,0,0,0,0,0,0,0,34,78,78,0,0,0.9743589743589743,0.3974358974358974,0.0,0.0,both,22
0,82,82,82,82,0,0,82,82,0,0,82,82,0,0,0,0,0,0,82,82,0,0,1.0,0.0,0.0,0.0,domestic_only,23
1,0,0,0,0,0,0,82,82,0,0,82,82,0,0,0,0,0,0,82,82,82,0,1.0,0.0,0.0,0.0,domestic_only,23
2,0,0,0,0,0,0,82,73,0,9,73,70,3,3,0,0,0,0,82,82,82,0,1.0,0.0,0.0,0.0,domestic_only,23
3,0,0,0,0,0,0,80,63,0,17,63,58,5,5,2,0,2,2,82,82,82,0,1.0,0.0,0.0,0.0,domestic_only,23
4,0,0,0,0,0,0,75,49,0,26,49,46,3,3,5,0,5,7,82,82,63,0,1.0,0.0,0.0,0.0,domestic_only,23
5,0,0,0,0,0,0,72,39,0,33,39,34,5,5,3,0,3,10,82,82,49,0,1.0,0.0,0.0,0.0,domestic_only,23
6,0,0,0,0,0,0,68,29,0,39,29,22,7,7,4,0,4,14,82,82,39,0,1.0,0.0,0.0,0.0,domestic_only,23
7,0,0,0,0,0,0,62,15,0,47,15,10,5,5,6,0,6,20,82,82,29,0,1.0,0.0,0.0,0.0,domestic_only,23
8,0,0,0,0,0,0,58,4,0,54,4,0,4,4,4,0,4,24,82,82,15,0,1.0,0.0,0.0,0.0,domestic_only,23
9,0,0,0,0,0,0,55,0,0,55,0,0,0,0,3,0,3,27,82,82,4,0,1.0,0.0,0.0,0.0,domestic_only,23
10,0,0,0,0,0,0,55,0,0,55,0,0,0,0,0,0,0,27,82,82,0,0,1.0,0.0,0.0,0.0,domestic_only,23
11,0,0,0,0,0,0,55,0,0,55,0,0,0,0,0,0,0,27,82,82,0,0,1.0,0.0,0.0,0.0,domestic_only,23
12,0,0,0,0,0,0,55,0,0,55,0,0,0,0,0,0,0,27,82,82,0,0,1.0,0.0,0.0,0.0,domestic_only,23
13,0,0,0,0,0,0,55,0,0,55,0,0,0,0,0,0,0,27,82,82,0,0,1.0,0.0,0.0,0.0,domestic_only,23
14,0,0,0,0,0,0,55,0,0,55,0,0,0,0,0,0,0,27,82,82,0,0,1.0,0.0,0.0,0.0,domestic_only,23
15,0,0,0,0,0,0,55,0,0,55,0,0,0,0,0,0,0,27,82,82,0,0,1.0,0.0,0.0,0.0,domestic_only,23
16,0,0,0,0,0,0,55,0,0,55,0,0,0,0,0,0,0,27,82,82,0,0,1.0,0.0,0.0,0.0,domestic_only,23
17,0,0,0,0,0,0,55,0,0,55,0,0,0,0,0,0,0,27,82,82,0,0,1.0,0.0,0.0,0.0,domestic_only,23
18,0,0,0,0,0,0,55,0,0,55,0,0,0,0,0,0,0,27,82,82,0,0,1.0,0.0,0.0,0.0,domestic_only,23
19,0,0,0,0,0,0,55,0,0,55,0,0,0,0,0,0,0,27,82,82,0,0,1.0,0.0,0.0,0.0,domestic_only,23
20,0,0,0,0,0,0,55,0,0,55,0,0,0,0,0,0,0,27,82,82,0,0,1.0,0.0,0.0,0.0,domestic_only,23
21,0,0,0,0,0,0,55,0,0,55,0,0,0,0,0,0,0,27,82,82,0,0,1.0,0.0,0.0,0.0,domestic_only,23
22,0,0,0,0,0,0,55,0,0,55,0,0,0,0,0,0,0,27,82,82,0,0,1.0,0.0,0.0,0.0,domestic_only,23
23,0,0,0,0,0,0,55,0,0,55,0,0,0,0,0,0,0,27,82,82,0,0,1.0,0.0,0.0,0.0,domestic_only,23
24,0,0,0,0,0,0,55,0,0,55,0,0,0,0,0,0,0,27,82,82,0,0,1.0,0.0,0.0,0.0,domestic_only,23
25,0,0,0,0,0,0,55,0,0,55,0,0,0,0,0,0,0,27,82,82,0,0,1.0,0.0,0.0,0.0,domestic_only,23
26,0,0,0,0,0,0,55,0,0,55,0,0,0,0,0,0,0,27,82,82,0,0,1.0,0.0,0.0,0.0,domestic_only,23
27,0,0,0,0,0,0,55,0,0,55,0,0,0,0,0,0,0,27,82,82,0,0,1.0,0.0,0.0,0.0,domestic_only,23
28,0,0,0,0,0,0,55,0,0,55,0,0,0,0,0,0,0,27,82,82,0,0,1.0,0.0,0.0,0.0,domestic_only,23
29,0,0,0,0,0,0,55,0,0,55,0,0,0,0,0,0,0,27,82,82,0,0,1.0,0.0,0.0,0.0,domestic_only,23
30,0,0,0,0,0,0,55,0,0,55,0,0,0,0,0,0,0,27,82,82,0,0,1.0,0.0,0.0,0.0,domestic_only,23
31,0,0,0,0,0,0,55,0,0,55,0,0,0,0,0,0,0,27,82,82,0,0,1.0,0.0,0.0,0.0,domestic_only,23
32,0,0,0,0,0,0,55,0,0,55,0,0,0,0,0,0,0,27,82,82,0,0,1.0,0.0,0.0,0.0,domestic_only,23
33,0,0,0,0,0,0,55,0,0,55,0,0,0,0,0,0,0,27,82,82,0,0,1.0,0.0,0.0,0.0,domestic_only,23
34,0,0,0,0,0,0,55,0,0,55,0,0,0,0,0,0,0,27,82,82,0,0,1.0,0.0,0.0,0.0,domestic_only,23
35,0,0,0,0,0,0,55,0,0,55,0,0,0,0,0,0,0,27,82,82,0,0,1.0,0.0,0.0,0.0,domestic_only,23
36,0,0,0,0,0,0,55,0,0,55,0,0,0,0,0,0,0,27,82,82,0,0,1.0,0.0,0.0,0.0,domestic_only,23
37,0,0,0,0,0,0,55,0,0,55,0,0,0,0,0,0,0,27,82,82,0,0,1.0,0.0,0.0,0.0,domestic_only,23
38,0,0,0,0,0,0,55,0,0,55,0,0,0,0,0,0,0,27,82,82,0,0,1.0,0.0,0.0,0.0,domestic_only,23
39,0,0,0,0,0,0,55,0,0,55,0,0,0,0,0,0,0,27,82,82,0,0,1.0,0.0,0.0,0.0,domestic_only,23
40,0,0,0,0,0,0,55,0,0,55,0,0,0,0,0,0,0,27,82,82,0,0,1.0,0.0,0.0,0.0,domestic_only,23
41,0,0,0,0,0,0,55,0,0,55,0,0,0,0,0,0,0,27,82,82,0,0,1.0,0.0,0.0,0.0,domestic_only,23
42,0,0,0,0,0,0,55,0,0,55,0,0,0,0,0,0,0,27,82,82,0,0,1.0,0.0,0.0,0.0,domestic_only,23
43,0,0,0,0,0,0,55,0,0,55,0,0,0,0,0,0,0,27,82,82,0,0,1.0,0.0,0.0,0.0,domestic_only,23
44,0,0,0,0,0,0,55,0,0,55,0,0,0,0,0,0,0,27,82,82,0,0,1.0,0.0,0.0,0.0,domestic_only,23
0,82,63,63,0,63,0,82,63,19,0,0,0,0,0,0,63,0,0,63,82,0,0,0.0,0.7682926829268293,0.0,0.0,customer_only,23
1,0,3,3,0,3,0,82,66,16,0,0,0,0,0,0,66,0,0,66,82,0,63,0.0,0.8048780487804879,0.0,0.0,customer_only,23
2,0,0,0,0,0,0,82,59,16,7,0,0,0,0,0,59,0,0,66,82,0,66,0.0,0.8048780487804879,0.0,0.0,customer_only,23
3,0,0,0,0,0,0,81,47,16,18,0,0,0,0,0,47,1,1,66,82,0,66,0.0,0.8048780487804879,0.0,0.0,customer_only,23
4,0,0,0,0,0,0,80,35,16,29,0,0,0,0,0,35,1,2,66,82,0,47,0.0,0.8048780487804879,0.0,0.0,customer_only,23
5,0,0,0,0,0,0,77,22,16,39,0,0,0,0,0,22,3,5,66,82,0,35,0.0,0.8048780487804879,0.0,0.0,customer_only,23
6,0,0,0,0,0,0,75,10,16,49,0,0,0,0,0,10,2,7,66,82,0,22,0.0,0.8048780487804879,0.0,0.0,customer_only,23
7,0,0,0,0,0,0,73,2,16,55,0,0,0,0,0,2,2,9,66,82,0,10,0.0,0.8048780487804879,0.0,0.0,customer_only,23
8,0,0,0,0,0,0,73,0,16,57,0,0,0,0,0,0,0,9,66,82,0,2,0.0,0.8048780487804879,0.0,0.0,customer_only,23
9,0,0,0,0,0,0,73,0,16,57,0,0,0,0,0,0,0,9,66,82,0,0,0.0,0.8048780487804879,0.0,0.0,customer_only,23
10,0,0,0,0,0,0,73,0,16,57,0,0,0,0,0,0,0,9,66,82,0,0,0.0,0.8048780487804879,0.0,0.0,customer_only,23
11,0,0,0,0,0,0,73,0,16,57,0,0,0,0,0,0,0,9,66,82,0,0,0.0,0.8048780487804879,0.0,0.0,customer_only,23
12,0,0,0,0,0,0,73,0,16,57,0,0,0,0,0,0,0,9,66,82,0,0,0.0,0.8048780487804879,0.0,0.0,customer_only,23
13,0,0,0,0,0,0,73,0,16,57,0,0,0,0,0,0,0,9,66,82,0,0,0.0,0.8048780487804879,0.0,0.0,customer_only,23
14,0,0,0,0,0,0,73,0,16,57,0,0,0,0,0,0,0,9,66,82,0,0,0.0,0.8048780487804879,0.0,0.0,customer_only,23
15,0,0,0,0,0,0,73,0,16,57,0,0,0,0,0,0,0,9,66,82,0,0,0.0,0.8048780487804879,0.0,0.0,customer_only,23
16,0,0,0,0,0,0,73,0,16,57,0,0,0,0,0,0,0,9,66,82,0,0,0.0,0.8048780487804879,0.0,0.0,customer_only,23
17,0,0,0,0,0,0,73,0,16,57,0,0,0,0,0,0,0,9,66,82,0,0,0.0,0.8048780487804879,0.0,0.0,customer_only,23
18,0,0,0,0,0,0,73,0,16,57,0,0,0,0,0,0,0,9,66,82,0,0,0.0,0.8048780487804879,0.0,0.0,customer_only,23
19,0,0,0,0,0,0,73,0,16,57,0,0,0,0,0,0,0,9,66,82,0,0,0.0,0.8048780487804879,0.0,0.0,customer_only,23
20,0,0,0,0,0,0,73,0,16,57,0,0,0,0,0,0,0,9,66,82,0,0,0.0,0.8048780487804879,0.0,0.0,customer_only,23
21,0,0,0,0,0,0,73,0,16,57,0,0,0,0,0,0,0,9,66,82,0,0,0.0,0.8048780487804879,0.0,0.0,customer_only,23
22,0,0,0,0,0,0,73,0,16,57,0,0,0,0,0,0,0,9,66,82,0,0,0.0,0.8048780487804879,0.0,0.0,customer_only,23
23,0,0,0,0,0,0,73,0,16,57,0,0,0,0,0,0,0,9,66,82,0,0,0.0,0.8048780487804879,0.0,0.0,customer_only,23
24,0,0,0,0,0,0,73,0,16,57,0,0,0,0,0,0,0,9,66,82,0,0,0.0,0.8048780487804879,0.0,0.0,customer_only,23
25,0,0,0,0,0,0,73,0,16,57,0,0,0,0,0,0,0,9,66,82,0,0,0.0,0.8048780487804879,0.0,0.0,customer_only,23
26,0,0,0,0,0,0,73,0,16,57,0,0,0,0,0,0,0,9,66,82,0,0,0.0,0.8048780487804879,0.0,0.0,customer_only,23
27,0,0,0,0,0,0,73,0,16,57,0,0,0,0,0,0,0,9,66,82,0,0,0.0,0.8048780487804879,0.0,0.0,customer_only,23
28,0,0,0,0,0,0,73,0,16,57,0,0,0,0,0,0,0,9,66,82,0,0,0.0,0.8048780487804879,0.0,0.0,customer_only,23
29,0,0,0,0,0,0,73,0,16,57,0,0,0,0,0,0,0,9,66,82,0,0,0.0,0.8048780487804879,0.0,0.0,customer_only,23
30,0,0,0,0,0,0,73,0,16,57,0,0,0,0,0,0,0,9,66,82,0,0,0.0,0.8048780487804879,0.0,0.0,customer_only,23
31,0,0,0,0,0,0,73,0,16,57,0,0,0,0,0,0,0,9,66,82,0,0,0.0,0.8048780487804879,0.0,0.0,customer_only,23
32,0,0,0,0,0,0,73,0,16,57,0,0,0,0,0,0,0,9,66,82,0,0,0.0,0.8048780487804879,0.0,0.0,customer_only,23
33,0,0,0,0,0,0,73,0,16,57,0,0,0,0,0,0,0,9,66,82,0,0,0.0,0.8048780487804879,0.0,0.0,customer_only,23
34,0,0,0,0,0,0,73,0,16,57,0,0,0,0,0,0,0,9,66,82,0,0,0.0,0.8048780487804879,0.0,0.0,customer_only,23
35,0,0,0,0,0,0,73,0,16,57,0,0,0,0,0,0,0,9,66,82,0,0,0.0,0.8048780487804879,0.0,0.0,customer_only,23
36,0,0,0,0,0,0,73,0,16,57,0,0,0,0,0,0,0,9,66,82,0,0,0.0,0.8048780487804879,0.0,0.0,customer_only,23
37,0,0,0,0,0,0,73,0,16,57,0,0,0,0,0,0,0,9,66,82,0,0,0.0,0.8048780487804879,0.0,0.0,customer_only,23
38,0,0,0,0,0,0,73,0,16,57,0,0,0,0,0,0,0,9,66,82,0,0,0.0,0.8048780487804879,0.0,0.0,customer_only,23
39,0,0,0,0,0,0,73,0,16,57,0,0,0,0,0,0,0,9,66,82,0,0,0.0,0.8048780487804879,0.0,0.0,customer_only,23
40,0,0,0,0,0,0,73,0,16,57,0,0,0,0,0,0,0,9,66,82,0,0,0.0,0.8048780487804879,0.0,0.0,customer_only,23
41,0,0,0,0,0,0,73,0,16,57,0,0,0,0,0,0,0,9,66,82,0,0,0.0,0.8048780487804879,0.0,0.0,customer_only,23
42,0,0,0,0,0,0,73,0,16,57,0,0,0,0,0,0,0,9,66,82,0,0,0.0,0.8048780487804879,0.0,0.0,customer_only,23
43,0,0,0,0,0,0,73,0,16,57,0,0,0,0,0,0,0,9,66,82,0,0,0.0,0.8048780487804879,0.0,0.0,customer_only,23
44,0,0,0,0,0,0,73,0,16,57,0,0,0,0,0,0,0,9,66,82,0,0,0.0,0.8048780487804879,0.0,0.0,customer_only,23
0,82,82,82,76,16,0,82,82,0,0,76,76,0,0,0,16,0,0,82,82,0,0,0.926829268292683,0.1951219512195122,0.0,0.0,both,23
1,0,0,0,0,0,0,82,82,0,0,76,76,0,0,0,16,0,0,82,82,76,16,0.926829268292683,0.1951219512195122,0.0,0.0,both,23
2,0,0,0,0,0,0,82,71,0,11,67,64,3,3,0,10,0,0,82,82,76,16,0.926829268292683,0.1951219512195122,0.0,0.0,both,23
3,0,0,0,4,5,9,79,66,0,13,61,56,5,5,2,6,3,3,82,82,76,16,0.975609756097561,0.25609756097560976,5.0,4.0,both,23
4,0,0,0,1,2,3,73,53,0,20,46,44,2,2,5,7,6,9,82,82,61,6,0.9878048780487805,0.2804878048780488,2.0,1.0,both,23
5,0,0,0,0,11,11,71,47,0,24,38,32,6,6,2,13,2,11,82,82,46,7,0.9878048780487805,0.4146341463414634,11.0,0.0,both,23
6,0,0,0,0,9,9,66,41,0,25,27,20,7,7,4,19,5,16,82,82,38,18,0.9878048780487805,0.524390243902439,9.0,0.0,both,23
7,0,0,0,0,6,6,61,31,0,30,13,8,5,5,5,20,5,21,82,82,27,22,0.9878048780487805,0.5975609756097561,6.0,0.0,both,23
8,0,0,0,0,2,2,54,14,0,40,2,0,2,2,4,12,7,28,82,82,13,26,0.9878048780487805,0.6219512195121951,2.0,0.0,both,23
9,0,0,0,0,0,0,50,4,0,46,0,0,0,0,1,4,4,32,82,82,2,17,0.9878048780487805,0.6219512195121951,0.0,0.0,both,23
10,0,0,0,0,0,0,49,1,0,48,0,0,0,0,0,1,1,33,82,82,0,8,0.9878048780487805,0.6219512195121951,0.0,0.0,both,23
11,0,0,0,0,0,0,49,0,0,49,0,0,0,0,0,0,0,33,82,82,0,2,0.9878048780487805,0.6219512195121951,0.0,0.0,both,23
12,0,0,0,0,0,0,49,0,0,49,0,0,0,0,0,0,0,33,82,82,0,0,0.9878048780487805,0.6219512195121951,0.0,0.0,both,23
13,0,0,0,0,0,0,49,0,0,49,0,0,0,0,0,0,0,33,82,82,0,0,0.9878048780487805,0.6219512195121951,0.0,0.0,both,23
14,0,0,0,0,1,1,49,1,0,48,0,0,0,0,0,1,0,33,82,82,0,0,0.9878048780487805,0.6341463414634146,1.0,0.0,both,23
15,0,0,0,0,0,0,49,1,0,48,0,0,0,0,0,1,0,33,82,82,0,1,0.9878048780487805,0.6341463414634146,0.0,0.0,both,23
16,0,0,0,0,0,0,49,1,0,48,0,0,0,0,0,1,0,33,82,82,0,1,0.9878048780487805,0.6341463414634146,0.0,0.0,both,23
17,0,0,0,0,0,0,49,0,0,49,0,0,0,0,0,0,0,33,82,82,0,1,0.9878048780487805,0.6341463414634146,0.0,0.0,both,23
18,0,0,0,0,0,0,49,0,0,49,0,0,0,0,0,0,0,33,82,82,0,0,0.9878048780487805,0.6341463414634146,0.0,0.0,both,23
19,0,0,0,0,0,0,49,0,0,49,0,0,0,0,0,0,0,33,82,82,0,0,0.9878048780487805,0.6341463414634146,0.0,0.0,both,23
20,0,0,0,0,0,0,49,0,0,49,0,0,0,0,0,0,0,33,82,82,0,0,0.9878048780487805,0.6341463414634146,0.0,0.0,both,23
21,0,0,0,0,0,0,49,0,0,49,0,0,0,0,0,0,0,33,82,82,0,0,0.9878048780487805,0.6341463414634146,0.0,0.0,both,23
22,0,0,0,0,0,0,49,0,0,49,0,0,0,0,0,0,0,33,82,82,0,0,0.9878048780487805,0.6341463414634146,0.0,0.0,both,23
23,0,0,0,0,0,0,49,0,0,49,0,0,0,0,0,0,0,33,82,82,0,0,0.9878048780487805,0.6341463414634146,0.0,0.0,both,23
24,0,0,0,0,0,0,49,0,0,49,0,0,0,0,0,0,0,33,82,82,0,0,0.9878048780487805,0.6341463414634146,0.0,0.0,both,23
25,0,0,0,0,0,0,49,0,0,49,0,0,0,0,0,0,0,33,82,82,0,0,0.9878048780487805,0.6341463414634146,0.0,0.0,both,23
26,0,0,0,0,0,0,49,0,0,49,0,0,0,0,0,0,0,33,82,82,0,0,0.9878048780487805,0.6341463414634146,0.0,0.0,both,23
27,0,0,0,0,0,0,49,0,0,49,0,0,0,0,0,0,0,33,82,82,0,0,0.9878048780487805,0.6341463414634146,0.0,0.0,both,23
28,0,0,0,0,0,0,49,0,0,49,0,0,0,0,0,0,0,33,82,82,0,0,0.9878048780487805,0.6341463414634146,0.0,0.0,both,23
29,0,0,0,0,0,0,49,0,0,49,0,0,0,0,0,0,0,33,82,82,0,0,0.9878048780487805,0.6341463414634146,0.0,0.0,both,23
30,0,0,0,0,0,0,49,0,0,49,0,0,0,0,0,0,0,33,82,82,0,0,0.9878048780487805,0.6341463414634146,0.0,0.0,both,23
31,0,0,0,0,0,0,49,0,0,49,0,0,0,0,0,0,0,33,82,82,0,0,0.9878048780487805,0.6341463414634146,0.0,0.0,both,23
32,0,0,0,0,0,0,49,0,0,49,0,0,0,0,0,0,0,33,82,82,0,0,0.9878048780487805,0.6341463414634146,0.0,0.0,both,23
33,0,0,0,0,0,0,49,0,0,49,0,0,0,0,0,0,0,33,82,82,0,0,0.9878048780487805,0.6341463414634146,0.0,0.0,both,23
34,0,0,0,0,0,0,49,0,0,49,0,0,0,0,0,0,0,33,82,82,0,0,0.9878048780487805,0.6341463414634146,0.0,0.0,both,23
35,0,0,0,0,0,0,49,0,0,49,0,0,0,0,0,0,0,33,82,82,0,0,0.9878048780487805,0.6341463414634146,0.0,0.0,both,23
36,0,0,0,0,0,0,49,0,0,49,0,0,0,0,0,0,0,33,82,82,0,0,0.9878048780487805,0.6341463414634146,0.0,0.0,both,23
37,0,0,0,0,0,0,49,0,0,49,0,0,0,0,0,0,0,33,82,82,0,0,0.9878048780487805,0.6341463414634146,0.0,0.0,both,23
38,0,0,0,0,0,0,49,0,0,49,0,0,0,0,0,0,0,33,82,82,0,0,0.9878048780487805,0.6341463414634146,0.0,0.0,both,23
39,0,0,0,0,0,0,49,0,0,49,0,0,0,0,0,0,0,33,82,82,0,0,0.9878048780487805,0.6341463414634146,0.0,0.0,both,23
40,0,0,0,0,0,0,49,0,0,49,0,0,0,0,0,0,0,33,82,82,0,0,0.9878048780487805,0.6341463414634146,0.0,0.0,both,23
41,0,0,0,0,0,0,49,0,0,49,0,0,0,0,0,0,0,33,82,82,0,0,0.9878048780487805,0.6341463414634146,0.0,0.0,both,23
42,0,0,0,0,0,0,49,0,0,49,0,0,0,0,0,0,0,33,82,82,0,0,0.9878048780487805,0.6341463414634146,0.0,0.0,both,23
43,0,0,0,0,0,0,49,0,0,49,0,0,0,0,0,0,0,33,82,82,0,0,0.9878048780487805,0.6341463414634146,0.0,0.0,both,23
44,0,0,0,0,0,0,49,0,0,49,0,0,0,0,0,0,0,33,82,82,0,0,0.9878048780487805,0.6341463414634146,0.0,0.0,both,23
0,79,79,79,79,0,0,79,79,0,0,79,79,0,0,0,0,0,0,79,79,0,0,1.0,0.0,0.0,0.0,domestic_only,24
1,0,0,0,0,0,0,79,79,0,0,79,79,0,0,0,0,0,0,79,79,79,0,1.0,0.0,0.0,0.0,domestic_only,24
2,0,0,0,0,0,0,79,74,0,5,74,67,7,7,0,0,0,0,79,79,79,0,1.0,0.0,0.0,0.0,domestic_only,24
3,0,0,0,0,0,0,73,59,0,14,59,55,4,4,6,0,6,6,79,79,79,0,1.0,0.0,0.0,0.0,domestic_only,24
4,0,0,0,0,0,0,70,49,0,21,49,43,6,6,3,0,3,9,79,79,59,0,1.0,0.0,0.0,0.0,domestic_only,24
5,0,0,0,0,0,0,65,37,0,28,37,31,6,6,5,0,5,14,79,79,49,0,1.0,0.0,0.0,0.0,domestic_only,24
6,0,0,0,0,0,0,62,23,0,39,23,19,4,4,3,0,3,17,79,79,37,0,1.0,0.0,0.0,0.0,domestic_only,24
7,0,0,0,0,0,0,59,12,0,47,12,7,5,5,3,0,3,20,79,79,23,0,1.0,0.0,0.0,0.0,domestic_only,24
8,0,0,0,0,0,0,55,4,0,51,4,0,4,4,4,0,4,24,79,79,12,0,1.0,0.0,0.0,0.0,domestic_only,24
9,0,0,0,0,0,0,53,0,0,53,0,0,0,0,2,0,2,26,79,79,4,0,1.0,0.0,0.0,0.0,domestic_only,24
10,0,0,0,0,0,0,53,0,0,53,0,0,0,0,0,0,0,26,79,79,0,0,1.0,0.0,0.0,0.0,domestic_only,24
11,0,0,0,0,0,0,53,0,0,53,0,0,0,0,0,0,0,26,79,79,0,0,1.0,0.0,0.0,0.0,domestic_only,24
12,0,0,0,0,0,0,53,0,0,53,0,0,0,0,0,0,0,26,79,79,0,0,1.0,0.0,0.0,0.0,domestic_only,24
13,0,0,0,0,0,0,53,0,0,53,0,0,0,0,0,0,0,26,79,79,0,0,1.0,0.0,0.0,0.0,domestic_only,24
14,0,0,0,0,0,0,53,0,0,53,0,0,0,0,0,0,0,26,79,79,0,0,1.0,0.0,0.0,0.0,domestic_only,24
15,0,0,0,0,0,0,53,0,0,53,0,0,0,0,0,0,0,26,79,79,0,0,1.0,0.0,0.0,0.0,domestic_only,24
16,0,0,0,0,0,0,53,0,0,53,0,0,0,0,0,0,0,26,79,79,0,0,1.0,0.0,0.0,0.0,domestic_only,24
17,0,0,0,0,0,0,53,0,0,53,0,0,0,0,0,0,0,26,79,79,0,0,1.0,0.0,0.0,0.0,domestic_only,24
18,0,0,0,0,0,0,53,0,0,53,0,0,0,0,0,0,0,26,79,79,0,0,1.0,0.0,0.0,0.0,domestic_only,24
19,0,0,0,0,0,0,53,0,0,53,0,0,0,0,0,0,0,26,79,79,0,0,1.0,0.0,0.0,0.0,domestic_only,24
20,0,0,0,0,0,0,53,0,0,53,0,0,0,0,0,0,0,26,79,79,0,0,1.0,0.0,0.0,0.0,domestic_only,24
21,0,0,0,0,0,0,53,0,0,53,0,0,0,0,0,0,0,26,79,79,0,0,1.0,0.0,0.0,0.0,domestic_only,24
22,0,0,0,0,0,0,53,0,0,53,0,0,0,0,0,0,0,26,79,79,0,0,1.0,0.0,0.0,0.0,domestic_only,24
23,0,0,0,0,0,0,53,0,0,53,0,0,0,0,0,0,0,26,79,79,0,0,1.0,0.0,0.0,0.0,domestic_only,24
24,0,0,0,0,0,0,53,0,0,53,0,0,0,0,0,0,0,26,79,79,0,0,1.0,0.0,0.0,0.0,domestic_only,24
25,0,0,0,0,0,0,53,0,0,53,0,0,0,0,0,0,0,26,79,79,0,0,1.0,0.0,0.0,0.0,domestic_only,24
26,0,0,0,0,0,0,53,0,0,53,0,0,0,0,0,0,0,26,79,79,0,0,1.0,0.0,0.0,0.0,domestic_only,24
27,0,0,0,0,0,0,53,0,0,53,0,0,0,0,0,0,0,26,79,79,0,0,1.0,0.0,0.0,0.0,domestic_only,24
28,0,0,0,0,0,0,53,0,0,53,0,0,0,0,0,0,0,26,79,79,0,0,1.0,0.0,0.0,0.0,domestic_only,24
29,0,0,0,0,0,0,53,0,0,53,0,0,0,0,0,0,0,26,79,79,0,0,1.0,0.0,0.0,0.0,domestic_only,24
30,0,0,0,0,0,0,53,0,0,53,0,0,0,0,0,0,0,26,79,79,0,0,1.0,0.0,0.0,0.0,domestic_only,24
31,0,0,0,0,0,0,53,0,0,53,0,0,0,0,0,0,0,26,79,79,0,0,1.0,0.0,0.0,0.0,domestic_only,24
32,0,0,0,0,0,0,53,0,0,53,0,0,0,0,0,0,0,26,79,79,0,0,1.0,0.0,0.0,0.0,domestic_only,24
33,0,0,0,0,0,0,53,0,0,53,0,0,0,0,0,0,0,26,79,79,0,0,1.0,0.0,0.0,0.0,domestic_only,24
34,0,0,0,0,0,0,53,0,0,53,0,0,0,0,0,0,0,26,79,79,0,0,1.0,0.0,0.0,0.0,domestic_only,24
35,0,0,0,0,0,0,53,0,0,53,0,0,0,0,0,0,0,26,79,79,0,0,1.0,0.0,0.0,0.0,domestic_only,24
36,0,0,0,0,0,0,53,0,0,53,0,0,0,0,0,0,0,26,79,79,0,0,1.0,0.0,0.0,0.0,domestic_only,24
37,0,0,0,0,0,0,53,0,0,53,0,0,0,0,0,0,0,26,79,79,0,0,1.0,0.0,0.0,0.0,domestic_only,24
38,0,0,0,0,0,0,53,0,0,53,0,0,0,0,0,0,0,26,79,79,0,0,1.0,0.0,0.0,0.0,domestic_only,24
39,0,0,0,0,0,0,53,0,0,53,0,0,0,0,0,0,0,26,79,79,0,0,1.0,0.0,0.0,0.0,domestic_only,24
40,0,0,0,0,0,0,53,0,0,53,0,0,0,0,0,0,0,26,79,79,0,0,1.0,0.0,0.0,0.0,domestic_only,24
41,0,0,0,0,0,0,53,0,0,53,0,0,0,0,0,0,0,26,79,79,0,0,1.0,0.0,0.0,0.0,domestic_only,24
42,0,0,0,0,0,0,53,0,0,53,0,0,0,0,0,0,0,26,79,79,0,0,1.0,0.0,0.0,0.0,domestic_only,24
43,0,0,0,0,0,0,53,0,0,53,0,0,0,0,0,0,0,26,79,79,0,0,1.0,0.0,0.0,0.0,domestic_only,24
44,0,0,0,0,0,0,53,0,0,53,0,0,0,0,0,0,0,26,79,79,0,0,1.0,0.0,0.0,0.0,domestic_only,24
0,79,54,54,0,54,0,79,54,25,0,0,0,0,0,0,54,0,0,54,79,0,0,0.0,0.6835443037974683,0.0,0.0,customer_only,24
1,0,3,3,0,3,0,79,57,22,0,0,0,0,0,0,57,0,0,57,79,0,54,0.0,0.7215189873417721,0.0,0.0,customer_only,24
2,0,0,0,0,0,0,79,49,22,8,0,0,0,0,0,49,0,0,57,79,0,57,0.0,0.7215189873417721,0.0,0.0,customer_only,24
3,0,0,0,0,0,0,77,39,22,16,0,0,0,0,0,39,2,2,57,79,0,57,0.0,0.7215189873417721,0.0,0.0,customer_only,24
4,0,1,1,0,1,0,74,27,21,26,0,0,0,0,0,27,3,5,58,79,0,39,0.0,0.7341772151898734,0.0,0.0,customer_only,24
5,0,0,0,0,0,0,72,17,21,34,0,0,0,0,0,17,2,7,58,79,0,27,0.0,0.7341772151898734,0.0,0.0,customer_only,24
6,0,0,0,0,0,0,69,4,21,44,0,0,0,0,0,4,3,10,58,79,0,17,0.0,0.7341772151898734,0.0,0.0,customer_only,24
7,0,0,0,0,0,0,68,0,21,47,0,0,0,0,0,0,1,11,58,79,0,5,0.0,0.7341772151898734,0.0,0.0,customer_only,24
8,0,0,0,0,0,0,68,0,21,47,0,0,0,0,0,0,0,11,58,79,0,0,0.0,0.7341772151898734,0.0,0.0,customer_only,24
9,0,0,0,0,0,0,68,0,21,47,0,0,0,0,0,0,0,11,58,79,0,0,0.0,0.7341772151898734,0.0,0.0,customer_only,24
10,0,0,0,0,0,0,68,0,21,47,0,0,0,0,0,0,0,11,58,79,0,0,0.0,0.7341772151898734,0.0,0.0,customer_only,24
11,0,0,0,0,0,0,68,0,21,47,0,0,0,0,0,0,0,11,58,79,0,0,0.0,0.7341772151898734,0.0,0.0,customer_only,24
12,0,0,0,0,0,0,68,0,21,47,0,0,0,0,0,0,0,11,58,79,0,0,0.0,0.7341772151898734,0.0,0.0,customer_only,24
13,0,0,0,0,0,0,68,0,21,47,0,0,0,0,0,0,0,11,58,79,0,0,0.0,0.7341772151898734,0.0,0.0,customer_only,24
14,0,0,0,0,0,0,68,0,21,47,0,0,0,0,0,0,0,11,58,79,0,0,0.0,0.7341772151898734,0.0,0.0,customer_only,24
15,0,0,0,0,0,0,68,0,21,47,0,0,0,0,0,0,0,11,58,79,0,0,0.0,0.7341772151898734,0.0,0.0,customer_only,24
16,0,0,0,0,0,0,68,0,21,47,0,0,0,0,0,0,0,11,58,79,0,0,0.0,0.7341772151898734,0.0,0.0,customer_only,24
17,0,0,0,0,0,0,68,0,21,47,0,0,0,0,0,0,0,11,58,79,0,0,0.0,0.7341772151898734,0.0,0.0,customer_only,24
18,0,0,0,0,0,0,68,0,21,47,0,0,0,0,0,0,0,11,58,79,0,0,0.0,0.7341772151898734,0.0,0.0,customer_only,24
19,0,0,0,0,0,0,68,0,21,47,0,0,0,0,0,0,0,11,58,79,0,0,0.0,0.7341772151898734,0.0,0.0,customer_only,24
20,0,0,0,0,0,0,68,0,21,47,0,0,0,0,0,0,0,11,58,79,0,0,0.0,0.7341772151898734,0.0,0.0,customer_only,24
21,0,0,0,0,0,0,68,0,21,47,0,0,0,0,0,0,0,11,58,79,0,0,0.0,0.7341772151898734,0.0,0.0,customer_only,24
22,0,0,0,0,0,0,68,0,21,47,0,0,0,0,0,0,0,11,58,79,0,0,0.0,0.7341772151898734,0.0,0.0,customer_only,24
23,0,0,0,0,0,0,68,0,21,47,0,0,0,0,0,0,0,11,58,79,0,0,0.0,0.7341772151898734,0.0,0.0,customer_only,24
24,0,0,0,0,0,0,68,0,21,47,0,0,0,0,0,0,0,11,58,79,0,0,0.0,0.7341772151898734,0.0,0.0,customer_only,24
25,0,0,0,0,0,0,68,0,21,47,0,0,0,0,0,0,0,11,58,79,0,0,0.0,0.7341772151898734,0.0,0.0,customer_only,24
26,0,0,0,0,0,0,68,0,21,47,0,0,0,0,0,0,0,11,58,79,0,0,0.0,0.7341772151898734,0.0,0.0,customer_only,24
27,0,0,0,0,0,0,68,0,21,47,0,0,0,0,0,0,0,11,58,79,0,0,0.0,0.7341772151898734,0.0,0.0,customer_only,24
28,0,0,0,0,0,0,68,0,21,47,0,0,0,0,0,0,0,11,58,79,0,0,0.0,0.7341772151898734,0.0,0.0,customer_only,24
29,0,0,0,0,0,0,68,0,21,47,0,0,0,0,0,0,0,11,58,79,0,0,0.0,0.7341772151898734,0.0,0.0,customer_only,24
30,0,0,0,0,0,0,68,0,21,47,0,0,0,0,0,0,0,11,58,79,0,0,0.0,0.7341772151898734,0.0,0.0,customer_only,24
31,0,0,0,0,0,0,68,0,21,47,0,0,0,0,0,0,0,11,58,79,0,0,0.0,0.7341772151898734,0.0,0.0,customer_only,24
32,0,0,0,0,0,0,68,0,21,47,0,0,0,0,0,0,0,11,58,79,0,0,0.0,0.7341772151898734,0.0,0.0,customer_only,24
33,0,0,0,0,0,0,68,0,21,47,0,0,0,0,0,0,0,11,58,79,0,0,0.0,0.7341772151898734,0.0,0.0,customer_only,24
34,0,0,0,0,0,0,68,0,21,47,0,0,0,0,0,0,0,11,58,79,0,0,0.0,0.7341772151898734,0.0,0.0,customer_only,24
35,0,0,0,0,0,0,68,0,21,47,0,0,0,0,0,0,0,11,58,79,0,0,0.0,0.7341772151898734,0.0,0.0,customer_only,24
36,0,0,0,0,0,0,68,0,21,47,0,0,0,0,0,0,0,11,58,79,0,0,0.0,0.7341772151898734,0.0,0.0,customer_only,24
37,0,0,0,0,0,0,68,0,21,47,0,0,0,0,0,0,0,11,58,79,0,0,0.0,0.7341772151898734,0.0,0.0,customer_only,24
38,0,0,0,0,0,0,68,0,21,47,0,0,0,0,0,0,0,11,58,79,0,0,0.0,0.7341772151898734,0.0,0.0,customer_only,24
39,0,0,0,0,0,0,68,0,21,47,0,0,0,0,0,0,0,11,58,79,0,0,0.0,0.7341772151898734,0.0,0.0,customer_only,24
40,0,0,0,0,0,0,68,0,21,47,0,0,0,0,0,0,0,11,58,79,0,0,0.0,0.7341772151898734,0.0,0.0,customer_only,24
41,0,0,0,0,0,0,68,0,21,47,0,0,0,0,0,0,0,11,58,79,0,0,0.0,0.7341772151898734,0.0,0.0,customer_only,24
42,0,0,0,0,0,0,68,0,21,47,0,0,0,0,0,0,0,11,58,79,0,0,0.0,0.7341772151898734,0.0,0.0,customer_only,24
43,0,0,0,0,0,0,68,0,21,47,0,0,0,0,0,0,0,11,58,79,0,0,0.0,0.7341772151898734,0.0,0.0,customer_only,24
44,0,0,0,0,0,0,68,0,21,47,0,0,0,0,0,0,0,11,58,79,0,0,0.0,0.7341772151898734,0.0,0.0,customer_only,24
0,79,79,79,70,16,0,79,79,0,0,70,70,0,0,0,16,0,0,79,79,0,0,0.8860759493670886,0.20253164556962025,0.0,0.0,both,24
1,0,0,0,0,0,0,79,79,0,0,70,70,0,0,0,16,0,0,79,79,70,16,0.8860759493670886,0.20253164556962025,0.0,0.0,both,24
2,0,0,0,0,0,0,79,68,0,11,65,58,7,7,0,10,0,0,79,79,70,16,0.8860759493670886,0.20253164556962025,0.0,0.0,both,24
3,0,0,0,7,2,9,70,58,0,12,56,52,4,4,6,4,9,9,79,79,70,16,0.9746835443037974,0.22784810126582278,2.0,7.0,both,24
4,0,0,0,1,5,6,66,50,0,16,46,40,6,6,3,7,4,13,79,79,56,4,0.9873417721518988,0.2911392405063291,5.0,1.0,both,24
5,0,0,0,0,6,6,62,45,0,17,36,28,8,8,4,11,4,17,79,79,46,7,0.9873417721518988,0.3670886075949367,6.0,0.0,both,24
6,0,0,0,0,4,4,56,29,0,27,18,16,2,2,6,12,6,23,79,79,36,13,0.9873417721518988,0.4177215189873418,4.0,0.0,both,24
7,0,0,0,0,9,9,52,22,0,30,10,4,6,6,2,12,4,27,79,79,18,15,0.9873417721518988,0.5316455696202531,9.0,0.0,both,24
8,0,0,0,0,0,0,46,11,0,35,2,0,2,2,5,9,6,33,79,79,10,19,0.9873417721518988,0.5316455696202531,0.0,0.0,both,24
9,0,0,0,0,0,0,42,2,0,40,0,0,0,0,2,2,4,37,79,79,2,13,0.9873417721518988,0.5316455696202531,0.0,0.0,both,24
10,0,0,0,0,0,0,41,0,0,41,0,0,0,0,0,0,1,38,79,79,0,9,0.9873417721518988,0.5316455696202531,0.0,0.0,both,24
11,0,0,0,0,1,1,41,1,0,40,0,0,0,0,0,1,0,38,79,79,0,0,0.9873417721518988,0.5443037974683544,1.0,0.0,both,24
12,0,0,0,0,0,0,41,1,0,40,0,0,0,0,0,1,0,38,79,79,0,1,0.9873417721518988,0.5443037974683544,0.0,0.0,both,24
13,0,0,0,0,0,0,41,1,0,40,0,0,0,0,0,1,0,38,79,79,0,1,0.9873417721518988,0.5443037974683544,0.0,0.0,both,24
14,0,0,0,0,0,0,41,0,0,41,0,0,0,0,0,0,0,38,79,79,0,1,0.9873417721518988,0.5443037974683544,0.0,0.0,both,24
15,0,0,0,0,0,0,41,0,0,41,0,0,0,0,0,0,0,38,79,79,0,0,0.9873417721518988,0.5443037974683544,0.0,0.0,both,24
16,0,0,0,0,0,0,41,0,0,41,0,0,0,0,0,0,0,38,79,79,0,0,0.9873417721518988,0.5443037974683544,0.0,0.0,both,24
17,0,0,0,0,0,0,41,0,0,41,0,0,0,0,0,0,0,38,79,79,0,0,0.9873417721518988,0.5443037974683544,0.0,0.0,both,24
18,0,0,0,0,0,0,41,0,0,41,0,0,0,0,0,0,0,38,79,79,0,0,0.9873417721518988,0.5443037974683544,0.0,0.0,both,24
19,0,0,0,0,0,0,41,0,0,41,0,0,0,0,0,0,0,38,79,79,0,0,0.9873417721518988,0.5443037974683544,0.0,0.0,both,24
20,0,0,0,0,0,0,41,0,0,41,0,0,0,0,0,0,0,38,79,79,0,0,0.9873417721518988,0.5443037974683544,0.0,0.0,both,24
21,0,0,0,0,0,0,41,0,0,41,0,0,0,0,0,0,0,38,79,79,0,0,0.9873417721518988,0.5443037974683544,0.0,0.0,both,24
22,0,0,0,0,0,0,41,0,0,41,0,0,0,0,0,0,0,38,79,79,0,0,0.9873417721518988,0.5443037974683544,0.0,0.0,both,24
23,0,0,0,0,0,0,41,0,0,41,0,0,0,0,0,0,0,38,79,79,0,0,0.9873417721518988,0.5443037974683544,0.0,0.0,both,24
24,0,0,0,0,0,0,41,0,0,41,0,0,0,0,0,0,0,38,79,79,0,0,0.9873417721518988,0.5443037974683544,0.0,0.0,both,24
25,0,0,0,0,0,0,41,0,0,41,0,0,0,0,0,0,0,38,79,79,0,0,0.9873417721518988,0.5443037974683544,0.0,0.0,both,24
26,0,0,0,0,0,0,41,0,0,41,0,0,0,0,0,0,0,38,79,79,0,0,0.9873417721518988,0.5443037974683544,0.0,0.0,both,24
27,0,0,0,0,0,0,41,0,0,41,0,0,0,0,0,0,0,38,79,79,0,0,0.9873417721518988,0.5443037974683544,0.0,0.0,both,24
28,0,0,0,0,0,0,41,0,0,41,0,0,0,0,0,0,0,38,79,79,0,0,0.9873417721518988,0.5443037974683544,0.0,0.0,both,24
29,0,0,0,0,0,0,41,0,0,41,0,0,0,0,0,0,0,38,79,79,0,0,0.9873417721518988,0.5443037974683544,0.0,0.0,both,24
30,0,0,0,0,0,0,41,0,0,41,0,0,0,0,0,0,0,38,79,79,0,0,0.9873417721518988,0.5443037974683544,0.0,0.0,both,24
31,0,0,0,0,0,0,41,0,0,41,0,0,0,0,0,0,0,38,79,79,0,0,0.9873417721518988,0.5443037974683544,0.0,0.0,both,24
32,0,0,0,0,0,0,41,0,0,41,0,0,0,0,0,0,0,38,79,79,0,0,0.9873417721518988,0.5443037974683544,0.0,0.0,both,24
33,0,0,0,0,0,0,41,0,0,41,0,0,0,0,0,0,0,38,79,79,0,0,0.9873417721518988,0.5443037974683544,0.0,0.0,both,24
34,0,0,0,0,0,0,41,0,0,41,0,0,0,0,0,0,0,38,79,79,0,0,0.9873417721518988,0.5443037974683544,0.0,0.0,both,24
35,0,0,0,0,0,0,41,0,0,41,0,0,0,0,0,0,0,38,79,79,0,0,0.9873417721518988,0.5443037974683544,0.0,0.0,both,24
36,0,0,0,0,0,0,41,0,0,41,0,0,0,0,0,0,0,38,79,79,0,0,0.9873417721518988,0.5443037974683544,0.0,0.0,both,24
37,0,0,0,0,0,0,41,0,0,41,0,0,0,0,0,0,0,38,79,79,0,0,0.9873417721518988,0.5443037974683544,0.0,0.0,both,24
38,0,0,0,0,0,0,41,0,0,41,0,0,0,0,0,0,0,38,79,79,0,0,0.9873417721518988,0.5443037974683544,0.0,0.0,both,24
39,0,0,0,0,0,0,41,0,0,41,0,0,0,0,0,0,0,38,79,79,0,0,0.9873417721518988,0.5443037974683544,0.0,0.0,both,24
40,0,0,0,0,0,0,41,0,0,41,0,0,0,0,0,0,0,38,79,79,0,0,0.9873417721518988,0.5443037974683544,0.0,0.0,both,24
41,0,0,0,0,0,0,41,0,0,41,0,0,0,0,0,0,0,38,79,79,0,0,0.9873417721518988,0.5443037974683544,0.0,0.0,both,24
42,0,0,0,0,0,0,41,0,0,41,0,0,0,0,0,0,0,38,79,79,0,0,0.9873417721518988,0.5443037974683544,0.0,0.0,both,24
43,0,0,0,0,0,0,41,0,0,41,0,0,0,0,0,0,0,38,79,79,0,0,0.9873417721518988,0.5443037974683544,0.0,0.0,both,24
44,0,0,0,0,0,0,41,0,0,41,0,0,0,0,0,0,0,38,79,79,0,0,0.9873417721518988,0.5443037974683544,0.0,0.0,both,24
0,82,82,82,82,0,0,82,82,0,0,82,82,0,0,0,0,0,0,82,82,0,0,1.0,0.0,0.0,0.0,domestic_only,25
1,0,0,0,0,0,0,82,82,0,0,82,82,0,0,0,0,0,0,82,82,82,0,1.0,0.0,0.0,0.0,domestic_only,25
2,0,0,0,0,0,0,82,77,0,5,77,70,7,7,0,0,0,0,82,82,82,0,1.0,0.0,0.0,0.0,domestic_only,25
3,0,0,0,0,0,0,78,62,0,16,62,58,4,4,4,0,4,4,82,82,82,0,1.0,0.0,0.0,0.0,domestic_only,25
4,0,0,0,0,0,0,74,54,0,20,54,46,8,8,4,0,4,8,82,82,62,0,1.0,0.0,0.0,0.0,domestic_only,25
5,0,0,0,0,0,0,68,39,0,29,39,34,5,5,6,0,6,14,82,82,54,0,1.0,0.0,0.0,0.0,domestic_only,25
6,0,0,0,0,0,0,64,28,0,36,28,22,6,6,4,0,4,18,82,82,39,0,1.0,0.0,0.0,0.0,domestic_only,25
7,0,0,0,0,0,0,60,16,0,44,16,10,6,6,4,0,4,22,82,82,28,0,1.0,0.0,0.0,0.0,domestic_only,25
8,0,0,0,0,0,0,56,6,0,50,6,0,6,6,4,0,4,26,82,82,16,0,1.0,0.0,0.0,0.0,domestic_only,25
9,0,0,0,0,0,0,51,0,0,51,0,0,0,0,5,0,5,31,82,82,6,0,1.0,0.0,0.0,0.0,domestic_only,25
10,0,0,0,0,0,0,51,0,0,51,0,0,0,0,0,0,0,31,82,82,0,0,1.0,0.0,0.0,0.0,domestic_only,25
11,0,0,0,0,0,0,51,0,0,51,0,0,0,0,0,0,0,31,82,82,0,0,1.0,0.0,0.0,0.0,domestic_only,25
12,0,0,0,0,0,0,51,0,0,51,0,0,0,0,0,0,0,31,82,82,0,0,1.0,0.0,0.0,0.0,domestic_only,25
13,0,0,0,0,0,0,51,0,0,51,0,0,0,0,0,0,0,31,82,82,0,0,1.0,0.0,0.0,0.0,domestic_only,25
14,0,0,0,0,0,0,51,0,0,51,0,0,0,0,0,0,0,31,82,82,0,0,1.0,0.0,0.0,0.0,domestic_only,25
15,0,0,0,0,0,0,51,0,0,51,0,0,0,0,0,0,0,31,82,82,0,0,1.0,0.0,0.0,0.0,domestic_only,25
16,0,0,0,0,0,0,51,0,0,51,0,0,0,0,0,0,0,31,82,82,0,0,1.0,0.0,0.0,0.0,domestic_only,25
17,0,0,0,0,0,0,51,0,0,51,0,0,0,0,0,0,0,31,82,82,0,0,1.0,0.0,0.0,0.0,domestic_only,25
18,0,0,0,0,0,0,51,0,0,51,0,0,0,0,0,0,0,31,82,82,0,0,1.0,0.0,0.0,0.0,domestic_only,25
19,0,0,0,0,0,0,51,0,0,51,0,0,0,0,0,0,0,31,82,82,0,0,1.0,0.0,0.0,0.0,domestic_only,25
20,0,0,0,0,0,0,51,0,0,51,0,0,0,0,0,0,0,31,82,82,0,0,1.0,0.0,0.0,0.0,domestic_only,25
21,0,0,0,0,0,0,51,0,0,51,0,0,0,0,0,0,0,31,82,82,0,0,1.0,0.0,0.0,0.0,domestic_only,25
22,0,0,0,0,0,0,51,0,0,51,0,0,0,0,0,0,0,31,82,82,0,0,1.0,0.0,0.0,0.0,domestic_only,25
23,0,0,0,0,0,0,51,0,0,51,0,0,0,0,0,0,0,31,82,82,0,0,1.0,0.0,0.0,0.0,domestic_only,25
24,0,0,0,0,0,0,51,0,0,51,0,0,0,0,0,0,0,31,82,82,0,0,1.0,0.0,0.0,0.0,domestic_only,25
25,0,0,0,0,0,0,51,0,0,51,0,0,0,0,0,0,0,31,82,82,0,0,1.0,0.0,0.0,0.0,domestic_only,25
26,0,0,0,0,0,0,51,0,0,51,0,0,0,0,0,0,0,31,82,82,0,0,1.0,0.0,0.0,0.0,domestic_only,25
27,0,0,0,0,0,0,51,0,0,51,0,0,0,0,0,0,0,31,82,82,0,0,1.0,0.0,0.0,0.0,domestic_only,25
28,0,0,0,0,0,0,51,0,0,51,0,0,0,0,0,0,0,31,82,82,0,0,1.0,0.0,0.0,0.0,domestic_only,25
29,0,0,0,0,0,0,51,0,0,51,0,0,0,0,0,0,0,31,82,82,0,0,1.0,0.0,0.0,0.0,domestic_only,25
30,0,0,0,0,0,0,51,0,0,51,0,0,0,0,0,0,0,31,82,82,0,0,1.0,0.0,0.0,0.0,domestic_only,25
31,0,0,0,0,0,0,51,0,0,51,0,0,0,0,0,0,0,31,82,82,0,0,1.0,0.0,0.0,0.0,domestic_only,25
32,0,0,0,0,0,0,51,0,0,51,0,0,0,0,0,0,0,31,82,82,0,0,1.0,0.0,0.0,0.0,domestic_only,25
33,0,0,0,0,0,0,51,0,0,51,0,0,0,0,0,0,0,31,82,82,0,0,1.0,0.0,0.0,0.0,domestic_only,25
34,0,0,0,0,0,0,51,0,0,51,0,0,0,0,0,0,0,31,82,82,0,0,1.0,0.0,0.0,0.0,domestic_only,25
35,0,0,0,0,0,0,51,0,0,51,0,0,0,0,0,0,0,31,82,82,0,0,1.0,0.0,0.0,0.0,domestic_only,25
36,0,0,0,0,0,0,51,0,0,51,0,0,0,0,0,0,0,31,82,82,0,0,1.0,0.0,0.0,0.0,domestic_only,25
37,0,0,0,0,0,0,51,0,0,51,0,0,0,0,0,0,0,31,82,82,0,0,1.0,0.0,0.0,0.0,domestic_only,25
38,0,0,0,0,0,0,51,0,0,51,0,0,0,0,0,0,0,31,82,82,0,0,1.0,0.0,0.0,0.0,domestic_only,25
39,0,0,0,0,0,0,51,0,0,51,0,0,0,0,0,0,0,31,82,82,0,0,1.0,0.0,0.0,0.0,domestic_only,25
40,0,0,0,0,0,0,51,0,0,51,0,0,0,0,0,0,0,31,82,82,0,0,1.0,0.0,0.0,0.0,domestic_only,25
41,0,0,0,0,0,0,51,0,0,51,0,0,0,0,0,0,0,31,82,82,0,0,1.0,0.0,0.0,0.0,domestic_only,25
42,0,0,0,0,0,0,51,0,0,51,0,0,0,0,0,0,0,31,82,82,0,0,1.0,0.0,0.0,0.0,domestic_only,25
43,0,0,0,0,0,0,51,0,0,51,0,0,0,0,0,0,0,31,82,82,0,0,1.0,0.0,0.0,0.0,domestic_only,25
44,0,0,0,0,0,0,51,0,0,51,0,0,0,0,0,0,0,31,82,82,0,0,1.0,0.0,0.0,0.0,domestic_only,25
0,82,54,54,0,54,0,82,54,28,0,0,0,0,0,0,54,0,0,54,82,0,0,0.0,0.6585365853658537,0.0,0.0,customer_only,25
1,0,7,7,0,7,0,82,61,21,0,0,0,0,0,0,61,0,0,61,82,0,54,0.0,0.7439024390243902,0.0,0.0,customer_only,25
2,0,0,0,0,0,0,82,54,21,7,0,0,0,0,0,54,0,0,61,82,0,61,0.0,0.7439024390243902,0.0,0.0,customer_only,25
3,0,0,0,0,0,0,80,44,21,15,0,0,0,0,0,44,2,2,61,82,0,61,0.0,0.7439024390243902,0.0,0.0,customer_only,25
4,0,0,0,0,0,0,76,30,21,25,0,0,0,0,0,30,4,6,61,82,0,44,0.0,0.7439024390243902,0.0,0.0,customer_only,25
5,0,0,0,0,0,0,74,20,21,33,0,0,0,0,0,20,2,8,61,82,0,30,0.0,0.7439024390243902,0.0,0.0,customer_only,25
6,0,0,0,0,0,0,69,6,21,42,0,0,0,0,0,6,5,13,61,82,0,20,0.0,0.7439024390243902,0.0,0.0,customer_only,25
7,0,1,1,0,1,0,65,2,20,43,0,0,0,0,0,2,4,17,62,82,0,6,0.0,0.7560975609756098,0.0,0.0,customer_only,25
8,0,2,2,0,2,0,64,3,18,43,0,0,0,0,0,3,1,18,64,82,0,2,0.0,0.7804878048780488,0.0,0.0,customer_only,25
9,0,0,0,0,0,0,64,3,18,43,0,0,0,0,0,3,0,18,64,82,0,3,0.0,0.7804878048780488,0.0,0.0,customer_only,25
10,0,0,0,0,0,0,63,1,18,44,0,0,0,0,0,1,1,19,64,82,0,3,0.0,0.7804878048780488,0.0,0.0,customer_only,25
11,0,0,0,0,0,0,63,0,18,45,0,0,0,0,0,0,0,19,64,82,0,2,0.0,0.7804878048780488,0.0,0.0,customer_only,25
12,0,0,0,0,0,0,63,0,18,45,0,0,0,0,0,0,0,19,64,82,0,0,0.0,0.7804878048780488,0.0,0.0,customer_only,25
13,0,0,0,0,0,0,63,0,18,45,0,0,0,0,0,0,0,19,64,82,0,0,0.0,0.7804878048780488,0.0,0.0,customer_only,25
14,0,0,0,0,0,0,63,0,18,45,0,0,0,0,0,0,0,19,64,82,0,0,0.0,0.7804878048780488,0.0,0.0,customer_only,25
15,0,0,0,0,0,0,63,0,18,45,0,0,0,0,0,0,0,19,64,82,0,0,0.0,0.7804878048780488,0.0,0.0,customer_only,25
16,0,0,0,0,0,0,63,0,18,45,0,0,0,0,0,0,0,19,64,82,0,0,0.0,0.7804878048780488,0.0,0.0,customer_only,25
17,0,0,0,0,0,0,63,0,18,45,0,0,0,0,0,0,0,19,64,82,0,0,0.0,0.7804878048780488,0.0,0.0,customer_only,25
18,0,0,0,0,0,0,63,0,18,45,0,0,0,0,0,0,0,19,64,82,0,0,0.0,0.7804878048780488,0.0,0.0,customer_only,25
19,0,0,0,0,0,0,63,0,18,45,0,0,0,0,0,0,0,19,64,82,0,0,0.0,0.7804878048780488,0.0,0.0,customer_only,25
20,0,0,0,0,0,0,63,0,18,45,0,0,0,0,0,0,0,19,64,82,0,0,0.0,0.7804878048780488,0.0,0.0,customer_only,25
21,0,0,0,0,0,0,63,0,18,45,0,0,0,0,0,0,0,19,64,82,0,0,0.0,0.7804878048780488,0.0,0.0,customer_only,25
22,0,0,0,0,0,0,63,0,18,45,0,0,0,0,0,0,0,19,64,82,0,0,0.0,0.7804878048780488,0.0,0.0,customer_only,25
23,0,0,0,0,0,0,63,0,18,45,0,0,0,0,0,0,0,19,64,82,0,0,0.0,0.7804878048780488,0.0,0.0,customer_only,25
24,0,0,0,0,0,0,63,0,18,45,0,0,0,0,0,0,0,19,64,82,0,0,0.0,0.7804878048780488,0.0,0.0,customer_only,25
25,0,0,0,0,0,0,63,0,18,45,0,0,0,0,0,0,0,19,64,82,0,0,0.0,0.7804878048780488,0.0,0.0,customer_only,25
26,0,0,0,0,0,0,63,0,18,45,0,0,0,0,0,0,0,19,64,82,0,0,0.0,0.7804878048780488,0.0,0.0,customer_only,25
27,0,0,0,0,0,0,63,0,18,45,0,0,0,0,0,0,0,19,64,82,0,0,0.0,0.7804878048780488,0.0,0.0,customer_only,25
28,0,0,0,0,0,0,63,0,18,45,0,0,0,0,0,0,0,19,64,82,0,0,0.0,0.7804878048780488,0.0,0.0,customer_only,25
29,0,0,0,0,0,0,63,0,18,45,0,0,0,0,0,0,0,19,64,82,0,0,0.0,0.7804878048780488,0.0,0.0,customer_only,25
30,0,0,0,0,0,0,63,0,18,45,0,0,0,0,0,0,0,19,64,82,0,0,0.0,0.7804878048780488,0.0,0.0,customer_only,25
31,0,0,0,0,0,0,63,0,18,45,0,0,0,0,0,0,0,19,64,82,0,0,0.0,0.7804878048780488,0.0,0.0,customer_only,25
32,0,0,0,0,0,0,63,0,18,45,0,0,0,0,0,0,0,19,64,82,0,0,0.0,0.7804878048780488,0.0,0.0,customer_only,25
33,0,0,0,0,0,0,63,0,18,45,0,0,0,0,0,0,0,19,64,82,0,0,0.0,0.7804878048780488,0.0,0.0,customer_only,25
34,0,0,0,0,0,0,63,0,18,45,0,0,0,0,0,0,0,19,64,82,0,0,0.0,0.7804878048780488,0.0,0.0,customer_only,25
35,0,0,0,0,0,0,63,0,18,45,0,0,0,0,0,0,0,19,64,82,0,0,0.0,0.7804878048780488,0.0,0.0,customer_only,25
36,0,0,0,0,0,0,63,0,18,45,0,0,0,0,0,0,0,19,64,82,0,0,0.0,0.7804878048780488,0.0,0.0,customer_only,25
37,0,0,0,0,0,0,63,0,18,45,0,0,0,0,0,0,0,19,64,82,0,0,0.0,0.7804878048780488,0.0,0.0,customer_only,25
38,0,0,0,0,0,0,63,0,18,45,0,0,0,0,0,0,0,19,64,82,0,0,0.0,0.7804878048780488,0.0,0.0,customer_only,25
39,0,0,0,0,0,0,63,0,18,45,0,0,0,0,0,0,0,19,64,82,0,0,0.0,0.7804878048780488,0.0,0.0,customer_only,25
40,0,0,0,0,0,0,63,0,18,45,0,0,0,0,0,0,0,19,64,82,0,0,0.0,0.7804878048780488,0.0,0.0,customer_only,25
41,0,0,0,0,0,0,63,0,18,45,0,0,0,0,0,0,0,19,64,82,0,0,0.0,0.7804878048780488,0.0,0.0,customer_only,25
42,0,0,0,0,0,0,63,0,18,45,0,0,0,0,0,0,0,19,64,82,0,0,0.0,0.7804878048780488,0.0,0.0,customer_only,25
43,0,0,0,0,0,0,63,0,18,45,0,0,0,0,0,0,0,19,64,82,0,0,0.0,0.7804878048780488,0.0,0.0,customer_only,25
44,0,0,0,0,0,0,63,0,18,45,0,0,0,0,0,0,0,19,64,82,0,0,0.0,0.7804878048780488,0.0,0.0,customer_only,25
0,82,82,82,72,11,0,82,82,0,0,72,72,0,0,0,11,0,0,82,82,0,0,0.8780487804878049,0.13414634146341464,0.0,0.0,both,25
1,0,0,0,0,0,0,82,82,0,0,72,72,0,0,0,11,0,0,82,82,72,11,0.8780487804878049,0.13414634146341464,0.0,0.0,both,25
2,0,0,0,0,0,0,82,74,0,8,68,60,8,8,0,6,0,0,82,82,72,11,0.8780487804878049,0.13414634146341464,0.0,0.0,both,25
3,0,0,0,7,2,9,73,62,0,11,60,53,7,7,6,2,9,9,82,82,72,11,0.9634146341463414,0.15853658536585366,2.0,7.0,both,25
4,0,0,0,2,6,8,66,58,0,8,50,43,7,7,7,8,7,16,82,82,62,2,0.9878048780487805,0.23170731707317074,6.0,2.0,both,25
5,0,0,0,0,7,7,61,46,0,15,36,31,5,5,5,13,5,21,82,82,52,8,0.9878048780487805,0.3170731707317073,7.0,0.0,both,25
6,0,0,0,0,9,9,57,39,0,18,24,19,5,5,4,19,4,25,82,82,38,15,0.9878048780487805,0.4268292682926829,9.0,0.0,both,25
7,0,0,0,0,5,5,49,25,0,24,12,7,5,5,5,15,8,33,82,82,24,22,0.9878048780487805,0.4878048780487805,5.0,0.0,both,25
8,0,0,0,0,3,3,44,13,0,31,5,0,5,5,4,8,5,38,82,82,12,21,0.9878048780487805,0.524390243902439,3.0,0.0,both,25
9,0,0,0,0,1,1,39,7,0,32,0,0,0,0,5,7,5,43,82,82,5,17,0.9878048780487805,0.5365853658536586,1.0,0.0,both,25
10,0,0,0,0,0,0,37,3,0,34,0,0,0,0,0,3,2,45,82,82,0,9,0.9878048780487805,0.5365853658536586,0.0,0.0,both,25
11,0,0,0,0,0,0,36,1,0,35,0,0,0,0,0,1,1,46,82,82,0,4,0.9878048780487805,0.5365853658536586,0.0,0.0,both,25
12,0,0,0,0,0,0,36,0,0,36,0,0,0,0,0,0,0,46,82,82,0,1,0.9878048780487805,0.5365853658536586,0.0,0.0,both,25
13,0,0,0,0,0,0,36,0,0,36,0,0,0,0,0,0,0,46,82,82,0,0,0.9878048780487805,0.5365853658536586,0.0,0.0,both,25
14,0,0,0,0,0,0,36,0,0,36,0,0,0,0,0,0,0,46,82,82,0,0,0.9878048780487805,0.5365853658536586,0.0,0.0,both,25
15,0,0,0,0,0,0,36,0,0,36,0,0,0,0,0,0,0,46,82,82,0,0,0.9878048780487805,0.5365853658536586,0.0,0.0,both,25
16,0,0,0,0,0,0,36,0,0,36,0,0,0,0,0,0,0,46,82,82,0,0,0.9878048780487805,0.5365853658536586,0.0,0.0,both,25
17,0,0,0,0,0,0,36,0,0,36,0,0,0,0,0,0,0,46,82,82,0,0,0.9878048780487805,0.5365853658536586,0.0,0.0,both,25
18,0,0,0,0,0,0,36,0,0,36,0,0,0,0,0,0,0,46,82,82,0,0,0.9878048780487805,0.5365853658536586,0.0,0.0,both,25
19,0,0,0,0,0,0,36,0,0,36,0,0,0,0,0,0,0,46,82,82,0,0,0.9878048780487805,0.5365853658536586,0.0,0.0,both,25
20,0,0,0,0,0,0,36,0,0,36,0,0,0,0,0,0,0,46,82,82,0,0,0.9878048780487805,0.5365853658536586,0.0,0.0,both,25
21,0,0,0,0,0,0,36,0,0,36,0,0,0,0,0,0,0,46,82,82,0,0,0.9878048780487805,0.5365853658536586,0.0,0.0,both,25
22,0,0,0,0,0,0,36,0,0,36,0,0,0,0,0,0,0,46,82,82,0,0,0.9878048780487805,0.5365853658536586,0.0,0.0,both,25
23,0,0,0,0,0,0,36,0,0,36,0,0,0,0,0,0,0,46,82,82,0,0,0.9878048780487805,0.5365853658536586,0.0,0.0,both,25
24,0,0,0,0,0,0,36,0,0,36,0,0,0,0,0,0,0,46,82,82,0,0,0.9878048780487805,0.5365853658536586,0.0,0.0,both,25
25,0,0,0,0,0,0,36,0,0,36,0,0,0,0,0,0,0,46,82,82,0,0,0.9878048780487805,0.5365853658536586,0.0,0.0,both,25
26,0,0,0,0,0,0,36,0,0,36,0,0,0,0,0,0,0,46,82,82,0,0,0.9878048780487805,0.5365853658536586,0.0,0.0,both,25
27,0,0,0,0,0,0,36,0,0,36,0,0,0,0,0,0,0,46,82,82,0,0,0.9878048780487805,0.5365853658536586,0.0,0.0,both,25
28,0,0,0,0,0,0,36,0,0,36,0,0,0,0,0,0,0,46,82,82,0,0,0.9878048780487805,0.5365853658536586,0.0,0.0,both,25
29,0,0,0,0,0,0,36,0,0,36,0,0,0,0,0,0,0,46,82,82,0,0,0.9878048780487805,0.5365853658536586,0.0,0.0,both,25
30,0,0,0,0,0,0,36,0,0,36,0,0,0,0,0,0,0,46,82,82,0,0,0.9878048780487805,0.5365853658536586,0.0,0.0,both,25
31,0,0,0,0,0,0,36,0,0,36,0,0,0,0,0,0,0,46,82,82,0,0,0.9878048780487805,0.5365853658536586,0.0,0.0,both,25
32,0,0,0,0,0,0,36,0,0,36,0,0,0,0,0,0,0,46,82,82,0,0,0.9878048780487805,0.5365853658536586,0.0,0.0,both,25
33,0,0,0,0,0,0,36,0,0,36,0,0,0,0,0,0,0,46,82,82,0,0,0.9878048780487805,0.5365853658536586,0.0,0.0,both,25
34,0,0,0,0,0,0,36,0,0,36,0,0,0,0,0,0,0,46,82,82,0,0,0.9878048780487805,0.5365853658536586,0.0,0.0,both,25
35,0,0,0,0,0,0,36,0,0,36,0,0,0,0,0,0,0,46,82,82,0,0,0.9878048780487805,0.5365853658536586,0.0,0.0,both,25
36,0,0,0,0,0,0,36,0,0,36,0,0,0,0,0,0,0,46,82,82,0,0,0.9878048780487805,0.5365853658536586,0.0,0.0,both,25
37,0,0,0,0,0,0,36,0,0,36,0,0,0,0,0,0,0,46,82,82,0,0,0.9878048780487805,0.5365853658536586,0.0,0.0,both,25
38,0,0,0,0,0,0,36,0,0,36,0,0,0,0,0,0,0,46,82,82,0,0,0.9878048780487805,0.5365853658536586,0.0,0.0,both,25
39,0,0,0,0,0,0,36,0,0,36,0,0,0,0,0,0,0,46,82,82,0,0,0.9878048780487805,0.5365853658536586,0.0,0.0,both,25
40,0,0,0,0,0,0,36,0,0,36,0,0,0,0,0,0,0,46,82,82,0,0,0.9878048780487805,0.5365853658536586,0.0,0.0,both,25
41,0,0,0,0,0,0,36,0,0,36,0,0,0,0,0,0,0,46,82,82,0,0,0.9878048780487805,0.5365853658536586,0.0,0.0,both,25
42,0,0,0,0,0,0,36,0,0,36,0,0,0,0,0,0,0,46,82,82,0,0,0.9878048780487805,0.5365853658536586,0.0,0.0,both,25
43,0,0,0,0,0,0,36,0,0,36,0,0,0,0,0,0,0,46,82,82,0,0,0.9878048780487805,0.5365853658536586,0.0,0.0,both,25
44,0,0,0,0,0,0,36,0,0,36,0,0,0,0,0,0,0,46,82,82,0,0,0.9878048780487805,0.5365853658536586,0.0,0.0,both,25
0,74,74,74,74,0,0,74,74,0,0,74,74,0,0,0,0,0,0,74,74,0,0,1.0,0.0,0.0,0.0,domestic_only,26
1,0,0,0,0,0,0,74,74,0,0,74,74,0,0,0,0,0,0,74,74,74,0,1.0,0.0,0.0,0.0,domestic_only,26
2,0,0,0,0,0,0,74,68,0,6,68,62,6,6,0,0,0,0,74,74,74,0,1.0,0.0,0.0,0.0,domestic_only,26
3,0,0,0,0,0,0,70,55,0,15,55,50,5,5,4,0,4,4,74,74,74,0,1.0,0.0,0.0,0.0,domestic_only,26
4,0,0,0,0,0,0,66,41,0,25,41,38,3,3,4,0,4,8,74,74,55,0,1.0,0.0,0.0,0.0,domestic_only,26
5,0,0,0,0,0,0,63,31,0,32,31,26,5,5,3,0,3,11,74,74,41,0,1.0,0.0,0.0,0.0,domestic_only,26
6,0,0,0,0,0,0,58,20,0,38,20,14,6,6,5,0,5,16,74,74,31,0,1.0,0.0,0.0,0.0,domestic_only,26
7,0,0,0,0,0,0,53,8,0,45,8,2,6,6,5,0,5,21,74,74,20,0,1.0,0.0,0.0,0.0,domestic_only,26
8,0,0,0,0,0,0,47,1,0,46,1,0,1,1,6,0,6,27,74,74,8,0,1.0,0.0,0.0,0.0,domestic_only,26
9,0,0,0,0,0,0,46,0,0,46,0,0,0,0,1,0,1,28,74,74,1,0,1.0,0.0,0.0,0.0,domestic_only,26
10,0,0,0,0,0,0,46,0,0,46,0,0,0,0,0,0,0,28,74,74,0,0,1.0,0.0,0.0,0.0,domestic_only,26
11,0,0,0,0,0,0,46,0,0,46,0,0,0,0,0,0,0,28,74,74,0,0,1.0,0.0,0.0,0.0,domestic_only,26
12,0,0,0,0,0,0,46,0,0,46,0,0,0,0,0,0,0,28,74,74,0,0,1.0,0.0,0.0,0.0,domestic_only,26
13,0,0,0,0,0,0,46,0,0,46,0,0,0,0,0,0,0,28,74,74,0,0,1.0,0.0,0.0,0.0,domestic_only,26
14,0,0,0,0,0,0,46,0,0,46,0,0,0,0,0,0,0,28,74,74,0,0,1.0,0.0,0.0,0.0,domestic_only,26
15,0,0,0,0,0,0,46,0,0,46,0,0,0,0,0,0,0,28,74,74,0,0,1.0,0.0,0.0,0.0,domestic_only,26
16,0,0,0,0,0,0,46,0,0,46,0,0,0,0,0,0,0,28,74,74,0,0,1.0,0.0,0.0,0.0,domestic_only,26
17,0,0,0,0,0,0,46,0,0,46,0,0,0,0,0,0,0,28,74,74,0,0,1.0,0.0,0.0,0.0,domestic_only,26
18,0,0,0,0,0,0,46,0,0,46,0,0,0,0,0,0,0,28,74,74,0,0,1.0,0.0,0.0,0.0,domestic_only,26
19,0,0,0,0,0,0,46,0,0,46,0,0,0,0,0,0,0,28,74,74,0,0,1.0,0.0,0.0,0.0,domestic_only,26
20,0,0,0,0,0,0,46,0,0,46,0,0,0,0,0,0,0,28,74,74,0,0,1.0,0.0,0.0,0.0,domestic_only,26
21,0,0,0,0,0,0,46,0,0,46,0,0,0,0,0,0,0,28,74,74,0,0,1.0,0.0,0.0,0.0,domestic_only,26
22,0,0,0,0,0,0,46,0,0,46,0,0,0,0,0,0,0,28,74,74,0,0,1.0,0.0,0.0,0.0,domestic_only,26
23,0,0,0,0,0,0,46,0,0,46,0,0,0,0,0,0,0,28,74,74,0,0,1.0,0.0,0.0,0.0,domestic_only,26
24,0,0,0,0,0,0,46,0,0,46,0,0,0,0,0,0,0,28,74,74,0,0,1.0,0.0,0.0,0.0,domestic_only,26
25,0,0,0,0,0,0,46,0,0,46,0,0,0,0,0,0,0,28,74,74,0,0,1.0,0.0,0.0,0.0,domestic_only,26
26,0,0,0,0,0,0,46,0,0,46,0,0,0,0,0,0,0,28,74,74,0,0,1.0,0.0,0.0,0.0,domestic_only,26
27,0,0,0,0,0,0,46,0,0,46,0,0,0,0,0,0,0,28,74,74,0,0,1.0,0.0,0.0,0.0,domestic_only,26
28,0,0,0,0,0,0,46,0,0,46,0,0,0,0,0,0,0,28,74,74,0,0,1.0,0.0,0.0,0.0,domestic_only,26
29,0,0,0,0,0,0,46,0,0,46,0,0,0,0,0,0,0,28,74,74,0,0,1.0,0.0,0.0,0.0,domestic_only,26
30,0,0,0,0,0,0,46,0,0,46,0,0,0,0,0,0,0,28,74,74,0,0,1.0,0.0,0.0,0.0,domestic_only,26
31,0,0,0,0,0,0,46,0,0,46,0,0,0,0,0,0,0,28,74,74,0,0,1.0,0.0,0.0,0.0,domestic_only,26
32,0,0,0,0,0,0,46,0,0,46,0,0,0,0,0,0,0,28,74,74,0,0,1.0,0.0,0.0,0.0,domestic_only,26
33,0,0,0,0,0,0,46,0,0,46,0,0,0,0,0,0,0,28,74,74,0,0,1.0,0.0,0.0,0.0,domestic_only,26
34,0,0,0,0,0,0,46,0,0,46,0,0,0,0,0,0,0,28,74,74,0,0,1.0,0.0,0.0,0.0,domestic_only,26
35,0,0,0,0,0,0,46,0,0,46,0,0,0,0,0,0,0,28,74,74,0,0,1.0,0.0,0.0,0.0,domestic_only,26
36,0,0,0,0,0,0,46,0,0,46,0,0,0,0,0,0,0,28,74,74,0,0,1.0,0.0,0.0,0.0,domestic_only,26
37,0,0,0,0,0,0,46,0,0,46,0,0,0,0,0,0,0,28,74,74,0,0,1.0,0.0,0.0,0.0,domestic_only,26
38,0,0,0,0,0,0,46,0,0,46,0,0,0,0,0,0,0,28,74,74,0,0,1.0,0.0,0.0,0.0,domestic_only,26
39,0,0,0,0,0,0,46,0,0,46,0,0,0,0,0,0,0,28,74,74,0,0,1.0,0.0,0.0,0.0,domestic_only,26
40,0,0,0,0,0,0,46,0,0,46,0,0,0,0,0,0,0,28,74,74,0,0,1.0,0.0,0.0,0.0,domestic_only,26
41,0,0,0,0,0,0,46,0,0,46,0,0,0,0,0,0,0,28,74,74,0,0,1.0,0.0,0.0,0.0,domestic_only,26
42,0,0,0,0,0,0,46,0,0,46,0,0,0,0,0,0,0,28,74,74,0,0,1.0,0.0,0.0,0.0,domestic_only,26
43,0,0,0,0,0,0,46,0,0,46,0,0,0,0,0,0,0,28,74,74,0,0,1.0,0.0,0.0,0.0,domestic_only,26
44,0,0,0,0,0,0,46,0,0,46,0,0,0,0,0,0,0,28,74,74,0,0,1.0,0.0,0.0,0.0,domestic_only,26
0,74,56,56,0,56,0,74,56,18,0,0,0,0,0,0,56,0,0,56,74,0,0,0.0,0.7567567567567568,0.0,0.0,customer_only,26
1,0,3,3,0,3,0,74,59,15,0,0,0,0,0,0,59,0,0,59,74,0,56,0.0,0.7972972972972973,0.0,0.0,customer_only,26
2,0,0,0,0,0,0,74,51,15,8,0,0,0,0,0,51,0,0,59,74,0,59,0.0,0.7972972972972973,0.0,0.0,customer_only,26
3,0,0,0,0,0,0,70,41,15,14,0,0,0,0,0,41,4,4,59,74,0,59,0.0,0.7972972972972973,0.0,0.0,customer_only,26
4,0,0,0,0,0,0,70,26,15,29,0,0,0,0,0,26,0,4,59,74,0,41,0.0,0.7972972972972973,0.0,0.0,customer_only,26
5,0,0,0,0,0,0,69,16,15,38,0,0,0,0,0,16,1,5,59,74,0,26,0.0,0.7972972972972973,0.0,0.0,customer_only,26
6,0,0,0,0,0,0,67,6,15,46,0,0,0,0,0,6,2,7,59,74,0,16,0.0,0.7972972972972973,0.0,0.0,customer_only,26
7,0,0,0,0,0,0,65,0,15,50,0,0,0,0,0,0,2,9,59,74,0,6,0.0,0.7972972972972973,0.0,0.0,customer_only,26
8,0,1,1,0,1,0,65,1,14,50,0,0,0,0,0,1,0,9,60,74,0,0,0.0,0.8108108108108109,0.0,0.0,customer_only,26
9,0,0,0,0,0,0,65,1,14,50,0,0,0,0,0,1,0,9,60,74,0,1,0.0,0.8108108108108109,0.0,0.0,customer_only,26
10,0,0,0,0,0,0,65,0,14,51,0,0,0,0,0,0,0,9,60,74,0,1,0.0,0.8108108108108109,0.0,0.0,customer_only,26
11,0,0,0,0,0,0,65,0,14,51,0,0,0,0,0,0,0,9,60,74,0,1,0.0,0.8108108108108109,0.0,0.0,customer_only,26
12,0,0,0,0,0,0,65,0,14,51,0,0,0,0,0,0,0,9,60,74,0,0,0.0,0.8108108108108109,0.0,0.0,customer_only,26
13,0,0,0,0,0,0,65,0,14,51,0,0,0,0,0,0,0,9,60,74,0,0,0.0,0.8108108108108109,0.0,0.0,customer_only,26
14,0,0,0,0,0,0,65,0,14,51,0,0,0,0,0,0,0,9,60,74,0,0,0.0,0.8108108108108109,0.0,0.0,customer_only,26
15,0,0,0,0,0,0,65,0,14,51,0,0,0,0,0,0,0,9,60,74,0,0,0.0,0.8108108108108109,0.0,0.0,customer_only,26
16,0,0,0,0,0,0,65,0,14,51,0,0,0,0,0,0,0,9,60,74,0,0,0.0,0.8108108108108109,0.0,0.0,customer_only,26
17,0,0,0,0,0,0,65,0,14,51,0,0,0,0,0,0,0,9,60,74,0,0,0.0,0.8108108108108109,0.0,0.0,customer_only,26
18,0,0,0,0,0,0,65,0,14,51,0,0,0,0,0,0,0,9,60,74,0,0,0.0,0.8108108108108109,0.0,0.0,customer_only,26
19,0,0,0,0,0,0,65,0,14,51,0,0,0,0,0,0,0,9,60,74,0,0,0.0,0.8108108108108109,0.0,0.0,customer_only,26
20,0,0,0,0,0,0,65,0,14,51,0,0,0,0,0,0,0,9,60,74,0,0,0.0,0.8108108108108109,0.0,0.0,customer_only,26
21,0,0,0,0,0,0,65,0,14,51,0,0,0,0,0,0,0,9,60,74,0,0,0.0,0.8108108108108109,0.0,0.0,customer_only,26
22,0,0,0,0,0,0,65,0,14,51,0,0,0,0,0,0,0,9,60,74,0,0,0.0,0.8108108108108109,0.0,0.0,customer_only,26
23,0,0,0,0,0,0,65,0,14,51,0,0,0,0,0,0,0,9,60,74,0,0,0.0,0.8108108108108109,0.0,0.0,customer_only,26
24,0,0,0,0,0,0,65,0,14,51,0,0,0,0,0,0,0,9,60,74,0,0,0.0,0.8108108108108109,0.0,0.0,customer_only,26
25,0,0,0,0,0,0,65,0,14,51,0,0,0,0,0,0,0,9,60,74,0,0,0.0,0.8108108108108109,0.0,0.0,customer_only,26
26,0,0,0,0,0,0,65,0,14,51,0,0,0,0,0,0,0,9,60,74,0,0,0.0,0.8108108108108109,0.0,0.0,customer_only,26
27,0,0,0,0,0,0,65,0,14,51,0,0,0,0,0,0,0,9,60,74,0,0,0.0,0.8108108108108109,0.0,0.0,customer_only,26
28,0,0,0,0,0,0,65,0,14,51,0,0,0,0,0,0,0,9,60,74,0,0,0.0,0.8108108108108109,0.0,0.0,customer_only,26
29,0,0,0,0,0,0,65,0,14,51,0,0,0,0,0,0,0,9,60,74,0,0,0.0,0.8108108108108109,0.0,0.0,customer_only,26
30,0,0,0,0,0,0,65,0,14,51,0,0,0,0,0,0,0,9,60,74,0,0,0.0,0.8108108108108109,0.0,0.0,customer_only,26
31,0,0,0,0,0,0,65,0,14,51,0,0,0,0,0,0,0,9,60,74,0,0,0.0,0.8108108108108109,0.0,0.0,customer_only,26
32,0,0,0,0,0,0,65,0,14,51,0,0,0,0,0,0,0,9,60,74,0,0,0.0,0.8108108108108109,0.0,0.0,customer_only,26
33,0,0,0,0,0,0,65,0,14,51,0,0,0,0,0,0,0,9,60,74,0,0,0.0,0.8108108108108109,0.0,0.0,customer_only,26
34,0,0,0,0,0,0,65,0,14,51,0,0,0,0,0,0,0,9,60,74,0,0,0.0,0.8108108108108109,0.0,0.0,customer_only,26
35,0,0,0,0,0,0,65,0,14,51,0,0,0,0,0,0,0,9,60,74,0,0,0.0,0.8108108108108109,0.0,0.0,customer_only,26
36,0,0,0,0,0,0,65,0,14,51,0,0,0,0,0,0,0,9,60,74,0,0,0.0,0.8108108108108109,0.0,0.0,customer_only,26
37,0,0,0,0,0,0,65,0,14,51,0,0,0,0,0,0,0,9,60,74,0,0,0.0,0.8108108108108109,0.0,0.0,customer_only,26
38,0,0,0,0,0,0,65,0,14,51,0,0,0,0,0,0,0,9,60,74,0,0,0.0,0.8108108108108109,0.0,0.0,customer_only,26
39,0,0,0,0,0,0,65,0,14,51,0,0,0,0,0,0,0,9,60,74,0,0,0.0,0.8108108108108109,0.0,0.0,customer_only,26
40,0,0,0,0,0,0,65,0,14,51,0,0,0,0,0,0,0,9,60,74,0,0,0.0,0.8108108108108109,0.0,0.0,customer_only,26
41,0,0,0,0,0,0,65,0,14,51,0,0,0,0,0,0,0,9,60,74,0,0,0.0,0.8108108108108109,0.0,0.0,customer_only,26
42,0,0,0,0,0,0,65,0,14,51,0,0,0,0,0,0,0,9,60,74,0,0,0.0,0.8108108108108109,0.0,0.0,customer_only,26
43,0,0,0,0,0,0,65,0,14,51,0,0,0,0,0,0,0,9,60,74,0,0,0.0,0.8108108108108109,0.0,0.0,customer_only,26
44,0,0,0,0,0,0,65,0,14,51,0,0,0,0,0,0,0,9,60,74,0,0,0.0,0.8108108108108109,0.0,0.0,customer_only,26
0,74,74,74,66,18,0,74,74,0,0,66,66,0,0,0,18,0,0,74,74,0,0,0.8918918918918919,0.24324324324324326,0.0,0.0,both,26
1,0,0,0,0,0,0,74,74,0,0,66,66,0,0,0,18,0,0,74,74,66,18,0.8918918918918919,0.24324324324324326,0.0,0.0,both,26
2,0,0,0,0,0,0,74,64,0,10,60,54,6,6,0,13,0,0,74,74,66,18,0.8918918918918919,0.24324324324324326,0.0,0.0,both,26
3,0,0,0,4,1,5,66,51,0,15,48,44,4,4,5,7,8,8,74,74,66,18,0.9459459459459459,0.25675675675675674,1.0,4.0,both,26
4,0,0,0,1,7,8,58,38,0,20,32,30,2,2,4,8,8,16,74,74,48,7,0.9594594594594594,0.35135135135135137,7.0,1.0,both,26
5,0,0,0,1,8,9,56,39,0,17,24,19,5,5,2,16,2,18,74,74,32,8,0.972972972972973,0.4594594594594595,8.0,1.0,both,26
6,0,0,0,0,4,4,50,23,0,27,9,7,2,2,5,14,6,24,74,74,24,16,0.972972972972973,0.5135135135135135,4.0,0.0,both,26
7,0,0,0,0,3,3,47,13,0,34,4,0,4,4,2,9,3,27,74,74,9,19,0.972972972972973,0.5540540540540541,3.0,0.0,both,26
8,0,0,0,0,1,1,42,7,0,35,0,0,0,0,4,7,5,32,74,74,5,15,0.972972972972973,0.5675675675675675,1.0,0.0,both,26
9,0,0,0,0,0,0,41,2,0,39,0,0,0,0,0,2,1,33,74,74,0,8,0.972972972972973,0.5675675675675675,0.0,0.0,both,26
10,0,0,0,0,0,0,40,1,0,39,0,0,0,0,0,1,1,34,74,74,0,4,0.972972972972973,0.5675675675675675,0.0,0.0,both,26
11,0,0,0,0,0,0,39,0,0,39,0,0,0,0,0,0,1,35,74,74,0,1,0.972972972972973,0.5675675675675675,0.0,0.0,both,26
12,0,0,0,0,0,0,39,0,0,39,0,0,0,0,0,0,0,35,74,74,0,0,0.972972972972973,0.5675675675675675,0.0,0.0,both,26
13,0,0,0,0,0,0,39,0,0,39,0,0,0,0,0,0,0,35,74,74,0,0,0.972972972972973,0.5675675675675675,0.0,0.0,both,26
14,0,0,0,0,0,0,39,0,0,39,0,0,0,0,0,0,0,35,74,74,0,0,0.972972972972973,0.5675675675675675,0.0,0.0,both,26
15,0,0,0,0,0,0,39,0,0,39,0,0,0,0,0,0,0,35,74,74,0,0,0.972972972972973,0.5675675675675675,0.0,0.0,both,26
16,0,0,0,0,0,0,39,0,0,39,0,0,0,0,0,0,0,35,74,74,0,0,0.972972972972973,0.5675675675675675,0.0,0.0,both,26
17,0,0,0,0,0,0,39,0,0,39,0,0,0,0,0,0,0,35,74,74,0,0,0.972972972972973,0.5675675675675675,0.0,0.0,both,26
18,0,0,0,0,0,0,39,0,0,39,0,0,0,0,0,0,0,35,74,74,0,0,0.972972972972973,0.5675675675675675,0.0,0.0,both,26
19,0,0,0,0,0,0,39,0,0,39,0,0,0,0,0,0,0,35,74,74,0,0,0.972972972972973,0.5675675675675675,0.0,0.0,both,26
20,0,0,0,0,0,0,39,0,0,39,0,0,0,0,0,0,0,35,74,74,0,0,0.972972972972973,0.5675675675675675,0.0,0.0,both,26
21,0,0,0,0,0,0,39,0,0,39,0,0,0,0,0,0,0,35,74,74,0,0,0.972972972972973,0.5675675675675675,0.0,0.0,both,26
22,0,0,0,0,0,0,39,0,0,39,0,0,0,0,0,0,0,35,74,74,0,0,0.972972972972973,0.5675675675675675,0.0,0.0,both,26
23,0,0,0,0,0,0,39,0,0,39,0,0,0,0,0,0,0,35,74,74,0,0,0.972972972972973,0.5675675675675675,0.0,0.0,both,26
24,0,0,0,0,0,0,39,0,0,39,0,0,0,0,0,0,0,35,74,74,0,0,0.972972972972973,0.5675675675675675,0.0,0.0,both,26
25,0,0,0,0,0,0,39,0,0,39,0,0,0,0,0,0,0,35,74,74,0,0,0.972972972972973,0.5675675675675675,0.0,0.0,both,26
26,0,0,0,0,0,0,39,0,0,39,0,0,0,0,0,0,0,35,74,74,0,0,0.972972972972973,0.5675675675675675,0.0,0.0,both,26
27,0,0,0,0,0,0,39,0,0,39,0,0,0,0,0,0,0,35,74,74,0,0,0.972972972972973,0.5675675675675675,0.0,0.0,both,26
28,0,0,0,0,0,0,39,0,0,39,0,0,0,0,0,0,0,35,74,74,0,0,0.972972972972973,0.5675675675675675,0.0,0.0,both,26
29,0,0,0,0,0,0,39,0,0,39,0,0,0,0,0,0,0,35,74,74,0,0,0.972972972972973,0.5675675675675675,0.0,0.0,both,26
30,0,0,0,0,0,0,39,0,0,39,0,0,0,0,0,0,0,35,74,74,0,0,0.972972972972973,0.5675675675675675,0.0,0.0,both,26
31,0,0,0,0,0,0,39,0,0,39,0,0,0,0,0,0,0,35,74,74,0,0,0.972972972972973,0.5675675675675675,0.0,0.0,both,26
32,0,0,0,0,0,0,39,0,0,39,0,0,0,0,0,0,0,35,74,74,0,0,0.972972972972973,0.5675675675675675,0.0,0.0,both,26
33,0,0,0,0,0,0,39,0,0,39,0,0,0,0,0,0,0,35,74,74,0,0,0.972972972972973,0.5675675675675675,0.0,0.0,both,26
34,0,0,0,0,0,0,39,0,0,39,0,0,0,0,0,0,0,35,74,74,0,0,0.972972972972973,0.5675675675675675,0.0,0.0,both,26
35,0,0,0,0,0,0,39,0,0,39,0,0,0,0,0,0,0,35,74,74,0,0,0.972972972972973,0.5675675675675675,0.0,0.0,both,26
36,0,0,0,0,0,0,39,0,0,39,0,0,0,0,0,0,0,35,74,74,0,0,0.972972972972973,0.5675675675675675,0.0,0.0,both,26
37,0,0,0,0,0,0,39,0,0,39,0,0,0,0,0,0,0,35,74,74,0,0,0.972972972972973,0.5675675675675675,0.0,0.0,both,26
38,0,0,0,0,0,0,39,0,0,39,0,0,0,0,0,0,0,35,74,74,0,0,0.972972972972973,0.5675675675675675,0.0,0.0,both,26
39,0,0,0,0,0,0,39,0,0,39,0,0,0,0,0,0,0,35,74,74,0,0,0.972972972972973,0.5675675675675675,0.0,0.0,both,26
40,0,0,0,0,0,0,39,0,0,39,0,0,0,0,0,0,0,35,74,74,0,0,0.972972972972973,0.5675675675675675,0.0,0.0,both,26
41,0,0,0,0,0,0,39,0,0,39,0,0,0,0,0,0,0,35,74,74,0,0,0.972972972972973,0.5675675675675675,0.0,0.0,both,26
42,0,0,0,0,0,0,39,0,0,39,0,0,0,0,0,0,0,35,74,74,0,0,0.972972972972973,0.5675675675675675,0.0,0.0,both,26
43,0,0,0,0,0,0,39,0,0,39,0,0,0,0,0,0,0,35,74,74,0,0,0.972972972972973,0.5675675675675675,0.0,0.0,both,26
44,0,0,0,0,0,0,39,0,0,39,0,0,0,0,0,0,0,35,74,74,0,0,0.972972972972973,0.5675675675675675,0.0,0.0,both,26
0,77,77,77,77,0,0,77,77,0,0,77,77,0,0,0,0,0,0,77,77,0,0,1.0,0.0,0.0,0.0,domestic_only,27
1,0,0,0,0,0,0,77,77,0,0,77,77,0,0,0,0,0,0,77,77,77,0,1.0,0.0,0.0,0.0,domestic_only,27
2,0,0,0,0,0,0,77,70,0,7,70,65,5,5,0,0,0,0,77,77,77,0,1.0,0.0,0.0,0.0,domestic_only,27
3,0,0,0,0,0,0,73,58,0,15,58,53,5,5,4,0,4,4,77,77,77,0,1.0,0.0,0.0,0.0,domestic_only,27
4,0,0,0,0,0,0,68,46,0,22,46,41,5,5,5,0,5,9,77,77,58,0,1.0,0.0,0.0,0.0,domestic_only,27
5,0,0,0,0,0,0,65,34,0,31,34,29,5,5,3,0,3,12,77,77,46,0,1.0,0.0,0.0,0.0,domestic_only,27
6,0,0,0,0,0,0,62,20,0,42,20,17,3,3,3,0,3,15,77,77,34,0,1.0,0.0,0.0,0.0,domestic_only,27
7,0,0,0,0,0,0,59,11,0,48,11,5,6,6,3,0,3,18,77,77,20,0,1.0,0.0,0.0,0.0,domestic_only,27
8,0,0,0,0,0,0,53,2,0,51,2,0,2,2,6,0,6,24,77,77,11,0,1.0,0.0,0.0,0.0,domestic_only,27
9,0,0,0,0,0,0,51,0,0,51,0,0,0,0,2,0,2,26,77,77,2,0,1.0,0.0,0.0,0.0,domestic_only,27
10,0,0,0,0,0,0,51,0,0,51,0,0,0,0,0,0,0,26,77,77,0,0,1.0,0.0,0.0,0.0,domestic_only,27
11,0,0,0,0,0,0,51,0,0,51,0,0,0,0,0,0,0,26,77,77,0,0,1.0,0.0,0.0,0.0,domestic_only,27
12,0,0,0,0,0,0,51,0,0,51,0,0,0,0,0,0,0,26,77,77,0,0,1.0,0.0,0.0,0.0,domestic_only,27
13,0,0,0,0,0,0,51,0,0,51,0,0,0,0,0,0,0,26,77,77,0,0,1.0,0.0,0.0,0.0,domestic_only,27
14,0,0,0,0,0,0,51,0,0,51,0,0,0,0,0,0,0,26,77,77,0,0,1.0,0.0,0.0,0.0,domestic_only,27
15,0,0,0,0,0,0,51,0,0,51,0,0,0,0,0,0,0,26,77,77,0,0,1.0,0.0,0.0,0.0,domestic_only,27
16,0,0,0,0,0,0,51,0,0,51,0,0,0,0,0,0,0,26,77,77,0,0,1.0,0.0,0.0,0.0,domestic_only,27
17,0,0,0,0,0,0,51,0,0,51,0,0,0,0,0,0,0,26,77,77,0,0,1.0,0.0,0.0,0.0,domestic_only,27
18,0,0,0,0,0,0,51,0,0,51,0,0,0,0,0,0,0,26,77,77,0,0,1.0,0.0,0.0,0.0,domestic_only,27
19,0,0,0,0,0,0,51,0,0,51,0,0,0,0,0,0,0,26,77,77,0,0,1.0,0.0,0.0,0.0,domestic_only,27
20,0,0,0,0,0,0,51,0,0,51,0,0,0,0,0,0,0,26,77,77,0,0,1.0,0.0,0.0,0.0,domestic_only,27
21,0,0,0,0,0,0,51,0,0,51,0,0,0,0,0,0,0,26,77,77,0,0,1.0,0.0,0.0,0.0,domestic_only,27
22,0,0,0,0,0,0,51,0,0,51,0,0,0,0,0,0,0,26,77,77,0,0,1.0,0.0,0.0,0.0,domestic_only,27
23,0,0,0,0,0,0,51,0,0,51,0,0,0,0,0,0,0,26,77,77,0,0,1.0,0.0,0.0,0.0,domestic_only,27
24,0,0,0,0,0,0,51,0,0,51,0,0,0,0,0,0,0,26,77,77,0,0,1.0,0.0,0.0,0.0,domestic_only,27
25,0,0,0,0,0,0,51,0,0,51,0,0,0,0,0,0,0,26,77,77,0,0,1.0,0.0,0.0,0.0,domestic_only,27
26,0,0,0,0,0,0,51,0,0,51,0,0,0,0,0,0,0,26,77,77,0,0,1.0,0.0,0.0,0.0,domestic_only,27
27,0,0,0,0,0,0,51,0,0,51,0,0,0,0,0,0,0,26,77,77,0,0,1.0,0.0,0.0,0.0,domestic_only,27
28,0,0,0,0,0,0,51,0,0,51,0,0,0,0,0,0,0,26,77,77,0,0,1.0,0.0,0.0,0.0,domestic_only,27
29,0,0,0,0,0,0,51,0,0,51,0,0,0,0,0,0,0,26,77,77,0,0,1.0,0.0,0.0,0.0,domestic_only,27
30,0,0,0,0,0,0,51,0,0,51,0,0,0,0,0,0,0,26,77,77,0,0,1.0,0.0,0.0,0.0,domestic_only,27
31,0,0,0,0,0,0,51,0,0,51,0,0,0,0,0,0,0,26,77,77,0,0,1.0,0.0,0.0,0.0,domestic_only,27
32,0,0,0,0,0,0,51,0,0,51,0,0,0,0,0,0,0,26,77,77,0,0,1.0,0.0,0.0,0.0,domestic_only,27
33,0,0,0,0,0,0,51,0,0,51,0,0,0,0,0,0,0,26,77,77,0,0,1.0,0.0,0.0,0.0,domestic_only,27
34,0,0,0,0,0,0,51,0,0,51,0,0,0,0,0,0,0,26,77,77,0,0,1.0,0.0,0.0,0.0,domestic_only,27
35,0,0,0,0,0,0,51,0,0,51,0,0,0,0,0,0,0,26,77,77,0,0,1.0,0.0,0.0,0.0,domestic_only,27
36,0,0,0,0,0,0,51,0,0,51,0,0,0,0,0,0,0,26,77,77,0,0,1.0,0.0,0.0,0.0,domestic_only,27
37,0,0,0,0,0,0,51,0,0,51,0,0,0,0,0,0,0,26,77,77,0,0,1.0,0.0,0.0,0.0,domestic_only,27
38,0,0,0,0,0,0,51,0,0,51,0,0,0,0,0,0,0,26,77,77,0,0,1.0,0.0,0.0,0.0,domestic_only,27
39,0,0,0,0,0,0,51,0,0,51,0,0,0,0,0,0,0,26,77,77,0,0,1.0,0.0,0.0,0.0,domestic_only,27
40,0,0,0,0,0,0,51,0,0,51,0,0,0,0,0,0,0,26,77,77,0,0,1.0,0.0,0.0,0.0,domestic_only,27
41,0,0,0,0,0,0,51,0,0,51,0,0,0,0,0,0,0,26,77,77,0,0,1.0,0.0,0.0,0.0,domestic_only,27
42,0,0,0,0,0,0,51,0,0,51,0,0,0,0,0,0,0,26,77,77,0,0,1.0,0.0,0.0,0.0,domestic_only,27
43,0,0,0,0,0,0,51,0,0,51,0,0,0,0,0,0,0,26,77,77,0,0,1.0,0.0,0.0,0.0,domestic_only,27
44,0,0,0,0,0,0,51,0,0,51,0,0,0,0,0,0,0,26,77,77,0,0,1.0,0.0,0.0,0.0,domestic_only,27
0,77,50,50,0,50,0,77,50,27,0,0,0,0,0,0,50,0,0,50,77,0,0,0.0,0.6493506493506493,0.0,0.0,customer_only,27
1,0,3,3,0,3,0,77,53,24,0,0,0,0,0,0,53,0,0,53,77,0,50,0.0,0.6883116883116883,0.0,0.0,customer_only,27
2,0,0,0,0,0,0,77,43,24,10,0,0,0,0,0,43,0,0,53,77,0,53,0.0,0.6883116883116883,0.0,0.0,customer_only,27
3,0,0,0,0,0,0,75,34,24,17,0,0,0,0,0,34,2,2,53,77,0,53,0.0,0.6883116883116883,0.0,0.0,customer_only,27
4,0,0,0,0,0,0,71,22,24,25,0,0,0,0,0,22,4,6,53,77,0,34,0.0,0.6883116883116883,0.0,0.0,customer_only,27
5,0,0,0,0,0,0,68,11,24,33,0,0,0,0,0,11,3,9,53,77,0,22,0.0,0.6883116883116883,0.0,0.0,customer_only,27
6,0,0,0,0,0,0,65,3,24,38,0,0,0,0,0,3,3,12,53,77,0,11,0.0,0.6883116883116883,0.0,0.0,customer_only,27
7,0,0,0,0,0,0,63,0,24,39,0,0,0,0,0,0,2,14,53,77,0,3,0.0,0.6883116883116883,0.0,0.0,customer_only,27
8,0,0,0,0,0,0,63,0,24,39,0,0,0,0,0,0,0,14,53,77,0,0,0.0,0.6883116883116883,0.0,0.0,customer_only,27
9,0,0,0,0,0,0,63,0,24,39,0,0,0,0,0,0,0,14,53,77,0,0,0.0,0.6883116883116883,0.0,0.0,customer_only,27
10,0,0,0,0,0,0,63,0,24,39,0,0,0,0,0,0,0,14,53,77,0,0,0.0,0.6883116883116883,0.0,0.0,customer_only,27
11,0,0,0,0,0,0,63,0,24,39,0,0,0,0,0,0,0,14,53,77,0,0,0.0,0.6883116883116883,0.0,0.0,customer_only,27
12,0,0,0,0,0,0,63,0,24,39,0,0,0,0,0,0,0,14,53,77,0,0,0.0,0.6883116883116883,0.0,0.0,customer_only,27
13,0,0,0,0,0,0,63,0,24,39,0,0,0,0,0,0,0,14,53,77,0,0,0.0,0.6883116883116883,0.0,0.0,customer_only,27
14,0,0,0,0,0,0,63,0,24,39,0,0,0,0,0,0,0,14,53,77,0,0,0.0,0.6883116883116883,0.0,0.0,customer_only,27
15,0,0,0,0,0,0,63,0,24,39,0,0,0,0,0,0,0,14,53,77,0,0,0.0,0.6883116883116883,0.0,0.0,customer_only,27
16,0,0,0,0,0,0,63,0,24,39,0,0,0,0,0,0,0,14,53,77,0,0,0.0,0.6883116883116883,0.0,0.0,customer_only,27
17,0,0,0,0,0,0,63,0,24,39,0,0,0,0,0,0,0,14,53,77,0,0,0.0,0.6883116883116883,0.0,0.0,customer_only,27
18,0,0,0,0,0,0,63,0,24,39,0,0,0,0,0,0,0,14,53,77,0,0,0.0,0.6883116883116883,0.0,0.0,customer_only,27
19,0,0,0,0,0,0,63,0,24,39,0,0,0,0,0,0,0,14,53,77,0,0,0.0,0.6883116883116883,0.0,0.0,customer_only,27
20,0,0,0,0,0,0,63,0,24,39,0,0,0,0,0,0,0,14,53,77,0,0,0.0,0.6883116883116883,0.0,0.0,customer_only,27
21,0,0,0,0,0,0,63,0,24,39,0,0,0,0,0,0,0,14,53,77,0,0,0.0,0.6883116883116883,0.0,0.0,customer_only,27
22,0,0,0,0,0,0,63,0,24,39,0,0,0,0,0,0,0,14,53,77,0,0,0.0,0.6883116883116883,0.0,0.0,customer_only,27
23,0,0,0,0,0,0,63,0,24,39,0,0,0,0,0,0,0,14,53,77,0,0,0.0,0.6883116883116883,0.0,0.0,customer_only,27
24,0,0,0,0,0,0,63,0,24,39,0,0,0,0,0,0,0,14,53,77,0,0,0.0,0.6883116883116883,0.0,0.0,customer_only,27
25,0,0,0,0,0,0,63,0,24,39,0,0,0,0,0,0,0,14,53,77,0,0,0.0,0.6883116883116883,0.0,0.0,customer_only,27
26,0,0,0,0,0,0,63,0,24,39,0,0,0,0,0,0,0,14,53,77,0,0,0.0,0.6883116883116883,0.0,0.0,customer_only,27
27,0,0,0,0,0,0,63,0,24,39,0,0,0,0,0,0,0,14,53,77,0,0,0.0,0.6883116883116883,0.0,0.0,customer_only,27
28,0,0,0,0,0,0,63,0,24,39,0,0,0,0,0,0,0,14,53,77,0,0,0.0,0.6883116883116883,0.0,0.0,customer_only,27
29,0,0,0,0,0,0,63,0,24,39,0,0,0,0,0,0,0,14,53,77,0,0,0.0,0.6883116883116883,0.0,0.0,customer_only,27
30,0,0,0,0,0,0,63,0,24,39,0,0,0,0,0,0,0,14,53,77,0,0,0.0,0.6883116883116883,0.0,0.0,customer_only,27
31,0,0,0,0,0,0,63,0,24,39,0,0,0,0,0,0,0,14,53,77,0,0,0.0,0.6883116883116883,0.0,0.0,customer_only,27
32,0,0,0,0,0,0,63,0,24,39,0,0,0,0,0,0,0,14,53,77,0,0,0.0,0.6883116883116883,0.0,0.0,customer_only,27
33,0,0,0,0,0,0,63,0,24,39,0,0,0,0,0,0,0,14,53,77,0,0,0.0,0.6883116883116883,0.0,0.0,customer_only,27
34,0,0,0,0,0,0,63,0,24,39,0,0,0,0,0,0,0,14,53,77,0,0,0.0,0.6883116883116883,0.0,0.0,customer_only,27
35,0,0,0,0,0,0,63,0,24,39,0,0,0,0,0,0,0,14,53,77,0,0,0.0,0.6883116883116883,0.0,0.0,customer_only,27
36,0,0,0,0,0,0,63,0,24,39,0,0,0,0,0,0,0,14,53,77,0,0,0.0,0.6883116883116883,0.0,0.0,customer_only,27
37,0,0,0,0,0,0,63,0,24,39,0,0,0,0,0,0,0,14,53,77,0,0,0.0,0.6883116883116883,0.0,0.0,customer_only,27
38,0,0,0,0,0,0,63,0,24,39,0,0,0,0,0,0,0,14,53,77,0,0,0.0,0.6883116883116883,0.0,0.0,customer_only,27
39,0,0,0,0,0,0,63,0,24,39,0,0,0,0,0,0,0,14,53,77,0,0,0.0,0.6883116883116883,0.0,0.0,customer_only,27
40,0,0,0,0,0,0,63,0,24,39,0,0,0,0,0,0,0,14,53,77,0,0,0.0,0.6883116883116883,0.0,0.0,customer_only,27
41,0,0,0,0,0,0,63,0,24,39,0,0,0,0,0,0,0,14,53,77,0,0,0.0,0.6883116883116883,0.0,0.0,customer_only,27
42,0,0,0,0,0,0,63,0,24,39,0,0,0,0,0,0,0,14,53,77,0,0,0.0,0.6883116883116883,0.0,0.0,customer_only,27
43,0,0,0,0,0,0,63,0,24,39,0,0,0,0,0,0,0,14,53,77,0,0,0.0,0.6883116883116883,0.0,0.0,customer_only,27
44,0,0,0,0,0,0,63,0,24,39,0,0,0,0,0,0,0,14,53,77,0,0,0.0,0.6883116883116883,0.0,0.0,customer_only,27
0,77,77,77,71,14,0,77,77,0,0,71,71,0,0,0,14,0,0,77,77,0,0,0.922077922077922,0.18181818181818182,0.0,0.0,both,27
1,0,0,0,0,0,0,77,77,0,0,71,71,0,0,0,14,0,0,77,77,71,14,0.922077922077922,0.18181818181818182,0.0,0.0,both,27
2,0,0,0,0,0,0,77,68,0,9,64,59,5,5,0,7,0,0,77,77,71,14,0.922077922077922,0.18181818181818182,0.0,0.0,both,27
3,0,0,0,3,3,6,69,57,0,12,52,47,5,5,4,5,8,8,77,77,71,14,0.961038961038961,0.22077922077922077,3.0,3.0,both,27
4,0,0,0,0,7,7,62,49,0,13,41,35,6,6,5,9,7,15,77,77,53,5,0.961038961038961,0.3116883116883117,7.0,0.0,both,27
5,0,0,0,0,4,4,59,36,0,23,29,23,6,6,3,9,3,18,77,77,42,10,0.961038961038961,0.36363636363636365,4.0,0.0,both,27
6,0,0,0,0,9,9,54,25,0,29,14,11,3,3,5,15,5,23,77,77,30,14,0.961038961038961,0.4805194805194805,9.0,0.0,both,27
7,0,0,0,0,4,4,49,16,0,33,4,0,4,4,3,14,5,28,77,77,14,20,0.961038961038961,0.5324675324675324,4.0,0.0,both,27
8,0,0,0,0,3,3,44,12,0,32,0,0,0,0,4,12,5,33,77,77,4,17,0.961038961038961,0.5714285714285714,3.0,0.0,both,27
9,0,0,0,0,0,0,39,4,0,35,0,0,0,0,0,4,5,38,77,77,0,16,0.961038961038961,0.5714285714285714,0.0,0.0,both,27
10,0,0,0,0,1,1,38,3,0,35,0,0,0,0,0,3,1,39,77,77,0,7,0.961038961038961,0.5844155844155844,1.0,0.0,both,27
11,0,0,0,0,0,0,38,1,0,37,0,0,0,0,0,1,0,39,77,77,0,4,0.961038961038961,0.5844155844155844,0.0,0.0,both,27
12,0,0,0,0,0,0,38,1,0,37,0,0,0,0,0,1,0,39,77,77,0,1,0.961038961038961,0.5844155844155844,0.0,0.0,both,27
13,0,0,0,0,0,0,38,0,0,38,0,0,0,0,0,0,0,39,77,77,0,1,0.961038961038961,0.5844155844155844,0.0,0.0,both,27
14,0,0,0,0,0,0,38,0,0,38,0,0,0,0,0,0,0,39,77,77,0,0,0.961038961038961,0.5844155844155844,0.0,0.0,both,27
15,0,0,0,0,0,0,38,0,0,38,0,0,0,0,0,0,0,39,77,77,0,0,0.961038961038961,0.5844155844155844,0.0,0.0,both,27
16,0,0,0,0,0,0,38,0,0,38,0,0,0,0,0,0,0,39,77,77,0,0,0.961038961038961,0.5844155844155844,0.0,0.0,both,27
17,0,0,0,0,0,0,38,0,0,38,0,0,0,0,0,0,0,39,77,77,0,0,0.961038961038961,0.5844155844155844,0.0,0.0,both,27
18,0,0,0,0,0,0,38,0,0,38,0,0,0,0,0,0,0,39,77,77,0,0,0.961038961038961,0.5844155844155844,0.0,0.0,both,27
19,0,0,0,0,0,0,38,0,0,38,0,0,0,0,0,0,0,39,77,77,0,0,0.961038961038961,0.5844155844155844,0.0,0.0,both,27
20,0,0,0,0,0,0,38,0,0,38,0,0,0,0,0,0,0,39,77,77,0,0,0.961038961038961,0.5844155844155844,0.0,0.0,both,27
21,0,0,0,0,0,0,38,0,0,38,0,0,0,0,0,0,0,39,77,77,0,0,0.961038961038961,0.5844155844155844,0.0,0.0,both,27
22,0,0,0,0,0,0,38,0,0,38,0,0,0,0,0,0,0,39,77,77,0,0,0.961038961038961,0.5844155844155844,0.0,0.0,both,27
23,0,0,0,0,0,0,38,0,0,38,0,0,0,0,0,0,0,39,77,77,0,0,0.961038961038961,0.5844155844155844,0.0,0.0,both,27
24,0,0,0,0,0,0,38,0,0,38,0,0,0,0,0,0,0,39,77,77,0,0,0.961038961038961,0.5844155844155844,0.0,0.0,both,27
25,0,0,0,0,0,0,38,0,0,38,0,0,0,0,0,0,0,39,77,77,0,0,0.961038961038961,0.5844155844155844,0.0,0.0,both,27
26,0,0,0,0,0,0,38,0,0,38,0,0,0,0,0,0,0,39,77,77,0,0,0.961038961038961,0.5844155844155844,0.0,0.0,both,27
27,0,0,0,0,0,0,38,0,0,38,0,0,0,0,0,0,0,39,77,77,0,0,0.961038961038961,0.5844155844155844,0.0,0.0,both,27
28,0,0,0,0,0,0,38,0,0,38,0,0,0,0,0,0,0,39,77,77,0,0,0.961038961038961,0.5844155844155844,0.0,0.0,both,27
29,0,0,0,0,0,0,38,0,0,38,0,0,0,0,0,0,0,39,77,77,0,0,0.961038961038961,0.5844155844155844,0.0,0.0,both,27
30,0,0,0,0,0,0,38,0,0,38,0,0,0,0,0,0,0,39,77,77,0,0,0.961038961038961,0.5844155844155844,0.0,0.0,both,27
31,0,0,0,0,0,0,38,0,0,38,0,0,0,0,0,0,0,39,77,77,0,0,0.961038961038961,0.5844155844155844,0.0,0.0,both,27
32,0,0,0,0,0,0,38,0,0,38,0,0,0,0,0,0,0,39,77,77,0,0,0.961038961038961,0.5844155844155844,0.0,0.0,both,27
33,0,0,0,0,0,0,38,0,0,38,0,0,0,0,0,0,0,39,77,77,0,0,0.961038961038961,0.5844155844155844,0.0,0.0,both,27
34,0,0,0,0,0,0,38,0,0,38,0,0,0,0,0,0,0,39,77,77,0,0,0.961038961038961,0.5844155844155844,0.0,0.0,both,27
35,0,0,0,0,0,0,38,0,0,38,0,0,0,0,0,0,0,39,77,77,0,0,0.961038961038961,0.5844155844155844,0.0,0.0,both,27
36,0,0,0,0,0,0,38,0,0,38,0,0,0,0,0,0,0,39,77,77,0,0,0.961038961038961,0.5844155844155844,0.0,0.0,both,27
37,0,0,0,0,0,0,38,0,0,38,0,0,0,0,0,0,0,39,77,77,0,0,0.961038961038961,0.5844155844155844,0.0,0.0,both,27
38,0,0,0,0,0,0,38,0,0,38,0,0,0,0,0,0,0,39,77,77,0,0,0.961038961038961,0.5844155844155844,0.0,0.0,both,27
39,0,0,0,0,0,0,38,0,0,38,0,0,0,0,0,0,0,39,77,77,0,0,0.961038961038961,0.5844155844155844,0.0,0.0,both,27
40,0,0,0,0,0,0,38,0,0,38,0,0,0,0,0,0,0,39,77,77,0,0,0.961038961038961,0.5844155844155844,0.0,0.0,both,27
41,0,0,0,0,0,0,38,0,0,38,0,0,0,0,0,0,0,39,77,77,0,0,0.961038961038961,0.5844155844155844,0.0,0.0,both,27
42,0,0,0,0,0,0,38,0,0,38,0,0,0,0,0,0,0,39,77,77,0,0,0.961038961038961,0.5844155844155844,0.0,0.0,both,27
43,0,0,0,0,0,0,38,0,0,38,0,0,0,0,0,0,0,39,77,77,0,0,0.961038961038961,0.5844155844155844,0.0,0.0,both,27
44,0,0,0,0,0,0,38,0,0,38,0,0,0,0,0,0,0,39,77,77,0,0,0.961038961038961,0.5844155844155844,0.0,0.0,both,27
0,69,69,69,69,0,0,69,69,0,0,69,69,0,0,0,0,0,0,69,69,0,0,1.0,0.0,0.0,0.0,domestic_only,28
1,0,0,0,0,0,0,69,69,0,0,69,69,0,0,0,0,0,0,69,69,69,0,1.0,0.0,0.0,0.0,domestic_only,28
2,0,0,0,0,0,0,69,63,0,6,63,57,6,6,0,0,0,0,69,69,69,0,1.0,0.0,0.0,0.0,domestic_only,28
3,0,0,0,0,0,0,64,50,0,14,50,45,5,5,5,0,5,5,69,69,69,0,1.0,0.0,0.0,0.0,domestic_only,28
4,0,0,0,0,0,0,60,37,0,23,37,33,4,4,4,0,4,9,69,69,50,0,1.0,0.0,0.0,0.0,domestic_only,28
5,0,0,0,0,0,0,57,27,0,30,27,21,6,6,3,0,3,12,69,69,37,0,1.0,0.0,0.0,0.0,domestic_only,28
6,0,0,0,0,0,0,52,14,0,38,14,9,5,5,5,0,5,17,69,69,27,0,1.0,0.0,0.0,0.0,domestic_only,28
7,0,0,0,0,0,0,49,6,0,43,6,0,6,6,3,0,3,20,69,69,14,0,1.0,0.0,0.0,0.0,domestic_only,28
8,0,0,0,0,0,0,45,0,0,45,0,0,0,0,4,0,4,24,69,69,6,0,1.0,0.0,0.0,0.0,domestic_only,28
9,0,0,0,0,0,0,45,0,0,45,0,0,0,0,0,0,0,24,69,69,0,0,1.0,0.0,0.0,0.0,domestic_only,28
10,0,0,0,0,0,0,45,0,0,45,0,0,0,0,0,0,0,24,69,69,0,0,1.0,0.0,0.0,0.0,domestic_only,28
11,0,0,0,0,0,0,45,0,0,45,0,0,0,0,0,0,0,24,69,69,0,0,1.0,0.0,0.0,0.0,domestic_only,28
12,0,0,0,0,0,0,45,0,0,45,0,0,0,0,0,0,0,24,69,69,0,0,1.0,0.0,0.0,0.0,domestic_only,28
13,0,0,0,0,0,0,45,0,0,45,0,0,0,0,0,0,0,24,69,69,0,0,1.0,0.0,0.0,0.0,domestic_only,28
14,0,0,0,0,0,0,45,0,0,45,0,0,0,0,0,0,0,24,69,69,0,0,1.0,0.0,0.0,0.0,domestic_only,28
15,0,0,0,0,0,0,45,0,0,45,0,0,0,0,0,0,0,24,69,69,0,0,1.0,0.0,0.0,0.0,domestic_only,28
16,0,0,0,0,0,0,45,0,0,45,0,0,0,0,0,0,0,24,69,69,0,0,1.0,0.0,0.0,0.0,domestic_only,28
17,0,0,0,0,0,0,45,0,0,45,0,0,0,0,0,0,0,24,69,69,0,0,1.0,0.0,0.0,0.0,domestic_only,28
18,0,0,0,0,0,0,45,0,0,45,0,0,0,0,0,0,0,24,69,69,0,0,1.0,0.0,0.0,0.0,domestic_only,28
19,0,0,0,0,0,0,45,0,0,45,0,0,0,0,0,0,0,24,69,69,0,0,1.0,0.0,0.0,0.0,domestic_only,28
20,0,0,0,0,0,0,45,0,0,45,0,0,0,0,0,0,0,24,69,69,0,0,1.0,0.0,0.0,0.0,domestic_only,28
21,0,0,0,0,0,0,45,0,0,45,0,0,0,0,0,0,0,24,69,69,0,0,1.0,0.0,0.0,0.0,domestic_only,28
22,0,0,0,0,0,0,45,0,0,45,0,0,0,0,0,0,0,24,69,69,0,0,1.0,0.0,0.0,0.0,domestic_only,28
23,0,0,0,0,0,0,45,0,0,45,0,0,0,0,0,0,0,24,69,69,0,0,1.0,0.0,0.0,0.0,domestic_only,28
24,0,0,0,0,0,0,45,0,0,45,0,0,0,0,0,0,0,24,69,69,0,0,1.0,0.0,0.0,0.0,domestic_only,28
25,0,0,0,0,0,0,45,0,0,45,0,0,0,0,0,0,0,24,69,69,0,0,1.0,0.0,0.0,0.0,domestic_only,28
26,0,0,0,0,0,0,45,0,0,45,0,0,0,0,0,0,0,24,69,69,0,0,1.0,0.0,0.0,0.0,domestic_only,28
27,0,0,0,0,0,0,45,0,0,45,0,0,0,0,0,0,0,24,69,69,0,0,1.0,0.0,0.0,0.0,domestic_only,28
28,0,0,0,0,0,0,45,0,0,45,0,0,0,0,0,0,0,24,69,69,0,0,1.0,0.0,0.0,0.0,domestic_only,28
29,0,0,0,0,0,0,45,0,0,45,0,0,0,0,0,0,0,24,69,69,0,0,1.0,0.0,0.0,0.0,domestic_only,28
30,0,0,0,0,0,0,45,0,0,45,0,0,0,0,0,0,0,24,69,69,0,0,1.0,0.0,0.0,0.0,domestic_only,28
31,0,0,0,0,0,0,45,0,0,45,0,0,0,0,0,0,0,24,69,69,0,0,1.0,0.0,0.0,0.0,domestic_only,28
32,0,0,0,0,0,0,45,0,0,45,0,0,0,0,0,0,0,24,69,69,0,0,1.0,0.0,0.0,0.0,domestic_only,28
33,0,0,0,0,0,0,45,0,0,45,0,0,0,0,0,0,0,24,69,69,0,0,1.0,0.0,0.0,0.0,domestic_only,28
34,0,0,0,0,0,0,45,0,0,45,0,0,0,0,0,0,0,24,69,69,0,0,1.0,0.0,0.0,0.0,domestic_only,28
35,0,0,0,0,0,0,45,0,0,45,0,0,0,0,0,0,0,24,69,69,0,0,1.0,0.0,0.0,0.0,domestic_only,28
36,0,0,0,0,0,0,45,0,0,45,0,0,0,0,0,0,0,24,69,69,0,0,1.0,0.0,0.0,0.0,domestic_only,28
37,0,0,0,0,0,0,45,0,0,45,0,0,0,0,0,0,0,24,69,69,0,0,1.0,0.0,0.0,0.0,domestic_only,28
38,0,0,0,0,0,0,45,0,0,45,0,0,0,0,0,0,0,24,69,69,0,0,1.0,0.0,0.0,0.0,domestic_only,28
39,0,0,0,0,0,0,45,0,0,45,0,0,0,0,0,0,0,24,69,69,0,0,1.0,0.0,0.0,0.0,domestic_only,28
40,0,0,0,0,0,0,45,0,0,45,0,0,0,0,0,0,0,24,69,69,0,0,1.0,0.0,0.0,0.0,domestic_only,28
41,0,0,0,0,0,0,45,0,0,45,0,0,0,0,0,0,0,24,69,69,0,0,1.0,0.0,0.0,0.0,domestic_only,28
42,0,0,0,0,0,0,45,0,0,45,0,0,0,0,0,0,0,24,69,69,0,0,1.0,0.0,0.0,0.0,domestic_only,28
43,0,0,0,0,0,0,45,0,0,45,0,0,0,0,0,0,0,24,69,69,0,0,1.0,0.0,0.0,0.0,domestic_only,28
44,0,0,0,0,0,0,45,0,0,45,0,0,0,0,0,0,0,24,69,69,0,0,1.0,0.0,0.0,0.0,domestic_only,28
0,69,49,49,0,49,0,69,49,20,0,0,0,0,0,0,49,0,0,49,69,0,0,0.0,0.7101449275362319,0.0,0.0,customer_only,28
1,0,2,2,0,2,0,69,51,18,0,0,0,0,0,0,51,0,0,51,69,0,49,0.0,0.7391304347826086,0.0,0.0,customer_only,28
2,0,0,0,0,0,0,69,45,18,6,0,0,0,0,0,45,0,0,51,69,0,51,0.0,0.7391304347826086,0.0,0.0,customer_only,28
3,0,0,0,0,0,0,65,35,18,12,0,0,0,0,0,35,4,4,51,69,0,51,0.0,0.7391304347826086,0.0,0.0,customer_only,28
4,0,1,1,0,1,0,64,23,17,24,0,0,0,0,0,23,1,5,52,69,0,35,0.0,0.7536231884057971,0.0,0.0,customer_only,28
5,0,1,1,0,1,0,61,11,16,34,0,0,0,0,0,11,3,8,53,69,0,23,0.0,0.7681159420289855,0.0,0.0,customer_only,28
6,0,0,0,0,0,0,57,1,16,40,0,0,0,0,0,1,4,12,53,69,0,11,0.0,0.7681159420289855,0.0,0.0,customer_only,28
7,0,1,1,0,1,0,57,1,15,41,0,0,0,0,0,1,0,12,54,69,0,2,0.0,0.782608695652174,0.0,0.0,customer_only,28
8,0,0,0,0,0,0,57,1,15,41,0,0,0,0,0,1,0,12,54,69,0,2,0.0,0.782608695652174,0.0,0.0,customer_only,28
9,0,0,0,0,0,0,57,0,15,42,0,0,0,0,0,0,0,12,54,69,0,1,0.0,0.782608695652174,0.0,0.0,customer_only,28
10,0,0,0,0,0,0,57,0,15,42,0,0,0,0,0,0,0,12,54,69,0,1,0.0,0.782608695652174,0.0,0.0,customer_only,28
11,0,0,0,0,0,0,57,0,15,42,0,0,0,0,0,0,0,12,54,69,0,0,0.0,0.782608695652174,0.0,0.0,customer_only,28
12,0,0,0,0,0,0,57,0,15,42,0,0,0,0,0,0,0,12,54,69,0,0,0.0,0.782608695652174,0.0,0.0,customer_only,28
13,0,0,0,0,0,0,57,0,15,42,0,0,0,0,0,0,0,12,54,69,0,0,0.0,0.782608695652174,0.0,0.0,customer_only,28
14,0,0,0,0,0,0,57,0,15,42,0,0,0,0,0,0,0,12,54,69,0,0,0.0,0.782608695652174,0.0,0.0,customer_only,28
15,0,0,0,0,0,0,57,0,15,42,0,0,0,0,0,0,0,12,54,69,0,0,0.0,0.782608695652174,0.0,0.0,customer_only,28
16,0,0,0,0,0,0,57,0,15,42,0,0,0,0,0,0,0,12,54,69,0,0,0.0,0.782608695652174,0.0,0.0,customer_only,28
17,0,0,0,0,0,0,57,0,15,42,0,0,0,0,0,0,0,12,54,69,0,0,0.0,0.782608695652174,0.0,0.0,customer_only,28
18,0,0,0,0,0,0,57,0,15,42,0,0,0,0,0,0,0,12,54,69,0,0,0.0,0.782608695652174,0.0,0.0,customer_only,28
19,0,0,0,0,0,0,57,0,15,42,0,0,0,0,0,0,0,12,54,69,0,0,0.0,0.782608695652174,0.0,0.0,customer_only,28
20,0,0,0,0,0,0,57,0,15,42,0,0,0,0,0,0,0,12,54,69,0,0,0.0,0.782608695652174,0.0,0.0,customer_only,28
21,0,0,0,0,0,0,57,0,15,42,0,0,0,0,0,0,0,12,54,69,0,0,0.0,0.782608695652174,0.0,0.0,customer_only,28
22,0,0,0,0,0,0,57,0,15,42,0,0,0,0,0,0,0,12,54,69,0,0,0.0,0.782608695652174,0.0,0.0,customer_only,28
23,0,0,0,0,0,0,57,0,15,42,0,0,0,0,0,0,0,12,54,69,0,0,0.0,0.782608695652174,0.0,0.0,customer_only,28
24,0,0,0,0,0,0,57,0,15,42,0,0,0,0,0,0,0,12,54,69,0,0,0.0,0.782608695652174,0.0,0.0,customer_only,28
25,0,0,0,0,0,0,57,0,15,42,0,0,0,0,0,0,0,12,54,69,0,0,0.0,0.782608695652174,0.0,0.0,customer_only,28
26,0,0,0,0,0,0,57,0,15,42,0,0,0,0,0,0,0,12,54,69,0,0,0.0,0.782608695652174,0.0,0.0,customer_only,28
27,0,0,0,0,0,0,57,0,15,42,0,0,0,0,0,0,0,12,54,69,0,0,0.0,0.782608695652174,0.0,0.0,customer_only,28
28,0,0,0,0,0,0,57,0,15,42,0,0,0,0,0,0,0,12,54,69,0,0,0.0,0.782608695652174,0.0,0.0,customer_only,28
29,0,0,0,0,0,0,57,0,15,42,0,0,0,0,0,0,0,12,54,69,0,0,0.0,0.782608695652174,0.0,0.0,customer_only,28
30,0,0,0,0,0,0,57,0,15,42,0,0,0,0,0,0,0,12,54,69,0,0,0.0,0.782608695652174,0.0,0.0,customer_only,28
31,0,0,0,0,0,0,57,0,15,42,0,0,0,0,0,0,0,12,54,69,0,0,0.0,0.782608695652174,0.0,0.0,customer_only,28
32,0,0,0,0,0,0,57,0,15,42,0,0,0,0,0,0,0,12,54,69,0,0,0.0,0.782608695652174,0.0,0.0,customer_only,28
33,0,0,0,0,0,0,57,0,15,42,0,0,0,0,0,0,0,12,54,69,0,0,0.0,0.782608695652174,0.0,0.0,customer_only,28
34,0,0,0,0,0,0,57,0,15,42,0,0,0,0,0,0,0,12,54,69,0,0,0.0,0.782608695652174,0.0,0.0,customer_only,28
35,0,0,0,0,0,0,57,0,15,42,0,0,0,0,0,0,0,12,54,69,0,0,0.0,0.782608695652174,0.0,0.0,customer_only,28
36,0,0,0,0,0,0,57,0,15,42,0,0,0,0,0,0,0,12,54,69,0,0,0.0,0.782608695652174,0.0,0.0,customer_only,28
37,0,0,0,0,0,0,57,0,15,42,0,0,0,0,0,0,0,12,54,69,0,0,0.0,0.782608695652174,0.0,0.0,customer_only,28
38,0,0,0,0,0,0,57,0,15,42,0,0,0,0,0,0,0,12,54,69,0,0,0.0,0.782608695652174,0.0,0.0,customer_only,28
39,0,0,0,0,0,0,57,0,15,42,0,0,0,0,0,0,0,12,54,69,0,0,0.0,0.782608695652174,0.0,0.0,customer_only,28
40,0,0,0,0,0,0,57,0,15,42,0,0,0,0,0,0,0,12,54,69,0,0,0.0,0.782608695652174,0.0,0.0,customer_only,28
41,0,0,0,0,0,0,57,0,15,42,0,0,0,0,0,0,0,12,54,69,0,0,0.0,0.782608695652174,0.0,0.0,customer_only,28
42,0,0,0,0,0,0,57,0,15,42,0,0,0,0,0,0,0,12,54,69,0,0,0.0,0.782608695652174,0.0,0.0,customer_only,28
43,0,0,0,0,0,0,57,0,15,42,0,0,0,0,0,0,0,12,54,69,0,0,0.0,0.782608695652174,0.0,0.0,customer_only,28
44,0,0,0,0,0,0,57,0,15,42,0,0,0,0,0,0,0,12,54,69,0,0,0.0,0.782608695652174,0.0,0.0,customer_only,28
0,69,69,69,59,13,0,69,69,0,0,59,59,0,0,0,13,0,0,69,69,0,0,0.855072463768116,0.18840579710144928,0.0,0.0,both,28
1,0,0,0,0,0,0,69,69,0,0,59,59,0,0,0,13,0,0,69,69,59,13,0.855072463768116,0.18840579710144928,0.0,0.0,both,28
2,0,0,0,0,0,0,69,58,0,11,52,47,5,5,0,8,0,0,69,69,59,13,0.855072463768116,0.18840579710144928,0.0,0.0,both,28
3,0,0,0,4,5,9,63,50,0,13,44,39,5,5,4,6,6,6,69,69,59,13,0.9130434782608695,0.2608695652173913,5.0,4.0,both,28
4,0,0,0,4,7,11,59,46,0,13,35,31,4,4,4,12,4,10,69,69,44,6,0.9710144927536232,0.36231884057971014,7.0,4.0,both,28
5,0,0,0,0,4,4,55,36,0,19,25,19,6,6,4,13,4,14,69,69,35,12,0.9710144927536232,0.42028985507246375,4.0,0.0,both,28
6,0,0,0,0,3,3,49,21,0,28,11,7,4,4,5,10,6,20,69,69,25,16,0.9710144927536232,0.463768115942029,3.0,0.0,both,28
7,0,0,0,0,5,5,42,15,0,27,4,0,4,4,3,11,7,27,69,69,11,14,0.9710144927536232,0.5362318840579711,5.0,0.0,both,28
8,0,0,0,0,0,0,36,5,0,31,0,0,0,0,4,5,6,33,69,69,4,12,0.9710144927536232,0.5362318840579711,0.0,0.0,both,28
9,0,0,0,0,0,0,36,0,0,36,0,0,0,0,0,0,0,33,69,69,0,8,0.9710144927536232,0.5362318840579711,0.0,0.0,both,28
10,0,0,0,0,0,0,36,0,0,36,0,0,0,0,0,0,0,33,69,69,0,5,0.9710144927536232,0.5362318840579711,0.0,0.0,both,28
11,0,0,0,0,0,0,36,0,0,36,0,0,0,0,0,0,0,33,69,69,0,0,0.9710144927536232,0.5362318840579711,0.0,0.0,both,28
12,0,0,0,0,0,0,36,0,0,36,0,0,0,0,0,0,0,33,69,69,0,0,0.9710144927536232,0.5362318840579711,0.0,0.0,both,28
13,0,0,0,0,0,0,36,0,0,36,0,0,0,0,0,0,0,33,69,69,0,0,0.9710144927536232,0.5362318840579711,0.0,0.0,both,28
14,0,0,0,0,0,0,36,0,0,36,0,0,0,0,0,0,0,33,69,69,0,0,0.9710144927536232,0.5362318840579711,0.0,0.0,both,28
15,0,0,0,0,0,0,36,0,0,36,0,0,0,0,0,0,0,33,69,69,0,0,0.9710144927536232,0.5362318840579711,0.0,0.0,both,28
16,0,0,0,0,0,0,36,0,0,36,0,0,0,0,0,0,0,33,69,69,0,0,0.9710144927536232,0.5362318840579711,0.0,0.0,both,28
17,0,0,0,0,0,0,36,0,0,36,0,0,0,0,0,0,0,33,69,69,0,0,0.9710144927536232,0.5362318840579711,0.0,0.0,both,28
18,0,0,0,0,0,0,36,0,0,36,0,0,0,0,0,0,0,33,69,69,0,0,0.9710144927536232,0.5362318840579711,0.0,0.0,both,28
19,0,0,0,0,0,0,36,0,0,36,0,0,0,0,0,0,0,33,69,69,0,0,0.9710144927536232,0.5362318840579711,0.0,0.0,both,28
20,0,0,0,0,0,0,36,0,0,36,0,0,0,0,0,0,0,33,69,69,0,0,0.9710144927536232,0.5362318840579711,0.0,0.0,both,28
21,0,0,0,0,0,0,36,0,0,36,0,0,0,0,0,0,0,33,69,69,0,0,0.9710144927536232,0.5362318840579711,0.0,0.0,both,28
22,0,0,0,0,0,0,36,0,0,36,0,0,0,0,0,0,0,33,69,69,0,0,0.9710144927536232,0.5362318840579711,0.0,0.0,both,28
23,0,0,0,0,0,0,36,0,0,36,0,0,0,0,0,0,0,33,69,69,0,0,0.9710144927536232,0.5362318840579711,0.0,0.0,both,28
24,0,0,0,0,0,0,36,0,0,36,0,0,0,0,0,0,0,33,69,69,0,0,0.9710144927536232,0.5362318840579711,0.0,0.0,both,28
25,0,0,0,0,0,0,36,0,0,36,0,0,0,0,0,0,0,33,69,69,0,0,0.9710144927536232,0.5362318840579711,0.0,0.0,both,28
26,0,0,0,0,0,0,36,0,0,36,0,0,0,0,0,0,0,33,69,69,0,0,0.9710144927536232,0.5362318840579711,0.0,0.0,both,28
27,0,0,0,0,0,0,36,0,0,36,0,0,0,0,0,0,0,33,69,69,0,0,0.9710144927536232,0.5362318840579711,0.0,0.0,both,28
28,0,0,0,0,0,0,36,0,0,36,0,0,0,0,0,0,0,33,69,69,0,0,0.9710144927536232,0.5362318840579711,0.0,0.0,both,28
29,0,0,0,0,0,0,36,0,0,36,0,0,0,0,0,0,0,33,69,69,0,0,0.9710144927536232,0.5362318840579711,0.0,0.0,both,28
30,0,0,0,0,0,0,36,0,0,36,0,0,0,0,0,0,0,33,69,69,0,0,0.9710144927536232,0.5362318840579711,0.0,0.0,both,28
31,0,0,0,0,0,0,36,0,0,36,0,0,0,0,0,0,0,33,69,69,0,0,0.9710144927536232,0.5362318840579711,0.0,0.0,both,28
32,0,0,0,0,0,0,36,0,0,36,0,0,0,0,0,0,0,33,69,69,0,0,0.9710144927536232,0.5362318840579711,0.0,0.0,both,28
33,0,0,0,0,0,0,36,0,0,36,0,0,0,0,0,0,0,33,69,69,0,0,0.9710144927536232,0.5362318840579711,0.0,0.0,both,28
34,0,0,0,0,0,0,36,0,0,36,0,0,0,0,0,0,0,33,69,69,0,0,0.9710144927536232,0.5362318840579711,0.0,0.0,both,28
35,0,0,0,0,0,0,36,0,0,36,0,0,0,0,0,0,0,33,69,69,0,0,0.9710144927536232,0.5362318840579711,0.0,0.0,both,28
36,0,0,0,0,0,0,36,0,0,36,0,0,0,0,0,0,0,33,69,69,0,0,0.9710144927536232,0.5362318840579711,0.0,0.0,both,28
37,0,0,0,0,0,0,36,0,0,36,0,0,0,0,0,0,0,33,69,69,0,0,0.9710144927536232,0.5362318840579711,0.0,0.0,both,28
38,0,0,0,0,0,0,36,0,0,36,0,0,0,0,0,0,0,33,69,69,0,0,0.9710144927536232,0.5362318840579711,0.0,0.0,both,28
39,0,0,0,0,0,0,36,0,0,36,0,0,0,0,0,0,0,33,69,69,0,0,0.9710144927536232,0.5362318840579711,0.0,0.0,both,28
40,0,0,0,0,0,0,36,0,0,36,0,0,0,0,0,0,0,33,69,69,0,0,0.9710144927536232,0.5362318840579711,0.0,0.0,both,28
41,0,0,0,0,0,0,36,0,0,36,0,0,0,0,0,0,0,33,69,69,0,0,0.9710144927536232,0.5362318840579711,0.0,0.0,both,28
42,0,0,0,0,0,0,36,0,0,36,0,0,0,0,0,0,0,33,69,69,0,0,0.9710144927536232,0.5362318840579711,0.0,0.0,both,28
43,0,0,0,0,0,0,36,0,0,36,0,0,0,0,0,0,0,33,69,69,0,0,0.9710144927536232,0.5362318840579711,0.0,0.0,both,28
44,0,0,0,0,0,0,36,0,0,36,0,0,0,0,0,0,0,33,69,69,0,0,0.9710144927536232,0.5362318840579711,0.0,0.0,both,28
0,74,74,74,74,0,0,74,74,0,0,74,74,0,0,0,0,0,0,74,74,0,0,1.0,0.0,0.0,0.0,domestic_only,29
1,0,0,0,0,0,0,74,74,0,0,74,74,0,0,0,0,0,0,74,74,74,0,1.0,0.0,0.0,0.0,domestic_only,29
2,0,0,0,0,0,0,74,68,0,6,68,62,6,6,0,0,0,0,74,74,74,0,1.0,0.0,0.0,0.0,domestic_only,29
3,0,0,0,0,0,0,68,54,0,14,54,50,4,4,6,0,6,6,74,74,74,0,1.0,0.0,0.0,0.0,domestic_only,29
4,0,0,0,0,0,0,65,44,0,21,44,38,6,6,3,0,3,9,74,74,54,0,1.0,0.0,0.0,0.0,domestic_only,29
5,0,0,0,0,0,0,60,35,0,25,35,26,9,9,5,0,5,14,74,74,44,0,1.0,0.0,0.0,0.0,domestic_only,29
6,0,0,0,0,0,0,52,23,0,29,23,14,9,9,8,0,8,22,74,74,35,0,1.0,0.0,0.0,0.0,domestic_only,29
7,0,0,0,0,0,0,46,8,0,38,8,2,6,6,6,0,6,28,74,74,23,0,1.0,0.0,0.0,0.0,domestic_only,29
8,0,0,0,0,0,0,42,1,0,41,1,0,1,1,4,0,4,32,74,74,8,0,1.0,0.0,0.0,0.0,domestic_only,29
9,0,0,0,0,0,0,42,0,0,42,0,0,0,0,0,0,0,32,74,74,1,0,1.0,0.0,0.0,0.0,domestic_only,29
10,0,0,0,0,0,0,42,0,0,42,0,0,0,0,0,0,0,32,74,74,0,0,1.0,0.0,0.0,0.0,domestic_only,29
11,0,0,0,0,0,0,42,0,0,42,0,0,0,0,0,0,0,32,74,74,0,0,1.0,0.0,0.0,0.0,domestic_only,29
12,0,0,0,0,0,0,42,0,0,42,0,0,0,0,0,0,0,32,74,74,0,0,1.0,0.0,0.0,0.0,domestic_only,29
13,0,0,0,0,0,0,42,0,0,42,0,0,0,0,0,0,0,32,74,74,0,0,1.0,0.0,0.0,0.0,domestic_only,29
14,0,0,0,0,0,0,42,0,0,42,0,0,0,0,0,0,0,32,74,74,0,0,1.0,0.0,0.0,0.0,domestic_only,29
15,0,0,0,0,0,0,42,0,0,42,0,0,0,0,0,0,0,32,74,74,0,0,1.0,0.0,0.0,0.0,domestic_only,29
16,0,0,0,0,0,0,42,0,0,42,0,0,0,0,0,0,0,32,74,74,0,0,1.0,0.0,0.0,0.0,domestic_only,29
17,0,0,0,0,0,0,42,0,0,42,0,0,0,0,0,0,0,32,74,74,0,0,1.0,0.0,0.0,0.0,domestic_only,29
18,0,0,0,0,0,0,42,0,0,42,0,0,0,0,0,0,0,32,74,74,0,0,1.0,0.0,0.0,0.0,domestic_only,29
19,0,0,0,0,0,0,42,0,0,42,0,0,0,0,0,0,0,32,74,74,0,0,1.0,0.0,0.0,0.0,domestic_only,29
20,0,0,0,0,0,0,42,0,0,42,0,0,0,0,0,0,0,32,74,74,0,0,1.0,0.0,0.0,0.0,domestic_only,29
21,0,0,0,0,0,0,42,0,0,42,0,0,0,0,0,0,0,32,74,74,0,0,1.0,0.0,0.0,0.0,domestic_only,29
22,0,0,0,0,0,0,42,0,0,42,0,0,0,0,0,0,0,32,74,74,0,0,1.0,0.0,0.0,0.0,domestic_only,29
23,0,0,0,0,0,0,42,0,0,42,0,0,0,0,0,0,0,32,74,74,0,0,1.0,0.0,0.0,0.0,domestic_only,29
24,0,0,0,0,0,0,42,0,0,42,0,0,0,0,0,0,0,32,74,74,0,0,1.0,0.0,0.0,0.0,domestic_only,29
25,0,0,0,0,0,0,42,0,0,42,0,0,0,0,0,0,0,32,74,74,0,0,1.0,0.0,0.0,0.0,domestic_only,29
26,0,0,0,0,0,0,42,0,0,42,0,0,0,0,0,0,0,32,74,74,0,0,1.0,0.0,0.0,0.0,domestic_only,29
27,0,0,0,0,0,0,42,0,0,42,0,0,0,0,0,0,0,32,74,74,0,0,1.0,0.0,0.0,0.0,domestic_only,29
28,0,0,0,0,0,0,42,0,0,42,0,0,0,0,0,0,0,32,74,74,0,0,1.0,0.0,0.0,0.0,domestic_only,29
29,0,0,0,0,0,0,42,0,0,42,0,0,0,0,0,0,0,32,74,74,0,0,1.0,0.0,0.0,0.0,domestic_only,29
30,0,0,0,0,0,0,42,0,0,42,0,0,0,0,0,0,0,32,74,74,0,0,1.0,0.0,0.0,0.0,domestic_only,29
31,0,0,0,0,0,0,42,0,0,42,0,0,0,0,0,0,0,32,74,74,0,0,1.0,0.0,0.0,0.0,domestic_only,29
32,0,0,0,0,0,0,42,0,0,42,0,0,0,0,0,0,0,32,74,74,0,0,1.0,0.0,0.0,0.0,domestic_only,29
33,0,0,0,0,0,0,42,0,0,42,0,0,0,0,0,0,0,32,74,74,0,0,1.0,0.0,0.0,0.0,domestic_only,29
34,0,0,0,0,0,0,42,0,0,42,0,0,0,0,0,0,0,32,74,74,0,0,1.0,0.0,0.0,0.0,domestic_only,29
35,0,0,0,0,0,0,42,0,0,42,0,0,0,0,0,0,0,32,74,74,0,0,1.0,0.0,0.0,0.0,domestic_only,29
36,0,0,0,0,0,0,42,0,0,42,0,0,0,0,0,0,0,32,74,74,0,0,1.0,0.0,0.0,0.0,domestic_only,29
37,0,0,0,0,0,0,42,0,0,42,0,0,0,0,0,0,0,32,74,74,0,0,1.0,0.0,0.0,0.0,domestic_only,29
38,0,0,0,0,0,0,42,0,0,42,0,0,0,0,0,0,0,32,74,74,0,0,1.0,0.0,0.0,0.0,domestic_only,29
39,0,0,0,0,0,0,42,0,0,42,0,0,0,0,0,0,0,32,74,74,0,0,1.0,0.0,0.0,0.0,domestic_only,29
40,0,0,0,0,0,0,42,0,0,42,0,0,0,0,0,0,0,32,74,74,0,0,1.0,0.0,0.0,0.0,domestic_only,29
41,0,0,0,0,0,0,42,0,0,42,0,0,0,0,0,0,0,32,74,74,0,0,1.0,0.0,0.0,0.0,domestic_only,29
42,0,0,0,0,0,0,42,0,0,42,0,0,0,0,0,0,0,32,74,74,0,0,1.0,0.0,0.0,0.0,domestic_only,29
43,0,0,0,0,0,0,42,0,0,42,0,0,0,0,0,0,0,32,74,74,0,0,1.0,0.0,0.0,0.0,domestic_only,29
44,0,0,0,0,0,0,42,0,0,42,0,0,0,0,0,0,0,32,74,74,0,0,1.0,0.0,0.0,0.0,domestic_only,29
0,74,31,31,0,31,0,74,31,43,0,0,0,0,0,0,31,0,0,31,74,0,0,0.0,0.4189189189189189,0.0,0.0,customer_only,29
1,0,3,3,0,3,0,74,34,40,0,0,0,0,0,0,34,0,0,34,74,0,31,0.0,0.4594594594594595,0.0,0.0,customer_only,29
2,0,0,0,0,0,0,74,27,40,7,0,0,0,0,0,27,0,0,34,74,0,34,0.0,0.4594594594594595,0.0,0.0,customer_only,29
3,0,0,0,0,0,0,69,15,40,14,0,0,0,0,0,15,5,5,34,74,0,34,0.0,0.4594594594594595,0.0,0.0,customer_only,29
4,0,0,0,0,0,0,66,5,40,21,0,0,0,0,0,5,3,8,34,74,0,15,0.0,0.4594594594594595,0.0,0.0,customer_only,29
5,0,0,0,0,0,0,63,1,40,22,0,0,0,0,0,1,3,11,34,74,0,5,0.0,0.4594594594594595,0.0,0.0,customer_only,29
6,0,0,0,0,0,0,63,0,40,23,0,0,0,0,0,0,0,11,34,74,0,1,0.0,0.4594594594594595,0.0,0.0,customer_only,29
7,0,0,0,0,0,0,63,0,40,23,0,0,0,0,0,0,0,11,34,74,0,0,0.0,0.4594594594594595,0.0,0.0,customer_only,29
8,0,0,0,0,0,0,63,0,40,23,0,0,0,0,0,0,0,11,34,74,0,0,0.0,0.4594594594594595,0.0,0.0,customer_only,29
9,0,0,0,0,0,0,63,0,40,23,0,0,0,0,0,0,0,11,34,74,0,0,0.0,0.4594594594594595,0.0,0.0,customer_only,29
10,0,0,0,0,0,0,63,0,40,23,0,0,0,0,0,0,0,11,34,74,0,0,0.0,0.4594594594594595,0.0,0.0,customer_only,29
11,0,0,0,0,0,0,63,0,40,23,0,0,0,0,0,0,0,11,34,74,0,0,0.0,0.4594594594594595,0.0,0.0,customer_only,29
12,0,0,0,0,0,0,63,0,40,23,0,0,0,0,0,0,0,11,34,74,0,0,0.0,0.4594594594594595,0.0,0.0,customer_only,29
13,0,0,0,0,0,0,63,0,40,23,0,0,0,0,0,0,0,11,34,74,0,0,0.0,0.4594594594594595,0.0,0.0,customer_only,29
14,0,0,0,0,0,0,63,0,40,23,0,0,0,0,0,0,0,11,34,74,0,0,0.0,0.4594594594594595,0.0,0.0,customer_only,29
15,0,0,0,0,0,0,63,0,40,23,0,0,0,0,0,0,0,11,34,74,0,0,0.0,0.4594594594594595,0.0,0.0,customer_only,29
16,0,0,0,0,0,0,63,0,40,23,0,0,0,0,0,0,0,11,34,74,0,0,0.0,0.4594594594594595,0.0,0.0,customer_only,29
17,0,0,0,0,0,0,63,0,40,23,0,0,0,0,0,0,0,11,34,74,0,0,0.0,0.4594594594594595,0.0,0.0,customer_only,29
18,0,0,0,0,0,0,63,0,40,23,0,0,0,0,0,0,0,11,34,74,0,0,0.0,0.4594594594594595,0.0,0.0,customer_only,29
19,0,0,0,0,0,0,63,0,40,23,0,0,0,0,0,0,0,11,34,74,0,0,0.0,0.4594594594594595,0.0,0.0,customer_only,29
20,0,0,0,0,0,0,63,0,40,23,0,0,0,0,0,0,0,11,34,74,0,0,0.0,0.4594594594594595,0.0,0.0,customer_only,29
21,0,0,0,0,0,0,63,0,40,23,0,0,0,0,0,0,0,11,34,74,0,0,0.0,0.4594594594594595,0.0,0.0,customer_only,29
22,0,0,0,0,0,0,63,0,40,23,0,0,0,0,0,0,0,11,34,74,0,0,0.0,0.4594594594594595,0.0,0.0,customer_only,29
23,0,0,0,0,0,0,63,0,40,23,0,0,0,0,0,0,0,11,34,74,0,0,0.0,0.4594594594594595,0.0,0.0,customer_only,29
24,0,0,0,0,0,0,63,0,40,23,0,0,0,0,0,0,0,11,34,74,0,0,0.0,0.4594594594594595,0.0,0.0,customer_only,29
25,0,0,0,0,0,0,63,0,40,23,0,0,0,0,0,0,0,11,34,74,0,0,0.0,0.4594594594594595,0.0,0.0,customer_only,29
26,0,0,0,0,0,0,63,0,40,23,0,0,0,0,0,0,0,11,34,74,0,0,0.0,0.4594594594594595,0.0,0.0,customer_only,29
27,0,0,0,0,0,0,63,0,40,23,0,0,0,0,0,0,0,11,34,74,0,0,0.0,0.4594594594594595,0.0,0.0,customer_only,29
28,0,0,0,0,0,0,63,0,40,23,0,0,0,0,0,0,0,11,34,74,0,0,0.0,0.4594594594594595,0.0,0.0,customer_only,29
29,0,0,0,0,0,0,63,0,40,23,0,0,0,0,0,0,0,11,34,74,0,0,0.0,0.4594594594594595,0.0,0.0,customer_only,29
30,0,0,0,0,0,0,63,0,40,23,0,0,0,0,0,0,0,11,34,74,0,0,0.0,0.4594594594594595,0.0,0.0,customer_only,29
31,0,0,0,0,0,0,63,0,40,23,0,0,0,0,0,0,0,11,34,74,0,0,0.0,0.4594594594594595,0.0,0.0,customer_only,29
32,0,0,0,0,0,0,63,0,40,23,0,0,0,0,0,0,0,11,34,74,0,0,0.0,0.4594594594594595,0.0,0.0,customer_only,29
33,0,0,0,0,0,0,63,0,40,23,0,0,0,0,0,0,0,11,34,74,0,0,0.0,0.4594594594594595,0.0,0.0,customer_only,29
34,0,0,0,0,0,0,63,0,40,23,0,0,0,0,0,0,0,11,34,74,0,0,0.0,0.4594594594594595,0.0,0.0,customer_only,29
35,0,0,0,0,0,0,63,0,40,23,0,0,0,0,0,0,0,11,34,74,0,0,0.0,0.4594594594594595,0.0,0.0,customer_only,29
36,0,0,0,0,0,0,63,0,40,23,0,0,0,0,0,0,0,11,34,74,0,0,0.0,0.4594594594594595,0.0,0.0,customer_only,29
37,0,0,0,0,0,0,63,0,40,23,0,0,0,0,0,0,0,11,34,74,0,0,0.0,0.4594594594594595,0.0,0.0,customer_only,29
38,0,0,0,0,0,0,63,0,40,23,0,0,0,0,0,0,0,11,34,74,0,0,0.0,0.4594594594594595,0.0,0.0,customer_only,29
39,0,0,0,0,0,0,63,0,40,23,0,0,0,0,0,0,0,11,34,74,0,0,0.0,0.4594594594594595,0.0,0.0,customer_only,29
40,0,0,0,0,0,0,63,0,40,23,0,0,0,0,0,0,0,11,34,74,0,0,0.0,0.4594594594594595,0.0,0.0,customer_only,29
41,0,0,0,0,0,0,63,0,40,23,0,0,0,0,0,0,0,11,34,74,0,0,0.0,0.4594594594594595,0.0,0.0,customer_only,29
42,0,0,0,0,0,0,63,0,40,23,0,0,0,0,0,0,0,11,34,74,0,0,0.0,0.4594594594594595,0.0,0.0,customer_only,29
43,0,0,0,0,0,0,63,0,40,23,0,0,0,0,0,0,0,11,34,74,0,0,0.0,0.4594594594594595,0.0,0.0,customer_only,29
44,0,0,0,0,0,0,63,0,40,23,0,0,0,0,0,0,0,11,34,74,0,0,0.0,0.4594594594594595,0.0,0.0,customer_only,29
0,74,74,74,74,6,0,74,74,0,0,74,74,0,0,0,6,0,0,74,74,0,0,1.0,0.08108108108108109,0.0,0.0,both,29
1,0,0,0,0,0,0,74,74,0,0,74,74,0,0,0,6,0,0,74,74,74,6,1.0,0.08108108108108109,0.0,0.0,both,29
2,0,0,0,0,0,0,74,68,0,6,68,62,6,6,0,2,0,0,74,74,74,6,1.0,0.08108108108108109,0.0,0.0,both,29
3,0,0,0,0,4,4,66,57,0,9,53,49,4,4,6,4,8,8,74,74,74,6,1.0,0.13513513513513514,4.0,0.0,both,29
4,0,0,0,0,2,2,63,47,0,16,42,37,5,5,3,6,3,11,74,74,53,4,1.0,0.16216216216216217,2.0,0.0,both,29
5,0,0,0,0,2,2,59,37,0,22,33,25,8,8,4,6,4,15,74,74,42,6,1.0,0.1891891891891892,2.0,0.0,both,29
6,0,0,0,0,3,3,51,25,0,26,22,13,9,9,7,5,8,23,74,74,33,8,1.0,0.22972972972972974,3.0,0.0,both,29
7,0,0,0,0,1,1,44,9,0,35,6,1,5,5,6,3,7,30,74,74,22,7,1.0,0.24324324324324326,1.0,0.0,both,29
8,0,0,0,0,4,4,41,6,0,35,1,0,1,1,3,5,3,33,74,74,6,6,1.0,0.2972972972972973,4.0,0.0,both,29
9,0,0,0,0,2,2,41,6,0,35,0,0,0,0,0,6,0,33,74,74,1,8,1.0,0.32432432432432434,2.0,0.0,both,29
10,0,0,0,0,0,0,41,2,0,39,0,0,0,0,0,2,0,33,74,74,0,7,1.0,0.32432432432432434,0.0,0.0,both,29
11,0,0,0,0,0,0,41,2,0,39,0,0,0,0,0,2,0,33,74,74,0,6,1.0,0.32432432432432434,0.0,0.0,both,29
12,0,0,0,0,0,0,41,0,0,41,0,0,0,0,0,0,0,33,74,74,0,2,1.0,0.32432432432432434,0.0,0.0,both,29
13,0,0,0,0,0,0,41,0,0,41,0,0,0,0,0,0,0,33,74,74,0,0,1.0,0.32432432432432434,0.0,0.0,both,29
14,0,0,0,0,0,0,41,0,0,41,0,0,0,0,0,0,0,33,74,74,0,0,1.0,0.32432432432432434,0.0,0.0,both,29
15,0,0,0,0,0,0,41,0,0,41,0,0,0,0,0,0,0,33,74,74,0,0,1.0,0.32432432432432434,0.0,0.0,both,29
16,0,0,0,0,0,0,41,0,0,41,0,0,0,0,0,0,0,33,74,74,0,0,1.0,0.32432432432432434,0.0,0.0,both,29
17,0,0,0,0,0,0,41,0,0,41,0,0,0,0,0,0,0,33,74,74,0,0,1.0,0.32432432432432434,0.0,0.0,both,29
18,0,0,0,0,0,0,41,0,0,41,0,0,0,0,0,0,0,33,74,74,0,0,1.0,0.32432432432432434,0.0,0.0,both,29
19,0,0,0,0,0,0,41,0,0,41,0,0,0,0,0,0,0,33,74,74,0,0,1.0,0.32432432432432434,0.0,0.0,both,29
20,0,0,0,0,0,0,41,0,0,41,0,0,0,0,0,0,0,33,74,74,0,0,1.0,0.32432432432432434,0.0,0.0,both,29
21,0,0,0,0,0,0,41,0,0,41,0,0,0,0,0,0,0,33,74,74,0,0,1.0,0.32432432432432434,0.0,0.0,both,29
22,0,0,0,0,0,0,41,0,0,41,0,0,0,0,0,0,0,33,74,74,0,0,1.0,0.32432432432432434,0.0,0.0,both,29
23,0,0,0,0,0,0,41,0,0,41,0,0,0,0,0,0,0,33,74,74,0,0,1.0,0.32432432432432434,0.0,0.0,both,29
24,0,0,0,0,0,0,41,0,0,41,0,0,0,0,0,0,0,33,74,74,0,0,1.0,0.32432432432432434,0.0,0.0,both,29
25,0,0,0,0,0,0,41,0,0,41,0,0,0,0,0,0,0,33,74,74,0,0,1.0,0.32432432432432434,0.0,0.0,both,29
26,0,0,0,0,0,0,41,0,0,41,0,0,0,0,0,0,0,33,74,74,0,0,1.0,0.32432432432432434,0.0,0.0,both,29
27,0,0,0,0,0,0,41,0,0,41,0,0,0,0,0,0,0,33,74,74,0,0,1.0,0.32432432432432434,0.0,0.0,both,29
28,0,0,0,0,0,0,41,0,0,41,0,0,0,0,0,0,0,33,74,74,0,0,1.0,0.32432432432432434,0.0,0.0,both,29
29,0,0,0,0,0,0,41,0,0,41,0,0,0,0,0,0,0,33,74,74,0,0,1.0,0.32432432432432434,0.0,0.0,both,29
30,0,0,0,0,0,0,41,0,0,41,0,0,0,0,0,0,0,33,74,74,0,0,1.0,0.32432432432432434,0.0,0.0,both,29
31,0,0,0,0,0,0,41,0,0,41,0,0,0,0,0,0,0,33,74,74,0,0,1.0,0.32432432432432434,0.0,0.0,both,29
32,0,0,0,0,0,0,41,0,0,41,0,0,0,0,0,0,0,33,74,74,0,0,1.0,0.32432432432432434,0.0,0.0,both,29
33,0,0,0,0,0,0,41,0,0,41,0,0,0,0,0,0,0,33,74,74,0,0,1.0,0.32432432432432434,0.0,0.0,both,29
34,0,0,0,0,0,0,41,0,0,41,0,0,0,0,0,0,0,33,74,74,0,0,1.0,0.32432432432432434,0.0,0.0,both,29
35,0,0,0,0,0,0,41,0,0,41,0,0,0,0,0,0,0,33,74,74,0,0,1.0,0.32432432432432434,0.0,0.0,both,29
36,0,0,0,0,0,0,41,0,0,41,0,0,0,0,0,0,0,33,74,74,0,0,1.0,0.32432432432432434,0.0,0.0,both,29
37,0,0,0,0,0,0,41,0,0,41,0,0,0,0,0,0,0,33,74,74,0,0,1.0,0.32432432432432434,0.0,0.0,both,29
38,0,0,0,0,0,0,41,0,0,41,0,0,0,0,0,0,0,33,74,74,0,0,1.0,0.32432432432432434,0.0,0.0,both,29
39,0,0,0,0,0,0,41,0,0,41,0,0,0,0,0,0,0,33,74,74,0,0,1.0,0.32432432432432434,0.0,0.0,both,29
40,0,0,0,0,0,0,41,0,0,41,0,0,0,0,0,0,0,33,74,74,0,0,1.0,0.32432432432432434,0.0,0.0,both,29
41,0,0,0,0,0,0,41,0,0,41,0,0,0,0,0,0,0,33,74,74,0,0,1.0,0.32432432432432434,0.0,0.0,both,29
42,0,0,0,0,0,0,41,0,0,41,0,0,0,0,0,0,0,33,74,74,0,0,1.0,0.32432432432432434,0.0,0.0,both,29
43,0,0,0,0,0,0,41,0,0,41,0,0,0,0,0,0,0,33,74,74,0,0,1.0,0.32432432432432434,0.0,0.0,both,29
44,0,0,0,0,0,0,41,0,0,41,0,0,0,0,0,0,0,33,74,74,0,0,1.0,0.32432432432432434,0.0,0.0,both,29
