axis,mode,population,level,contrast,metric,mean,low,high,n
delay,disabled,all,,highest_minus_lowest,domestic_use,0.01432087973317413,-0.011076678762955702,0.04002022133149825,20
delay,disabled,all,,highest_minus_lowest,customer_use,0.012925726075868236,-0.018112427547632592,0.043541851792471435,20
delay,disabled,all,,highest_minus_lowest,first_d,0.005375811549134904,-0.025870820544799267,0.03850182448365583,20
delay,disabled,all,,highest_minus_lowest,first_e,-0.006344946580769945,-0.03762393531133971,0.021708130107686414,20
delay,disabled,all,,highest_minus_lowest,first_both,-0.001016473836241275,-0.007628342103632796,0.005850321190437469,20
delay,disabled,all,,highest_minus_lowest,neither,0.00198560886787631,-0.011504533499446273,0.01620812813236505,20
delay,disabled,all,,highest_minus_lowest,d_to_e,0.020287146492879476,-0.012247924383050971,0.05155268089723416,20
delay,disabled,all,,highest_minus_lowest,e_to_d,0.009961542020280491,-0.007556584346184909,0.027785290018083723,20
delay,disabled,all,,highest_minus_lowest,both_use,0.029232214676918656,-0.002348931492252184,0.06327458138985377,20
delay,disabled,all,,highest_minus_lowest,resolved,-0.048904103946318535,-0.08634930700060715,-0.013089673472398037,20
delay,disabled,all,,highest_minus_lowest,unresolved,0.04890410394631855,0.013089673472398053,0.08634930700060713,20
delay,disabled,all,,highest_minus_lowest,customer_route_success,-0.0046088215927815885,-0.035623695890422746,0.025217014370389486,20
delay,disabled,all,,highest_minus_lowest,customer_only_resolution,-0.0046088215927815885,-0.035623695890422746,0.025217014370389486,20
delay,disabled,all,,highest_minus_lowest,joint_resolution,0.0,0.0,0.0,20
delay,disabled,all,,highest_minus_lowest,customer_user_any_resolution,0.013500527197509177,-0.04082901479826135,0.05742882172032865,20
delay,disabled,all,,highest_minus_lowest,customer_unresolved,-0.013500527197509165,-0.05742882172032862,0.0408290147982613,20
delay,disabled,all,,highest_minus_lowest,material_at_review,-0.015997609878044654,-0.0376147095959596,0.006524142976588619,20
delay,disabled,all,,highest_minus_lowest,standardized_no_material_score,-5.237961320565809e-05,-0.004130641226008409,0.004854247745849583,20
delay,disabled,all,,highest_minus_lowest,mechanical_material_increment,0.0,0.0,0.0,20
delay,disabled,all,,highest_minus_lowest,mean_customer_merit,-0.004601936267074514,-0.02147144490702786,0.014097378137605926,20
delay,disabled,all,,highest_minus_lowest,mean_customer_dependence,0.00294262770367619,-0.0006726712543371098,0.006779238845813053,20
delay,disabled,both_reachable,,highest_minus_lowest,domestic_use,0.010109489180993757,-0.026174559516045314,0.047236333772088794,20
delay,disabled,both_reachable,,highest_minus_lowest,customer_use,0.021742068414539628,-0.01829049945977421,0.06297105934999114,20
delay,disabled,both_reachable,,highest_minus_lowest,first_d,-0.0029980543403428624,-0.04561694528963475,0.043217095038070905,20
delay,disabled,both_reachable,,highest_minus_lowest,first_e,-0.003762835765178349,-0.048034110772365086,0.03729017561934773,20
delay,disabled,both_reachable,,highest_minus_lowest,first_both,-0.0006116452991452994,-0.010092881944444444,0.00970239049145298,20
delay,disabled,both_reachable,,highest_minus_lowest,neither,0.007372535404666515,-0.00992925593654786,0.023141809440312827,20
delay,disabled,both_reachable,,highest_minus_lowest,d_to_e,0.02611654947886328,-0.021315292869142632,0.07225777197231824,20
delay,disabled,both_reachable,,highest_minus_lowest,e_to_d,0.01371918882048192,-0.009944356521188422,0.037608513408890556,20
delay,disabled,both_reachable,,highest_minus_lowest,both_use,0.03922409300019991,-0.007641299685648334,0.08736119102784587,20
delay,disabled,both_reachable,,highest_minus_lowest,resolved,-0.027118537538657124,-0.07644236380199952,0.017403825927617963,20
delay,disabled,both_reachable,,highest_minus_lowest,unresolved,0.027118537538657117,-0.01740382592761799,0.07644236380199944,20
delay,disabled,both_reachable,,highest_minus_lowest,customer_route_success,-0.0046088215927815885,-0.035623695890422746,0.025217014370389486,20
delay,disabled,both_reachable,,highest_minus_lowest,customer_only_resolution,-0.0046088215927815885,-0.035623695890422746,0.025217014370389486,20
delay,disabled,both_reachable,,highest_minus_lowest,joint_resolution,0.0,0.0,0.0,20
delay,disabled,both_reachable,,highest_minus_lowest,customer_user_any_resolution,0.013500527197509177,-0.04082901479826135,0.05742882172032865,20
delay,disabled,both_reachable,,highest_minus_lowest,customer_unresolved,-0.013500527197509165,-0.05742882172032862,0.0408290147982613,20
delay,disabled,both_reachable,,highest_minus_lowest,material_at_review,-0.015997609878044654,-0.0376147095959596,0.006524142976588619,20
delay,disabled,both_reachable,,highest_minus_lowest,standardized_no_material_score,-5.237961320565809e-05,-0.004130641226008409,0.004854247745849583,20
delay,disabled,both_reachable,,highest_minus_lowest,mechanical_material_increment,0.0,0.0,0.0,20
delay,disabled,both_reachable,,highest_minus_lowest,mean_customer_merit,-0.004601936267074514,-0.02147144490702786,0.014097378137605926,20
delay,disabled,both_reachable,,highest_minus_lowest,mean_customer_dependence,0.00294262770367619,-0.0006726712543371098,0.006779238845813053,20
delay,full,all,,highest_minus_lowest,domestic_use,0.011881855342930231,-0.01297049292761501,0.03684566624133414,20
delay,full,all,,highest_minus_lowest,customer_use,0.036170784393806214,0.014514154245086076,0.06077024647455019,20
delay,full,all,,highest_minus_lowest,first_d,0.0029688384409422785,-0.028034532385920182,0.03624959506833742,20
delay,full,all,,highest_minus_lowest,first_e,-0.0051007641702517405,-0.03689913153010874,0.023074291498358795,20
delay,full,all,,highest_minus_lowest,first_both,0.00014631686143314008,-0.006977389132185628,0.007106200243554892,20
delay,full,all,,highest_minus_lowest,neither,0.00198560886787631,-0.011504533499446273,0.01620812813236505,20
delay,full,all,,highest_minus_lowest,d_to_e,0.04112523170262483,0.01074708269820776,0.0718196153090819,20
delay,full,all,,highest_minus_lowest,e_to_d,0.008766700040554791,-0.010635800603138857,0.027517638173846424,20
delay,full,all,,highest_minus_lowest,both_use,0.05003824860461274,0.020834534328720372,0.07979607297914161,20
delay,full,all,,highest_minus_lowest,resolved,-0.04870584762710363,-0.0867220183203149,-0.011902976738728139,20
delay,full,all,,highest_minus_lowest,unresolved,0.04870584762710363,0.011902976738728128,0.08672201832031486,20
delay,full,all,,highest_minus_lowest,customer_route_success,-0.02649416814379755,-0.05490495950871159,0.0005287261495591078,20
delay,full,all,,highest_minus_lowest,customer_only_resolution,-0.02649416814379755,-0.05490495950871159,0.0005287261495591078,20
delay,full,all,,highest_minus_lowest,joint_resolution,0.0,0.0,0.0,20
delay,full,all,,highest_minus_lowest,customer_user_any_resolution,0.04049178401650079,-0.016201123054741154,0.08902991494280191,20
delay,full,all,,highest_minus_lowest,customer_unresolved,-0.04049178401650081,-0.08902991494280192,0.01620112305474114,20
delay,full,all,,highest_minus_lowest,material_at_review,-0.020300451750579627,-0.04136405939187268,0.0002689268461007338,20
delay,full,all,,highest_minus_lowest,standardized_no_material_score,0.0003555523853845985,-0.003559711818755684,0.004708334941416937,20
delay,full,all,,highest_minus_lowest,mechanical_material_increment,-0.003115214040379205,-0.006439635109770462,0.00017685374790148983,20
delay,full,all,,highest_minus_lowest,mean_customer_merit,-0.001997240443864459,-0.016825231225829244,0.01335362590005083,20
delay,full,all,,highest_minus_lowest,mean_customer_dependence,0.0023970379675052832,-0.000947939876527387,0.005899751680464237,20
delay,full,both_reachable,,highest_minus_lowest,domestic_use,0.0074067864782910555,-0.027067116959470634,0.043573049866909457,20
delay,full,both_reachable,,highest_minus_lowest,customer_use,0.05148246059243182,0.020800496507393046,0.08705462788862744,20
delay,full,both_reachable,,highest_minus_lowest,first_d,-0.005596590376378901,-0.04864501978597092,0.04212298145920829,20
delay,full,both_reachable,,highest_minus_lowest,first_e,-0.0033382127726205744,-0.04876890050936387,0.03723660365997555,20
delay,full,both_reachable,,highest_minus_lowest,first_both,0.0015622677443329607,-0.008542534722222222,0.012369359090486778,20
delay,full,both_reachable,,highest_minus_lowest,neither,0.007372535404666515,-0.00992925593654786,0.023141809440312827,20
delay,full,both_reachable,,highest_minus_lowest,d_to_e,0.05325840562071944,0.006347427121930276,0.0998052948008254,20
delay,full,both_reachable,,highest_minus_lowest,e_to_d,0.011441109110336984,-0.014820527971835152,0.03622128455842847,20
delay,full,both_reachable,,highest_minus_lowest,both_use,0.0662617824753894,0.023329381604524257,0.11099308119757922,20
delay,full,both_reachable,,highest_minus_lowest,resolved,-0.02922376890785026,-0.07932920371251587,0.012970952344475229,20
delay,full,both_reachable,,highest_minus_lowest,unresolved,0.029223768907850268,-0.012970952344475305,0.07932920371251588,20
delay,full,both_reachable,,highest_minus_lowest,customer_route_success,-0.02649416814379755,-0.05490495950871159,0.0005287261495591078,20
delay,full,both_reachable,,highest_minus_lowest,customer_only_resolution,-0.02649416814379755,-0.05490495950871159,0.0005287261495591078,20
delay,full,both_reachable,,highest_minus_lowest,joint_resolution,0.0,0.0,0.0,20
delay,full,both_reachable,,highest_minus_lowest,customer_user_any_resolution,0.04049178401650079,-0.016201123054741154,0.08902991494280191,20
delay,full,both_reachable,,highest_minus_lowest,customer_unresolved,-0.04049178401650081,-0.08902991494280192,0.01620112305474114,20
delay,full,both_reachable,,highest_minus_lowest,material_at_review,-0.020300451750579627,-0.04136405939187268,0.0002689268461007338,20
delay,full,both_reachable,,highest_minus_lowest,standardized_no_material_score,0.0003555523853845985,-0.003559711818755684,0.004708334941416937,20
delay,full,both_reachable,,highest_minus_lowest,mechanical_material_increment,-0.003115214040379205,-0.006439635109770462,0.00017685374790148983,20
delay,full,both_reachable,,highest_minus_lowest,mean_customer_merit,-0.001997240443864459,-0.016825231225829244,0.01335362590005083,20
delay,full,both_reachable,,highest_minus_lowest,mean_customer_dependence,0.0023970379675052832,-0.000947939876527387,0.005899751680464237,20
delay,objective,all,,highest_minus_lowest,domestic_use,0.01574945116174556,-0.010227114118864686,0.042608726164056185,20
delay,objective,all,,highest_minus_lowest,customer_use,0.012716666842418756,-0.01762802535249977,0.04276993207130045,20
delay,objective,all,,highest_minus_lowest,first_d,0.006804382977706333,-0.024759163128627203,0.04119151525528261,20
delay,objective,all,,highest_minus_lowest,first_e,-0.007773518009341373,-0.038748017192244015,0.020712617589893442,20
delay,objective,all,,highest_minus_lowest,first_both,-0.001016473836241275,-0.007628342103632796,0.005850321190437469,20
delay,objective,all,,highest_minus_lowest,neither,0.00198560886787631,-0.011504533499446273,0.01620812813236505,20
delay,objective,all,,highest_minus_lowest,d_to_e,0.021506658688001428,-0.01105754104792708,0.0527725728254358,20
delay,objective,all,,highest_minus_lowest,e_to_d,0.009961542020280491,-0.007556584346184909,0.027785290018083723,20
delay,objective,all,,highest_minus_lowest,both_use,0.03045172687204061,-0.0016308026386438598,0.06420585031485161,20
delay,objective,all,,highest_minus_lowest,resolved,-0.046199298825177613,-0.08594102646199778,-0.007310177899184009,20
delay,objective,all,,highest_minus_lowest,unresolved,0.04619929882517763,0.0073101778991840165,0.08594102646199778,20
delay,objective,all,,highest_minus_lowest,customer_route_success,-0.0027003248607554405,-0.033546841359242664,0.02923532535714299,20
delay,objective,all,,highest_minus_lowest,customer_only_resolution,-0.0027003248607554405,-0.033546841359242664,0.02923532535714299,20
delay,objective,all,,highest_minus_lowest,joint_resolution,0.0,0.0,0.0,20
delay,objective,all,,highest_minus_lowest,customer_user_any_resolution,0.017426180792280418,-0.03663165206459588,0.06238863395212224,20
delay,objective,all,,highest_minus_lowest,customer_unresolved,-0.017426180792280414,-0.0623886339521223,0.0366316520645958,20
delay,objective,all,,highest_minus_lowest,material_at_review,-0.015796629485887788,-0.03706141448420858,0.006322521918973323,20
delay,objective,all,,highest_minus_lowest,standardized_no_material_score,-0.00010240387272219403,-0.004260828935497715,0.004828376207679975,20
delay,objective,all,,highest_minus_lowest,mechanical_material_increment,-0.0024315669493599145,-0.005828242794319821,0.0010230364342072717,20
delay,objective,all,,highest_minus_lowest,mean_customer_merit,-0.004670400281595511,-0.021864581974590666,0.014129212685403071,20
delay,objective,all,,highest_minus_lowest,mean_customer_dependence,0.002825912538740055,-0.0008213446936518713,0.006685281408637358,20
delay,objective,both_reachable,,highest_minus_lowest,domestic_use,0.012192822514327096,-0.02376116887656778,0.04838443254507202,20
delay,objective,both_reachable,,highest_minus_lowest,customer_use,0.02101008643255764,-0.017636498369056685,0.06089236388328263,20
delay,objective,both_reachable,,highest_minus_lowest,first_d,-0.0009147210070095307,-0.04372256509122409,0.046576631189135555,20
delay,objective,both_reachable,,highest_minus_lowest,first_e,-0.005846169098511683,-0.050188987432090895,0.03563615748552965,20
delay,objective,both_reachable,,highest_minus_lowest,first_both,-0.0006116452991452994,-0.010092881944444444,0.00970239049145298,20
delay,objective,both_reachable,,highest_minus_lowest,neither,0.007372535404666515,-0.00992925593654786,0.023141809440312827,20
delay,objective,both_reachable,,highest_minus_lowest,d_to_e,0.02746790083021463,-0.019684103954013748,0.0735920590907208,20
delay,objective,both_reachable,,highest_minus_lowest,e_to_d,0.01371918882048192,-0.009944356521188422,0.037608513408890556,20
delay,objective,both_reachable,,highest_minus_lowest,both_use,0.04057544435155126,-0.006312143691572986,0.08883743044883549,20
delay,objective,both_reachable,,highest_minus_lowest,resolved,-0.024506414546099347,-0.07571740398164839,0.02020791006722761,20
delay,objective,both_reachable,,highest_minus_lowest,unresolved,0.02450641454609934,-0.020207910067227636,0.07571740398164836,20
delay,objective,both_reachable,,highest_minus_lowest,customer_route_success,-0.0027003248607554405,-0.033546841359242664,0.02923532535714299,20
delay,objective,both_reachable,,highest_minus_lowest,customer_only_resolution,-0.0027003248607554405,-0.033546841359242664,0.02923532535714299,20
delay,objective,both_reachable,,highest_minus_lowest,joint_resolution,0.0,0.0,0.0,20
delay,objective,both_reachable,,highest_minus_lowest,customer_user_any_resolution,0.017426180792280418,-0.03663165206459588,0.06238863395212224,20
delay,objective,both_reachable,,highest_minus_lowest,customer_unresolved,-0.017426180792280414,-0.0623886339521223,0.0366316520645958,20
delay,objective,both_reachable,,highest_minus_lowest,material_at_review,-0.015796629485887788,-0.03706141448420858,0.006322521918973323,20
delay,objective,both_reachable,,highest_minus_lowest,standardized_no_material_score,-0.00010240387272219403,-0.004260828935497715,0.004828376207679975,20
delay,objective,both_reachable,,highest_minus_lowest,mechanical_material_increment,-0.0024315669493599145,-0.005828242794319821,0.0010230364342072717,20
delay,objective,both_reachable,,highest_minus_lowest,mean_customer_merit,-0.004670400281595511,-0.021864581974590666,0.014129212685403071,20
delay,objective,both_reachable,,highest_minus_lowest,mean_customer_dependence,0.002825912538740055,-0.0008213446936518713,0.006685281408637358,20
support,disabled,all,,highest_minus_lowest,domestic_use,0.24047463645868916,0.21321773115243334,0.26891693854030335,20
support,disabled,all,,highest_minus_lowest,customer_use,-0.18737045013102382,-0.21617044256827764,-0.15818383457627644,20
support,disabled,all,,highest_minus_lowest,first_d,0.23337022787005246,0.20500876696233186,0.26537895238155,20
support,disabled,all,,highest_minus_lowest,first_e,-0.15767373015282343,-0.1849568982862732,-0.1314661906893681,20
support,disabled,all,,highest_minus_lowest,first_both,0.001813816028932305,-0.005875198202959825,0.010458662461569422,20
support,disabled,all,,highest_minus_lowest,neither,-0.07751031374616134,-0.0984011391876772,-0.05571709254085709,20
support,disabled,all,,highest_minus_lowest,d_to_e,-0.031510536007132696,-0.056660967648347105,-0.004652257012225848,20
support,disabled,all,,highest_minus_lowest,e_to_d,0.005290592559704354,-0.018785217568750418,0.029278852365101936,20
support,disabled,all,,highest_minus_lowest,both_use,-0.02440612741849606,-0.05336010409364855,0.007657732828422062,20
support,disabled,all,,highest_minus_lowest,resolved,0.409655637022892,0.37195930856591003,0.4480612043712099,20
support,disabled,all,,highest_minus_lowest,unresolved,-0.409655637022892,-0.44806120437121005,-0.37195930856591003,20
support,disabled,all,,highest_minus_lowest,customer_route_success,0.008607724906099519,-0.023861855275071238,0.042806402516686944,20
support,disabled,all,,highest_minus_lowest,customer_only_resolution,0.004761571059945675,-0.028439498465572373,0.039939702379234124,20
support,disabled,all,,highest_minus_lowest,joint_resolution,0.003846153846153845,0.0,0.011538461538461536,20
support,disabled,all,,highest_minus_lowest,customer_user_any_resolution,0.2247743377193842,0.16774423990397289,0.28269433048748066,20
support,disabled,all,,highest_minus_lowest,customer_unresolved,-0.2247743377193842,-0.28269433048748066,-0.16774423990397302,20
support,disabled,all,,highest_minus_lowest,material_at_review,0.03155343624383872,0.013389100579503054,0.052943424931621505,20
support,disabled,all,,highest_minus_lowest,standardized_no_material_score,-0.000574872570237911,-0.00562383042265626,0.004462999460090201,20
support,disabled,all,,highest_minus_lowest,mechanical_material_increment,0.0,0.0,0.0,20
support,disabled,all,,highest_minus_lowest,mean_customer_merit,-0.003185055025209127,-0.024067451930491132,0.017344801763014672,20
support,disabled,all,,highest_minus_lowest,mean_customer_dependence,0.0005108849260915205,-0.004436274103130957,0.006103738437902651,20
support,disabled,both_reachable,,highest_minus_lowest,domestic_use,0.2693376236456471,0.23368112506892746,0.30881216404282,20
support,disabled,both_reachable,,highest_minus_lowest,customer_use,-0.2609625242002612,-0.29938769974391494,-0.22054717407330574,20
support,disabled,both_reachable,,highest_minus_lowest,first_d,0.2598514051594286,0.21793047643509572,0.3083163960748112,20
support,disabled,both_reachable,,highest_minus_lowest,first_e,-0.22310381063513773,-0.26928810461276004,-0.18072689726069285,20
support,disabled,both_reachable,,highest_minus_lowest,first_both,0.00296636002886003,-0.00838944354256854,0.015985292658730152,20
support,disabled,both_reachable,,highest_minus_lowest,neither,-0.03971395455315087,-0.05479388679049237,-0.024943981811572535,20
support,disabled,both_reachable,,highest_minus_lowest,d_to_e,-0.0408250735939835,-0.0796141576966869,0.0010070701086760379,20
support,disabled,both_reachable,,highest_minus_lowest,e_to_d,0.006519858457358464,-0.028540550595238082,0.04032739812271063,20
support,disabled,both_reachable,,highest_minus_lowest,both_use,-0.031338855107765004,-0.0721857512174427,0.013027570795707277,20
support,disabled,both_reachable,,highest_minus_lowest,resolved,0.37574013904292713,0.331301635668318,0.42190730745507243,20
support,disabled,both_reachable,,highest_minus_lowest,unresolved,-0.37574013904292713,-0.42190730745507243,-0.331301635668318,20
support,disabled,both_reachable,,highest_minus_lowest,customer_route_success,0.008607724906099519,-0.023861855275071238,0.042806402516686944,20
support,disabled,both_reachable,,highest_minus_lowest,customer_only_resolution,0.004761571059945675,-0.028439498465572373,0.039939702379234124,20
support,disabled,both_reachable,,highest_minus_lowest,joint_resolution,0.003846153846153845,0.0,0.011538461538461536,20
support,disabled,both_reachable,,highest_minus_lowest,customer_user_any_resolution,0.2247743377193842,0.16774423990397289,0.28269433048748066,20
support,disabled,both_reachable,,highest_minus_lowest,customer_unresolved,-0.2247743377193842,-0.28269433048748066,-0.16774423990397302,20
support,disabled,both_reachable,,highest_minus_lowest,material_at_review,0.03155343624383872,0.013389100579503054,0.052943424931621505,20
support,disabled,both_reachable,,highest_minus_lowest,standardized_no_material_score,-0.000574872570237911,-0.00562383042265626,0.004462999460090201,20
support,disabled,both_reachable,,highest_minus_lowest,mechanical_material_increment,0.0,0.0,0.0,20
support,disabled,both_reachable,,highest_minus_lowest,mean_customer_merit,-0.003185055025209127,-0.024067451930491132,0.017344801763014672,20
support,disabled,both_reachable,,highest_minus_lowest,mean_customer_dependence,0.0005108849260915205,-0.004436274103130957,0.006103738437902651,20
support,full,all,,highest_minus_lowest,domestic_use,0.23786248371954746,0.21045428217743092,0.2668783186640984,20
support,full,all,,highest_minus_lowest,customer_use,-0.17097634452562693,-0.19881196394594583,-0.1438030037938143,20
support,full,all,,highest_minus_lowest,first_d,0.23384506783439898,0.2060220011652957,0.2657183505371617,20
support,full,all,,highest_minus_lowest,first_e,-0.15936808231229188,-0.18660414254227695,-0.13190772614247406,20
support,full,all,,highest_minus_lowest,first_both,0.0043491176977384655,-0.0040617524432931314,0.013643686123262633,20
support,full,all,,highest_minus_lowest,neither,-0.07882610321984554,-0.09956282993386152,-0.05661123248670109,20
support,full,all,,highest_minus_lowest,d_to_e,-0.015957379911073516,-0.0422053442825704,0.011062709554151886,20
support,full,all,,highest_minus_lowest,e_to_d,-0.00033170181259002186,-0.028257023537372104,0.025472261904380768,20
support,full,all,,highest_minus_lowest,both_use,-0.011939964025925082,-0.04469043534159883,0.022761314637567285,20
support,full,all,,highest_minus_lowest,resolved,0.4136917770346417,0.3721411684257119,0.45584995521051436,20
support,full,all,,highest_minus_lowest,unresolved,-0.4136917770346418,-0.4558499552105143,-0.3721411684257119,20
support,full,all,,highest_minus_lowest,customer_route_success,0.010677714804469583,-0.02610980741852763,0.047794692419187754,20
support,full,all,,highest_minus_lowest,customer_only_resolution,0.006511048137802918,-0.03264248664183775,0.045815817524408844,20
support,full,all,,highest_minus_lowest,joint_resolution,0.004166666666666665,0.0,0.012499999999999994,20
support,full,all,,highest_minus_lowest,customer_user_any_resolution,0.2289511493600743,0.16138498137165685,0.29348908060034223,20
support,full,all,,highest_minus_lowest,customer_unresolved,-0.22895114936007435,-0.2934890806003423,-0.1613849813716569,20
support,full,all,,highest_minus_lowest,material_at_review,0.0511887658263158,0.028130424380327153,0.07640684818542536,20
support,full,all,,highest_minus_lowest,standardized_no_material_score,0.0025839379525480002,-0.0018607111832143989,0.007201645115537132,20
support,full,all,,highest_minus_lowest,mechanical_material_increment,0.007997150093353982,0.00444635416254959,0.011950250927933446,20
support,full,all,,highest_minus_lowest,mean_customer_merit,0.009116276170475796,-0.010164997228645873,0.02909718570431443,20
support,full,all,,highest_minus_lowest,mean_customer_dependence,0.0013730445043253353,-0.0025477065713267865,0.0053588845060794,20
support,full,both_reachable,,highest_minus_lowest,domestic_use,0.2646133073763624,0.22778033584400229,0.3034262402766479,20
support,full,both_reachable,,highest_minus_lowest,customer_use,-0.23842385762749574,-0.27439833629572435,-0.19840266306982876,20
support,full,both_reachable,,highest_minus_lowest,first_d,0.26049280743126557,0.21988219708675952,0.3086096824474453,20
support,full,both_reachable,,highest_minus_lowest,first_e,-0.2250965642583261,-0.2706028140641592,-0.18262752629892226,20
support,full,both_reachable,,highest_minus_lowest,first_both,0.005880211380211381,-0.006059230699855694,0.019102452127452124,20
support,full,both_reachable,,highest_minus_lowest,neither,-0.04127645455315086,-0.056303250389585884,-0.026115039044839534,20
support,full,both_reachable,,highest_minus_lowest,d_to_e,-0.01920750474938099,-0.0588418972942568,0.02321391989079363,20
support,full,both_reachable,,highest_minus_lowest,e_to_d,-0.0017597114351146608,-0.04337887815811204,0.03549960030262447,20
support,full,both_reachable,,highest_minus_lowest,both_use,-0.015087004804284265,-0.06579061180012645,0.03662713062629899,20
support,full,both_reachable,,highest_minus_lowest,resolved,0.3816646708370241,0.3339207162170571,0.4306944011227542,20
support,full,both_reachable,,highest_minus_lowest,unresolved,-0.3816646708370241,-0.43069440112275426,-0.3339207162170571,20
support,full,both_reachable,,highest_minus_lowest,customer_route_success,0.010677714804469583,-0.02610980741852763,0.047794692419187754,20
support,full,both_reachable,,highest_minus_lowest,customer_only_resolution,0.006511048137802918,-0.03264248664183775,0.045815817524408844,20
support,full,both_reachable,,highest_minus_lowest,joint_resolution,0.004166666666666665,0.0,0.012499999999999994,20
support,full,both_reachable,,highest_minus_lowest,customer_user_any_resolution,0.2289511493600743,0.16138498137165685,0.29348908060034223,20
support,full,both_reachable,,highest_minus_lowest,customer_unresolved,-0.22895114936007435,-0.2934890806003423,-0.1613849813716569,20
support,full,both_reachable,,highest_minus_lowest,material_at_review,0.0511887658263158,0.028130424380327153,0.07640684818542536,20
support,full,both_reachable,,highest_minus_lowest,standardized_no_material_score,0.0025839379525480002,-0.0018607111832143989,0.007201645115537132,20
support,full,both_reachable,,highest_minus_lowest,mechanical_material_increment,0.007997150093353982,0.00444635416254959,0.011950250927933446,20
support,full,both_reachable,,highest_minus_lowest,mean_customer_merit,0.009116276170475796,-0.010164997228645873,0.02909718570431443,20
support,full,both_reachable,,highest_minus_lowest,mean_customer_dependence,0.0013730445043253353,-0.0025477065713267865,0.0053588845060794,20
support,objective,all,,highest_minus_lowest,domestic_use,0.23933827282232553,0.2117496442053527,0.2681274819747593,20
support,objective,all,,highest_minus_lowest,customer_use,-0.18509772285829657,-0.2140067503557429,-0.1556449005031017,20
support,objective,all,,highest_minus_lowest,first_d,0.23101435203856688,0.20166566091497243,0.26374617967433034,20
support,objective,all,,highest_minus_lowest,first_e,-0.1565373665164598,-0.18413000528875081,-0.13006231808341615,20
support,objective,all,,highest_minus_lowest,first_both,0.0030333282240542552,-0.004858433959451396,0.012203994890768134,20
support,objective,all,,highest_minus_lowest,neither,-0.07751031374616134,-0.0984011391876772,-0.05571709254085709,20
support,objective,all,,highest_minus_lowest,d_to_e,-0.03159368456589101,-0.05731543861067399,-0.0048978053364043235,20
support,objective,all,,highest_minus_lowest,e_to_d,0.005290592559704354,-0.018785217568750418,0.029278852365101936,20
support,objective,all,,highest_minus_lowest,both_use,-0.023269763782132424,-0.051948382894258884,0.008529344377445272,20
support,objective,all,,highest_minus_lowest,resolved,0.407356482688854,0.3681684083005796,0.4477699367833511,20
support,objective,all,,highest_minus_lowest,unresolved,-0.407356482688854,-0.4477699367833511,-0.3681684083005796,20
support,objective,all,,highest_minus_lowest,customer_route_success,0.005653179451554068,-0.029244941930990677,0.04173158349111327,20
support,objective,all,,highest_minus_lowest,customer_only_resolution,0.001807025605400224,-0.03457280130824054,0.038807579263558364,20
support,objective,all,,highest_minus_lowest,joint_resolution,0.003846153846153845,0.0,0.011538461538461536,20
support,objective,all,,highest_minus_lowest,customer_user_any_resolution,0.2216303983254448,0.16072765444408246,0.28153731984604663,20
support,objective,all,,highest_minus_lowest,customer_unresolved,-0.2216303983254448,-0.2815373198460467,-0.1607276544440826,20
support,objective,all,,highest_minus_lowest,material_at_review,0.03306858775899023,0.013841306461855996,0.05566004802730807,20
support,objective,all,,highest_minus_lowest,standardized_no_material_score,-0.00035230452976793976,-0.005231548447468472,0.0044670976467094635,20
support,objective,all,,highest_minus_lowest,mechanical_material_increment,0.005201473209275101,0.0020991593890670427,0.008774538357334428,20
support,objective,all,,highest_minus_lowest,mean_customer_merit,-0.00263247707709745,-0.02350318711172163,0.01762704393464345,20
support,objective,all,,highest_minus_lowest,mean_customer_dependence,0.0007760066280114275,-0.004114102515811828,0.006286666459371745,20
support,objective,both_reachable,,highest_minus_lowest,domestic_use,0.26814714745517093,0.23128509323464067,0.3079156924508073,20
support,objective,both_reachable,,highest_minus_lowest,customer_use,-0.25858157181930885,-0.2983172460926121,-0.21745272123727238,20
support,objective,both_reachable,,highest_minus_lowest,first_d,0.257309577617601,0.21439742230883538,0.3058759920564352,20
support,objective,both_reachable,,highest_minus_lowest,first_e,-0.2219133344446615,-0.26827513844683853,-0.1791012271357099,20
support,objective,both_reachable,,highest_minus_lowest,first_both,0.004317711380211381,-0.007170078987266476,0.017466537966537958,20
support,objective,both_reachable,,highest_minus_lowest,neither,-0.03971395455315087,-0.05479388679049237,-0.024943981811572535,20
support,objective,both_reachable,,highest_minus_lowest,d_to_e,-0.040985948754858656,-0.07961087084353213,0.0009005779630084369,20
support,objective,both_reachable,,highest_minus_lowest,e_to_d,0.006519858457358464,-0.028540550595238082,0.04032739812271063,20
support,objective,both_reachable,,highest_minus_lowest,both_use,-0.03014837891728881,-0.07122858096062698,0.014218046986183468,20
support,objective,both_reachable,,highest_minus_lowest,resolved,0.3728829961857843,0.3267188509532799,0.4195262172614822,20
support,objective,both_reachable,,highest_minus_lowest,unresolved,-0.3728829961857843,-0.41952621726148226,-0.32671885095327996,20
support,objective,both_reachable,,highest_minus_lowest,customer_route_success,0.005653179451554068,-0.029244941930990677,0.04173158349111327,20
support,objective,both_reachable,,highest_minus_lowest,customer_only_resolution,0.001807025605400224,-0.03457280130824054,0.038807579263558364,20
support,objective,both_reachable,,highest_minus_lowest,joint_resolution,0.003846153846153845,0.0,0.011538461538461536,20
support,objective,both_reachable,,highest_minus_lowest,customer_user_any_resolution,0.2216303983254448,0.16072765444408246,0.28153731984604663,20
support,objective,both_reachable,,highest_minus_lowest,customer_unresolved,-0.2216303983254448,-0.2815373198460467,-0.1607276544440826,20
support,objective,both_reachable,,highest_minus_lowest,material_at_review,0.03306858775899023,0.013841306461855996,0.05566004802730807,20
support,objective,both_reachable,,highest_minus_lowest,standardized_no_material_score,-0.00035230452976793976,-0.005231548447468472,0.0044670976467094635,20
support,objective,both_reachable,,highest_minus_lowest,mechanical_material_increment,0.005201473209275101,0.0020991593890670427,0.008774538357334428,20
support,objective,both_reachable,,highest_minus_lowest,mean_customer_merit,-0.00263247707709745,-0.02350318711172163,0.01762704393464345,20
support,objective,both_reachable,,highest_minus_lowest,mean_customer_dependence,0.0007760066280114275,-0.004114102515811828,0.006286666459371745,20
delay,objective,all,0.0,objective_minus_disabled,domestic_use,-0.001428571428571429,-0.004285714285714287,0.0,20
delay,objective,all,0.0,objective_minus_disabled,customer_use,0.0014285714285714318,0.0,0.0042857142857142955,20
delay,objective,all,0.0,objective_minus_disabled,first_d,-0.001428571428571429,-0.004285714285714287,0.0,20
delay,objective,all,0.0,objective_minus_disabled,first_e,0.001428571428571429,0.0,0.004285714285714287,20
delay,objective,all,0.0,objective_minus_disabled,first_both,0.0,0.0,0.0,20
delay,objective,all,0.0,objective_minus_disabled,neither,0.0,0.0,0.0,20
delay,objective,all,0.0,objective_minus_disabled,d_to_e,0.0,0.0,0.0,20
delay,objective,all,0.0,objective_minus_disabled,e_to_d,0.0,0.0,0.0,20
delay,objective,all,0.0,objective_minus_disabled,both_use,0.0,0.0,0.0,20
delay,objective,all,0.0,objective_minus_disabled,resolved,-0.00026578073089700836,-0.004285714285714287,0.003488372093023262,20
delay,objective,all,0.0,objective_minus_disabled,unresolved,0.00026578073089700836,-0.003488372093023262,0.004285714285714287,20
delay,objective,all,0.0,objective_minus_disabled,customer_route_success,0.0016748366013071892,-0.0033088235294117694,0.008333333333333337,20
delay,objective,all,0.0,objective_minus_disabled,customer_only_resolution,0.0016748366013071892,-0.0033088235294117694,0.008333333333333337,20
delay,objective,all,0.0,objective_minus_disabled,joint_resolution,0.0,0.0,0.0,20
delay,objective,all,0.0,objective_minus_disabled,customer_user_any_resolution,0.0014910130718954252,-0.0038602941176470616,0.008333333333333337,20
delay,objective,all,0.0,objective_minus_disabled,customer_unresolved,-0.0014910130718954224,-0.008333333333333328,0.0038602941176470616,20
delay,objective,all,0.0,objective_minus_disabled,material_at_review,-0.00036764705882353017,-0.0011029411764705906,0.0,20
delay,objective,all,0.0,objective_minus_disabled,standardized_no_material_score,8.252989502148533e-05,0.0,0.000247589685064456,20
delay,objective,all,0.0,objective_minus_disabled,mechanical_material_increment,0.0047571190288917,0.002179021539640014,0.007715562797189398,20
delay,objective,all,0.0,objective_minus_disabled,mean_customer_merit,0.00029705245111154576,0.0,0.0008911573533346373,20
delay,objective,all,0.0,objective_minus_disabled,mean_customer_dependence,4.392146839017619e-05,0.0,0.00013176440517052856,20
delay,full,all,0.0,full_minus_objective,domestic_use,0.001428571428571429,0.0,0.004285714285714287,20
delay,full,all,0.0,full_minus_objective,customer_use,0.0025516795865633103,-0.0028571428571428636,0.007921811554079,20
delay,full,all,0.0,full_minus_objective,first_d,0.00014652014652014877,-0.003699633699633692,0.004285714285714287,20
delay,full,all,0.0,full_minus_objective,first_e,-0.00014652014652014877,-0.004285714285714287,0.003699633699633692,20
delay,full,all,0.0,full_minus_objective,first_both,0.0,0.0,0.0,20
delay,full,all,0.0,full_minus_objective,neither,0.0,0.0,0.0,20
delay,full,all,0.0,full_minus_objective,d_to_e,0.0026981997330834556,-0.00241758241758241,0.007960502030269472,20
delay,full,all,0.0,full_minus_objective,e_to_d,0.0012820512820512803,0.0,0.0038461538461538407,20
delay,full,all,0.0,full_minus_objective,both_use,0.003980251015134735,0.0,0.008265965300849023,20
delay,full,all,0.0,full_minus_objective,resolved,0.006313270299373538,8.325008325038575e-07,0.01377605192831371,20
delay,full,all,0.0,full_minus_objective,unresolved,-0.0063132702993735305,-0.013776051928313687,-8.325008324983063e-07,20
delay,full,all,0.0,full_minus_objective,customer_route_success,0.009672032005523464,-0.00016801515477985916,0.021339808259945803,20
delay,full,all,0.0,full_minus_objective,customer_only_resolution,0.009672032005523464,-0.00016801515477985916,0.021339808259945803,20
delay,full,all,0.0,full_minus_objective,joint_resolution,0.0,0.0,0.0,20
delay,full,all,0.0,full_minus_objective,customer_user_any_resolution,0.009139738318818017,-0.0013062641402714896,0.021207161312622652,20
delay,full,all,0.0,full_minus_objective,customer_unresolved,-0.009139738318818012,-0.021207161312622656,0.0013062641402714805,20
delay,full,all,0.0,full_minus_objective,material_at_review,0.004,-0.00036764705882353017,0.01008333333333333,20
delay,full,all,0.0,full_minus_objective,standardized_no_material_score,0.00033404120447973337,-0.000379175637761348,0.0011637104825712246,20
delay,full,all,0.0,full_minus_objective,mechanical_material_increment,0.000655410639707605,-7.163888706504529e-05,0.001672590530932465,20
delay,full,all,0.0,full_minus_objective,mean_customer_merit,0.0010925204504323356,-0.0018445864847539892,0.004489035538891069,20
delay,full,all,0.0,full_minus_objective,mean_customer_dependence,0.00026087035249266756,-0.00017989628141590525,0.0008508612999567412,20
delay,full,all,0.0,full_minus_disabled,domestic_use,0.0,0.0,0.0,20
delay,full,all,0.0,full_minus_disabled,customer_use,0.003980251015134742,0.0,0.008265965300849037,20
delay,full,all,0.0,full_minus_disabled,first_d,-0.0012820512820512803,-0.0038461538461538407,0.0,20
delay,full,all,0.0,full_minus_disabled,first_e,0.0012820512820512803,0.0,0.0038461538461538407,20
delay,full,all,0.0,full_minus_disabled,first_both,0.0,0.0,0.0,20
delay,full,all,0.0,full_minus_disabled,neither,0.0,0.0,0.0,20
delay,full,all,0.0,full_minus_disabled,d_to_e,0.0026981997330834556,-0.00241758241758241,0.007960502030269472,20
delay,full,all,0.0,full_minus_disabled,e_to_d,0.0012820512820512803,0.0,0.0038461538461538407,20
delay,full,all,0.0,full_minus_disabled,both_use,0.003980251015134735,0.0,0.008265965300849023,20
delay,full,all,0.0,full_minus_disabled,resolved,0.00604748956847653,-0.00014568764568764493,0.013204598447969128,20
delay,full,all,0.0,full_minus_disabled,unresolved,-0.006047489568476522,-0.01320459844796912,0.0001456876456876477,20
delay,full,all,0.0,full_minus_disabled,customer_route_success,0.011346868606830655,0.0010159414510220936,0.023194178726081007,20
delay,full,all,0.0,full_minus_disabled,customer_only_resolution,0.011346868606830655,0.0010159414510220936,0.023194178726081007,20
delay,full,all,0.0,full_minus_disabled,joint_resolution,0.0,0.0,0.0,20
delay,full,all,0.0,full_minus_disabled,customer_user_any_resolution,0.010630751390713442,-0.0003108579039556244,0.022927539369759484,20
delay,full,all,0.0,full_minus_disabled,customer_unresolved,-0.010630751390713433,-0.022927539369759487,0.0003108579039556263,20
delay,full,all,0.0,full_minus_disabled,material_at_review,0.00363235294117647,-0.0007352941176470603,0.009750000000000009,20
delay,full,all,0.0,full_minus_disabled,standardized_no_material_score,0.0004165710995012187,-0.0002659260266996827,0.001243070730888521,20
delay,full,all,0.0,full_minus_disabled,mechanical_material_increment,0.005412529668599305,0.00268981458618172,0.008441491174540596,20
delay,full,all,0.0,full_minus_disabled,mean_customer_merit,0.0013895729015438812,-0.0015617582070455217,0.004628198992213955,20
delay,full,all,0.0,full_minus_disabled,mean_customer_dependence,0.00030479182088284374,-0.00013544914109397954,0.0008946435091388039,20
delay,objective,both_reachable,0.0,objective_minus_disabled,domestic_use,-0.002083333333333337,-0.006250000000000011,0.0,20
delay,objective,both_reachable,0.0,objective_minus_disabled,customer_use,0.002083333333333337,0.0,0.006250000000000011,20
delay,objective,both_reachable,0.0,objective_minus_disabled,first_d,-0.0020833333333333316,-0.006249999999999994,0.0,20
delay,objective,both_reachable,0.0,objective_minus_disabled,first_e,0.002083333333333334,0.0,0.006250000000000003,20
delay,objective,both_reachable,0.0,objective_minus_disabled,first_both,0.0,0.0,0.0,20
delay,objective,both_reachable,0.0,objective_minus_disabled,neither,0.0,0.0,0.0,20
delay,objective,both_reachable,0.0,objective_minus_disabled,d_to_e,0.0,0.0,0.0,20
delay,objective,both_reachable,0.0,objective_minus_disabled,e_to_d,0.0,0.0,0.0,20
delay,objective,both_reachable,0.0,objective_minus_disabled,both_use,0.0,0.0,0.0,20
delay,objective,both_reachable,0.0,objective_minus_disabled,resolved,9.057971014492794e-05,-0.006250000000000011,0.006521739130434795,20
delay,objective,both_reachable,0.0,objective_minus_disabled,unresolved,-9.057971014492517e-05,-0.00652173913043477,0.006249999999999994,20
delay,objective,both_reachable,0.0,objective_minus_disabled,customer_route_success,0.0016748366013071892,-0.0033088235294117694,0.008333333333333337,20
delay,objective,both_reachable,0.0,objective_minus_disabled,customer_only_resolution,0.0016748366013071892,-0.0033088235294117694,0.008333333333333337,20
delay,objective,both_reachable,0.0,objective_minus_disabled,joint_resolution,0.0,0.0,0.0,20
delay,objective,both_reachable,0.0,objective_minus_disabled,customer_user_any_resolution,0.0014910130718954252,-0.0038602941176470616,0.008333333333333337,20
delay,objective,both_reachable,0.0,objective_minus_disabled,customer_unresolved,-0.0014910130718954224,-0.008333333333333328,0.0038602941176470616,20
delay,objective,both_reachable,0.0,objective_minus_disabled,material_at_review,-0.00036764705882353017,-0.0011029411764705906,0.0,20
delay,objective,both_reachable,0.0,objective_minus_disabled,standardized_no_material_score,8.252989502148533e-05,0.0,0.000247589685064456,20
delay,objective,both_reachable,0.0,objective_minus_disabled,mechanical_material_increment,0.0047571190288917,0.002179021539640014,0.007715562797189398,20
delay,objective,both_reachable,0.0,objective_minus_disabled,mean_customer_merit,0.00029705245111154576,0.0,0.0008911573533346373,20
delay,objective,both_reachable,0.0,objective_minus_disabled,mean_customer_dependence,4.392146839017619e-05,0.0,0.00013176440517052856,20
delay,full,both_reachable,0.0,full_minus_objective,domestic_use,0.002083333333333337,0.0,0.006250000000000011,20
delay,full,both_reachable,0.0,full_minus_objective,customer_use,0.00352969348659003,-0.004110632183908066,0.011226053639846734,20
delay,full,both_reachable,0.0,full_minus_objective,first_d,0.00041666666666666794,-0.004583333333333323,0.006249999999999994,20
delay,full,both_reachable,0.0,full_minus_objective,first_e,-0.00041666666666666794,-0.006250000000000003,0.004583333333333331,20
delay,full,both_reachable,0.0,full_minus_objective,first_both,0.0,0.0,0.0,20
delay,full,both_reachable,0.0,full_minus_objective,neither,0.0,0.0,0.0,20
delay,full,both_reachable,0.0,full_minus_objective,d_to_e,0.003946360153256697,-0.002500000000000012,0.011561302681992328,20
delay,full,both_reachable,0.0,full_minus_objective,e_to_d,0.0016666666666666692,0.0,0.005000000000000007,20
delay,full,both_reachable,0.0,full_minus_objective,both_use,0.00561302681992337,0.0,0.01233716475095785,20
delay,full,both_reachable,0.0,full_minus_objective,resolved,0.009367316824213375,0.0027027027027027055,0.01775029817378956,20
delay,full,both_reachable,0.0,full_minus_objective,unresolved,-0.009367316824213382,-0.017750298173789553,-0.002702702702702703,20
delay,full,both_reachable,0.0,full_minus_objective,customer_route_success,0.009672032005523464,-0.00016801515477985916,0.021339808259945803,20
delay,full,both_reachable,0.0,full_minus_objective,customer_only_resolution,0.009672032005523464,-0.00016801515477985916,0.021339808259945803,20
delay,full,both_reachable,0.0,full_minus_objective,joint_resolution,0.0,0.0,0.0,20
delay,full,both_reachable,0.0,full_minus_objective,customer_user_any_resolution,0.009139738318818017,-0.0013062641402714896,0.021207161312622652,20
delay,full,both_reachable,0.0,full_minus_objective,customer_unresolved,-0.009139738318818012,-0.021207161312622656,0.0013062641402714805,20
delay,full,both_reachable,0.0,full_minus_objective,material_at_review,0.004,-0.00036764705882353017,0.01008333333333333,20
delay,full,both_reachable,0.0,full_minus_objective,standardized_no_material_score,0.00033404120447973337,-0.000379175637761348,0.0011637104825712246,20
delay,full,both_reachable,0.0,full_minus_objective,mechanical_material_increment,0.000655410639707605,-7.163888706504529e-05,0.001672590530932465,20
delay,full,both_reachable,0.0,full_minus_objective,mean_customer_merit,0.0010925204504323356,-0.0018445864847539892,0.004489035538891069,20
delay,full,both_reachable,0.0,full_minus_objective,mean_customer_dependence,0.00026087035249266756,-0.00017989628141590525,0.0008508612999567412,20
delay,full,both_reachable,0.0,full_minus_disabled,domestic_use,0.0,0.0,0.0,20
delay,full,both_reachable,0.0,full_minus_disabled,customer_use,0.005613026819923367,0.0,0.01233716475095784,20
delay,full,both_reachable,0.0,full_minus_disabled,first_d,-0.0016666666666666635,-0.0049999999999999906,0.0,20
delay,full,both_reachable,0.0,full_minus_disabled,first_e,0.0016666666666666663,0.0,0.004999999999999999,20
delay,full,both_reachable,0.0,full_minus_disabled,first_both,0.0,0.0,0.0,20
delay,full,both_reachable,0.0,full_minus_disabled,neither,0.0,0.0,0.0,20
delay,full,both_reachable,0.0,full_minus_disabled,d_to_e,0.003946360153256697,-0.002500000000000012,0.011561302681992328,20
delay,full,both_reachable,0.0,full_minus_disabled,e_to_d,0.0016666666666666692,0.0,0.005000000000000007,20
delay,full,both_reachable,0.0,full_minus_disabled,both_use,0.00561302681992337,0.0,0.01233716475095785,20
delay,full,both_reachable,0.0,full_minus_disabled,resolved,0.009457896534358304,0.002853281853281849,0.017593228482283958,20
delay,full,both_reachable,0.0,full_minus_disabled,unresolved,-0.009457896534358306,-0.01759322848228396,-0.002853281853281883,20
delay,full,both_reachable,0.0,full_minus_disabled,customer_route_success,0.011346868606830655,0.0010159414510220936,0.023194178726081007,20
delay,full,both_reachable,0.0,full_minus_disabled,customer_only_resolution,0.011346868606830655,0.0010159414510220936,0.023194178726081007,20
delay,full,both_reachable,0.0,full_minus_disabled,joint_resolution,0.0,0.0,0.0,20
delay,full,both_reachable,0.0,full_minus_disabled,customer_user_any_resolution,0.010630751390713442,-0.0003108579039556244,0.022927539369759484,20
delay,full,both_reachable,0.0,full_minus_disabled,customer_unresolved,-0.010630751390713433,-0.022927539369759487,0.0003108579039556263,20
delay,full,both_reachable,0.0,full_minus_disabled,material_at_review,0.00363235294117647,-0.0007352941176470603,0.009750000000000009,20
delay,full,both_reachable,0.0,full_minus_disabled,standardized_no_material_score,0.0004165710995012187,-0.0002659260266996827,0.001243070730888521,20
delay,full,both_reachable,0.0,full_minus_disabled,mechanical_material_increment,0.005412529668599305,0.00268981458618172,0.008441491174540596,20
delay,full,both_reachable,0.0,full_minus_disabled,mean_customer_merit,0.0013895729015438812,-0.0015617582070455217,0.004628198992213955,20
delay,full,both_reachable,0.0,full_minus_disabled,mean_customer_dependence,0.00030479182088284374,-0.00013544914109397954,0.0008946435091388039,20
delay,objective,all,2.0,objective_minus_disabled,domestic_use,0.0,0.0,0.0,20
delay,objective,all,2.0,objective_minus_disabled,customer_use,0.0,0.0,0.0,20
delay,objective,all,2.0,objective_minus_disabled,first_d,-0.0011627906976744208,-0.003488372093023262,0.0,20
delay,objective,all,2.0,objective_minus_disabled,first_e,0.0,0.0,0.0,20
delay,objective,all,2.0,objective_minus_disabled,first_both,0.001162790697674415,0.0,0.0034883720930232445,20
delay,objective,all,2.0,objective_minus_disabled,neither,0.0,0.0,0.0,20
delay,objective,all,2.0,objective_minus_disabled,d_to_e,-0.0011627906976744151,-0.0034883720930232454,0.0,20
delay,objective,all,2.0,objective_minus_disabled,e_to_d,0.0,0.0,0.0,20
delay,objective,all,2.0,objective_minus_disabled,both_use,0.0,0.0,0.0,20
delay,objective,all,2.0,objective_minus_disabled,resolved,-0.001162790697674418,-0.0034883720930232536,0.0,20
delay,objective,all,2.0,objective_minus_disabled,unresolved,0.0011627906976744208,0.0,0.003488372093023262,20
delay,objective,all,2.0,objective_minus_disabled,customer_route_success,-0.0023809523809523807,-0.007142857142857143,0.0,20
delay,objective,all,2.0,objective_minus_disabled,customer_only_resolution,-0.0023809523809523807,-0.007142857142857143,0.0,20
delay,objective,all,2.0,objective_minus_disabled,joint_resolution,0.0,0.0,0.0,20
delay,objective,all,2.0,objective_minus_disabled,customer_user_any_resolution,-0.002380952380952378,-0.007142857142857134,0.0,20
delay,objective,all,2.0,objective_minus_disabled,customer_unresolved,0.002380952380952378,0.0,0.007142857142857134,20
delay,objective,all,2.0,objective_minus_disabled,material_at_review,0.0,0.0,0.0,20
delay,objective,all,2.0,objective_minus_disabled,standardized_no_material_score,0.0,0.0,0.0,20
delay,objective,all,2.0,objective_minus_disabled,mechanical_material_increment,0.0033964566018886448,0.0013782691978322453,0.00596161165664395,20
delay,objective,all,2.0,objective_minus_disabled,mean_customer_merit,0.0,0.0,0.0,20
delay,objective,all,2.0,objective_minus_disabled,mean_customer_dependence,0.0,0.0,0.0,20
delay,full,all,2.0,full_minus_objective,domestic_use,0.001259067976236683,-0.0024957458876914197,0.005263157894736836,20
delay,full,all,2.0,full_minus_objective,customer_use,0.023989158645014035,0.010525721553156146,0.042020315807757815,20
delay,full,all,2.0,full_minus_objective,first_d,-1.7038957764997643e-05,-0.005216802168021684,0.005182724252491689,20
delay,full,all,2.0,full_minus_objective,first_e,0.0002260981912144716,-0.0034883720930232536,0.004166666666666668,20
delay,full,all,2.0,full_minus_objective,first_both,-0.00020905923344947987,-0.00428571428571429,0.00365853658536585,20
delay,full,all,2.0,full_minus_objective,neither,0.0,0.0,0.0,20
delay,full,all,2.0,full_minus_objective,d_to_e,0.023972119687249025,0.011871039873401795,0.04107592418465593,20
delay,full,all,2.0,full_minus_objective,e_to_d,0.0014851661674511497,-0.0024390243902439003,0.00672514619883041,20
delay,full,all,2.0,full_minus_objective,both_use,0.025248226621250692,0.01155351022710903,0.04498430703756459,20
delay,full,all,2.0,full_minus_objective,resolved,0.004036029523610499,-0.00595217837560435,0.01457535554001281,20
delay,full,all,2.0,full_minus_objective,unresolved,-0.004036029523610496,-0.014575355540012814,0.005952178375604356,20
delay,full,all,2.0,full_minus_objective,customer_route_success,0.0018859848441891793,-0.011060093582887712,0.01715393876848985,20
delay,full,all,2.0,full_minus_objective,customer_only_resolution,0.002069808373600944,-0.010834432295645534,0.01724005881029872,20
delay,full,all,2.0,full_minus_objective,joint_resolution,-0.00018382352941176508,-0.0005514705882352953,0.0,20
delay,full,all,2.0,full_minus_objective,customer_user_any_resolution,0.011160982120734447,-0.0049821806880339945,0.02805074383283553,20
delay,full,all,2.0,full_minus_objective,customer_unresolved,-0.011160982120734431,-0.028050743832835543,0.004982180688034025,20
delay,full,all,2.0,full_minus_objective,material_at_review,0.008934215552249611,-0.0018304887804404008,0.023051349714526947,20
delay,full,all,2.0,full_minus_objective,standardized_no_material_score,0.0019293706422014293,0.0006556556867118813,0.003319981959672771,20
delay,full,all,2.0,full_minus_objective,mechanical_material_increment,0.001292075335229625,-0.0003215267795812833,0.003383472662165986,20
delay,full,all,2.0,full_minus_objective,mean_customer_merit,0.00793194327737109,0.002881668769340857,0.013579053459096576,20
delay,full,all,2.0,full_minus_objective,mean_customer_dependence,3.735130703309275e-05,-0.001211544012063856,0.0013542555835756314,20
delay,full,all,2.0,full_minus_disabled,domestic_use,0.001259067976236683,-0.0024957458876914197,0.005263157894736836,20
delay,full,all,2.0,full_minus_disabled,customer_use,0.023989158645014035,0.010525721553156146,0.042020315807757815,20
delay,full,all,2.0,full_minus_disabled,first_d,-0.0011798296554394183,-0.006436314363143636,0.004285714285714287,20
delay,full,all,2.0,full_minus_disabled,first_e,0.0002260981912144716,-0.0034883720930232536,0.004166666666666668,20
delay,full,all,2.0,full_minus_disabled,first_both,0.0009537314642249351,-0.0031229235880398747,0.0048780487804878005,20
delay,full,all,2.0,full_minus_disabled,neither,0.0,0.0,0.0,20
delay,full,all,2.0,full_minus_disabled,d_to_e,0.02280932898957461,0.010554407876266932,0.039947246147026876,20
delay,full,all,2.0,full_minus_disabled,e_to_d,0.0014851661674511497,-0.0024390243902439003,0.00672514619883041,20
delay,full,all,2.0,full_minus_disabled,both_use,0.025248226621250692,0.01155351022710903,0.04498430703756459,20
delay,full,all,2.0,full_minus_disabled,resolved,0.002873238825936081,-0.008277759770953186,0.013671982293131183,20
delay,full,all,2.0,full_minus_disabled,unresolved,-0.0028732388259360754,-0.013671982293131189,0.008277759770953196,20
delay,full,all,2.0,full_minus_disabled,customer_route_success,-0.0004949675367632016,-0.017498010288644963,0.01676164463761213,20
delay,full,all,2.0,full_minus_disabled,customer_only_resolution,-0.0003111440073514365,-0.017353274311043273,0.01682325917546507,20
delay,full,all,2.0,full_minus_disabled,joint_resolution,-0.00018382352941176508,-0.0005514705882352953,0.0,20
delay,full,all,2.0,full_minus_disabled,customer_user_any_resolution,0.008780029739782069,-0.011239797887011498,0.027089885143880877,20
delay,full,all,2.0,full_minus_disabled,customer_unresolved,-0.008780029739782053,-0.027089885143880867,0.011239797887011509,20
delay,full,all,2.0,full_minus_disabled,material_at_review,0.008934215552249611,-0.0018304887804404008,0.023051349714526947,20
delay,full,all,2.0,full_minus_disabled,standardized_no_material_score,0.0019293706422014293,0.0006556556867118813,0.003319981959672771,20
delay,full,all,2.0,full_minus_disabled,mechanical_material_increment,0.00468853193711827,0.0026167230568815347,0.006999541893772959,20
delay,full,all,2.0,full_minus_disabled,mean_customer_merit,0.00793194327737109,0.002881668769340857,0.013579053459096576,20
delay,full,all,2.0,full_minus_disabled,mean_customer_dependence,3.735130703309275e-05,-0.001211544012063856,0.0013542555835756314,20
delay,objective,both_reachable,2.0,objective_minus_disabled,domestic_use,0.0,0.0,0.0,20
delay,objective,both_reachable,2.0,objective_minus_disabled,customer_use,0.0,0.0,0.0,20
delay,objective,both_reachable,2.0,objective_minus_disabled,first_d,-0.0016666666666666663,-0.004999999999999999,0.0,20
delay,objective,both_reachable,2.0,objective_minus_disabled,first_e,0.0,0.0,0.0,20
delay,objective,both_reachable,2.0,objective_minus_disabled,first_both,0.0016666666666666648,0.0,0.004999999999999995,20
delay,objective,both_reachable,2.0,objective_minus_disabled,neither,0.0,0.0,0.0,20
delay,objective,both_reachable,2.0,objective_minus_disabled,d_to_e,-0.0016666666666666718,-0.005000000000000016,0.0,20
delay,objective,both_reachable,2.0,objective_minus_disabled,e_to_d,0.0,0.0,0.0,20
delay,objective,both_reachable,2.0,objective_minus_disabled,both_use,0.0,0.0,0.0,20
delay,objective,both_reachable,2.0,objective_minus_disabled,resolved,-0.0016666666666666635,-0.0049999999999999906,0.0,20
delay,objective,both_reachable,2.0,objective_minus_disabled,unresolved,0.0016666666666666663,0.0,0.004999999999999999,20
delay,objective,both_reachable,2.0,objective_minus_disabled,customer_route_success,-0.0023809523809523807,-0.007142857142857143,0.0,20
delay,objective,both_reachable,2.0,objective_minus_disabled,customer_only_resolution,-0.0023809523809523807,-0.007142857142857143,0.0,20
delay,objective,both_reachable,2.0,objective_minus_disabled,joint_resolution,0.0,0.0,0.0,20
delay,objective,both_reachable,2.0,objective_minus_disabled,customer_user_any_resolution,-0.002380952380952378,-0.007142857142857134,0.0,20
delay,objective,both_reachable,2.0,objective_minus_disabled,customer_unresolved,0.002380952380952378,0.0,0.007142857142857134,20
delay,objective,both_reachable,2.0,objective_minus_disabled,material_at_review,0.0,0.0,0.0,20
delay,objective,both_reachable,2.0,objective_minus_disabled,standardized_no_material_score,0.0,0.0,0.0,20
delay,objective,both_reachable,2.0,objective_minus_disabled,mechanical_material_increment,0.0033964566018886448,0.0013782691978322453,0.00596161165664395,20
delay,objective,both_reachable,2.0,objective_minus_disabled,mean_customer_merit,0.0,0.0,0.0,20
delay,objective,both_reachable,2.0,objective_minus_disabled,mean_customer_dependence,0.0,0.0,0.0,20
delay,full,both_reachable,2.0,full_minus_objective,domestic_use,0.0023850616921269052,-0.0027027027027027085,0.008695652173913038,20
delay,full,both_reachable,2.0,full_minus_objective,customer_use,0.032100978969316976,0.01440137477840843,0.053276279767062555,20
delay,full,both_reachable,2.0,full_minus_objective,first_d,0.0009828181023833094,-0.006047184308053894,0.008765328874024508,20
delay,full,both_reachable,2.0,full_minus_objective,first_e,-0.0002508361204013432,-0.006521739130434795,0.005769230769230765,20
delay,full,both_reachable,2.0,full_minus_objective,first_both,-0.0007319819819819849,-0.0062500000000000056,0.00405405405405405,20
delay,full,both_reachable,2.0,full_minus_objective,neither,0.0,0.0,0.0,20
delay,full,both_reachable,2.0,full_minus_objective,d_to_e,0.0330837970717003,0.01731890563805886,0.053418162047395905,20
delay,full,both_reachable,2.0,full_minus_objective,e_to_d,0.0021342255717255744,-0.0027027027027027003,0.008533653846153849,20
delay,full,both_reachable,2.0,full_minus_objective,both_use,0.034486040661443874,0.017074490672071313,0.057730033615114223,20
delay,full,both_reachable,2.0,full_minus_objective,resolved,0.005830951143451141,-0.006442843685031189,0.01899038461538461,20
delay,full,both_reachable,2.0,full_minus_objective,unresolved,-0.005830951143451143,-0.01899038461538462,0.006442843685031179,20
delay,full,both_reachable,2.0,full_minus_objective,customer_route_success,0.0018859848441891793,-0.011060093582887712,0.01715393876848985,20
delay,full,both_reachable,2.0,full_minus_objective,customer_only_resolution,0.002069808373600944,-0.010834432295645534,0.01724005881029872,20
delay,full,both_reachable,2.0,full_minus_objective,joint_resolution,-0.00018382352941176508,-0.0005514705882352953,0.0,20
delay,full,both_reachable,2.0,full_minus_objective,customer_user_any_resolution,0.011160982120734447,-0.0049821806880339945,0.02805074383283553,20
delay,full,both_reachable,2.0,full_minus_objective,customer_unresolved,-0.011160982120734431,-0.028050743832835543,0.004982180688034025,20
delay,full,both_reachable,2.0,full_minus_objective,material_at_review,0.008934215552249611,-0.0018304887804404008,0.023051349714526947,20
delay,full,both_reachable,2.0,full_minus_objective,standardized_no_material_score,0.0019293706422014293,0.0006556556867118813,0.003319981959672771,20
delay,full,both_reachable,2.0,full_minus_objective,mechanical_material_increment,0.001292075335229625,-0.0003215267795812833,0.003383472662165986,20
delay,full,both_reachable,2.0,full_minus_objective,mean_customer_merit,0.00793194327737109,0.002881668769340857,0.013579053459096576,20
delay,full,both_reachable,2.0,full_minus_objective,mean_customer_dependence,3.735130703309275e-05,-0.001211544012063856,0.0013542555835756314,20
delay,full,both_reachable,2.0,full_minus_disabled,domestic_use,0.0023850616921269052,-0.0027027027027027085,0.008695652173913038,20
delay,full,both_reachable,2.0,full_minus_disabled,customer_use,0.032100978969316976,0.01440137477840843,0.053276279767062555,20
delay,full,both_reachable,2.0,full_minus_disabled,first_d,-0.0006838485642833569,-0.008215523215523223,0.0077627094067311145,20
delay,full,both_reachable,2.0,full_minus_disabled,first_e,-0.0002508361204013432,-0.006521739130434795,0.005769230769230765,20
delay,full,both_reachable,2.0,full_minus_disabled,first_both,0.00093468468468468,-0.004898648648648655,0.0066554054054053955,20
delay,full,both_reachable,2.0,full_minus_disabled,neither,0.0,0.0,0.0,20
delay,full,both_reachable,2.0,full_minus_disabled,d_to_e,0.03141713040503362,0.015446386465539681,0.051945935170330325,20
delay,full,both_reachable,2.0,full_minus_disabled,e_to_d,0.0021342255717255744,-0.0027027027027027003,0.008533653846153849,20
delay,full,both_reachable,2.0,full_minus_disabled,both_use,0.034486040661443874,0.017074490672071313,0.057730033615114223,20
delay,full,both_reachable,2.0,full_minus_disabled,resolved,0.004164284476784477,-0.009780405405405411,0.017908653846153845,20
delay,full,both_reachable,2.0,full_minus_disabled,unresolved,-0.004164284476784477,-0.017908653846153845,0.009780405405405375,20
delay,full,both_reachable,2.0,full_minus_disabled,customer_route_success,-0.0004949675367632016,-0.017498010288644963,0.01676164463761213,20
delay,full,both_reachable,2.0,full_minus_disabled,customer_only_resolution,-0.0003111440073514365,-0.017353274311043273,0.01682325917546507,20
delay,full,both_reachable,2.0,full_minus_disabled,joint_resolution,-0.00018382352941176508,-0.0005514705882352953,0.0,20
delay,full,both_reachable,2.0,full_minus_disabled,customer_user_any_resolution,0.008780029739782069,-0.011239797887011498,0.027089885143880877,20
delay,full,both_reachable,2.0,full_minus_disabled,customer_unresolved,-0.008780029739782053,-0.027089885143880867,0.011239797887011509,20
delay,full,both_reachable,2.0,full_minus_disabled,material_at_review,0.008934215552249611,-0.0018304887804404008,0.023051349714526947,20
delay,full,both_reachable,2.0,full_minus_disabled,standardized_no_material_score,0.0019293706422014293,0.0006556556867118813,0.003319981959672771,20
delay,full,both_reachable,2.0,full_minus_disabled,mechanical_material_increment,0.00468853193711827,0.0026167230568815347,0.006999541893772959,20
delay,full,both_reachable,2.0,full_minus_disabled,mean_customer_merit,0.00793194327737109,0.002881668769340857,0.013579053459096576,20
delay,full,both_reachable,2.0,full_minus_disabled,mean_customer_dependence,3.735130703309275e-05,-0.001211544012063856,0.0013542555835756314,20
delay,objective,all,6.0,objective_minus_disabled,domestic_use,0.0,0.0,0.0,20
delay,objective,all,6.0,objective_minus_disabled,customer_use,0.0012195121951219523,0.0,0.003658536585365857,20
delay,objective,all,6.0,objective_minus_disabled,first_d,0.0,0.0,0.0,20
delay,objective,all,6.0,objective_minus_disabled,first_e,0.0,0.0,0.0,20
delay,objective,all,6.0,objective_minus_disabled,first_both,0.0,0.0,0.0,20
delay,objective,all,6.0,objective_minus_disabled,neither,0.0,0.0,0.0,20
delay,objective,all,6.0,objective_minus_disabled,d_to_e,0.0012195121951219536,0.0,0.0036585365853658612,20
delay,objective,all,6.0,objective_minus_disabled,e_to_d,0.0,0.0,0.0,20
delay,objective,all,6.0,objective_minus_disabled,both_use,0.0012195121951219551,0.0,0.003658536585365865,20
delay,objective,all,6.0,objective_minus_disabled,resolved,0.0024390243902439046,0.0,0.007317073170731714,20
delay,objective,all,6.0,objective_minus_disabled,unresolved,-0.0024390243902439046,-0.007317073170731714,0.0,20
delay,objective,all,6.0,objective_minus_disabled,customer_route_success,0.003583333333333337,0.0,0.010750000000000011,20
delay,objective,all,6.0,objective_minus_disabled,customer_only_resolution,0.003583333333333337,0.0,0.010750000000000011,20
delay,objective,all,6.0,objective_minus_disabled,joint_resolution,0.0,0.0,0.0,20
delay,objective,all,6.0,objective_minus_disabled,customer_user_any_resolution,0.005416666666666667,0.0,0.01625,20
delay,objective,all,6.0,objective_minus_disabled,customer_unresolved,-0.0054166666666666695,-0.016250000000000007,0.0,20
delay,objective,all,6.0,objective_minus_disabled,material_at_review,-0.00016666666666666495,-0.0004999999999999949,0.0,20
delay,objective,all,6.0,objective_minus_disabled,standardized_no_material_score,3.250563550494939e-05,0.0,9.751690651484818e-05,20
delay,objective,all,6.0,objective_minus_disabled,mechanical_material_increment,0.0023255520795317846,0.00067268006206199,0.004320159244968884,20
delay,objective,all,6.0,objective_minus_disabled,mean_customer_merit,0.00022858843659054884,0.0,0.0006857653097716466,20
delay,objective,all,6.0,objective_minus_disabled,mean_customer_dependence,-7.279369654595857e-05,-0.00021838108963787573,0.0,20
delay,full,all,6.0,full_minus_objective,domestic_use,-0.002439024390243899,-0.007317073170731697,0.0,20
delay,full,all,6.0,full_minus_objective,customer_use,0.02600579713795077,0.011717610745152394,0.04327419091686226,20
delay,full,all,6.0,full_minus_objective,first_d,-0.0036890243902439057,-0.009817073170731716,0.0,20
delay,full,all,6.0,full_minus_objective,first_e,0.002526233692569485,-0.0023255813953488415,0.008654282473057296,20
delay,full,all,6.0,full_minus_objective,first_both,0.001162790697674415,0.0,0.0034883720930232445,20
delay,full,all,6.0,full_minus_objective,neither,0.0,0.0,0.0,20
delay,full,all,6.0,full_minus_objective,d_to_e,0.02231677274770686,0.00813206148880424,0.039028921748170846,20
delay,full,all,6.0,full_minus_objective,e_to_d,8.720930232557974e-05,-0.00348837209302326,0.003749999999999999,20
delay,full,all,6.0,full_minus_objective,both_use,0.02356677274770687,0.010594050726956282,0.03950459763788572,20
delay,full,all,6.0,full_minus_objective,resolved,0.0038067214974475323,-0.0023255813953488415,0.012469512195121954,20
delay,full,all,6.0,full_minus_objective,unresolved,-0.0038067214974475292,-0.012469512195121945,0.0023255813953488415,20
delay,full,all,6.0,full_minus_objective,customer_route_success,-0.01412181127751864,-0.024793747481990355,-0.004138129551159584,20
delay,full,all,6.0,full_minus_objective,customer_only_resolution,-0.01412181127751864,-0.024793747481990355,-0.004138129551159584,20
delay,full,all,6.0,full_minus_objective,joint_resolution,0.0,0.0,0.0,20
delay,full,all,6.0,full_minus_objective,customer_user_any_resolution,0.03220534154303839,0.016290962557338393,0.049089656499518165,20
delay,full,all,6.0,full_minus_objective,customer_unresolved,-0.032205341543038404,-0.04908965649951819,-0.01629096255733842,20
delay,full,all,6.0,full_minus_objective,material_at_review,-0.0005038222646918351,-0.006395430656300225,0.005665926464839496,20
delay,full,all,6.0,full_minus_objective,standardized_no_material_score,0.0007919974625865258,-0.000548167810348807,0.002156352938894223,20
delay,full,all,6.0,full_minus_objective,mechanical_material_increment,-2.8236451311685044e-05,-0.0009462339806687952,0.0010331230002887048,20
delay,full,all,6.0,full_minus_objective,mean_customer_merit,0.003765680288163387,-0.001958091208714753,0.009743761518262154,20
delay,full,all,6.0,full_minus_objective,mean_customer_dependence,-0.00016800421874210437,-0.002110021608867927,0.0016547332532045316,20
delay,full,all,6.0,full_minus_disabled,domestic_use,-0.002439024390243899,-0.007317073170731697,0.0,20
delay,full,all,6.0,full_minus_disabled,customer_use,0.027225309333072722,0.012036528924801572,0.045632000061516145,20
delay,full,all,6.0,full_minus_disabled,first_d,-0.0036890243902439057,-0.009817073170731716,0.0,20
delay,full,all,6.0,full_minus_disabled,first_e,0.002526233692569485,-0.0023255813953488415,0.008654282473057296,20
delay,full,all,6.0,full_minus_disabled,first_both,0.001162790697674415,0.0,0.0034883720930232445,20
delay,full,all,6.0,full_minus_disabled,neither,0.0,0.0,0.0,20
delay,full,all,6.0,full_minus_disabled,d_to_e,0.023536284942828813,0.008960599639378708,0.041081300939344194,20
delay,full,all,6.0,full_minus_disabled,e_to_d,8.720930232557974e-05,-0.00348837209302326,0.003749999999999999,20
delay,full,all,6.0,full_minus_disabled,both_use,0.024786284942828824,0.01137389326146717,0.04125612808459782,20
delay,full,all,6.0,full_minus_disabled,resolved,0.0062457458876914364,-0.0023255813953488415,0.017404282473057295,20
delay,full,all,6.0,full_minus_disabled,unresolved,-0.006245745887691434,-0.017404282473057288,0.0023255813953488415,20
delay,full,all,6.0,full_minus_disabled,customer_route_success,-0.010538477944185302,-0.024163555529867455,0.006016924145480298,20
delay,full,all,6.0,full_minus_disabled,customer_only_resolution,-0.010538477944185302,-0.024163555529867455,0.006016924145480298,20
delay,full,all,6.0,full_minus_disabled,joint_resolution,0.0,0.0,0.0,20
delay,full,all,6.0,full_minus_disabled,customer_user_any_resolution,0.03762200820970506,0.016606864425918966,0.06345527473649945,20
delay,full,all,6.0,full_minus_disabled,customer_unresolved,-0.03762200820970508,-0.0634552747364995,-0.01660686442591898,20
delay,full,all,6.0,full_minus_disabled,material_at_review,-0.0006704889313585,-0.006465447595882382,0.005473743647656674,20
delay,full,all,6.0,full_minus_disabled,standardized_no_material_score,0.0008245030980914752,-0.0005461102292831171,0.002226792517326749,20
delay,full,all,6.0,full_minus_disabled,mechanical_material_increment,0.0022973156282201,0.0007695652173913,0.003961847912586668,20
delay,full,all,6.0,full_minus_disabled,mean_customer_merit,0.003994268724753935,-0.0017943108888133958,0.010066088273627266,20
delay,full,all,6.0,full_minus_disabled,mean_customer_dependence,-0.00024079791528806293,-0.0021218381462902365,0.0014823392810893103,20
delay,objective,both_reachable,6.0,objective_minus_disabled,domestic_use,0.0,0.0,0.0,20
delay,objective,both_reachable,6.0,objective_minus_disabled,customer_use,0.0013513513513513486,0.0,0.004054054054054046,20
delay,objective,both_reachable,6.0,objective_minus_disabled,first_d,0.0,0.0,0.0,20
delay,objective,both_reachable,6.0,objective_minus_disabled,first_e,0.0,0.0,0.0,20
delay,objective,both_reachable,6.0,objective_minus_disabled,first_both,0.0,0.0,0.0,20
delay,objective,both_reachable,6.0,objective_minus_disabled,neither,0.0,0.0,0.0,20
delay,objective,both_reachable,6.0,objective_minus_disabled,d_to_e,0.0013513513513513514,0.0,0.004054054054054054,20
delay,objective,both_reachable,6.0,objective_minus_disabled,e_to_d,0.0,0.0,0.0,20
delay,objective,both_reachable,6.0,objective_minus_disabled,both_use,0.0013513513513513486,0.0,0.004054054054054046,20
delay,objective,both_reachable,6.0,objective_minus_disabled,resolved,0.0027027027027027055,0.0,0.008108108108108117,20
delay,objective,both_reachable,6.0,objective_minus_disabled,unresolved,-0.002702702702702703,-0.008108108108108109,0.0,20
delay,objective,both_reachable,6.0,objective_minus_disabled,customer_route_success,0.003583333333333337,0.0,0.010750000000000011,20
delay,objective,both_reachable,6.0,objective_minus_disabled,customer_only_resolution,0.003583333333333337,0.0,0.010750000000000011,20
delay,objective,both_reachable,6.0,objective_minus_disabled,joint_resolution,0.0,0.0,0.0,20
delay,objective,both_reachable,6.0,objective_minus_disabled,customer_user_any_resolution,0.005416666666666667,0.0,0.01625,20
delay,objective,both_reachable,6.0,objective_minus_disabled,customer_unresolved,-0.0054166666666666695,-0.016250000000000007,0.0,20
delay,objective,both_reachable,6.0,objective_minus_disabled,material_at_review,-0.00016666666666666495,-0.0004999999999999949,0.0,20
delay,objective,both_reachable,6.0,objective_minus_disabled,standardized_no_material_score,3.250563550494939e-05,0.0,9.751690651484818e-05,20
delay,objective,both_reachable,6.0,objective_minus_disabled,mechanical_material_increment,0.0023255520795317846,0.00067268006206199,0.004320159244968884,20
delay,objective,both_reachable,6.0,objective_minus_disabled,mean_customer_merit,0.00022858843659054884,0.0,0.0006857653097716466,20
delay,objective,both_reachable,6.0,objective_minus_disabled,mean_customer_dependence,-7.279369654595857e-05,-0.00021838108963787573,0.0,20
delay,full,both_reachable,6.0,full_minus_objective,domestic_use,-0.002702702702702703,-0.008108108108108109,0.0,20
delay,full,both_reachable,6.0,full_minus_objective,customer_use,0.034002067646464205,0.01629432195434351,0.05443427388287302,20
delay,full,both_reachable,6.0,full_minus_objective,first_d,-0.0042652027027027025,-0.011233108108108108,0.0,20
delay,full,both_reachable,6.0,full_minus_objective,first_e,0.0020912896592244407,-0.004959239130434778,0.0100929054054054,20
delay,full,both_reachable,6.0,full_minus_objective,first_both,0.00217391304347826,0.0,0.006521739130434781,20
delay,full,both_reachable,6.0,full_minus_objective,neither,0.0,0.0,0.0,20
delay,full,both_reachable,6.0,full_minus_objective,d_to_e,0.029736864943761494,0.011132787729231696,0.05083148379290618,20
delay,full,both_reachable,6.0,full_minus_objective,e_to_d,-0.0006114130434782649,-0.006521739130434795,0.0046875,20
delay,full,both_reachable,6.0,full_minus_objective,both_use,0.031299364943761496,0.014449271816459313,0.05124784355630261,20
delay,full,both_reachable,6.0,full_minus_objective,resolved,0.0046499624624624595,-0.002777777777777779,0.015413851351351348,20
delay,full,both_reachable,6.0,full_minus_objective,unresolved,-0.0046499624624624595,-0.015413851351351348,0.002777777777777779,20
delay,full,both_reachable,6.0,full_minus_objective,customer_route_success,-0.01412181127751864,-0.024793747481990355,-0.004138129551159584,20
delay,full,both_reachable,6.0,full_minus_objective,customer_only_resolution,-0.01412181127751864,-0.024793747481990355,-0.004138129551159584,20
delay,full,both_reachable,6.0,full_minus_objective,joint_resolution,0.0,0.0,0.0,20
delay,full,both_reachable,6.0,full_minus_objective,customer_user_any_resolution,0.03220534154303839,0.016290962557338393,0.049089656499518165,20
delay,full,both_reachable,6.0,full_minus_objective,customer_unresolved,-0.032205341543038404,-0.04908965649951819,-0.01629096255733842,20
delay,full,both_reachable,6.0,full_minus_objective,material_at_review,-0.0005038222646918351,-0.006395430656300225,0.005665926464839496,20
delay,full,both_reachable,6.0,full_minus_objective,standardized_no_material_score,0.0007919974625865258,-0.000548167810348807,0.002156352938894223,20
delay,full,both_reachable,6.0,full_minus_objective,mechanical_material_increment,-2.8236451311685044e-05,-0.0009462339806687952,0.0010331230002887048,20
delay,full,both_reachable,6.0,full_minus_objective,mean_customer_merit,0.003765680288163387,-0.001958091208714753,0.009743761518262154,20
delay,full,both_reachable,6.0,full_minus_objective,mean_customer_dependence,-0.00016800421874210437,-0.002110021608867927,0.0016547332532045316,20
delay,full,both_reachable,6.0,full_minus_disabled,domestic_use,-0.002702702702702703,-0.008108108108108109,0.0,20
delay,full,both_reachable,6.0,full_minus_disabled,customer_use,0.03535341899781556,0.016699090038314175,0.056742149993281435,20
delay,full,both_reachable,6.0,full_minus_disabled,first_d,-0.0042652027027027025,-0.011233108108108108,0.0,20
delay,full,both_reachable,6.0,full_minus_disabled,first_e,0.0020912896592244407,-0.004959239130434778,0.0100929054054054,20
delay,full,both_reachable,6.0,full_minus_disabled,first_both,0.00217391304347826,0.0,0.006521739130434781,20
delay,full,both_reachable,6.0,full_minus_disabled,neither,0.0,0.0,0.0,20
delay,full,both_reachable,6.0,full_minus_disabled,d_to_e,0.031088216295112846,0.012319972527946662,0.052198856322455446,20
delay,full,both_reachable,6.0,full_minus_disabled,e_to_d,-0.0006114130434782649,-0.006521739130434795,0.0046875,20
delay,full,both_reachable,6.0,full_minus_disabled,both_use,0.03265071629511285,0.015499378149701417,0.052644490649824696,20
delay,full,both_reachable,6.0,full_minus_disabled,resolved,0.007352665165165165,-0.002777777777777779,0.02078171921921922,20
delay,full,both_reachable,6.0,full_minus_disabled,unresolved,-0.007352665165165162,-0.020781719219219213,0.002777777777777779,20
delay,full,both_reachable,6.0,full_minus_disabled,customer_route_success,-0.010538477944185302,-0.024163555529867455,0.006016924145480298,20
delay,full,both_reachable,6.0,full_minus_disabled,customer_only_resolution,-0.010538477944185302,-0.024163555529867455,0.006016924145480298,20
delay,full,both_reachable,6.0,full_minus_disabled,joint_resolution,0.0,0.0,0.0,20
delay,full,both_reachable,6.0,full_minus_disabled,customer_user_any_resolution,0.03762200820970506,0.016606864425918966,0.06345527473649945,20
delay,full,both_reachable,6.0,full_minus_disabled,customer_unresolved,-0.03762200820970508,-0.0634552747364995,-0.01660686442591898,20
delay,full,both_reachable,6.0,full_minus_disabled,material_at_review,-0.0006704889313585,-0.006465447595882382,0.005473743647656674,20
delay,full,both_reachable,6.0,full_minus_disabled,standardized_no_material_score,0.0008245030980914752,-0.0005461102292831171,0.002226792517326749,20
delay,full,both_reachable,6.0,full_minus_disabled,mechanical_material_increment,0.0022973156282201,0.0007695652173913,0.003961847912586668,20
delay,full,both_reachable,6.0,full_minus_disabled,mean_customer_merit,0.003994268724753935,-0.0017943108888133958,0.010066088273627266,20
delay,full,both_reachable,6.0,full_minus_disabled,mean_customer_dependence,-0.00024079791528806293,-0.0021218381462902365,0.0014823392810893103,20
support,objective,all,0.2,objective_minus_disabled,domestic_use,0.0,0.0,0.0,20
support,objective,all,0.2,objective_minus_disabled,customer_use,0.0,0.0,0.0,20
support,objective,all,0.2,objective_minus_disabled,first_d,0.0,0.0,0.0,20
support,objective,all,0.2,objective_minus_disabled,first_e,0.0,0.0,0.0,20
support,objective,all,0.2,objective_minus_disabled,first_both,0.0,0.0,0.0,20
support,objective,all,0.2,objective_minus_disabled,neither,0.0,0.0,0.0,20
support,objective,all,0.2,objective_minus_disabled,d_to_e,0.0,0.0,0.0,20
support,objective,all,0.2,objective_minus_disabled,e_to_d,0.0,0.0,0.0,20
support,objective,all,0.2,objective_minus_disabled,both_use,0.0,0.0,0.0,20
support,objective,all,0.2,objective_minus_disabled,resolved,0.0,0.0,0.0,20
support,objective,all,0.2,objective_minus_disabled,unresolved,0.0,0.0,0.0,20
support,objective,all,0.2,objective_minus_disabled,customer_route_success,0.0,0.0,0.0,20
support,objective,all,0.2,objective_minus_disabled,customer_only_resolution,0.0,0.0,0.0,20
support,objective,all,0.2,objective_minus_disabled,joint_resolution,0.0,0.0,0.0,20
support,objective,all,0.2,objective_minus_disabled,customer_user_any_resolution,0.0,0.0,0.0,20
support,objective,all,0.2,objective_minus_disabled,customer_unresolved,0.0,0.0,0.0,20
support,objective,all,0.2,objective_minus_disabled,material_at_review,0.0,0.0,0.0,20
support,objective,all,0.2,objective_minus_disabled,standardized_no_material_score,0.0,0.0,0.0,20
support,objective,all,0.2,objective_minus_disabled,mechanical_material_increment,0.0008827325797389699,0.0,0.002307813123832295,20
support,objective,all,0.2,objective_minus_disabled,mean_customer_merit,0.0,0.0,0.0,20
support,objective,all,0.2,objective_minus_disabled,mean_customer_dependence,0.0,0.0,0.0,20
support,full,all,0.2,full_minus_objective,domestic_use,0.0,0.0,0.0,20
support,full,all,0.2,full_minus_objective,customer_use,0.009964150156928614,0.0026277539779681735,0.01819286588564434,20
support,full,all,0.2,full_minus_objective,first_d,0.0,0.0,0.0,20
support,full,all,0.2,full_minus_objective,first_e,-0.0013157894736842146,-0.003947368421052644,0.0,20
support,full,all,0.2,full_minus_objective,first_both,0.0,0.0,0.0,20
support,full,all,0.2,full_minus_objective,neither,0.00131578947368421,0.0,0.00394736842105263,20
support,full,all,0.2,full_minus_objective,d_to_e,0.011279939630612829,0.003384983556495184,0.020338283605419474,20
support,full,all,0.2,full_minus_objective,e_to_d,0.0,0.0,0.0,20
support,full,all,0.2,full_minus_objective,both_use,0.011279939630612823,0.0033849835564951814,0.020338283605419463,20
support,full,all,0.2,full_minus_objective,resolved,0.003617376775271511,0.0,0.007518796992481203,20
support,full,all,0.2,full_minus_objective,unresolved,-0.0036173767752715135,-0.007518796992481203,0.0,20
support,full,all,0.2,full_minus_objective,customer_route_success,0.0031438009902256493,-0.0023355400290228662,0.009556913674560739,20
support,full,all,0.2,full_minus_objective,customer_only_resolution,0.0031438009902256493,-0.0023355400290228662,0.009556913674560739,20
support,full,all,0.2,full_minus_objective,joint_resolution,0.0,0.0,0.0,20
support,full,all,0.2,full_minus_objective,customer_user_any_resolution,0.008149879668031084,0.002751243715961465,0.014344542042550281,20
support,full,all,0.2,full_minus_objective,customer_unresolved,-0.008149879668031063,-0.01434454204255025,-0.002751243715961463,20
support,full,all,0.2,full_minus_objective,material_at_review,0.005035151790370005,-0.0002849347486444214,0.01270053475935828,20
support,full,all,0.2,full_minus_objective,standardized_no_material_score,0.0011024897954782828,0.00020664669932064645,0.0022482116996524887,20
support,full,all,0.2,full_minus_objective,mechanical_material_increment,0.0007331513510448701,-4.759702885551004e-05,0.00185912386277202,20
support,full,all,0.2,full_minus_objective,mean_customer_merit,0.0045786839403847476,0.0010578792568996691,0.008911494389680079,20
support,full,all,0.2,full_minus_objective,mean_customer_dependence,-1.987239404701302e-05,-0.0009484561384766107,0.0009264519444463584,20
support,full,all,0.2,full_minus_disabled,domestic_use,0.0,0.0,0.0,20
support,full,all,0.2,full_minus_disabled,customer_use,0.009964150156928614,0.0026277539779681735,0.01819286588564434,20
support,full,all,0.2,full_minus_disabled,first_d,0.0,0.0,0.0,20
support,full,all,0.2,full_minus_disabled,first_e,-0.0013157894736842146,-0.003947368421052644,0.0,20
support,full,all,0.2,full_minus_disabled,first_both,0.0,0.0,0.0,20
support,full,all,0.2,full_minus_disabled,neither,0.00131578947368421,0.0,0.00394736842105263,20
support,full,all,0.2,full_minus_disabled,d_to_e,0.011279939630612829,0.003384983556495184,0.020338283605419474,20
support,full,all,0.2,full_minus_disabled,e_to_d,0.0,0.0,0.0,20
support,full,all,0.2,full_minus_disabled,both_use,0.011279939630612823,0.0033849835564951814,0.020338283605419463,20
support,full,all,0.2,full_minus_disabled,resolved,0.003617376775271511,0.0,0.007518796992481203,20
support,full,all,0.2,full_minus_disabled,unresolved,-0.0036173767752715135,-0.007518796992481203,0.0,20
support,full,all,0.2,full_minus_disabled,customer_route_success,0.0031438009902256493,-0.0023355400290228662,0.009556913674560739,20
support,full,all,0.2,full_minus_disabled,customer_only_resolution,0.0031438009902256493,-0.0023355400290228662,0.009556913674560739,20
support,full,all,0.2,full_minus_disabled,joint_resolution,0.0,0.0,0.0,20
support,full,all,0.2,full_minus_disabled,customer_user_any_resolution,0.008149879668031084,0.002751243715961465,0.014344542042550281,20
support,full,all,0.2,full_minus_disabled,customer_unresolved,-0.008149879668031063,-0.01434454204255025,-0.002751243715961463,20
support,full,all,0.2,full_minus_disabled,material_at_review,0.005035151790370005,-0.0002849347486444214,0.01270053475935828,20
support,full,all,0.2,full_minus_disabled,standardized_no_material_score,0.0011024897954782828,0.00020664669932064645,0.0022482116996524887,20
support,full,all,0.2,full_minus_disabled,mechanical_material_increment,0.0016158839307838402,0.00033261729421993,0.003133749165731495,20
support,full,all,0.2,full_minus_disabled,mean_customer_merit,0.0045786839403847476,0.0010578792568996691,0.008911494389680079,20
support,full,all,0.2,full_minus_disabled,mean_customer_dependence,-1.987239404701302e-05,-0.0009484561384766107,0.0009264519444463584,20
support,objective,both_reachable,0.2,objective_minus_disabled,domestic_use,0.0,0.0,0.0,20
support,objective,both_reachable,0.2,objective_minus_disabled,customer_use,0.0,0.0,0.0,20
support,objective,both_reachable,0.2,objective_minus_disabled,first_d,0.0,0.0,0.0,20
support,objective,both_reachable,0.2,objective_minus_disabled,first_e,0.0,0.0,0.0,20
support,objective,both_reachable,0.2,objective_minus_disabled,first_both,0.0,0.0,0.0,20
support,objective,both_reachable,0.2,objective_minus_disabled,neither,0.0,0.0,0.0,20
support,objective,both_reachable,0.2,objective_minus_disabled,d_to_e,0.0,0.0,0.0,20
support,objective,both_reachable,0.2,objective_minus_disabled,e_to_d,0.0,0.0,0.0,20
support,objective,both_reachable,0.2,objective_minus_disabled,both_use,0.0,0.0,0.0,20
support,objective,both_reachable,0.2,objective_minus_disabled,resolved,0.0,0.0,0.0,20
support,objective,both_reachable,0.2,objective_minus_disabled,unresolved,0.0,0.0,0.0,20
support,objective,both_reachable,0.2,objective_minus_disabled,customer_route_success,0.0,0.0,0.0,20
support,objective,both_reachable,0.2,objective_minus_disabled,customer_only_resolution,0.0,0.0,0.0,20
support,objective,both_reachable,0.2,objective_minus_disabled,joint_resolution,0.0,0.0,0.0,20
support,objective,both_reachable,0.2,objective_minus_disabled,customer_user_any_resolution,0.0,0.0,0.0,20
support,objective,both_reachable,0.2,objective_minus_disabled,customer_unresolved,0.0,0.0,0.0,20
support,objective,both_reachable,0.2,objective_minus_disabled,material_at_review,0.0,0.0,0.0,20
support,objective,both_reachable,0.2,objective_minus_disabled,standardized_no_material_score,0.0,0.0,0.0,20
support,objective,both_reachable,0.2,objective_minus_disabled,mechanical_material_increment,0.0008827325797389699,0.0,0.002307813123832295,20
support,objective,both_reachable,0.2,objective_minus_disabled,mean_customer_merit,0.0,0.0,0.0,20
support,objective,both_reachable,0.2,objective_minus_disabled,mean_customer_dependence,0.0,0.0,0.0,20
support,full,both_reachable,0.2,full_minus_objective,domestic_use,0.0,0.0,0.0,20
support,full,both_reachable,0.2,full_minus_objective,customer_use,0.013969500407000412,0.003998586309523813,0.02580530181623931,20
support,full,both_reachable,0.2,full_minus_objective,first_d,0.0,0.0,0.0,20
support,full,both_reachable,0.2,full_minus_objective,first_e,-0.0015625,-0.0046875,0.0,20
support,full,both_reachable,0.2,full_minus_objective,first_both,0.0,0.0,0.0,20
support,full,both_reachable,0.2,full_minus_objective,neither,0.0015625,0.0,0.0046875,20
support,full,both_reachable,0.2,full_minus_objective,d_to_e,0.015532000407000401,0.004380952380952377,0.028037330840455812,20
support,full,both_reachable,0.2,full_minus_objective,e_to_d,0.0,0.0,0.0,20
support,full,both_reachable,0.2,full_minus_objective,both_use,0.015532000407000415,0.004380952380952391,0.02803733084045583,20
support,full,both_reachable,0.2,full_minus_objective,resolved,0.005152243589743591,0.0,0.010817307692307704,20
support,full,both_reachable,0.2,full_minus_objective,unresolved,-0.005152243589743593,-0.01081730769230771,0.0,20
support,full,both_reachable,0.2,full_minus_objective,customer_route_success,0.0031438009902256493,-0.0023355400290228662,0.009556913674560739,20
support,full,both_reachable,0.2,full_minus_objective,customer_only_resolution,0.0031438009902256493,-0.0023355400290228662,0.009556913674560739,20
support,full,both_reachable,0.2,full_minus_objective,joint_resolution,0.0,0.0,0.0,20
support,full,both_reachable,0.2,full_minus_objective,customer_user_any_resolution,0.008149879668031084,0.002751243715961465,0.014344542042550281,20
support,full,both_reachable,0.2,full_minus_objective,customer_unresolved,-0.008149879668031063,-0.01434454204255025,-0.002751243715961463,20
support,full,both_reachable,0.2,full_minus_objective,material_at_review,0.005035151790370005,-0.0002849347486444214,0.01270053475935828,20
support,full,both_reachable,0.2,full_minus_objective,standardized_no_material_score,0.0011024897954782828,0.00020664669932064645,0.0022482116996524887,20
support,full,both_reachable,0.2,full_minus_objective,mechanical_material_increment,0.0007331513510448701,-4.759702885551004e-05,0.00185912386277202,20
support,full,both_reachable,0.2,full_minus_objective,mean_customer_merit,0.0045786839403847476,0.0010578792568996691,0.008911494389680079,20
support,full,both_reachable,0.2,full_minus_objective,mean_customer_dependence,-1.987239404701302e-05,-0.0009484561384766107,0.0009264519444463584,20
support,full,both_reachable,0.2,full_minus_disabled,domestic_use,0.0,0.0,0.0,20
support,full,both_reachable,0.2,full_minus_disabled,customer_use,0.013969500407000412,0.003998586309523813,0.02580530181623931,20
support,full,both_reachable,0.2,full_minus_disabled,first_d,0.0,0.0,0.0,20
support,full,both_reachable,0.2,full_minus_disabled,first_e,-0.0015625,-0.0046875,0.0,20
support,full,both_reachable,0.2,full_minus_disabled,first_both,0.0,0.0,0.0,20
support,full,both_reachable,0.2,full_minus_disabled,neither,0.0015625,0.0,0.0046875,20
support,full,both_reachable,0.2,full_minus_disabled,d_to_e,0.015532000407000401,0.004380952380952377,0.028037330840455812,20
support,full,both_reachable,0.2,full_minus_disabled,e_to_d,0.0,0.0,0.0,20
support,full,both_reachable,0.2,full_minus_disabled,both_use,0.015532000407000415,0.004380952380952391,0.02803733084045583,20
support,full,both_reachable,0.2,full_minus_disabled,resolved,0.005152243589743591,0.0,0.010817307692307704,20
support,full,both_reachable,0.2,full_minus_disabled,unresolved,-0.005152243589743593,-0.01081730769230771,0.0,20
support,full,both_reachable,0.2,full_minus_disabled,customer_route_success,0.0031438009902256493,-0.0023355400290228662,0.009556913674560739,20
support,full,both_reachable,0.2,full_minus_disabled,customer_only_resolution,0.0031438009902256493,-0.0023355400290228662,0.009556913674560739,20
support,full,both_reachable,0.2,full_minus_disabled,joint_resolution,0.0,0.0,0.0,20
support,full,both_reachable,0.2,full_minus_disabled,customer_user_any_resolution,0.008149879668031084,0.002751243715961465,0.014344542042550281,20
support,full,both_reachable,0.2,full_minus_disabled,customer_unresolved,-0.008149879668031063,-0.01434454204255025,-0.002751243715961463,20
support,full,both_reachable,0.2,full_minus_disabled,material_at_review,0.005035151790370005,-0.0002849347486444214,0.01270053475935828,20
support,full,both_reachable,0.2,full_minus_disabled,standardized_no_material_score,0.0011024897954782828,0.00020664669932064645,0.0022482116996524887,20
support,full,both_reachable,0.2,full_minus_disabled,mechanical_material_increment,0.0016158839307838402,0.00033261729421993,0.003133749165731495,20
support,full,both_reachable,0.2,full_minus_disabled,mean_customer_merit,0.0045786839403847476,0.0010578792568996691,0.008911494389680079,20
support,full,both_reachable,0.2,full_minus_disabled,mean_customer_dependence,-1.987239404701302e-05,-0.0009484561384766107,0.0009264519444463584,20
support,objective,all,0.55,objective_minus_disabled,domestic_use,0.0,0.0,0.0,20
support,objective,all,0.55,objective_minus_disabled,customer_use,0.0,0.0,0.0,20
support,objective,all,0.55,objective_minus_disabled,first_d,-0.0011627906976744208,-0.003488372093023262,0.0,20
support,objective,all,0.55,objective_minus_disabled,first_e,0.0,0.0,0.0,20
support,objective,all,0.55,objective_minus_disabled,first_both,0.001162790697674415,0.0,0.0034883720930232445,20
support,objective,all,0.55,objective_minus_disabled,neither,0.0,0.0,0.0,20
support,objective,all,0.55,objective_minus_disabled,d_to_e,-0.0011627906976744151,-0.0034883720930232454,0.0,20
support,objective,all,0.55,objective_minus_disabled,e_to_d,0.0,0.0,0.0,20
support,objective,all,0.55,objective_minus_disabled,both_use,0.0,0.0,0.0,20
support,objective,all,0.55,objective_minus_disabled,resolved,-0.001162790697674418,-0.0034883720930232536,0.0,20
support,objective,all,0.55,objective_minus_disabled,unresolved,0.0011627906976744208,0.0,0.003488372093023262,20
support,objective,all,0.55,objective_minus_disabled,customer_route_success,-0.0023809523809523807,-0.007142857142857143,0.0,20
support,objective,all,0.55,objective_minus_disabled,customer_only_resolution,-0.0023809523809523807,-0.007142857142857143,0.0,20
support,objective,all,0.55,objective_minus_disabled,joint_resolution,0.0,0.0,0.0,20
support,objective,all,0.55,objective_minus_disabled,customer_user_any_resolution,-0.002380952380952378,-0.007142857142857134,0.0,20
support,objective,all,0.55,objective_minus_disabled,customer_unresolved,0.002380952380952378,0.0,0.007142857142857134,20
support,objective,all,0.55,objective_minus_disabled,material_at_review,0.0,0.0,0.0,20
support,objective,all,0.55,objective_minus_disabled,standardized_no_material_score,0.0,0.0,0.0,20
support,objective,all,0.55,objective_minus_disabled,mechanical_material_increment,0.0033964566018886448,0.0013782691978322453,0.00596161165664395,20
support,objective,all,0.55,objective_minus_disabled,mean_customer_merit,0.0,0.0,0.0,20
support,objective,all,0.55,objective_minus_disabled,mean_customer_dependence,0.0,0.0,0.0,20
support,full,all,0.55,full_minus_objective,domestic_use,0.001259067976236683,-0.0024957458876914197,0.005263157894736836,20
support,full,all,0.55,full_minus_objective,customer_use,0.023989158645014035,0.010525721553156146,0.042020315807757815,20
support,full,all,0.55,full_minus_objective,first_d,-1.7038957764997643e-05,-0.005216802168021684,0.005182724252491689,20
support,full,all,0.55,full_minus_objective,first_e,0.0002260981912144716,-0.0034883720930232536,0.004166666666666668,20
support,full,all,0.55,full_minus_objective,first_both,-0.00020905923344947987,-0.00428571428571429,0.00365853658536585,20
support,full,all,0.55,full_minus_objective,neither,0.0,0.0,0.0,20
support,full,all,0.55,full_minus_objective,d_to_e,0.023972119687249025,0.011871039873401795,0.04107592418465593,20
support,full,all,0.55,full_minus_objective,e_to_d,0.0014851661674511497,-0.0024390243902439003,0.00672514619883041,20
support,full,all,0.55,full_minus_objective,both_use,0.025248226621250692,0.01155351022710903,0.04498430703756459,20
support,full,all,0.55,full_minus_objective,resolved,0.004036029523610499,-0.00595217837560435,0.01457535554001281,20
support,full,all,0.55,full_minus_objective,unresolved,-0.004036029523610496,-0.014575355540012814,0.005952178375604356,20
support,full,all,0.55,full_minus_objective,customer_route_success,0.0018859848441891793,-0.011060093582887712,0.01715393876848985,20
support,full,all,0.55,full_minus_objective,customer_only_resolution,0.002069808373600944,-0.010834432295645534,0.01724005881029872,20
support,full,all,0.55,full_minus_objective,joint_resolution,-0.00018382352941176508,-0.0005514705882352953,0.0,20
support,full,all,0.55,full_minus_objective,customer_user_any_resolution,0.011160982120734447,-0.0049821806880339945,0.02805074383283553,20
support,full,all,0.55,full_minus_objective,customer_unresolved,-0.011160982120734431,-0.028050743832835543,0.004982180688034025,20
support,full,all,0.55,full_minus_objective,material_at_review,0.008934215552249611,-0.0018304887804404008,0.023051349714526947,20
support,full,all,0.55,full_minus_objective,standardized_no_material_score,0.0019293706422014293,0.0006556556867118813,0.003319981959672771,20
support,full,all,0.55,full_minus_objective,mechanical_material_increment,0.001292075335229625,-0.0003215267795812833,0.003383472662165986,20
support,full,all,0.55,full_minus_objective,mean_customer_merit,0.00793194327737109,0.002881668769340857,0.013579053459096576,20
support,full,all,0.55,full_minus_objective,mean_customer_dependence,3.735130703309275e-05,-0.001211544012063856,0.0013542555835756314,20
support,full,all,0.55,full_minus_disabled,domestic_use,0.001259067976236683,-0.0024957458876914197,0.005263157894736836,20
support,full,all,0.55,full_minus_disabled,customer_use,0.023989158645014035,0.010525721553156146,0.042020315807757815,20
support,full,all,0.55,full_minus_disabled,first_d,-0.0011798296554394183,-0.006436314363143636,0.004285714285714287,20
support,full,all,0.55,full_minus_disabled,first_e,0.0002260981912144716,-0.0034883720930232536,0.004166666666666668,20
support,full,all,0.55,full_minus_disabled,first_both,0.0009537314642249351,-0.0031229235880398747,0.0048780487804878005,20
support,full,all,0.55,full_minus_disabled,neither,0.0,0.0,0.0,20
support,full,all,0.55,full_minus_disabled,d_to_e,0.02280932898957461,0.010554407876266932,0.039947246147026876,20
support,full,all,0.55,full_minus_disabled,e_to_d,0.0014851661674511497,-0.0024390243902439003,0.00672514619883041,20
support,full,all,0.55,full_minus_disabled,both_use,0.025248226621250692,0.01155351022710903,0.04498430703756459,20
support,full,all,0.55,full_minus_disabled,resolved,0.002873238825936081,-0.008277759770953186,0.013671982293131183,20
support,full,all,0.55,full_minus_disabled,unresolved,-0.0028732388259360754,-0.013671982293131189,0.008277759770953196,20
support,full,all,0.55,full_minus_disabled,customer_route_success,-0.0004949675367632016,-0.017498010288644963,0.01676164463761213,20
support,full,all,0.55,full_minus_disabled,customer_only_resolution,-0.0003111440073514365,-0.017353274311043273,0.01682325917546507,20
support,full,all,0.55,full_minus_disabled,joint_resolution,-0.00018382352941176508,-0.0005514705882352953,0.0,20
support,full,all,0.55,full_minus_disabled,customer_user_any_resolution,0.008780029739782069,-0.011239797887011498,0.027089885143880877,20
support,full,all,0.55,full_minus_disabled,customer_unresolved,-0.008780029739782053,-0.027089885143880867,0.011239797887011509,20
support,full,all,0.55,full_minus_disabled,material_at_review,0.008934215552249611,-0.0018304887804404008,0.023051349714526947,20
support,full,all,0.55,full_minus_disabled,standardized_no_material_score,0.0019293706422014293,0.0006556556867118813,0.003319981959672771,20
support,full,all,0.55,full_minus_disabled,mechanical_material_increment,0.00468853193711827,0.0026167230568815347,0.006999541893772959,20
support,full,all,0.55,full_minus_disabled,mean_customer_merit,0.00793194327737109,0.002881668769340857,0.013579053459096576,20
support,full,all,0.55,full_minus_disabled,mean_customer_dependence,3.735130703309275e-05,-0.001211544012063856,0.0013542555835756314,20
support,objective,both_reachable,0.55,objective_minus_disabled,domestic_use,0.0,0.0,0.0,20
support,objective,both_reachable,0.55,objective_minus_disabled,customer_use,0.0,0.0,0.0,20
support,objective,both_reachable,0.55,objective_minus_disabled,first_d,-0.0016666666666666663,-0.004999999999999999,0.0,20
support,objective,both_reachable,0.55,objective_minus_disabled,first_e,0.0,0.0,0.0,20
support,objective,both_reachable,0.55,objective_minus_disabled,first_both,0.0016666666666666648,0.0,0.004999999999999995,20
support,objective,both_reachable,0.55,objective_minus_disabled,neither,0.0,0.0,0.0,20
support,objective,both_reachable,0.55,objective_minus_disabled,d_to_e,-0.0016666666666666718,-0.005000000000000016,0.0,20
support,objective,both_reachable,0.55,objective_minus_disabled,e_to_d,0.0,0.0,0.0,20
support,objective,both_reachable,0.55,objective_minus_disabled,both_use,0.0,0.0,0.0,20
support,objective,both_reachable,0.55,objective_minus_disabled,resolved,-0.0016666666666666635,-0.0049999999999999906,0.0,20
support,objective,both_reachable,0.55,objective_minus_disabled,unresolved,0.0016666666666666663,0.0,0.004999999999999999,20
support,objective,both_reachable,0.55,objective_minus_disabled,customer_route_success,-0.0023809523809523807,-0.007142857142857143,0.0,20
support,objective,both_reachable,0.55,objective_minus_disabled,customer_only_resolution,-0.0023809523809523807,-0.007142857142857143,0.0,20
support,objective,both_reachable,0.55,objective_minus_disabled,joint_resolution,0.0,0.0,0.0,20
support,objective,both_reachable,0.55,objective_minus_disabled,customer_user_any_resolution,-0.002380952380952378,-0.007142857142857134,0.0,20
support,objective,both_reachable,0.55,objective_minus_disabled,customer_unresolved,0.002380952380952378,0.0,0.007142857142857134,20
support,objective,both_reachable,0.55,objective_minus_disabled,material_at_review,0.0,0.0,0.0,20
support,objective,both_reachable,0.55,objective_minus_disabled,standardized_no_material_score,0.0,0.0,0.0,20
support,objective,both_reachable,0.55,objective_minus_disabled,mechanical_material_increment,0.0033964566018886448,0.0013782691978322453,0.00596161165664395,20
support,objective,both_reachable,0.55,objective_minus_disabled,mean_customer_merit,0.0,0.0,0.0,20
support,objective,both_reachable,0.55,objective_minus_disabled,mean_customer_dependence,0.0,0.0,0.0,20
support,full,both_reachable,0.55,full_minus_objective,domestic_use,0.0023850616921269052,-0.0027027027027027085,0.008695652173913038,20
support,full,both_reachable,0.55,full_minus_objective,customer_use,0.032100978969316976,0.01440137477840843,0.053276279767062555,20
support,full,both_reachable,0.55,full_minus_objective,first_d,0.0009828181023833094,-0.006047184308053894,0.008765328874024508,20
support,full,both_reachable,0.55,full_minus_objective,first_e,-0.0002508361204013432,-0.006521739130434795,0.005769230769230765,20
support,full,both_reachable,0.55,full_minus_objective,first_both,-0.0007319819819819849,-0.0062500000000000056,0.00405405405405405,20
support,full,both_reachable,0.55,full_minus_objective,neither,0.0,0.0,0.0,20
support,full,both_reachable,0.55,full_minus_objective,d_to_e,0.0330837970717003,0.01731890563805886,0.053418162047395905,20
support,full,both_reachable,0.55,full_minus_objective,e_to_d,0.0021342255717255744,-0.0027027027027027003,0.008533653846153849,20
support,full,both_reachable,0.55,full_minus_objective,both_use,0.034486040661443874,0.017074490672071313,0.057730033615114223,20
support,full,both_reachable,0.55,full_minus_objective,resolved,0.005830951143451141,-0.006442843685031189,0.01899038461538461,20
support,full,both_reachable,0.55,full_minus_objective,unresolved,-0.005830951143451143,-0.01899038461538462,0.006442843685031179,20
support,full,both_reachable,0.55,full_minus_objective,customer_route_success,0.0018859848441891793,-0.011060093582887712,0.01715393876848985,20
support,full,both_reachable,0.55,full_minus_objective,customer_only_resolution,0.002069808373600944,-0.010834432295645534,0.01724005881029872,20
support,full,both_reachable,0.55,full_minus_objective,joint_resolution,-0.00018382352941176508,-0.0005514705882352953,0.0,20
support,full,both_reachable,0.55,full_minus_objective,customer_user_any_resolution,0.011160982120734447,-0.0049821806880339945,0.02805074383283553,20
support,full,both_reachable,0.55,full_minus_objective,customer_unresolved,-0.011160982120734431,-0.028050743832835543,0.004982180688034025,20
support,full,both_reachable,0.55,full_minus_objective,material_at_review,0.008934215552249611,-0.0018304887804404008,0.023051349714526947,20
support,full,both_reachable,0.55,full_minus_objective,standardized_no_material_score,0.0019293706422014293,0.0006556556867118813,0.003319981959672771,20
support,full,both_reachable,0.55,full_minus_objective,mechanical_material_increment,0.001292075335229625,-0.0003215267795812833,0.003383472662165986,20
support,full,both_reachable,0.55,full_minus_objective,mean_customer_merit,0.00793194327737109,0.002881668769340857,0.013579053459096576,20
support,full,both_reachable,0.55,full_minus_objective,mean_customer_dependence,3.735130703309275e-05,-0.001211544012063856,0.0013542555835756314,20
support,full,both_reachable,0.55,full_minus_disabled,domestic_use,0.0023850616921269052,-0.0027027027027027085,0.008695652173913038,20
support,full,both_reachable,0.55,full_minus_disabled,customer_use,0.032100978969316976,0.01440137477840843,0.053276279767062555,20
support,full,both_reachable,0.55,full_minus_disabled,first_d,-0.0006838485642833569,-0.008215523215523223,0.0077627094067311145,20
support,full,both_reachable,0.55,full_minus_disabled,first_e,-0.0002508361204013432,-0.006521739130434795,0.005769230769230765,20
support,full,both_reachable,0.55,full_minus_disabled,first_both,0.00093468468468468,-0.004898648648648655,0.0066554054054053955,20
support,full,both_reachable,0.55,full_minus_disabled,neither,0.0,0.0,0.0,20
support,full,both_reachable,0.55,full_minus_disabled,d_to_e,0.03141713040503362,0.015446386465539681,0.051945935170330325,20
support,full,both_reachable,0.55,full_minus_disabled,e_to_d,0.0021342255717255744,-0.0027027027027027003,0.008533653846153849,20
support,full,both_reachable,0.55,full_minus_disabled,both_use,0.034486040661443874,0.017074490672071313,0.057730033615114223,20
support,full,both_reachable,0.55,full_minus_disabled,resolved,0.004164284476784477,-0.009780405405405411,0.017908653846153845,20
support,full,both_reachable,0.55,full_minus_disabled,unresolved,-0.004164284476784477,-0.017908653846153845,0.009780405405405375,20
support,full,both_reachable,0.55,full_minus_disabled,customer_route_success,-0.0004949675367632016,-0.017498010288644963,0.01676164463761213,20
support,full,both_reachable,0.55,full_minus_disabled,customer_only_resolution,-0.0003111440073514365,-0.017353274311043273,0.01682325917546507,20
support,full,both_reachable,0.55,full_minus_disabled,joint_resolution,-0.00018382352941176508,-0.0005514705882352953,0.0,20
support,full,both_reachable,0.55,full_minus_disabled,customer_user_any_resolution,0.008780029739782069,-0.011239797887011498,0.027089885143880877,20
support,full,both_reachable,0.55,full_minus_disabled,customer_unresolved,-0.008780029739782053,-0.027089885143880867,0.011239797887011509,20
support,full,both_reachable,0.55,full_minus_disabled,material_at_review,0.008934215552249611,-0.0018304887804404008,0.023051349714526947,20
support,full,both_reachable,0.55,full_minus_disabled,standardized_no_material_score,0.0019293706422014293,0.0006556556867118813,0.003319981959672771,20
support,full,both_reachable,0.55,full_minus_disabled,mechanical_material_increment,0.00468853193711827,0.0026167230568815347,0.006999541893772959,20
support,full,both_reachable,0.55,full_minus_disabled,mean_customer_merit,0.00793194327737109,0.002881668769340857,0.013579053459096576,20
support,full,both_reachable,0.55,full_minus_disabled,mean_customer_dependence,3.735130703309275e-05,-0.001211544012063856,0.0013542555835756314,20
support,objective,all,0.9,objective_minus_disabled,domestic_use,-0.0011363636363636354,-0.003409090909090906,0.0,20
support,objective,all,0.9,objective_minus_disabled,customer_use,0.002272727272727271,0.0,0.006818181818181812,20
support,objective,all,0.9,objective_minus_disabled,first_d,-0.0023558758314855877,-0.005931263858093128,0.0,20
support,objective,all,0.9,objective_minus_disabled,first_e,0.0011363636363636396,0.0,0.0034090909090909185,20
support,objective,all,0.9,objective_minus_disabled,first_both,0.0012195121951219501,0.0,0.00365853658536585,20
support,objective,all,0.9,objective_minus_disabled,neither,0.0,0.0,0.0,20
support,objective,all,0.9,objective_minus_disabled,d_to_e,-8.314855875831418e-05,-0.0036585365853658487,0.003325942350332592,20
support,objective,all,0.9,objective_minus_disabled,e_to_d,0.0,0.0,0.0,20
support,objective,all,0.9,objective_minus_disabled,both_use,0.0011363636363636354,0.0,0.003409090909090906,20
support,objective,all,0.9,objective_minus_disabled,resolved,-0.002299154334038056,-0.005734672304439747,0.0,20
support,objective,all,0.9,objective_minus_disabled,unresolved,0.0022991543340380506,0.0,0.005734672304439736,20
support,objective,all,0.9,objective_minus_disabled,customer_route_success,-0.0029545454545454515,-0.00999999999999999,0.0011363636363636354,20
support,objective,all,0.9,objective_minus_disabled,customer_only_resolution,-0.0029545454545454515,-0.00999999999999999,0.0011363636363636354,20
support,objective,all,0.9,objective_minus_disabled,joint_resolution,0.0,0.0,0.0,20
support,objective,all,0.9,objective_minus_disabled,customer_user_any_resolution,-0.0031439393939393934,-0.010000000000000005,0.000568181818181826,20
support,objective,all,0.9,objective_minus_disabled,customer_unresolved,0.0031439393939393934,-0.0005681818181818177,0.009999999999999998,20
support,objective,all,0.9,objective_minus_disabled,material_at_review,0.0015151515151515152,0.0,0.004545454545454545,20
support,objective,all,0.9,objective_minus_disabled,standardized_no_material_score,0.0002225680404699712,0.0,0.0006677041214099136,20
support,objective,all,0.9,objective_minus_disabled,mechanical_material_increment,0.00608420578901407,0.00253956133211299,0.010202182140881498,20
support,objective,all,0.9,objective_minus_disabled,mean_customer_merit,0.0005525779481116766,0.0,0.0016577338443350298,20
support,objective,all,0.9,objective_minus_disabled,mean_customer_dependence,0.000265121701919907,0.0,0.0007953651057597211,20
support,full,all,0.9,full_minus_objective,domestic_use,-0.0014757891027780746,-0.006894100506286827,0.00372207772337823,20
support,full,all,0.9,full_minus_objective,customer_use,0.024085528489598256,0.010043122776771031,0.03780392637078685,20
support,full,all,0.9,full_minus_objective,first_d,0.0028307157958320727,-0.0023255813953488415,0.00970779220779221,20
support,full,all,0.9,full_minus_objective,first_e,-0.004146505269516295,-0.01117658045748623,0.0011898784355179651,20
support,full,all,0.9,full_minus_objective,first_both,0.0013157894736842098,0.0,0.00394736842105263,20
support,full,all,0.9,full_minus_objective,neither,0.0,0.0,0.0,20
support,full,all,0.9,full_minus_objective,d_to_e,0.02691624428543033,0.014805825311639261,0.03910901917042904,20
support,full,all,0.9,full_minus_objective,e_to_d,-0.005622294372294375,-0.01285173160173161,0.0,20
support,full,all,0.9,full_minus_objective,both_use,0.022609739386820166,0.008565623635850075,0.03615501418546094,20
support,full,all,0.9,full_minus_objective,resolved,0.00995267112105933,0.0037836147592245073,0.016663023234945718,20
support,full,all,0.9,full_minus_objective,unresolved,-0.009952671121059322,-0.016663023234945697,-0.0037836147592245155,20
support,full,all,0.9,full_minus_objective,customer_route_success,0.008168336343141163,-0.014784523452469603,0.031444057109256414,20
support,full,all,0.9,full_minus_objective,customer_only_resolution,0.007847823522628344,-0.015227238288373284,0.031185546657093957,20
support,full,all,0.9,full_minus_objective,joint_resolution,0.0003205128205128201,0.0,0.0009615384615384602,20
support,full,all,0.9,full_minus_objective,customer_user_any_resolution,0.015470630702660578,-0.003853549481620218,0.032770081539267325,20
support,full,all,0.9,full_minus_objective,customer_unresolved,-0.015470630702660576,-0.032770081539267325,0.003853549481620222,20
support,full,all,0.9,full_minus_objective,material_at_review,0.02315532985769558,0.0047618286445012745,0.043618051798478566,20
support,full,all,0.9,full_minus_objective,standardized_no_material_score,0.004038732277794223,0.0020950666015227114,0.0062749925141324025,20
support,full,all,0.9,full_minus_objective,mechanical_material_increment,0.003528828235123755,0.0006194169461312403,0.006673642195693281,20
support,full,all,0.9,full_minus_objective,mean_customer_merit,0.016327437187957993,0.008103942586275769,0.025294993932608336,20
support,full,all,0.9,full_minus_objective,mean_customer_dependence,0.0005771654822668947,-0.0019425692631448934,0.002992619288522568,20
support,full,all,0.9,full_minus_disabled,domestic_use,-0.00261215273914171,-0.007768675123326274,0.0024338616427432317,20
support,full,all,0.9,full_minus_disabled,customer_use,0.026358255762325526,0.01290923195828719,0.0391892921758474,20
support,full,all,0.9,full_minus_disabled,first_d,0.0004748399643464851,-0.004821327283040277,0.007408637873754153,20
support,full,all,0.9,full_minus_disabled,first_e,-0.0030101416331526553,-0.009887218045112795,0.0023255813953488385,20
support,full,all,0.9,full_minus_disabled,first_both,0.00253530166880616,0.0,0.00638639281129653,20
support,full,all,0.9,full_minus_disabled,neither,0.0,0.0,0.0,20
support,full,all,0.9,full_minus_disabled,d_to_e,0.02683309572667202,0.014420041449970897,0.03926410068452216,20
support,full,all,0.9,full_minus_disabled,e_to_d,-0.005622294372294375,-0.01285173160173161,0.0,20
support,full,all,0.9,full_minus_disabled,both_use,0.0237461030231838,0.010308732432737937,0.037165277067893326,20
support,full,all,0.9,full_minus_disabled,resolved,0.007653516787021275,0.00033549676391945657,0.016038452628455074,20
support,full,all,0.9,full_minus_disabled,unresolved,-0.007653516787021272,-0.016038452628455078,-0.00033549676391946036,20
support,full,all,0.9,full_minus_disabled,customer_route_success,0.005213790888595714,-0.019061614465620297,0.029810808085962887,20
support,full,all,0.9,full_minus_disabled,customer_only_resolution,0.004893278068082892,-0.019593995426097677,0.029730554012569584,20
support,full,all,0.9,full_minus_disabled,joint_resolution,0.0003205128205128201,0.0,0.0009615384615384602,20
support,full,all,0.9,full_minus_disabled,customer_user_any_resolution,0.012326691308721185,-0.005861203503500597,0.028077314863499035,20
support,full,all,0.9,full_minus_disabled,customer_unresolved,-0.012326691308721183,-0.028077314863499056,0.0058612035035005994,20
support,full,all,0.9,full_minus_disabled,material_at_review,0.024670481372847098,0.007427858533197405,0.043972153539129206,20
support,full,all,0.9,full_minus_disabled,standardized_no_material_score,0.004261300318264194,0.002265846063330722,0.006479588676095263,20
support,full,all,0.9,full_minus_disabled,mechanical_material_increment,0.009613034024137825,0.005857610265230483,0.013641671271414484,20
support,full,all,0.9,full_minus_disabled,mean_customer_merit,0.01688001513606967,0.008540012386509609,0.025558856702115627,20
support,full,all,0.9,full_minus_disabled,mean_customer_dependence,0.0008422871841868018,-0.0018093239281624263,0.0032581513154273855,20
support,objective,both_reachable,0.9,objective_minus_disabled,domestic_use,-0.0011904761904761862,-0.0035714285714285587,0.0,20
support,objective,both_reachable,0.9,objective_minus_disabled,customer_use,0.002380952380952378,0.0,0.007142857142857134,20
support,objective,both_reachable,0.9,objective_minus_disabled,first_d,-0.0025418275418275403,-0.006435006435006429,0.0,20
support,objective,both_reachable,0.9,objective_minus_disabled,first_e,0.001190476190476196,0.0,0.003571428571428588,20
support,objective,both_reachable,0.9,objective_minus_disabled,first_both,0.0013513513513513501,0.0,0.00405405405405405,20
support,objective,both_reachable,0.9,objective_minus_disabled,neither,0.0,0.0,0.0,20
support,objective,both_reachable,0.9,objective_minus_disabled,d_to_e,-0.000160875160875161,-0.00405405405405405,0.003410553410553406,20
support,objective,both_reachable,0.9,objective_minus_disabled,e_to_d,0.0,0.0,0.0,20
support,objective,both_reachable,0.9,objective_minus_disabled,both_use,0.0011904761904761919,0.0,0.0035714285714285752,20
support,objective,both_reachable,0.9,objective_minus_disabled,resolved,-0.002857142857142858,-0.006904761904761908,0.0,20
support,objective,both_reachable,0.9,objective_minus_disabled,unresolved,0.002857142857142861,0.0,0.0069047619047619135,20
support,objective,both_reachable,0.9,objective_minus_disabled,customer_route_success,-0.0029545454545454515,-0.00999999999999999,0.0011363636363636354,20
support,objective,both_reachable,0.9,objective_minus_disabled,customer_only_resolution,-0.0029545454545454515,-0.00999999999999999,0.0011363636363636354,20
support,objective,both_reachable,0.9,objective_minus_disabled,joint_resolution,0.0,0.0,0.0,20
support,objective,both_reachable,0.9,objective_minus_disabled,customer_user_any_resolution,-0.0031439393939393934,-0.010000000000000005,0.000568181818181826,20
support,objective,both_reachable,0.9,objective_minus_disabled,customer_unresolved,0.0031439393939393934,-0.0005681818181818177,0.009999999999999998,20
support,objective,both_reachable,0.9,objective_minus_disabled,material_at_review,0.0015151515151515152,0.0,0.004545454545454545,20
support,objective,both_reachable,0.9,objective_minus_disabled,standardized_no_material_score,0.0002225680404699712,0.0,0.0006677041214099136,20
support,objective,both_reachable,0.9,objective_minus_disabled,mechanical_material_increment,0.00608420578901407,0.00253956133211299,0.010202182140881498,20
support,objective,both_reachable,0.9,objective_minus_disabled,mean_customer_merit,0.0005525779481116766,0.0,0.0016577338443350298,20
support,objective,both_reachable,0.9,objective_minus_disabled,mean_customer_dependence,0.000265121701919907,0.0,0.0007953651057597211,20
support,full,both_reachable,0.9,full_minus_objective,domestic_use,-0.0035338400788085256,-0.011849086167601683,0.0037040631469979213,20
support,full,both_reachable,0.9,full_minus_objective,customer_use,0.03412721459881349,0.014556872973203636,0.05347631821680734,20
support,full,both_reachable,0.9,full_minus_objective,first_d,0.003183229813664601,-0.004347826086956519,0.013690476190476197,20
support,full,both_reachable,0.9,full_minus_objective,first_e,-0.004745729813664609,-0.015013991330227756,0.0037780635351966183,20
support,full,both_reachable,0.9,full_minus_objective,first_both,0.0015625,0.0,0.0046875,20
support,full,both_reachable,0.9,full_minus_objective,neither,0.0,0.0,0.0,20
support,full,both_reachable,0.9,full_minus_objective,d_to_e,0.037310444412478064,0.021188374704810536,0.05365384977503665,20
support,full,both_reachable,0.9,full_minus_objective,e_to_d,-0.008279569892473124,-0.019112903225806464,0.0,20
support,full,both_reachable,0.9,full_minus_objective,both_use,0.030593374520004955,0.010984753383190875,0.049341449701164365,20
support,full,both_reachable,0.9,full_minus_objective,resolved,0.013933918240983462,0.005448341317906541,0.023395109731386903,20
support,full,both_reachable,0.9,full_minus_objective,unresolved,-0.013933918240983455,-0.0233951097313869,-0.0054483413179065325,20
support,full,both_reachable,0.9,full_minus_objective,customer_route_success,0.008168336343141163,-0.014784523452469603,0.031444057109256414,20
support,full,both_reachable,0.9,full_minus_objective,customer_only_resolution,0.007847823522628344,-0.015227238288373284,0.031185546657093957,20
support,full,both_reachable,0.9,full_minus_objective,joint_resolution,0.0003205128205128201,0.0,0.0009615384615384602,20
support,full,both_reachable,0.9,full_minus_objective,customer_user_any_resolution,0.015470630702660578,-0.003853549481620218,0.032770081539267325,20
support,full,both_reachable,0.9,full_minus_objective,customer_unresolved,-0.015470630702660576,-0.032770081539267325,0.003853549481620222,20
support,full,both_reachable,0.9,full_minus_objective,material_at_review,0.02315532985769558,0.0047618286445012745,0.043618051798478566,20
support,full,both_reachable,0.9,full_minus_objective,standardized_no_material_score,0.004038732277794223,0.0020950666015227114,0.0062749925141324025,20
support,full,both_reachable,0.9,full_minus_objective,mechanical_material_increment,0.003528828235123755,0.0006194169461312403,0.006673642195693281,20
support,full,both_reachable,0.9,full_minus_objective,mean_customer_merit,0.016327437187957993,0.008103942586275769,0.025294993932608336,20
support,full,both_reachable,0.9,full_minus_objective,mean_customer_dependence,0.0005771654822668947,-0.0019425692631448934,0.002992619288522568,20
support,full,both_reachable,0.9,full_minus_disabled,domestic_use,-0.004724316269284712,-0.012808555399719507,0.0021370967741935532,20
support,full,both_reachable,0.9,full_minus_disabled,customer_use,0.03650816697976587,0.017532928466396206,0.0553209603318737,20
support,full,both_reachable,0.9,full_minus_disabled,first_d,0.0006414022718370605,-0.007579318448883654,0.011148648648648656,20
support,full,both_reachable,0.9,full_minus_disabled,first_e,-0.003555253623188413,-0.01406250000000001,0.004347826086956513,20
support,full,both_reachable,0.9,full_minus_disabled,first_both,0.00291385135135135,0.0,0.0073902027027027,20
support,full,both_reachable,0.9,full_minus_disabled,neither,0.0,0.0,0.0,20
support,full,both_reachable,0.9,full_minus_disabled,d_to_e,0.0371495692516029,0.020018825660173826,0.05419724080335054,20
support,full,both_reachable,0.9,full_minus_disabled,e_to_d,-0.008279569892473124,-0.019112903225806464,0.0,20
support,full,both_reachable,0.9,full_minus_disabled,both_use,0.03178385071048115,0.012691509589947086,0.050026953961396885,20
support,full,both_reachable,0.9,full_minus_disabled,resolved,0.011076775383840604,0.0011428393874046091,0.02205905759438368,20
support,full,both_reachable,0.9,full_minus_disabled,unresolved,-0.011076775383840595,-0.02205905759438368,-0.0011428393874046059,20
support,full,both_reachable,0.9,full_minus_disabled,customer_route_success,0.005213790888595714,-0.019061614465620297,0.029810808085962887,20
support,full,both_reachable,0.9,full_minus_disabled,customer_only_resolution,0.004893278068082892,-0.019593995426097677,0.029730554012569584,20
support,full,both_reachable,0.9,full_minus_disabled,joint_resolution,0.0003205128205128201,0.0,0.0009615384615384602,20
support,full,both_reachable,0.9,full_minus_disabled,customer_user_any_resolution,0.012326691308721185,-0.005861203503500597,0.028077314863499035,20
support,full,both_reachable,0.9,full_minus_disabled,customer_unresolved,-0.012326691308721183,-0.028077314863499056,0.0058612035035005994,20
support,full,both_reachable,0.9,full_minus_disabled,material_at_review,0.024670481372847098,0.007427858533197405,0.043972153539129206,20
support,full,both_reachable,0.9,full_minus_disabled,standardized_no_material_score,0.004261300318264194,0.002265846063330722,0.006479588676095263,20
support,full,both_reachable,0.9,full_minus_disabled,mechanical_material_increment,0.009613034024137825,0.005857610265230483,0.013641671271414484,20
support,full,both_reachable,0.9,full_minus_disabled,mean_customer_merit,0.01688001513606967,0.008540012386509609,0.025558856702115627,20
support,full,both_reachable,0.9,full_minus_disabled,mean_customer_dependence,0.0008422871841868018,-0.0018093239281624263,0.0032581513154273855,20
