time,case_id,employee,selected,material_known,social_d,social_e,pending_d,pending_e,recent_d,recent_e,success_d,success_e,failure_d,failure_e,p_d,p_e,cost_d,cost_e,utilities
0,0:0,0,e,False,0.0,0.0,0.0,0.0,0.0,0.0,0.0,0.0,0.0,0.0,0.6849269699863758,0.5877091393923862,0.1483707952442035,0.27587969446165017,wait:0.000000;e:0.253249
0,1:0,1,e,False,0.0,0.0,0.0,0.0,0.0,0.0,0.0,0.0,0.0,0.0,0.369650571145668,0.4360154983432703,0.11649237148500251,0.17870348057465263,wait:0.000000;e:0.213852
0,3:0,3,e,False,0.0,0.0,0.0,0.0,0.0,0.0,0.0,0.0,0.0,0.0,0.6216450067394355,0.5023413918212314,0.11447867665375151,0.3775813505449553,wait:0.000000;e:0.074689
0,5:0,5,no_addition,False,0.0,0.0,0.0,0.0,0.0,0.0,0.0,0.0,0.0,0.0,0.46352023428589695,0.26921733187059427,0.1609773507552331,0.3021323944895209,wait:0.000000;e:-0.059749
0,6:0,6,e,False,0.0,0.0,0.0,0.0,0.0,0.0,0.0,0.0,0.0,0.0,0.5656081333859837,0.5586571827756612,0.22951785411666392,0.2675680860468209,wait:0.000000;e:0.235405
0,7:0,7,e,False,0.0,0.0,0.0,0.0,0.0,0.0,0.0,0.0,0.0,0.0,0.6195015022100783,0.5941831448229777,0.2039393136927115,0.21007926007053504,wait:0.000000;e:0.324878
0,8:0,8,no_addition,False,0.0,0.0,0.0,0.0,0.0,0.0,0.0,0.0,0.0,0.0,0.42224487806266675,0.31676733048151573,0.09743626015620943,0.3270836536953683,wait:0.000000;e:-0.041890
0,10:0,10,e,False,0.0,0.0,0.0,0.0,0.0,0.0,0.0,0.0,0.0,0.0,0.5288431740927177,0.5882886561200341,0.2200923526510588,0.2973293003305126,wait:0.000000;e:0.232321
0,11:0,11,e,False,0.0,0.0,0.0,0.0,0.0,0.0,0.0,0.0,0.0,0.0,0.657146533296191,0.37812604292750296,0.11254230858288973,0.15467226241520335,wait:0.000000;e:0.185764
0,12:0,12,e,False,0.0,0.0,0.0,0.0,0.0,0.0,0.0,0.0,0.0,0.0,0.7437817987812785,0.48527716350699646,0.2378376446886984,0.3113206276857364,wait:0.000000;e:0.125586
0,15:0,15,no_addition,False,0.0,0.0,0.0,0.0,0.0,0.0,0.0,0.0,0.0,0.0,0.5815402376273211,0.3651732285065892,0.12013139547880683,0.36885322864169034,wait:0.000000;e:-0.040079
0,16:0,16,e,False,0.0,0.0,0.0,0.0,0.0,0.0,0.0,0.0,0.0,0.0,0.6713353420972463,0.35549804760622816,0.2005787070626945,0.1929285768508154,wait:0.000000;e:0.127135
0,17:0,17,e,False,0.0,0.0,0.0,0.0,0.0,0.0,0.0,0.0,0.0,0.0,0.5319935126913222,0.5734977925998279,0.253902026142052,0.30760713930070754,wait:0.000000;e:0.208727
0,19:0,19,e,False,0.0,0.0,0.0,0.0,0.0,0.0,0.0,0.0,0.0,0.0,0.7251883343647291,0.445278758799319,0.134934236822975,0.22963360758369958,wait:0.000000;e:0.171262
0,20:0,20,e,False,0.0,0.0,0.0,0.0,0.0,0.0,0.0,0.0,0.0,0.0,0.6195092762977208,0.4718195611743685,0.1422286741409436,0.34279558387592546,wait:0.000000;e:0.081995
0,21:0,21,e,False,0.0,0.0,0.0,0.0,0.0,0.0,0.0,0.0,0.0,0.0,0.5103334540765462,0.43207319627694624,0.2492249358685547,0.16274712510260736,wait:0.000000;e:0.226259
0,22:0,22,e,False,0.0,0.0,0.0,0.0,0.0,0.0,0.0,0.0,0.0,0.0,0.5249099051021684,0.48382851322678777,0.1072317536866028,0.38624423250672224,wait:0.000000;e:0.049358
0,24:0,24,e,False,0.0,0.0,0.0,0.0,0.0,0.0,0.0,0.0,0.0,0.0,0.6684423983588719,0.5335729502393609,0.26239716001572394,0.36884069536487507,wait:0.000000;e:0.111548
0,27:0,27,e,False,0.0,0.0,0.0,0.0,0.0,0.0,0.0,0.0,0.0,0.0,0.6925893067107659,0.6392206064589001,0.15779028109324086,0.3684614046068823,wait:0.000000;e:0.207045
0,30:0,30,e,False,0.0,0.0,0.0,0.0,0.0,0.0,0.0,0.0,0.0,0.0,0.6113152525564187,0.48946698833342217,0.10568988529152609,0.2968595249016314,wait:0.000000;e:0.143820
0,31:0,31,e,False,0.0,0.0,0.0,0.0,0.0,0.0,0.0,0.0,0.0,0.0,0.639231730984955,0.5962232349389468,0.15877040446700252,0.19435374724412033,wait:0.000000;e:0.342441
0,35:0,35,e,False,0.0,0.0,0.0,0.0,0.0,0.0,0.0,0.0,0.0,0.0,0.5686148129675394,0.3808624764596319,0.11359345932382238,0.17179398486241937,wait:0.000000;e:0.171106
0,37:0,37,e,False,0.0,0.0,0.0,0.0,0.0,0.0,0.0,0.0,0.0,0.0,0.6566398133866089,0.6048095714434447,0.23900283811741982,0.19726177659029454,wait:0.000000;e:0.347263
0,39:0,39,e,False,0.0,0.0,0.0,0.0,0.0,0.0,0.0,0.0,0.0,0.0,0.4294577007052264,0.45942743266519215,0.11278642516549683,0.3142410343455689,wait:0.000000;e:0.099393
0,42:0,42,e,False,0.0,0.0,0.0,0.0,0.0,0.0,0.0,0.0,0.0,0.0,0.3646625997759556,0.43924046267399164,0.20447239480110982,0.16482639385390188,wait:0.000000;e:0.230633
0,45:0,45,e,False,0.0,0.0,0.0,0.0,0.0,0.0,0.0,0.0,0.0,0.0,0.6827854347063236,0.4698376893113625,0.2439703896260991,0.1661164392776034,wait:0.000000;e:0.256890
0,46:0,46,e,False,0.0,0.0,0.0,0.0,0.0,0.0,0.0,0.0,0.0,0.0,0.46247147996441473,0.6596503611583785,0.18523664050489752,0.15567554392335484,wait:0.000000;e:0.438224
0,49:0,49,e,False,0.0,0.0,0.0,0.0,0.0,0.0,0.0,0.0,0.0,0.0,0.5412220236875722,0.6085239383184402,0.20702198292046725,0.3550969080079869,wait:0.000000;e:0.192772
0,50:0,50,e,False,0.0,0.0,0.0,0.0,0.0,0.0,0.0,0.0,0.0,0.0,0.3887471694008641,0.28772933443180404,0.2088022698026999,0.2124178474471884,wait:0.000000;e:0.046632
0,52:0,52,e,False,0.0,0.0,0.0,0.0,0.0,0.0,0.0,0.0,0.0,0.0,0.6875190938505968,0.424566771177051,0.2476619091839592,0.2339709438701195,wait:0.000000;e:0.148277
0,54:0,54,e,False,0.0,0.0,0.0,0.0,0.0,0.0,0.0,0.0,0.0,0.0,0.36049733782908744,0.5523253568294493,0.25533682668695057,0.3412197200125101,wait:0.000000;e:0.156052
0,57:0,57,e,False,0.0,0.0,0.0,0.0,0.0,0.0,0.0,0.0,0.0,0.0,0.4174812585006399,0.5332006780167822,0.11110206952865519,0.17145316688890727,wait:0.000000;e:0.308600
0,58:0,58,e,False,0.0,0.0,0.0,0.0,0.0,0.0,0.0,0.0,0.0,0.0,0.6198457129212576,0.4512439536464701,0.24863939297565013,0.20532809497258347,wait:0.000000;e:0.200938
0,59:0,59,e,False,0.0,0.0,0.0,0.0,0.0,0.0,0.0,0.0,0.0,0.0,0.7002922637422113,0.5074985384558233,0.23509445490004036,0.40267072128357945,wait:0.000000;e:0.054243
0,60:0,60,e,False,0.0,0.0,0.0,0.0,0.0,0.0,0.0,0.0,0.0,0.0,0.5845134400782842,0.6274568073919631,0.21802528225456477,0.22323942159545873,wait:0.000000;e:0.341675
0,61:0,61,e,False,0.0,0.0,0.0,0.0,0.0,0.0,0.0,0.0,0.0,0.0,0.40466418061386694,0.42786425934215844,0.2012198617440855,0.3431351479999387,wait:0.000000;e:0.042082
0,62:0,62,e,False,0.0,0.0,0.0,0.0,0.0,0.0,0.0,0.0,0.0,0.0,0.7237425411252645,0.62163411087903,0.18924605477548054,0.1589368749570172,wait:0.000000;e:0.400736
0,68:0,68,e,False,0.0,0.0,0.0,0.0,0.0,0.0,0.0,0.0,0.0,0.0,0.4856375652076465,0.39336260514379606,0.26128882804747644,0.28765577552162636,wait:0.000000;e:0.066498
0,69:0,69,e,False,0.0,0.0,0.0,0.0,0.0,0.0,0.0,0.0,0.0,0.0,0.6022842267235775,0.3907241381421482,0.12522009883263424,0.2509880233786041,wait:0.000000;e:0.100790
0,70:0,70,e,False,0.0,0.0,0.0,0.0,0.0,0.0,0.0,0.0,0.0,0.0,0.7250418326056267,0.49302427799958903,0.2066890976646894,0.2580273057930491,wait:0.000000;e:0.185855
0,71:0,71,e,False,0.0,0.0,0.0,0.0,0.0,0.0,0.0,0.0,0.0,0.0,0.6224433221045399,0.5224597273152474,0.1538948840429757,0.22998735625467048,wait:0.000000;e:0.240396
0,73:0,73,e,False,0.0,0.0,0.0,0.0,0.0,0.0,0.0,0.0,0.0,0.0,0.40420682498105226,0.36825884895626715,0.10135193454551357,0.21381812730705063,wait:0.000000;e:0.117734
0,75:0,75,e,False,0.0,0.0,0.0,0.0,0.0,0.0,0.0,0.0,0.0,0.0,0.4230941969831738,0.5146117501535823,0.14526836109731428,0.21203597939779312,wait:0.000000;e:0.251282
0,76:0,76,no_addition,False,0.0,0.0,0.0,0.0,0.0,0.0,0.0,0.0,0.0,0.0,0.4607091825541645,0.355946265462487,0.2483673802320229,0.36773318693554713,wait:0.000000;e:-0.047266
0,77:0,77,e,False,0.0,0.0,0.0,0.0,0.0,0.0,0.0,0.0,0.0,0.0,0.7057895980559208,0.5099150606963985,0.1774995824071297,0.3403705026808585,wait:0.000000;e:0.118719
0,78:0,78,no_addition,False,0.0,0.0,0.0,0.0,0.0,0.0,0.0,0.0,0.0,0.0,0.6649527470465615,0.2708445688219129,0.19539182057908258,0.3732642554777805,wait:0.000000;e:-0.129416
0,79:0,79,e,False,0.0,0.0,0.0,0.0,0.0,0.0,0.0,0.0,0.0,0.0,0.6554007144387883,0.3386993507256493,0.11701546148724276,0.22854336518025284,wait:0.000000;e:0.076396
0,82:0,82,e,False,0.0,0.0,0.0,0.0,0.0,0.0,0.0,0.0,0.0,0.0,0.7286328395366878,0.36352177295393373,0.15698912011979346,0.1520510595522537,wait:0.000000;e:0.175237
0,83:0,83,e,False,0.0,0.0,0.0,0.0,0.0,0.0,0.0,0.0,0.0,0.0,0.6992496307348407,0.3248307718207073,0.26025238770990045,0.20168454668107402,wait:0.000000;e:0.090769
0,85:0,85,e,False,0.0,0.0,0.0,0.0,0.0,0.0,0.0,0.0,0.0,0.0,0.7153815322741996,0.556425413119678,0.16364315346228214,0.22556310027741625,wait:0.000000;e:0.275400
0,88:0,88,e,False,0.0,0.0,0.0,0.0,0.0,0.0,0.0,0.0,0.0,0.0,0.7163316377708322,0.6143286754778456,0.09809896900767885,0.2526309343782891,wait:0.000000;e:0.300464
0,89:0,89,e,False,0.0,0.0,0.0,0.0,0.0,0.0,0.0,0.0,0.0,0.0,0.6654086354683044,0.32308926941883376,0.17411602439694465,0.28314038201118613,wait:0.000000;e:0.007745
0,90:0,90,e,False,0.0,0.0,0.0,0.0,0.0,0.0,0.0,0.0,0.0,0.0,0.5496088598221989,0.5230713273300622,0.13492759998526915,0.34468040679375855,wait:0.000000;e:0.126254
0,91:0,91,e,False,0.0,0.0,0.0,0.0,0.0,0.0,0.0,0.0,0.0,0.0,0.4008685735824922,0.45411787526818514,0.22139914132820376,0.16502895016143204,wait:0.000000;e:0.243825
0,92:0,92,e,False,0.0,0.0,0.0,0.0,0.0,0.0,0.0,0.0,0.0,0.0,0.5836859411228719,0.5217641296334619,0.18240288524889472,0.21479688753022783,wait:0.000000;e:0.254960
0,99:0,99,no_addition,False,0.0,0.0,0.0,0.0,0.0,0.0,0.0,0.0,0.0,0.0,0.595919754635573,0.3031051908867153,0.2567075269935262,0.36362387727822276,wait:0.000000;e:-0.090731
0,100:0,100,e,False,0.0,0.0,0.0,0.0,0.0,0.0,0.0,0.0,0.0,0.0,0.7169641560585482,0.4692832919180363,0.23232263065211484,0.18559087631515395,wait:0.000000;e:0.236916
0,101:0,101,e,False,0.0,0.0,0.0,0.0,0.0,0.0,0.0,0.0,0.0,0.0,0.6310976055605848,0.36314160703095977,0.24047447859475,0.2558610523356464,wait:0.000000;e:0.071084
0,102:0,102,no_addition,False,0.0,0.0,0.0,0.0,0.0,0.0,0.0,0.0,0.0,0.0,0.701367219239883,0.26701134800970727,0.18771390352718884,0.3406883754000892,wait:0.000000;e:-0.100292
0,103:0,103,e,False,0.0,0.0,0.0,0.0,0.0,0.0,0.0,0.0,0.0,0.0,0.48453188448400963,0.3036894266573445,0.24040021754476024,0.2514446862260086,wait:0.000000;e:0.021974
0,104:0,104,e,False,0.0,0.0,0.0,0.0,0.0,0.0,0.0,0.0,0.0,0.0,0.4805291116972771,0.3077848861998414,0.24182705034992438,0.26225319894977905,wait:0.000000;e:0.014853
0,106:0,106,e,False,0.0,0.0,0.0,0.0,0.0,0.0,0.0,0.0,0.0,0.0,0.6038869960114561,0.39577465450103894,0.16466671110779404,0.16123358388235126,wait:0.000000;e:0.195092
0,107:0,107,e,False,0.0,0.0,0.0,0.0,0.0,0.0,0.0,0.0,0.0,0.0,0.5601272085917144,0.4027578298740651,0.11188658600935725,0.20311708869163475,wait:0.000000;e:0.159496
0,108:0,108,e,False,0.0,0.0,0.0,0.0,0.0,0.0,0.0,0.0,0.0,0.0,0.712589369414454,0.5801760444086993,0.13671870609908326,0.3181198326494777,wait:0.000000;e:0.204227
0,111:0,111,e,False,0.0,0.0,0.0,0.0,0.0,0.0,0.0,0.0,0.0,0.0,0.6296869035044703,0.48249741418436287,0.11558516615917062,0.1539376686338176,wait:0.000000;e:0.280467
0,112:0,112,e,False,0.0,0.0,0.0,0.0,0.0,0.0,0.0,0.0,0.0,0.0,0.7348930726439825,0.5747899891492501,0.10878586675424282,0.1906376254280636,wait:0.000000;e:0.326860
0,113:0,113,e,False,0.0,0.0,0.0,0.0,0.0,0.0,0.0,0.0,0.0,0.0,0.36884265054638277,0.5871883438705638,0.20774743918817895,0.15152591661893103,wait:0.000000;e:0.377134
0,117:0,117,no_addition,False,0.0,0.0,0.0,0.0,0.0,0.0,0.0,0.0,0.0,0.0,0.5762276374207189,0.31861268573099333,0.26177083556612213,0.28997807026483413,wait:0.000000;e:-0.003123
0,118:0,118,e,False,0.0,0.0,0.0,0.0,0.0,0.0,0.0,0.0,0.0,0.0,0.7419538127860572,0.3257052711190269,0.22127615320016214,0.1744441787687567,wait:0.000000;e:0.118796
1,5:0,5,no_addition,False,0.0,0.42857142857142855,0.0,0.42857142857142855,0.0,0.42857142857142855,0.0,0.0,0.0,0.0,0.46352023428589695,0.26921733187059427,0.1609773507552331,0.2762353321047048,wait:0.000000;e:-0.033852
1,8:0,8,no_addition,False,0.0,0.3333333333333333,0.0,0.3333333333333333,0.0,0.3333333333333333,0.0,0.0,0.0,0.0,0.42224487806266675,0.31676733048151573,0.09743626015620943,0.30527807678234375,wait:0.000000;e:-0.020085
1,15:0,15,e,False,0.0,0.5714285714285714,0.0,0.5714285714285714,0.0,0.5714285714285714,0.0,0.0,0.0,0.0,0.5815402376273211,0.3651732285065892,0.12013139547880683,0.32669857393978285,wait:0.000000;e:0.002076
1,76:0,76,e,False,0.0,0.8,0.0,0.8,0.0,0.8,0.0,0.0,0.0,0.0,0.4607091825541645,0.355946265462487,0.2483673802320229,0.3088958770258596,wait:0.000000;e:0.011571
1,78:0,78,no_addition,False,0.0,1.0,0.0,1.0,0.0,1.0,0.0,0.0,0.0,0.0,0.6649527470465615,0.2708445688219129,0.19539182057908258,0.29861140438222444,wait:0.000000;e:-0.054763
1,99:0,99,no_addition,False,0.0,0.5,0.0,0.5,0.0,0.5,0.0,0.0,0.0,0.0,0.595919754635573,0.3031051908867153,0.2567075269935262,0.3272614895504005,wait:0.000000;e:-0.054368
1,102:0,102,no_addition,False,0.0,0.4,0.0,0.4,0.0,0.4,0.0,0.0,0.0,0.0,0.701367219239883,0.26701134800970727,0.18771390352718884,0.31343330536808206,wait:0.000000;e:-0.073036
1,117:0,117,e,False,0.0,0.2,0.0,0.2,0.0,0.2,0.0,0.0,0.0,0.0,0.5762276374207189,0.31861268573099333,0.26177083556612213,0.27837894745424074,wait:0.000000;e:0.008476
2,5:0,5,no_addition,False,0.0,0.5714285714285714,0.0,0.5714285714285714,0.0,0.5714285714285714,0.0,0.0,0.0,0.0,0.46352023428589695,0.26921733187059427,0.1609773507552331,0.2676029779764328,wait:0.000000;e:-0.025220
2,8:0,8,no_addition,False,0.0,0.4444444444444444,0.0,0.4444444444444444,0.0,0.4444444444444444,0.0,0.0,0.0,0.0,0.42224487806266675,0.31676733048151573,0.09743626015620943,0.29800955114466887,wait:0.000000;e:-0.012816
2,78:0,78,no_addition,False,0.0,1.0,0.0,1.0,0.0,1.0,0.0,0.0,0.0,0.0,0.6649527470465615,0.2708445688219129,0.19539182057908258,0.29861140438222444,wait:0.000000;e:-0.054763
2,99:0,99,no_addition,False,0.0,0.5,0.0,0.5,0.0,0.5,0.0,0.0,0.0,0.0,0.595919754635573,0.3031051908867153,0.2567075269935262,0.3272614895504005,wait:0.000000;e:-0.054368
2,102:0,102,no_addition,False,0.0,0.8,0.0,0.8,0.0,0.8,0.0,0.0,0.0,0.0,0.701367219239883,0.26701134800970727,0.18771390352718884,0.28617823533607495,wait:0.000000;e:-0.045781
3,0:0,0,no_addition,False,0.0,0.5,0.0,0.5,0.0,0.5,0.0,0.0,0.0,0.0,0.6849269699863758,0.5877091393923862,0.1483707952442035,0.24829172501548516,wait:0.000000
3,1:0,1,no_addition,False,0.0,0.75,0.0,0.75,0.0,0.75,0.0,0.0,0.0,0.0,0.369650571145668,0.4360154983432703,0.11649237148500251,0.15189795848845472,wait:0.421019
3,3:0,3,no_addition,False,0.0,0.16666666666666666,0.0,0.16666666666666666,0.0,0.16666666666666666,0.0,0.0,0.0,0.0,0.6216450067394355,0.5023413918212314,0.11447867665375151,0.3649953055267901,wait:0.485064
3,5:0,5,no_addition,False,0.0,0.5714285714285714,0.0,0.5714285714285714,0.0,0.5714285714285714,0.0,0.0,0.0,0.0,0.46352023428589695,0.26921733187059427,0.1609773507552331,0.2676029779764328,wait:0.000000;e:-0.025220
3,6:0,6,no_addition,False,0.0,0.5,0.0,0.5,0.0,0.5,0.0,0.0,0.0,0.0,0.5656081333859837,0.5586571827756612,0.22951785411666392,0.24081127744213884,wait:0.539442
3,7:0,7,no_addition,False,0.0,0.9,0.0,0.9,0.0,0.9,0.0,0.0,0.0,0.0,0.6195015022100783,0.5941831448229777,0.2039393136927115,0.17226499325783873,wait:0.573746
3,8:0,8,no_addition,False,0.0,0.4444444444444444,0.0,0.4444444444444444,0.0,0.4444444444444444,0.0,0.0,0.0,0.0,0.42224487806266675,0.31676733048151573,0.09743626015620943,0.29800955114466887,wait:0.000000;e:-0.012816
3,10:0,10,no_addition,False,0.0,0.4,0.0,0.4,0.0,0.4,0.0,0.0,0.0,0.0,0.5288431740927177,0.5882886561200341,0.2200923526510588,0.27354295630407155,wait:0.568055
3,11:0,11,no_addition,False,0.0,0.5,0.0,0.5,0.0,0.5,0.0,0.0,0.0,0.0,0.657146533296191,0.37812604292750296,0.11254230858288973,0.13920503617368302,wait:0.365121
3,12:0,12,no_addition,False,0.0,0.5,0.0,0.5,0.0,0.5,0.0,0.0,0.0,0.0,0.7437817987812785,0.48527716350699646,0.2378376446886984,0.28018856491716276,wait:0.468586
3,16:0,16,no_addition,False,0.0,0.2222222222222222,0.0,0.2222222222222222,0.0,0.2222222222222222,0.0,0.0,0.0,0.0,0.6713353420972463,0.35549804760622816,0.2005787070626945,0.1843539734352236,wait:0.343271
3,17:0,17,no_addition,False,0.0,0.25,0.0,0.25,0.0,0.25,0.0,0.0,0.0,0.0,0.5319935126913222,0.5734977925998279,0.253902026142052,0.2922267823356722,wait:0.553773
3,19:0,19,no_addition,False,0.0,0.6666666666666666,0.0,0.6666666666666666,0.0,0.6666666666666666,0.0,0.0,0.0,0.0,0.7251883343647291,0.445278758799319,0.134934236822975,0.19901579323920632,wait:0.429964
3,20:0,20,no_addition,False,0.0,0.16666666666666666,0.0,0.16666666666666666,0.0,0.16666666666666666,0.0,0.0,0.0,0.0,0.6195092762977208,0.4718195611743685,0.1422286741409436,0.3313690644133946,wait:0.455592
3,21:0,21,no_addition,False,0.0,0.42857142857142855,0.0,0.42857142857142855,0.0,0.42857142857142855,0.0,0.0,0.0,0.0,0.5103334540765462,0.43207319627694624,0.2492249358685547,0.14879737152238387,wait:0.417212
3,22:0,22,no_addition,False,0.0,0.8333333333333334,0.0,0.8333333333333334,0.0,0.8333333333333334,0.0,0.0,0.0,0.0,0.5249099051021684,0.48382851322678777,0.1072317536866028,0.32187019375560183,wait:0.467187
3,24:0,24,no_addition,False,0.0,0.7142857142857143,0.0,0.7142857142857143,0.0,0.7142857142857143,0.0,0.0,0.0,0.0,0.6684423983588719,0.5335729502393609,0.26239716001572394,0.31614916745560717,wait:0.515221
3,27:0,27,no_addition,False,0.0,0.6,0.0,0.6,0.0,0.6,0.0,0.0,0.0,0.0,0.6925893067107659,0.6392206064589001,0.15779028109324086,0.32424603605405644,wait:0.617235
3,30:0,30,no_addition,False,0.0,0.6666666666666666,0.0,0.6666666666666666,0.0,0.6666666666666666,0.0,0.0,0.0,0.0,0.6113152525564187,0.48946698833342217,0.10568988529152609,0.25727825491474726,wait:0.472632
3,31:0,31,no_addition,False,0.0,0.9,0.0,0.8,0.0,0.9,0.0,0.0,0.0,1.0,0.639231730984955,0.5366009114450521,0.15877040446700252,0.15937007274017867,wait:0.518145
3,35:0,35,no_addition,False,0.0,0.6666666666666666,0.0,0.6666666666666666,0.0,0.6666666666666666,0.0,0.0,0.0,0.0,0.5686148129675394,0.3808624764596319,0.11359345932382238,0.14888812021409678,wait:0.367763
3,37:0,37,no_addition,False,0.0,0.7142857142857143,0.0,0.7142857142857143,0.0,0.7142857142857143,0.0,0.0,0.0,0.0,0.6566398133866089,0.6048095714434447,0.23900283811741982,0.169081522791681,wait:0.584007
3,39:0,39,no_addition,False,0.0,0.6363636363636364,0.0,0.6363636363636364,0.0,0.6363636363636364,0.0,0.0,0.0,0.0,0.4294577007052264,0.45942743266519215,0.11278642516549683,0.27424672088340557,wait:0.443626
3,42:0,42,no_addition,False,0.0,0.42857142857142855,0.0,0.42857142857142855,0.0,0.42857142857142855,0.0,0.0,0.0,0.0,0.3646625997759556,0.43924046267399164,0.20447239480110982,0.15069841723785316,wait:0.424133
3,45:0,45,no_addition,False,0.0,0.7142857142857143,0.0,0.7142857142857143,0.0,0.7142857142857143,0.0,0.0,0.0,0.0,0.6827854347063236,0.4698376893113625,0.2439703896260991,0.1423855193808029,wait:0.453678
3,46:0,46,no_addition,False,0.0,0.6666666666666666,0.0,0.6666666666666666,0.0,0.6666666666666666,0.0,0.0,0.0,0.0,0.46247147996441473,0.6596503611583785,0.18523664050489752,0.1349188047335742,wait:0.636962
3,49:0,49,no_addition,False,0.0,0.5714285714285714,0.0,0.5714285714285714,0.0,0.5714285714285714,0.0,0.0,0.0,0.0,0.5412220236875722,0.6085239383184402,0.20702198292046725,0.31451440423564553,wait:0.587594
3,50:0,50,no_addition,False,0.0,0.375,0.0,0.375,0.0,0.375,0.0,0.0,0.0,0.0,0.3887471694008641,0.28772933443180404,0.2088022698026999,0.19648650888864927,wait:0.277833
3,52:0,52,no_addition,False,0.0,0.5,0.0,0.5,0.0,0.5,0.0,0.0,0.0,0.0,0.6875190938505968,0.424566771177051,0.2476619091839592,0.21057384948310753,wait:0.409964
3,54:0,54,no_addition,False,0.0,0.42857142857142855,0.0,0.42857142857142855,0.0,0.42857142857142855,0.0,0.0,0.0,0.0,0.36049733782908744,0.5523253568294493,0.25533682668695057,0.31197231544000925,wait:0.533328
3,57:0,57,no_addition,False,0.0,0.5714285714285714,0.0,0.5714285714285714,0.0,0.5714285714285714,0.0,0.0,0.0,0.0,0.4174812585006399,0.5332006780167822,0.11110206952865519,0.15185851924446073,wait:0.514861
3,58:0,58,no_addition,False,0.0,0.75,0.0,0.75,0.0,0.75,0.0,0.0,0.0,0.0,0.6198457129212576,0.4512439536464701,0.24863939297565013,0.17452888072669595,wait:0.435724
3,59:0,59,no_addition,False,0.0,0.6666666666666666,0.0,0.6666666666666666,0.0,0.6666666666666666,0.0,0.0,0.0,0.0,0.7002922637422113,0.5074985384558233,0.23509445490004036,0.3489812917791022,wait:0.490043
3,60:0,60,no_addition,False,0.0,0.5,0.0,0.5,0.0,0.5,0.0,0.0,0.0,0.0,0.5845134400782842,0.6274568073919631,0.21802528225456477,0.20091547943591287,wait:0.605876
3,61:0,61,no_addition,False,0.0,0.4,0.0,0.4,0.0,0.4,0.0,0.0,0.0,0.0,0.40466418061386694,0.42786425934215844,0.2012198617440855,0.31568433615994357,wait:0.413148
3,62:0,62,no_addition,False,0.0,0.25,0.0,0.25,0.0,0.25,0.0,0.0,0.0,0.0,0.7237425411252645,0.62163411087903,0.18924605477548054,0.15099003120916632,wait:0.600253
3,68:0,68,no_addition,False,0.0,0.7142857142857143,0.0,0.7142857142857143,0.0,0.7142857142857143,0.0,0.0,0.0,0.0,0.4856375652076465,0.39336260514379606,0.26128882804747644,0.24656209330425116,wait:0.379833
3,69:0,69,no_addition,False,0.0,0.75,0.0,0.75,0.0,0.75,0.0,0.0,0.0,0.0,0.6022842267235775,0.3907241381421482,0.12522009883263424,0.21333981987181347,wait:0.377285
3,70:0,70,no_addition,False,0.0,0.42857142857142855,0.0,0.42857142857142855,0.0,0.42857142857142855,0.0,0.0,0.0,0.0,0.7250418326056267,0.49302427799958903,0.2066890976646894,0.23591067958221631,wait:0.476067
3,71:0,71,no_addition,False,0.0,0.6,0.0,0.6,0.0,0.6,0.0,0.0,0.0,0.0,0.6224433221045399,0.5224597273152474,0.1538948840429757,0.20238887350411003,wait:0.504490
3,73:0,73,no_addition,False,0.0,0.8,0.0,0.8,0.0,0.8,0.0,0.0,0.0,0.0,0.40420682498105226,0.36825884895626715,0.10135193454551357,0.17960722693792253,wait:0.355593
3,75:0,75,no_addition,False,0.0,0.6923076923076923,0.0,0.6923076923076923,0.0,0.6923076923076923,0.0,0.0,0.0,0.0,0.4230941969831738,0.5146117501535823,0.14526836109731428,0.1826771514811756,wait:0.496912
3,77:0,77,no_addition,False,0.0,1.0,0.0,1.0,0.0,1.0,0.0,0.0,0.0,0.0,0.7057895980559208,0.5099150606963985,0.1774995824071297,0.2722964021446868,wait:0.492377
3,78:0,78,no_addition,False,0.0,1.0,0.0,1.0,0.0,1.0,0.0,0.0,0.0,0.0,0.6649527470465615,0.2708445688219129,0.19539182057908258,0.29861140438222444,wait:0.000000;e:-0.054763
3,79:0,79,no_addition,False,0.0,0.5714285714285714,0.0,0.5714285714285714,0.0,0.5714285714285714,0.0,0.0,0.0,0.0,0.6554007144387883,0.3386993507256493,0.11701546148724276,0.20242412344536678,wait:0.327050
3,82:0,82,no_addition,False,0.0,0.75,0.0,0.625,0.0,0.75,0.0,0.0,0.0,1.0,0.7286328395366878,0.3271695956585403,0.15698912011979346,0.12924340061941564,wait:0.315917
3,83:0,83,no_addition,False,0.0,0.625,0.0,0.625,0.0,0.625,0.0,0.0,0.0,0.0,0.6992496307348407,0.3248307718207073,0.26025238770990045,0.17647397834593978,wait:0.313658
3,85:0,85,no_addition,False,0.0,0.75,0.0,0.75,0.0,0.75,0.0,0.0,0.0,0.0,0.7153815322741996,0.556425413119678,0.16364315346228214,0.1917286352358038,wait:0.537287
3,88:0,88,no_addition,False,0.0,0.6666666666666666,0.0,0.6666666666666666,0.0,0.6666666666666666,0.0,0.0,0.0,0.0,0.7163316377708322,0.6143286754778456,0.09809896900767885,0.21894680979451722,wait:0.593199
3,89:0,89,no_addition,False,0.0,0.3333333333333333,0.0,0.3333333333333333,0.0,0.3333333333333333,0.0,0.0,0.0,0.0,0.6654086354683044,0.32308926941883376,0.17411602439694465,0.2642643565437737,wait:0.311977
3,90:0,90,no_addition,False,0.0,0.36363636363636365,0.0,0.36363636363636365,0.0,0.36363636363636365,0.0,0.0,0.0,0.0,0.5496088598221989,0.5230713273300622,0.13492759998526915,0.31961274084512153,wait:0.505081
3,91:0,91,no_addition,False,0.0,0.625,0.0,0.5,0.0,0.625,0.0,0.0,0.0,1.0,0.4008685735824922,0.40870608774136663,0.22139914132820376,0.14440033139125302,wait:0.394649
3,92:0,92,no_addition,False,0.0,0.8,0.0,0.8,0.0,0.8,0.0,0.0,0.0,0.0,0.5836859411228719,0.5217641296334619,0.18240288524889472,0.18042938552539137,wait:0.503818
3,99:0,99,no_addition,False,0.0,0.5,0.0,0.3333333333333333,0.0,0.5,0.0,0.0,0.0,1.0,0.595919754635573,0.2727946717980438,0.2567075269935262,0.3272614895504005,wait:0.000000;e:-0.081658
3,100:0,100,no_addition,False,0.0,0.5714285714285714,0.0,0.5714285714285714,0.0,0.5714285714285714,0.0,0.0,0.0,0.0,0.7169641560585482,0.4692832919180363,0.23232263065211484,0.1643804904505649,wait:0.453142
3,101:0,101,no_addition,False,0.0,0.4444444444444444,0.0,0.4444444444444444,0.0,0.4444444444444444,0.0,0.0,0.0,0.0,0.6310976055605848,0.36314160703095977,0.24047447859475,0.23311784768358892,wait:0.350652
3,102:0,102,no_addition,False,0.0,0.8,0.0,0.8,0.0,0.8,0.0,0.0,0.0,0.0,0.701367219239883,0.26701134800970727,0.18771390352718884,0.28617823533607495,wait:0.000000;e:-0.045781
3,103:0,103,no_addition,False,0.0,0.7142857142857143,0.0,0.7142857142857143,0.0,0.7142857142857143,0.0,0.0,0.0,0.0,0.48453188448400963,0.3036894266573445,0.24040021754476024,0.2155240167651502,wait:0.293244
3,104:0,104,no_addition,False,0.0,0.6,0.0,0.6,0.0,0.6,0.0,0.0,0.0,0.0,0.4805291116972771,0.3077848861998414,0.24182705034992438,0.23078281507580556,wait:0.297199
3,106:0,106,no_addition,False,0.0,0.4,0.0,0.4,0.0,0.4,0.0,0.0,0.0,0.0,0.6038869960114561,0.39577465450103894,0.16466671110779404,0.14833489717176315,wait:0.382162
3,107:0,107,no_addition,False,0.0,0.6,0.0,0.5,0.0,0.6,0.0,0.0,0.0,1.0,0.5601272085917144,0.36248204688665864,0.11188658600935725,0.1787430380486386,wait:0.350015
3,108:0,108,no_addition,False,0.0,0.5,0.0,0.5,0.0,0.5,0.0,0.0,0.0,0.0,0.712589369414454,0.5801760444086993,0.13671870609908326,0.2863078493845299,wait:0.560221
3,111:0,111,no_addition,False,0.0,0.6666666666666666,0.0,0.6666666666666666,0.0,0.6666666666666666,0.0,0.0,0.0,0.0,0.6296869035044703,0.48249741418436287,0.11558516615917062,0.1334126461493086,wait:0.465902
3,112:0,112,no_addition,False,0.0,0.3333333333333333,0.0,0.3333333333333333,0.0,0.3333333333333333,0.0,0.0,0.0,0.0,0.7348930726439825,0.5747899891492501,0.10878586675424282,0.177928450399526,wait:0.555020
3,113:0,113,no_addition,False,0.0,0.5,0.0,0.5,0.0,0.5,0.0,0.0,0.0,0.0,0.36884265054638277,0.5871883438705638,0.20774743918817895,0.13637332495703794,wait:0.566992
3,118:0,118,no_addition,False,0.0,0.75,0.0,0.75,0.0,0.75,0.0,0.0,0.0,0.0,0.7419538127860572,0.3257052711190269,0.22127615320016214,0.1482775519534432,wait:0.314503
4,0:0,0,no_addition,False,0.0,0.5,0.0,0.5,0.0,0.0,0.0,0.0,0.0,0.0,0.6849269699863758,0.5877091393923862,0.1483707952442035,0.24829172501548516,wait:0.000000
4,5:0,5,no_addition,False,0.0,0.5714285714285714,0.0,0.5714285714285714,0.0,0.14285714285714285,0.0,0.0,0.0,0.0,0.46352023428589695,0.26921733187059427,0.1609773507552331,0.2676029779764328,wait:0.000000;e:-0.025220
4,7:0,7,no_addition,False,0.0,0.9,0.0,0.9,0.0,0.0,0.0,0.0,0.0,0.0,0.6195015022100783,0.5941831448229777,0.2039393136927115,0.17226499325783873,wait:0.000000
4,8:0,8,no_addition,False,0.0,0.4444444444444444,0.0,0.4444444444444444,0.0,0.1111111111111111,0.0,0.0,0.0,0.0,0.42224487806266675,0.31676733048151573,0.09743626015620943,0.29800955114466887,wait:0.000000;e:-0.012816
4,11:0,11,no_addition,False,0.0,0.5,0.0,0.5,0.0,0.0,0.0,0.0,0.0,0.0,0.657146533296191,0.37812604292750296,0.11254230858288973,0.13920503617368302,wait:0.000000
4,12:0,12,no_addition,False,0.0,0.5,0.0,0.5,0.0,0.0,0.0,0.0,0.0,0.0,0.7437817987812785,0.48527716350699646,0.2378376446886984,0.28018856491716276,wait:0.415599
4,15:0,15,no_addition,False,0.0,0.5714285714285714,0.0,0.5714285714285714,0.0,0.0,0.0,0.0,0.0,0.0,0.5815402376273211,0.3651732285065892,0.12013139547880683,0.32669857393978285,wait:0.352613
4,17:0,17,no_addition,False,0.0,0.25,0.0,0.25,0.0,0.0,0.0,0.0,0.0,0.0,0.5319935126913222,0.5734977925998279,0.253902026142052,0.2922267823356722,wait:0.491152
4,19:0,19,no_addition,False,0.0,0.3333333333333333,0.0,0.3333333333333333,0.0,0.0,0.0,0.0,0.0,1.0,0.7251883343647291,0.4007508829193871,0.134934236822975,0.21432470041145293,wait:0.343209
4,20:0,20,no_addition,False,0.0,0.16666666666666666,0.0,0.16666666666666666,0.0,0.0,0.0,0.0,0.0,0.0,0.6195092762977208,0.4718195611743685,0.1422286741409436,0.3313690644133946,wait:0.000000
4,21:0,21,no_addition,False,0.0,0.2857142857142857,0.0,0.2857142857142857,0.0,0.0,0.0,0.0,0.0,1.0,0.5103334540765462,0.3888658766492516,0.2492249358685547,0.15344728938245836,wait:0.333031
4,22:0,22,no_addition,False,0.0,0.6666666666666666,0.0,0.6666666666666666,0.0,0.16666666666666666,0.0,1.0,0.0,0.0,0.5249099051021684,0.535445661904109,0.1072317536866028,0.334745001505826,wait:0.458564
4,24:0,24,no_addition,False,0.0,0.7142857142857143,0.0,0.7142857142857143,0.0,0.0,0.0,0.0,0.0,0.0,0.6684423983588719,0.5335729502393609,0.26239716001572394,0.31614916745560717,wait:0.456960
4,27:0,27,no_addition,False,0.0,0.6,0.0,0.6,0.0,0.0,0.0,0.0,0.0,0.0,0.6925893067107659,0.6392206064589001,0.15779028109324086,0.32424603605405644,wait:0.547438
4,30:0,30,no_addition,False,0.0,0.6666666666666666,0.0,0.6666666666666666,0.0,0.0,0.0,0.0,0.0,0.0,0.6113152525564187,0.48946698833342217,0.10568988529152609,0.25727825491474726,wait:0.419187
4,31:0,31,no_addition,False,0.0,0.7,0.0,0.7,0.0,0.1,0.0,0.0,0.0,2.0,0.639231730984955,0.5067897496981048,0.15877040446700252,0.16714422262994347,wait:0.434022
4,35:0,35,no_addition,False,0.0,0.5,0.0,0.5,0.0,0.0,0.0,0.0,0.0,1.0,0.5686148129675394,0.3427762288136687,0.11359345932382238,0.15461458637617745,wait:0.293559
4,37:0,37,no_addition,False,0.0,0.7142857142857143,0.0,0.7142857142857143,0.0,0.0,0.0,0.0,0.0,0.0,0.6566398133866089,0.6048095714434447,0.23900283811741982,0.169081522791681,wait:0.517968
4,39:0,39,no_addition,False,0.0,0.6363636363636364,0.0,0.6363636363636364,0.0,0.0,0.0,0.0,0.0,0.0,0.4294577007052264,0.45942743266519215,0.11278642516549683,0.27424672088340557,wait:0.393461
4,42:0,42,no_addition,False,0.0,0.42857142857142855,0.0,0.42857142857142855,0.0,0.0,0.0,0.0,0.0,0.0,0.3646625997759556,0.43924046267399164,0.20447239480110982,0.15069841723785316,wait:0.000000
4,45:0,45,no_addition,False,0.0,0.5714285714285714,0.0,0.5714285714285714,0.0,0.0,0.0,0.0,0.0,1.0,0.6827854347063236,0.4228539203802262,0.2439703896260991,0.14713170336016299,wait:0.362139
4,46:0,46,no_addition,False,0.0,0.4444444444444444,0.0,0.4444444444444444,0.0,0.0,0.0,1.0,0.0,1.0,0.46247147996441473,0.6357028069846217,0.18523664050489752,0.1418377177968344,wait:0.544426
4,49:0,49,no_addition,False,0.0,0.5714285714285714,0.0,0.5714285714285714,0.0,0.0,0.0,0.0,0.0,0.0,0.5412220236875722,0.6085239383184402,0.20702198292046725,0.31451440423564553,wait:0.521149
4,50:0,50,no_addition,False,0.0,0.375,0.0,0.375,0.0,0.0,0.0,0.0,0.0,0.0,0.3887471694008641,0.28772933443180404,0.2088022698026999,0.19648650888864927,wait:0.246416
4,52:0,52,no_addition,False,0.0,0.5,0.0,0.5,0.0,0.25,0.0,0.0,0.0,0.0,0.6875190938505968,0.424566771177051,0.2476619091839592,0.21057384948310753,wait:0.363605
4,54:0,54,no_addition,False,0.0,0.42857142857142855,0.0,0.42857142857142855,0.0,0.0,0.0,0.0,0.0,0.0,0.36049733782908744,0.5523253568294493,0.25533682668695057,0.31197231544000925,wait:0.473020
4,57:0,57,no_addition,False,0.0,0.5714285714285714,0.0,0.5714285714285714,0.0,0.0,0.0,0.0,0.0,0.0,0.4174812585006399,0.5332006780167822,0.11110206952865519,0.15185851924446073,wait:0.456641
4,58:0,58,no_addition,False,0.0,0.5,0.0,0.5,0.0,0.0,0.0,0.0,0.0,1.0,0.6198457129212576,0.4061195582818231,0.24863939297565013,0.18479528547532514,wait:0.347807
4,59:0,59,no_addition,False,0.0,0.6666666666666666,0.0,0.6666666666666666,0.0,0.0,0.0,0.0,0.0,0.0,0.7002922637422113,0.5074985384558233,0.23509445490004036,0.3489812917791022,wait:0.434629
4,60:0,60,no_addition,False,0.0,0.5,0.0,0.5,0.0,0.0,0.0,0.0,0.0,0.0,0.5845134400782842,0.6274568073919631,0.21802528225456477,0.20091547943591287,wait:0.537364
4,61:0,61,no_addition,False,0.0,0.4,0.0,0.4,0.0,0.0,0.0,0.0,0.0,0.0,0.40466418061386694,0.42786425934215844,0.2012198617440855,0.31568433615994357,wait:0.366429
4,62:0,62,no_addition,False,0.0,0.25,0.0,0.25,0.0,0.0,0.0,0.0,0.0,0.0,0.7237425411252645,0.62163411087903,0.18924605477548054,0.15099003120916632,wait:0.532377
4,68:0,68,no_addition,False,0.0,0.7142857142857143,0.0,0.7142857142857143,0.0,0.0,0.0,0.0,0.0,0.0,0.4856375652076465,0.39336260514379606,0.26128882804747644,0.24656209330425116,wait:0.336882
4,69:0,69,no_addition,False,0.0,0.75,0.0,0.75,0.0,0.0,0.0,0.0,0.0,0.0,0.6022842267235775,0.3907241381421482,0.12522009883263424,0.21333981987181347,wait:0.334622
4,70:0,70,no_addition,False,0.0,0.42857142857142855,0.0,0.42857142857142855,0.0,0.0,0.0,0.0,0.0,0.0,0.7250418326056267,0.49302427799958903,0.2066890976646894,0.23591067958221631,wait:0.422233
4,71:0,71,no_addition,False,0.0,0.4,0.0,0.4,0.0,0.0,0.0,0.0,0.0,1.0,0.6224433221045399,0.4702137545837226,0.1538948840429757,0.21158836775429682,wait:0.402698
4,73:0,73,no_addition,False,0.0,0.4,0.0,0.4,0.0,0.0,0.0,1.0,0.0,1.0,0.40420682498105226,0.38802002161282706,0.10135193454551357,0.19671267712248658,wait:0.332306
4,75:0,75,no_addition,False,0.0,0.6153846153846154,0.0,0.6153846153846154,0.0,0.07692307692307693,0.0,0.0,0.0,1.0,0.4230941969831738,0.46315057513822405,0.14526836109731428,0.18593924347191088,wait:0.396649
4,76:0,76,no_addition,False,0.0,0.8,0.0,0.8,0.0,0.0,0.0,0.0,0.0,0.0,0.4607091825541645,0.355946265462487,0.2483673802320229,0.3088958770258596,wait:0.343704
4,77:0,77,no_addition,False,0.0,0.75,0.0,0.75,0.0,0.0,0.0,0.0,0.0,1.0,0.7057895980559208,0.4589235546267586,0.1774995824071297,0.2893149272787297,wait:0.393029
4,78:0,78,no_addition,False,0.0,1.0,0.0,1.0,0.0,0.0,0.0,0.0,0.0,0.0,0.6649527470465615,0.2708445688219129,0.19539182057908258,0.29861140438222444,wait:0.000000;e:-0.054763
4,79:0,79,no_addition,False,0.0,0.5714285714285714,0.0,0.5714285714285714,0.0,0.0,0.0,0.0,0.0,0.0,0.6554007144387883,0.3386993507256493,0.11701546148724276,0.20242412344536678,wait:0.290067
4,82:0,82,no_addition,False,0.0,0.5,0.0,0.5,0.0,0.0,0.0,0.0,0.0,2.0,0.7286328395366878,0.30899350701084366,0.15698912011979346,0.13684595359702834,wait:0.264627
4,83:0,83,no_addition,False,0.0,0.625,0.0,0.625,0.0,0.0,0.0,0.0,0.0,0.0,0.6992496307348407,0.3248307718207073,0.26025238770990045,0.17647397834593978,wait:0.278190
4,85:0,85,no_addition,False,0.0,0.75,0.0,0.75,0.0,0.0,0.0,0.0,0.0,0.0,0.7153815322741996,0.556425413119678,0.16364315346228214,0.1917286352358038,wait:0.476531
4,88:0,88,no_addition,False,0.0,0.5833333333333334,0.0,0.5833333333333334,0.0,0.0,0.0,0.0,0.0,1.0,0.7163316377708322,0.552895807930061,0.09809896900767885,0.2231573253674887,wait:0.473508
4,89:0,89,no_addition,False,0.0,0.3333333333333333,0.0,0.3333333333333333,0.0,0.0,0.0,0.0,0.0,0.0,0.6654086354683044,0.32308926941883376,0.17411602439694465,0.2642643565437737,wait:0.276699
4,90:0,90,no_addition,False,0.0,0.36363636363636365,0.0,0.36363636363636365,0.0,0.0,0.0,0.0,0.0,0.0,0.5496088598221989,0.5230713273300622,0.13492759998526915,0.31961274084512153,wait:0.447966
4,91:0,91,no_addition,False,0.0,0.375,0.0,0.375,0.0,0.0,0.0,1.0,0.0,1.0,0.4008685735824922,0.46100019397795733,0.22139914132820376,0.15265177889932466,wait:0.394808
4,92:0,92,no_addition,False,0.0,0.6,0.0,0.6,0.0,0.0,0.0,0.0,0.0,1.0,0.5836859411228719,0.4695877166701157,0.18240288524889472,0.1890212610266005,wait:0.402162
4,99:0,99,no_addition,False,0.0,0.3333333333333333,0.0,0.3333333333333333,0.0,0.0,0.0,0.0,0.0,1.0,0.595919754635573,0.2727946717980438,0.2567075269935262,0.3393822854596746,wait:0.000000;e:-0.093779
4,100:0,100,no_addition,False,0.0,0.5714285714285714,0.0,0.5714285714285714,0.0,0.14285714285714285,0.0,0.0,0.0,0.0,0.7169641560585482,0.4692832919180363,0.23232263065211484,0.1643804904505649,wait:0.401901
4,101:0,101,no_addition,False,0.0,0.4444444444444444,0.0,0.4444444444444444,0.0,0.0,0.0,0.0,0.0,0.0,0.6310976055605848,0.36314160703095977,0.24047447859475,0.23311784768358892,wait:0.311000
4,102:0,102,e,False,0.0,0.6,0.0,0.6,0.0,0.4,0.0,1.0,0.0,0.0,0.701367219239883,0.34031021320873656,0.18771390352718884,0.2998057703520785,wait:0.000000;e:0.006584
4,103:0,103,no_addition,False,0.0,0.7142857142857143,0.0,0.7142857142857143,0.0,0.0,0.0,0.0,0.0,0.0,0.48453188448400963,0.3036894266573445,0.24040021754476024,0.2155240167651502,wait:0.260084
4,104:0,104,no_addition,False,0.0,0.6,0.0,0.6,0.0,0.2,0.0,0.0,0.0,0.0,0.4805291116972771,0.3077848861998414,0.24182705034992438,0.23078281507580556,wait:0.263592
4,106:0,106,no_addition,False,0.0,0.4,0.0,0.4,0.0,0.0,0.0,0.0,0.0,0.0,0.6038869960114561,0.39577465450103894,0.16466671110779404,0.14833489717176315,wait:0.338947
4,107:0,107,no_addition,False,0.0,0.5,0.0,0.5,0.0,0.0,0.0,0.0,0.0,1.0,0.5601272085917144,0.36248204688665864,0.11188658600935725,0.18280537982247128,wait:0.310435
4,108:0,108,no_addition,False,0.0,0.5,0.0,0.5,0.0,0.0,0.0,0.0,0.0,0.0,0.712589369414454,0.5801760444086993,0.13671870609908326,0.2863078493845299,wait:0.496872
4,111:0,111,no_addition,False,0.0,0.5,0.0,0.5,0.0,0.16666666666666666,0.0,0.0,0.0,1.0,0.6296869035044703,0.4342476727659266,0.11558516615917062,0.13854390177043585,wait:0.371896
4,112:0,112,no_addition,False,0.0,0.3333333333333333,0.0,0.3333333333333333,0.0,0.0,0.0,0.0,0.0,0.0,0.7348930726439825,0.5747899891492501,0.10878586675424282,0.177928450399526,wait:0.492259
4,113:0,113,no_addition,False,0.0,0.5,0.0,0.5,0.0,0.0,0.0,0.0,0.0,0.0,0.36884265054638277,0.5871883438705638,0.20774743918817895,0.13637332495703794,wait:0.502877
4,117:0,117,no_addition,False,0.0,0.2,0.0,0.2,0.0,0.0,0.0,0.0,0.0,0.0,0.5762276374207189,0.31861268573099333,0.26177083556612213,0.27837894745424074,wait:0.307654
4,118:0,118,no_addition,False,0.0,0.5,0.0,0.5,0.0,0.125,0.0,1.0,0.0,1.0,0.7419538127860572,0.35184948045117287,0.22127615320016214,0.15699976089188103,wait:0.301329
5,0:0,0,no_addition,False,0.0,0.5,0.0,0.5,0.0,0.0,0.0,0.0,0.0,0.0,0.6849269699863758,0.5877091393923862,0.1483707952442035,0.24829172501548516,wait:0.000000
5,5:0,5,no_addition,False,0.0,0.42857142857142855,0.0,0.42857142857142855,0.0,0.0,0.0,0.0,0.0,1.0,0.46352023428589695,0.24229559868353484,0.1609773507552331,0.2762353321047048,wait:0.000000;e:-0.058091
5,7:0,7,no_addition,False,0.0,0.8,0.0,0.8,0.0,0.0,0.0,1.0,0.0,0.0,0.6195015022100783,0.6347648303406799,0.2039393136927115,0.17646657845924943,wait:0.000000
5,8:0,8,no_addition,False,0.0,0.4444444444444444,0.0,0.4444444444444444,0.0,0.0,0.0,0.0,0.0,0.0,0.42224487806266675,0.31676733048151573,0.09743626015620943,0.29800955114466887,wait:0.000000;e:-0.012816
5,11:0,11,no_addition,False,0.0,0.3333333333333333,0.0,0.3333333333333333,0.0,0.0,0.0,0.0,0.0,1.0,0.657146533296191,0.34031343863475266,0.11254230858288973,0.1443607782541898,wait:0.000000
5,12:0,12,no_addition,False,0.0,0.3333333333333333,0.0,0.3333333333333333,0.0,0.0,0.0,0.0,0.0,1.0,0.7437817987812785,0.4367494471562968,0.2378376446886984,0.29056591917335395,wait:0.000000
5,15:0,15,no_addition,False,0.0,0.7142857142857143,0.0,0.7142857142857143,0.0,0.14285714285714285,0.0,0.0,0.0,0.0,0.5815402376273211,0.3651732285065892,0.12013139547880683,0.316159910264306,wait:0.312740
5,17:0,17,no_addition,False,0.0,0.25,0.0,0.25,0.0,0.0,0.0,0.0,0.0,0.0,0.5319935126913222,0.5734977925998279,0.253902026142052,0.2922267823356722,wait:0.000000
5,20:0,20,no_addition,False,0.0,0.16666666666666666,0.0,0.16666666666666666,0.0,0.0,0.0,0.0,0.0,0.0,0.6195092762977208,0.4718195611743685,0.1422286741409436,0.3313690644133946,wait:0.000000
5,21:0,21,no_addition,False,0.0,0.2857142857142857,0.0,0.2857142857142857,0.0,0.0,0.0,0.0,0.0,1.0,0.5103334540765462,0.3888658766492516,0.2492249358685547,0.15344728938245836,wait:0.295372
5,22:0,22,no_addition,False,0.0,0.6666666666666666,0.0,0.6666666666666666,0.0,0.0,0.0,1.0,0.0,0.0,0.5249099051021684,0.535445661904109,0.1072317536866028,0.334745001505826,wait:0.000000
5,24:0,24,no_addition,False,0.0,0.5714285714285714,0.0,0.5714285714285714,0.0,0.0,0.0,0.0,0.0,1.0,0.6684423983588719,0.48021565521542475,0.26239716001572394,0.32668747303746076,wait:0.364758
5,27:0,27,no_addition,False,0.0,0.6,0.0,0.6,0.0,0.0,0.0,0.0,0.0,0.0,0.6925893067107659,0.6392206064589001,0.15779028109324086,0.32424603605405644,wait:0.000000
5,30:0,30,no_addition,False,0.0,0.6666666666666666,0.0,0.6666666666666666,0.0,0.0,0.0,0.0,0.0,0.0,0.6113152525564187,0.48946698833342217,0.10568988529152609,0.25727825491474726,wait:0.371785
5,31:0,31,no_addition,False,0.0,0.6,0.0,0.6,0.0,0.0,0.0,0.0,0.0,3.0,0.639231730984955,0.4889030526499364,0.15877040446700252,0.17103129757482588,wait:0.371357
5,35:0,35,no_addition,False,0.0,0.5,0.0,0.5,0.0,0.0,0.0,0.0,0.0,1.0,0.5686148129675394,0.3427762288136687,0.11359345932382238,0.15461458637617745,wait:0.260363
5,37:0,37,no_addition,False,0.0,0.7142857142857143,0.0,0.7142857142857143,0.0,0.0,0.0,0.0,0.0,0.0,0.6566398133866089,0.6048095714434447,0.23900283811741982,0.169081522791681,wait:0.459396
5,39:0,39,no_addition,False,0.0,0.6363636363636364,0.0,0.6363636363636364,0.0,0.0,0.0,0.0,0.0,0.0,0.4294577007052264,0.45942743266519215,0.11278642516549683,0.27424672088340557,wait:0.348968
5,42:0,42,no_addition,False,0.0,0.42857142857142855,0.0,0.42857142857142855,0.0,0.0,0.0,0.0,0.0,0.0,0.3646625997759556,0.43924046267399164,0.20447239480110982,0.15069841723785316,wait:0.000000
5,45:0,45,no_addition,False,0.0,0.2857142857142857,0.0,0.2857142857142857,0.0,0.0,0.0,0.0,0.0,3.0,0.6827854347063236,0.3852669052353172,0.2439703896260991,0.1566240713188832,wait:0.292638
5,46:0,46,no_addition,False,0.0,0.3333333333333333,0.0,0.3333333333333333,0.0,0.0,0.0,1.0,0.0,2.0,0.46247147996441473,0.6009132961498703,0.18523664050489752,0.1452971743284645,wait:0.000000
5,49:0,49,no_addition,False,0.0,0.5714285714285714,0.0,0.5714285714285714,0.0,0.0,0.0,0.0,0.0,0.0,0.5412220236875722,0.6085239383184402,0.20702198292046725,0.31451440423564553,wait:0.000000
5,50:0,50,no_addition,False,0.0,0.25,0.0,0.25,0.0,0.0,0.0,0.0,0.0,1.0,0.3887471694008641,0.2589564009886236,0.2088022698026999,0.20179695507482895,wait:0.196696
5,52:0,52,no_addition,False,0.0,0.5,0.0,0.5,0.0,0.0,0.0,0.0,0.0,0.0,0.6875190938505968,0.424566771177051,0.2476619091839592,0.21057384948310753,wait:0.322489
5,54:0,54,no_addition,False,0.0,0.42857142857142855,0.0,0.42857142857142855,0.0,0.0,0.0,0.0,0.0,0.0,0.36049733782908744,0.5523253568294493,0.25533682668695057,0.31197231544000925,wait:0.419531
5,57:0,57,no_addition,False,0.0,0.42857142857142855,0.0,0.42857142857142855,0.0,0.0,0.0,0.0,0.0,1.0,0.4174812585006399,0.4798806102151039,0.11110206952865519,0.15675718115557236,wait:0.364504
5,58:0,58,no_addition,False,0.0,0.5,0.0,0.5,0.0,0.0,0.0,0.0,0.0,1.0,0.6198457129212576,0.4061195582818231,0.24863939297565013,0.18479528547532514,wait:0.308477
5,59:0,59,no_addition,False,0.0,0.6666666666666666,0.0,0.6666666666666666,0.0,0.0,0.0,0.0,0.0,0.0,0.7002922637422113,0.5074985384558233,0.23509445490004036,0.3489812917791022,wait:0.385482
5,60:0,60,no_addition,False,0.0,0.5,0.0,0.5,0.0,0.0,0.0,0.0,0.0,0.0,0.5845134400782842,0.6274568073919631,0.21802528225456477,0.20091547943591287,wait:0.476599
5,61:0,61,no_addition,False,0.0,0.2,0.0,0.2,0.0,0.0,0.0,0.0,0.0,1.0,0.40466418061386694,0.38507783340794255,0.2012198617440855,0.32940974207994117,wait:0.292494
5,62:0,62,no_addition,False,0.0,0.25,0.0,0.25,0.0,0.0,0.0,0.0,0.0,0.0,0.7237425411252645,0.62163411087903,0.18924605477548054,0.15099003120916632,wait:0.472176
5,68:0,68,no_addition,False,0.0,0.7142857142857143,0.0,0.7142857142857143,0.0,0.0,0.0,0.0,0.0,0.0,0.4856375652076465,0.39336260514379606,0.26128882804747644,0.24656209330425116,wait:0.298787
5,69:0,69,no_addition,False,0.0,0.5,0.0,0.5,0.0,0.0,0.0,0.0,0.0,1.0,0.6022842267235775,0.3516517243279334,0.12522009883263424,0.2258892210407437,wait:0.267105
5,70:0,70,no_addition,False,0.0,0.42857142857142855,0.0,0.42857142857142855,0.0,0.0,0.0,0.0,0.0,0.0,0.7250418326056267,0.49302427799958903,0.2066890976646894,0.23591067958221631,wait:0.374487
5,71:0,71,no_addition,False,0.0,0.4,0.0,0.4,0.0,0.0,0.0,0.0,0.0,1.0,0.6224433221045399,0.4702137545837226,0.1538948840429757,0.21158836775429682,wait:0.357161
5,73:0,73,no_addition,False,0.0,0.4,0.0,0.4,0.0,0.0,0.0,1.0,0.0,1.0,0.40420682498105226,0.38802002161282706,0.10135193454551357,0.19671267712248658,wait:0.294729
5,75:0,75,no_addition,False,0.0,0.5384615384615384,0.0,0.5384615384615384,0.0,0.0,0.0,0.0,0.0,2.0,0.4230941969831738,0.4374199876305449,0.14526836109731428,0.18920133546264614,wait:0.332252
5,76:0,76,no_addition,False,0.0,0.6,0.0,0.6,0.0,0.0,0.0,0.0,0.0,1.0,0.4607091825541645,0.32035163891623825,0.2483673802320229,0.32360520450328145,wait:0.274354
5,77:0,77,no_addition,False,0.0,0.5,0.0,0.5,0.0,0.0,0.0,0.0,0.0,2.0,0.7057895980559208,0.43342780159193867,0.1774995824071297,0.30633345241277266,wait:0.329220
5,78:0,78,no_addition,False,0.0,1.0,0.0,1.0,0.0,0.0,0.0,0.0,0.0,0.0,0.6649527470465615,0.2708445688219129,0.19539182057908258,0.29861140438222444,wait:0.000000;e:-0.054763
5,79:0,79,no_addition,False,0.0,0.5714285714285714,0.0,0.5714285714285714,0.0,0.0,0.0,0.0,0.0,0.0,0.6554007144387883,0.3386993507256493,0.11701546148724276,0.20242412344536678,wait:0.257267
5,82:0,82,no_addition,False,0.0,0.5,0.0,0.5,0.0,0.0,0.0,0.0,0.0,2.0,0.7286328395366878,0.30899350701084366,0.15698912011979346,0.13684595359702834,wait:0.234703
5,83:0,83,no_addition,False,0.0,0.625,0.0,0.625,0.0,0.0,0.0,0.0,0.0,0.0,0.6992496307348407,0.3248307718207073,0.26025238770990045,0.17647397834593978,wait:0.246732
5,85:0,85,no_addition,False,0.0,0.5,0.0,0.5,0.0,0.0,0.0,0.0,0.0,1.0,0.7153815322741996,0.5007828718077101,0.16364315346228214,0.20300679024967463,wait:0.380381
5,88:0,88,no_addition,False,0.0,0.5833333333333334,0.0,0.5833333333333334,0.0,0.08333333333333333,0.0,1.0,0.0,1.0,0.7163316377708322,0.5971793741561687,0.09809896900767885,0.2231573253674887,wait:0.453601
5,89:0,89,no_addition,False,0.0,0.3333333333333333,0.0,0.3333333333333333,0.0,0.0,0.0,0.0,0.0,0.0,0.6654086354683044,0.32308926941883376,0.17411602439694465,0.2642643565437737,wait:0.245410
5,90:0,90,no_addition,False,0.0,0.36363636363636365,0.0,0.36363636363636365,0.0,0.0,0.0,0.0,0.0,0.0,0.5496088598221989,0.5230713273300622,0.13492759998526915,0.31961274084512153,wait:0.397310
5,91:0,91,no_addition,False,0.0,0.375,0.0,0.375,0.0,0.0,0.0,1.0,0.0,1.0,0.4008685735824922,0.46100019397795733,0.22139914132820376,0.15265177889932466,wait:0.350163
5,92:0,92,no_addition,False,0.0,0.4,0.0,0.4,0.0,0.0,0.0,0.0,0.0,2.0,0.5836859411228719,0.4434995101884426,0.18240288524889472,0.1976131365278096,wait:0.336870
5,99:0,99,no_addition,False,0.0,0.3333333333333333,0.0,0.3333333333333333,0.0,0.0,0.0,0.0,0.0,1.0,0.595919754635573,0.2727946717980438,0.2567075269935262,0.3393822854596746,wait:0.000000;e:-0.093779
5,100:0,100,no_addition,False,0.0,0.42857142857142855,0.0,0.42857142857142855,0.0,0.0,0.0,0.0,0.0,1.0,0.7169641560585482,0.42235496272623263,0.23232263065211484,0.16968308691671216,wait:0.320809
5,101:0,101,no_addition,False,0.0,0.4444444444444444,0.0,0.4444444444444444,0.0,0.0,0.0,0.0,0.0,0.0,0.6310976055605848,0.36314160703095977,0.24047447859475,0.23311784768358892,wait:0.275832
5,103:0,103,no_addition,False,0.0,0.5714285714285714,0.0,0.5714285714285714,0.0,0.0,0.0,0.0,0.0,1.0,0.48453188448400963,0.27332048399161,0.24040021754476024,0.22270815065732186,wait:0.207607
5,104:0,104,no_addition,False,0.0,0.4,0.0,0.4,0.0,0.0,0.0,0.0,0.0,1.0,0.4805291116972771,0.27700639757985723,0.24182705034992438,0.2412729430337967,wait:0.210406
5,106:0,106,no_addition,False,0.0,0.4,0.0,0.4,0.0,0.0,0.0,0.0,0.0,0.0,0.6038869960114561,0.39577465450103894,0.16466671110779404,0.14833489717176315,wait:0.300619
5,107:0,107,no_addition,False,0.0,0.4,0.0,0.4,0.0,0.0,0.0,0.0,0.0,2.0,0.5601272085917144,0.3423441553929554,0.11188658600935725,0.18686772159630397,wait:0.260035
5,108:0,108,no_addition,False,0.0,0.5,0.0,0.5,0.0,0.0,0.0,0.0,0.0,0.0,0.712589369414454,0.5801760444086993,0.13671870609908326,0.2863078493845299,wait:0.440686
5,111:0,111,no_addition,False,0.0,0.5,0.0,0.5,0.0,0.0,0.0,0.0,0.0,1.0,0.6296869035044703,0.4342476727659266,0.11558516615917062,0.13854390177043585,wait:0.329842
5,112:0,112,no_addition,False,0.0,0.3333333333333333,0.0,0.3333333333333333,0.0,0.0,0.0,0.0,0.0,0.0,0.7348930726439825,0.5747899891492501,0.10878586675424282,0.177928450399526,wait:0.436594
5,113:0,113,no_addition,False,0.0,0.5,0.0,0.5,0.0,0.0,0.0,0.0,0.0,0.0,0.36884265054638277,0.5871883438705638,0.20774743918817895,0.13637332495703794,wait:0.446012
5,117:0,117,no_addition,False,0.0,0.4,0.0,0.4,0.0,0.2,0.0,0.0,0.0,0.0,0.5762276374207189,0.31861268573099333,0.26177083556612213,0.26677982464364736,wait:0.272865
5,118:0,118,no_addition,False,0.0,0.5,0.0,0.5,0.0,0.0,0.0,1.0,0.0,1.0,0.7419538127860572,0.35184948045117287,0.22127615320016214,0.15699976089188103,wait:0.267255
6,0:0,0,no_addition,False,0.0,0.375,0.0,0.375,0.0,0.0,0.0,0.0,0.0,1.0,0.6849269699863758,0.5289382254531476,0.1483707952442035,0.2551887173770264,wait:0.000000
6,5:0,5,no_addition,False,0.0,0.42857142857142855,0.0,0.42857142857142855,0.0,0.0,0.0,0.0,0.0,1.0,0.46352023428589695,0.24229559868353484,0.1609773507552331,0.2762353321047048,wait:0.000000;e:-0.058091
6,7:0,7,no_addition,False,0.0,0.6,0.0,0.6,0.0,0.0,0.0,2.0,0.0,1.0,0.6195015022100783,0.6072301787548418,0.2039393136927115,0.18486974886207083,wait:0.000000
6,8:0,8,no_addition,False,0.0,0.4444444444444444,0.0,0.4444444444444444,0.0,0.0,0.0,0.0,0.0,0.0,0.42224487806266675,0.31676733048151573,0.09743626015620943,0.29800955114466887,wait:0.000000;e:-0.012816
6,11:0,11,no_addition,False,0.0,0.3333333333333333,0.0,0.3333333333333333,0.0,0.0,0.0,0.0,0.0,1.0,0.657146533296191,0.34031343863475266,0.11254230858288973,0.1443607782541898,wait:0.000000
6,12:0,12,no_addition,False,0.0,0.3333333333333333,0.0,0.3333333333333333,0.0,0.0,0.0,0.0,0.0,1.0,0.7437817987812785,0.4367494471562968,0.2378376446886984,0.29056591917335395,wait:0.000000
6,15:0,15,no_addition,False,0.0,0.7142857142857143,0.0,0.7142857142857143,0.0,0.14285714285714285,0.0,0.0,0.0,0.0,0.5815402376273211,0.3651732285065892,0.12013139547880683,0.316159910264306,wait:0.277375
6,17:0,17,no_addition,False,0.0,0.25,0.0,0.25,0.0,0.0,0.0,0.0,0.0,0.0,0.5319935126913222,0.5734977925998279,0.253902026142052,0.2922267823356722,wait:0.000000
6,20:0,20,no_addition,False,0.0,0.16666666666666666,0.0,0.16666666666666666,0.0,0.0,0.0,0.0,0.0,0.0,0.6195092762977208,0.4718195611743685,0.1422286741409436,0.3313690644133946,wait:0.000000
6,22:0,22,no_addition,False,0.0,0.6666666666666666,0.0,0.6666666666666666,0.0,0.0,0.0,1.0,0.0,0.0,0.5249099051021684,0.535445661904109,0.1072317536866028,0.334745001505826,wait:0.000000
6,24:0,24,no_addition,False,0.0,0.2857142857142857,0.0,0.2857142857142857,0.0,0.0,0.0,0.0,0.0,3.0,0.6684423983588719,0.4375298191962759,0.26239716001572394,0.34776408420116794,wait:0.294755
6,27:0,27,no_addition,False,0.0,0.6,0.0,0.6,0.0,0.0,0.0,0.0,0.0,0.0,0.6925893067107659,0.6392206064589001,0.15779028109324086,0.32424603605405644,wait:0.000000
6,30:0,30,no_addition,False,0.0,0.5833333333333334,0.0,0.5833333333333334,0.0,0.0,0.0,1.0,0.0,0.0,0.6113152525564187,0.5405202895000799,0.10568988529152609,0.26222591366310777,wait:0.000000
6,31:0,31,no_addition,False,0.0,0.6,0.0,0.6,0.0,0.0,0.0,0.0,0.0,2.0,0.639231730984955,0.5067897496981048,0.15877040446700252,0.17103129757482588,wait:0.000000
6,35:0,35,no_addition,False,0.0,0.5,0.0,0.5,0.0,0.0,0.0,0.0,0.0,1.0,0.5686148129675394,0.3427762288136687,0.11359345932382238,0.15461458637617745,wait:0.000000
6,37:0,37,no_addition,False,0.0,0.5714285714285714,0.0,0.5714285714285714,0.0,0.0,0.0,0.0,0.0,1.0,0.6566398133866089,0.5443286142991002,0.23900283811741982,0.17471757355140372,wait:0.366703
6,39:0,39,no_addition,False,0.0,0.45454545454545453,0.0,0.45454545454545453,0.0,0.0,0.0,0.0,0.0,2.0,0.4294577007052264,0.3905133177654133,0.11278642516549683,0.2856736675868808,wait:0.263081
6,42:0,42,no_addition,False,0.0,0.2857142857142857,0.0,0.2857142857142857,0.0,0.0,0.0,0.0,0.0,1.0,0.3646625997759556,0.39531641640659243,0.20447239480110982,0.15540774277653605,wait:0.000000
6,45:0,45,no_addition,False,0.0,0.2857142857142857,0.0,0.2857142857142857,0.0,0.0,0.0,0.0,0.0,3.0,0.6827854347063236,0.3852669052353172,0.2439703896260991,0.1566240713188832,wait:0.259547
6,46:0,46,no_addition,False,0.0,0.3333333333333333,0.0,0.3333333333333333,0.0,0.0,0.0,1.0,0.0,2.0,0.46247147996441473,0.6009132961498703,0.18523664050489752,0.1452971743284645,wait:0.000000
6,49:0,49,no_addition,False,0.0,0.42857142857142855,0.0,0.42857142857142855,0.0,0.0,0.0,0.0,0.0,1.0,0.5412220236875722,0.5476715444865962,0.20702198292046725,0.32466003017873085,wait:0.000000
6,50:0,50,no_addition,False,0.0,0.125,0.0,0.125,0.0,0.0,0.0,0.0,0.0,2.0,0.3887471694008641,0.2445699342670334,0.2088022698026999,0.20710740126100868,wait:0.164762
6,52:0,52,no_addition,False,0.0,0.5,0.0,0.5,0.0,0.0,0.0,0.0,0.0,0.0,0.6875190938505968,0.424566771177051,0.2476619091839592,0.21057384948310753,wait:0.286022
6,54:0,54,no_addition,False,0.0,0.42857142857142855,0.0,0.42857142857142855,0.0,0.0,0.0,0.0,0.0,0.0,0.36049733782908744,0.5523253568294493,0.25533682668695057,0.31197231544000925,wait:0.372091
6,57:0,57,no_addition,False,0.0,0.2857142857142857,0.0,0.2857142857142857,0.0,0.0,0.0,0.0,0.0,2.0,0.4174812585006399,0.4532205763142648,0.11110206952865519,0.16165584306668399,wait:0.305326
6,58:0,58,no_addition,False,0.0,0.25,0.0,0.25,0.0,0.0,0.0,0.0,0.0,2.0,0.6198457129212576,0.3835573605994996,0.24863939297565013,0.19506169022395428,wait:0.258395
6,59:0,59,no_addition,False,0.0,0.6666666666666666,0.0,0.6666666666666666,0.0,0.0,0.0,0.0,0.0,0.0,0.7002922637422113,0.5074985384558233,0.23509445490004036,0.3489812917791022,wait:0.000000
6,60:0,60,no_addition,False,0.0,0.5,0.0,0.5,0.0,0.0,0.0,0.0,0.0,0.0,0.5845134400782842,0.6274568073919631,0.21802528225456477,0.20091547943591287,wait:0.422705
6,61:0,61,no_addition,False,0.0,0.2,0.0,0.2,0.0,0.0,0.0,0.0,0.0,1.0,0.40466418061386694,0.38507783340794255,0.2012198617440855,0.32940974207994117,wait:0.259419
6,62:0,62,no_addition,False,0.0,0.25,0.0,0.25,0.0,0.0,0.0,0.0,0.0,0.0,0.7237425411252645,0.62163411087903,0.18924605477548054,0.15099003120916632,wait:0.418782
6,68:0,68,no_addition,False,0.0,0.7142857142857143,0.0,0.7142857142857143,0.0,0.0,0.0,0.0,0.0,0.0,0.4856375652076465,0.39336260514379606,0.26128882804747644,0.24656209330425116,wait:0.265001
6,69:0,69,no_addition,False,0.0,0.5,0.0,0.5,0.0,0.0,0.0,0.0,0.0,1.0,0.6022842267235775,0.3516517243279334,0.12522009883263424,0.2258892210407437,wait:0.236901
6,70:0,70,no_addition,False,0.0,0.2857142857142857,0.0,0.2857142857142857,0.0,0.0,0.0,0.0,0.0,1.0,0.7250418326056267,0.4437218501996302,0.2066890976646894,0.2432828883191606,wait:0.298927
6,71:0,71,no_addition,False,0.0,0.4,0.0,0.4,0.0,0.0,0.0,0.0,0.0,1.0,0.6224433221045399,0.4702137545837226,0.1538948840429757,0.21158836775429682,wait:0.316774
6,73:0,73,no_addition,False,0.0,0.4,0.0,0.4,0.0,0.0,0.0,1.0,0.0,1.0,0.40420682498105226,0.38802002161282706,0.10135193454551357,0.19671267712248658,wait:0.261401
6,75:0,75,no_addition,False,0.0,0.5384615384615384,0.0,0.5384615384615384,0.0,0.0,0.0,0.0,0.0,2.0,0.4230941969831738,0.4374199876305449,0.14526836109731428,0.18920133546264614,wait:0.294681
6,76:0,76,no_addition,False,0.0,0.4,0.0,0.4,0.0,0.0,0.0,0.0,0.0,2.0,0.4607091825541645,0.3025543256431139,0.2483673802320229,0.3383145319807033,wait:0.229812
6,77:0,77,no_addition,False,0.0,0.5,0.0,0.5,0.0,0.0,0.0,0.0,0.0,2.0,0.7057895980559208,0.43342780159193867,0.1774995824071297,0.30633345241277266,wait:0.291992
6,78:0,78,no_addition,False,0.0,0.0,0.0,0.0,0.0,0.0,0.0,0.0,0.0,2.0,0.6649527470465615,0.23021788349862593,0.19539182057908258,0.3732642554777805,wait:0.000000;e:-0.165993
6,79:0,79,no_addition,False,0.0,0.42857142857142855,0.0,0.42857142857142855,0.0,0.0,0.0,0.0,0.0,1.0,0.6554007144387883,0.3048294156530843,0.11701546148724276,0.2089539338790883,wait:0.205357
6,82:0,82,no_addition,False,0.0,0.5,0.0,0.5,0.0,0.0,0.0,0.0,0.0,1.0,0.7286328395366878,0.3271695956585403,0.15698912011979346,0.13684595359702834,wait:0.220408
6,83:0,83,no_addition,False,0.0,0.5,0.0,0.5,0.0,0.0,0.0,1.0,0.0,0.0,0.6992496307348407,0.3923476946386365,0.26025238770990045,0.18151609201296662,wait:0.264317
6,85:0,85,no_addition,False,0.0,0.5,0.0,0.5,0.0,0.0,0.0,0.0,0.0,1.0,0.7153815322741996,0.5007828718077101,0.16364315346228214,0.20300679024967463,wait:0.337367
6,88:0,88,no_addition,False,0.0,0.5,0.0,0.5,0.0,0.08333333333333333,0.0,1.0,0.0,2.0,0.7163316377708322,0.5637495138918334,0.09809896900767885,0.2273678409404602,wait:0.379787
6,89:0,89,no_addition,False,0.0,0.3333333333333333,0.0,0.3333333333333333,0.0,0.0,0.0,0.0,0.0,0.0,0.6654086354683044,0.32308926941883376,0.17411602439694465,0.2642643565437737,wait:0.217659
6,90:0,90,no_addition,False,0.0,0.18181818181818182,0.0,0.18181818181818182,0.0,0.0,0.0,0.0,0.0,2.0,0.5496088598221989,0.44461062823055286,0.13492759998526915,0.33214657381944007,wait:0.299525
6,91:0,91,no_addition,False,0.0,0.25,0.0,0.25,0.0,0.0,0.0,1.0,0.0,1.0,0.4008685735824922,0.46100019397795733,0.22139914132820376,0.15677750265336043,wait:0.310567
6,92:0,92,no_addition,False,0.0,0.4,0.0,0.4,0.0,0.0,0.0,0.0,0.0,2.0,0.5836859411228719,0.4434995101884426,0.18240288524889472,0.1976131365278096,wait:0.298777
6,99:0,99,no_addition,False,0.0,0.3333333333333333,0.0,0.3333333333333333,0.0,0.0,0.0,0.0,0.0,0.0,0.595919754635573,0.3031051908867153,0.2567075269935262,0.3393822854596746,wait:0.000000;e:-0.066489
6,100:0,100,no_addition,False,0.0,0.42857142857142855,0.0,0.42857142857142855,0.0,0.0,0.0,0.0,0.0,1.0,0.7169641560585482,0.42235496272623263,0.23232263065211484,0.16968308691671216,wait:0.284532
6,101:0,101,no_addition,False,0.0,0.4444444444444444,0.0,0.4444444444444444,0.0,0.0,0.0,0.0,0.0,0.0,0.6310976055605848,0.36314160703095977,0.24047447859475,0.23311784768358892,wait:0.244641
6,103:0,103,no_addition,False,0.0,0.5714285714285714,0.0,0.5714285714285714,0.0,0.0,0.0,0.0,0.0,1.0,0.48453188448400963,0.27332048399161,0.24040021754476024,0.22270815065732186,wait:0.184131
6,104:0,104,no_addition,False,0.0,0.4,0.0,0.4,0.0,0.0,0.0,0.0,0.0,1.0,0.4805291116972771,0.27700639757985723,0.24182705034992438,0.2412729430337967,wait:0.186614
6,106:0,106,no_addition,False,0.0,0.4,0.0,0.4,0.0,0.0,0.0,0.0,0.0,0.0,0.6038869960114561,0.39577465450103894,0.16466671110779404,0.14833489717176315,wait:0.266625
6,107:0,107,no_addition,False,0.0,0.2,0.0,0.2,0.0,0.0,0.0,0.0,0.0,3.0,0.5601272085917144,0.3302614204967334,0.11188658600935725,0.19499240514396934,wait:0.222491
6,108:0,108,no_addition,False,0.0,0.4166666666666667,0.0,0.4166666666666667,0.0,0.0,0.0,0.0,0.0,1.0,0.712589369414454,0.5221584399678294,0.13671870609908326,0.29160984659535455,wait:0.351768
6,111:0,111,no_addition,False,0.0,0.5,0.0,0.5,0.0,0.0,0.0,0.0,0.0,1.0,0.6296869035044703,0.4342476727659266,0.11558516615917062,0.13854390177043585,wait:0.292544
6,112:0,112,no_addition,False,0.0,0.3333333333333333,0.0,0.3333333333333333,0.0,0.0,0.0,0.0,0.0,0.0,0.7348930726439825,0.5747899891492501,0.10878586675424282,0.177928450399526,wait:0.387225
6,113:0,113,no_addition,False,0.0,0.5,0.0,0.5,0.0,0.0,0.0,0.0,0.0,0.0,0.36884265054638277,0.5871883438705638,0.20774743918817895,0.13637332495703794,wait:0.395577
6,117:0,117,no_addition,False,0.0,0.4,0.0,0.4,0.0,0.2,0.0,0.0,0.0,0.0,0.5762276374207189,0.31861268573099333,0.26177083556612213,0.26677982464364736,wait:0.242009
6,118:0,118,no_addition,False,0.0,0.25,0.0,0.25,0.0,0.0,0.0,1.0,0.0,3.0,0.7419538127860572,0.3105642168952215,0.22127615320016214,0.16572196983031887,wait:0.209221
7,0:0,0,no_addition,False,0.0,0.375,0.0,0.375,0.0,0.0,0.0,0.0,0.0,1.0,0.6849269699863758,0.5289382254531476,0.1483707952442035,0.2551887173770264,wait:0.000000
7,5:0,5,no_addition,False,0.0,0.42857142857142855,0.0,0.42857142857142855,0.0,0.0,0.0,0.0,0.0,1.0,0.46352023428589695,0.24229559868353484,0.1609773507552331,0.2762353321047048,wait:0.000000;e:-0.058091
7,7:0,7,no_addition,False,0.0,0.6,0.0,0.6,0.0,0.0,0.0,2.0,0.0,1.0,0.6195015022100783,0.6072301787548418,0.2039393136927115,0.18486974886207083,wait:0.000000
7,8:0,8,no_addition,False,0.0,0.4444444444444444,0.0,0.4444444444444444,0.0,0.0,0.0,0.0,0.0,0.0,0.42224487806266675,0.31676733048151573,0.09743626015620943,0.29800955114466887,wait:0.000000;e:-0.012816
7,11:0,11,no_addition,False,0.0,0.3333333333333333,0.0,0.3333333333333333,0.0,0.0,0.0,0.0,0.0,1.0,0.657146533296191,0.34031343863475266,0.11254230858288973,0.1443607782541898,wait:0.000000
7,12:0,12,no_addition,False,0.0,0.16666666666666666,0.0,0.16666666666666666,0.0,0.0,0.0,0.0,0.0,2.0,0.7437817987812785,0.41248558898094695,0.2378376446886984,0.3009432734295452,wait:0.000000
7,15:0,15,no_addition,False,0.0,0.5714285714285714,0.0,0.5714285714285714,0.0,0.14285714285714285,0.0,0.0,0.0,1.0,0.5815402376273211,0.3286559056559303,0.12013139547880683,0.32669857393978285,wait:0.221409
7,17:0,17,no_addition,False,0.0,0.25,0.0,0.25,0.0,0.0,0.0,0.0,0.0,0.0,0.5319935126913222,0.5734977925998279,0.253902026142052,0.2922267823356722,wait:0.000000
7,20:0,20,no_addition,False,0.0,0.16666666666666666,0.0,0.16666666666666666,0.0,0.0,0.0,0.0,0.0,0.0,0.6195092762977208,0.4718195611743685,0.1422286741409436,0.3313690644133946,wait:0.000000
7,22:0,22,no_addition,False,0.0,0.6666666666666666,0.0,0.6666666666666666,0.0,0.0,0.0,0.0,0.0,0.0,0.5249099051021684,0.48382851322678777,0.1072317536866028,0.334745001505826,wait:0.000000
7,24:0,24,no_addition,False,0.0,0.2857142857142857,0.0,0.2857142857142857,0.0,0.0,0.0,0.0,0.0,3.0,0.6684423983588719,0.4375298191962759,0.26239716001572394,0.34776408420116794,wait:0.000000
7,27:0,27,no_addition,False,0.0,0.6,0.0,0.6,0.0,0.0,0.0,0.0,0.0,0.0,0.6925893067107659,0.6392206064589001,0.15779028109324086,0.32424603605405644,wait:0.000000
7,30:0,30,no_addition,False,0.0,0.4166666666666667,0.0,0.4166666666666667,0.0,0.0,0.0,1.0,0.0,2.0,0.6113152525564187,0.46136293043340615,0.10568988529152609,0.2721212311598288,wait:0.000000
7,31:0,31,no_addition,False,0.0,0.5,0.0,0.5,0.0,0.0,0.0,0.0,0.0,2.0,0.639231730984955,0.5067897496981048,0.15877040446700252,0.1749183725197083,wait:0.000000
7,35:0,35,no_addition,False,0.0,0.5,0.0,0.5,0.0,0.0,0.0,0.0,0.0,0.0,0.5686148129675394,0.3808624764596319,0.11359345932382238,0.15461458637617745,wait:0.000000
7,37:0,37,no_addition,False,0.0,0.5714285714285714,0.0,0.5714285714285714,0.0,0.0,0.0,0.0,0.0,1.0,0.6566398133866089,0.5443286142991002,0.23900283811741982,0.17471757355140372,wait:0.325237
7,39:0,39,no_addition,False,0.0,0.45454545454545453,0.0,0.45454545454545453,0.0,0.0,0.0,0.0,0.0,2.0,0.4294577007052264,0.3905133177654133,0.11278642516549683,0.2856736675868808,wait:0.000000
7,42:0,42,no_addition,False,0.0,0.2857142857142857,0.0,0.2857142857142857,0.0,0.0,0.0,0.0,0.0,1.0,0.3646625997759556,0.39531641640659243,0.20447239480110982,0.15540774277653605,wait:0.000000
7,45:0,45,no_addition,False,0.0,0.2857142857142857,0.0,0.2857142857142857,0.0,0.0,0.0,0.0,0.0,2.0,0.6827854347063236,0.3993620359146581,0.2439703896260991,0.1566240713188832,wait:0.238619
7,46:0,46,no_addition,False,0.0,0.3333333333333333,0.0,0.3333333333333333,0.0,0.0,0.0,0.0,0.0,1.0,0.46247147996441473,0.5936853250425407,0.18523664050489752,0.1452971743284645,wait:0.000000
7,49:0,49,no_addition,False,0.0,0.42857142857142855,0.0,0.42857142857142855,0.0,0.0,0.0,0.0,0.0,1.0,0.5412220236875722,0.5476715444865962,0.20702198292046725,0.32466003017873085,wait:0.000000
7,50:0,50,no_addition,False,0.0,0.125,0.0,0.125,0.0,0.0,0.0,0.0,0.0,2.0,0.3887471694008641,0.2445699342670334,0.2088022698026999,0.20710740126100868,wait:0.146131
7,52:0,52,no_addition,False,0.0,0.5,0.0,0.5,0.0,0.0,0.0,0.0,0.0,0.0,0.6875190938505968,0.424566771177051,0.2476619091839592,0.21057384948310753,wait:0.000000
7,54:0,54,no_addition,False,0.0,0.42857142857142855,0.0,0.42857142857142855,0.0,0.0,0.0,0.0,0.0,0.0,0.36049733782908744,0.5523253568294493,0.25533682668695057,0.31197231544000925,wait:0.000000
7,57:0,57,no_addition,False,0.0,0.14285714285714285,0.0,0.14285714285714285,0.0,0.0,0.0,0.0,0.0,3.0,0.4174812585006399,0.4372245559737613,0.11110206952865519,0.16655450497779564,wait:0.261242
7,58:0,58,no_addition,False,0.0,0.25,0.0,0.25,0.0,0.0,0.0,0.0,0.0,1.0,0.6198457129212576,0.4061195582818231,0.24863939297565013,0.19506169022395428,wait:0.242657
7,59:0,59,no_addition,False,0.0,0.5,0.0,0.5,0.0,0.0,0.0,0.0,0.0,1.0,0.7002922637422113,0.45674868461024093,0.23509445490004036,0.3624036491552215,wait:0.000000
7,60:0,60,no_addition,False,0.0,0.5,0.0,0.5,0.0,0.0,0.0,0.0,0.0,0.0,0.5845134400782842,0.6274568073919631,0.21802528225456477,0.20091547943591287,wait:0.000000
7,61:0,61,no_addition,False,0.0,0.2,0.0,0.2,0.0,0.0,0.0,0.0,0.0,1.0,0.40466418061386694,0.38507783340794255,0.2012198617440855,0.32940974207994117,wait:0.230084
7,62:0,62,no_addition,False,0.0,0.25,0.0,0.25,0.0,0.0,0.0,0.0,0.0,0.0,0.7237425411252645,0.62163411087903,0.18924605477548054,0.15099003120916632,wait:0.371427
7,68:0,68,no_addition,False,0.0,0.5714285714285714,0.0,0.5714285714285714,0.0,0.0,0.0,0.0,0.0,1.0,0.4856375652076465,0.35402634462941646,0.26128882804747644,0.2547808297477262,wait:0.211531
7,69:0,69,no_addition,False,0.0,0.25,0.0,0.25,0.0,0.0,0.0,0.0,0.0,2.0,0.6022842267235775,0.33211551742082596,0.12522009883263424,0.23843862220967388,wait:0.198439
7,70:0,70,no_addition,False,0.0,0.2857142857142857,0.0,0.2857142857142857,0.0,0.0,0.0,0.0,0.0,1.0,0.7250418326056267,0.4437218501996302,0.2066890976646894,0.2432828883191606,wait:0.265124
7,71:0,71,no_addition,False,0.0,0.4,0.0,0.4,0.0,0.0,0.0,0.0,0.0,0.0,0.6224433221045399,0.5224597273152474,0.1538948840429757,0.21158836775429682,wait:0.312170
7,73:0,73,no_addition,False,0.0,0.4,0.0,0.4,0.0,0.0,0.0,0.0,0.0,0.0,0.40420682498105226,0.36825884895626715,0.10135193454551357,0.19671267712248658,wait:0.220035
7,75:0,75,no_addition,False,0.0,0.46153846153846156,0.0,0.46153846153846156,0.0,0.0,0.0,0.0,0.0,2.0,0.4230941969831738,0.4374199876305449,0.14526836109731428,0.19246342745338144,wait:0.261359
7,76:0,76,no_addition,False,0.0,0.2,0.0,0.2,0.0,0.0,0.0,0.0,0.0,3.0,0.4607091825541645,0.2918759376792393,0.2483673802320229,0.35302385945812526,wait:0.196631
7,77:0,77,no_addition,False,0.0,0.5,0.0,0.5,0.0,0.0,0.0,0.0,0.0,1.0,0.7057895980559208,0.4589235546267586,0.1774995824071297,0.30633345241277266,wait:0.274207
7,78:0,78,no_addition,False,0.0,0.0,0.0,0.0,0.0,0.0,0.0,0.0,0.0,2.0,0.6649527470465615,0.23021788349862593,0.19539182057908258,0.3732642554777805,wait:0.000000;e:-0.165993
7,79:0,79,no_addition,False,0.0,0.2857142857142857,0.0,0.2857142857142857,0.0,0.0,0.0,0.0,0.0,2.0,0.6554007144387883,0.28789444811680187,0.11701546148724276,0.2154837443128098,wait:0.172017
7,82:0,82,no_addition,False,0.0,0.375,0.0,0.375,0.0,0.0,0.0,0.0,0.0,1.0,0.7286328395366878,0.3271695956585403,0.15698912011979346,0.14064723008583468,wait:0.195484
7,83:0,83,no_addition,False,0.0,0.375,0.0,0.375,0.0,0.0,0.0,1.0,0.0,1.0,0.6992496307348407,0.3511061560476012,0.26025238770990045,0.18655820567999348,wait:0.209786
7,85:0,85,no_addition,False,0.0,0.5,0.0,0.5,0.0,0.0,0.0,0.0,0.0,1.0,0.7153815322741996,0.5007828718077101,0.16364315346228214,0.20300679024967463,wait:0.299218
7,88:0,88,no_addition,False,0.0,0.5,0.0,0.5,0.0,0.08333333333333333,0.0,1.0,0.0,1.0,0.7163316377708322,0.5971793741561687,0.09809896900767885,0.2273678409404602,wait:0.356815
7,89:0,89,no_addition,False,0.0,0.3333333333333333,0.0,0.3333333333333333,0.0,0.0,0.0,0.0,0.0,0.0,0.6654086354683044,0.32308926941883376,0.17411602439694465,0.2642643565437737,wait:0.193046
7,90:0,90,no_addition,False,0.0,0.0,0.0,0.0,0.0,0.0,0.0,0.0,0.0,4.0,0.5496088598221989,0.4184570618640498,0.13492759998526915,0.34468040679375855,wait:0.250028
7,91:0,91,no_addition,False,0.0,0.125,0.0,0.125,0.0,0.0,0.0,0.0,0.0,2.0,0.4008685735824922,0.3860001939779574,0.22139914132820376,0.16090322640739624,wait:0.230635
7,92:0,92,no_addition,False,0.0,0.4,0.0,0.4,0.0,0.0,0.0,0.0,0.0,1.0,0.5836859411228719,0.4695877166701157,0.18240288524889472,0.1976131365278096,wait:0.280579
7,99:0,99,no_addition,False,0.0,0.16666666666666666,0.0,0.16666666666666666,0.0,0.0,0.0,0.0,0.0,1.0,0.595919754635573,0.2727946717980438,0.2567075269935262,0.3515030813689487,wait:0.000000;e:-0.105899
7,100:0,100,no_addition,False,0.0,0.42857142857142855,0.0,0.42857142857142855,0.0,0.0,0.0,0.0,0.0,1.0,0.7169641560585482,0.42235496272623263,0.23232263065211484,0.16968308691671216,wait:0.252357
7,101:0,101,no_addition,False,0.0,0.4444444444444444,0.0,0.4444444444444444,0.0,0.0,0.0,0.0,0.0,0.0,0.6310976055605848,0.36314160703095977,0.24047447859475,0.23311784768358892,wait:0.216977
7,102:0,102,no_addition,False,0.0,0.6,0.0,0.6,0.0,0.0,0.0,0.0,0.0,0.0,0.701367219239883,0.26701134800970727,0.18771390352718884,0.2998057703520785,wait:0.257828
7,103:0,103,no_addition,False,0.0,0.5714285714285714,0.0,0.5714285714285714,0.0,0.0,0.0,0.0,0.0,1.0,0.48453188448400963,0.27332048399161,0.24040021754476024,0.22270815065732186,wait:0.163309
7,104:0,104,no_addition,False,0.0,0.4,0.0,0.4,0.0,0.0,0.0,0.0,0.0,1.0,0.4805291116972771,0.27700639757985723,0.24182705034992438,0.2412729430337967,wait:0.165511
7,106:0,106,no_addition,False,0.0,0.4,0.0,0.4,0.0,0.0,0.0,0.0,0.0,0.0,0.6038869960114561,0.39577465450103894,0.16466671110779404,0.14833489717176315,wait:0.236476
7,107:0,107,no_addition,False,0.0,0.1,0.0,0.1,0.0,0.0,0.0,0.0,0.0,4.0,0.5601272085917144,0.3222062638992521,0.11188658600935725,0.19905474691780206,wait:0.192518
7,108:0,108,no_addition,False,0.0,0.3333333333333333,0.0,0.3333333333333333,0.0,0.0,0.0,0.0,0.0,2.0,0.712589369414454,0.4931496377473944,0.13671870609908326,0.2969118438061792,wait:0.294657
7,111:0,111,no_addition,False,0.0,0.5,0.0,0.5,0.0,0.0,0.0,0.0,0.0,0.0,0.6296869035044703,0.48249741418436287,0.11558516615917062,0.13854390177043585,wait:0.288292
7,112:0,112,no_addition,False,0.0,0.3333333333333333,0.0,0.3333333333333333,0.0,0.0,0.0,0.0,0.0,0.0,0.7348930726439825,0.5747899891492501,0.10878586675424282,0.177928450399526,wait:0.343437
7,113:0,113,no_addition,False,0.0,0.25,0.0,0.25,0.0,0.0,0.0,0.0,0.0,1.0,0.36884265054638277,0.5284695094835075,0.20774743918817895,0.14394962078798448,wait:0.315761
7,117:0,117,no_addition,False,0.0,0.4,0.0,0.4,0.0,0.2,0.0,0.0,0.0,0.0,0.5762276374207189,0.31861268573099333,0.26177083556612213,0.26677982464364736,wait:0.214643
7,118:0,118,no_addition,False,0.0,0.25,0.0,0.25,0.0,0.0,0.0,0.0,0.0,2.0,0.7419538127860572,0.27684948045117286,0.22127615320016214,0.16572196983031887,wait:0.165418
8,0:0,0,no_addition,False,0.0,0.375,0.0,0.375,0.0,0.0,0.0,0.0,0.0,1.0,0.6849269699863758,0.5289382254531476,0.1483707952442035,0.2551887173770264,wait:0.000000
8,5:0,5,no_addition,False,0.0,0.42857142857142855,0.0,0.42857142857142855,0.0,0.0,0.0,0.0,0.0,0.0,0.46352023428589695,0.26921733187059427,0.1609773507552331,0.2762353321047048,wait:0.000000;e:-0.033852
8,7:0,7,no_addition,False,0.0,0.4,0.0,0.4,0.0,0.0,0.0,2.0,0.0,2.0,0.6195015022100783,0.5753465158583821,0.2039393136927115,0.19327291926489223,wait:0.000000
8,8:0,8,e,False,0.0,0.3333333333333333,0.0,0.3333333333333333,0.0,0.0,0.0,1.0,0.0,0.0,0.42224487806266675,0.38509059743336416,0.09743626015620943,0.30527807678234375,wait:0.000000;e:0.041428
8,11:0,11,no_addition,False,0.0,0.3333333333333333,0.0,0.3333333333333333,0.0,0.0,0.0,0.0,0.0,0.0,0.657146533296191,0.37812604292750296,0.11254230858288973,0.1443607782541898,wait:0.000000
8,12:0,12,no_addition,False,0.0,0.16666666666666666,0.0,0.16666666666666666,0.0,0.0,0.0,0.0,0.0,1.0,0.7437817987812785,0.4367494471562968,0.2378376446886984,0.3009432734295452,wait:0.000000
8,15:0,15,no_addition,False,0.0,0.42857142857142855,0.0,0.42857142857142855,0.0,0.0,0.0,0.0,0.0,2.0,0.5815402376273211,0.31039724423060083,0.12013139547880683,0.33723723761525976,wait:0.185463
8,17:0,17,no_addition,False,0.0,0.0,0.0,0.0,0.0,0.0,0.0,0.0,0.0,1.0,0.5319935126913222,0.5161480133398451,0.253902026142052,0.30760713930070754,wait:0.000000
8,20:0,20,no_addition,False,0.0,0.16666666666666666,0.0,0.16666666666666666,0.0,0.0,0.0,0.0,0.0,0.0,0.6195092762977208,0.4718195611743685,0.1422286741409436,0.3313690644133946,wait:0.000000
8,22:0,22,no_addition,False,0.0,0.6666666666666666,0.0,0.6666666666666666,0.0,0.0,0.0,0.0,0.0,0.0,0.5249099051021684,0.48382851322678777,0.1072317536866028,0.334745001505826,wait:0.000000
8,24:0,24,no_addition,False,0.0,0.2857142857142857,0.0,0.2857142857142857,0.0,0.0,0.0,0.0,0.0,2.0,0.6684423983588719,0.45353700770345673,0.26239716001572394,0.34776408420116794,wait:0.000000
8,27:0,27,no_addition,False,0.0,0.4,0.0,0.4,0.0,0.0,0.0,1.0,0.0,0.0,0.6925893067107659,0.6752985458130101,0.15779028109324086,0.3389844922383317,wait:0.000000
8,30:0,30,no_addition,False,0.0,0.3333333333333333,0.0,0.3333333333333333,0.0,0.0,0.0,2.0,0.0,2.0,0.6113152525564187,0.4915735906667377,0.10568988529152609,0.27706888990818934,wait:0.000000
8,31:0,31,no_addition,False,0.0,0.5,0.0,0.5,0.0,0.0,0.0,0.0,0.0,1.0,0.639231730984955,0.5366009114450521,0.15877040446700252,0.1749183725197083,wait:0.000000
8,35:0,35,no_addition,False,0.0,0.5,0.0,0.5,0.0,0.0,0.0,0.0,0.0,0.0,0.5686148129675394,0.3808624764596319,0.11359345932382238,0.15461458637617745,wait:0.000000
8,39:0,39,no_addition,False,0.0,0.36363636363636365,0.0,0.36363636363636365,0.0,0.0,0.0,0.0,0.0,3.0,0.4294577007052264,0.37673049478545756,0.11278642516549683,0.2913871409386184,wait:0.000000
8,42:0,42,no_addition,False,0.0,0.2857142857142857,0.0,0.2857142857142857,0.0,0.0,0.0,0.0,0.0,1.0,0.3646625997759556,0.39531641640659243,0.20447239480110982,0.15540774277653605,wait:0.000000
8,46:0,46,no_addition,False,0.0,0.2222222222222222,0.0,0.2222222222222222,0.0,0.0,0.0,0.0,0.0,1.0,0.46247147996441473,0.5936853250425407,0.18523664050489752,0.14875663086009464,wait:0.000000
8,49:0,49,no_addition,False,0.0,0.14285714285714285,0.0,0.14285714285714285,0.0,0.0,0.0,1.0,0.0,2.0,0.5412220236875722,0.558989629421121,0.20702198292046725,0.34495128206490155,wait:0.000000
8,50:0,50,no_addition,False,0.0,0.125,0.0,0.125,0.0,0.0,0.0,0.0,0.0,1.0,0.3887471694008641,0.2589564009886236,0.2088022698026999,0.20710740126100868,wait:0.000000
8,52:0,52,no_addition,False,0.0,0.5,0.0,0.5,0.0,0.0,0.0,0.0,0.0,0.0,0.6875190938505968,0.424566771177051,0.2476619091839592,0.21057384948310753,wait:0.000000
8,54:0,54,no_addition,False,0.0,0.42857142857142855,0.0,0.42857142857142855,0.0,0.0,0.0,0.0,0.0,0.0,0.36049733782908744,0.5523253568294493,0.25533682668695057,0.31197231544000925,wait:0.000000
8,57:0,57,no_addition,False,0.0,0.14285714285714285,0.0,0.14285714285714285,0.0,0.0,0.0,0.0,0.0,2.0,0.4174812585006399,0.4532205763142648,0.11110206952865519,0.16655450497779564,wait:0.240178
8,58:0,58,no_addition,False,0.0,0.25,0.0,0.25,0.0,0.0,0.0,0.0,0.0,1.0,0.6198457129212576,0.4061195582818231,0.24863939297565013,0.19506169022395428,wait:0.215217
8,59:0,59,no_addition,False,0.0,0.3333333333333333,0.0,0.3333333333333333,0.0,0.0,0.0,0.0,0.0,2.0,0.7002922637422113,0.43137375768744973,0.23509445490004036,0.37582600653134085,wait:0.000000
8,60:0,60,no_addition,False,0.0,0.5,0.0,0.5,0.0,0.0,0.0,0.0,0.0,0.0,0.5845134400782842,0.6274568073919631,0.21802528225456477,0.20091547943591287,wait:0.000000
8,61:0,61,no_addition,False,0.0,0.2,0.0,0.2,0.0,0.0,0.0,0.0,0.0,0.0,0.40466418061386694,0.42786425934215844,0.2012198617440855,0.32940974207994117,wait:0.226740
8,68:0,68,no_addition,False,0.0,0.42857142857142855,0.0,0.42857142857142855,0.0,0.0,0.0,1.0,0.0,1.0,0.4856375652076465,0.40935821437222664,0.26128882804747644,0.26299956619120124,wait:0.216933
8,69:0,69,no_addition,False,0.0,0.25,0.0,0.25,0.0,0.0,0.0,0.0,0.0,1.0,0.6022842267235775,0.3516517243279334,0.12522009883263424,0.23843862220967388,wait:0.186353
8,70:0,70,no_addition,False,0.0,0.2857142857142857,0.0,0.2857142857142857,0.0,0.0,0.0,0.0,0.0,1.0,0.7250418326056267,0.4437218501996302,0.2066890976646894,0.2432828883191606,wait:0.235144
8,71:0,71,no_addition,False,0.0,0.2,0.0,0.2,0.0,0.0,0.0,1.0,0.0,0.0,0.6224433221045399,0.5702137545837226,0.1538948840429757,0.22078786200448366,wait:0.302177
8,73:0,73,no_addition,False,0.0,0.4,0.0,0.4,0.0,0.0,0.0,0.0,0.0,0.0,0.40420682498105226,0.36825884895626715,0.10135193454551357,0.19671267712248658,wait:0.195153
8,75:0,75,no_addition,False,0.0,0.3076923076923077,0.0,0.3076923076923077,0.0,0.0,0.0,1.0,0.0,2.0,0.4230941969831738,0.48198163512593745,0.14526836109731428,0.198987611434852,wait:0.000000
8,76:0,76,no_addition,False,0.0,0.2,0.0,0.2,0.0,0.0,0.0,0.0,0.0,2.0,0.4607091825541645,0.3025543256431139,0.2483673802320229,0.35302385945812526,wait:0.180776
8,77:0,77,no_addition,False,0.0,0.5,0.0,0.5,0.0,0.0,0.0,0.0,0.0,0.0,0.7057895980559208,0.5099150606963985,0.1774995824071297,0.30633345241277266,wait:0.270222
8,78:0,78,no_addition,False,0.0,0.0,0.0,0.0,0.0,0.0,0.0,0.0,0.0,2.0,0.6649527470465615,0.23021788349862593,0.19539182057908258,0.3732642554777805,wait:0.000000;e:-0.165993
8,79:0,79,no_addition,False,0.0,0.2857142857142857,0.0,0.2857142857142857,0.0,0.0,0.0,0.0,0.0,2.0,0.6554007144387883,0.28789444811680187,0.11701546148724276,0.2154837443128098,wait:0.152565
8,82:0,82,no_addition,False,0.0,0.375,0.0,0.375,0.0,0.0,0.0,0.0,0.0,1.0,0.7286328395366878,0.3271695956585403,0.15698912011979346,0.14064723008583468,wait:0.173379
8,83:0,83,no_addition,False,0.0,0.375,0.0,0.375,0.0,0.0,0.0,1.0,0.0,1.0,0.6992496307348407,0.3511061560476012,0.26025238770990045,0.18655820567999348,wait:0.186064
8,85:0,85,no_addition,False,0.0,0.25,0.0,0.25,0.0,0.0,0.0,0.0,0.0,1.0,0.7153815322741996,0.5007828718077101,0.16364315346228214,0.2142849452635454,wait:0.000000
8,88:0,88,no_addition,False,0.0,0.5,0.0,0.5,0.0,0.0,0.0,0.0,0.0,1.0,0.7163316377708322,0.552895807930061,0.09809896900767885,0.2273678409404602,wait:0.292999
8,89:0,89,no_addition,False,0.0,0.3333333333333333,0.0,0.3333333333333333,0.0,0.0,0.0,0.0,0.0,0.0,0.6654086354683044,0.32308926941883376,0.17411602439694465,0.2642643565437737,wait:0.171216
8,90:0,90,no_addition,False,0.0,0.0,0.0,0.0,0.0,0.0,0.0,0.0,0.0,4.0,0.5496088598221989,0.4184570618640498,0.13492759998526915,0.34468040679375855,wait:0.221755
8,91:0,91,no_addition,False,0.0,0.125,0.0,0.125,0.0,0.0,0.0,0.0,0.0,2.0,0.4008685735824922,0.3860001939779574,0.22139914132820376,0.16090322640739624,wait:0.204555
8,92:0,92,no_addition,False,0.0,0.4,0.0,0.4,0.0,0.0,0.0,0.0,0.0,0.0,0.5836859411228719,0.5217641296334619,0.18240288524889472,0.1976131365278096,wait:0.276501
8,99:0,99,no_addition,False,0.0,0.16666666666666666,0.0,0.16666666666666666,0.0,0.0,0.0,0.0,0.0,1.0,0.595919754635573,0.2727946717980438,0.2567075269935262,0.3515030813689487,wait:0.000000;e:-0.105899
8,100:0,100,no_addition,False,0.0,0.2857142857142857,0.0,0.2857142857142857,0.0,0.0,0.0,0.0,0.0,1.0,0.7169641560585482,0.42235496272623263,0.23232263065211484,0.17498568338285944,wait:0.223821
8,101:0,101,no_addition,False,0.0,0.3333333333333333,0.0,0.3333333333333333,0.0,0.0,0.0,0.0,0.0,1.0,0.6310976055605848,0.3268274463278638,0.24047447859475,0.2388036488466033,wait:0.173197
8,102:0,102,no_addition,False,0.0,0.6,0.0,0.6,0.0,0.0,0.0,0.0,0.0,0.0,0.701367219239883,0.26701134800970727,0.18771390352718884,0.2998057703520785,wait:0.228673
8,103:0,103,no_addition,False,0.0,0.2857142857142857,0.0,0.2857142857142857,0.0,0.0,0.0,1.0,0.0,1.0,0.48453188448400963,0.3331360126587428,0.24040021754476024,0.23707641844166522,wait:0.176541
8,104:0,104,no_addition,False,0.0,0.2,0.0,0.2,0.0,0.0,0.0,1.0,0.0,0.0,0.4805291116972771,0.37700639757985727,0.24182705034992438,0.2517630709917879,wait:0.199789
8,106:0,106,no_addition,False,0.0,0.4,0.0,0.4,0.0,0.0,0.0,0.0,0.0,0.0,0.6038869960114561,0.39577465450103894,0.16466671110779404,0.14833489717176315,wait:0.209735
8,107:0,107,no_addition,False,0.0,0.1,0.0,0.1,0.0,0.0,0.0,0.0,0.0,3.0,0.5601272085917144,0.3302614204967334,0.11188658600935725,0.19905474691780206,wait:0.175017
8,108:0,108,no_addition,False,0.0,0.16666666666666666,0.0,0.16666666666666666,0.0,0.0,0.0,1.0,0.0,3.0,0.712589369414454,0.5141408355269594,0.13671870609908326,0.3075158382278284,wait:0.272461
8,111:0,111,no_addition,False,0.0,0.3333333333333333,0.0,0.3333333333333333,0.0,0.0,0.0,0.0,0.0,1.0,0.6296869035044703,0.4342476727659266,0.11558516615917062,0.1436751573915631,wait:0.230123
8,112:0,112,no_addition,False,0.0,0.3333333333333333,0.0,0.3333333333333333,0.0,0.0,0.0,0.0,0.0,0.0,0.7348930726439825,0.5747899891492501,0.10878586675424282,0.177928450399526,wait:0.304602
8,113:0,113,no_addition,False,0.0,0.25,0.0,0.25,0.0,0.0,0.0,0.0,0.0,1.0,0.36884265054638277,0.5284695094835075,0.20774743918817895,0.14394962078798448,wait:0.280055
8,117:0,117,no_addition,False,0.0,0.4,0.0,0.4,0.0,0.0,0.0,0.0,0.0,0.0,0.5762276374207189,0.31861268573099333,0.26177083556612213,0.26677982464364736,wait:0.190371
8,118:0,118,no_addition,False,0.0,0.125,0.0,0.125,0.0,0.0,0.0,1.0,0.0,2.0,0.7419538127860572,0.32707832231760203,0.22127615320016214,0.17008307429953778,wait:0.173330
9,0:0,0,no_addition,False,0.0,0.25,0.0,0.25,0.0,0.0,0.0,0.0,0.0,1.0,0.6849269699863758,0.5289382254531476,0.1483707952442035,0.26208570973856765,wait:0.000000
9,5:0,5,no_addition,False,0.0,0.42857142857142855,0.0,0.42857142857142855,0.0,0.0,0.0,0.0,0.0,0.0,0.46352023428589695,0.26921733187059427,0.1609773507552331,0.2762353321047048,wait:0.000000;e:-0.033852
9,7:0,7,no_addition,False,0.0,0.2,0.0,0.2,0.0,0.0,0.0,1.0,0.0,3.0,0.6195015022100783,0.5253465158583821,0.2039393136927115,0.20167608966771364,wait:0.000000
9,11:0,11,no_addition,False,0.0,0.3333333333333333,0.0,0.3333333333333333,0.0,0.0,0.0,0.0,0.0,0.0,0.657146533296191,0.37812604292750296,0.11254230858288973,0.1443607782541898,wait:0.000000
9,12:0,12,no_addition,False,0.0,0.0,0.0,0.0,0.0,0.0,0.0,0.0,0.0,2.0,0.7437817987812785,0.41248558898094695,0.2378376446886984,0.3113206276857364,wait:0.000000
9,15:0,15,no_addition,False,0.0,0.42857142857142855,0.0,0.42857142857142855,0.0,0.14285714285714285,0.0,0.0,0.0,3.0,0.5815402376273211,0.29944204737540314,0.12013139547880683,0.33723723761525976,wait:0.158685
9,17:0,17,no_addition,False,0.0,0.0,0.0,0.0,0.0,0.0,0.0,0.0,0.0,1.0,0.5319935126913222,0.5161480133398451,0.253902026142052,0.30760713930070754,wait:0.000000
9,20:0,20,no_addition,False,0.0,0.16666666666666666,0.0,0.16666666666666666,0.0,0.0,0.0,0.0,0.0,0.0,0.6195092762977208,0.4718195611743685,0.1422286741409436,0.3313690644133946,wait:0.000000
9,22:0,22,no_addition,False,0.0,0.5,0.0,0.5,0.0,0.0,0.0,1.0,0.0,0.0,0.5249099051021684,0.535445661904109,0.1072317536866028,0.34761980925605,wait:0.000000
9,24:0,24,no_addition,False,0.0,0.2857142857142857,0.0,0.2857142857142857,0.0,0.0,0.0,0.0,0.0,0.0,0.6684423983588719,0.5335729502393609,0.26239716001572394,0.34776408420116794,wait:0.000000
9,27:0,27,no_addition,False,0.0,0.4,0.0,0.4,0.0,0.0,0.0,1.0,0.0,0.0,0.6925893067107659,0.6752985458130101,0.15779028109324086,0.3389844922383317,wait:0.000000
9,30:0,30,no_addition,False,0.0,0.25,0.0,0.25,0.0,0.0,0.0,1.0,0.0,3.0,0.6113152525564187,0.44157359066673774,0.10568988529152609,0.28201654865654985,wait:0.000000
9,31:0,31,no_addition,False,0.0,0.5,0.0,0.5,0.0,0.0,0.0,0.0,0.0,1.0,0.639231730984955,0.5366009114450521,0.15877040446700252,0.1749183725197083,wait:0.000000
9,35:0,35,no_addition,False,0.0,0.3333333333333333,0.0,0.3333333333333333,0.0,0.0,0.0,1.0,0.0,0.0,0.5686148129675394,0.4427762288136687,0.11359345932382238,0.1603410525382581,wait:0.000000
9,39:0,39,no_addition,False,0.0,0.2727272727272727,0.0,0.2727272727272727,0.0,0.0,0.0,1.0,0.0,1.0,0.4294577007052264,0.46551331776541327,0.11278642516549683,0.297100614290356,wait:0.000000
9,42:0,42,no_addition,False,0.0,0.2857142857142857,0.0,0.2857142857142857,0.0,0.0,0.0,0.0,0.0,0.0,0.3646625997759556,0.43924046267399164,0.20447239480110982,0.15540774277653605,wait:0.000000
9,46:0,46,no_addition,False,0.0,0.2222222222222222,0.0,0.2222222222222222,0.0,0.0,0.0,0.0,0.0,1.0,0.46247147996441473,0.5936853250425407,0.18523664050489752,0.14875663086009464,wait:0.000000
9,49:0,49,no_addition,False,0.0,0.14285714285714285,0.0,0.14285714285714285,0.0,0.0,0.0,1.0,0.0,1.0,0.5412220236875722,0.5922453475706742,0.20702198292046725,0.34495128206490155,wait:0.000000
9,50:0,50,no_addition,False,0.0,0.125,0.0,0.125,0.0,0.0,0.0,0.0,0.0,0.0,0.3887471694008641,0.28772933443180404,0.2088022698026999,0.20710740126100868,wait:0.000000
9,52:0,52,no_addition,False,0.0,0.375,0.0,0.375,0.0,0.0,0.0,0.0,0.0,1.0,0.6875190938505968,0.3821100940593459,0.2476619091839592,0.21642312307986053,wait:0.000000
9,54:0,54,no_addition,False,0.0,0.42857142857142855,0.0,0.42857142857142855,0.0,0.0,0.0,0.0,0.0,0.0,0.36049733782908744,0.5523253568294493,0.25533682668695057,0.31197231544000925,wait:0.000000
9,58:0,58,no_addition,False,0.0,0.25,0.0,0.25,0.0,0.0,0.0,0.0,0.0,0.0,0.6198457129212576,0.4512439536464701,0.24863939297565013,0.19506169022395428,wait:0.000000
9,59:0,59,no_addition,False,0.0,0.16666666666666666,0.0,0.16666666666666666,0.0,0.0,0.0,0.0,0.0,3.0,0.7002922637422113,0.41614880153377504,0.23509445490004036,0.38924836390746015,wait:0.000000
9,60:0,60,no_addition,False,0.0,0.5,0.0,0.5,0.0,0.0,0.0,0.0,0.0,0.0,0.5845134400782842,0.6274568073919631,0.21802528225456477,0.20091547943591287,wait:0.000000
9,61:0,61,no_addition,False,0.0,0.2,0.0,0.2,0.0,0.0,0.0,0.0,0.0,0.0,0.40466418061386694,0.42786425934215844,0.2012198617440855,0.32940974207994117,wait:0.201101
9,68:0,68,no_addition,False,0.0,0.42857142857142855,0.0,0.42857142857142855,0.0,0.0,0.0,1.0,0.0,1.0,0.4856375652076465,0.40935821437222664,0.26128882804747644,0.26299956619120124,wait:0.192403
9,69:0,69,no_addition,False,0.0,0.25,0.0,0.25,0.0,0.0,0.0,0.0,0.0,1.0,0.6022842267235775,0.3516517243279334,0.12522009883263424,0.23843862220967388,wait:0.165280
9,70:0,70,no_addition,False,0.0,0.2857142857142857,0.0,0.2857142857142857,0.0,0.0,0.0,0.0,0.0,0.0,0.7250418326056267,0.49302427799958903,0.2066890976646894,0.2432828883191606,wait:0.000000
9,71:0,71,no_addition,False,0.0,0.2,0.0,0.2,0.0,0.0,0.0,1.0,0.0,0.0,0.6224433221045399,0.5702137545837226,0.1538948840429757,0.22078786200448366,wait:0.268007
9,73:0,73,no_addition,False,0.0,0.4,0.0,0.4,0.0,0.0,0.0,0.0,0.0,0.0,0.40420682498105226,0.36825884895626715,0.10135193454551357,0.19671267712248658,wait:0.173086
9,75:0,75,no_addition,False,0.0,0.3076923076923077,0.0,0.3076923076923077,0.0,0.0,0.0,1.0,0.0,2.0,0.4230941969831738,0.48198163512593745,0.14526836109731428,0.198987611434852,wait:0.000000
9,76:0,76,no_addition,False,0.0,0.2,0.0,0.2,0.0,0.0,0.0,0.0,0.0,1.0,0.4607091825541645,0.32035163891623825,0.2483673802320229,0.35302385945812526,wait:0.169766
9,77:0,77,no_addition,False,0.0,0.5,0.0,0.5,0.0,0.0,0.0,0.0,0.0,0.0,0.7057895980559208,0.5099150606963985,0.1774995824071297,0.30633345241277266,wait:0.239665
9,78:0,78,no_addition,False,0.0,0.0,0.0,0.0,0.0,0.0,0.0,0.0,0.0,0.0,0.6649527470465615,0.2708445688219129,0.19539182057908258,0.3732642554777805,wait:0.000000;e:-0.129416
9,79:0,79,no_addition,False,0.0,0.14285714285714285,0.0,0.14285714285714285,0.0,0.0,0.0,0.0,0.0,2.0,0.6554007144387883,0.28789444811680187,0.11701546148724276,0.22201355474653134,wait:0.135313
9,82:0,82,no_addition,False,0.0,0.25,0.0,0.25,0.0,0.0,0.0,1.0,0.0,1.0,0.7286328395366878,0.38399350701084367,0.15698912011979346,0.144448506574641,wait:0.000000
9,83:0,83,no_addition,False,0.0,0.375,0.0,0.375,0.0,0.0,0.0,0.0,0.0,1.0,0.6992496307348407,0.2923476946386365,0.26025238770990045,0.18655820567999348,wait:0.137407
9,85:0,85,no_addition,False,0.0,0.0,0.0,0.0,0.0,0.0,0.0,0.0,0.0,2.0,0.7153815322741996,0.47296160115172625,0.16364315346228214,0.22556310027741625,wait:0.000000
9,88:0,88,no_addition,False,0.0,0.4166666666666667,0.0,0.4166666666666667,0.0,0.0,0.0,0.0,0.0,1.0,0.7163316377708322,0.552895807930061,0.09809896900767885,0.23157835651343167,wait:0.259867
9,89:0,89,no_addition,False,0.0,0.3333333333333333,0.0,0.3333333333333333,0.0,0.16666666666666666,0.0,0.0,0.0,1.0,0.6654086354683044,0.29078034247695034,0.17411602439694465,0.2642643565437737,wait:0.136670
9,90:0,90,no_addition,False,0.0,0.0,0.0,0.0,0.0,0.0,0.0,0.0,0.0,2.0,0.5496088598221989,0.44461062823055286,0.13492759998526915,0.34468040679375855,wait:0.208972
9,91:0,91,no_addition,False,0.0,0.125,0.0,0.125,0.0,0.0,0.0,0.0,0.0,1.0,0.4008685735824922,0.40870608774136663,0.22139914132820376,0.16090322640739624,wait:0.192096
9,92:0,92,no_addition,False,0.0,0.4,0.0,0.4,0.0,0.0,0.0,0.0,0.0,0.0,0.5836859411228719,0.5217641296334619,0.18240288524889472,0.1976131365278096,wait:0.245235
9,99:0,99,no_addition,False,0.0,0.16666666666666666,0.0,0.16666666666666666,0.0,0.0,0.0,0.0,0.0,1.0,0.595919754635573,0.2727946717980438,0.2567075269935262,0.3515030813689487,wait:0.000000;e:-0.105899
9,100:0,100,no_addition,False,0.0,0.2857142857142857,0.0,0.2857142857142857,0.0,0.0,0.0,0.0,0.0,1.0,0.7169641560585482,0.42235496272623263,0.23232263065211484,0.17498568338285944,wait:0.000000
9,101:0,101,no_addition,False,0.0,0.3333333333333333,0.0,0.3333333333333333,0.0,0.0,0.0,0.0,0.0,1.0,0.6310976055605848,0.3268274463278638,0.24047447859475,0.2388036488466033,wait:0.153612
9,102:0,102,no_addition,False,0.0,0.6,0.0,0.6,0.0,0.0,0.0,0.0,0.0,0.0,0.701367219239883,0.26701134800970727,0.18771390352718884,0.2998057703520785,wait:0.202814
9,103:0,103,no_addition,False,0.0,0.2857142857142857,0.0,0.2857142857142857,0.0,0.0,0.0,1.0,0.0,1.0,0.48453188448400963,0.3331360126587428,0.24040021754476024,0.23707641844166522,wait:0.156577
9,104:0,104,no_addition,False,0.0,0.2,0.0,0.2,0.0,0.0,0.0,1.0,0.0,0.0,0.4805291116972771,0.37700639757985727,0.24182705034992438,0.2517630709917879,wait:0.177197
9,106:0,106,no_addition,False,0.0,0.2,0.0,0.2,0.0,0.0,0.0,0.0,0.0,1.0,0.6038869960114561,0.35619718905093506,0.16466671110779404,0.1547842405270572,wait:0.167416
9,107:0,107,no_addition,False,0.0,0.1,0.0,0.1,0.0,0.0,0.0,0.0,0.0,1.0,0.5601272085917144,0.36248204688665864,0.11188658600935725,0.19905474691780206,wait:0.170370
9,108:0,108,no_addition,False,0.0,0.16666666666666666,0.0,0.16666666666666666,0.0,0.08333333333333333,0.0,1.0,0.0,3.0,0.712589369414454,0.5141408355269594,0.13671870609908326,0.3075158382278284,wait:0.241652
9,111:0,111,no_addition,False,0.0,0.3333333333333333,0.0,0.3333333333333333,0.0,0.0,0.0,0.0,0.0,1.0,0.6296869035044703,0.4342476727659266,0.11558516615917062,0.1436751573915631,wait:0.204101
9,112:0,112,no_addition,False,0.0,0.3333333333333333,0.0,0.3333333333333333,0.0,0.0,0.0,0.0,0.0,0.0,0.7348930726439825,0.5747899891492501,0.10878586675424282,0.177928450399526,wait:0.270157
9,113:0,113,no_addition,False,0.0,0.0,0.0,0.0,0.0,0.0,0.0,0.0,0.0,2.0,0.36884265054638277,0.49911009228997927,0.20774743918817895,0.15152591661893103,wait:0.234587
9,117:0,117,no_addition,False,0.0,0.4,0.0,0.4,0.0,0.0,0.0,0.0,0.0,0.0,0.5762276374207189,0.31861268573099333,0.26177083556612213,0.26677982464364736,wait:0.168844
9,118:0,118,no_addition,False,0.0,0.125,0.0,0.125,0.0,0.0,0.0,1.0,0.0,0.0,0.7419538127860572,0.3931347440071242,0.22127615320016214,0.17008307429953778,wait:0.184778
10,0:0,0,no_addition,False,0.0,0.25,0.0,0.25,0.0,0.0,0.0,0.0,0.0,1.0,0.6849269699863758,0.5289382254531476,0.1483707952442035,0.26208570973856765,wait:0.000000
10,5:0,5,e,False,0.0,0.2857142857142857,0.0,0.2857142857142857,0.0,0.0,0.0,1.0,0.0,0.0,0.46352023428589695,0.3422955986835349,0.1609773507552331,0.2848676862329768,wait:0.000000;e:0.023309
10,7:0,7,no_addition,False,0.0,0.2,0.0,0.2,0.0,0.0,0.0,1.0,0.0,3.0,0.6195015022100783,0.5253465158583821,0.2039393136927115,0.20167608966771364,wait:0.000000
10,11:0,11,no_addition,False,0.0,0.16666666666666666,0.0,0.16666666666666666,0.0,0.0,0.0,0.0,0.0,1.0,0.657146533296191,0.34031343863475266,0.11254230858288973,0.14951652033469656,wait:0.000000
10,12:0,12,no_addition,False,0.0,0.0,0.0,0.0,0.0,0.0,0.0,0.0,0.0,1.0,0.7437817987812785,0.4367494471562968,0.2378376446886984,0.3113206276857364,wait:0.000000
10,15:0,15,no_addition,False,0.0,0.42857142857142855,0.0,0.42857142857142855,0.0,0.14285714285714285,0.0,0.0,0.0,2.0,0.5815402376273211,0.31039724423060083,0.12013139547880683,0.33723723761525976,wait:0.145890
10,17:0,17,no_addition,False,0.0,0.0,0.0,0.0,0.0,0.0,0.0,0.0,0.0,1.0,0.5319935126913222,0.5161480133398451,0.253902026142052,0.30760713930070754,wait:0.000000
10,20:0,20,no_addition,False,0.0,0.16666666666666666,0.0,0.16666666666666666,0.0,0.0,0.0,0.0,0.0,0.0,0.6195092762977208,0.4718195611743685,0.1422286741409436,0.3313690644133946,wait:0.000000
10,22:0,22,no_addition,False,0.0,0.5,0.0,0.5,0.0,0.0,0.0,1.0,0.0,0.0,0.5249099051021684,0.535445661904109,0.1072317536866028,0.34761980925605,wait:0.000000
10,24:0,24,no_addition,False,0.0,0.2857142857142857,0.0,0.2857142857142857,0.0,0.0,0.0,0.0,0.0,0.0,0.6684423983588719,0.5335729502393609,0.26239716001572394,0.34776408420116794,wait:0.000000
10,27:0,27,no_addition,False,0.0,0.2,0.0,0.2,0.0,0.0,0.0,1.0,0.0,1.0,0.6925893067107659,0.618337515490065,0.15779028109324086,0.353722948422607,wait:0.000000
10,30:0,30,no_addition,False,0.0,0.16666666666666666,0.0,0.16666666666666666,0.0,0.0,0.0,1.0,0.0,2.0,0.6113152525564187,0.46136293043340615,0.10568988529152609,0.28696420740491035,wait:0.000000
10,31:0,31,no_addition,False,0.0,0.5,0.0,0.5,0.0,0.0,0.0,0.0,0.0,0.0,0.639231730984955,0.5962232349389468,0.15877040446700252,0.1749183725197083,wait:0.000000
10,35:0,35,no_addition,False,0.0,0.3333333333333333,0.0,0.3333333333333333,0.0,0.0,0.0,1.0,0.0,0.0,0.5686148129675394,0.4427762288136687,0.11359345932382238,0.1603410525382581,wait:0.000000
10,39:0,39,no_addition,False,0.0,0.18181818181818182,0.0,0.18181818181818182,0.0,0.0,0.0,1.0,0.0,2.0,0.4294577007052264,0.43673049478545756,0.11278642516549683,0.30281408764209367,wait:0.000000
10,42:0,42,no_addition,False,0.0,0.2857142857142857,0.0,0.2857142857142857,0.0,0.0,0.0,0.0,0.0,0.0,0.3646625997759556,0.43924046267399164,0.20447239480110982,0.15540774277653605,wait:0.000000
10,46:0,46,no_addition,False,0.0,0.2222222222222222,0.0,0.2222222222222222,0.0,0.0,0.0,0.0,0.0,1.0,0.46247147996441473,0.5936853250425407,0.18523664050489752,0.14875663086009464,wait:0.000000
10,49:0,49,no_addition,False,0.0,0.14285714285714285,0.0,0.14285714285714285,0.0,0.0,0.0,1.0,0.0,1.0,0.5412220236875722,0.5922453475706742,0.20702198292046725,0.34495128206490155,wait:0.000000
10,50:0,50,no_addition,False,0.0,0.0,0.0,0.0,0.0,0.0,0.0,1.0,0.0,0.0,0.3887471694008641,0.3589564009886236,0.2088022698026999,0.2124178474471884,wait:0.000000
10,52:0,52,no_addition,False,0.0,0.375,0.0,0.375,0.0,0.0,0.0,0.0,0.0,1.0,0.6875190938505968,0.3821100940593459,0.2476619091839592,0.21642312307986053,wait:0.000000
10,54:0,54,no_addition,False,0.0,0.42857142857142855,0.0,0.42857142857142855,0.0,0.0,0.0,0.0,0.0,0.0,0.36049733782908744,0.5523253568294493,0.25533682668695057,0.31197231544000925,wait:0.000000
10,58:0,58,no_addition,False,0.0,0.25,0.0,0.25,0.0,0.0,0.0,0.0,0.0,0.0,0.6198457129212576,0.4512439536464701,0.24863939297565013,0.19506169022395428,wait:0.000000
10,59:0,59,no_addition,False,0.0,0.16666666666666666,0.0,0.16666666666666666,0.0,0.0,0.0,0.0,0.0,2.0,0.7002922637422113,0.43137375768744973,0.23509445490004036,0.38924836390746015,wait:0.000000
10,60:0,60,no_addition,False,0.0,0.5,0.0,0.5,0.0,0.0,0.0,0.0,0.0,0.0,0.5845134400782842,0.6274568073919631,0.21802528225456477,0.20091547943591287,wait:0.000000
10,61:0,61,no_addition,False,0.0,0.0,0.0,0.0,0.0,0.0,0.0,0.0,0.0,1.0,0.40466418061386694,0.38507783340794255,0.2012198617440855,0.3431351479999387,wait:0.000000
10,68:0,68,no_addition,False,0.0,0.14285714285714285,0.0,0.14285714285714285,0.0,0.0,0.0,2.0,0.0,1.0,0.4856375652076465,0.44255733621791277,0.26128882804747644,0.2794370390781513,wait:0.000000
10,69:0,69,no_addition,False,0.0,0.0,0.0,0.0,0.0,0.0,0.0,0.0,0.0,1.0,0.6022842267235775,0.3516517243279334,0.12522009883263424,0.2509880233786041,wait:0.146590
10,70:0,70,no_addition,False,0.0,0.14285714285714285,0.0,0.14285714285714285,0.0,0.0,0.0,0.0,0.0,1.0,0.7250418326056267,0.4437218501996302,0.2066890976646894,0.25065509705610484,wait:0.000000
10,71:0,71,no_addition,False,0.0,0.2,0.0,0.2,0.0,0.0,0.0,1.0,0.0,0.0,0.6224433221045399,0.5702137545837226,0.1538948840429757,0.22078786200448366,wait:0.237700
10,73:0,73,no_addition,False,0.0,0.2,0.0,0.2,0.0,0.0,0.0,1.0,0.0,0.0,0.40420682498105226,0.43143296406064047,0.10135193454551357,0.2052654022147686,wait:0.179848
10,75:0,75,no_addition,False,0.0,0.3076923076923077,0.0,0.3076923076923077,0.0,0.0,0.0,1.0,0.0,1.0,0.4230941969831738,0.5124199876305449,0.14526836109731428,0.198987611434852,wait:0.000000
10,76:0,76,no_addition,False,0.0,0.2,0.0,0.2,0.0,0.0,0.0,0.0,0.0,0.0,0.4607091825541645,0.355946265462487,0.2483673802320229,0.35302385945812526,wait:0.167299
10,77:0,77,no_addition,False,0.0,0.25,0.0,0.25,0.0,0.0,0.0,1.0,0.0,0.0,0.7057895980559208,0.5589235546267586,0.1774995824071297,0.32335197754681555,wait:0.232994
10,78:0,78,no_addition,False,0.0,0.0,0.0,0.0,0.0,0.0,0.0,0.0,0.0,0.0,0.6649527470465615,0.2708445688219129,0.19539182057908258,0.3732642554777805,wait:0.000000;e:-0.129416
10,79:0,79,no_addition,False,0.0,0.14285714285714285,0.0,0.14285714285714285,0.0,0.0,0.0,0.0,0.0,1.0,0.6554007144387883,0.3048294156530843,0.11701546148724276,0.22201355474653134,wait:0.127072
10,82:0,82,no_addition,False,0.0,0.125,0.0,0.125,0.0,0.0,0.0,1.0,0.0,1.0,0.7286328395366878,0.38399350701084367,0.15698912011979346,0.14824978306344735,wait:0.000000
10,83:0,83,no_addition,False,0.0,0.0,0.0,0.0,0.0,0.0,0.0,0.0,0.0,3.0,0.6992496307348407,0.26636123289297997,0.26025238770990045,0.20168454668107402,wait:0.111036
10,85:0,85,no_addition,False,0.0,0.0,0.0,0.0,0.0,0.0,0.0,0.0,0.0,2.0,0.7153815322741996,0.47296160115172625,0.16364315346228214,0.22556310027741625,wait:0.000000
10,88:0,88,no_addition,False,0.0,0.4166666666666667,0.0,0.4166666666666667,0.0,0.0,0.0,0.0,0.0,1.0,0.7163316377708322,0.552895807930061,0.09809896900767885,0.23157835651343167,wait:0.000000
10,89:0,89,no_addition,False,0.0,0.3333333333333333,0.0,0.3333333333333333,0.0,0.16666666666666666,0.0,0.0,0.0,1.0,0.6654086354683044,0.29078034247695034,0.17411602439694465,0.2642643565437737,wait:0.000000
10,90:0,90,no_addition,False,0.0,0.0,0.0,0.0,0.0,0.0,0.0,0.0,0.0,0.0,0.5496088598221989,0.5230713273300622,0.13492759998526915,0.34468040679375855,wait:0.218049
10,91:0,91,no_addition,False,0.0,0.125,0.0,0.125,0.0,0.0,0.0,0.0,0.0,0.0,0.4008685735824922,0.45411787526818514,0.22139914132820376,0.16090322640739624,wait:0.189304
10,92:0,92,no_addition,False,0.0,0.4,0.0,0.4,0.0,0.0,0.0,0.0,0.0,0.0,0.5836859411228719,0.5217641296334619,0.18240288524889472,0.1976131365278096,wait:0.217504
10,99:0,99,no_addition,False,0.0,0.16666666666666666,0.0,0.16666666666666666,0.0,0.0,0.0,0.0,0.0,0.0,0.595919754635573,0.3031051908867153,0.2567075269935262,0.3515030813689487,wait:0.000000;e:-0.078610
10,100:0,100,no_addition,False,0.0,0.2857142857142857,0.0,0.2857142857142857,0.0,0.0,0.0,0.0,0.0,1.0,0.7169641560585482,0.42235496272623263,0.23232263065211484,0.17498568338285944,wait:0.000000
10,102:0,102,no_addition,False,0.0,0.4,0.0,0.4,0.0,0.0,0.0,0.0,0.0,1.0,0.701367219239883,0.24031021320873652,0.18771390352718884,0.31343330536808206,wait:0.161892
10,103:0,103,no_addition,False,0.0,0.14285714285714285,0.0,0.14285714285714285,0.0,0.0,0.0,1.0,0.0,2.0,0.48453188448400963,0.3090253298590225,0.24040021754476024,0.2442605523338369,wait:0.128821
10,104:0,104,no_addition,False,0.0,0.2,0.0,0.2,0.0,0.0,0.0,1.0,0.0,0.0,0.4805291116972771,0.37700639757985727,0.24182705034992438,0.2517630709917879,wait:0.157160
10,106:0,106,no_addition,False,0.0,0.2,0.0,0.2,0.0,0.0,0.0,0.0,0.0,1.0,0.6038869960114561,0.35619718905093506,0.16466671110779404,0.1547842405270572,wait:0.148485
10,107:0,107,no_addition,False,0.0,0.1,0.0,0.1,0.0,0.0,0.0,0.0,0.0,0.0,0.5601272085917144,0.4027578298740651,0.11188658600935725,0.19905474691780206,wait:0.167894
10,108:0,108,no_addition,False,0.0,0.08333333333333333,0.0,0.08333333333333333,0.0,0.08333333333333333,0.0,1.0,0.0,3.0,0.712589369414454,0.5141408355269594,0.13671870609908326,0.31281783543865305,wait:0.214326
10,111:0,111,no_addition,False,0.0,0.16666666666666666,0.0,0.16666666666666666,0.0,0.0,0.0,0.0,0.0,2.0,0.6296869035044703,0.4101228020567084,0.11558516615917062,0.14880641301269035,wait:0.170965
10,112:0,112,no_addition,False,0.0,0.3333333333333333,0.0,0.3333333333333333,0.0,0.0,0.0,0.0,0.0,0.0,0.7348930726439825,0.5747899891492501,0.10878586675424282,0.177928450399526,wait:0.000000
10,113:0,113,no_addition,False,0.0,0.0,0.0,0.0,0.0,0.0,0.0,0.0,0.0,1.0,0.36884265054638277,0.5284695094835075,0.20774743918817895,0.15152591661893103,wait:0.220299
10,117:0,117,no_addition,False,0.0,0.4,0.0,0.4,0.0,0.0,0.0,0.0,0.0,0.0,0.5762276374207189,0.31861268573099333,0.26177083556612213,0.26677982464364736,wait:0.149751
10,118:0,118,no_addition,False,0.0,0.125,0.0,0.125,0.0,0.0,0.0,1.0,0.0,0.0,0.7419538127860572,0.3931347440071242,0.22127615320016214,0.17008307429953778,wait:0.163883
11,0:0,0,no_addition,False,0.0,0.25,0.0,0.25,0.0,0.0,0.0,0.0,0.0,1.0,0.6849269699863758,0.5289382254531476,0.1483707952442035,0.26208570973856765,wait:0.000000
11,7:0,7,no_addition,False,0.0,0.0,0.0,0.0,0.0,0.0,0.0,1.0,0.0,3.0,0.6195015022100783,0.5253465158583821,0.2039393136927115,0.21007926007053504,wait:0.000000
11,8:0,8,no_addition,False,0.0,0.2222222222222222,0.0,0.2222222222222222,0.0,0.0,0.0,0.0,0.0,1.0,0.42224487806266675,0.2850905974333642,0.09743626015620943,0.3125466024200186,wait:0.275285
11,11:0,11,no_addition,False,0.0,0.0,0.0,0.0,0.0,0.0,0.0,0.0,0.0,2.0,0.657146533296191,0.3214071364883775,0.11254230858288973,0.15467226241520335,wait:0.000000
11,12:0,12,no_addition,False,0.0,0.0,0.0,0.0,0.0,0.0,0.0,0.0,0.0,1.0,0.7437817987812785,0.4367494471562968,0.2378376446886984,0.3113206276857364,wait:0.000000
11,15:0,15,no_addition,False,0.0,0.42857142857142855,0.0,0.42857142857142855,0.0,0.14285714285714285,0.0,0.0,0.0,1.0,0.5815402376273211,0.3286559056559303,0.12013139547880683,0.33723723761525976,wait:0.137004
11,17:0,17,no_addition,False,0.0,0.0,0.0,0.0,0.0,0.0,0.0,0.0,0.0,0.0,0.5319935126913222,0.5734977925998279,0.253902026142052,0.30760713930070754,wait:0.000000
11,20:0,20,no_addition,False,0.0,0.16666666666666666,0.0,0.16666666666666666,0.0,0.0,0.0,0.0,0.0,0.0,0.6195092762977208,0.4718195611743685,0.1422286741409436,0.3313690644133946,wait:0.000000
11,22:0,22,no_addition,False,0.0,0.0,0.0,0.0,0.0,0.0,0.0,4.0,0.0,0.0,0.5249099051021684,0.5870628105814302,0.1072317536866028,0.38624423250672224,wait:0.000000
11,24:0,24,no_addition,False,0.0,0.14285714285714285,0.0,0.14285714285714285,0.0,0.0,0.0,1.0,0.0,0.0,0.6684423983588719,0.5802156552154247,0.26239716001572394,0.3583023897830215,wait:0.000000
11,27:0,27,no_addition,False,0.0,0.2,0.0,0.2,0.0,0.0,0.0,0.0,0.0,1.0,0.6925893067107659,0.57529854581301,0.15779028109324086,0.353722948422607,wait:0.000000
11,30:0,30,no_addition,False,0.0,0.16666666666666666,0.0,0.16666666666666666,0.0,0.0,0.0,0.0,0.0,2.0,0.6113152525564187,0.4160469400834088,0.10568988529152609,0.28696420740491035,wait:0.000000
11,31:0,31,no_addition,False,0.0,0.4,0.0,0.4,0.0,0.0,0.0,1.0,0.0,0.0,0.639231730984955,0.6366009114450522,0.15877040446700252,0.17880544746459068,wait:0.000000
11,35:0,35,no_addition,False,0.0,0.3333333333333333,0.0,0.3333333333333333,0.0,0.0,0.0,1.0,0.0,0.0,0.5686148129675394,0.4427762288136687,0.11359345932382238,0.1603410525382581,wait:0.000000
11,39:0,39,no_addition,False,0.0,0.18181818181818182,0.0,0.18181818181818182,0.0,0.0,0.0,1.0,0.0,1.0,0.4294577007052264,0.46551331776541327,0.11278642516549683,0.30281408764209367,wait:0.000000
11,42:0,42,no_addition,False,0.0,0.14285714285714285,0.0,0.14285714285714285,0.0,0.0,0.0,1.0,0.0,0.0,0.3646625997759556,0.49531641640659246,0.20447239480110982,0.16011706831521896,wait:0.000000
11,46:0,46,no_addition,False,0.0,0.3333333333333333,0.0,0.3333333333333333,0.0,0.1111111111111111,0.0,0.0,0.0,0.0,0.46247147996441473,0.6596503611583785,0.18523664050489752,0.1452971743284645,wait:0.000000
11,49:0,49,no_addition,False,0.0,0.0,0.0,0.0,0.0,0.0,0.0,0.0,0.0,1.0,0.5412220236875722,0.5476715444865962,0.20702198292046725,0.3550969080079869,wait:0.000000
11,50:0,50,no_addition,False,0.0,0.0,0.0,0.0,0.0,0.0,0.0,1.0,0.0,0.0,0.3887471694008641,0.3589564009886236,0.2088022698026999,0.2124178474471884,wait:0.000000
11,52:0,52,no_addition,False,0.0,0.25,0.0,0.25,0.0,0.0,0.0,1.0,0.0,1.0,0.6875190938505968,0.43588175550049335,0.2476619091839592,0.2222723966766135,wait:0.000000
11,54:0,54,no_addition,False,0.0,0.42857142857142855,0.0,0.42857142857142855,0.0,0.0,0.0,0.0,0.0,0.0,0.36049733782908744,0.5523253568294493,0.25533682668695057,0.31197231544000925,wait:0.000000
11,58:0,58,no_addition,False,0.0,0.25,0.0,0.25,0.0,0.0,0.0,0.0,0.0,0.0,0.6198457129212576,0.4512439536464701,0.24863939297565013,0.19506169022395428,wait:0.000000
11,59:0,59,no_addition,False,0.0,0.16666666666666666,0.0,0.16666666666666666,0.0,0.0,0.0,0.0,0.0,1.0,0.7002922637422113,0.45674868461024093,0.23509445490004036,0.38924836390746015,wait:0.000000
11,60:0,60,no_addition,False,0.0,0.5,0.0,0.5,0.0,0.0,0.0,0.0,0.0,0.0,0.5845134400782842,0.6274568073919631,0.21802528225456477,0.20091547943591287,wait:0.000000
11,61:0,61,no_addition,False,0.0,0.0,0.0,0.0,0.0,0.0,0.0,0.0,0.0,1.0,0.40466418061386694,0.38507783340794255,0.2012198617440855,0.3431351479999387,wait:0.000000
11,68:0,68,no_addition,False,0.0,0.14285714285714285,0.0,0.14285714285714285,0.0,0.0,0.0,1.0,0.0,1.0,0.4856375652076465,0.40935821437222664,0.26128882804747644,0.2794370390781513,wait:0.000000
11,70:0,70,no_addition,False,0.0,0.14285714285714285,0.0,0.14285714285714285,0.0,0.0,0.0,0.0,0.0,1.0,0.7250418326056267,0.4437218501996302,0.2066890976646894,0.25065509705610484,wait:0.000000
11,73:0,73,no_addition,False,0.0,0.0,0.0,0.0,0.0,0.0,0.0,2.0,0.0,0.0,0.40420682498105226,0.46302002161282707,0.10135193454551357,0.21381812730705063,wait:0.000000
11,75:0,75,no_addition,False,0.0,0.3076923076923077,0.0,0.3076923076923077,0.0,0.0,0.0,0.0,0.0,0.0,0.4230941969831738,0.5146117501535823,0.14526836109731428,0.198987611434852,wait:0.000000
11,77:0,77,no_addition,False,0.0,0.25,0.0,0.25,0.0,0.0,0.0,1.0,0.0,0.0,0.7057895980559208,0.5589235546267586,0.1774995824071297,0.32335197754681555,wait:0.000000
11,78:0,78,no_addition,False,0.0,0.0,0.0,0.0,0.0,0.0,0.0,0.0,0.0,0.0,0.6649527470465615,0.2708445688219129,0.19539182057908258,0.3732642554777805,wait:0.000000;e:-0.129416
11,79:0,79,no_addition,False,0.0,0.0,0.0,0.0,0.0,0.0,0.0,0.0,0.0,2.0,0.6554007144387883,0.28789444811680187,0.11701546148724276,0.22854336518025284,wait:0.106441
11,82:0,82,no_addition,False,0.0,0.125,0.0,0.125,0.0,0.0,0.0,1.0,0.0,1.0,0.7286328395366878,0.38399350701084367,0.15698912011979346,0.14824978306344735,wait:0.000000
11,83:0,83,no_addition,False,0.0,0.125,0.0,0.125,0.0,0.125,0.0,0.0,0.0,3.0,0.6992496307348407,0.26636123289297997,0.26025238770990045,0.19664243301404716,wait:0.098480
11,85:0,85,no_addition,False,0.0,0.0,0.0,0.0,0.0,0.0,0.0,0.0,0.0,1.0,0.7153815322741996,0.5007828718077101,0.16364315346228214,0.22556310027741625,wait:0.000000
11,88:0,88,no_addition,False,0.0,0.3333333333333333,0.0,0.3333333333333333,0.0,0.0,0.0,1.0,0.0,1.0,0.7163316377708322,0.5971793741561687,0.09809896900767885,0.23578887208640317,wait:0.000000
11,89:0,89,no_addition,False,0.0,0.3333333333333333,0.0,0.3333333333333333,0.0,0.16666666666666666,0.0,0.0,0.0,1.0,0.6654086354683044,0.29078034247695034,0.17411602439694465,0.2642643565437737,wait:0.000000
11,90:0,90,no_addition,False,0.0,0.0,0.0,0.0,0.0,0.0,0.0,0.0,0.0,0.0,0.5496088598221989,0.5230713273300622,0.13492759998526915,0.34468040679375855,wait:0.193392
11,91:0,91,no_addition,False,0.0,0.0,0.0,0.0,0.0,0.0,0.0,1.0,0.0,0.0,0.4008685735824922,0.5087060877413666,0.22139914132820376,0.16502895016143204,wait:0.188081
11,99:0,99,no_addition,False,0.0,0.16666666666666666,0.0,0.16666666666666666,0.0,0.0,0.0,0.0,0.0,0.0,0.595919754635573,0.3031051908867153,0.2567075269935262,0.3515030813689487,wait:0.000000;e:-0.078610
11,100:0,100,no_addition,False,0.0,0.2857142857142857,0.0,0.2857142857142857,0.0,0.0,0.0,0.0,0.0,0.0,0.7169641560585482,0.4692832919180363,0.23232263065211484,0.17498568338285944,wait:0.000000
11,102:0,102,no_addition,False,0.0,0.4,0.0,0.4,0.0,0.0,0.0,0.0,0.0,1.0,0.701367219239883,0.24031021320873652,0.18771390352718884,0.31343330536808206,wait:0.143585
11,103:0,103,no_addition,False,0.0,0.0,0.0,0.0,0.0,0.0,0.0,1.0,0.0,1.0,0.48453188448400963,0.3331360126587428,0.24040021754476024,0.2514446862260086,wait:0.123168
11,104:0,104,no_addition,False,0.0,0.0,0.0,0.0,0.0,0.0,0.0,1.0,0.0,0.0,0.4805291116972771,0.37700639757985727,0.24182705034992438,0.26225319894977905,wait:0.139388
11,106:0,106,no_addition,False,0.0,0.2,0.0,0.2,0.0,0.0,0.0,0.0,0.0,1.0,0.6038869960114561,0.35619718905093506,0.16466671110779404,0.1547842405270572,wait:0.131694
11,107:0,107,no_addition,False,0.0,0.1,0.0,0.1,0.0,0.0,0.0,0.0,0.0,0.0,0.5601272085917144,0.4027578298740651,0.11188658600935725,0.19905474691780206,wait:0.148909
11,108:0,108,no_addition,False,0.0,0.08333333333333333,0.0,0.08333333333333333,0.0,0.08333333333333333,0.0,0.0,0.0,2.0,0.712589369414454,0.4931496377473944,0.13671870609908326,0.31281783543865305,wait:0.182329
11,111:0,111,no_addition,False,0.0,0.16666666666666666,0.0,0.16666666666666666,0.0,0.0,0.0,0.0,0.0,1.0,0.6296869035044703,0.4342476727659266,0.11558516615917062,0.14880641301269035,wait:0.160552
11,112:0,112,no_addition,False,0.0,0.3333333333333333,0.0,0.3333333333333333,0.0,0.0,0.0,0.0,0.0,0.0,0.7348930726439825,0.5747899891492501,0.10878586675424282,0.177928450399526,wait:0.000000
11,113:0,113,no_addition,False,0.0,0.0,0.0,0.0,0.0,0.0,0.0,0.0,0.0,1.0,0.36884265054638277,0.5284695094835075,0.20774743918817895,0.15152591661893103,wait:0.195388
11,117:0,117,no_addition,False,0.0,0.6,0.0,0.6,0.0,0.2,0.0,0.0,0.0,0.0,0.5762276374207189,0.31861268573099333,0.26177083556612213,0.255180701833054,wait:0.132818
11,118:0,118,no_addition,False,0.0,0.125,0.0,0.125,0.0,0.0,0.0,0.0,0.0,0.0,0.7419538127860572,0.3257052711190269,0.22127615320016214,0.17008307429953778,wait:0.120421
12,0:0,0,no_addition,False,0.0,0.25,0.0,0.25,0.0,0.0,0.0,0.0,0.0,0.0,0.6849269699863758,0.5877091393923862,0.1483707952442035,0.26208570973856765,wait:0.000000
12,7:0,7,no_addition,False,0.0,0.0,0.0,0.0,0.0,0.0,0.0,1.0,0.0,1.0,0.6195015022100783,0.580055673099531,0.2039393136927115,0.21007926007053504,wait:0.000000
12,8:0,8,no_addition,False,0.0,0.0,0.0,0.0,0.0,0.0,0.0,1.0,0.0,2.0,0.42224487806266675,0.3197492109948429,0.09743626015620943,0.3270836536953683,wait:0.273838
12,11:0,11,no_addition,False,0.0,0.0,0.0,0.0,0.0,0.0,0.0,0.0,0.0,2.0,0.657146533296191,0.3214071364883775,0.11254230858288973,0.15467226241520335,wait:0.000000
12,12:0,12,no_addition,False,0.0,0.0,0.0,0.0,0.0,0.0,0.0,0.0,0.0,0.0,0.7437817987812785,0.48527716350699646,0.2378376446886984,0.3113206276857364,wait:0.000000
12,15:0,15,no_addition,False,0.0,0.2857142857142857,0.0,0.2857142857142857,0.0,0.0,0.0,0.0,0.0,1.0,0.5815402376273211,0.3286559056559303,0.12013139547880683,0.3477759012907366,wait:0.000000
12,17:0,17,no_addition,False,0.0,0.0,0.0,0.0,0.0,0.0,0.0,0.0,0.0,0.0,0.5319935126913222,0.5734977925998279,0.253902026142052,0.30760713930070754,wait:0.000000
12,20:0,20,no_addition,False,0.0,0.16666666666666666,0.0,0.16666666666666666,0.0,0.0,0.0,0.0,0.0,0.0,0.6195092762977208,0.4718195611743685,0.1422286741409436,0.3313690644133946,wait:0.000000
12,22:0,22,no_addition,False,0.0,0.0,0.0,0.0,0.0,0.0,0.0,3.0,0.0,0.0,0.5249099051021684,0.576739380845966,0.1072317536866028,0.38624423250672224,wait:0.000000
12,24:0,24,no_addition,False,0.0,0.0,0.0,0.0,0.0,0.0,0.0,1.0,0.0,1.0,0.6684423983588719,0.5285370077034568,0.26239716001572394,0.36884069536487507,wait:0.000000
12,27:0,27,no_addition,False,0.0,0.2,0.0,0.2,0.0,0.0,0.0,0.0,0.0,1.0,0.6925893067107659,0.57529854581301,0.15779028109324086,0.353722948422607,wait:0.000000
12,30:0,30,no_addition,False,0.0,0.16666666666666666,0.0,0.16666666666666666,0.0,0.0,0.0,0.0,0.0,1.0,0.6113152525564187,0.44052028950007993,0.10568988529152609,0.28696420740491035,wait:0.000000
12,31:0,31,no_addition,False,0.0,0.3,0.0,0.3,0.0,0.0,0.0,1.0,0.0,1.0,0.639231730984955,0.5817897496981048,0.15877040446700252,0.1826925224094731,wait:0.000000
12,35:0,35,no_addition,False,0.0,0.16666666666666666,0.0,0.16666666666666666,0.0,0.0,0.0,1.0,0.0,0.0,0.5686148129675394,0.4427762288136687,0.11359345932382238,0.16606751870033873,wait:0.000000
12,39:0,39,no_addition,False,0.0,0.18181818181818182,0.0,0.18181818181818182,0.0,0.0,0.0,0.0,0.0,1.0,0.4294577007052264,0.4134846893986729,0.11278642516549683,0.30281408764209367,wait:0.000000
12,42:0,42,no_addition,False,0.0,0.14285714285714285,0.0,0.14285714285714285,0.0,0.0,0.0,1.0,0.0,0.0,0.3646625997759556,0.49531641640659246,0.20447239480110982,0.16011706831521896,wait:0.000000
12,46:0,46,no_addition,False,0.0,0.3333333333333333,0.0,0.3333333333333333,0.0,0.1111111111111111,0.0,0.0,0.0,0.0,0.46247147996441473,0.6596503611583785,0.18523664050489752,0.1452971743284645,wait:0.000000
12,49:0,49,no_addition,False,0.0,0.0,0.0,0.0,0.0,0.0,0.0,0.0,0.0,1.0,0.5412220236875722,0.5476715444865962,0.20702198292046725,0.3550969080079869,wait:0.000000
12,50:0,50,no_addition,False,0.0,0.0,0.0,0.0,0.0,0.0,0.0,1.0,0.0,0.0,0.3887471694008641,0.3589564009886236,0.2088022698026999,0.2124178474471884,wait:0.000000
12,52:0,52,no_addition,False,0.0,0.125,0.0,0.125,0.0,0.0,0.0,1.0,0.0,1.0,0.6875190938505968,0.43588175550049335,0.2476619091839592,0.2281216702733665,wait:0.000000
12,54:0,54,no_addition,False,0.0,0.14285714285714285,0.0,0.14285714285714285,0.0,0.0,0.0,1.0,0.0,1.0,0.36049733782908744,0.5444765533050319,0.25533682668695057,0.3314705851550098,wait:0.000000
12,58:0,58,no_addition,False,0.0,0.0,0.0,0.0,0.0,0.0,0.0,0.0,0.0,1.0,0.6198457129212576,0.4061195582818231,0.24863939297565013,0.20532809497258347,wait:0.000000
12,59:0,59,no_addition,False,0.0,0.16666666666666666,0.0,0.16666666666666666,0.0,0.0,0.0,0.0,0.0,0.0,0.7002922637422113,0.5074985384558233,0.23509445490004036,0.38924836390746015,wait:0.000000
12,60:0,60,no_addition,False,0.0,0.5,0.0,0.5,0.0,0.0,0.0,0.0,0.0,0.0,0.5845134400782842,0.6274568073919631,0.21802528225456477,0.20091547943591287,wait:0.000000
12,61:0,61,no_addition,False,0.0,0.0,0.0,0.0,0.0,0.0,0.0,0.0,0.0,1.0,0.40466418061386694,0.38507783340794255,0.2012198617440855,0.3431351479999387,wait:0.000000
12,68:0,68,no_addition,False,0.0,0.14285714285714285,0.0,0.14285714285714285,0.0,0.0,0.0,1.0,0.0,1.0,0.4856375652076465,0.40935821437222664,0.26128882804747644,0.2794370390781513,wait:0.000000
12,70:0,70,no_addition,False,0.0,0.0,0.0,0.0,0.0,0.0,0.0,0.0,0.0,2.0,0.7250418326056267,0.4190706362996507,0.2066890976646894,0.2580273057930491,wait:0.000000
12,73:0,73,no_addition,False,0.0,0.0,0.0,0.0,0.0,0.0,0.0,2.0,0.0,0.0,0.40420682498105226,0.46302002161282707,0.10135193454551357,0.21381812730705063,wait:0.000000
12,75:0,75,no_addition,False,0.0,0.15384615384615385,0.0,0.15384615384615385,0.0,0.0,0.0,1.0,0.0,1.0,0.4230941969831738,0.5124199876305449,0.14526836109731428,0.20551179541632256,wait:0.000000
12,77:0,77,no_addition,False,0.0,0.0,0.0,0.0,0.0,0.0,0.0,1.0,0.0,1.0,0.7057895980559208,0.5084278015919387,0.1774995824071297,0.3403705026808585,wait:0.000000
12,78:0,78,no_addition,False,0.0,0.0,0.0,0.0,0.0,0.0,0.0,0.0,0.0,0.0,0.6649527470465615,0.2708445688219129,0.19539182057908258,0.3732642554777805,wait:0.000000;e:-0.129416
12,79:0,79,no_addition,False,0.0,0.0,0.0,0.0,0.0,0.0,0.0,0.0,0.0,1.0,0.6554007144387883,0.3048294156530843,0.11701546148724276,0.22854336518025284,wait:0.000000
12,82:0,82,no_addition,False,0.0,0.125,0.0,0.125,0.0,0.0,0.0,0.0,0.0,1.0,0.7286328395366878,0.3271695956585403,0.15698912011979346,0.14824978306344735,wait:0.000000
12,83:0,83,no_addition,False,0.0,0.125,0.0,0.125,0.0,0.125,0.0,0.0,0.0,3.0,0.6992496307348407,0.26636123289297997,0.26025238770990045,0.19664243301404716,wait:0.087344
12,85:0,85,no_addition,False,0.0,0.0,0.0,0.0,0.0,0.0,0.0,0.0,0.0,0.0,0.7153815322741996,0.556425413119678,0.16364315346228214,0.22556310027741625,wait:0.000000
12,88:0,88,no_addition,False,0.0,0.16666666666666666,0.0,0.16666666666666666,0.0,0.0,0.0,2.0,0.0,1.0,0.7163316377708322,0.6237495138918334,0.09809896900767885,0.24420990323234612,wait:0.000000
12,89:0,89,no_addition,False,0.0,0.3333333333333333,0.0,0.3333333333333333,0.0,0.0,0.0,0.0,0.0,0.0,0.6654086354683044,0.32308926941883376,0.17411602439694465,0.2642643565437737,wait:0.000000
12,90:0,90,no_addition,False,0.0,0.0,0.0,0.0,0.0,0.0,0.0,0.0,0.0,0.0,0.5496088598221989,0.5230713273300622,0.13492759998526915,0.34468040679375855,wait:0.171523
12,91:0,91,no_addition,False,0.0,0.0,0.0,0.0,0.0,0.0,0.0,1.0,0.0,0.0,0.4008685735824922,0.5087060877413666,0.22139914132820376,0.16502895016143204,wait:0.166812
12,99:0,99,no_addition,False,0.0,0.16666666666666666,0.0,0.16666666666666666,0.0,0.0,0.0,0.0,0.0,0.0,0.595919754635573,0.3031051908867153,0.2567075269935262,0.3515030813689487,wait:0.000000;e:-0.078610
12,100:0,100,no_addition,False,0.0,0.0,0.0,0.0,0.0,0.0,0.0,1.0,0.0,1.0,0.7169641560585482,0.47389079813033086,0.23232263065211484,0.18559087631515395,wait:0.000000
12,102:0,102,no_addition,False,0.0,0.0,0.0,0.0,0.0,0.0,0.0,1.0,0.0,2.0,0.701367219239883,0.2789493053679599,0.18771390352718884,0.3406883754000892,wait:0.000000
12,103:0,103,no_addition,False,0.0,0.0,0.0,0.0,0.0,0.0,0.0,1.0,0.0,1.0,0.48453188448400963,0.3331360126587428,0.24040021754476024,0.2514446862260086,wait:0.109240
12,104:0,104,no_addition,False,0.0,0.0,0.0,0.0,0.0,0.0,0.0,1.0,0.0,0.0,0.4805291116972771,0.37700639757985727,0.24182705034992438,0.26225319894977905,wait:0.123626
12,106:0,106,no_addition,False,0.0,0.2,0.0,0.2,0.0,0.0,0.0,0.0,0.0,0.0,0.6038869960114561,0.39577465450103894,0.16466671110779404,0.1547842405270572,wait:0.129781
12,107:0,107,no_addition,False,0.0,0.1,0.0,0.1,0.0,0.0,0.0,0.0,0.0,0.0,0.5601272085917144,0.4027578298740651,0.11188658600935725,0.19905474691780206,wait:0.132070
12,111:0,111,no_addition,False,0.0,0.0,0.0,0.0,0.0,0.0,0.0,0.0,0.0,2.0,0.6296869035044703,0.4101228020567084,0.11558516615917062,0.1539376686338176,wait:0.134486
12,112:0,112,no_addition,False,0.0,0.3333333333333333,0.0,0.3333333333333333,0.0,0.0,0.0,0.0,0.0,0.0,0.7348930726439825,0.5747899891492501,0.10878586675424282,0.177928450399526,wait:0.000000
12,113:0,113,no_addition,False,0.0,0.0,0.0,0.0,0.0,0.0,0.0,0.0,0.0,0.0,0.36884265054638277,0.5871883438705638,0.20774743918817895,0.15152591661893103,wait:0.000000
12,118:0,118,no_addition,False,0.0,0.0,0.0,0.0,0.0,0.0,0.0,1.0,0.0,0.0,0.7419538127860572,0.3931347440071242,0.22127615320016214,0.1744441787687567,wait:0.128915
13,0:0,0,no_addition,False,0.0,0.125,0.0,0.125,0.0,0.0,0.0,0.0,0.0,1.0,0.6849269699863758,0.5289382254531476,0.1483707952442035,0.2689827021001089,wait:0.000000
13,5:0,5,no_addition,False,0.0,0.0,0.0,0.0,0.0,0.0,0.0,2.0,0.0,0.0,0.46352023428589695,0.3788347320900052,0.1609773507552331,0.3021323944895209,wait:0.365805
13,7:0,7,no_addition,False,0.0,0.0,0.0,0.0,0.0,0.0,0.0,1.0,0.0,1.0,0.6195015022100783,0.580055673099531,0.2039393136927115,0.21007926007053504,wait:0.000000
13,8:0,8,no_addition,False,0.0,0.0,0.0,0.0,0.0,0.0,0.0,1.0,0.0,1.0,0.42224487806266675,0.34425223090928836,0.09743626015620943,0.3270836536953683,wait:0.261484
13,11:0,11,no_addition,False,0.0,0.0,0.0,0.0,0.0,0.0,0.0,0.0,0.0,1.0,0.657146533296191,0.34031343863475266,0.11254230858288973,0.15467226241520335,wait:0.000000
13,12:0,12,no_addition,False,0.0,0.0,0.0,0.0,0.0,0.0,0.0,0.0,0.0,0.0,0.7437817987812785,0.48527716350699646,0.2378376446886984,0.3113206276857364,wait:0.000000
13,15:0,15,no_addition,False,0.0,0.2857142857142857,0.0,0.2857142857142857,0.0,0.0,0.0,0.0,0.0,1.0,0.5815402376273211,0.3286559056559303,0.12013139547880683,0.3477759012907366,wait:0.000000
13,17:0,17,no_addition,False,0.0,0.0,0.0,0.0,0.0,0.0,0.0,0.0,0.0,0.0,0.5319935126913222,0.5734977925998279,0.253902026142052,0.30760713930070754,wait:0.000000
13,20:0,20,no_addition,False,0.0,0.16666666666666666,0.0,0.16666666666666666,0.0,0.0,0.0,0.0,0.0,0.0,0.6195092762977208,0.4718195611743685,0.1422286741409436,0.3313690644133946,wait:0.000000
13,22:0,22,no_addition,False,0.0,0.0,0.0,0.0,0.0,0.0,0.0,3.0,0.0,0.0,0.5249099051021684,0.576739380845966,0.1072317536866028,0.38624423250672224,wait:0.000000
13,24:0,24,no_addition,False,0.0,0.0,0.0,0.0,0.0,0.0,0.0,1.0,0.0,1.0,0.6684423983588719,0.5285370077034568,0.26239716001572394,0.36884069536487507,wait:0.000000
13,27:0,27,no_addition,False,0.0,0.2,0.0,0.2,0.0,0.0,0.0,0.0,0.0,0.0,0.6925893067107659,0.6392206064589001,0.15779028109324086,0.353722948422607,wait:0.000000
13,30:0,30,no_addition,False,0.0,0.08333333333333333,0.0,0.08333333333333333,0.0,0.0,0.0,0.0,0.0,1.0,0.6113152525564187,0.44052028950007993,0.10568988529152609,0.29191186615327086,wait:0.000000
13,31:0,31,no_addition,False,0.0,0.2,0.0,0.2,0.0,0.0,0.0,1.0,0.0,2.0,0.639231730984955,0.5489030526499363,0.15877040446700252,0.1865795973543555,wait:0.000000
13,35:0,35,no_addition,False,0.0,0.16666666666666666,0.0,0.16666666666666666,0.0,0.0,0.0,1.0,0.0,0.0,0.5686148129675394,0.4427762288136687,0.11359345932382238,0.16606751870033873,wait:0.000000
13,39:0,39,no_addition,False,0.0,0.09090909090909091,0.0,0.09090909090909091,0.0,0.0,0.0,0.0,0.0,1.0,0.4294577007052264,0.4134846893986729,0.11278642516549683,0.3085275609938313,wait:0.000000
13,42:0,42,no_addition,False,0.0,0.14285714285714285,0.0,0.14285714285714285,0.0,0.0,0.0,1.0,0.0,0.0,0.3646625997759556,0.49531641640659246,0.20447239480110982,0.16011706831521896,wait:0.000000
13,46:0,46,no_addition,False,0.0,0.3333333333333333,0.0,0.3333333333333333,0.0,0.1111111111111111,0.0,0.0,0.0,0.0,0.46247147996441473,0.6596503611583785,0.18523664050489752,0.1452971743284645,wait:0.000000
13,49:0,49,no_addition,False,0.0,0.0,0.0,0.0,0.0,0.0,0.0,0.0,0.0,1.0,0.5412220236875722,0.5476715444865962,0.20702198292046725,0.3550969080079869,wait:0.000000
13,50:0,50,no_addition,False,0.0,0.0,0.0,0.0,0.0,0.0,0.0,0.0,0.0,0.0,0.3887471694008641,0.28772933443180404,0.2088022698026999,0.2124178474471884,wait:0.000000
13,52:0,52,no_addition,False,0.0,0.0,0.0,0.0,0.0,0.0,0.0,1.0,0.0,2.0,0.6875190938505968,0.4081447523651818,0.2476619091839592,0.2339709438701195,wait:0.000000
13,54:0,54,no_addition,False,0.0,0.0,0.0,0.0,0.0,0.0,0.0,2.0,0.0,1.0,0.36049733782908744,0.5729067926001484,0.25533682668695057,0.3412197200125101,wait:0.000000
13,58:0,58,no_addition,False,0.0,0.0,0.0,0.0,0.0,0.0,0.0,0.0,0.0,1.0,0.6198457129212576,0.4061195582818231,0.24863939297565013,0.20532809497258347,wait:0.000000
13,59:0,59,no_addition,False,0.0,0.0,0.0,0.0,0.0,0.0,0.0,0.0,0.0,1.0,0.7002922637422113,0.45674868461024093,0.23509445490004036,0.40267072128357945,wait:0.000000
13,60:0,60,no_addition,False,0.0,0.0,0.0,0.0,0.0,0.0,0.0,0.0,0.0,1.0,0.5845134400782842,0.5647111266527667,0.21802528225456477,0.22323942159545873,wait:0.000000
13,61:0,61,no_addition,False,0.0,0.0,0.0,0.0,0.0,0.0,0.0,0.0,0.0,0.0,0.40466418061386694,0.42786425934215844,0.2012198617440855,0.3431351479999387,wait:0.000000
13,68:0,68,no_addition,False,0.0,0.14285714285714285,0.0,0.14285714285714285,0.0,0.0,0.0,0.0,0.0,0.0,0.4856375652076465,0.39336260514379606,0.26128882804747644,0.2794370390781513,wait:0.000000
13,70:0,70,no_addition,False,0.0,0.0,0.0,0.0,0.0,0.0,0.0,0.0,0.0,1.0,0.7250418326056267,0.4437218501996302,0.2066890976646894,0.2580273057930491,wait:0.000000
13,73:0,73,no_addition,False,0.0,0.0,0.0,0.0,0.0,0.0,0.0,1.0,0.0,0.0,0.40420682498105226,0.43143296406064047,0.10135193454551357,0.21381812730705063,wait:0.000000
13,75:0,75,no_addition,False,0.0,0.15384615384615385,0.0,0.15384615384615385,0.0,0.0,0.0,1.0,0.0,1.0,0.4230941969831738,0.5124199876305449,0.14526836109731428,0.20551179541632256,wait:0.000000
13,77:0,77,no_addition,False,0.0,0.0,0.0,0.0,0.0,0.0,0.0,0.0,0.0,1.0,0.7057895980559208,0.4589235546267586,0.1774995824071297,0.3403705026808585,wait:0.000000
13,78:0,78,no_addition,False,0.0,0.0,0.0,0.0,0.0,0.0,0.0,0.0,0.0,0.0,0.6649527470465615,0.2708445688219129,0.19539182057908258,0.3732642554777805,wait:0.000000;e:-0.129416
13,79:0,79,no_addition,False,0.0,0.0,0.0,0.0,0.0,0.0,0.0,0.0,0.0,1.0,0.6554007144387883,0.3048294156530843,0.11701546148724276,0.22854336518025284,wait:0.000000
13,82:0,82,no_addition,False,0.0,0.125,0.0,0.125,0.0,0.0,0.0,0.0,0.0,0.0,0.7286328395366878,0.36352177295393373,0.15698912011979346,0.14824978306344735,wait:0.000000
13,85:0,85,no_addition,False,0.0,0.0,0.0,0.0,0.0,0.0,0.0,0.0,0.0,0.0,0.7153815322741996,0.556425413119678,0.16364315346228214,0.22556310027741625,wait:0.000000
13,88:0,88,no_addition,False,0.0,0.08333333333333333,0.0,0.08333333333333333,0.0,0.0,0.0,3.0,0.0,1.0,0.7163316377708322,0.6414629403822765,0.09809896900767885,0.2484204188053176,wait:0.000000
13,89:0,89,no_addition,False,0.0,0.16666666666666666,0.0,0.16666666666666666,0.0,0.0,0.0,1.0,0.0,0.0,0.6654086354683044,0.39078034247695037,0.17411602439694465,0.27370236927747993,wait:0.000000
13,90:0,90,no_addition,False,0.0,0.0,0.0,0.0,0.0,0.0,0.0,0.0,0.0,0.0,0.5496088598221989,0.5230713273300622,0.13492759998526915,0.34468040679375855,wait:0.000000
13,91:0,91,no_addition,False,0.0,0.0,0.0,0.0,0.0,0.0,0.0,1.0,0.0,0.0,0.4008685735824922,0.5087060877413666,0.22139914132820376,0.16502895016143204,wait:0.000000
13,99:0,99,no_addition,False,0.0,0.16666666666666666,0.0,0.16666666666666666,0.0,0.0,0.0,0.0,0.0,0.0,0.595919754635573,0.3031051908867153,0.2567075269935262,0.3515030813689487,wait:0.000000;e:-0.078610
13,100:0,100,no_addition,False,0.0,0.0,0.0,0.0,0.0,0.0,0.0,1.0,0.0,1.0,0.7169641560585482,0.47389079813033086,0.23232263065211484,0.18559087631515395,wait:0.000000
13,102:0,102,no_addition,False,0.0,0.0,0.0,0.0,0.0,0.0,0.0,1.0,0.0,1.0,0.701367219239883,0.3019596458082512,0.18771390352718884,0.3406883754000892,wait:0.000000
13,103:0,103,no_addition,False,0.0,0.0,0.0,0.0,0.0,0.0,0.0,1.0,0.0,0.0,0.48453188448400963,0.37332048399161005,0.24040021754476024,0.2514446862260086,wait:0.108575
13,104:0,104,no_addition,False,0.0,0.0,0.0,0.0,0.0,0.0,0.0,1.0,0.0,0.0,0.4805291116972771,0.37700639757985727,0.24182705034992438,0.26225319894977905,wait:0.109647
13,106:0,106,no_addition,False,0.0,0.2,0.0,0.2,0.0,0.0,0.0,0.0,0.0,0.0,0.6038869960114561,0.39577465450103894,0.16466671110779404,0.1547842405270572,wait:0.115105
13,107:0,107,no_addition,False,0.0,0.1,0.0,0.1,0.0,0.0,0.0,0.0,0.0,0.0,0.5601272085917144,0.4027578298740651,0.11188658600935725,0.19905474691780206,wait:0.117136
13,111:0,111,no_addition,False,0.0,0.0,0.0,0.0,0.0,0.0,0.0,0.0,0.0,1.0,0.6296869035044703,0.4342476727659266,0.11558516615917062,0.1539376686338176,wait:0.126294
13,112:0,112,no_addition,False,0.0,0.0,0.0,0.0,0.0,0.0,0.0,1.0,0.0,0.0,0.7348930726439825,0.617310990234325,0.10878586675424282,0.1906376254280636,wait:0.000000
13,113:0,113,no_addition,False,0.0,0.0,0.0,0.0,0.0,0.0,0.0,0.0,0.0,0.0,0.36884265054638277,0.5871883438705638,0.20774743918817895,0.15152591661893103,wait:0.000000
13,118:0,118,no_addition,False,0.0,0.0,0.0,0.0,0.0,0.0,0.0,1.0,0.0,0.0,0.7419538127860572,0.3931347440071242,0.22127615320016214,0.1744441787687567,wait:0.114337
14,0:0,0,no_addition,False,0.0,0.125,0.0,0.125,0.0,0.0,0.0,0.0,0.0,1.0,0.6849269699863758,0.5289382254531476,0.1483707952442035,0.2689827021001089,wait:0.000000
14,5:0,5,no_addition,False,0.0,0.0,0.0,0.0,0.0,0.0,0.0,2.0,0.0,0.0,0.46352023428589695,0.3788347320900052,0.1609773507552331,0.3021323944895209,wait:0.324440
14,7:0,7,no_addition,False,0.0,0.0,0.0,0.0,0.0,0.0,0.0,0.0,0.0,0.0,0.6195015022100783,0.5941831448229777,0.2039393136927115,0.21007926007053504,wait:0.000000
14,8:0,8,no_addition,False,0.0,0.0,0.0,0.0,0.0,0.0,0.0,1.0,0.0,1.0,0.42224487806266675,0.34425223090928836,0.09743626015620943,0.3270836536953683,wait:0.231916
14,11:0,11,no_addition,False,0.0,0.0,0.0,0.0,0.0,0.0,0.0,0.0,0.0,0.0,0.657146533296191,0.37812604292750296,0.11254230858288973,0.15467226241520335,wait:0.000000
14,12:0,12,no_addition,False,0.0,0.0,0.0,0.0,0.0,0.0,0.0,0.0,0.0,0.0,0.7437817987812785,0.48527716350699646,0.2378376446886984,0.3113206276857364,wait:0.000000
14,15:0,15,no_addition,False,0.0,0.2857142857142857,0.0,0.2857142857142857,0.0,0.0,0.0,0.0,0.0,1.0,0.5815402376273211,0.3286559056559303,0.12013139547880683,0.3477759012907366,wait:0.000000
14,17:0,17,no_addition,False,0.0,0.0,0.0,0.0,0.0,0.0,0.0,0.0,0.0,0.0,0.5319935126913222,0.5734977925998279,0.253902026142052,0.30760713930070754,wait:0.000000
14,20:0,20,no_addition,False,0.0,0.16666666666666666,0.0,0.16666666666666666,0.0,0.0,0.0,0.0,0.0,0.0,0.6195092762977208,0.4718195611743685,0.1422286741409436,0.3313690644133946,wait:0.000000
14,22:0,22,no_addition,False,0.0,0.0,0.0,0.0,0.0,0.0,0.0,0.0,0.0,0.0,0.5249099051021684,0.48382851322678777,0.1072317536866028,0.38624423250672224,wait:0.000000
14,24:0,24,no_addition,False,0.0,0.0,0.0,0.0,0.0,0.0,0.0,0.0,0.0,1.0,0.6684423983588719,0.48021565521542475,0.26239716001572394,0.36884069536487507,wait:0.000000
14,27:0,27,no_addition,False,0.0,0.2,0.0,0.2,0.0,0.0,0.0,0.0,0.0,0.0,0.6925893067107659,0.6392206064589001,0.15779028109324086,0.353722948422607,wait:0.000000
14,30:0,30,no_addition,False,0.0,0.08333333333333333,0.0,0.08333333333333333,0.0,0.0,0.0,0.0,0.0,1.0,0.6113152525564187,0.44052028950007993,0.10568988529152609,0.29191186615327086,wait:0.000000
14,31:0,31,no_addition,False,0.0,0.2,0.0,0.2,0.0,0.0,0.0,0.0,0.0,2.0,0.639231730984955,0.5067897496981048,0.15877040446700252,0.1865795973543555,wait:0.000000
14,35:0,35,no_addition,False,0.0,0.16666666666666666,0.0,0.16666666666666666,0.0,0.0,0.0,1.0,0.0,0.0,0.5686148129675394,0.4427762288136687,0.11359345932382238,0.16606751870033873,wait:0.000000
14,39:0,39,no_addition,False,0.0,0.09090909090909091,0.0,0.09090909090909091,0.0,0.0,0.0,0.0,0.0,1.0,0.4294577007052264,0.4134846893986729,0.11278642516549683,0.3085275609938313,wait:0.000000
14,42:0,42,no_addition,False,0.0,0.14285714285714285,0.0,0.14285714285714285,0.0,0.0,0.0,0.0,0.0,0.0,0.3646625997759556,0.43924046267399164,0.20447239480110982,0.16011706831521896,wait:0.000000
14,46:0,46,no_addition,False,0.0,0.2222222222222222,0.0,0.2222222222222222,0.0,0.0,0.0,0.0,0.0,1.0,0.46247147996441473,0.5936853250425407,0.18523664050489752,0.14875663086009464,wait:0.000000
14,49:0,49,no_addition,False,0.0,0.0,0.0,0.0,0.0,0.0,0.0,0.0,0.0,0.0,0.5412220236875722,0.6085239383184402,0.20702198292046725,0.3550969080079869,wait:0.000000
14,50:0,50,no_addition,False,0.0,0.0,0.0,0.0,0.0,0.0,0.0,0.0,0.0,0.0,0.3887471694008641,0.28772933443180404,0.2088022698026999,0.2124178474471884,wait:0.000000
14,52:0,52,no_addition,False,0.0,0.0,0.0,0.0,0.0,0.0,0.0,0.0,0.0,2.0,0.6875190938505968,0.36088175550049334,0.2476619091839592,0.2339709438701195,wait:0.000000
14,54:0,54,no_addition,False,0.0,0.0,0.0,0.0,0.0,0.0,0.0,2.0,0.0,1.0,0.36049733782908744,0.5729067926001484,0.25533682668695057,0.3412197200125101,wait:0.000000
14,58:0,58,no_addition,False,0.0,0.0,0.0,0.0,0.0,0.0,0.0,0.0,0.0,1.0,0.6198457129212576,0.4061195582818231,0.24863939297565013,0.20532809497258347,wait:0.000000
14,59:0,59,no_addition,False,0.0,0.0,0.0,0.0,0.0,0.0,0.0,0.0,0.0,1.0,0.7002922637422113,0.45674868461024093,0.23509445490004036,0.40267072128357945,wait:0.000000
14,60:0,60,no_addition,False,0.0,0.0,0.0,0.0,0.0,0.0,0.0,0.0,0.0,1.0,0.5845134400782842,0.5647111266527667,0.21802528225456477,0.22323942159545873,wait:0.000000
14,61:0,61,no_addition,False,0.0,0.0,0.0,0.0,0.0,0.0,0.0,0.0,0.0,0.0,0.40466418061386694,0.42786425934215844,0.2012198617440855,0.3431351479999387,wait:0.000000
14,68:0,68,no_addition,False,0.0,0.14285714285714285,0.0,0.14285714285714285,0.0,0.0,0.0,0.0,0.0,0.0,0.4856375652076465,0.39336260514379606,0.26128882804747644,0.2794370390781513,wait:0.000000
14,70:0,70,no_addition,False,0.0,0.0,0.0,0.0,0.0,0.0,0.0,0.0,0.0,1.0,0.7250418326056267,0.4437218501996302,0.2066890976646894,0.2580273057930491,wait:0.000000
14,73:0,73,no_addition,False,0.0,0.0,0.0,0.0,0.0,0.0,0.0,0.0,0.0,0.0,0.40420682498105226,0.36825884895626715,0.10135193454551357,0.21381812730705063,wait:0.000000
14,75:0,75,no_addition,False,0.0,0.15384615384615385,0.0,0.15384615384615385,0.0,0.0,0.0,1.0,0.0,1.0,0.4230941969831738,0.5124199876305449,0.14526836109731428,0.20551179541632256,wait:0.000000
14,77:0,77,no_addition,False,0.0,0.0,0.0,0.0,0.0,0.0,0.0,0.0,0.0,1.0,0.7057895980559208,0.4589235546267586,0.1774995824071297,0.3403705026808585,wait:0.000000
14,78:0,78,no_addition,False,0.0,0.0,0.0,0.0,0.0,0.0,0.0,0.0,0.0,0.0,0.6649527470465615,0.2708445688219129,0.19539182057908258,0.3732642554777805,wait:0.000000;e:-0.129416
14,79:0,79,no_addition,False,0.0,0.0,0.0,0.0,0.0,0.0,0.0,0.0,0.0,0.0,0.6554007144387883,0.3386993507256493,0.11701546148724276,0.22854336518025284,wait:0.000000
14,82:0,82,no_addition,False,0.0,0.125,0.0,0.125,0.0,0.0,0.0,0.0,0.0,0.0,0.7286328395366878,0.36352177295393373,0.15698912011979346,0.14824978306344735,wait:0.000000
14,85:0,85,no_addition,False,0.0,0.0,0.0,0.0,0.0,0.0,0.0,0.0,0.0,0.0,0.7153815322741996,0.556425413119678,0.16364315346228214,0.22556310027741625,wait:0.000000
14,88:0,88,no_addition,False,0.0,0.08333333333333333,0.0,0.08333333333333333,0.0,0.0,0.0,2.0,0.0,1.0,0.7163316377708322,0.6237495138918334,0.09809896900767885,0.2484204188053176,wait:0.000000
14,89:0,89,no_addition,False,0.0,0.16666666666666666,0.0,0.16666666666666666,0.0,0.0,0.0,1.0,0.0,0.0,0.6654086354683044,0.39078034247695037,0.17411602439694465,0.27370236927747993,wait:0.000000
14,90:0,90,no_addition,False,0.0,0.0,0.0,0.0,0.0,0.0,0.0,0.0,0.0,0.0,0.5496088598221989,0.5230713273300622,0.13492759998526915,0.34468040679375855,wait:0.000000
14,91:0,91,no_addition,False,0.0,0.0,0.0,0.0,0.0,0.0,0.0,0.0,0.0,0.0,0.4008685735824922,0.45411787526818514,0.22139914132820376,0.16502895016143204,wait:0.000000
14,99:0,99,no_addition,False,0.0,0.16666666666666666,0.0,0.16666666666666666,0.0,0.0,0.0,0.0,0.0,0.0,0.595919754635573,0.3031051908867153,0.2567075269935262,0.3515030813689487,wait:0.000000;e:-0.078610
14,100:0,100,no_addition,False,0.0,0.0,0.0,0.0,0.0,0.0,0.0,1.0,0.0,1.0,0.7169641560585482,0.47389079813033086,0.23232263065211484,0.18559087631515395,wait:0.000000
14,102:0,102,no_addition,False,0.0,0.0,0.0,0.0,0.0,0.0,0.0,1.0,0.0,1.0,0.701367219239883,0.3019596458082512,0.18771390352718884,0.3406883754000892,wait:0.000000
14,103:0,103,no_addition,False,0.0,0.0,0.0,0.0,0.0,0.0,0.0,0.0,0.0,0.0,0.48453188448400963,0.3036894266573445,0.24040021754476024,0.2514446862260086,wait:0.078336
14,104:0,104,no_addition,False,0.0,0.0,0.0,0.0,0.0,0.0,0.0,0.0,0.0,0.0,0.4805291116972771,0.3077848861998414,0.24182705034992438,0.26225319894977905,wait:0.000000
14,106:0,106,no_addition,False,0.0,0.2,0.0,0.2,0.0,0.0,0.0,0.0,0.0,0.0,0.6038869960114561,0.39577465450103894,0.16466671110779404,0.1547842405270572,wait:0.102089
14,107:0,107,no_addition,False,0.0,0.1,0.0,0.1,0.0,0.0,0.0,0.0,0.0,0.0,0.5601272085917144,0.4027578298740651,0.11188658600935725,0.19905474691780206,wait:0.103890
14,111:0,111,no_addition,False,0.0,0.0,0.0,0.0,0.0,0.0,0.0,0.0,0.0,1.0,0.6296869035044703,0.4342476727659266,0.11558516615917062,0.1539376686338176,wait:0.112013
14,112:0,112,no_addition,False,0.0,0.0,0.0,0.0,0.0,0.0,0.0,1.0,0.0,0.0,0.7348930726439825,0.617310990234325,0.10878586675424282,0.1906376254280636,wait:0.000000
14,113:0,113,no_addition,False,0.0,0.0,0.0,0.0,0.0,0.0,0.0,0.0,0.0,0.0,0.36884265054638277,0.5871883438705638,0.20774743918817895,0.15152591661893103,wait:0.000000
14,118:0,118,no_addition,False,0.0,0.0,0.0,0.0,0.0,0.0,0.0,1.0,0.0,0.0,0.7419538127860572,0.3931347440071242,0.22127615320016214,0.1744441787687567,wait:0.101408
15,0:0,0,no_addition,False,0.0,0.125,0.0,0.125,0.0,0.0,0.0,0.0,0.0,1.0,0.6849269699863758,0.5289382254531476,0.1483707952442035,0.2689827021001089,wait:0.000000
15,5:0,5,no_addition,False,0.0,0.0,0.0,0.0,0.0,0.0,0.0,1.0,0.0,0.0,0.46352023428589695,0.3422955986835349,0.1609773507552331,0.3021323944895209,wait:0.259998
15,7:0,7,no_addition,False,0.0,0.0,0.0,0.0,0.0,0.0,0.0,0.0,0.0,0.0,0.6195015022100783,0.5941831448229777,0.2039393136927115,0.21007926007053504,wait:0.000000
15,8:0,8,no_addition,False,0.0,0.0,0.0,0.0,0.0,0.0,0.0,0.0,0.0,0.0,0.42224487806266675,0.31676733048151573,0.09743626015620943,0.3270836536953683,wait:0.189269
15,11:0,11,no_addition,False,0.0,0.0,0.0,0.0,0.0,0.0,0.0,0.0,0.0,0.0,0.657146533296191,0.37812604292750296,0.11254230858288973,0.15467226241520335,wait:0.000000
15,12:0,12,no_addition,False,0.0,0.0,0.0,0.0,0.0,0.0,0.0,0.0,0.0,0.0,0.7437817987812785,0.48527716350699646,0.2378376446886984,0.3113206276857364,wait:0.000000
15,15:0,15,no_addition,False,0.0,0.2857142857142857,0.0,0.2857142857142857,0.0,0.0,0.0,0.0,0.0,0.0,0.5815402376273211,0.3651732285065892,0.12013139547880683,0.3477759012907366,wait:0.000000
15,17:0,17,no_addition,False,0.0,0.0,0.0,0.0,0.0,0.0,0.0,0.0,0.0,0.0,0.5319935126913222,0.5734977925998279,0.253902026142052,0.30760713930070754,wait:0.000000
15,20:0,20,no_addition,False,0.0,0.16666666666666666,0.0,0.16666666666666666,0.0,0.0,0.0,0.0,0.0,0.0,0.6195092762977208,0.4718195611743685,0.1422286741409436,0.3313690644133946,wait:0.000000
15,22:0,22,no_addition,False,0.0,0.0,0.0,0.0,0.0,0.0,0.0,0.0,0.0,0.0,0.5249099051021684,0.48382851322678777,0.1072317536866028,0.38624423250672224,wait:0.000000
15,24:0,24,no_addition,False,0.0,0.0,0.0,0.0,0.0,0.0,0.0,0.0,0.0,0.0,0.6684423983588719,0.5335729502393609,0.26239716001572394,0.36884069536487507,wait:0.000000
15,27:0,27,no_addition,False,0.0,0.0,0.0,0.0,0.0,0.0,0.0,1.0,0.0,0.0,0.6925893067107659,0.6752985458130101,0.15779028109324086,0.3684614046068823,wait:0.000000
15,30:0,30,no_addition,False,0.0,0.08333333333333333,0.0,0.08333333333333333,0.0,0.0,0.0,0.0,0.0,1.0,0.6113152525564187,0.44052028950007993,0.10568988529152609,0.29191186615327086,wait:0.000000
15,31:0,31,no_addition,False,0.0,0.2,0.0,0.2,0.0,0.0,0.0,0.0,0.0,1.0,0.639231730984955,0.5366009114450521,0.15877040446700252,0.1865795973543555,wait:0.000000
15,35:0,35,no_addition,False,0.0,0.16666666666666666,0.0,0.16666666666666666,0.0,0.0,0.0,0.0,0.0,0.0,0.5686148129675394,0.3808624764596319,0.11359345932382238,0.16606751870033873,wait:0.000000
15,39:0,39,no_addition,False,0.0,0.09090909090909091,0.0,0.09090909090909091,0.0,0.0,0.0,0.0,0.0,1.0,0.4294577007052264,0.4134846893986729,0.11278642516549683,0.3085275609938313,wait:0.000000
15,42:0,42,no_addition,False,0.0,0.14285714285714285,0.0,0.14285714285714285,0.0,0.0,0.0,0.0,0.0,0.0,0.3646625997759556,0.43924046267399164,0.20447239480110982,0.16011706831521896,wait:0.000000
15,46:0,46,no_addition,False,0.0,0.2222222222222222,0.0,0.2222222222222222,0.0,0.0,0.0,0.0,0.0,1.0,0.46247147996441473,0.5936853250425407,0.18523664050489752,0.14875663086009464,wait:0.000000
15,49:0,49,no_addition,False,0.0,0.0,0.0,0.0,0.0,0.0,0.0,0.0,0.0,0.0,0.5412220236875722,0.6085239383184402,0.20702198292046725,0.3550969080079869,wait:0.000000
15,50:0,50,no_addition,False,0.0,0.0,0.0,0.0,0.0,0.0,0.0,0.0,0.0,0.0,0.3887471694008641,0.28772933443180404,0.2088022698026999,0.2124178474471884,wait:0.000000
15,52:0,52,no_addition,False,0.0,0.0,0.0,0.0,0.0,0.0,0.0,0.0,0.0,1.0,0.6875190938505968,0.3821100940593459,0.2476619091839592,0.2339709438701195,wait:0.000000
15,54:0,54,no_addition,False,0.0,0.0,0.0,0.0,0.0,0.0,0.0,1.0,0.0,0.0,0.36049733782908744,0.5970928211465043,0.25533682668695057,0.3412197200125101,wait:0.000000
15,58:0,58,no_addition,False,0.0,0.0,0.0,0.0,0.0,0.0,0.0,0.0,0.0,0.0,0.6198457129212576,0.4512439536464701,0.24863939297565013,0.20532809497258347,wait:0.000000
15,59:0,59,no_addition,False,0.0,0.0,0.0,0.0,0.0,0.0,0.0,0.0,0.0,1.0,0.7002922637422113,0.45674868461024093,0.23509445490004036,0.40267072128357945,wait:0.000000
15,60:0,60,no_addition,False,0.0,0.0,0.0,0.0,0.0,0.0,0.0,0.0,0.0,1.0,0.5845134400782842,0.5647111266527667,0.21802528225456477,0.22323942159545873,wait:0.000000
15,61:0,61,no_addition,False,0.0,0.0,0.0,0.0,0.0,0.0,0.0,0.0,0.0,0.0,0.40466418061386694,0.42786425934215844,0.2012198617440855,0.3431351479999387,wait:0.000000
15,68:0,68,no_addition,False,0.0,0.14285714285714285,0.0,0.14285714285714285,0.0,0.0,0.0,0.0,0.0,0.0,0.4856375652076465,0.39336260514379606,0.26128882804747644,0.2794370390781513,wait:0.000000
15,70:0,70,no_addition,False,0.0,0.0,0.0,0.0,0.0,0.0,0.0,0.0,0.0,0.0,0.7250418326056267,0.49302427799958903,0.2066890976646894,0.2580273057930491,wait:0.000000
15,73:0,73,no_addition,False,0.0,0.0,0.0,0.0,0.0,0.0,0.0,0.0,0.0,0.0,0.40420682498105226,0.36825884895626715,0.10135193454551357,0.21381812730705063,wait:0.000000
15,75:0,75,no_addition,False,0.0,0.07692307692307693,0.0,0.07692307692307693,0.0,0.0,0.0,1.0,0.0,0.0,0.4230941969831738,0.563150575138224,0.14526836109731428,0.20877388740705785,wait:0.000000
15,77:0,77,no_addition,False,0.0,0.0,0.0,0.0,0.0,0.0,0.0,0.0,0.0,0.0,0.7057895980559208,0.5099150606963985,0.1774995824071297,0.3403705026808585,wait:0.000000
15,78:0,78,no_addition,False,0.0,0.0,0.0,0.0,0.0,0.0,0.0,0.0,0.0,0.0,0.6649527470465615,0.2708445688219129,0.19539182057908258,0.3732642554777805,wait:0.000000;e:-0.129416
15,79:0,79,no_addition,False,0.0,0.0,0.0,0.0,0.0,0.0,0.0,0.0,0.0,0.0,0.6554007144387883,0.3386993507256493,0.11701546148724276,0.22854336518025284,wait:0.000000
15,82:0,82,no_addition,False,0.0,0.125,0.0,0.125,0.0,0.0,0.0,0.0,0.0,0.0,0.7286328395366878,0.36352177295393373,0.15698912011979346,0.14824978306344735,wait:0.000000
15,85:0,85,no_addition,False,0.0,0.0,0.0,0.0,0.0,0.0,0.0,0.0,0.0,0.0,0.7153815322741996,0.556425413119678,0.16364315346228214,0.22556310027741625,wait:0.000000
15,88:0,88,no_addition,False,0.0,0.0,0.0,0.0,0.0,0.0,0.0,2.0,0.0,0.0,0.7163316377708322,0.6721793741561688,0.09809896900767885,0.2526309343782891,wait:0.000000
15,89:0,89,no_addition,False,0.0,0.16666666666666666,0.0,0.16666666666666666,0.0,0.0,0.0,1.0,0.0,0.0,0.6654086354683044,0.39078034247695037,0.17411602439694465,0.27370236927747993,wait:0.000000
15,90:0,90,no_addition,False,0.0,0.0,0.0,0.0,0.0,0.0,0.0,0.0,0.0,0.0,0.5496088598221989,0.5230713273300622,0.13492759998526915,0.34468040679375855,wait:0.000000
15,91:0,91,no_addition,False,0.0,0.0,0.0,0.0,0.0,0.0,0.0,0.0,0.0,0.0,0.4008685735824922,0.45411787526818514,0.22139914132820376,0.16502895016143204,wait:0.000000
15,99:0,99,no_addition,False,0.0,0.0,0.0,0.0,0.0,0.0,0.0,1.0,0.0,0.0,0.595919754635573,0.37279467179804376,0.2567075269935262,0.36362387727822276,wait:0.000000;e:-0.027988
15,100:0,100,no_addition,False,0.0,0.0,0.0,0.0,0.0,0.0,0.0,0.0,0.0,0.0,0.7169641560585482,0.4692832919180363,0.23232263065211484,0.18559087631515395,wait:0.000000
15,102:0,102,no_addition,False,0.0,0.0,0.0,0.0,0.0,0.0,0.0,0.0,0.0,0.0,0.701367219239883,0.26701134800970727,0.18771390352718884,0.3406883754000892,wait:0.000000
15,104:0,104,no_addition,False,0.0,0.0,0.0,0.0,0.0,0.0,0.0,0.0,0.0,0.0,0.4805291116972771,0.3077848861998414,0.24182705034992438,0.26225319894977905,wait:0.000000
15,106:0,106,no_addition,False,0.0,0.2,0.0,0.2,0.0,0.0,0.0,0.0,0.0,0.0,0.6038869960114561,0.39577465450103894,0.16466671110779404,0.1547842405270572,wait:0.090545
15,107:0,107,no_addition,False,0.0,0.1,0.0,0.1,0.0,0.0,0.0,0.0,0.0,0.0,0.5601272085917144,0.4027578298740651,0.11188658600935725,0.19905474691780206,wait:0.092142
15,111:0,111,no_addition,False,0.0,0.0,0.0,0.0,0.0,0.0,0.0,0.0,0.0,0.0,0.6296869035044703,0.48249741418436287,0.11558516615917062,0.1539376686338176,wait:0.110385
15,112:0,112,no_addition,False,0.0,0.0,0.0,0.0,0.0,0.0,0.0,1.0,0.0,0.0,0.7348930726439825,0.617310990234325,0.10878586675424282,0.1906376254280636,wait:0.000000
15,113:0,113,no_addition,False,0.0,0.0,0.0,0.0,0.0,0.0,0.0,0.0,0.0,0.0,0.36884265054638277,0.5871883438705638,0.20774743918817895,0.15152591661893103,wait:0.000000
15,118:0,118,no_addition,False,0.0,0.0,0.0,0.0,0.0,0.0,0.0,0.0,0.0,0.0,0.7419538127860572,0.3257052711190269,0.22127615320016214,0.1744441787687567,wait:0.074514
16,0:0,0,no_addition,False,0.0,0.0,0.0,0.0,0.0,0.0,0.0,1.0,0.0,0.0,0.6849269699863758,0.6289382254531476,0.1483707952442035,0.27587969446165017,wait:0.000000
16,5:0,5,no_addition,False,0.0,0.0,0.0,0.0,0.0,0.0,0.0,0.0,0.0,0.0,0.46352023428589695,0.26921733187059427,0.1609773507552331,0.3021323944895209,wait:0.181366
16,7:0,7,no_addition,False,0.0,0.0,0.0,0.0,0.0,0.0,0.0,0.0,0.0,0.0,0.6195015022100783,0.5941831448229777,0.2039393136927115,0.21007926007053504,wait:0.000000
16,8:0,8,no_addition,False,0.0,0.0,0.0,0.0,0.0,0.0,0.0,0.0,0.0,0.0,0.42224487806266675,0.31676733048151573,0.09743626015620943,0.3270836536953683,wait:0.167866
16,11:0,11,no_addition,False,0.0,0.0,0.0,0.0,0.0,0.0,0.0,0.0,0.0,0.0,0.657146533296191,0.37812604292750296,0.11254230858288973,0.15467226241520335,wait:0.000000
16,12:0,12,no_addition,False,0.0,0.0,0.0,0.0,0.0,0.0,0.0,0.0,0.0,0.0,0.7437817987812785,0.48527716350699646,0.2378376446886984,0.3113206276857364,wait:0.000000
16,15:0,15,no_addition,False,0.0,0.14285714285714285,0.0,0.14285714285714285,0.0,0.0,0.0,0.0,0.0,1.0,0.5815402376273211,0.3286559056559303,0.12013139547880683,0.3583145649662135,wait:0.000000
16,17:0,17,no_addition,False,0.0,0.0,0.0,0.0,0.0,0.0,0.0,0.0,0.0,0.0,0.5319935126913222,0.5734977925998279,0.253902026142052,0.30760713930070754,wait:0.000000
16,20:0,20,no_addition,False,0.0,0.0,0.0,0.0,0.0,0.0,0.0,0.0,0.0,1.0,0.6195092762977208,0.42463760505693166,0.1422286741409436,0.34279558387592546,wait:0.000000
16,22:0,22,no_addition,False,0.0,0.0,0.0,0.0,0.0,0.0,0.0,0.0,0.0,0.0,0.5249099051021684,0.48382851322678777,0.1072317536866028,0.38624423250672224,wait:0.000000
16,24:0,24,no_addition,False,0.0,0.0,0.0,0.0,0.0,0.0,0.0,0.0,0.0,0.0,0.6684423983588719,0.5335729502393609,0.26239716001572394,0.36884069536487507,wait:0.000000
16,27:0,27,no_addition,False,0.0,0.0,0.0,0.0,0.0,0.0,0.0,1.0,0.0,0.0,0.6925893067107659,0.6752985458130101,0.15779028109324086,0.3684614046068823,wait:0.000000
16,30:0,30,no_addition,False,0.0,0.0,0.0,0.0,0.0,0.0,0.0,1.0,0.0,0.0,0.6113152525564187,0.5405202895000799,0.10568988529152609,0.2968595249016314,wait:0.000000
16,31:0,31,no_addition,False,0.0,0.0,0.0,0.0,0.0,0.0,0.0,1.0,0.0,1.0,0.639231730984955,0.5817897496981048,0.15877040446700252,0.19435374724412033,wait:0.000000
16,35:0,35,no_addition,False,0.0,0.0,0.0,0.0,0.0,0.0,0.0,0.0,0.0,1.0,0.5686148129675394,0.3427762288136687,0.11359345932382238,0.17179398486241937,wait:0.000000
16,39:0,39,no_addition,False,0.0,0.0,0.0,0.0,0.0,0.0,0.0,1.0,0.0,0.0,0.4294577007052264,0.5134846893986729,0.11278642516549683,0.3142410343455689,wait:0.000000
16,42:0,42,no_addition,False,0.0,0.0,0.0,0.0,0.0,0.0,0.0,0.0,0.0,1.0,0.3646625997759556,0.39531641640659243,0.20447239480110982,0.16482639385390188,wait:0.000000
16,46:0,46,no_addition,False,0.0,0.1111111111111111,0.0,0.1111111111111111,0.0,0.0,0.0,1.0,0.0,1.0,0.46247147996441473,0.6357028069846217,0.18523664050489752,0.15221608739172474,wait:0.000000
16,49:0,49,no_addition,False,0.0,0.0,0.0,0.0,0.0,0.0,0.0,0.0,0.0,0.0,0.5412220236875722,0.6085239383184402,0.20702198292046725,0.3550969080079869,wait:0.000000
16,50:0,50,no_addition,False,0.0,0.0,0.0,0.0,0.0,0.0,0.0,0.0,0.0,0.0,0.3887471694008641,0.28772933443180404,0.2088022698026999,0.2124178474471884,wait:0.000000
16,52:0,52,no_addition,False,0.0,0.0,0.0,0.0,0.0,0.0,0.0,0.0,0.0,0.0,0.6875190938505968,0.424566771177051,0.2476619091839592,0.2339709438701195,wait:0.000000
16,54:0,54,no_addition,False,0.0,0.0,0.0,0.0,0.0,0.0,0.0,0.0,0.0,0.0,0.36049733782908744,0.5523253568294493,0.25533682668695057,0.3412197200125101,wait:0.000000
16,58:0,58,no_addition,False,0.0,0.0,0.0,0.0,0.0,0.0,0.0,0.0,0.0,0.0,0.6198457129212576,0.4512439536464701,0.24863939297565013,0.20532809497258347,wait:0.000000
16,59:0,59,no_addition,False,0.0,0.0,0.0,0.0,0.0,0.0,0.0,0.0,0.0,0.0,0.7002922637422113,0.5074985384558233,0.23509445490004036,0.40267072128357945,wait:0.000000
16,60:0,60,no_addition,False,0.0,0.0,0.0,0.0,0.0,0.0,0.0,0.0,0.0,0.0,0.5845134400782842,0.6274568073919631,0.21802528225456477,0.22323942159545873,wait:0.000000
16,61:0,61,no_addition,False,0.0,0.0,0.0,0.0,0.0,0.0,0.0,0.0,0.0,0.0,0.40466418061386694,0.42786425934215844,0.2012198617440855,0.3431351479999387,wait:0.000000
16,68:0,68,no_addition,False,0.0,0.0,0.0,0.0,0.0,0.0,0.0,0.0,0.0,1.0,0.4856375652076465,0.35402634462941646,0.26128882804747644,0.28765577552162636,wait:0.000000
16,70:0,70,no_addition,False,0.0,0.0,0.0,0.0,0.0,0.0,0.0,0.0,0.0,0.0,0.7250418326056267,0.49302427799958903,0.2066890976646894,0.2580273057930491,wait:0.000000
16,73:0,73,no_addition,False,0.0,0.0,0.0,0.0,0.0,0.0,0.0,0.0,0.0,0.0,0.40420682498105226,0.36825884895626715,0.10135193454551357,0.21381812730705063,wait:0.000000
16,75:0,75,no_addition,False,0.0,0.0,0.0,0.0,0.0,0.0,0.0,1.0,0.0,1.0,0.4230941969831738,0.5124199876305449,0.14526836109731428,0.21203597939779312,wait:0.000000
16,77:0,77,no_addition,False,0.0,0.0,0.0,0.0,0.0,0.0,0.0,0.0,0.0,0.0,0.7057895980559208,0.5099150606963985,0.1774995824071297,0.3403705026808585,wait:0.000000
16,78:0,78,no_addition,False,0.0,0.0,0.0,0.0,0.0,0.0,0.0,0.0,0.0,0.0,0.6649527470465615,0.2708445688219129,0.19539182057908258,0.3732642554777805,wait:0.000000;e:-0.129416
16,79:0,79,no_addition,False,0.0,0.0,0.0,0.0,0.0,0.0,0.0,0.0,0.0,0.0,0.6554007144387883,0.3386993507256493,0.11701546148724276,0.22854336518025284,wait:0.000000
16,82:0,82,no_addition,False,0.0,0.0,0.0,0.0,0.0,0.0,0.0,1.0,0.0,0.0,0.7286328395366878,0.42716959565854035,0.15698912011979346,0.1520510595522537,wait:0.000000
16,85:0,85,no_addition,False,0.0,0.0,0.0,0.0,0.0,0.0,0.0,0.0,0.0,0.0,0.7153815322741996,0.556425413119678,0.16364315346228214,0.22556310027741625,wait:0.000000
16,88:0,88,no_addition,False,0.0,0.0,0.0,0.0,0.0,0.0,0.0,1.0,0.0,0.0,0.7163316377708322,0.6528958079300611,0.09809896900767885,0.2526309343782891,wait:0.000000
16,89:0,89,no_addition,False,0.0,0.16666666666666666,0.0,0.16666666666666666,0.0,0.0,0.0,0.0,0.0,0.0,0.6654086354683044,0.32308926941883376,0.17411602439694465,0.27370236927747993,wait:0.000000
16,90:0,90,no_addition,False,0.0,0.0,0.0,0.0,0.0,0.0,0.0,0.0,0.0,0.0,0.5496088598221989,0.5230713273300622,0.13492759998526915,0.34468040679375855,wait:0.000000
16,91:0,91,no_addition,False,0.0,0.0,0.0,0.0,0.0,0.0,0.0,0.0,0.0,0.0,0.4008685735824922,0.45411787526818514,0.22139914132820376,0.16502895016143204,wait:0.000000
16,99:0,99,no_addition,False,0.0,0.0,0.0,0.0,0.0,0.0,0.0,1.0,0.0,0.0,0.595919754635573,0.37279467179804376,0.2567075269935262,0.36362387727822276,wait:0.000000;e:-0.027988
16,100:0,100,no_addition,False,0.0,0.0,0.0,0.0,0.0,0.0,0.0,0.0,0.0,0.0,0.7169641560585482,0.4692832919180363,0.23232263065211484,0.18559087631515395,wait:0.000000
16,102:0,102,no_addition,False,0.0,0.0,0.0,0.0,0.0,0.0,0.0,0.0,0.0,0.0,0.701367219239883,0.26701134800970727,0.18771390352718884,0.3406883754000892,wait:0.000000
16,104:0,104,no_addition,False,0.0,0.0,0.0,0.0,0.0,0.0,0.0,0.0,0.0,0.0,0.4805291116972771,0.3077848861998414,0.24182705034992438,0.26225319894977905,wait:0.000000
16,111:0,111,no_addition,False,0.0,0.0,0.0,0.0,0.0,0.0,0.0,0.0,0.0,0.0,0.6296869035044703,0.48249741418436287,0.11558516615917062,0.1539376686338176,wait:0.000000
16,112:0,112,no_addition,False,0.0,0.0,0.0,0.0,0.0,0.0,0.0,0.0,0.0,0.0,0.7348930726439825,0.5747899891492501,0.10878586675424282,0.1906376254280636,wait:0.000000
16,113:0,113,no_addition,False,0.0,0.0,0.0,0.0,0.0,0.0,0.0,0.0,0.0,0.0,0.36884265054638277,0.5871883438705638,0.20774743918817895,0.15152591661893103,wait:0.000000
16,118:0,118,no_addition,False,0.0,0.0,0.0,0.0,0.0,0.0,0.0,0.0,0.0,0.0,0.7419538127860572,0.3257052711190269,0.22127615320016214,0.1744441787687567,wait:0.000000
17,0:0,0,no_addition,False,0.0,0.0,0.0,0.0,0.0,0.0,0.0,1.0,0.0,0.0,0.6849269699863758,0.6289382254531476,0.1483707952442035,0.27587969446165017,wait:0.000000
17,5:0,5,no_addition,False,0.0,0.0,0.0,0.0,0.0,0.0,0.0,0.0,0.0,0.0,0.46352023428589695,0.26921733187059427,0.1609773507552331,0.3021323944895209,wait:0.160858
17,7:0,7,no_addition,False,0.0,0.0,0.0,0.0,0.0,0.0,0.0,0.0,0.0,0.0,0.6195015022100783,0.5941831448229777,0.2039393136927115,0.21007926007053504,wait:0.000000
17,8:0,8,no_addition,False,0.0,0.0,0.0,0.0,0.0,0.0,0.0,0.0,0.0,0.0,0.42224487806266675,0.31676733048151573,0.09743626015620943,0.3270836536953683,wait:0.000000
17,11:0,11,no_addition,False,0.0,0.0,0.0,0.0,0.0,0.0,0.0,0.0,0.0,0.0,0.657146533296191,0.37812604292750296,0.11254230858288973,0.15467226241520335,wait:0.000000
17,12:0,12,no_addition,False,0.0,0.0,0.0,0.0,0.0,0.0,0.0,0.0,0.0,0.0,0.7437817987812785,0.48527716350699646,0.2378376446886984,0.3113206276857364,wait:0.000000
17,15:0,15,no_addition,False,0.0,0.0,0.0,0.0,0.0,0.0,0.0,0.0,0.0,2.0,0.5815402376273211,0.31039724423060083,0.12013139547880683,0.36885322864169034,wait:0.000000
17,17:0,17,no_addition,False,0.0,0.0,0.0,0.0,0.0,0.0,0.0,0.0,0.0,0.0,0.5319935126913222,0.5734977925998279,0.253902026142052,0.30760713930070754,wait:0.000000
17,20:0,20,no_addition,False,0.0,0.0,0.0,0.0,0.0,0.0,0.0,0.0,0.0,1.0,0.6195092762977208,0.42463760505693166,0.1422286741409436,0.34279558387592546,wait:0.000000
17,22:0,22,no_addition,False,0.0,0.0,0.0,0.0,0.0,0.0,0.0,0.0,0.0,0.0,0.5249099051021684,0.48382851322678777,0.1072317536866028,0.38624423250672224,wait:0.000000
17,24:0,24,no_addition,False,0.0,0.0,0.0,0.0,0.0,0.0,0.0,0.0,0.0,0.0,0.6684423983588719,0.5335729502393609,0.26239716001572394,0.36884069536487507,wait:0.000000
17,27:0,27,no_addition,False,0.0,0.0,0.0,0.0,0.0,0.0,0.0,1.0,0.0,0.0,0.6925893067107659,0.6752985458130101,0.15779028109324086,0.3684614046068823,wait:0.000000
17,30:0,30,no_addition,False,0.0,0.0,0.0,0.0,0.0,0.0,0.0,1.0,0.0,0.0,0.6113152525564187,0.5405202895000799,0.10568988529152609,0.2968595249016314,wait:0.000000
17,31:0,31,no_addition,False,0.0,0.0,0.0,0.0,0.0,0.0,0.0,1.0,0.0,1.0,0.639231730984955,0.5817897496981048,0.15877040446700252,0.19435374724412033,wait:0.000000
17,35:0,35,no_addition,False,0.0,0.0,0.0,0.0,0.0,0.0,0.0,0.0,0.0,1.0,0.5686148129675394,0.3427762288136687,0.11359345932382238,0.17179398486241937,wait:0.000000
17,39:0,39,no_addition,False,0.0,0.0,0.0,0.0,0.0,0.0,0.0,1.0,0.0,0.0,0.4294577007052264,0.5134846893986729,0.11278642516549683,0.3142410343455689,wait:0.000000
17,42:0,42,no_addition,False,0.0,0.0,0.0,0.0,0.0,0.0,0.0,0.0,0.0,1.0,0.3646625997759556,0.39531641640659243,0.20447239480110982,0.16482639385390188,wait:0.000000
17,46:0,46,no_addition,False,0.0,0.1111111111111111,0.0,0.1111111111111111,0.0,0.0,0.0,1.0,0.0,0.0,0.46247147996441473,0.6936853250425405,0.18523664050489752,0.15221608739172474,wait:0.000000
17,49:0,49,no_addition,False,0.0,0.0,0.0,0.0,0.0,0.0,0.0,0.0,0.0,0.0,0.5412220236875722,0.6085239383184402,0.20702198292046725,0.3550969080079869,wait:0.000000
17,50:0,50,no_addition,False,0.0,0.0,0.0,0.0,0.0,0.0,0.0,0.0,0.0,0.0,0.3887471694008641,0.28772933443180404,0.2088022698026999,0.2124178474471884,wait:0.000000
17,52:0,52,no_addition,False,0.0,0.0,0.0,0.0,0.0,0.0,0.0,0.0,0.0,0.0,0.6875190938505968,0.424566771177051,0.2476619091839592,0.2339709438701195,wait:0.000000
17,54:0,54,no_addition,False,0.0,0.0,0.0,0.0,0.0,0.0,0.0,0.0,0.0,0.0,0.36049733782908744,0.5523253568294493,0.25533682668695057,0.3412197200125101,wait:0.000000
17,58:0,58,no_addition,False,0.0,0.0,0.0,0.0,0.0,0.0,0.0,0.0,0.0,0.0,0.6198457129212576,0.4512439536464701,0.24863939297565013,0.20532809497258347,wait:0.000000
17,59:0,59,no_addition,False,0.0,0.0,0.0,0.0,0.0,0.0,0.0,0.0,0.0,0.0,0.7002922637422113,0.5074985384558233,0.23509445490004036,0.40267072128357945,wait:0.000000
17,60:0,60,no_addition,False,0.0,0.0,0.0,0.0,0.0,0.0,0.0,0.0,0.0,0.0,0.5845134400782842,0.6274568073919631,0.21802528225456477,0.22323942159545873,wait:0.000000
17,61:0,61,no_addition,False,0.0,0.0,0.0,0.0,0.0,0.0,0.0,0.0,0.0,0.0,0.40466418061386694,0.42786425934215844,0.2012198617440855,0.3431351479999387,wait:0.000000
17,68:0,68,no_addition,False,0.0,0.0,0.0,0.0,0.0,0.0,0.0,0.0,0.0,1.0,0.4856375652076465,0.35402634462941646,0.26128882804747644,0.28765577552162636,wait:0.000000
17,70:0,70,no_addition,False,0.0,0.0,0.0,0.0,0.0,0.0,0.0,0.0,0.0,0.0,0.7250418326056267,0.49302427799958903,0.2066890976646894,0.2580273057930491,wait:0.000000
17,73:0,73,no_addition,False,0.0,0.0,0.0,0.0,0.0,0.0,0.0,0.0,0.0,0.0,0.40420682498105226,0.36825884895626715,0.10135193454551357,0.21381812730705063,wait:0.000000
17,75:0,75,no_addition,False,0.0,0.0,0.0,0.0,0.0,0.0,0.0,1.0,0.0,1.0,0.4230941969831738,0.5124199876305449,0.14526836109731428,0.21203597939779312,wait:0.000000
17,77:0,77,no_addition,False,0.0,0.0,0.0,0.0,0.0,0.0,0.0,0.0,0.0,0.0,0.7057895980559208,0.5099150606963985,0.1774995824071297,0.3403705026808585,wait:0.000000
17,78:0,78,no_addition,False,0.0,0.0,0.0,0.0,0.0,0.0,0.0,0.0,0.0,0.0,0.6649527470465615,0.2708445688219129,0.19539182057908258,0.3732642554777805,wait:0.000000;e:-0.129416
17,79:0,79,no_addition,False,0.0,0.0,0.0,0.0,0.0,0.0,0.0,0.0,0.0,0.0,0.6554007144387883,0.3386993507256493,0.11701546148724276,0.22854336518025284,wait:0.000000
17,82:0,82,no_addition,False,0.0,0.0,0.0,0.0,0.0,0.0,0.0,1.0,0.0,0.0,0.7286328395366878,0.42716959565854035,0.15698912011979346,0.1520510595522537,wait:0.000000
17,85:0,85,no_addition,False,0.0,0.0,0.0,0.0,0.0,0.0,0.0,0.0,0.0,0.0,0.7153815322741996,0.556425413119678,0.16364315346228214,0.22556310027741625,wait:0.000000
17,88:0,88,no_addition,False,0.0,0.0,0.0,0.0,0.0,0.0,0.0,1.0,0.0,0.0,0.7163316377708322,0.6528958079300611,0.09809896900767885,0.2526309343782891,wait:0.000000
17,89:0,89,no_addition,False,0.0,0.0,0.0,0.0,0.0,0.0,0.0,0.0,0.0,1.0,0.6654086354683044,0.29078034247695034,0.17411602439694465,0.28314038201118613,wait:0.000000
17,90:0,90,no_addition,False,0.0,0.0,0.0,0.0,0.0,0.0,0.0,0.0,0.0,0.0,0.5496088598221989,0.5230713273300622,0.13492759998526915,0.34468040679375855,wait:0.000000
17,91:0,91,no_addition,False,0.0,0.0,0.0,0.0,0.0,0.0,0.0,0.0,0.0,0.0,0.4008685735824922,0.45411787526818514,0.22139914132820376,0.16502895016143204,wait:0.000000
17,99:0,99,no_addition,False,0.0,0.0,0.0,0.0,0.0,0.0,0.0,1.0,0.0,0.0,0.595919754635573,0.37279467179804376,0.2567075269935262,0.36362387727822276,wait:0.000000;e:-0.027988
17,100:0,100,no_addition,False,0.0,0.0,0.0,0.0,0.0,0.0,0.0,0.0,0.0,0.0,0.7169641560585482,0.4692832919180363,0.23232263065211484,0.18559087631515395,wait:0.000000
17,102:0,102,no_addition,False,0.0,0.0,0.0,0.0,0.0,0.0,0.0,0.0,0.0,0.0,0.701367219239883,0.26701134800970727,0.18771390352718884,0.3406883754000892,wait:0.000000
17,104:0,104,no_addition,False,0.0,0.0,0.0,0.0,0.0,0.0,0.0,0.0,0.0,0.0,0.4805291116972771,0.3077848861998414,0.24182705034992438,0.26225319894977905,wait:0.000000
17,111:0,111,no_addition,False,0.0,0.0,0.0,0.0,0.0,0.0,0.0,0.0,0.0,0.0,0.6296869035044703,0.48249741418436287,0.11558516615917062,0.1539376686338176,wait:0.000000
17,112:0,112,no_addition,False,0.0,0.0,0.0,0.0,0.0,0.0,0.0,0.0,0.0,0.0,0.7348930726439825,0.5747899891492501,0.10878586675424282,0.1906376254280636,wait:0.000000
17,113:0,113,no_addition,False,0.0,0.0,0.0,0.0,0.0,0.0,0.0,0.0,0.0,0.0,0.36884265054638277,0.5871883438705638,0.20774743918817895,0.15152591661893103,wait:0.000000
17,118:0,118,no_addition,False,0.0,0.0,0.0,0.0,0.0,0.0,0.0,0.0,0.0,0.0,0.7419538127860572,0.3257052711190269,0.22127615320016214,0.1744441787687567,wait:0.000000
18,0:0,0,no_addition,False,0.0,0.0,0.0,0.0,0.0,0.0,0.0,1.0,0.0,0.0,0.6849269699863758,0.6289382254531476,0.1483707952442035,0.27587969446165017,wait:0.000000
18,7:0,7,no_addition,False,0.0,0.0,0.0,0.0,0.0,0.0,0.0,0.0,0.0,0.0,0.6195015022100783,0.5941831448229777,0.2039393136927115,0.21007926007053504,wait:0.000000
18,8:0,8,no_addition,False,0.0,0.0,0.0,0.0,0.0,0.0,0.0,0.0,0.0,0.0,0.42224487806266675,0.31676733048151573,0.09743626015620943,0.3270836536953683,wait:0.000000
18,11:0,11,no_addition,False,0.0,0.0,0.0,0.0,0.0,0.0,0.0,0.0,0.0,0.0,0.657146533296191,0.37812604292750296,0.11254230858288973,0.15467226241520335,wait:0.000000
18,12:0,12,no_addition,False,0.0,0.0,0.0,0.0,0.0,0.0,0.0,0.0,0.0,0.0,0.7437817987812785,0.48527716350699646,0.2378376446886984,0.3113206276857364,wait:0.000000
18,15:0,15,no_addition,False,0.0,0.0,0.0,0.0,0.0,0.0,0.0,0.0,0.0,2.0,0.5815402376273211,0.31039724423060083,0.12013139547880683,0.36885322864169034,wait:0.000000
18,17:0,17,no_addition,False,0.0,0.0,0.0,0.0,0.0,0.0,0.0,0.0,0.0,0.0,0.5319935126913222,0.5734977925998279,0.253902026142052,0.30760713930070754,wait:0.000000
18,20:0,20,no_addition,False,0.0,0.0,0.0,0.0,0.0,0.0,0.0,0.0,0.0,1.0,0.6195092762977208,0.42463760505693166,0.1422286741409436,0.34279558387592546,wait:0.000000
18,22:0,22,no_addition,False,0.0,0.0,0.0,0.0,0.0,0.0,0.0,0.0,0.0,0.0,0.5249099051021684,0.48382851322678777,0.1072317536866028,0.38624423250672224,wait:0.000000
18,24:0,24,no_addition,False,0.0,0.0,0.0,0.0,0.0,0.0,0.0,0.0,0.0,0.0,0.6684423983588719,0.5335729502393609,0.26239716001572394,0.36884069536487507,wait:0.000000
18,27:0,27,no_addition,False,0.0,0.0,0.0,0.0,0.0,0.0,0.0,0.0,0.0,0.0,0.6925893067107659,0.6392206064589001,0.15779028109324086,0.3684614046068823,wait:0.000000
18,30:0,30,no_addition,False,0.0,0.0,0.0,0.0,0.0,0.0,0.0,1.0,0.0,0.0,0.6113152525564187,0.5405202895000799,0.10568988529152609,0.2968595249016314,wait:0.000000
18,31:0,31,no_addition,False,0.0,0.0,0.0,0.0,0.0,0.0,0.0,1.0,0.0,1.0,0.639231730984955,0.5817897496981048,0.15877040446700252,0.19435374724412033,wait:0.000000
18,35:0,35,no_addition,False,0.0,0.0,0.0,0.0,0.0,0.0,0.0,0.0,0.0,1.0,0.5686148129675394,0.3427762288136687,0.11359345932382238,0.17179398486241937,wait:0.000000
18,39:0,39,no_addition,False,0.0,0.0,0.0,0.0,0.0,0.0,0.0,1.0,0.0,0.0,0.4294577007052264,0.5134846893986729,0.11278642516549683,0.3142410343455689,wait:0.000000
18,42:0,42,no_addition,False,0.0,0.0,0.0,0.0,0.0,0.0,0.0,0.0,0.0,1.0,0.3646625997759556,0.39531641640659243,0.20447239480110982,0.16482639385390188,wait:0.000000
18,46:0,46,no_addition,False,0.0,0.0,0.0,0.0,0.0,0.0,0.0,2.0,0.0,0.0,0.46247147996441473,0.7107028069846217,0.18523664050489752,0.15567554392335484,wait:0.000000
18,49:0,49,no_addition,False,0.0,0.0,0.0,0.0,0.0,0.0,0.0,0.0,0.0,0.0,0.5412220236875722,0.6085239383184402,0.20702198292046725,0.3550969080079869,wait:0.000000
18,50:0,50,no_addition,False,0.0,0.0,0.0,0.0,0.0,0.0,0.0,0.0,0.0,0.0,0.3887471694008641,0.28772933443180404,0.2088022698026999,0.2124178474471884,wait:0.000000
18,52:0,52,no_addition,False,0.0,0.0,0.0,0.0,0.0,0.0,0.0,0.0,0.0,0.0,0.6875190938505968,0.424566771177051,0.2476619091839592,0.2339709438701195,wait:0.000000
18,54:0,54,no_addition,False,0.0,0.0,0.0,0.0,0.0,0.0,0.0,0.0,0.0,0.0,0.36049733782908744,0.5523253568294493,0.25533682668695057,0.3412197200125101,wait:0.000000
18,58:0,58,no_addition,False,0.0,0.0,0.0,0.0,0.0,0.0,0.0,0.0,0.0,0.0,0.6198457129212576,0.4512439536464701,0.24863939297565013,0.20532809497258347,wait:0.000000
18,59:0,59,no_addition,False,0.0,0.0,0.0,0.0,0.0,0.0,0.0,0.0,0.0,0.0,0.7002922637422113,0.5074985384558233,0.23509445490004036,0.40267072128357945,wait:0.000000
18,60:0,60,no_addition,False,0.0,0.0,0.0,0.0,0.0,0.0,0.0,0.0,0.0,0.0,0.5845134400782842,0.6274568073919631,0.21802528225456477,0.22323942159545873,wait:0.000000
18,61:0,61,no_addition,False,0.0,0.0,0.0,0.0,0.0,0.0,0.0,0.0,0.0,0.0,0.40466418061386694,0.42786425934215844,0.2012198617440855,0.3431351479999387,wait:0.000000
18,68:0,68,no_addition,False,0.0,0.0,0.0,0.0,0.0,0.0,0.0,0.0,0.0,1.0,0.4856375652076465,0.35402634462941646,0.26128882804747644,0.28765577552162636,wait:0.000000
18,70:0,70,no_addition,False,0.0,0.0,0.0,0.0,0.0,0.0,0.0,0.0,0.0,0.0,0.7250418326056267,0.49302427799958903,0.2066890976646894,0.2580273057930491,wait:0.000000
18,73:0,73,no_addition,False,0.0,0.0,0.0,0.0,0.0,0.0,0.0,0.0,0.0,0.0,0.40420682498105226,0.36825884895626715,0.10135193454551357,0.21381812730705063,wait:0.000000
18,75:0,75,no_addition,False,0.0,0.0,0.0,0.0,0.0,0.0,0.0,0.0,0.0,1.0,0.4230941969831738,0.46315057513822405,0.14526836109731428,0.21203597939779312,wait:0.000000
18,77:0,77,no_addition,False,0.0,0.0,0.0,0.0,0.0,0.0,0.0,0.0,0.0,0.0,0.7057895980559208,0.5099150606963985,0.1774995824071297,0.3403705026808585,wait:0.000000
18,78:0,78,no_addition,False,0.0,0.0,0.0,0.0,0.0,0.0,0.0,0.0,0.0,0.0,0.6649527470465615,0.2708445688219129,0.19539182057908258,0.3732642554777805,wait:0.000000;e:-0.129416
18,79:0,79,no_addition,False,0.0,0.0,0.0,0.0,0.0,0.0,0.0,0.0,0.0,0.0,0.6554007144387883,0.3386993507256493,0.11701546148724276,0.22854336518025284,wait:0.000000
18,82:0,82,no_addition,False,0.0,0.0,0.0,0.0,0.0,0.0,0.0,1.0,0.0,0.0,0.7286328395366878,0.42716959565854035,0.15698912011979346,0.1520510595522537,wait:0.000000
18,85:0,85,no_addition,False,0.0,0.0,0.0,0.0,0.0,0.0,0.0,0.0,0.0,0.0,0.7153815322741996,0.556425413119678,0.16364315346228214,0.22556310027741625,wait:0.000000
18,88:0,88,no_addition,False,0.0,0.0,0.0,0.0,0.0,0.0,0.0,0.0,0.0,0.0,0.7163316377708322,0.6143286754778456,0.09809896900767885,0.2526309343782891,wait:0.000000
18,89:0,89,no_addition,False,0.0,0.0,0.0,0.0,0.0,0.0,0.0,0.0,0.0,1.0,0.6654086354683044,0.29078034247695034,0.17411602439694465,0.28314038201118613,wait:0.000000
18,90:0,90,no_addition,False,0.0,0.0,0.0,0.0,0.0,0.0,0.0,0.0,0.0,0.0,0.5496088598221989,0.5230713273300622,0.13492759998526915,0.34468040679375855,wait:0.000000
18,91:0,91,no_addition,False,0.0,0.0,0.0,0.0,0.0,0.0,0.0,0.0,0.0,0.0,0.4008685735824922,0.45411787526818514,0.22139914132820376,0.16502895016143204,wait:0.000000
18,99:0,99,no_addition,False,0.0,0.0,0.0,0.0,0.0,0.0,0.0,0.0,0.0,0.0,0.595919754635573,0.3031051908867153,0.2567075269935262,0.36362387727822276,wait:0.000000;e:-0.090731
18,100:0,100,no_addition,False,0.0,0.0,0.0,0.0,0.0,0.0,0.0,0.0,0.0,0.0,0.7169641560585482,0.4692832919180363,0.23232263065211484,0.18559087631515395,wait:0.000000
18,102:0,102,no_addition,False,0.0,0.0,0.0,0.0,0.0,0.0,0.0,0.0,0.0,0.0,0.701367219239883,0.26701134800970727,0.18771390352718884,0.3406883754000892,wait:0.000000
18,104:0,104,no_addition,False,0.0,0.0,0.0,0.0,0.0,0.0,0.0,0.0,0.0,0.0,0.4805291116972771,0.3077848861998414,0.24182705034992438,0.26225319894977905,wait:0.000000
18,111:0,111,no_addition,False,0.0,0.0,0.0,0.0,0.0,0.0,0.0,0.0,0.0,0.0,0.6296869035044703,0.48249741418436287,0.11558516615917062,0.1539376686338176,wait:0.000000
18,112:0,112,no_addition,False,0.0,0.0,0.0,0.0,0.0,0.0,0.0,0.0,0.0,0.0,0.7348930726439825,0.5747899891492501,0.10878586675424282,0.1906376254280636,wait:0.000000
18,113:0,113,no_addition,False,0.0,0.0,0.0,0.0,0.0,0.0,0.0,0.0,0.0,0.0,0.36884265054638277,0.5871883438705638,0.20774743918817895,0.15152591661893103,wait:0.000000
18,118:0,118,no_addition,False,0.0,0.0,0.0,0.0,0.0,0.0,0.0,0.0,0.0,0.0,0.7419538127860572,0.3257052711190269,0.22127615320016214,0.1744441787687567,wait:0.000000
19,0:0,0,no_addition,False,0.0,0.0,0.0,0.0,0.0,0.0,0.0,0.0,0.0,0.0,0.6849269699863758,0.5877091393923862,0.1483707952442035,0.27587969446165017,wait:0.000000
19,7:0,7,no_addition,False,0.0,0.0,0.0,0.0,0.0,0.0,0.0,0.0,0.0,0.0,0.6195015022100783,0.5941831448229777,0.2039393136927115,0.21007926007053504,wait:0.000000
19,8:0,8,no_addition,False,0.0,0.0,0.0,0.0,0.0,0.0,0.0,0.0,0.0,0.0,0.42224487806266675,0.31676733048151573,0.09743626015620943,0.3270836536953683,wait:0.000000
19,11:0,11,no_addition,False,0.0,0.0,0.0,0.0,0.0,0.0,0.0,0.0,0.0,0.0,0.657146533296191,0.37812604292750296,0.11254230858288973,0.15467226241520335,wait:0.000000
19,12:0,12,no_addition,False,0.0,0.0,0.0,0.0,0.0,0.0,0.0,0.0,0.0,0.0,0.7437817987812785,0.48527716350699646,0.2378376446886984,0.3113206276857364,wait:0.000000
19,15:0,15,no_addition,False,0.0,0.0,0.0,0.0,0.0,0.0,0.0,0.0,0.0,1.0,0.5815402376273211,0.3286559056559303,0.12013139547880683,0.36885322864169034,wait:0.000000
19,17:0,17,no_addition,False,0.0,0.0,0.0,0.0,0.0,0.0,0.0,0.0,0.0,0.0,0.5319935126913222,0.5734977925998279,0.253902026142052,0.30760713930070754,wait:0.000000
19,20:0,20,no_addition,False,0.0,0.0,0.0,0.0,0.0,0.0,0.0,0.0,0.0,0.0,0.6195092762977208,0.4718195611743685,0.1422286741409436,0.34279558387592546,wait:0.000000
19,22:0,22,no_addition,False,0.0,0.0,0.0,0.0,0.0,0.0,0.0,0.0,0.0,0.0,0.5249099051021684,0.48382851322678777,0.1072317536866028,0.38624423250672224,wait:0.000000
19,24:0,24,no_addition,False,0.0,0.0,0.0,0.0,0.0,0.0,0.0,0.0,0.0,0.0,0.6684423983588719,0.5335729502393609,0.26239716001572394,0.36884069536487507,wait:0.000000
19,27:0,27,no_addition,False,0.0,0.0,0.0,0.0,0.0,0.0,0.0,0.0,0.0,0.0,0.6925893067107659,0.6392206064589001,0.15779028109324086,0.3684614046068823,wait:0.000000
19,30:0,30,no_addition,False,0.0,0.0,0.0,0.0,0.0,0.0,0.0,0.0,0.0,0.0,0.6113152525564187,0.48946698833342217,0.10568988529152609,0.2968595249016314,wait:0.000000
19,31:0,31,no_addition,False,0.0,0.0,0.0,0.0,0.0,0.0,0.0,0.0,0.0,0.0,0.639231730984955,0.5962232349389468,0.15877040446700252,0.19435374724412033,wait:0.000000
19,35:0,35,no_addition,False,0.0,0.0,0.0,0.0,0.0,0.0,0.0,0.0,0.0,0.0,0.5686148129675394,0.3808624764596319,0.11359345932382238,0.17179398486241937,wait:0.000000
19,39:0,39,no_addition,False,0.0,0.0,0.0,0.0,0.0,0.0,0.0,0.0,0.0,0.0,0.4294577007052264,0.45942743266519215,0.11278642516549683,0.3142410343455689,wait:0.000000
19,42:0,42,no_addition,False,0.0,0.0,0.0,0.0,0.0,0.0,0.0,0.0,0.0,0.0,0.3646625997759556,0.43924046267399164,0.20447239480110982,0.16482639385390188,wait:0.000000
19,46:0,46,no_addition,False,0.0,0.0,0.0,0.0,0.0,0.0,0.0,1.0,0.0,0.0,0.46247147996441473,0.6936853250425405,0.18523664050489752,0.15567554392335484,wait:0.000000
19,49:0,49,no_addition,False,0.0,0.0,0.0,0.0,0.0,0.0,0.0,0.0,0.0,0.0,0.5412220236875722,0.6085239383184402,0.20702198292046725,0.3550969080079869,wait:0.000000
19,50:0,50,no_addition,False,0.0,0.0,0.0,0.0,0.0,0.0,0.0,0.0,0.0,0.0,0.3887471694008641,0.28772933443180404,0.2088022698026999,0.2124178474471884,wait:0.000000
19,52:0,52,no_addition,False,0.0,0.0,0.0,0.0,0.0,0.0,0.0,0.0,0.0,0.0,0.6875190938505968,0.424566771177051,0.2476619091839592,0.2339709438701195,wait:0.000000
19,54:0,54,no_addition,False,0.0,0.0,0.0,0.0,0.0,0.0,0.0,0.0,0.0,0.0,0.36049733782908744,0.5523253568294493,0.25533682668695057,0.3412197200125101,wait:0.000000
19,58:0,58,no_addition,False,0.0,0.0,0.0,0.0,0.0,0.0,0.0,0.0,0.0,0.0,0.6198457129212576,0.4512439536464701,0.24863939297565013,0.20532809497258347,wait:0.000000
19,59:0,59,no_addition,False,0.0,0.0,0.0,0.0,0.0,0.0,0.0,0.0,0.0,0.0,0.7002922637422113,0.5074985384558233,0.23509445490004036,0.40267072128357945,wait:0.000000
19,60:0,60,no_addition,False,0.0,0.0,0.0,0.0,0.0,0.0,0.0,0.0,0.0,0.0,0.5845134400782842,0.6274568073919631,0.21802528225456477,0.22323942159545873,wait:0.000000
19,61:0,61,no_addition,False,0.0,0.0,0.0,0.0,0.0,0.0,0.0,0.0,0.0,0.0,0.40466418061386694,0.42786425934215844,0.2012198617440855,0.3431351479999387,wait:0.000000
19,68:0,68,no_addition,False,0.0,0.0,0.0,0.0,0.0,0.0,0.0,0.0,0.0,0.0,0.4856375652076465,0.39336260514379606,0.26128882804747644,0.28765577552162636,wait:0.000000
19,70:0,70,no_addition,False,0.0,0.0,0.0,0.0,0.0,0.0,0.0,0.0,0.0,0.0,0.7250418326056267,0.49302427799958903,0.2066890976646894,0.2580273057930491,wait:0.000000
19,73:0,73,no_addition,False,0.0,0.0,0.0,0.0,0.0,0.0,0.0,0.0,0.0,0.0,0.40420682498105226,0.36825884895626715,0.10135193454551357,0.21381812730705063,wait:0.000000
19,75:0,75,no_addition,False,0.0,0.0,0.0,0.0,0.0,0.0,0.0,0.0,0.0,0.0,0.4230941969831738,0.5146117501535823,0.14526836109731428,0.21203597939779312,wait:0.000000
19,77:0,77,no_addition,False,0.0,0.0,0.0,0.0,0.0,0.0,0.0,0.0,0.0,0.0,0.7057895980559208,0.5099150606963985,0.1774995824071297,0.3403705026808585,wait:0.000000
19,78:0,78,no_addition,False,0.0,0.0,0.0,0.0,0.0,0.0,0.0,0.0,0.0,0.0,0.6649527470465615,0.2708445688219129,0.19539182057908258,0.3732642554777805,wait:0.000000;e:-0.129416
19,79:0,79,no_addition,False,0.0,0.0,0.0,0.0,0.0,0.0,0.0,0.0,0.0,0.0,0.6554007144387883,0.3386993507256493,0.11701546148724276,0.22854336518025284,wait:0.000000
19,82:0,82,no_addition,False,0.0,0.0,0.0,0.0,0.0,0.0,0.0,0.0,0.0,0.0,0.7286328395366878,0.36352177295393373,0.15698912011979346,0.1520510595522537,wait:0.000000
19,85:0,85,no_addition,False,0.0,0.0,0.0,0.0,0.0,0.0,0.0,0.0,0.0,0.0,0.7153815322741996,0.556425413119678,0.16364315346228214,0.22556310027741625,wait:0.000000
19,88:0,88,no_addition,False,0.0,0.0,0.0,0.0,0.0,0.0,0.0,0.0,0.0,0.0,0.7163316377708322,0.6143286754778456,0.09809896900767885,0.2526309343782891,wait:0.000000
19,89:0,89,no_addition,False,0.0,0.0,0.0,0.0,0.0,0.0,0.0,0.0,0.0,1.0,0.6654086354683044,0.29078034247695034,0.17411602439694465,0.28314038201118613,wait:0.000000
19,90:0,90,no_addition,False,0.0,0.0,0.0,0.0,0.0,0.0,0.0,0.0,0.0,0.0,0.5496088598221989,0.5230713273300622,0.13492759998526915,0.34468040679375855,wait:0.000000
19,91:0,91,no_addition,False,0.0,0.0,0.0,0.0,0.0,0.0,0.0,0.0,0.0,0.0,0.4008685735824922,0.45411787526818514,0.22139914132820376,0.16502895016143204,wait:0.000000
19,99:0,99,no_addition,False,0.0,0.0,0.0,0.0,0.0,0.0,0.0,0.0,0.0,0.0,0.595919754635573,0.3031051908867153,0.2567075269935262,0.36362387727822276,wait:0.000000;e:-0.090731
19,100:0,100,no_addition,False,0.0,0.0,0.0,0.0,0.0,0.0,0.0,0.0,0.0,0.0,0.7169641560585482,0.4692832919180363,0.23232263065211484,0.18559087631515395,wait:0.000000
19,102:0,102,no_addition,False,0.0,0.0,0.0,0.0,0.0,0.0,0.0,0.0,0.0,0.0,0.701367219239883,0.26701134800970727,0.18771390352718884,0.3406883754000892,wait:0.000000
19,104:0,104,no_addition,False,0.0,0.0,0.0,0.0,0.0,0.0,0.0,0.0,0.0,0.0,0.4805291116972771,0.3077848861998414,0.24182705034992438,0.26225319894977905,wait:0.000000
19,111:0,111,no_addition,False,0.0,0.0,0.0,0.0,0.0,0.0,0.0,0.0,0.0,0.0,0.6296869035044703,0.48249741418436287,0.11558516615917062,0.1539376686338176,wait:0.000000
19,112:0,112,no_addition,False,0.0,0.0,0.0,0.0,0.0,0.0,0.0,0.0,0.0,0.0,0.7348930726439825,0.5747899891492501,0.10878586675424282,0.1906376254280636,wait:0.000000
19,113:0,113,no_addition,False,0.0,0.0,0.0,0.0,0.0,0.0,0.0,0.0,0.0,0.0,0.36884265054638277,0.5871883438705638,0.20774743918817895,0.15152591661893103,wait:0.000000
19,118:0,118,no_addition,False,0.0,0.0,0.0,0.0,0.0,0.0,0.0,0.0,0.0,0.0,0.7419538127860572,0.3257052711190269,0.22127615320016214,0.1744441787687567,wait:0.000000
20,0:0,0,no_addition,False,0.0,0.0,0.0,0.0,0.0,0.0,0.0,0.0,0.0,0.0,0.6849269699863758,0.5877091393923862,0.1483707952442035,0.27587969446165017,wait:0.000000
20,7:0,7,no_addition,False,0.0,0.0,0.0,0.0,0.0,0.0,0.0,0.0,0.0,0.0,0.6195015022100783,0.5941831448229777,0.2039393136927115,0.21007926007053504,wait:0.000000
20,8:0,8,no_addition,False,0.0,0.0,0.0,0.0,0.0,0.0,0.0,0.0,0.0,0.0,0.42224487806266675,0.31676733048151573,0.09743626015620943,0.3270836536953683,wait:0.000000
20,11:0,11,no_addition,False,0.0,0.0,0.0,0.0,0.0,0.0,0.0,0.0,0.0,0.0,0.657146533296191,0.37812604292750296,0.11254230858288973,0.15467226241520335,wait:0.000000
20,12:0,12,no_addition,False,0.0,0.0,0.0,0.0,0.0,0.0,0.0,0.0,0.0,0.0,0.7437817987812785,0.48527716350699646,0.2378376446886984,0.3113206276857364,wait:0.000000
20,15:0,15,no_addition,False,0.0,0.0,0.0,0.0,0.0,0.0,0.0,0.0,0.0,0.0,0.5815402376273211,0.3651732285065892,0.12013139547880683,0.36885322864169034,wait:0.000000
20,17:0,17,no_addition,False,0.0,0.0,0.0,0.0,0.0,0.0,0.0,0.0,0.0,0.0,0.5319935126913222,0.5734977925998279,0.253902026142052,0.30760713930070754,wait:0.000000
20,20:0,20,no_addition,False,0.0,0.0,0.0,0.0,0.0,0.0,0.0,0.0,0.0,0.0,0.6195092762977208,0.4718195611743685,0.1422286741409436,0.34279558387592546,wait:0.000000
20,22:0,22,no_addition,False,0.0,0.0,0.0,0.0,0.0,0.0,0.0,0.0,0.0,0.0,0.5249099051021684,0.48382851322678777,0.1072317536866028,0.38624423250672224,wait:0.000000
20,24:0,24,no_addition,False,0.0,0.0,0.0,0.0,0.0,0.0,0.0,0.0,0.0,0.0,0.6684423983588719,0.5335729502393609,0.26239716001572394,0.36884069536487507,wait:0.000000
20,27:0,27,no_addition,False,0.0,0.0,0.0,0.0,0.0,0.0,0.0,0.0,0.0,0.0,0.6925893067107659,0.6392206064589001,0.15779028109324086,0.3684614046068823,wait:0.000000
20,30:0,30,no_addition,False,0.0,0.0,0.0,0.0,0.0,0.0,0.0,0.0,0.0,0.0,0.6113152525564187,0.48946698833342217,0.10568988529152609,0.2968595249016314,wait:0.000000
20,31:0,31,no_addition,False,0.0,0.0,0.0,0.0,0.0,0.0,0.0,0.0,0.0,0.0,0.639231730984955,0.5962232349389468,0.15877040446700252,0.19435374724412033,wait:0.000000
20,35:0,35,no_addition,False,0.0,0.0,0.0,0.0,0.0,0.0,0.0,0.0,0.0,0.0,0.5686148129675394,0.3808624764596319,0.11359345932382238,0.17179398486241937,wait:0.000000
20,39:0,39,no_addition,False,0.0,0.0,0.0,0.0,0.0,0.0,0.0,0.0,0.0,0.0,0.4294577007052264,0.45942743266519215,0.11278642516549683,0.3142410343455689,wait:0.000000
20,42:0,42,no_addition,False,0.0,0.0,0.0,0.0,0.0,0.0,0.0,0.0,0.0,0.0,0.3646625997759556,0.43924046267399164,0.20447239480110982,0.16482639385390188,wait:0.000000
20,46:0,46,no_addition,False,0.0,0.0,0.0,0.0,0.0,0.0,0.0,1.0,0.0,0.0,0.46247147996441473,0.6936853250425405,0.18523664050489752,0.15567554392335484,wait:0.000000
20,49:0,49,no_addition,False,0.0,0.0,0.0,0.0,0.0,0.0,0.0,0.0,0.0,0.0,0.5412220236875722,0.6085239383184402,0.20702198292046725,0.3550969080079869,wait:0.000000
20,50:0,50,no_addition,False,0.0,0.0,0.0,0.0,0.0,0.0,0.0,0.0,0.0,0.0,0.3887471694008641,0.28772933443180404,0.2088022698026999,0.2124178474471884,wait:0.000000
20,52:0,52,no_addition,False,0.0,0.0,0.0,0.0,0.0,0.0,0.0,0.0,0.0,0.0,0.6875190938505968,0.424566771177051,0.2476619091839592,0.2339709438701195,wait:0.000000
20,54:0,54,no_addition,False,0.0,0.0,0.0,0.0,0.0,0.0,0.0,0.0,0.0,0.0,0.36049733782908744,0.5523253568294493,0.25533682668695057,0.3412197200125101,wait:0.000000
20,58:0,58,no_addition,False,0.0,0.0,0.0,0.0,0.0,0.0,0.0,0.0,0.0,0.0,0.6198457129212576,0.4512439536464701,0.24863939297565013,0.20532809497258347,wait:0.000000
20,59:0,59,no_addition,False,0.0,0.0,0.0,0.0,0.0,0.0,0.0,0.0,0.0,0.0,0.7002922637422113,0.5074985384558233,0.23509445490004036,0.40267072128357945,wait:0.000000
20,60:0,60,no_addition,False,0.0,0.0,0.0,0.0,0.0,0.0,0.0,0.0,0.0,0.0,0.5845134400782842,0.6274568073919631,0.21802528225456477,0.22323942159545873,wait:0.000000
20,61:0,61,no_addition,False,0.0,0.0,0.0,0.0,0.0,0.0,0.0,0.0,0.0,0.0,0.40466418061386694,0.42786425934215844,0.2012198617440855,0.3431351479999387,wait:0.000000
20,68:0,68,no_addition,False,0.0,0.0,0.0,0.0,0.0,0.0,0.0,0.0,0.0,0.0,0.4856375652076465,0.39336260514379606,0.26128882804747644,0.28765577552162636,wait:0.000000
20,70:0,70,no_addition,False,0.0,0.0,0.0,0.0,0.0,0.0,0.0,0.0,0.0,0.0,0.7250418326056267,0.49302427799958903,0.2066890976646894,0.2580273057930491,wait:0.000000
20,73:0,73,no_addition,False,0.0,0.0,0.0,0.0,0.0,0.0,0.0,0.0,0.0,0.0,0.40420682498105226,0.36825884895626715,0.10135193454551357,0.21381812730705063,wait:0.000000
20,75:0,75,no_addition,False,0.0,0.0,0.0,0.0,0.0,0.0,0.0,0.0,0.0,0.0,0.4230941969831738,0.5146117501535823,0.14526836109731428,0.21203597939779312,wait:0.000000
20,77:0,77,no_addition,False,0.0,0.0,0.0,0.0,0.0,0.0,0.0,0.0,0.0,0.0,0.7057895980559208,0.5099150606963985,0.1774995824071297,0.3403705026808585,wait:0.000000
20,78:0,78,no_addition,False,0.0,0.0,0.0,0.0,0.0,0.0,0.0,0.0,0.0,0.0,0.6649527470465615,0.2708445688219129,0.19539182057908258,0.3732642554777805,wait:0.000000;e:-0.129416
20,79:0,79,no_addition,False,0.0,0.0,0.0,0.0,0.0,0.0,0.0,0.0,0.0,0.0,0.6554007144387883,0.3386993507256493,0.11701546148724276,0.22854336518025284,wait:0.000000
20,82:0,82,no_addition,False,0.0,0.0,0.0,0.0,0.0,0.0,0.0,0.0,0.0,0.0,0.7286328395366878,0.36352177295393373,0.15698912011979346,0.1520510595522537,wait:0.000000
20,85:0,85,no_addition,False,0.0,0.0,0.0,0.0,0.0,0.0,0.0,0.0,0.0,0.0,0.7153815322741996,0.556425413119678,0.16364315346228214,0.22556310027741625,wait:0.000000
20,88:0,88,no_addition,False,0.0,0.0,0.0,0.0,0.0,0.0,0.0,0.0,0.0,0.0,0.7163316377708322,0.6143286754778456,0.09809896900767885,0.2526309343782891,wait:0.000000
20,89:0,89,no_addition,False,0.0,0.0,0.0,0.0,0.0,0.0,0.0,0.0,0.0,0.0,0.6654086354683044,0.32308926941883376,0.17411602439694465,0.28314038201118613,wait:0.000000
20,90:0,90,no_addition,False,0.0,0.0,0.0,0.0,0.0,0.0,0.0,0.0,0.0,0.0,0.5496088598221989,0.5230713273300622,0.13492759998526915,0.34468040679375855,wait:0.000000
20,91:0,91,no_addition,False,0.0,0.0,0.0,0.0,0.0,0.0,0.0,0.0,0.0,0.0,0.4008685735824922,0.45411787526818514,0.22139914132820376,0.16502895016143204,wait:0.000000
20,99:0,99,no_addition,False,0.0,0.0,0.0,0.0,0.0,0.0,0.0,0.0,0.0,0.0,0.595919754635573,0.3031051908867153,0.2567075269935262,0.36362387727822276,wait:0.000000;e:-0.090731
20,100:0,100,no_addition,False,0.0,0.0,0.0,0.0,0.0,0.0,0.0,0.0,0.0,0.0,0.7169641560585482,0.4692832919180363,0.23232263065211484,0.18559087631515395,wait:0.000000
20,102:0,102,no_addition,False,0.0,0.0,0.0,0.0,0.0,0.0,0.0,0.0,0.0,0.0,0.701367219239883,0.26701134800970727,0.18771390352718884,0.3406883754000892,wait:0.000000
20,104:0,104,no_addition,False,0.0,0.0,0.0,0.0,0.0,0.0,0.0,0.0,0.0,0.0,0.4805291116972771,0.3077848861998414,0.24182705034992438,0.26225319894977905,wait:0.000000
20,111:0,111,no_addition,False,0.0,0.0,0.0,0.0,0.0,0.0,0.0,0.0,0.0,0.0,0.6296869035044703,0.48249741418436287,0.11558516615917062,0.1539376686338176,wait:0.000000
20,112:0,112,no_addition,False,0.0,0.0,0.0,0.0,0.0,0.0,0.0,0.0,0.0,0.0,0.7348930726439825,0.5747899891492501,0.10878586675424282,0.1906376254280636,wait:0.000000
20,113:0,113,no_addition,False,0.0,0.0,0.0,0.0,0.0,0.0,0.0,0.0,0.0,0.0,0.36884265054638277,0.5871883438705638,0.20774743918817895,0.15152591661893103,wait:0.000000
20,118:0,118,no_addition,False,0.0,0.0,0.0,0.0,0.0,0.0,0.0,0.0,0.0,0.0,0.7419538127860572,0.3257052711190269,0.22127615320016214,0.1744441787687567,wait:0.000000
21,0:0,0,no_addition,False,0.0,0.0,0.0,0.0,0.0,0.0,0.0,0.0,0.0,0.0,0.6849269699863758,0.5877091393923862,0.1483707952442035,0.27587969446165017,wait:0.000000
21,7:0,7,no_addition,False,0.0,0.0,0.0,0.0,0.0,0.0,0.0,0.0,0.0,0.0,0.6195015022100783,0.5941831448229777,0.2039393136927115,0.21007926007053504,wait:0.000000
21,8:0,8,no_addition,False,0.0,0.0,0.0,0.0,0.0,0.0,0.0,0.0,0.0,0.0,0.42224487806266675,0.31676733048151573,0.09743626015620943,0.3270836536953683,wait:0.000000
21,11:0,11,no_addition,False,0.0,0.0,0.0,0.0,0.0,0.0,0.0,0.0,0.0,0.0,0.657146533296191,0.37812604292750296,0.11254230858288973,0.15467226241520335,wait:0.000000
21,12:0,12,no_addition,False,0.0,0.0,0.0,0.0,0.0,0.0,0.0,0.0,0.0,0.0,0.7437817987812785,0.48527716350699646,0.2378376446886984,0.3113206276857364,wait:0.000000
21,15:0,15,no_addition,False,0.0,0.0,0.0,0.0,0.0,0.0,0.0,0.0,0.0,0.0,0.5815402376273211,0.3651732285065892,0.12013139547880683,0.36885322864169034,wait:0.000000
21,17:0,17,no_addition,False,0.0,0.0,0.0,0.0,0.0,0.0,0.0,0.0,0.0,0.0,0.5319935126913222,0.5734977925998279,0.253902026142052,0.30760713930070754,wait:0.000000
21,20:0,20,no_addition,False,0.0,0.0,0.0,0.0,0.0,0.0,0.0,0.0,0.0,0.0,0.6195092762977208,0.4718195611743685,0.1422286741409436,0.34279558387592546,wait:0.000000
21,22:0,22,no_addition,False,0.0,0.0,0.0,0.0,0.0,0.0,0.0,0.0,0.0,0.0,0.5249099051021684,0.48382851322678777,0.1072317536866028,0.38624423250672224,wait:0.000000
21,24:0,24,no_addition,False,0.0,0.0,0.0,0.0,0.0,0.0,0.0,0.0,0.0,0.0,0.6684423983588719,0.5335729502393609,0.26239716001572394,0.36884069536487507,wait:0.000000
21,27:0,27,no_addition,False,0.0,0.0,0.0,0.0,0.0,0.0,0.0,0.0,0.0,0.0,0.6925893067107659,0.6392206064589001,0.15779028109324086,0.3684614046068823,wait:0.000000
21,30:0,30,no_addition,False,0.0,0.0,0.0,0.0,0.0,0.0,0.0,0.0,0.0,0.0,0.6113152525564187,0.48946698833342217,0.10568988529152609,0.2968595249016314,wait:0.000000
21,31:0,31,no_addition,False,0.0,0.0,0.0,0.0,0.0,0.0,0.0,0.0,0.0,0.0,0.639231730984955,0.5962232349389468,0.15877040446700252,0.19435374724412033,wait:0.000000
21,35:0,35,no_addition,False,0.0,0.0,0.0,0.0,0.0,0.0,0.0,0.0,0.0,0.0,0.5686148129675394,0.3808624764596319,0.11359345932382238,0.17179398486241937,wait:0.000000
21,39:0,39,no_addition,False,0.0,0.0,0.0,0.0,0.0,0.0,0.0,0.0,0.0,0.0,0.4294577007052264,0.45942743266519215,0.11278642516549683,0.3142410343455689,wait:0.000000
21,42:0,42,no_addition,False,0.0,0.0,0.0,0.0,0.0,0.0,0.0,0.0,0.0,0.0,0.3646625997759556,0.43924046267399164,0.20447239480110982,0.16482639385390188,wait:0.000000
21,46:0,46,no_addition,False,0.0,0.0,0.0,0.0,0.0,0.0,0.0,0.0,0.0,0.0,0.46247147996441473,0.6596503611583785,0.18523664050489752,0.15567554392335484,wait:0.000000
21,49:0,49,no_addition,False,0.0,0.0,0.0,0.0,0.0,0.0,0.0,0.0,0.0,0.0,0.5412220236875722,0.6085239383184402,0.20702198292046725,0.3550969080079869,wait:0.000000
21,50:0,50,no_addition,False,0.0,0.0,0.0,0.0,0.0,0.0,0.0,0.0,0.0,0.0,0.3887471694008641,0.28772933443180404,0.2088022698026999,0.2124178474471884,wait:0.000000
21,52:0,52,no_addition,False,0.0,0.0,0.0,0.0,0.0,0.0,0.0,0.0,0.0,0.0,0.6875190938505968,0.424566771177051,0.2476619091839592,0.2339709438701195,wait:0.000000
21,54:0,54,no_addition,False,0.0,0.0,0.0,0.0,0.0,0.0,0.0,0.0,0.0,0.0,0.36049733782908744,0.5523253568294493,0.25533682668695057,0.3412197200125101,wait:0.000000
21,58:0,58,no_addition,False,0.0,0.0,0.0,0.0,0.0,0.0,0.0,0.0,0.0,0.0,0.6198457129212576,0.4512439536464701,0.24863939297565013,0.20532809497258347,wait:0.000000
21,59:0,59,no_addition,False,0.0,0.0,0.0,0.0,0.0,0.0,0.0,0.0,0.0,0.0,0.7002922637422113,0.5074985384558233,0.23509445490004036,0.40267072128357945,wait:0.000000
21,60:0,60,no_addition,False,0.0,0.0,0.0,0.0,0.0,0.0,0.0,0.0,0.0,0.0,0.5845134400782842,0.6274568073919631,0.21802528225456477,0.22323942159545873,wait:0.000000
21,61:0,61,no_addition,False,0.0,0.0,0.0,0.0,0.0,0.0,0.0,0.0,0.0,0.0,0.40466418061386694,0.42786425934215844,0.2012198617440855,0.3431351479999387,wait:0.000000
21,68:0,68,no_addition,False,0.0,0.0,0.0,0.0,0.0,0.0,0.0,0.0,0.0,0.0,0.4856375652076465,0.39336260514379606,0.26128882804747644,0.28765577552162636,wait:0.000000
21,70:0,70,no_addition,False,0.0,0.0,0.0,0.0,0.0,0.0,0.0,0.0,0.0,0.0,0.7250418326056267,0.49302427799958903,0.2066890976646894,0.2580273057930491,wait:0.000000
21,73:0,73,no_addition,False,0.0,0.0,0.0,0.0,0.0,0.0,0.0,0.0,0.0,0.0,0.40420682498105226,0.36825884895626715,0.10135193454551357,0.21381812730705063,wait:0.000000
21,75:0,75,no_addition,False,0.0,0.0,0.0,0.0,0.0,0.0,0.0,0.0,0.0,0.0,0.4230941969831738,0.5146117501535823,0.14526836109731428,0.21203597939779312,wait:0.000000
21,77:0,77,no_addition,False,0.0,0.0,0.0,0.0,0.0,0.0,0.0,0.0,0.0,0.0,0.7057895980559208,0.5099150606963985,0.1774995824071297,0.3403705026808585,wait:0.000000
21,78:0,78,no_addition,False,0.0,0.0,0.0,0.0,0.0,0.0,0.0,0.0,0.0,0.0,0.6649527470465615,0.2708445688219129,0.19539182057908258,0.3732642554777805,wait:0.000000;e:-0.129416
21,79:0,79,no_addition,False,0.0,0.0,0.0,0.0,0.0,0.0,0.0,0.0,0.0,0.0,0.6554007144387883,0.3386993507256493,0.11701546148724276,0.22854336518025284,wait:0.000000
21,82:0,82,no_addition,False,0.0,0.0,0.0,0.0,0.0,0.0,0.0,0.0,0.0,0.0,0.7286328395366878,0.36352177295393373,0.15698912011979346,0.1520510595522537,wait:0.000000
21,85:0,85,no_addition,False,0.0,0.0,0.0,0.0,0.0,0.0,0.0,0.0,0.0,0.0,0.7153815322741996,0.556425413119678,0.16364315346228214,0.22556310027741625,wait:0.000000
21,88:0,88,no_addition,False,0.0,0.0,0.0,0.0,0.0,0.0,0.0,0.0,0.0,0.0,0.7163316377708322,0.6143286754778456,0.09809896900767885,0.2526309343782891,wait:0.000000
21,89:0,89,no_addition,False,0.0,0.0,0.0,0.0,0.0,0.0,0.0,0.0,0.0,0.0,0.6654086354683044,0.32308926941883376,0.17411602439694465,0.28314038201118613,wait:0.000000
21,90:0,90,no_addition,False,0.0,0.0,0.0,0.0,0.0,0.0,0.0,0.0,0.0,0.0,0.5496088598221989,0.5230713273300622,0.13492759998526915,0.34468040679375855,wait:0.000000
21,91:0,91,no_addition,False,0.0,0.0,0.0,0.0,0.0,0.0,0.0,0.0,0.0,0.0,0.4008685735824922,0.45411787526818514,0.22139914132820376,0.16502895016143204,wait:0.000000
21,99:0,99,no_addition,False,0.0,0.0,0.0,0.0,0.0,0.0,0.0,0.0,0.0,0.0,0.595919754635573,0.3031051908867153,0.2567075269935262,0.36362387727822276,wait:0.000000;e:-0.090731
21,100:0,100,no_addition,False,0.0,0.0,0.0,0.0,0.0,0.0,0.0,0.0,0.0,0.0,0.7169641560585482,0.4692832919180363,0.23232263065211484,0.18559087631515395,wait:0.000000
21,102:0,102,no_addition,False,0.0,0.0,0.0,0.0,0.0,0.0,0.0,0.0,0.0,0.0,0.701367219239883,0.26701134800970727,0.18771390352718884,0.3406883754000892,wait:0.000000
21,104:0,104,no_addition,False,0.0,0.0,0.0,0.0,0.0,0.0,0.0,0.0,0.0,0.0,0.4805291116972771,0.3077848861998414,0.24182705034992438,0.26225319894977905,wait:0.000000
21,111:0,111,no_addition,False,0.0,0.0,0.0,0.0,0.0,0.0,0.0,0.0,0.0,0.0,0.6296869035044703,0.48249741418436287,0.11558516615917062,0.1539376686338176,wait:0.000000
21,112:0,112,no_addition,False,0.0,0.0,0.0,0.0,0.0,0.0,0.0,0.0,0.0,0.0,0.7348930726439825,0.5747899891492501,0.10878586675424282,0.1906376254280636,wait:0.000000
21,113:0,113,no_addition,False,0.0,0.0,0.0,0.0,0.0,0.0,0.0,0.0,0.0,0.0,0.36884265054638277,0.5871883438705638,0.20774743918817895,0.15152591661893103,wait:0.000000
21,118:0,118,no_addition,False,0.0,0.0,0.0,0.0,0.0,0.0,0.0,0.0,0.0,0.0,0.7419538127860572,0.3257052711190269,0.22127615320016214,0.1744441787687567,wait:0.000000
22,0:0,0,no_addition,False,0.0,0.0,0.0,0.0,0.0,0.0,0.0,0.0,0.0,0.0,0.6849269699863758,0.5877091393923862,0.1483707952442035,0.27587969446165017,wait:0.000000
22,7:0,7,no_addition,False,0.0,0.0,0.0,0.0,0.0,0.0,0.0,0.0,0.0,0.0,0.6195015022100783,0.5941831448229777,0.2039393136927115,0.21007926007053504,wait:0.000000
22,8:0,8,no_addition,False,0.0,0.0,0.0,0.0,0.0,0.0,0.0,0.0,0.0,0.0,0.42224487806266675,0.31676733048151573,0.09743626015620943,0.3270836536953683,wait:0.000000
22,11:0,11,no_addition,False,0.0,0.0,0.0,0.0,0.0,0.0,0.0,0.0,0.0,0.0,0.657146533296191,0.37812604292750296,0.11254230858288973,0.15467226241520335,wait:0.000000
22,12:0,12,no_addition,False,0.0,0.0,0.0,0.0,0.0,0.0,0.0,0.0,0.0,0.0,0.7437817987812785,0.48527716350699646,0.2378376446886984,0.3113206276857364,wait:0.000000
22,15:0,15,no_addition,False,0.0,0.0,0.0,0.0,0.0,0.0,0.0,0.0,0.0,0.0,0.5815402376273211,0.3651732285065892,0.12013139547880683,0.36885322864169034,wait:0.000000
22,17:0,17,no_addition,False,0.0,0.0,0.0,0.0,0.0,0.0,0.0,0.0,0.0,0.0,0.5319935126913222,0.5734977925998279,0.253902026142052,0.30760713930070754,wait:0.000000
22,20:0,20,no_addition,False,0.0,0.0,0.0,0.0,0.0,0.0,0.0,0.0,0.0,0.0,0.6195092762977208,0.4718195611743685,0.1422286741409436,0.34279558387592546,wait:0.000000
22,22:0,22,no_addition,False,0.0,0.0,0.0,0.0,0.0,0.0,0.0,0.0,0.0,0.0,0.5249099051021684,0.48382851322678777,0.1072317536866028,0.38624423250672224,wait:0.000000
22,24:0,24,no_addition,False,0.0,0.0,0.0,0.0,0.0,0.0,0.0,0.0,0.0,0.0,0.6684423983588719,0.5335729502393609,0.26239716001572394,0.36884069536487507,wait:0.000000
22,27:0,27,no_addition,False,0.0,0.0,0.0,0.0,0.0,0.0,0.0,0.0,0.0,0.0,0.6925893067107659,0.6392206064589001,0.15779028109324086,0.3684614046068823,wait:0.000000
22,30:0,30,no_addition,False,0.0,0.0,0.0,0.0,0.0,0.0,0.0,0.0,0.0,0.0,0.6113152525564187,0.48946698833342217,0.10568988529152609,0.2968595249016314,wait:0.000000
22,31:0,31,no_addition,False,0.0,0.0,0.0,0.0,0.0,0.0,0.0,0.0,0.0,0.0,0.639231730984955,0.5962232349389468,0.15877040446700252,0.19435374724412033,wait:0.000000
22,35:0,35,no_addition,False,0.0,0.0,0.0,0.0,0.0,0.0,0.0,0.0,0.0,0.0,0.5686148129675394,0.3808624764596319,0.11359345932382238,0.17179398486241937,wait:0.000000
22,39:0,39,no_addition,False,0.0,0.0,0.0,0.0,0.0,0.0,0.0,0.0,0.0,0.0,0.4294577007052264,0.45942743266519215,0.11278642516549683,0.3142410343455689,wait:0.000000
22,42:0,42,no_addition,False,0.0,0.0,0.0,0.0,0.0,0.0,0.0,0.0,0.0,0.0,0.3646625997759556,0.43924046267399164,0.20447239480110982,0.16482639385390188,wait:0.000000
22,46:0,46,no_addition,False,0.0,0.0,0.0,0.0,0.0,0.0,0.0,0.0,0.0,0.0,0.46247147996441473,0.6596503611583785,0.18523664050489752,0.15567554392335484,wait:0.000000
22,49:0,49,no_addition,False,0.0,0.0,0.0,0.0,0.0,0.0,0.0,0.0,0.0,0.0,0.5412220236875722,0.6085239383184402,0.20702198292046725,0.3550969080079869,wait:0.000000
22,50:0,50,no_addition,False,0.0,0.0,0.0,0.0,0.0,0.0,0.0,0.0,0.0,0.0,0.3887471694008641,0.28772933443180404,0.2088022698026999,0.2124178474471884,wait:0.000000
22,52:0,52,no_addition,False,0.0,0.0,0.0,0.0,0.0,0.0,0.0,0.0,0.0,0.0,0.6875190938505968,0.424566771177051,0.2476619091839592,0.2339709438701195,wait:0.000000
22,54:0,54,no_addition,False,0.0,0.0,0.0,0.0,0.0,0.0,0.0,0.0,0.0,0.0,0.36049733782908744,0.5523253568294493,0.25533682668695057,0.3412197200125101,wait:0.000000
22,58:0,58,no_addition,False,0.0,0.0,0.0,0.0,0.0,0.0,0.0,0.0,0.0,0.0,0.6198457129212576,0.4512439536464701,0.24863939297565013,0.20532809497258347,wait:0.000000
22,59:0,59,no_addition,False,0.0,0.0,0.0,0.0,0.0,0.0,0.0,0.0,0.0,0.0,0.7002922637422113,0.5074985384558233,0.23509445490004036,0.40267072128357945,wait:0.000000
22,60:0,60,no_addition,False,0.0,0.0,0.0,0.0,0.0,0.0,0.0,0.0,0.0,0.0,0.5845134400782842,0.6274568073919631,0.21802528225456477,0.22323942159545873,wait:0.000000
22,61:0,61,no_addition,False,0.0,0.0,0.0,0.0,0.0,0.0,0.0,0.0,0.0,0.0,0.40466418061386694,0.42786425934215844,0.2012198617440855,0.3431351479999387,wait:0.000000
22,68:0,68,no_addition,False,0.0,0.0,0.0,0.0,0.0,0.0,0.0,0.0,0.0,0.0,0.4856375652076465,0.39336260514379606,0.26128882804747644,0.28765577552162636,wait:0.000000
22,70:0,70,no_addition,False,0.0,0.0,0.0,0.0,0.0,0.0,0.0,0.0,0.0,0.0,0.7250418326056267,0.49302427799958903,0.2066890976646894,0.2580273057930491,wait:0.000000
22,73:0,73,no_addition,False,0.0,0.0,0.0,0.0,0.0,0.0,0.0,0.0,0.0,0.0,0.40420682498105226,0.36825884895626715,0.10135193454551357,0.21381812730705063,wait:0.000000
22,75:0,75,no_addition,False,0.0,0.0,0.0,0.0,0.0,0.0,0.0,0.0,0.0,0.0,0.4230941969831738,0.5146117501535823,0.14526836109731428,0.21203597939779312,wait:0.000000
22,77:0,77,no_addition,False,0.0,0.0,0.0,0.0,0.0,0.0,0.0,0.0,0.0,0.0,0.7057895980559208,0.5099150606963985,0.1774995824071297,0.3403705026808585,wait:0.000000
22,78:0,78,no_addition,False,0.0,0.0,0.0,0.0,0.0,0.0,0.0,0.0,0.0,0.0,0.6649527470465615,0.2708445688219129,0.19539182057908258,0.3732642554777805,wait:0.000000;e:-0.129416
22,79:0,79,no_addition,False,0.0,0.0,0.0,0.0,0.0,0.0,0.0,0.0,0.0,0.0,0.6554007144387883,0.3386993507256493,0.11701546148724276,0.22854336518025284,wait:0.000000
22,82:0,82,no_addition,False,0.0,0.0,0.0,0.0,0.0,0.0,0.0,0.0,0.0,0.0,0.7286328395366878,0.36352177295393373,0.15698912011979346,0.1520510595522537,wait:0.000000
22,85:0,85,no_addition,False,0.0,0.0,0.0,0.0,0.0,0.0,0.0,0.0,0.0,0.0,0.7153815322741996,0.556425413119678,0.16364315346228214,0.22556310027741625,wait:0.000000
22,88:0,88,no_addition,False,0.0,0.0,0.0,0.0,0.0,0.0,0.0,0.0,0.0,0.0,0.7163316377708322,0.6143286754778456,0.09809896900767885,0.2526309343782891,wait:0.000000
22,89:0,89,no_addition,False,0.0,0.0,0.0,0.0,0.0,0.0,0.0,0.0,0.0,0.0,0.6654086354683044,0.32308926941883376,0.17411602439694465,0.28314038201118613,wait:0.000000
22,90:0,90,no_addition,False,0.0,0.0,0.0,0.0,0.0,0.0,0.0,0.0,0.0,0.0,0.5496088598221989,0.5230713273300622,0.13492759998526915,0.34468040679375855,wait:0.000000
22,91:0,91,no_addition,False,0.0,0.0,0.0,0.0,0.0,0.0,0.0,0.0,0.0,0.0,0.4008685735824922,0.45411787526818514,0.22139914132820376,0.16502895016143204,wait:0.000000
22,99:0,99,no_addition,False,0.0,0.0,0.0,0.0,0.0,0.0,0.0,0.0,0.0,0.0,0.595919754635573,0.3031051908867153,0.2567075269935262,0.36362387727822276,wait:0.000000;e:-0.090731
22,100:0,100,no_addition,False,0.0,0.0,0.0,0.0,0.0,0.0,0.0,0.0,0.0,0.0,0.7169641560585482,0.4692832919180363,0.23232263065211484,0.18559087631515395,wait:0.000000
22,102:0,102,no_addition,False,0.0,0.0,0.0,0.0,0.0,0.0,0.0,0.0,0.0,0.0,0.701367219239883,0.26701134800970727,0.18771390352718884,0.3406883754000892,wait:0.000000
22,104:0,104,no_addition,False,0.0,0.0,0.0,0.0,0.0,0.0,0.0,0.0,0.0,0.0,0.4805291116972771,0.3077848861998414,0.24182705034992438,0.26225319894977905,wait:0.000000
22,111:0,111,no_addition,False,0.0,0.0,0.0,0.0,0.0,0.0,0.0,0.0,0.0,0.0,0.6296869035044703,0.48249741418436287,0.11558516615917062,0.1539376686338176,wait:0.000000
22,112:0,112,no_addition,False,0.0,0.0,0.0,0.0,0.0,0.0,0.0,0.0,0.0,0.0,0.7348930726439825,0.5747899891492501,0.10878586675424282,0.1906376254280636,wait:0.000000
22,113:0,113,no_addition,False,0.0,0.0,0.0,0.0,0.0,0.0,0.0,0.0,0.0,0.0,0.36884265054638277,0.5871883438705638,0.20774743918817895,0.15152591661893103,wait:0.000000
22,118:0,118,no_addition,False,0.0,0.0,0.0,0.0,0.0,0.0,0.0,0.0,0.0,0.0,0.7419538127860572,0.3257052711190269,0.22127615320016214,0.1744441787687567,wait:0.000000
23,0:0,0,no_addition,False,0.0,0.0,0.0,0.0,0.0,0.0,0.0,0.0,0.0,0.0,0.6849269699863758,0.5877091393923862,0.1483707952442035,0.27587969446165017,wait:0.000000
23,7:0,7,no_addition,False,0.0,0.0,0.0,0.0,0.0,0.0,0.0,0.0,0.0,0.0,0.6195015022100783,0.5941831448229777,0.2039393136927115,0.21007926007053504,wait:0.000000
23,8:0,8,no_addition,False,0.0,0.0,0.0,0.0,0.0,0.0,0.0,0.0,0.0,0.0,0.42224487806266675,0.31676733048151573,0.09743626015620943,0.3270836536953683,wait:0.000000
23,11:0,11,no_addition,False,0.0,0.0,0.0,0.0,0.0,0.0,0.0,0.0,0.0,0.0,0.657146533296191,0.37812604292750296,0.11254230858288973,0.15467226241520335,wait:0.000000
23,12:0,12,no_addition,False,0.0,0.0,0.0,0.0,0.0,0.0,0.0,0.0,0.0,0.0,0.7437817987812785,0.48527716350699646,0.2378376446886984,0.3113206276857364,wait:0.000000
23,15:0,15,no_addition,False,0.0,0.0,0.0,0.0,0.0,0.0,0.0,0.0,0.0,0.0,0.5815402376273211,0.3651732285065892,0.12013139547880683,0.36885322864169034,wait:0.000000
23,17:0,17,no_addition,False,0.0,0.0,0.0,0.0,0.0,0.0,0.0,0.0,0.0,0.0,0.5319935126913222,0.5734977925998279,0.253902026142052,0.30760713930070754,wait:0.000000
23,20:0,20,no_addition,False,0.0,0.0,0.0,0.0,0.0,0.0,0.0,0.0,0.0,0.0,0.6195092762977208,0.4718195611743685,0.1422286741409436,0.34279558387592546,wait:0.000000
23,22:0,22,no_addition,False,0.0,0.0,0.0,0.0,0.0,0.0,0.0,0.0,0.0,0.0,0.5249099051021684,0.48382851322678777,0.1072317536866028,0.38624423250672224,wait:0.000000
23,24:0,24,no_addition,False,0.0,0.0,0.0,0.0,0.0,0.0,0.0,0.0,0.0,0.0,0.6684423983588719,0.5335729502393609,0.26239716001572394,0.36884069536487507,wait:0.000000
23,27:0,27,no_addition,False,0.0,0.0,0.0,0.0,0.0,0.0,0.0,0.0,0.0,0.0,0.6925893067107659,0.6392206064589001,0.15779028109324086,0.3684614046068823,wait:0.000000
23,30:0,30,no_addition,False,0.0,0.0,0.0,0.0,0.0,0.0,0.0,0.0,0.0,0.0,0.6113152525564187,0.48946698833342217,0.10568988529152609,0.2968595249016314,wait:0.000000
23,31:0,31,no_addition,False,0.0,0.0,0.0,0.0,0.0,0.0,0.0,0.0,0.0,0.0,0.639231730984955,0.5962232349389468,0.15877040446700252,0.19435374724412033,wait:0.000000
23,35:0,35,no_addition,False,0.0,0.0,0.0,0.0,0.0,0.0,0.0,0.0,0.0,0.0,0.5686148129675394,0.3808624764596319,0.11359345932382238,0.17179398486241937,wait:0.000000
23,39:0,39,no_addition,False,0.0,0.0,0.0,0.0,0.0,0.0,0.0,0.0,0.0,0.0,0.4294577007052264,0.45942743266519215,0.11278642516549683,0.3142410343455689,wait:0.000000
23,42:0,42,no_addition,False,0.0,0.0,0.0,0.0,0.0,0.0,0.0,0.0,0.0,0.0,0.3646625997759556,0.43924046267399164,0.20447239480110982,0.16482639385390188,wait:0.000000
23,46:0,46,no_addition,False,0.0,0.0,0.0,0.0,0.0,0.0,0.0,0.0,0.0,0.0,0.46247147996441473,0.6596503611583785,0.18523664050489752,0.15567554392335484,wait:0.000000
23,49:0,49,no_addition,False,0.0,0.0,0.0,0.0,0.0,0.0,0.0,0.0,0.0,0.0,0.5412220236875722,0.6085239383184402,0.20702198292046725,0.3550969080079869,wait:0.000000
23,50:0,50,no_addition,False,0.0,0.0,0.0,0.0,0.0,0.0,0.0,0.0,0.0,0.0,0.3887471694008641,0.28772933443180404,0.2088022698026999,0.2124178474471884,wait:0.000000
23,52:0,52,no_addition,False,0.0,0.0,0.0,0.0,0.0,0.0,0.0,0.0,0.0,0.0,0.6875190938505968,0.424566771177051,0.2476619091839592,0.2339709438701195,wait:0.000000
23,54:0,54,no_addition,False,0.0,0.0,0.0,0.0,0.0,0.0,0.0,0.0,0.0,0.0,0.36049733782908744,0.5523253568294493,0.25533682668695057,0.3412197200125101,wait:0.000000
23,58:0,58,no_addition,False,0.0,0.0,0.0,0.0,0.0,0.0,0.0,0.0,0.0,0.0,0.6198457129212576,0.4512439536464701,0.24863939297565013,0.20532809497258347,wait:0.000000
23,59:0,59,no_addition,False,0.0,0.0,0.0,0.0,0.0,0.0,0.0,0.0,0.0,0.0,0.7002922637422113,0.5074985384558233,0.23509445490004036,0.40267072128357945,wait:0.000000
23,60:0,60,no_addition,False,0.0,0.0,0.0,0.0,0.0,0.0,0.0,0.0,0.0,0.0,0.5845134400782842,0.6274568073919631,0.21802528225456477,0.22323942159545873,wait:0.000000
23,61:0,61,no_addition,False,0.0,0.0,0.0,0.0,0.0,0.0,0.0,0.0,0.0,0.0,0.40466418061386694,0.42786425934215844,0.2012198617440855,0.3431351479999387,wait:0.000000
23,68:0,68,no_addition,False,0.0,0.0,0.0,0.0,0.0,0.0,0.0,0.0,0.0,0.0,0.4856375652076465,0.39336260514379606,0.26128882804747644,0.28765577552162636,wait:0.000000
23,70:0,70,no_addition,False,0.0,0.0,0.0,0.0,0.0,0.0,0.0,0.0,0.0,0.0,0.7250418326056267,0.49302427799958903,0.2066890976646894,0.2580273057930491,wait:0.000000
23,73:0,73,no_addition,False,0.0,0.0,0.0,0.0,0.0,0.0,0.0,0.0,0.0,0.0,0.40420682498105226,0.36825884895626715,0.10135193454551357,0.21381812730705063,wait:0.000000
23,75:0,75,no_addition,False,0.0,0.0,0.0,0.0,0.0,0.0,0.0,0.0,0.0,0.0,0.4230941969831738,0.5146117501535823,0.14526836109731428,0.21203597939779312,wait:0.000000
23,77:0,77,no_addition,False,0.0,0.0,0.0,0.0,0.0,0.0,0.0,0.0,0.0,0.0,0.7057895980559208,0.5099150606963985,0.1774995824071297,0.3403705026808585,wait:0.000000
23,78:0,78,no_addition,False,0.0,0.0,0.0,0.0,0.0,0.0,0.0,0.0,0.0,0.0,0.6649527470465615,0.2708445688219129,0.19539182057908258,0.3732642554777805,wait:0.000000;e:-0.129416
23,79:0,79,no_addition,False,0.0,0.0,0.0,0.0,0.0,0.0,0.0,0.0,0.0,0.0,0.6554007144387883,0.3386993507256493,0.11701546148724276,0.22854336518025284,wait:0.000000
23,82:0,82,no_addition,False,0.0,0.0,0.0,0.0,0.0,0.0,0.0,0.0,0.0,0.0,0.7286328395366878,0.36352177295393373,0.15698912011979346,0.1520510595522537,wait:0.000000
23,85:0,85,no_addition,False,0.0,0.0,0.0,0.0,0.0,0.0,0.0,0.0,0.0,0.0,0.7153815322741996,0.556425413119678,0.16364315346228214,0.22556310027741625,wait:0.000000
23,88:0,88,no_addition,False,0.0,0.0,0.0,0.0,0.0,0.0,0.0,0.0,0.0,0.0,0.7163316377708322,0.6143286754778456,0.09809896900767885,0.2526309343782891,wait:0.000000
23,89:0,89,no_addition,False,0.0,0.0,0.0,0.0,0.0,0.0,0.0,0.0,0.0,0.0,0.6654086354683044,0.32308926941883376,0.17411602439694465,0.28314038201118613,wait:0.000000
23,90:0,90,no_addition,False,0.0,0.0,0.0,0.0,0.0,0.0,0.0,0.0,0.0,0.0,0.5496088598221989,0.5230713273300622,0.13492759998526915,0.34468040679375855,wait:0.000000
23,91:0,91,no_addition,False,0.0,0.0,0.0,0.0,0.0,0.0,0.0,0.0,0.0,0.0,0.4008685735824922,0.45411787526818514,0.22139914132820376,0.16502895016143204,wait:0.000000
23,99:0,99,no_addition,False,0.0,0.0,0.0,0.0,0.0,0.0,0.0,0.0,0.0,0.0,0.595919754635573,0.3031051908867153,0.2567075269935262,0.36362387727822276,wait:0.000000;e:-0.090731
23,100:0,100,no_addition,False,0.0,0.0,0.0,0.0,0.0,0.0,0.0,0.0,0.0,0.0,0.7169641560585482,0.4692832919180363,0.23232263065211484,0.18559087631515395,wait:0.000000
23,102:0,102,no_addition,False,0.0,0.0,0.0,0.0,0.0,0.0,0.0,0.0,0.0,0.0,0.701367219239883,0.26701134800970727,0.18771390352718884,0.3406883754000892,wait:0.000000
23,104:0,104,no_addition,False,0.0,0.0,0.0,0.0,0.0,0.0,0.0,0.0,0.0,0.0,0.4805291116972771,0.3077848861998414,0.24182705034992438,0.26225319894977905,wait:0.000000
23,111:0,111,no_addition,False,0.0,0.0,0.0,0.0,0.0,0.0,0.0,0.0,0.0,0.0,0.6296869035044703,0.48249741418436287,0.11558516615917062,0.1539376686338176,wait:0.000000
23,112:0,112,no_addition,False,0.0,0.0,0.0,0.0,0.0,0.0,0.0,0.0,0.0,0.0,0.7348930726439825,0.5747899891492501,0.10878586675424282,0.1906376254280636,wait:0.000000
23,113:0,113,no_addition,False,0.0,0.0,0.0,0.0,0.0,0.0,0.0,0.0,0.0,0.0,0.36884265054638277,0.5871883438705638,0.20774743918817895,0.15152591661893103,wait:0.000000
23,118:0,118,no_addition,False,0.0,0.0,0.0,0.0,0.0,0.0,0.0,0.0,0.0,0.0,0.7419538127860572,0.3257052711190269,0.22127615320016214,0.1744441787687567,wait:0.000000
24,0:0,0,no_addition,False,0.0,0.0,0.0,0.0,0.0,0.0,0.0,0.0,0.0,0.0,0.6849269699863758,0.5877091393923862,0.1483707952442035,0.27587969446165017,wait:0.000000
24,7:0,7,no_addition,False,0.0,0.0,0.0,0.0,0.0,0.0,0.0,0.0,0.0,0.0,0.6195015022100783,0.5941831448229777,0.2039393136927115,0.21007926007053504,wait:0.000000
24,8:0,8,no_addition,False,0.0,0.0,0.0,0.0,0.0,0.0,0.0,0.0,0.0,0.0,0.42224487806266675,0.31676733048151573,0.09743626015620943,0.3270836536953683,wait:0.000000
24,11:0,11,no_addition,False,0.0,0.0,0.0,0.0,0.0,0.0,0.0,0.0,0.0,0.0,0.657146533296191,0.37812604292750296,0.11254230858288973,0.15467226241520335,wait:0.000000
24,12:0,12,no_addition,False,0.0,0.0,0.0,0.0,0.0,0.0,0.0,0.0,0.0,0.0,0.7437817987812785,0.48527716350699646,0.2378376446886984,0.3113206276857364,wait:0.000000
24,15:0,15,no_addition,False,0.0,0.0,0.0,0.0,0.0,0.0,0.0,0.0,0.0,0.0,0.5815402376273211,0.3651732285065892,0.12013139547880683,0.36885322864169034,wait:0.000000
24,17:0,17,no_addition,False,0.0,0.0,0.0,0.0,0.0,0.0,0.0,0.0,0.0,0.0,0.5319935126913222,0.5734977925998279,0.253902026142052,0.30760713930070754,wait:0.000000
24,20:0,20,no_addition,False,0.0,0.0,0.0,0.0,0.0,0.0,0.0,0.0,0.0,0.0,0.6195092762977208,0.4718195611743685,0.1422286741409436,0.34279558387592546,wait:0.000000
24,22:0,22,no_addition,False,0.0,0.0,0.0,0.0,0.0,0.0,0.0,0.0,0.0,0.0,0.5249099051021684,0.48382851322678777,0.1072317536866028,0.38624423250672224,wait:0.000000
24,24:0,24,no_addition,False,0.0,0.0,0.0,0.0,0.0,0.0,0.0,0.0,0.0,0.0,0.6684423983588719,0.5335729502393609,0.26239716001572394,0.36884069536487507,wait:0.000000
24,27:0,27,no_addition,False,0.0,0.0,0.0,0.0,0.0,0.0,0.0,0.0,0.0,0.0,0.6925893067107659,0.6392206064589001,0.15779028109324086,0.3684614046068823,wait:0.000000
24,30:0,30,no_addition,False,0.0,0.0,0.0,0.0,0.0,0.0,0.0,0.0,0.0,0.0,0.6113152525564187,0.48946698833342217,0.10568988529152609,0.2968595249016314,wait:0.000000
24,31:0,31,no_addition,False,0.0,0.0,0.0,0.0,0.0,0.0,0.0,0.0,0.0,0.0,0.639231730984955,0.5962232349389468,0.15877040446700252,0.19435374724412033,wait:0.000000
24,35:0,35,no_addition,False,0.0,0.0,0.0,0.0,0.0,0.0,0.0,0.0,0.0,0.0,0.5686148129675394,0.3808624764596319,0.11359345932382238,0.17179398486241937,wait:0.000000
24,39:0,39,no_addition,False,0.0,0.0,0.0,0.0,0.0,0.0,0.0,0.0,0.0,0.0,0.4294577007052264,0.45942743266519215,0.11278642516549683,0.3142410343455689,wait:0.000000
24,42:0,42,no_addition,False,0.0,0.0,0.0,0.0,0.0,0.0,0.0,0.0,0.0,0.0,0.3646625997759556,0.43924046267399164,0.20447239480110982,0.16482639385390188,wait:0.000000
24,46:0,46,no_addition,False,0.0,0.0,0.0,0.0,0.0,0.0,0.0,0.0,0.0,0.0,0.46247147996441473,0.6596503611583785,0.18523664050489752,0.15567554392335484,wait:0.000000
24,49:0,49,no_addition,False,0.0,0.0,0.0,0.0,0.0,0.0,0.0,0.0,0.0,0.0,0.5412220236875722,0.6085239383184402,0.20702198292046725,0.3550969080079869,wait:0.000000
24,50:0,50,no_addition,False,0.0,0.0,0.0,0.0,0.0,0.0,0.0,0.0,0.0,0.0,0.3887471694008641,0.28772933443180404,0.2088022698026999,0.2124178474471884,wait:0.000000
24,52:0,52,no_addition,False,0.0,0.0,0.0,0.0,0.0,0.0,0.0,0.0,0.0,0.0,0.6875190938505968,0.424566771177051,0.2476619091839592,0.2339709438701195,wait:0.000000
24,54:0,54,no_addition,False,0.0,0.0,0.0,0.0,0.0,0.0,0.0,0.0,0.0,0.0,0.36049733782908744,0.5523253568294493,0.25533682668695057,0.3412197200125101,wait:0.000000
24,58:0,58,no_addition,False,0.0,0.0,0.0,0.0,0.0,0.0,0.0,0.0,0.0,0.0,0.6198457129212576,0.4512439536464701,0.24863939297565013,0.20532809497258347,wait:0.000000
24,59:0,59,no_addition,False,0.0,0.0,0.0,0.0,0.0,0.0,0.0,0.0,0.0,0.0,0.7002922637422113,0.5074985384558233,0.23509445490004036,0.40267072128357945,wait:0.000000
24,60:0,60,no_addition,False,0.0,0.0,0.0,0.0,0.0,0.0,0.0,0.0,0.0,0.0,0.5845134400782842,0.6274568073919631,0.21802528225456477,0.22323942159545873,wait:0.000000
24,61:0,61,no_addition,False,0.0,0.0,0.0,0.0,0.0,0.0,0.0,0.0,0.0,0.0,0.40466418061386694,0.42786425934215844,0.2012198617440855,0.3431351479999387,wait:0.000000
24,68:0,68,no_addition,False,0.0,0.0,0.0,0.0,0.0,0.0,0.0,0.0,0.0,0.0,0.4856375652076465,0.39336260514379606,0.26128882804747644,0.28765577552162636,wait:0.000000
24,70:0,70,no_addition,False,0.0,0.0,0.0,0.0,0.0,0.0,0.0,0.0,0.0,0.0,0.7250418326056267,0.49302427799958903,0.2066890976646894,0.2580273057930491,wait:0.000000
24,73:0,73,no_addition,False,0.0,0.0,0.0,0.0,0.0,0.0,0.0,0.0,0.0,0.0,0.40420682498105226,0.36825884895626715,0.10135193454551357,0.21381812730705063,wait:0.000000
24,75:0,75,no_addition,False,0.0,0.0,0.0,0.0,0.0,0.0,0.0,0.0,0.0,0.0,0.4230941969831738,0.5146117501535823,0.14526836109731428,0.21203597939779312,wait:0.000000
24,77:0,77,no_addition,False,0.0,0.0,0.0,0.0,0.0,0.0,0.0,0.0,0.0,0.0,0.7057895980559208,0.5099150606963985,0.1774995824071297,0.3403705026808585,wait:0.000000
24,78:0,78,no_addition,False,0.0,0.0,0.0,0.0,0.0,0.0,0.0,0.0,0.0,0.0,0.6649527470465615,0.2708445688219129,0.19539182057908258,0.3732642554777805,wait:0.000000;e:-0.129416
24,79:0,79,no_addition,False,0.0,0.0,0.0,0.0,0.0,0.0,0.0,0.0,0.0,0.0,0.6554007144387883,0.3386993507256493,0.11701546148724276,0.22854336518025284,wait:0.000000
24,82:0,82,no_addition,False,0.0,0.0,0.0,0.0,0.0,0.0,0.0,0.0,0.0,0.0,0.7286328395366878,0.36352177295393373,0.15698912011979346,0.1520510595522537,wait:0.000000
24,85:0,85,no_addition,False,0.0,0.0,0.0,0.0,0.0,0.0,0.0,0.0,0.0,0.0,0.7153815322741996,0.556425413119678,0.16364315346228214,0.22556310027741625,wait:0.000000
24,88:0,88,no_addition,False,0.0,0.0,0.0,0.0,0.0,0.0,0.0,0.0,0.0,0.0,0.7163316377708322,0.6143286754778456,0.09809896900767885,0.2526309343782891,wait:0.000000
24,89:0,89,no_addition,False,0.0,0.0,0.0,0.0,0.0,0.0,0.0,0.0,0.0,0.0,0.6654086354683044,0.32308926941883376,0.17411602439694465,0.28314038201118613,wait:0.000000
24,90:0,90,no_addition,False,0.0,0.0,0.0,0.0,0.0,0.0,0.0,0.0,0.0,0.0,0.5496088598221989,0.5230713273300622,0.13492759998526915,0.34468040679375855,wait:0.000000
24,91:0,91,no_addition,False,0.0,0.0,0.0,0.0,0.0,0.0,0.0,0.0,0.0,0.0,0.4008685735824922,0.45411787526818514,0.22139914132820376,0.16502895016143204,wait:0.000000
24,99:0,99,no_addition,False,0.0,0.0,0.0,0.0,0.0,0.0,0.0,0.0,0.0,0.0,0.595919754635573,0.3031051908867153,0.2567075269935262,0.36362387727822276,wait:0.000000;e:-0.090731
24,100:0,100,no_addition,False,0.0,0.0,0.0,0.0,0.0,0.0,0.0,0.0,0.0,0.0,0.7169641560585482,0.4692832919180363,0.23232263065211484,0.18559087631515395,wait:0.000000
24,102:0,102,no_addition,False,0.0,0.0,0.0,0.0,0.0,0.0,0.0,0.0,0.0,0.0,0.701367219239883,0.26701134800970727,0.18771390352718884,0.3406883754000892,wait:0.000000
24,104:0,104,no_addition,False,0.0,0.0,0.0,0.0,0.0,0.0,0.0,0.0,0.0,0.0,0.4805291116972771,0.3077848861998414,0.24182705034992438,0.26225319894977905,wait:0.000000
24,111:0,111,no_addition,False,0.0,0.0,0.0,0.0,0.0,0.0,0.0,0.0,0.0,0.0,0.6296869035044703,0.48249741418436287,0.11558516615917062,0.1539376686338176,wait:0.000000
24,112:0,112,no_addition,False,0.0,0.0,0.0,0.0,0.0,0.0,0.0,0.0,0.0,0.0,0.7348930726439825,0.5747899891492501,0.10878586675424282,0.1906376254280636,wait:0.000000
24,113:0,113,no_addition,False,0.0,0.0,0.0,0.0,0.0,0.0,0.0,0.0,0.0,0.0,0.36884265054638277,0.5871883438705638,0.20774743918817895,0.15152591661893103,wait:0.000000
24,118:0,118,no_addition,False,0.0,0.0,0.0,0.0,0.0,0.0,0.0,0.0,0.0,0.0,0.7419538127860572,0.3257052711190269,0.22127615320016214,0.1744441787687567,wait:0.000000
25,0:0,0,no_addition,False,0.0,0.0,0.0,0.0,0.0,0.0,0.0,0.0,0.0,0.0,0.6849269699863758,0.5877091393923862,0.1483707952442035,0.27587969446165017,wait:0.000000
25,7:0,7,no_addition,False,0.0,0.0,0.0,0.0,0.0,0.0,0.0,0.0,0.0,0.0,0.6195015022100783,0.5941831448229777,0.2039393136927115,0.21007926007053504,wait:0.000000
25,8:0,8,no_addition,False,0.0,0.0,0.0,0.0,0.0,0.0,0.0,0.0,0.0,0.0,0.42224487806266675,0.31676733048151573,0.09743626015620943,0.3270836536953683,wait:0.000000
25,11:0,11,no_addition,False,0.0,0.0,0.0,0.0,0.0,0.0,0.0,0.0,0.0,0.0,0.657146533296191,0.37812604292750296,0.11254230858288973,0.15467226241520335,wait:0.000000
25,12:0,12,no_addition,False,0.0,0.0,0.0,0.0,0.0,0.0,0.0,0.0,0.0,0.0,0.7437817987812785,0.48527716350699646,0.2378376446886984,0.3113206276857364,wait:0.000000
25,15:0,15,no_addition,False,0.0,0.0,0.0,0.0,0.0,0.0,0.0,0.0,0.0,0.0,0.5815402376273211,0.3651732285065892,0.12013139547880683,0.36885322864169034,wait:0.000000
25,17:0,17,no_addition,False,0.0,0.0,0.0,0.0,0.0,0.0,0.0,0.0,0.0,0.0,0.5319935126913222,0.5734977925998279,0.253902026142052,0.30760713930070754,wait:0.000000
25,20:0,20,no_addition,False,0.0,0.0,0.0,0.0,0.0,0.0,0.0,0.0,0.0,0.0,0.6195092762977208,0.4718195611743685,0.1422286741409436,0.34279558387592546,wait:0.000000
25,22:0,22,no_addition,False,0.0,0.0,0.0,0.0,0.0,0.0,0.0,0.0,0.0,0.0,0.5249099051021684,0.48382851322678777,0.1072317536866028,0.38624423250672224,wait:0.000000
25,24:0,24,no_addition,False,0.0,0.0,0.0,0.0,0.0,0.0,0.0,0.0,0.0,0.0,0.6684423983588719,0.5335729502393609,0.26239716001572394,0.36884069536487507,wait:0.000000
25,27:0,27,no_addition,False,0.0,0.0,0.0,0.0,0.0,0.0,0.0,0.0,0.0,0.0,0.6925893067107659,0.6392206064589001,0.15779028109324086,0.3684614046068823,wait:0.000000
25,30:0,30,no_addition,False,0.0,0.0,0.0,0.0,0.0,0.0,0.0,0.0,0.0,0.0,0.6113152525564187,0.48946698833342217,0.10568988529152609,0.2968595249016314,wait:0.000000
25,31:0,31,no_addition,False,0.0,0.0,0.0,0.0,0.0,0.0,0.0,0.0,0.0,0.0,0.639231730984955,0.5962232349389468,0.15877040446700252,0.19435374724412033,wait:0.000000
25,35:0,35,no_addition,False,0.0,0.0,0.0,0.0,0.0,0.0,0.0,0.0,0.0,0.0,0.5686148129675394,0.3808624764596319,0.11359345932382238,0.17179398486241937,wait:0.000000
25,39:0,39,no_addition,False,0.0,0.0,0.0,0.0,0.0,0.0,0.0,0.0,0.0,0.0,0.4294577007052264,0.45942743266519215,0.11278642516549683,0.3142410343455689,wait:0.000000
25,42:0,42,no_addition,False,0.0,0.0,0.0,0.0,0.0,0.0,0.0,0.0,0.0,0.0,0.3646625997759556,0.43924046267399164,0.20447239480110982,0.16482639385390188,wait:0.000000
25,46:0,46,no_addition,False,0.0,0.0,0.0,0.0,0.0,0.0,0.0,0.0,0.0,0.0,0.46247147996441473,0.6596503611583785,0.18523664050489752,0.15567554392335484,wait:0.000000
25,49:0,49,no_addition,False,0.0,0.0,0.0,0.0,0.0,0.0,0.0,0.0,0.0,0.0,0.5412220236875722,0.6085239383184402,0.20702198292046725,0.3550969080079869,wait:0.000000
25,50:0,50,no_addition,False,0.0,0.0,0.0,0.0,0.0,0.0,0.0,0.0,0.0,0.0,0.3887471694008641,0.28772933443180404,0.2088022698026999,0.2124178474471884,wait:0.000000
25,52:0,52,no_addition,False,0.0,0.0,0.0,0.0,0.0,0.0,0.0,0.0,0.0,0.0,0.6875190938505968,0.424566771177051,0.2476619091839592,0.2339709438701195,wait:0.000000
25,54:0,54,no_addition,False,0.0,0.0,0.0,0.0,0.0,0.0,0.0,0.0,0.0,0.0,0.36049733782908744,0.5523253568294493,0.25533682668695057,0.3412197200125101,wait:0.000000
25,58:0,58,no_addition,False,0.0,0.0,0.0,0.0,0.0,0.0,0.0,0.0,0.0,0.0,0.6198457129212576,0.4512439536464701,0.24863939297565013,0.20532809497258347,wait:0.000000
25,59:0,59,no_addition,False,0.0,0.0,0.0,0.0,0.0,0.0,0.0,0.0,0.0,0.0,0.7002922637422113,0.5074985384558233,0.23509445490004036,0.40267072128357945,wait:0.000000
25,60:0,60,no_addition,False,0.0,0.0,0.0,0.0,0.0,0.0,0.0,0.0,0.0,0.0,0.5845134400782842,0.6274568073919631,0.21802528225456477,0.22323942159545873,wait:0.000000
25,61:0,61,no_addition,False,0.0,0.0,0.0,0.0,0.0,0.0,0.0,0.0,0.0,0.0,0.40466418061386694,0.42786425934215844,0.2012198617440855,0.3431351479999387,wait:0.000000
25,68:0,68,no_addition,False,0.0,0.0,0.0,0.0,0.0,0.0,0.0,0.0,0.0,0.0,0.4856375652076465,0.39336260514379606,0.26128882804747644,0.28765577552162636,wait:0.000000
25,70:0,70,no_addition,False,0.0,0.0,0.0,0.0,0.0,0.0,0.0,0.0,0.0,0.0,0.7250418326056267,0.49302427799958903,0.2066890976646894,0.2580273057930491,wait:0.000000
25,73:0,73,no_addition,False,0.0,0.0,0.0,0.0,0.0,0.0,0.0,0.0,0.0,0.0,0.40420682498105226,0.36825884895626715,0.10135193454551357,0.21381812730705063,wait:0.000000
25,75:0,75,no_addition,False,0.0,0.0,0.0,0.0,0.0,0.0,0.0,0.0,0.0,0.0,0.4230941969831738,0.5146117501535823,0.14526836109731428,0.21203597939779312,wait:0.000000
25,77:0,77,no_addition,False,0.0,0.0,0.0,0.0,0.0,0.0,0.0,0.0,0.0,0.0,0.7057895980559208,0.5099150606963985,0.1774995824071297,0.3403705026808585,wait:0.000000
25,78:0,78,no_addition,False,0.0,0.0,0.0,0.0,0.0,0.0,0.0,0.0,0.0,0.0,0.6649527470465615,0.2708445688219129,0.19539182057908258,0.3732642554777805,wait:0.000000;e:-0.129416
25,79:0,79,no_addition,False,0.0,0.0,0.0,0.0,0.0,0.0,0.0,0.0,0.0,0.0,0.6554007144387883,0.3386993507256493,0.11701546148724276,0.22854336518025284,wait:0.000000
25,82:0,82,no_addition,False,0.0,0.0,0.0,0.0,0.0,0.0,0.0,0.0,0.0,0.0,0.7286328395366878,0.36352177295393373,0.15698912011979346,0.1520510595522537,wait:0.000000
25,85:0,85,no_addition,False,0.0,0.0,0.0,0.0,0.0,0.0,0.0,0.0,0.0,0.0,0.7153815322741996,0.556425413119678,0.16364315346228214,0.22556310027741625,wait:0.000000
25,88:0,88,no_addition,False,0.0,0.0,0.0,0.0,0.0,0.0,0.0,0.0,0.0,0.0,0.7163316377708322,0.6143286754778456,0.09809896900767885,0.2526309343782891,wait:0.000000
25,89:0,89,no_addition,False,0.0,0.0,0.0,0.0,0.0,0.0,0.0,0.0,0.0,0.0,0.6654086354683044,0.32308926941883376,0.17411602439694465,0.28314038201118613,wait:0.000000
25,90:0,90,no_addition,False,0.0,0.0,0.0,0.0,0.0,0.0,0.0,0.0,0.0,0.0,0.5496088598221989,0.5230713273300622,0.13492759998526915,0.34468040679375855,wait:0.000000
25,91:0,91,no_addition,False,0.0,0.0,0.0,0.0,0.0,0.0,0.0,0.0,0.0,0.0,0.4008685735824922,0.45411787526818514,0.22139914132820376,0.16502895016143204,wait:0.000000
25,99:0,99,no_addition,False,0.0,0.0,0.0,0.0,0.0,0.0,0.0,0.0,0.0,0.0,0.595919754635573,0.3031051908867153,0.2567075269935262,0.36362387727822276,wait:0.000000;e:-0.090731
25,100:0,100,no_addition,False,0.0,0.0,0.0,0.0,0.0,0.0,0.0,0.0,0.0,0.0,0.7169641560585482,0.4692832919180363,0.23232263065211484,0.18559087631515395,wait:0.000000
25,102:0,102,no_addition,False,0.0,0.0,0.0,0.0,0.0,0.0,0.0,0.0,0.0,0.0,0.701367219239883,0.26701134800970727,0.18771390352718884,0.3406883754000892,wait:0.000000
25,104:0,104,no_addition,False,0.0,0.0,0.0,0.0,0.0,0.0,0.0,0.0,0.0,0.0,0.4805291116972771,0.3077848861998414,0.24182705034992438,0.26225319894977905,wait:0.000000
25,111:0,111,no_addition,False,0.0,0.0,0.0,0.0,0.0,0.0,0.0,0.0,0.0,0.0,0.6296869035044703,0.48249741418436287,0.11558516615917062,0.1539376686338176,wait:0.000000
25,112:0,112,no_addition,False,0.0,0.0,0.0,0.0,0.0,0.0,0.0,0.0,0.0,0.0,0.7348930726439825,0.5747899891492501,0.10878586675424282,0.1906376254280636,wait:0.000000
25,113:0,113,no_addition,False,0.0,0.0,0.0,0.0,0.0,0.0,0.0,0.0,0.0,0.0,0.36884265054638277,0.5871883438705638,0.20774743918817895,0.15152591661893103,wait:0.000000
25,118:0,118,no_addition,False,0.0,0.0,0.0,0.0,0.0,0.0,0.0,0.0,0.0,0.0,0.7419538127860572,0.3257052711190269,0.22127615320016214,0.1744441787687567,wait:0.000000
26,0:0,0,no_addition,False,0.0,0.0,0.0,0.0,0.0,0.0,0.0,0.0,0.0,0.0,0.6849269699863758,0.5877091393923862,0.1483707952442035,0.27587969446165017,wait:0.000000
26,7:0,7,no_addition,False,0.0,0.0,0.0,0.0,0.0,0.0,0.0,0.0,0.0,0.0,0.6195015022100783,0.5941831448229777,0.2039393136927115,0.21007926007053504,wait:0.000000
26,8:0,8,no_addition,False,0.0,0.0,0.0,0.0,0.0,0.0,0.0,0.0,0.0,0.0,0.42224487806266675,0.31676733048151573,0.09743626015620943,0.3270836536953683,wait:0.000000
26,11:0,11,no_addition,False,0.0,0.0,0.0,0.0,0.0,0.0,0.0,0.0,0.0,0.0,0.657146533296191,0.37812604292750296,0.11254230858288973,0.15467226241520335,wait:0.000000
26,12:0,12,no_addition,False,0.0,0.0,0.0,0.0,0.0,0.0,0.0,0.0,0.0,0.0,0.7437817987812785,0.48527716350699646,0.2378376446886984,0.3113206276857364,wait:0.000000
26,15:0,15,no_addition,False,0.0,0.0,0.0,0.0,0.0,0.0,0.0,0.0,0.0,0.0,0.5815402376273211,0.3651732285065892,0.12013139547880683,0.36885322864169034,wait:0.000000
26,17:0,17,no_addition,False,0.0,0.0,0.0,0.0,0.0,0.0,0.0,0.0,0.0,0.0,0.5319935126913222,0.5734977925998279,0.253902026142052,0.30760713930070754,wait:0.000000
26,20:0,20,no_addition,False,0.0,0.0,0.0,0.0,0.0,0.0,0.0,0.0,0.0,0.0,0.6195092762977208,0.4718195611743685,0.1422286741409436,0.34279558387592546,wait:0.000000
26,22:0,22,no_addition,False,0.0,0.0,0.0,0.0,0.0,0.0,0.0,0.0,0.0,0.0,0.5249099051021684,0.48382851322678777,0.1072317536866028,0.38624423250672224,wait:0.000000
26,24:0,24,no_addition,False,0.0,0.0,0.0,0.0,0.0,0.0,0.0,0.0,0.0,0.0,0.6684423983588719,0.5335729502393609,0.26239716001572394,0.36884069536487507,wait:0.000000
26,27:0,27,no_addition,False,0.0,0.0,0.0,0.0,0.0,0.0,0.0,0.0,0.0,0.0,0.6925893067107659,0.6392206064589001,0.15779028109324086,0.3684614046068823,wait:0.000000
26,30:0,30,no_addition,False,0.0,0.0,0.0,0.0,0.0,0.0,0.0,0.0,0.0,0.0,0.6113152525564187,0.48946698833342217,0.10568988529152609,0.2968595249016314,wait:0.000000
26,31:0,31,no_addition,False,0.0,0.0,0.0,0.0,0.0,0.0,0.0,0.0,0.0,0.0,0.639231730984955,0.5962232349389468,0.15877040446700252,0.19435374724412033,wait:0.000000
26,35:0,35,no_addition,False,0.0,0.0,0.0,0.0,0.0,0.0,0.0,0.0,0.0,0.0,0.5686148129675394,0.3808624764596319,0.11359345932382238,0.17179398486241937,wait:0.000000
26,39:0,39,no_addition,False,0.0,0.0,0.0,0.0,0.0,0.0,0.0,0.0,0.0,0.0,0.4294577007052264,0.45942743266519215,0.11278642516549683,0.3142410343455689,wait:0.000000
26,42:0,42,no_addition,False,0.0,0.0,0.0,0.0,0.0,0.0,0.0,0.0,0.0,0.0,0.3646625997759556,0.43924046267399164,0.20447239480110982,0.16482639385390188,wait:0.000000
26,46:0,46,no_addition,False,0.0,0.0,0.0,0.0,0.0,0.0,0.0,0.0,0.0,0.0,0.46247147996441473,0.6596503611583785,0.18523664050489752,0.15567554392335484,wait:0.000000
26,49:0,49,no_addition,False,0.0,0.0,0.0,0.0,0.0,0.0,0.0,0.0,0.0,0.0,0.5412220236875722,0.6085239383184402,0.20702198292046725,0.3550969080079869,wait:0.000000
26,50:0,50,no_addition,False,0.0,0.0,0.0,0.0,0.0,0.0,0.0,0.0,0.0,0.0,0.3887471694008641,0.28772933443180404,0.2088022698026999,0.2124178474471884,wait:0.000000
26,52:0,52,no_addition,False,0.0,0.0,0.0,0.0,0.0,0.0,0.0,0.0,0.0,0.0,0.6875190938505968,0.424566771177051,0.2476619091839592,0.2339709438701195,wait:0.000000
26,54:0,54,no_addition,False,0.0,0.0,0.0,0.0,0.0,0.0,0.0,0.0,0.0,0.0,0.36049733782908744,0.5523253568294493,0.25533682668695057,0.3412197200125101,wait:0.000000
26,58:0,58,no_addition,False,0.0,0.0,0.0,0.0,0.0,0.0,0.0,0.0,0.0,0.0,0.6198457129212576,0.4512439536464701,0.24863939297565013,0.20532809497258347,wait:0.000000
26,59:0,59,no_addition,False,0.0,0.0,0.0,0.0,0.0,0.0,0.0,0.0,0.0,0.0,0.7002922637422113,0.5074985384558233,0.23509445490004036,0.40267072128357945,wait:0.000000
26,60:0,60,no_addition,False,0.0,0.0,0.0,0.0,0.0,0.0,0.0,0.0,0.0,0.0,0.5845134400782842,0.6274568073919631,0.21802528225456477,0.22323942159545873,wait:0.000000
26,61:0,61,no_addition,False,0.0,0.0,0.0,0.0,0.0,0.0,0.0,0.0,0.0,0.0,0.40466418061386694,0.42786425934215844,0.2012198617440855,0.3431351479999387,wait:0.000000
26,68:0,68,no_addition,False,0.0,0.0,0.0,0.0,0.0,0.0,0.0,0.0,0.0,0.0,0.4856375652076465,0.39336260514379606,0.26128882804747644,0.28765577552162636,wait:0.000000
26,70:0,70,no_addition,False,0.0,0.0,0.0,0.0,0.0,0.0,0.0,0.0,0.0,0.0,0.7250418326056267,0.49302427799958903,0.2066890976646894,0.2580273057930491,wait:0.000000
26,73:0,73,no_addition,False,0.0,0.0,0.0,0.0,0.0,0.0,0.0,0.0,0.0,0.0,0.40420682498105226,0.36825884895626715,0.10135193454551357,0.21381812730705063,wait:0.000000
26,75:0,75,no_addition,False,0.0,0.0,0.0,0.0,0.0,0.0,0.0,0.0,0.0,0.0,0.4230941969831738,0.5146117501535823,0.14526836109731428,0.21203597939779312,wait:0.000000
26,77:0,77,no_addition,False,0.0,0.0,0.0,0.0,0.0,0.0,0.0,0.0,0.0,0.0,0.7057895980559208,0.5099150606963985,0.1774995824071297,0.3403705026808585,wait:0.000000
26,78:0,78,no_addition,False,0.0,0.0,0.0,0.0,0.0,0.0,0.0,0.0,0.0,0.0,0.6649527470465615,0.2708445688219129,0.19539182057908258,0.3732642554777805,wait:0.000000;e:-0.129416
26,79:0,79,no_addition,False,0.0,0.0,0.0,0.0,0.0,0.0,0.0,0.0,0.0,0.0,0.6554007144387883,0.3386993507256493,0.11701546148724276,0.22854336518025284,wait:0.000000
26,82:0,82,no_addition,False,0.0,0.0,0.0,0.0,0.0,0.0,0.0,0.0,0.0,0.0,0.7286328395366878,0.36352177295393373,0.15698912011979346,0.1520510595522537,wait:0.000000
26,85:0,85,no_addition,False,0.0,0.0,0.0,0.0,0.0,0.0,0.0,0.0,0.0,0.0,0.7153815322741996,0.556425413119678,0.16364315346228214,0.22556310027741625,wait:0.000000
26,88:0,88,no_addition,False,0.0,0.0,0.0,0.0,0.0,0.0,0.0,0.0,0.0,0.0,0.7163316377708322,0.6143286754778456,0.09809896900767885,0.2526309343782891,wait:0.000000
26,89:0,89,no_addition,False,0.0,0.0,0.0,0.0,0.0,0.0,0.0,0.0,0.0,0.0,0.6654086354683044,0.32308926941883376,0.17411602439694465,0.28314038201118613,wait:0.000000
26,90:0,90,no_addition,False,0.0,0.0,0.0,0.0,0.0,0.0,0.0,0.0,0.0,0.0,0.5496088598221989,0.5230713273300622,0.13492759998526915,0.34468040679375855,wait:0.000000
26,91:0,91,no_addition,False,0.0,0.0,0.0,0.0,0.0,0.0,0.0,0.0,0.0,0.0,0.4008685735824922,0.45411787526818514,0.22139914132820376,0.16502895016143204,wait:0.000000
26,99:0,99,no_addition,False,0.0,0.0,0.0,0.0,0.0,0.0,0.0,0.0,0.0,0.0,0.595919754635573,0.3031051908867153,0.2567075269935262,0.36362387727822276,wait:0.000000;e:-0.090731
26,100:0,100,no_addition,False,0.0,0.0,0.0,0.0,0.0,0.0,0.0,0.0,0.0,0.0,0.7169641560585482,0.4692832919180363,0.23232263065211484,0.18559087631515395,wait:0.000000
26,102:0,102,no_addition,False,0.0,0.0,0.0,0.0,0.0,0.0,0.0,0.0,0.0,0.0,0.701367219239883,0.26701134800970727,0.18771390352718884,0.3406883754000892,wait:0.000000
26,104:0,104,no_addition,False,0.0,0.0,0.0,0.0,0.0,0.0,0.0,0.0,0.0,0.0,0.4805291116972771,0.3077848861998414,0.24182705034992438,0.26225319894977905,wait:0.000000
26,111:0,111,no_addition,False,0.0,0.0,0.0,0.0,0.0,0.0,0.0,0.0,0.0,0.0,0.6296869035044703,0.48249741418436287,0.11558516615917062,0.1539376686338176,wait:0.000000
26,112:0,112,no_addition,False,0.0,0.0,0.0,0.0,0.0,0.0,0.0,0.0,0.0,0.0,0.7348930726439825,0.5747899891492501,0.10878586675424282,0.1906376254280636,wait:0.000000
26,113:0,113,no_addition,False,0.0,0.0,0.0,0.0,0.0,0.0,0.0,0.0,0.0,0.0,0.36884265054638277,0.5871883438705638,0.20774743918817895,0.15152591661893103,wait:0.000000
26,118:0,118,no_addition,False,0.0,0.0,0.0,0.0,0.0,0.0,0.0,0.0,0.0,0.0,0.7419538127860572,0.3257052711190269,0.22127615320016214,0.1744441787687567,wait:0.000000
27,0:0,0,no_addition,False,0.0,0.0,0.0,0.0,0.0,0.0,0.0,0.0,0.0,0.0,0.6849269699863758,0.5877091393923862,0.1483707952442035,0.27587969446165017,wait:0.000000
27,7:0,7,no_addition,False,0.0,0.0,0.0,0.0,0.0,0.0,0.0,0.0,0.0,0.0,0.6195015022100783,0.5941831448229777,0.2039393136927115,0.21007926007053504,wait:0.000000
27,8:0,8,no_addition,False,0.0,0.0,0.0,0.0,0.0,0.0,0.0,0.0,0.0,0.0,0.42224487806266675,0.31676733048151573,0.09743626015620943,0.3270836536953683,wait:0.000000
27,11:0,11,no_addition,False,0.0,0.0,0.0,0.0,0.0,0.0,0.0,0.0,0.0,0.0,0.657146533296191,0.37812604292750296,0.11254230858288973,0.15467226241520335,wait:0.000000
27,12:0,12,no_addition,False,0.0,0.0,0.0,0.0,0.0,0.0,0.0,0.0,0.0,0.0,0.7437817987812785,0.48527716350699646,0.2378376446886984,0.3113206276857364,wait:0.000000
27,15:0,15,no_addition,False,0.0,0.0,0.0,0.0,0.0,0.0,0.0,0.0,0.0,0.0,0.5815402376273211,0.3651732285065892,0.12013139547880683,0.36885322864169034,wait:0.000000
27,17:0,17,no_addition,False,0.0,0.0,0.0,0.0,0.0,0.0,0.0,0.0,0.0,0.0,0.5319935126913222,0.5734977925998279,0.253902026142052,0.30760713930070754,wait:0.000000
27,20:0,20,no_addition,False,0.0,0.0,0.0,0.0,0.0,0.0,0.0,0.0,0.0,0.0,0.6195092762977208,0.4718195611743685,0.1422286741409436,0.34279558387592546,wait:0.000000
27,22:0,22,no_addition,False,0.0,0.0,0.0,0.0,0.0,0.0,0.0,0.0,0.0,0.0,0.5249099051021684,0.48382851322678777,0.1072317536866028,0.38624423250672224,wait:0.000000
27,24:0,24,no_addition,False,0.0,0.0,0.0,0.0,0.0,0.0,0.0,0.0,0.0,0.0,0.6684423983588719,0.5335729502393609,0.26239716001572394,0.36884069536487507,wait:0.000000
27,27:0,27,no_addition,False,0.0,0.0,0.0,0.0,0.0,0.0,0.0,0.0,0.0,0.0,0.6925893067107659,0.6392206064589001,0.15779028109324086,0.3684614046068823,wait:0.000000
27,30:0,30,no_addition,False,0.0,0.0,0.0,0.0,0.0,0.0,0.0,0.0,0.0,0.0,0.6113152525564187,0.48946698833342217,0.10568988529152609,0.2968595249016314,wait:0.000000
27,31:0,31,no_addition,False,0.0,0.0,0.0,0.0,0.0,0.0,0.0,0.0,0.0,0.0,0.639231730984955,0.5962232349389468,0.15877040446700252,0.19435374724412033,wait:0.000000
27,35:0,35,no_addition,False,0.0,0.0,0.0,0.0,0.0,0.0,0.0,0.0,0.0,0.0,0.5686148129675394,0.3808624764596319,0.11359345932382238,0.17179398486241937,wait:0.000000
27,39:0,39,no_addition,False,0.0,0.0,0.0,0.0,0.0,0.0,0.0,0.0,0.0,0.0,0.4294577007052264,0.45942743266519215,0.11278642516549683,0.3142410343455689,wait:0.000000
27,42:0,42,no_addition,False,0.0,0.0,0.0,0.0,0.0,0.0,0.0,0.0,0.0,0.0,0.3646625997759556,0.43924046267399164,0.20447239480110982,0.16482639385390188,wait:0.000000
27,46:0,46,no_addition,False,0.0,0.0,0.0,0.0,0.0,0.0,0.0,0.0,0.0,0.0,0.46247147996441473,0.6596503611583785,0.18523664050489752,0.15567554392335484,wait:0.000000
27,49:0,49,no_addition,False,0.0,0.0,0.0,0.0,0.0,0.0,0.0,0.0,0.0,0.0,0.5412220236875722,0.6085239383184402,0.20702198292046725,0.3550969080079869,wait:0.000000
27,50:0,50,no_addition,False,0.0,0.0,0.0,0.0,0.0,0.0,0.0,0.0,0.0,0.0,0.3887471694008641,0.28772933443180404,0.2088022698026999,0.2124178474471884,wait:0.000000
27,52:0,52,no_addition,False,0.0,0.0,0.0,0.0,0.0,0.0,0.0,0.0,0.0,0.0,0.6875190938505968,0.424566771177051,0.2476619091839592,0.2339709438701195,wait:0.000000
27,54:0,54,no_addition,False,0.0,0.0,0.0,0.0,0.0,0.0,0.0,0.0,0.0,0.0,0.36049733782908744,0.5523253568294493,0.25533682668695057,0.3412197200125101,wait:0.000000
27,58:0,58,no_addition,False,0.0,0.0,0.0,0.0,0.0,0.0,0.0,0.0,0.0,0.0,0.6198457129212576,0.4512439536464701,0.24863939297565013,0.20532809497258347,wait:0.000000
27,59:0,59,no_addition,False,0.0,0.0,0.0,0.0,0.0,0.0,0.0,0.0,0.0,0.0,0.7002922637422113,0.5074985384558233,0.23509445490004036,0.40267072128357945,wait:0.000000
27,60:0,60,no_addition,False,0.0,0.0,0.0,0.0,0.0,0.0,0.0,0.0,0.0,0.0,0.5845134400782842,0.6274568073919631,0.21802528225456477,0.22323942159545873,wait:0.000000
27,61:0,61,no_addition,False,0.0,0.0,0.0,0.0,0.0,0.0,0.0,0.0,0.0,0.0,0.40466418061386694,0.42786425934215844,0.2012198617440855,0.3431351479999387,wait:0.000000
27,68:0,68,no_addition,False,0.0,0.0,0.0,0.0,0.0,0.0,0.0,0.0,0.0,0.0,0.4856375652076465,0.39336260514379606,0.26128882804747644,0.28765577552162636,wait:0.000000
27,70:0,70,no_addition,False,0.0,0.0,0.0,0.0,0.0,0.0,0.0,0.0,0.0,0.0,0.7250418326056267,0.49302427799958903,0.2066890976646894,0.2580273057930491,wait:0.000000
27,73:0,73,no_addition,False,0.0,0.0,0.0,0.0,0.0,0.0,0.0,0.0,0.0,0.0,0.40420682498105226,0.36825884895626715,0.10135193454551357,0.21381812730705063,wait:0.000000
27,75:0,75,no_addition,False,0.0,0.0,0.0,0.0,0.0,0.0,0.0,0.0,0.0,0.0,0.4230941969831738,0.5146117501535823,0.14526836109731428,0.21203597939779312,wait:0.000000
27,77:0,77,no_addition,False,0.0,0.0,0.0,0.0,0.0,0.0,0.0,0.0,0.0,0.0,0.7057895980559208,0.5099150606963985,0.1774995824071297,0.3403705026808585,wait:0.000000
27,78:0,78,no_addition,False,0.0,0.0,0.0,0.0,0.0,0.0,0.0,0.0,0.0,0.0,0.6649527470465615,0.2708445688219129,0.19539182057908258,0.3732642554777805,wait:0.000000;e:-0.129416
27,79:0,79,no_addition,False,0.0,0.0,0.0,0.0,0.0,0.0,0.0,0.0,0.0,0.0,0.6554007144387883,0.3386993507256493,0.11701546148724276,0.22854336518025284,wait:0.000000
27,82:0,82,no_addition,False,0.0,0.0,0.0,0.0,0.0,0.0,0.0,0.0,0.0,0.0,0.7286328395366878,0.36352177295393373,0.15698912011979346,0.1520510595522537,wait:0.000000
27,85:0,85,no_addition,False,0.0,0.0,0.0,0.0,0.0,0.0,0.0,0.0,0.0,0.0,0.7153815322741996,0.556425413119678,0.16364315346228214,0.22556310027741625,wait:0.000000
27,88:0,88,no_addition,False,0.0,0.0,0.0,0.0,0.0,0.0,0.0,0.0,0.0,0.0,0.7163316377708322,0.6143286754778456,0.09809896900767885,0.2526309343782891,wait:0.000000
27,89:0,89,no_addition,False,0.0,0.0,0.0,0.0,0.0,0.0,0.0,0.0,0.0,0.0,0.6654086354683044,0.32308926941883376,0.17411602439694465,0.28314038201118613,wait:0.000000
27,90:0,90,no_addition,False,0.0,0.0,0.0,0.0,0.0,0.0,0.0,0.0,0.0,0.0,0.5496088598221989,0.5230713273300622,0.13492759998526915,0.34468040679375855,wait:0.000000
27,91:0,91,no_addition,False,0.0,0.0,0.0,0.0,0.0,0.0,0.0,0.0,0.0,0.0,0.4008685735824922,0.45411787526818514,0.22139914132820376,0.16502895016143204,wait:0.000000
27,99:0,99,no_addition,False,0.0,0.0,0.0,0.0,0.0,0.0,0.0,0.0,0.0,0.0,0.595919754635573,0.3031051908867153,0.2567075269935262,0.36362387727822276,wait:0.000000;e:-0.090731
27,100:0,100,no_addition,False,0.0,0.0,0.0,0.0,0.0,0.0,0.0,0.0,0.0,0.0,0.7169641560585482,0.4692832919180363,0.23232263065211484,0.18559087631515395,wait:0.000000
27,102:0,102,no_addition,False,0.0,0.0,0.0,0.0,0.0,0.0,0.0,0.0,0.0,0.0,0.701367219239883,0.26701134800970727,0.18771390352718884,0.3406883754000892,wait:0.000000
27,104:0,104,no_addition,False,0.0,0.0,0.0,0.0,0.0,0.0,0.0,0.0,0.0,0.0,0.4805291116972771,0.3077848861998414,0.24182705034992438,0.26225319894977905,wait:0.000000
27,111:0,111,no_addition,False,0.0,0.0,0.0,0.0,0.0,0.0,0.0,0.0,0.0,0.0,0.6296869035044703,0.48249741418436287,0.11558516615917062,0.1539376686338176,wait:0.000000
27,112:0,112,no_addition,False,0.0,0.0,0.0,0.0,0.0,0.0,0.0,0.0,0.0,0.0,0.7348930726439825,0.5747899891492501,0.10878586675424282,0.1906376254280636,wait:0.000000
27,113:0,113,no_addition,False,0.0,0.0,0.0,0.0,0.0,0.0,0.0,0.0,0.0,0.0,0.36884265054638277,0.5871883438705638,0.20774743918817895,0.15152591661893103,wait:0.000000
27,118:0,118,no_addition,False,0.0,0.0,0.0,0.0,0.0,0.0,0.0,0.0,0.0,0.0,0.7419538127860572,0.3257052711190269,0.22127615320016214,0.1744441787687567,wait:0.000000
28,0:0,0,no_addition,False,0.0,0.0,0.0,0.0,0.0,0.0,0.0,0.0,0.0,0.0,0.6849269699863758,0.5877091393923862,0.1483707952442035,0.27587969446165017,wait:0.000000
28,7:0,7,no_addition,False,0.0,0.0,0.0,0.0,0.0,0.0,0.0,0.0,0.0,0.0,0.6195015022100783,0.5941831448229777,0.2039393136927115,0.21007926007053504,wait:0.000000
28,8:0,8,no_addition,False,0.0,0.0,0.0,0.0,0.0,0.0,0.0,0.0,0.0,0.0,0.42224487806266675,0.31676733048151573,0.09743626015620943,0.3270836536953683,wait:0.000000
28,11:0,11,no_addition,False,0.0,0.0,0.0,0.0,0.0,0.0,0.0,0.0,0.0,0.0,0.657146533296191,0.37812604292750296,0.11254230858288973,0.15467226241520335,wait:0.000000
28,12:0,12,no_addition,False,0.0,0.0,0.0,0.0,0.0,0.0,0.0,0.0,0.0,0.0,0.7437817987812785,0.48527716350699646,0.2378376446886984,0.3113206276857364,wait:0.000000
28,15:0,15,no_addition,False,0.0,0.0,0.0,0.0,0.0,0.0,0.0,0.0,0.0,0.0,0.5815402376273211,0.3651732285065892,0.12013139547880683,0.36885322864169034,wait:0.000000
28,17:0,17,no_addition,False,0.0,0.0,0.0,0.0,0.0,0.0,0.0,0.0,0.0,0.0,0.5319935126913222,0.5734977925998279,0.253902026142052,0.30760713930070754,wait:0.000000
28,20:0,20,no_addition,False,0.0,0.0,0.0,0.0,0.0,0.0,0.0,0.0,0.0,0.0,0.6195092762977208,0.4718195611743685,0.1422286741409436,0.34279558387592546,wait:0.000000
28,22:0,22,no_addition,False,0.0,0.0,0.0,0.0,0.0,0.0,0.0,0.0,0.0,0.0,0.5249099051021684,0.48382851322678777,0.1072317536866028,0.38624423250672224,wait:0.000000
28,24:0,24,no_addition,False,0.0,0.0,0.0,0.0,0.0,0.0,0.0,0.0,0.0,0.0,0.6684423983588719,0.5335729502393609,0.26239716001572394,0.36884069536487507,wait:0.000000
28,27:0,27,no_addition,False,0.0,0.0,0.0,0.0,0.0,0.0,0.0,0.0,0.0,0.0,0.6925893067107659,0.6392206064589001,0.15779028109324086,0.3684614046068823,wait:0.000000
28,30:0,30,no_addition,False,0.0,0.0,0.0,0.0,0.0,0.0,0.0,0.0,0.0,0.0,0.6113152525564187,0.48946698833342217,0.10568988529152609,0.2968595249016314,wait:0.000000
28,31:0,31,no_addition,False,0.0,0.0,0.0,0.0,0.0,0.0,0.0,0.0,0.0,0.0,0.639231730984955,0.5962232349389468,0.15877040446700252,0.19435374724412033,wait:0.000000
28,35:0,35,no_addition,False,0.0,0.0,0.0,0.0,0.0,0.0,0.0,0.0,0.0,0.0,0.5686148129675394,0.3808624764596319,0.11359345932382238,0.17179398486241937,wait:0.000000
28,39:0,39,no_addition,False,0.0,0.0,0.0,0.0,0.0,0.0,0.0,0.0,0.0,0.0,0.4294577007052264,0.45942743266519215,0.11278642516549683,0.3142410343455689,wait:0.000000
28,42:0,42,no_addition,False,0.0,0.0,0.0,0.0,0.0,0.0,0.0,0.0,0.0,0.0,0.3646625997759556,0.43924046267399164,0.20447239480110982,0.16482639385390188,wait:0.000000
28,46:0,46,no_addition,False,0.0,0.0,0.0,0.0,0.0,0.0,0.0,0.0,0.0,0.0,0.46247147996441473,0.6596503611583785,0.18523664050489752,0.15567554392335484,wait:0.000000
28,49:0,49,no_addition,False,0.0,0.0,0.0,0.0,0.0,0.0,0.0,0.0,0.0,0.0,0.5412220236875722,0.6085239383184402,0.20702198292046725,0.3550969080079869,wait:0.000000
28,50:0,50,no_addition,False,0.0,0.0,0.0,0.0,0.0,0.0,0.0,0.0,0.0,0.0,0.3887471694008641,0.28772933443180404,0.2088022698026999,0.2124178474471884,wait:0.000000
28,52:0,52,no_addition,False,0.0,0.0,0.0,0.0,0.0,0.0,0.0,0.0,0.0,0.0,0.6875190938505968,0.424566771177051,0.2476619091839592,0.2339709438701195,wait:0.000000
28,54:0,54,no_addition,False,0.0,0.0,0.0,0.0,0.0,0.0,0.0,0.0,0.0,0.0,0.36049733782908744,0.5523253568294493,0.25533682668695057,0.3412197200125101,wait:0.000000
28,58:0,58,no_addition,False,0.0,0.0,0.0,0.0,0.0,0.0,0.0,0.0,0.0,0.0,0.6198457129212576,0.4512439536464701,0.24863939297565013,0.20532809497258347,wait:0.000000
28,59:0,59,no_addition,False,0.0,0.0,0.0,0.0,0.0,0.0,0.0,0.0,0.0,0.0,0.7002922637422113,0.5074985384558233,0.23509445490004036,0.40267072128357945,wait:0.000000
28,60:0,60,no_addition,False,0.0,0.0,0.0,0.0,0.0,0.0,0.0,0.0,0.0,0.0,0.5845134400782842,0.6274568073919631,0.21802528225456477,0.22323942159545873,wait:0.000000
28,61:0,61,no_addition,False,0.0,0.0,0.0,0.0,0.0,0.0,0.0,0.0,0.0,0.0,0.40466418061386694,0.42786425934215844,0.2012198617440855,0.3431351479999387,wait:0.000000
28,68:0,68,no_addition,False,0.0,0.0,0.0,0.0,0.0,0.0,0.0,0.0,0.0,0.0,0.4856375652076465,0.39336260514379606,0.26128882804747644,0.28765577552162636,wait:0.000000
28,70:0,70,no_addition,False,0.0,0.0,0.0,0.0,0.0,0.0,0.0,0.0,0.0,0.0,0.7250418326056267,0.49302427799958903,0.2066890976646894,0.2580273057930491,wait:0.000000
28,73:0,73,no_addition,False,0.0,0.0,0.0,0.0,0.0,0.0,0.0,0.0,0.0,0.0,0.40420682498105226,0.36825884895626715,0.10135193454551357,0.21381812730705063,wait:0.000000
28,75:0,75,no_addition,False,0.0,0.0,0.0,0.0,0.0,0.0,0.0,0.0,0.0,0.0,0.4230941969831738,0.5146117501535823,0.14526836109731428,0.21203597939779312,wait:0.000000
28,77:0,77,no_addition,False,0.0,0.0,0.0,0.0,0.0,0.0,0.0,0.0,0.0,0.0,0.7057895980559208,0.5099150606963985,0.1774995824071297,0.3403705026808585,wait:0.000000
28,78:0,78,no_addition,False,0.0,0.0,0.0,0.0,0.0,0.0,0.0,0.0,0.0,0.0,0.6649527470465615,0.2708445688219129,0.19539182057908258,0.3732642554777805,wait:0.000000;e:-0.129416
28,79:0,79,no_addition,False,0.0,0.0,0.0,0.0,0.0,0.0,0.0,0.0,0.0,0.0,0.6554007144387883,0.3386993507256493,0.11701546148724276,0.22854336518025284,wait:0.000000
28,82:0,82,no_addition,False,0.0,0.0,0.0,0.0,0.0,0.0,0.0,0.0,0.0,0.0,0.7286328395366878,0.36352177295393373,0.15698912011979346,0.1520510595522537,wait:0.000000
28,85:0,85,no_addition,False,0.0,0.0,0.0,0.0,0.0,0.0,0.0,0.0,0.0,0.0,0.7153815322741996,0.556425413119678,0.16364315346228214,0.22556310027741625,wait:0.000000
28,88:0,88,no_addition,False,0.0,0.0,0.0,0.0,0.0,0.0,0.0,0.0,0.0,0.0,0.7163316377708322,0.6143286754778456,0.09809896900767885,0.2526309343782891,wait:0.000000
28,89:0,89,no_addition,False,0.0,0.0,0.0,0.0,0.0,0.0,0.0,0.0,0.0,0.0,0.6654086354683044,0.32308926941883376,0.17411602439694465,0.28314038201118613,wait:0.000000
28,90:0,90,no_addition,False,0.0,0.0,0.0,0.0,0.0,0.0,0.0,0.0,0.0,0.0,0.5496088598221989,0.5230713273300622,0.13492759998526915,0.34468040679375855,wait:0.000000
28,91:0,91,no_addition,False,0.0,0.0,0.0,0.0,0.0,0.0,0.0,0.0,0.0,0.0,0.4008685735824922,0.45411787526818514,0.22139914132820376,0.16502895016143204,wait:0.000000
28,99:0,99,no_addition,False,0.0,0.0,0.0,0.0,0.0,0.0,0.0,0.0,0.0,0.0,0.595919754635573,0.3031051908867153,0.2567075269935262,0.36362387727822276,wait:0.000000;e:-0.090731
28,100:0,100,no_addition,False,0.0,0.0,0.0,0.0,0.0,0.0,0.0,0.0,0.0,0.0,0.7169641560585482,0.4692832919180363,0.23232263065211484,0.18559087631515395,wait:0.000000
28,102:0,102,no_addition,False,0.0,0.0,0.0,0.0,0.0,0.0,0.0,0.0,0.0,0.0,0.701367219239883,0.26701134800970727,0.18771390352718884,0.3406883754000892,wait:0.000000
28,104:0,104,no_addition,False,0.0,0.0,0.0,0.0,0.0,0.0,0.0,0.0,0.0,0.0,0.4805291116972771,0.3077848861998414,0.24182705034992438,0.26225319894977905,wait:0.000000
28,111:0,111,no_addition,False,0.0,0.0,0.0,0.0,0.0,0.0,0.0,0.0,0.0,0.0,0.6296869035044703,0.48249741418436287,0.11558516615917062,0.1539376686338176,wait:0.000000
28,112:0,112,no_addition,False,0.0,0.0,0.0,0.0,0.0,0.0,0.0,0.0,0.0,0.0,0.7348930726439825,0.5747899891492501,0.10878586675424282,0.1906376254280636,wait:0.000000
28,113:0,113,no_addition,False,0.0,0.0,0.0,0.0,0.0,0.0,0.0,0.0,0.0,0.0,0.36884265054638277,0.5871883438705638,0.20774743918817895,0.15152591661893103,wait:0.000000
28,118:0,118,no_addition,False,0.0,0.0,0.0,0.0,0.0,0.0,0.0,0.0,0.0,0.0,0.7419538127860572,0.3257052711190269,0.22127615320016214,0.1744441787687567,wait:0.000000
29,0:0,0,no_addition,False,0.0,0.0,0.0,0.0,0.0,0.0,0.0,0.0,0.0,0.0,0.6849269699863758,0.5877091393923862,0.1483707952442035,0.27587969446165017,wait:0.000000
29,7:0,7,no_addition,False,0.0,0.0,0.0,0.0,0.0,0.0,0.0,0.0,0.0,0.0,0.6195015022100783,0.5941831448229777,0.2039393136927115,0.21007926007053504,wait:0.000000
29,8:0,8,no_addition,False,0.0,0.0,0.0,0.0,0.0,0.0,0.0,0.0,0.0,0.0,0.42224487806266675,0.31676733048151573,0.09743626015620943,0.3270836536953683,wait:0.000000
29,11:0,11,no_addition,False,0.0,0.0,0.0,0.0,0.0,0.0,0.0,0.0,0.0,0.0,0.657146533296191,0.37812604292750296,0.11254230858288973,0.15467226241520335,wait:0.000000
29,12:0,12,no_addition,False,0.0,0.0,0.0,0.0,0.0,0.0,0.0,0.0,0.0,0.0,0.7437817987812785,0.48527716350699646,0.2378376446886984,0.3113206276857364,wait:0.000000
29,15:0,15,no_addition,False,0.0,0.0,0.0,0.0,0.0,0.0,0.0,0.0,0.0,0.0,0.5815402376273211,0.3651732285065892,0.12013139547880683,0.36885322864169034,wait:0.000000
29,17:0,17,no_addition,False,0.0,0.0,0.0,0.0,0.0,0.0,0.0,0.0,0.0,0.0,0.5319935126913222,0.5734977925998279,0.253902026142052,0.30760713930070754,wait:0.000000
29,20:0,20,no_addition,False,0.0,0.0,0.0,0.0,0.0,0.0,0.0,0.0,0.0,0.0,0.6195092762977208,0.4718195611743685,0.1422286741409436,0.34279558387592546,wait:0.000000
29,22:0,22,no_addition,False,0.0,0.0,0.0,0.0,0.0,0.0,0.0,0.0,0.0,0.0,0.5249099051021684,0.48382851322678777,0.1072317536866028,0.38624423250672224,wait:0.000000
29,24:0,24,no_addition,False,0.0,0.0,0.0,0.0,0.0,0.0,0.0,0.0,0.0,0.0,0.6684423983588719,0.5335729502393609,0.26239716001572394,0.36884069536487507,wait:0.000000
29,27:0,27,no_addition,False,0.0,0.0,0.0,0.0,0.0,0.0,0.0,0.0,0.0,0.0,0.6925893067107659,0.6392206064589001,0.15779028109324086,0.3684614046068823,wait:0.000000
29,30:0,30,no_addition,False,0.0,0.0,0.0,0.0,0.0,0.0,0.0,0.0,0.0,0.0,0.6113152525564187,0.48946698833342217,0.10568988529152609,0.2968595249016314,wait:0.000000
29,31:0,31,no_addition,False,0.0,0.0,0.0,0.0,0.0,0.0,0.0,0.0,0.0,0.0,0.639231730984955,0.5962232349389468,0.15877040446700252,0.19435374724412033,wait:0.000000
29,35:0,35,no_addition,False,0.0,0.0,0.0,0.0,0.0,0.0,0.0,0.0,0.0,0.0,0.5686148129675394,0.3808624764596319,0.11359345932382238,0.17179398486241937,wait:0.000000
29,39:0,39,no_addition,False,0.0,0.0,0.0,0.0,0.0,0.0,0.0,0.0,0.0,0.0,0.4294577007052264,0.45942743266519215,0.11278642516549683,0.3142410343455689,wait:0.000000
29,42:0,42,no_addition,False,0.0,0.0,0.0,0.0,0.0,0.0,0.0,0.0,0.0,0.0,0.3646625997759556,0.43924046267399164,0.20447239480110982,0.16482639385390188,wait:0.000000
29,46:0,46,no_addition,False,0.0,0.0,0.0,0.0,0.0,0.0,0.0,0.0,0.0,0.0,0.46247147996441473,0.6596503611583785,0.18523664050489752,0.15567554392335484,wait:0.000000
29,49:0,49,no_addition,False,0.0,0.0,0.0,0.0,0.0,0.0,0.0,0.0,0.0,0.0,0.5412220236875722,0.6085239383184402,0.20702198292046725,0.3550969080079869,wait:0.000000
29,50:0,50,no_addition,False,0.0,0.0,0.0,0.0,0.0,0.0,0.0,0.0,0.0,0.0,0.3887471694008641,0.28772933443180404,0.2088022698026999,0.2124178474471884,wait:0.000000
29,52:0,52,no_addition,False,0.0,0.0,0.0,0.0,0.0,0.0,0.0,0.0,0.0,0.0,0.6875190938505968,0.424566771177051,0.2476619091839592,0.2339709438701195,wait:0.000000
29,54:0,54,no_addition,False,0.0,0.0,0.0,0.0,0.0,0.0,0.0,0.0,0.0,0.0,0.36049733782908744,0.5523253568294493,0.25533682668695057,0.3412197200125101,wait:0.000000
29,58:0,58,no_addition,False,0.0,0.0,0.0,0.0,0.0,0.0,0.0,0.0,0.0,0.0,0.6198457129212576,0.4512439536464701,0.24863939297565013,0.20532809497258347,wait:0.000000
29,59:0,59,no_addition,False,0.0,0.0,0.0,0.0,0.0,0.0,0.0,0.0,0.0,0.0,0.7002922637422113,0.5074985384558233,0.23509445490004036,0.40267072128357945,wait:0.000000
29,60:0,60,no_addition,False,0.0,0.0,0.0,0.0,0.0,0.0,0.0,0.0,0.0,0.0,0.5845134400782842,0.6274568073919631,0.21802528225456477,0.22323942159545873,wait:0.000000
29,61:0,61,no_addition,False,0.0,0.0,0.0,0.0,0.0,0.0,0.0,0.0,0.0,0.0,0.40466418061386694,0.42786425934215844,0.2012198617440855,0.3431351479999387,wait:0.000000
29,68:0,68,no_addition,False,0.0,0.0,0.0,0.0,0.0,0.0,0.0,0.0,0.0,0.0,0.4856375652076465,0.39336260514379606,0.26128882804747644,0.28765577552162636,wait:0.000000
29,70:0,70,no_addition,False,0.0,0.0,0.0,0.0,0.0,0.0,0.0,0.0,0.0,0.0,0.7250418326056267,0.49302427799958903,0.2066890976646894,0.2580273057930491,wait:0.000000
29,73:0,73,no_addition,False,0.0,0.0,0.0,0.0,0.0,0.0,0.0,0.0,0.0,0.0,0.40420682498105226,0.36825884895626715,0.10135193454551357,0.21381812730705063,wait:0.000000
29,75:0,75,no_addition,False,0.0,0.0,0.0,0.0,0.0,0.0,0.0,0.0,0.0,0.0,0.4230941969831738,0.5146117501535823,0.14526836109731428,0.21203597939779312,wait:0.000000
29,77:0,77,no_addition,False,0.0,0.0,0.0,0.0,0.0,0.0,0.0,0.0,0.0,0.0,0.7057895980559208,0.5099150606963985,0.1774995824071297,0.3403705026808585,wait:0.000000
29,78:0,78,no_addition,False,0.0,0.0,0.0,0.0,0.0,0.0,0.0,0.0,0.0,0.0,0.6649527470465615,0.2708445688219129,0.19539182057908258,0.3732642554777805,wait:0.000000;e:-0.129416
29,79:0,79,no_addition,False,0.0,0.0,0.0,0.0,0.0,0.0,0.0,0.0,0.0,0.0,0.6554007144387883,0.3386993507256493,0.11701546148724276,0.22854336518025284,wait:0.000000
29,82:0,82,no_addition,False,0.0,0.0,0.0,0.0,0.0,0.0,0.0,0.0,0.0,0.0,0.7286328395366878,0.36352177295393373,0.15698912011979346,0.1520510595522537,wait:0.000000
29,85:0,85,no_addition,False,0.0,0.0,0.0,0.0,0.0,0.0,0.0,0.0,0.0,0.0,0.7153815322741996,0.556425413119678,0.16364315346228214,0.22556310027741625,wait:0.000000
29,88:0,88,no_addition,False,0.0,0.0,0.0,0.0,0.0,0.0,0.0,0.0,0.0,0.0,0.7163316377708322,0.6143286754778456,0.09809896900767885,0.2526309343782891,wait:0.000000
29,89:0,89,no_addition,False,0.0,0.0,0.0,0.0,0.0,0.0,0.0,0.0,0.0,0.0,0.6654086354683044,0.32308926941883376,0.17411602439694465,0.28314038201118613,wait:0.000000
29,90:0,90,no_addition,False,0.0,0.0,0.0,0.0,0.0,0.0,0.0,0.0,0.0,0.0,0.5496088598221989,0.5230713273300622,0.13492759998526915,0.34468040679375855,wait:0.000000
29,91:0,91,no_addition,False,0.0,0.0,0.0,0.0,0.0,0.0,0.0,0.0,0.0,0.0,0.4008685735824922,0.45411787526818514,0.22139914132820376,0.16502895016143204,wait:0.000000
29,99:0,99,no_addition,False,0.0,0.0,0.0,0.0,0.0,0.0,0.0,0.0,0.0,0.0,0.595919754635573,0.3031051908867153,0.2567075269935262,0.36362387727822276,wait:0.000000;e:-0.090731
29,100:0,100,no_addition,False,0.0,0.0,0.0,0.0,0.0,0.0,0.0,0.0,0.0,0.0,0.7169641560585482,0.4692832919180363,0.23232263065211484,0.18559087631515395,wait:0.000000
29,102:0,102,no_addition,False,0.0,0.0,0.0,0.0,0.0,0.0,0.0,0.0,0.0,0.0,0.701367219239883,0.26701134800970727,0.18771390352718884,0.3406883754000892,wait:0.000000
29,104:0,104,no_addition,False,0.0,0.0,0.0,0.0,0.0,0.0,0.0,0.0,0.0,0.0,0.4805291116972771,0.3077848861998414,0.24182705034992438,0.26225319894977905,wait:0.000000
29,111:0,111,no_addition,False,0.0,0.0,0.0,0.0,0.0,0.0,0.0,0.0,0.0,0.0,0.6296869035044703,0.48249741418436287,0.11558516615917062,0.1539376686338176,wait:0.000000
29,112:0,112,no_addition,False,0.0,0.0,0.0,0.0,0.0,0.0,0.0,0.0,0.0,0.0,0.7348930726439825,0.5747899891492501,0.10878586675424282,0.1906376254280636,wait:0.000000
29,113:0,113,no_addition,False,0.0,0.0,0.0,0.0,0.0,0.0,0.0,0.0,0.0,0.0,0.36884265054638277,0.5871883438705638,0.20774743918817895,0.15152591661893103,wait:0.000000
29,118:0,118,no_addition,False,0.0,0.0,0.0,0.0,0.0,0.0,0.0,0.0,0.0,0.0,0.7419538127860572,0.3257052711190269,0.22127615320016214,0.1744441787687567,wait:0.000000
30,0:0,0,no_addition,False,0.0,0.0,0.0,0.0,0.0,0.0,0.0,0.0,0.0,0.0,0.6849269699863758,0.5877091393923862,0.1483707952442035,0.27587969446165017,wait:0.000000
30,7:0,7,no_addition,False,0.0,0.0,0.0,0.0,0.0,0.0,0.0,0.0,0.0,0.0,0.6195015022100783,0.5941831448229777,0.2039393136927115,0.21007926007053504,wait:0.000000
30,8:0,8,no_addition,False,0.0,0.0,0.0,0.0,0.0,0.0,0.0,0.0,0.0,0.0,0.42224487806266675,0.31676733048151573,0.09743626015620943,0.3270836536953683,wait:0.000000
30,11:0,11,no_addition,False,0.0,0.0,0.0,0.0,0.0,0.0,0.0,0.0,0.0,0.0,0.657146533296191,0.37812604292750296,0.11254230858288973,0.15467226241520335,wait:0.000000
30,12:0,12,no_addition,False,0.0,0.0,0.0,0.0,0.0,0.0,0.0,0.0,0.0,0.0,0.7437817987812785,0.48527716350699646,0.2378376446886984,0.3113206276857364,wait:0.000000
30,15:0,15,no_addition,False,0.0,0.0,0.0,0.0,0.0,0.0,0.0,0.0,0.0,0.0,0.5815402376273211,0.3651732285065892,0.12013139547880683,0.36885322864169034,wait:0.000000
30,17:0,17,no_addition,False,0.0,0.0,0.0,0.0,0.0,0.0,0.0,0.0,0.0,0.0,0.5319935126913222,0.5734977925998279,0.253902026142052,0.30760713930070754,wait:0.000000
30,20:0,20,no_addition,False,0.0,0.0,0.0,0.0,0.0,0.0,0.0,0.0,0.0,0.0,0.6195092762977208,0.4718195611743685,0.1422286741409436,0.34279558387592546,wait:0.000000
30,22:0,22,no_addition,False,0.0,0.0,0.0,0.0,0.0,0.0,0.0,0.0,0.0,0.0,0.5249099051021684,0.48382851322678777,0.1072317536866028,0.38624423250672224,wait:0.000000
30,24:0,24,no_addition,False,0.0,0.0,0.0,0.0,0.0,0.0,0.0,0.0,0.0,0.0,0.6684423983588719,0.5335729502393609,0.26239716001572394,0.36884069536487507,wait:0.000000
30,27:0,27,no_addition,False,0.0,0.0,0.0,0.0,0.0,0.0,0.0,0.0,0.0,0.0,0.6925893067107659,0.6392206064589001,0.15779028109324086,0.3684614046068823,wait:0.000000
30,30:0,30,no_addition,False,0.0,0.0,0.0,0.0,0.0,0.0,0.0,0.0,0.0,0.0,0.6113152525564187,0.48946698833342217,0.10568988529152609,0.2968595249016314,wait:0.000000
30,31:0,31,no_addition,False,0.0,0.0,0.0,0.0,0.0,0.0,0.0,0.0,0.0,0.0,0.639231730984955,0.5962232349389468,0.15877040446700252,0.19435374724412033,wait:0.000000
30,35:0,35,no_addition,False,0.0,0.0,0.0,0.0,0.0,0.0,0.0,0.0,0.0,0.0,0.5686148129675394,0.3808624764596319,0.11359345932382238,0.17179398486241937,wait:0.000000
30,39:0,39,no_addition,False,0.0,0.0,0.0,0.0,0.0,0.0,0.0,0.0,0.0,0.0,0.4294577007052264,0.45942743266519215,0.11278642516549683,0.3142410343455689,wait:0.000000
30,42:0,42,no_addition,False,0.0,0.0,0.0,0.0,0.0,0.0,0.0,0.0,0.0,0.0,0.3646625997759556,0.43924046267399164,0.20447239480110982,0.16482639385390188,wait:0.000000
30,46:0,46,no_addition,False,0.0,0.0,0.0,0.0,0.0,0.0,0.0,0.0,0.0,0.0,0.46247147996441473,0.6596503611583785,0.18523664050489752,0.15567554392335484,wait:0.000000
30,49:0,49,no_addition,False,0.0,0.0,0.0,0.0,0.0,0.0,0.0,0.0,0.0,0.0,0.5412220236875722,0.6085239383184402,0.20702198292046725,0.3550969080079869,wait:0.000000
30,50:0,50,no_addition,False,0.0,0.0,0.0,0.0,0.0,0.0,0.0,0.0,0.0,0.0,0.3887471694008641,0.28772933443180404,0.2088022698026999,0.2124178474471884,wait:0.000000
30,52:0,52,no_addition,False,0.0,0.0,0.0,0.0,0.0,0.0,0.0,0.0,0.0,0.0,0.6875190938505968,0.424566771177051,0.2476619091839592,0.2339709438701195,wait:0.000000
30,54:0,54,no_addition,False,0.0,0.0,0.0,0.0,0.0,0.0,0.0,0.0,0.0,0.0,0.36049733782908744,0.5523253568294493,0.25533682668695057,0.3412197200125101,wait:0.000000
30,58:0,58,no_addition,False,0.0,0.0,0.0,0.0,0.0,0.0,0.0,0.0,0.0,0.0,0.6198457129212576,0.4512439536464701,0.24863939297565013,0.20532809497258347,wait:0.000000
30,59:0,59,no_addition,False,0.0,0.0,0.0,0.0,0.0,0.0,0.0,0.0,0.0,0.0,0.7002922637422113,0.5074985384558233,0.23509445490004036,0.40267072128357945,wait:0.000000
30,60:0,60,no_addition,False,0.0,0.0,0.0,0.0,0.0,0.0,0.0,0.0,0.0,0.0,0.5845134400782842,0.6274568073919631,0.21802528225456477,0.22323942159545873,wait:0.000000
30,61:0,61,no_addition,False,0.0,0.0,0.0,0.0,0.0,0.0,0.0,0.0,0.0,0.0,0.40466418061386694,0.42786425934215844,0.2012198617440855,0.3431351479999387,wait:0.000000
30,68:0,68,no_addition,False,0.0,0.0,0.0,0.0,0.0,0.0,0.0,0.0,0.0,0.0,0.4856375652076465,0.39336260514379606,0.26128882804747644,0.28765577552162636,wait:0.000000
30,70:0,70,no_addition,False,0.0,0.0,0.0,0.0,0.0,0.0,0.0,0.0,0.0,0.0,0.7250418326056267,0.49302427799958903,0.2066890976646894,0.2580273057930491,wait:0.000000
30,73:0,73,no_addition,False,0.0,0.0,0.0,0.0,0.0,0.0,0.0,0.0,0.0,0.0,0.40420682498105226,0.36825884895626715,0.10135193454551357,0.21381812730705063,wait:0.000000
30,75:0,75,no_addition,False,0.0,0.0,0.0,0.0,0.0,0.0,0.0,0.0,0.0,0.0,0.4230941969831738,0.5146117501535823,0.14526836109731428,0.21203597939779312,wait:0.000000
30,77:0,77,no_addition,False,0.0,0.0,0.0,0.0,0.0,0.0,0.0,0.0,0.0,0.0,0.7057895980559208,0.5099150606963985,0.1774995824071297,0.3403705026808585,wait:0.000000
30,78:0,78,no_addition,False,0.0,0.0,0.0,0.0,0.0,0.0,0.0,0.0,0.0,0.0,0.6649527470465615,0.2708445688219129,0.19539182057908258,0.3732642554777805,wait:0.000000;e:-0.129416
30,79:0,79,no_addition,False,0.0,0.0,0.0,0.0,0.0,0.0,0.0,0.0,0.0,0.0,0.6554007144387883,0.3386993507256493,0.11701546148724276,0.22854336518025284,wait:0.000000
30,82:0,82,no_addition,False,0.0,0.0,0.0,0.0,0.0,0.0,0.0,0.0,0.0,0.0,0.7286328395366878,0.36352177295393373,0.15698912011979346,0.1520510595522537,wait:0.000000
30,85:0,85,no_addition,False,0.0,0.0,0.0,0.0,0.0,0.0,0.0,0.0,0.0,0.0,0.7153815322741996,0.556425413119678,0.16364315346228214,0.22556310027741625,wait:0.000000
30,88:0,88,no_addition,False,0.0,0.0,0.0,0.0,0.0,0.0,0.0,0.0,0.0,0.0,0.7163316377708322,0.6143286754778456,0.09809896900767885,0.2526309343782891,wait:0.000000
30,89:0,89,no_addition,False,0.0,0.0,0.0,0.0,0.0,0.0,0.0,0.0,0.0,0.0,0.6654086354683044,0.32308926941883376,0.17411602439694465,0.28314038201118613,wait:0.000000
30,90:0,90,no_addition,False,0.0,0.0,0.0,0.0,0.0,0.0,0.0,0.0,0.0,0.0,0.5496088598221989,0.5230713273300622,0.13492759998526915,0.34468040679375855,wait:0.000000
30,91:0,91,no_addition,False,0.0,0.0,0.0,0.0,0.0,0.0,0.0,0.0,0.0,0.0,0.4008685735824922,0.45411787526818514,0.22139914132820376,0.16502895016143204,wait:0.000000
30,99:0,99,no_addition,False,0.0,0.0,0.0,0.0,0.0,0.0,0.0,0.0,0.0,0.0,0.595919754635573,0.3031051908867153,0.2567075269935262,0.36362387727822276,wait:0.000000;e:-0.090731
30,100:0,100,no_addition,False,0.0,0.0,0.0,0.0,0.0,0.0,0.0,0.0,0.0,0.0,0.7169641560585482,0.4692832919180363,0.23232263065211484,0.18559087631515395,wait:0.000000
30,102:0,102,no_addition,False,0.0,0.0,0.0,0.0,0.0,0.0,0.0,0.0,0.0,0.0,0.701367219239883,0.26701134800970727,0.18771390352718884,0.3406883754000892,wait:0.000000
30,104:0,104,no_addition,False,0.0,0.0,0.0,0.0,0.0,0.0,0.0,0.0,0.0,0.0,0.4805291116972771,0.3077848861998414,0.24182705034992438,0.26225319894977905,wait:0.000000
30,111:0,111,no_addition,False,0.0,0.0,0.0,0.0,0.0,0.0,0.0,0.0,0.0,0.0,0.6296869035044703,0.48249741418436287,0.11558516615917062,0.1539376686338176,wait:0.000000
30,112:0,112,no_addition,False,0.0,0.0,0.0,0.0,0.0,0.0,0.0,0.0,0.0,0.0,0.7348930726439825,0.5747899891492501,0.10878586675424282,0.1906376254280636,wait:0.000000
30,113:0,113,no_addition,False,0.0,0.0,0.0,0.0,0.0,0.0,0.0,0.0,0.0,0.0,0.36884265054638277,0.5871883438705638,0.20774743918817895,0.15152591661893103,wait:0.000000
30,118:0,118,no_addition,False,0.0,0.0,0.0,0.0,0.0,0.0,0.0,0.0,0.0,0.0,0.7419538127860572,0.3257052711190269,0.22127615320016214,0.1744441787687567,wait:0.000000
31,0:0,0,no_addition,False,0.0,0.0,0.0,0.0,0.0,0.0,0.0,0.0,0.0,0.0,0.6849269699863758,0.5877091393923862,0.1483707952442035,0.27587969446165017,wait:0.000000
31,7:0,7,no_addition,False,0.0,0.0,0.0,0.0,0.0,0.0,0.0,0.0,0.0,0.0,0.6195015022100783,0.5941831448229777,0.2039393136927115,0.21007926007053504,wait:0.000000
31,8:0,8,no_addition,False,0.0,0.0,0.0,0.0,0.0,0.0,0.0,0.0,0.0,0.0,0.42224487806266675,0.31676733048151573,0.09743626015620943,0.3270836536953683,wait:0.000000
31,11:0,11,no_addition,False,0.0,0.0,0.0,0.0,0.0,0.0,0.0,0.0,0.0,0.0,0.657146533296191,0.37812604292750296,0.11254230858288973,0.15467226241520335,wait:0.000000
31,12:0,12,no_addition,False,0.0,0.0,0.0,0.0,0.0,0.0,0.0,0.0,0.0,0.0,0.7437817987812785,0.48527716350699646,0.2378376446886984,0.3113206276857364,wait:0.000000
31,15:0,15,no_addition,False,0.0,0.0,0.0,0.0,0.0,0.0,0.0,0.0,0.0,0.0,0.5815402376273211,0.3651732285065892,0.12013139547880683,0.36885322864169034,wait:0.000000
31,17:0,17,no_addition,False,0.0,0.0,0.0,0.0,0.0,0.0,0.0,0.0,0.0,0.0,0.5319935126913222,0.5734977925998279,0.253902026142052,0.30760713930070754,wait:0.000000
31,20:0,20,no_addition,False,0.0,0.0,0.0,0.0,0.0,0.0,0.0,0.0,0.0,0.0,0.6195092762977208,0.4718195611743685,0.1422286741409436,0.34279558387592546,wait:0.000000
31,22:0,22,no_addition,False,0.0,0.0,0.0,0.0,0.0,0.0,0.0,0.0,0.0,0.0,0.5249099051021684,0.48382851322678777,0.1072317536866028,0.38624423250672224,wait:0.000000
31,24:0,24,no_addition,False,0.0,0.0,0.0,0.0,0.0,0.0,0.0,0.0,0.0,0.0,0.6684423983588719,0.5335729502393609,0.26239716001572394,0.36884069536487507,wait:0.000000
31,27:0,27,no_addition,False,0.0,0.0,0.0,0.0,0.0,0.0,0.0,0.0,0.0,0.0,0.6925893067107659,0.6392206064589001,0.15779028109324086,0.3684614046068823,wait:0.000000
31,30:0,30,no_addition,False,0.0,0.0,0.0,0.0,0.0,0.0,0.0,0.0,0.0,0.0,0.6113152525564187,0.48946698833342217,0.10568988529152609,0.2968595249016314,wait:0.000000
31,31:0,31,no_addition,False,0.0,0.0,0.0,0.0,0.0,0.0,0.0,0.0,0.0,0.0,0.639231730984955,0.5962232349389468,0.15877040446700252,0.19435374724412033,wait:0.000000
31,35:0,35,no_addition,False,0.0,0.0,0.0,0.0,0.0,0.0,0.0,0.0,0.0,0.0,0.5686148129675394,0.3808624764596319,0.11359345932382238,0.17179398486241937,wait:0.000000
31,39:0,39,no_addition,False,0.0,0.0,0.0,0.0,0.0,0.0,0.0,0.0,0.0,0.0,0.4294577007052264,0.45942743266519215,0.11278642516549683,0.3142410343455689,wait:0.000000
31,42:0,42,no_addition,False,0.0,0.0,0.0,0.0,0.0,0.0,0.0,0.0,0.0,0.0,0.3646625997759556,0.43924046267399164,0.20447239480110982,0.16482639385390188,wait:0.000000
31,46:0,46,no_addition,False,0.0,0.0,0.0,0.0,0.0,0.0,0.0,0.0,0.0,0.0,0.46247147996441473,0.6596503611583785,0.18523664050489752,0.15567554392335484,wait:0.000000
31,49:0,49,no_addition,False,0.0,0.0,0.0,0.0,0.0,0.0,0.0,0.0,0.0,0.0,0.5412220236875722,0.6085239383184402,0.20702198292046725,0.3550969080079869,wait:0.000000
31,50:0,50,no_addition,False,0.0,0.0,0.0,0.0,0.0,0.0,0.0,0.0,0.0,0.0,0.3887471694008641,0.28772933443180404,0.2088022698026999,0.2124178474471884,wait:0.000000
31,52:0,52,no_addition,False,0.0,0.0,0.0,0.0,0.0,0.0,0.0,0.0,0.0,0.0,0.6875190938505968,0.424566771177051,0.2476619091839592,0.2339709438701195,wait:0.000000
31,54:0,54,no_addition,False,0.0,0.0,0.0,0.0,0.0,0.0,0.0,0.0,0.0,0.0,0.36049733782908744,0.5523253568294493,0.25533682668695057,0.3412197200125101,wait:0.000000
31,58:0,58,no_addition,False,0.0,0.0,0.0,0.0,0.0,0.0,0.0,0.0,0.0,0.0,0.6198457129212576,0.4512439536464701,0.24863939297565013,0.20532809497258347,wait:0.000000
31,59:0,59,no_addition,False,0.0,0.0,0.0,0.0,0.0,0.0,0.0,0.0,0.0,0.0,0.7002922637422113,0.5074985384558233,0.23509445490004036,0.40267072128357945,wait:0.000000
31,60:0,60,no_addition,False,0.0,0.0,0.0,0.0,0.0,0.0,0.0,0.0,0.0,0.0,0.5845134400782842,0.6274568073919631,0.21802528225456477,0.22323942159545873,wait:0.000000
31,61:0,61,no_addition,False,0.0,0.0,0.0,0.0,0.0,0.0,0.0,0.0,0.0,0.0,0.40466418061386694,0.42786425934215844,0.2012198617440855,0.3431351479999387,wait:0.000000
31,68:0,68,no_addition,False,0.0,0.0,0.0,0.0,0.0,0.0,0.0,0.0,0.0,0.0,0.4856375652076465,0.39336260514379606,0.26128882804747644,0.28765577552162636,wait:0.000000
31,70:0,70,no_addition,False,0.0,0.0,0.0,0.0,0.0,0.0,0.0,0.0,0.0,0.0,0.7250418326056267,0.49302427799958903,0.2066890976646894,0.2580273057930491,wait:0.000000
31,73:0,73,no_addition,False,0.0,0.0,0.0,0.0,0.0,0.0,0.0,0.0,0.0,0.0,0.40420682498105226,0.36825884895626715,0.10135193454551357,0.21381812730705063,wait:0.000000
31,75:0,75,no_addition,False,0.0,0.0,0.0,0.0,0.0,0.0,0.0,0.0,0.0,0.0,0.4230941969831738,0.5146117501535823,0.14526836109731428,0.21203597939779312,wait:0.000000
31,77:0,77,no_addition,False,0.0,0.0,0.0,0.0,0.0,0.0,0.0,0.0,0.0,0.0,0.7057895980559208,0.5099150606963985,0.1774995824071297,0.3403705026808585,wait:0.000000
31,78:0,78,no_addition,False,0.0,0.0,0.0,0.0,0.0,0.0,0.0,0.0,0.0,0.0,0.6649527470465615,0.2708445688219129,0.19539182057908258,0.3732642554777805,wait:0.000000;e:-0.129416
31,79:0,79,no_addition,False,0.0,0.0,0.0,0.0,0.0,0.0,0.0,0.0,0.0,0.0,0.6554007144387883,0.3386993507256493,0.11701546148724276,0.22854336518025284,wait:0.000000
31,82:0,82,no_addition,False,0.0,0.0,0.0,0.0,0.0,0.0,0.0,0.0,0.0,0.0,0.7286328395366878,0.36352177295393373,0.15698912011979346,0.1520510595522537,wait:0.000000
31,85:0,85,no_addition,False,0.0,0.0,0.0,0.0,0.0,0.0,0.0,0.0,0.0,0.0,0.7153815322741996,0.556425413119678,0.16364315346228214,0.22556310027741625,wait:0.000000
31,88:0,88,no_addition,False,0.0,0.0,0.0,0.0,0.0,0.0,0.0,0.0,0.0,0.0,0.7163316377708322,0.6143286754778456,0.09809896900767885,0.2526309343782891,wait:0.000000
31,89:0,89,no_addition,False,0.0,0.0,0.0,0.0,0.0,0.0,0.0,0.0,0.0,0.0,0.6654086354683044,0.32308926941883376,0.17411602439694465,0.28314038201118613,wait:0.000000
31,90:0,90,no_addition,False,0.0,0.0,0.0,0.0,0.0,0.0,0.0,0.0,0.0,0.0,0.5496088598221989,0.5230713273300622,0.13492759998526915,0.34468040679375855,wait:0.000000
31,91:0,91,no_addition,False,0.0,0.0,0.0,0.0,0.0,0.0,0.0,0.0,0.0,0.0,0.4008685735824922,0.45411787526818514,0.22139914132820376,0.16502895016143204,wait:0.000000
31,99:0,99,no_addition,False,0.0,0.0,0.0,0.0,0.0,0.0,0.0,0.0,0.0,0.0,0.595919754635573,0.3031051908867153,0.2567075269935262,0.36362387727822276,wait:0.000000;e:-0.090731
31,100:0,100,no_addition,False,0.0,0.0,0.0,0.0,0.0,0.0,0.0,0.0,0.0,0.0,0.7169641560585482,0.4692832919180363,0.23232263065211484,0.18559087631515395,wait:0.000000
31,102:0,102,no_addition,False,0.0,0.0,0.0,0.0,0.0,0.0,0.0,0.0,0.0,0.0,0.701367219239883,0.26701134800970727,0.18771390352718884,0.3406883754000892,wait:0.000000
31,104:0,104,no_addition,False,0.0,0.0,0.0,0.0,0.0,0.0,0.0,0.0,0.0,0.0,0.4805291116972771,0.3077848861998414,0.24182705034992438,0.26225319894977905,wait:0.000000
31,111:0,111,no_addition,False,0.0,0.0,0.0,0.0,0.0,0.0,0.0,0.0,0.0,0.0,0.6296869035044703,0.48249741418436287,0.11558516615917062,0.1539376686338176,wait:0.000000
31,112:0,112,no_addition,False,0.0,0.0,0.0,0.0,0.0,0.0,0.0,0.0,0.0,0.0,0.7348930726439825,0.5747899891492501,0.10878586675424282,0.1906376254280636,wait:0.000000
31,113:0,113,no_addition,False,0.0,0.0,0.0,0.0,0.0,0.0,0.0,0.0,0.0,0.0,0.36884265054638277,0.5871883438705638,0.20774743918817895,0.15152591661893103,wait:0.000000
31,118:0,118,no_addition,False,0.0,0.0,0.0,0.0,0.0,0.0,0.0,0.0,0.0,0.0,0.7419538127860572,0.3257052711190269,0.22127615320016214,0.1744441787687567,wait:0.000000
32,0:0,0,no_addition,False,0.0,0.0,0.0,0.0,0.0,0.0,0.0,0.0,0.0,0.0,0.6849269699863758,0.5877091393923862,0.1483707952442035,0.27587969446165017,wait:0.000000
32,7:0,7,no_addition,False,0.0,0.0,0.0,0.0,0.0,0.0,0.0,0.0,0.0,0.0,0.6195015022100783,0.5941831448229777,0.2039393136927115,0.21007926007053504,wait:0.000000
32,8:0,8,no_addition,False,0.0,0.0,0.0,0.0,0.0,0.0,0.0,0.0,0.0,0.0,0.42224487806266675,0.31676733048151573,0.09743626015620943,0.3270836536953683,wait:0.000000
32,11:0,11,no_addition,False,0.0,0.0,0.0,0.0,0.0,0.0,0.0,0.0,0.0,0.0,0.657146533296191,0.37812604292750296,0.11254230858288973,0.15467226241520335,wait:0.000000
32,12:0,12,no_addition,False,0.0,0.0,0.0,0.0,0.0,0.0,0.0,0.0,0.0,0.0,0.7437817987812785,0.48527716350699646,0.2378376446886984,0.3113206276857364,wait:0.000000
32,15:0,15,no_addition,False,0.0,0.0,0.0,0.0,0.0,0.0,0.0,0.0,0.0,0.0,0.5815402376273211,0.3651732285065892,0.12013139547880683,0.36885322864169034,wait:0.000000
32,17:0,17,no_addition,False,0.0,0.0,0.0,0.0,0.0,0.0,0.0,0.0,0.0,0.0,0.5319935126913222,0.5734977925998279,0.253902026142052,0.30760713930070754,wait:0.000000
32,20:0,20,no_addition,False,0.0,0.0,0.0,0.0,0.0,0.0,0.0,0.0,0.0,0.0,0.6195092762977208,0.4718195611743685,0.1422286741409436,0.34279558387592546,wait:0.000000
32,22:0,22,no_addition,False,0.0,0.0,0.0,0.0,0.0,0.0,0.0,0.0,0.0,0.0,0.5249099051021684,0.48382851322678777,0.1072317536866028,0.38624423250672224,wait:0.000000
32,24:0,24,no_addition,False,0.0,0.0,0.0,0.0,0.0,0.0,0.0,0.0,0.0,0.0,0.6684423983588719,0.5335729502393609,0.26239716001572394,0.36884069536487507,wait:0.000000
32,27:0,27,no_addition,False,0.0,0.0,0.0,0.0,0.0,0.0,0.0,0.0,0.0,0.0,0.6925893067107659,0.6392206064589001,0.15779028109324086,0.3684614046068823,wait:0.000000
32,30:0,30,no_addition,False,0.0,0.0,0.0,0.0,0.0,0.0,0.0,0.0,0.0,0.0,0.6113152525564187,0.48946698833342217,0.10568988529152609,0.2968595249016314,wait:0.000000
32,31:0,31,no_addition,False,0.0,0.0,0.0,0.0,0.0,0.0,0.0,0.0,0.0,0.0,0.639231730984955,0.5962232349389468,0.15877040446700252,0.19435374724412033,wait:0.000000
32,35:0,35,no_addition,False,0.0,0.0,0.0,0.0,0.0,0.0,0.0,0.0,0.0,0.0,0.5686148129675394,0.3808624764596319,0.11359345932382238,0.17179398486241937,wait:0.000000
32,39:0,39,no_addition,False,0.0,0.0,0.0,0.0,0.0,0.0,0.0,0.0,0.0,0.0,0.4294577007052264,0.45942743266519215,0.11278642516549683,0.3142410343455689,wait:0.000000
32,42:0,42,no_addition,False,0.0,0.0,0.0,0.0,0.0,0.0,0.0,0.0,0.0,0.0,0.3646625997759556,0.43924046267399164,0.20447239480110982,0.16482639385390188,wait:0.000000
32,46:0,46,no_addition,False,0.0,0.0,0.0,0.0,0.0,0.0,0.0,0.0,0.0,0.0,0.46247147996441473,0.6596503611583785,0.18523664050489752,0.15567554392335484,wait:0.000000
32,49:0,49,no_addition,False,0.0,0.0,0.0,0.0,0.0,0.0,0.0,0.0,0.0,0.0,0.5412220236875722,0.6085239383184402,0.20702198292046725,0.3550969080079869,wait:0.000000
32,50:0,50,no_addition,False,0.0,0.0,0.0,0.0,0.0,0.0,0.0,0.0,0.0,0.0,0.3887471694008641,0.28772933443180404,0.2088022698026999,0.2124178474471884,wait:0.000000
32,52:0,52,no_addition,False,0.0,0.0,0.0,0.0,0.0,0.0,0.0,0.0,0.0,0.0,0.6875190938505968,0.424566771177051,0.2476619091839592,0.2339709438701195,wait:0.000000
32,54:0,54,no_addition,False,0.0,0.0,0.0,0.0,0.0,0.0,0.0,0.0,0.0,0.0,0.36049733782908744,0.5523253568294493,0.25533682668695057,0.3412197200125101,wait:0.000000
32,58:0,58,no_addition,False,0.0,0.0,0.0,0.0,0.0,0.0,0.0,0.0,0.0,0.0,0.6198457129212576,0.4512439536464701,0.24863939297565013,0.20532809497258347,wait:0.000000
32,59:0,59,no_addition,False,0.0,0.0,0.0,0.0,0.0,0.0,0.0,0.0,0.0,0.0,0.7002922637422113,0.5074985384558233,0.23509445490004036,0.40267072128357945,wait:0.000000
32,60:0,60,no_addition,False,0.0,0.0,0.0,0.0,0.0,0.0,0.0,0.0,0.0,0.0,0.5845134400782842,0.6274568073919631,0.21802528225456477,0.22323942159545873,wait:0.000000
32,61:0,61,no_addition,False,0.0,0.0,0.0,0.0,0.0,0.0,0.0,0.0,0.0,0.0,0.40466418061386694,0.42786425934215844,0.2012198617440855,0.3431351479999387,wait:0.000000
32,68:0,68,no_addition,False,0.0,0.0,0.0,0.0,0.0,0.0,0.0,0.0,0.0,0.0,0.4856375652076465,0.39336260514379606,0.26128882804747644,0.28765577552162636,wait:0.000000
32,70:0,70,no_addition,False,0.0,0.0,0.0,0.0,0.0,0.0,0.0,0.0,0.0,0.0,0.7250418326056267,0.49302427799958903,0.2066890976646894,0.2580273057930491,wait:0.000000
32,73:0,73,no_addition,False,0.0,0.0,0.0,0.0,0.0,0.0,0.0,0.0,0.0,0.0,0.40420682498105226,0.36825884895626715,0.10135193454551357,0.21381812730705063,wait:0.000000
32,75:0,75,no_addition,False,0.0,0.0,0.0,0.0,0.0,0.0,0.0,0.0,0.0,0.0,0.4230941969831738,0.5146117501535823,0.14526836109731428,0.21203597939779312,wait:0.000000
32,77:0,77,no_addition,False,0.0,0.0,0.0,0.0,0.0,0.0,0.0,0.0,0.0,0.0,0.7057895980559208,0.5099150606963985,0.1774995824071297,0.3403705026808585,wait:0.000000
32,78:0,78,no_addition,False,0.0,0.0,0.0,0.0,0.0,0.0,0.0,0.0,0.0,0.0,0.6649527470465615,0.2708445688219129,0.19539182057908258,0.3732642554777805,wait:0.000000;e:-0.129416
32,79:0,79,no_addition,False,0.0,0.0,0.0,0.0,0.0,0.0,0.0,0.0,0.0,0.0,0.6554007144387883,0.3386993507256493,0.11701546148724276,0.22854336518025284,wait:0.000000
32,82:0,82,no_addition,False,0.0,0.0,0.0,0.0,0.0,0.0,0.0,0.0,0.0,0.0,0.7286328395366878,0.36352177295393373,0.15698912011979346,0.1520510595522537,wait:0.000000
32,85:0,85,no_addition,False,0.0,0.0,0.0,0.0,0.0,0.0,0.0,0.0,0.0,0.0,0.7153815322741996,0.556425413119678,0.16364315346228214,0.22556310027741625,wait:0.000000
32,88:0,88,no_addition,False,0.0,0.0,0.0,0.0,0.0,0.0,0.0,0.0,0.0,0.0,0.7163316377708322,0.6143286754778456,0.09809896900767885,0.2526309343782891,wait:0.000000
32,89:0,89,no_addition,False,0.0,0.0,0.0,0.0,0.0,0.0,0.0,0.0,0.0,0.0,0.6654086354683044,0.32308926941883376,0.17411602439694465,0.28314038201118613,wait:0.000000
32,90:0,90,no_addition,False,0.0,0.0,0.0,0.0,0.0,0.0,0.0,0.0,0.0,0.0,0.5496088598221989,0.5230713273300622,0.13492759998526915,0.34468040679375855,wait:0.000000
32,91:0,91,no_addition,False,0.0,0.0,0.0,0.0,0.0,0.0,0.0,0.0,0.0,0.0,0.4008685735824922,0.45411787526818514,0.22139914132820376,0.16502895016143204,wait:0.000000
32,99:0,99,no_addition,False,0.0,0.0,0.0,0.0,0.0,0.0,0.0,0.0,0.0,0.0,0.595919754635573,0.3031051908867153,0.2567075269935262,0.36362387727822276,wait:0.000000;e:-0.090731
32,100:0,100,no_addition,False,0.0,0.0,0.0,0.0,0.0,0.0,0.0,0.0,0.0,0.0,0.7169641560585482,0.4692832919180363,0.23232263065211484,0.18559087631515395,wait:0.000000
32,102:0,102,no_addition,False,0.0,0.0,0.0,0.0,0.0,0.0,0.0,0.0,0.0,0.0,0.701367219239883,0.26701134800970727,0.18771390352718884,0.3406883754000892,wait:0.000000
32,104:0,104,no_addition,False,0.0,0.0,0.0,0.0,0.0,0.0,0.0,0.0,0.0,0.0,0.4805291116972771,0.3077848861998414,0.24182705034992438,0.26225319894977905,wait:0.000000
32,111:0,111,no_addition,False,0.0,0.0,0.0,0.0,0.0,0.0,0.0,0.0,0.0,0.0,0.6296869035044703,0.48249741418436287,0.11558516615917062,0.1539376686338176,wait:0.000000
32,112:0,112,no_addition,False,0.0,0.0,0.0,0.0,0.0,0.0,0.0,0.0,0.0,0.0,0.7348930726439825,0.5747899891492501,0.10878586675424282,0.1906376254280636,wait:0.000000
32,113:0,113,no_addition,False,0.0,0.0,0.0,0.0,0.0,0.0,0.0,0.0,0.0,0.0,0.36884265054638277,0.5871883438705638,0.20774743918817895,0.15152591661893103,wait:0.000000
32,118:0,118,no_addition,False,0.0,0.0,0.0,0.0,0.0,0.0,0.0,0.0,0.0,0.0,0.7419538127860572,0.3257052711190269,0.22127615320016214,0.1744441787687567,wait:0.000000
33,0:0,0,no_addition,False,0.0,0.0,0.0,0.0,0.0,0.0,0.0,0.0,0.0,0.0,0.6849269699863758,0.5877091393923862,0.1483707952442035,0.27587969446165017,wait:0.000000
33,7:0,7,no_addition,False,0.0,0.0,0.0,0.0,0.0,0.0,0.0,0.0,0.0,0.0,0.6195015022100783,0.5941831448229777,0.2039393136927115,0.21007926007053504,wait:0.000000
33,8:0,8,no_addition,False,0.0,0.0,0.0,0.0,0.0,0.0,0.0,0.0,0.0,0.0,0.42224487806266675,0.31676733048151573,0.09743626015620943,0.3270836536953683,wait:0.000000
33,11:0,11,no_addition,False,0.0,0.0,0.0,0.0,0.0,0.0,0.0,0.0,0.0,0.0,0.657146533296191,0.37812604292750296,0.11254230858288973,0.15467226241520335,wait:0.000000
33,12:0,12,no_addition,False,0.0,0.0,0.0,0.0,0.0,0.0,0.0,0.0,0.0,0.0,0.7437817987812785,0.48527716350699646,0.2378376446886984,0.3113206276857364,wait:0.000000
33,15:0,15,no_addition,False,0.0,0.0,0.0,0.0,0.0,0.0,0.0,0.0,0.0,0.0,0.5815402376273211,0.3651732285065892,0.12013139547880683,0.36885322864169034,wait:0.000000
33,17:0,17,no_addition,False,0.0,0.0,0.0,0.0,0.0,0.0,0.0,0.0,0.0,0.0,0.5319935126913222,0.5734977925998279,0.253902026142052,0.30760713930070754,wait:0.000000
33,20:0,20,no_addition,False,0.0,0.0,0.0,0.0,0.0,0.0,0.0,0.0,0.0,0.0,0.6195092762977208,0.4718195611743685,0.1422286741409436,0.34279558387592546,wait:0.000000
33,22:0,22,no_addition,False,0.0,0.0,0.0,0.0,0.0,0.0,0.0,0.0,0.0,0.0,0.5249099051021684,0.48382851322678777,0.1072317536866028,0.38624423250672224,wait:0.000000
33,24:0,24,no_addition,False,0.0,0.0,0.0,0.0,0.0,0.0,0.0,0.0,0.0,0.0,0.6684423983588719,0.5335729502393609,0.26239716001572394,0.36884069536487507,wait:0.000000
33,27:0,27,no_addition,False,0.0,0.0,0.0,0.0,0.0,0.0,0.0,0.0,0.0,0.0,0.6925893067107659,0.6392206064589001,0.15779028109324086,0.3684614046068823,wait:0.000000
33,30:0,30,no_addition,False,0.0,0.0,0.0,0.0,0.0,0.0,0.0,0.0,0.0,0.0,0.6113152525564187,0.48946698833342217,0.10568988529152609,0.2968595249016314,wait:0.000000
33,31:0,31,no_addition,False,0.0,0.0,0.0,0.0,0.0,0.0,0.0,0.0,0.0,0.0,0.639231730984955,0.5962232349389468,0.15877040446700252,0.19435374724412033,wait:0.000000
33,35:0,35,no_addition,False,0.0,0.0,0.0,0.0,0.0,0.0,0.0,0.0,0.0,0.0,0.5686148129675394,0.3808624764596319,0.11359345932382238,0.17179398486241937,wait:0.000000
33,39:0,39,no_addition,False,0.0,0.0,0.0,0.0,0.0,0.0,0.0,0.0,0.0,0.0,0.4294577007052264,0.45942743266519215,0.11278642516549683,0.3142410343455689,wait:0.000000
33,42:0,42,no_addition,False,0.0,0.0,0.0,0.0,0.0,0.0,0.0,0.0,0.0,0.0,0.3646625997759556,0.43924046267399164,0.20447239480110982,0.16482639385390188,wait:0.000000
33,46:0,46,no_addition,False,0.0,0.0,0.0,0.0,0.0,0.0,0.0,0.0,0.0,0.0,0.46247147996441473,0.6596503611583785,0.18523664050489752,0.15567554392335484,wait:0.000000
33,49:0,49,no_addition,False,0.0,0.0,0.0,0.0,0.0,0.0,0.0,0.0,0.0,0.0,0.5412220236875722,0.6085239383184402,0.20702198292046725,0.3550969080079869,wait:0.000000
33,50:0,50,no_addition,False,0.0,0.0,0.0,0.0,0.0,0.0,0.0,0.0,0.0,0.0,0.3887471694008641,0.28772933443180404,0.2088022698026999,0.2124178474471884,wait:0.000000
33,52:0,52,no_addition,False,0.0,0.0,0.0,0.0,0.0,0.0,0.0,0.0,0.0,0.0,0.6875190938505968,0.424566771177051,0.2476619091839592,0.2339709438701195,wait:0.000000
33,54:0,54,no_addition,False,0.0,0.0,0.0,0.0,0.0,0.0,0.0,0.0,0.0,0.0,0.36049733782908744,0.5523253568294493,0.25533682668695057,0.3412197200125101,wait:0.000000
33,58:0,58,no_addition,False,0.0,0.0,0.0,0.0,0.0,0.0,0.0,0.0,0.0,0.0,0.6198457129212576,0.4512439536464701,0.24863939297565013,0.20532809497258347,wait:0.000000
33,59:0,59,no_addition,False,0.0,0.0,0.0,0.0,0.0,0.0,0.0,0.0,0.0,0.0,0.7002922637422113,0.5074985384558233,0.23509445490004036,0.40267072128357945,wait:0.000000
33,60:0,60,no_addition,False,0.0,0.0,0.0,0.0,0.0,0.0,0.0,0.0,0.0,0.0,0.5845134400782842,0.6274568073919631,0.21802528225456477,0.22323942159545873,wait:0.000000
33,61:0,61,no_addition,False,0.0,0.0,0.0,0.0,0.0,0.0,0.0,0.0,0.0,0.0,0.40466418061386694,0.42786425934215844,0.2012198617440855,0.3431351479999387,wait:0.000000
33,68:0,68,no_addition,False,0.0,0.0,0.0,0.0,0.0,0.0,0.0,0.0,0.0,0.0,0.4856375652076465,0.39336260514379606,0.26128882804747644,0.28765577552162636,wait:0.000000
33,70:0,70,no_addition,False,0.0,0.0,0.0,0.0,0.0,0.0,0.0,0.0,0.0,0.0,0.7250418326056267,0.49302427799958903,0.2066890976646894,0.2580273057930491,wait:0.000000
33,73:0,73,no_addition,False,0.0,0.0,0.0,0.0,0.0,0.0,0.0,0.0,0.0,0.0,0.40420682498105226,0.36825884895626715,0.10135193454551357,0.21381812730705063,wait:0.000000
33,75:0,75,no_addition,False,0.0,0.0,0.0,0.0,0.0,0.0,0.0,0.0,0.0,0.0,0.4230941969831738,0.5146117501535823,0.14526836109731428,0.21203597939779312,wait:0.000000
33,77:0,77,no_addition,False,0.0,0.0,0.0,0.0,0.0,0.0,0.0,0.0,0.0,0.0,0.7057895980559208,0.5099150606963985,0.1774995824071297,0.3403705026808585,wait:0.000000
33,78:0,78,no_addition,False,0.0,0.0,0.0,0.0,0.0,0.0,0.0,0.0,0.0,0.0,0.6649527470465615,0.2708445688219129,0.19539182057908258,0.3732642554777805,wait:0.000000;e:-0.129416
33,79:0,79,no_addition,False,0.0,0.0,0.0,0.0,0.0,0.0,0.0,0.0,0.0,0.0,0.6554007144387883,0.3386993507256493,0.11701546148724276,0.22854336518025284,wait:0.000000
33,82:0,82,no_addition,False,0.0,0.0,0.0,0.0,0.0,0.0,0.0,0.0,0.0,0.0,0.7286328395366878,0.36352177295393373,0.15698912011979346,0.1520510595522537,wait:0.000000
33,85:0,85,no_addition,False,0.0,0.0,0.0,0.0,0.0,0.0,0.0,0.0,0.0,0.0,0.7153815322741996,0.556425413119678,0.16364315346228214,0.22556310027741625,wait:0.000000
33,88:0,88,no_addition,False,0.0,0.0,0.0,0.0,0.0,0.0,0.0,0.0,0.0,0.0,0.7163316377708322,0.6143286754778456,0.09809896900767885,0.2526309343782891,wait:0.000000
33,89:0,89,no_addition,False,0.0,0.0,0.0,0.0,0.0,0.0,0.0,0.0,0.0,0.0,0.6654086354683044,0.32308926941883376,0.17411602439694465,0.28314038201118613,wait:0.000000
33,90:0,90,no_addition,False,0.0,0.0,0.0,0.0,0.0,0.0,0.0,0.0,0.0,0.0,0.5496088598221989,0.5230713273300622,0.13492759998526915,0.34468040679375855,wait:0.000000
33,91:0,91,no_addition,False,0.0,0.0,0.0,0.0,0.0,0.0,0.0,0.0,0.0,0.0,0.4008685735824922,0.45411787526818514,0.22139914132820376,0.16502895016143204,wait:0.000000
33,99:0,99,no_addition,False,0.0,0.0,0.0,0.0,0.0,0.0,0.0,0.0,0.0,0.0,0.595919754635573,0.3031051908867153,0.2567075269935262,0.36362387727822276,wait:0.000000;e:-0.090731
33,100:0,100,no_addition,False,0.0,0.0,0.0,0.0,0.0,0.0,0.0,0.0,0.0,0.0,0.7169641560585482,0.4692832919180363,0.23232263065211484,0.18559087631515395,wait:0.000000
33,102:0,102,no_addition,False,0.0,0.0,0.0,0.0,0.0,0.0,0.0,0.0,0.0,0.0,0.701367219239883,0.26701134800970727,0.18771390352718884,0.3406883754000892,wait:0.000000
33,104:0,104,no_addition,False,0.0,0.0,0.0,0.0,0.0,0.0,0.0,0.0,0.0,0.0,0.4805291116972771,0.3077848861998414,0.24182705034992438,0.26225319894977905,wait:0.000000
33,111:0,111,no_addition,False,0.0,0.0,0.0,0.0,0.0,0.0,0.0,0.0,0.0,0.0,0.6296869035044703,0.48249741418436287,0.11558516615917062,0.1539376686338176,wait:0.000000
33,112:0,112,no_addition,False,0.0,0.0,0.0,0.0,0.0,0.0,0.0,0.0,0.0,0.0,0.7348930726439825,0.5747899891492501,0.10878586675424282,0.1906376254280636,wait:0.000000
33,113:0,113,no_addition,False,0.0,0.0,0.0,0.0,0.0,0.0,0.0,0.0,0.0,0.0,0.36884265054638277,0.5871883438705638,0.20774743918817895,0.15152591661893103,wait:0.000000
33,118:0,118,no_addition,False,0.0,0.0,0.0,0.0,0.0,0.0,0.0,0.0,0.0,0.0,0.7419538127860572,0.3257052711190269,0.22127615320016214,0.1744441787687567,wait:0.000000
34,0:0,0,no_addition,False,0.0,0.0,0.0,0.0,0.0,0.0,0.0,0.0,0.0,0.0,0.6849269699863758,0.5877091393923862,0.1483707952442035,0.27587969446165017,wait:0.000000
34,7:0,7,no_addition,False,0.0,0.0,0.0,0.0,0.0,0.0,0.0,0.0,0.0,0.0,0.6195015022100783,0.5941831448229777,0.2039393136927115,0.21007926007053504,wait:0.000000
34,8:0,8,no_addition,False,0.0,0.0,0.0,0.0,0.0,0.0,0.0,0.0,0.0,0.0,0.42224487806266675,0.31676733048151573,0.09743626015620943,0.3270836536953683,wait:0.000000
34,11:0,11,no_addition,False,0.0,0.0,0.0,0.0,0.0,0.0,0.0,0.0,0.0,0.0,0.657146533296191,0.37812604292750296,0.11254230858288973,0.15467226241520335,wait:0.000000
34,12:0,12,no_addition,False,0.0,0.0,0.0,0.0,0.0,0.0,0.0,0.0,0.0,0.0,0.7437817987812785,0.48527716350699646,0.2378376446886984,0.3113206276857364,wait:0.000000
34,15:0,15,no_addition,False,0.0,0.0,0.0,0.0,0.0,0.0,0.0,0.0,0.0,0.0,0.5815402376273211,0.3651732285065892,0.12013139547880683,0.36885322864169034,wait:0.000000
34,17:0,17,no_addition,False,0.0,0.0,0.0,0.0,0.0,0.0,0.0,0.0,0.0,0.0,0.5319935126913222,0.5734977925998279,0.253902026142052,0.30760713930070754,wait:0.000000
34,20:0,20,no_addition,False,0.0,0.0,0.0,0.0,0.0,0.0,0.0,0.0,0.0,0.0,0.6195092762977208,0.4718195611743685,0.1422286741409436,0.34279558387592546,wait:0.000000
34,22:0,22,no_addition,False,0.0,0.0,0.0,0.0,0.0,0.0,0.0,0.0,0.0,0.0,0.5249099051021684,0.48382851322678777,0.1072317536866028,0.38624423250672224,wait:0.000000
34,24:0,24,no_addition,False,0.0,0.0,0.0,0.0,0.0,0.0,0.0,0.0,0.0,0.0,0.6684423983588719,0.5335729502393609,0.26239716001572394,0.36884069536487507,wait:0.000000
34,27:0,27,no_addition,False,0.0,0.0,0.0,0.0,0.0,0.0,0.0,0.0,0.0,0.0,0.6925893067107659,0.6392206064589001,0.15779028109324086,0.3684614046068823,wait:0.000000
34,30:0,30,no_addition,False,0.0,0.0,0.0,0.0,0.0,0.0,0.0,0.0,0.0,0.0,0.6113152525564187,0.48946698833342217,0.10568988529152609,0.2968595249016314,wait:0.000000
34,31:0,31,no_addition,False,0.0,0.0,0.0,0.0,0.0,0.0,0.0,0.0,0.0,0.0,0.639231730984955,0.5962232349389468,0.15877040446700252,0.19435374724412033,wait:0.000000
34,35:0,35,no_addition,False,0.0,0.0,0.0,0.0,0.0,0.0,0.0,0.0,0.0,0.0,0.5686148129675394,0.3808624764596319,0.11359345932382238,0.17179398486241937,wait:0.000000
34,39:0,39,no_addition,False,0.0,0.0,0.0,0.0,0.0,0.0,0.0,0.0,0.0,0.0,0.4294577007052264,0.45942743266519215,0.11278642516549683,0.3142410343455689,wait:0.000000
34,42:0,42,no_addition,False,0.0,0.0,0.0,0.0,0.0,0.0,0.0,0.0,0.0,0.0,0.3646625997759556,0.43924046267399164,0.20447239480110982,0.16482639385390188,wait:0.000000
34,46:0,46,no_addition,False,0.0,0.0,0.0,0.0,0.0,0.0,0.0,0.0,0.0,0.0,0.46247147996441473,0.6596503611583785,0.18523664050489752,0.15567554392335484,wait:0.000000
34,49:0,49,no_addition,False,0.0,0.0,0.0,0.0,0.0,0.0,0.0,0.0,0.0,0.0,0.5412220236875722,0.6085239383184402,0.20702198292046725,0.3550969080079869,wait:0.000000
34,50:0,50,no_addition,False,0.0,0.0,0.0,0.0,0.0,0.0,0.0,0.0,0.0,0.0,0.3887471694008641,0.28772933443180404,0.2088022698026999,0.2124178474471884,wait:0.000000
34,52:0,52,no_addition,False,0.0,0.0,0.0,0.0,0.0,0.0,0.0,0.0,0.0,0.0,0.6875190938505968,0.424566771177051,0.2476619091839592,0.2339709438701195,wait:0.000000
34,54:0,54,no_addition,False,0.0,0.0,0.0,0.0,0.0,0.0,0.0,0.0,0.0,0.0,0.36049733782908744,0.5523253568294493,0.25533682668695057,0.3412197200125101,wait:0.000000
34,58:0,58,no_addition,False,0.0,0.0,0.0,0.0,0.0,0.0,0.0,0.0,0.0,0.0,0.6198457129212576,0.4512439536464701,0.24863939297565013,0.20532809497258347,wait:0.000000
34,59:0,59,no_addition,False,0.0,0.0,0.0,0.0,0.0,0.0,0.0,0.0,0.0,0.0,0.7002922637422113,0.5074985384558233,0.23509445490004036,0.40267072128357945,wait:0.000000
34,60:0,60,no_addition,False,0.0,0.0,0.0,0.0,0.0,0.0,0.0,0.0,0.0,0.0,0.5845134400782842,0.6274568073919631,0.21802528225456477,0.22323942159545873,wait:0.000000
34,61:0,61,no_addition,False,0.0,0.0,0.0,0.0,0.0,0.0,0.0,0.0,0.0,0.0,0.40466418061386694,0.42786425934215844,0.2012198617440855,0.3431351479999387,wait:0.000000
34,68:0,68,no_addition,False,0.0,0.0,0.0,0.0,0.0,0.0,0.0,0.0,0.0,0.0,0.4856375652076465,0.39336260514379606,0.26128882804747644,0.28765577552162636,wait:0.000000
34,70:0,70,no_addition,False,0.0,0.0,0.0,0.0,0.0,0.0,0.0,0.0,0.0,0.0,0.7250418326056267,0.49302427799958903,0.2066890976646894,0.2580273057930491,wait:0.000000
34,73:0,73,no_addition,False,0.0,0.0,0.0,0.0,0.0,0.0,0.0,0.0,0.0,0.0,0.40420682498105226,0.36825884895626715,0.10135193454551357,0.21381812730705063,wait:0.000000
34,75:0,75,no_addition,False,0.0,0.0,0.0,0.0,0.0,0.0,0.0,0.0,0.0,0.0,0.4230941969831738,0.5146117501535823,0.14526836109731428,0.21203597939779312,wait:0.000000
34,77:0,77,no_addition,False,0.0,0.0,0.0,0.0,0.0,0.0,0.0,0.0,0.0,0.0,0.7057895980559208,0.5099150606963985,0.1774995824071297,0.3403705026808585,wait:0.000000
34,78:0,78,no_addition,False,0.0,0.0,0.0,0.0,0.0,0.0,0.0,0.0,0.0,0.0,0.6649527470465615,0.2708445688219129,0.19539182057908258,0.3732642554777805,wait:0.000000;e:-0.129416
34,79:0,79,no_addition,False,0.0,0.0,0.0,0.0,0.0,0.0,0.0,0.0,0.0,0.0,0.6554007144387883,0.3386993507256493,0.11701546148724276,0.22854336518025284,wait:0.000000
34,82:0,82,no_addition,False,0.0,0.0,0.0,0.0,0.0,0.0,0.0,0.0,0.0,0.0,0.7286328395366878,0.36352177295393373,0.15698912011979346,0.1520510595522537,wait:0.000000
34,85:0,85,no_addition,False,0.0,0.0,0.0,0.0,0.0,0.0,0.0,0.0,0.0,0.0,0.7153815322741996,0.556425413119678,0.16364315346228214,0.22556310027741625,wait:0.000000
34,88:0,88,no_addition,False,0.0,0.0,0.0,0.0,0.0,0.0,0.0,0.0,0.0,0.0,0.7163316377708322,0.6143286754778456,0.09809896900767885,0.2526309343782891,wait:0.000000
34,89:0,89,no_addition,False,0.0,0.0,0.0,0.0,0.0,0.0,0.0,0.0,0.0,0.0,0.6654086354683044,0.32308926941883376,0.17411602439694465,0.28314038201118613,wait:0.000000
34,90:0,90,no_addition,False,0.0,0.0,0.0,0.0,0.0,0.0,0.0,0.0,0.0,0.0,0.5496088598221989,0.5230713273300622,0.13492759998526915,0.34468040679375855,wait:0.000000
34,91:0,91,no_addition,False,0.0,0.0,0.0,0.0,0.0,0.0,0.0,0.0,0.0,0.0,0.4008685735824922,0.45411787526818514,0.22139914132820376,0.16502895016143204,wait:0.000000
34,99:0,99,no_addition,False,0.0,0.0,0.0,0.0,0.0,0.0,0.0,0.0,0.0,0.0,0.595919754635573,0.3031051908867153,0.2567075269935262,0.36362387727822276,wait:0.000000;e:-0.090731
34,100:0,100,no_addition,False,0.0,0.0,0.0,0.0,0.0,0.0,0.0,0.0,0.0,0.0,0.7169641560585482,0.4692832919180363,0.23232263065211484,0.18559087631515395,wait:0.000000
34,102:0,102,no_addition,False,0.0,0.0,0.0,0.0,0.0,0.0,0.0,0.0,0.0,0.0,0.701367219239883,0.26701134800970727,0.18771390352718884,0.3406883754000892,wait:0.000000
34,104:0,104,no_addition,False,0.0,0.0,0.0,0.0,0.0,0.0,0.0,0.0,0.0,0.0,0.4805291116972771,0.3077848861998414,0.24182705034992438,0.26225319894977905,wait:0.000000
34,111:0,111,no_addition,False,0.0,0.0,0.0,0.0,0.0,0.0,0.0,0.0,0.0,0.0,0.6296869035044703,0.48249741418436287,0.11558516615917062,0.1539376686338176,wait:0.000000
34,112:0,112,no_addition,False,0.0,0.0,0.0,0.0,0.0,0.0,0.0,0.0,0.0,0.0,0.7348930726439825,0.5747899891492501,0.10878586675424282,0.1906376254280636,wait:0.000000
34,113:0,113,no_addition,False,0.0,0.0,0.0,0.0,0.0,0.0,0.0,0.0,0.0,0.0,0.36884265054638277,0.5871883438705638,0.20774743918817895,0.15152591661893103,wait:0.000000
34,118:0,118,no_addition,False,0.0,0.0,0.0,0.0,0.0,0.0,0.0,0.0,0.0,0.0,0.7419538127860572,0.3257052711190269,0.22127615320016214,0.1744441787687567,wait:0.000000
35,0:0,0,no_addition,False,0.0,0.0,0.0,0.0,0.0,0.0,0.0,0.0,0.0,0.0,0.6849269699863758,0.5877091393923862,0.1483707952442035,0.27587969446165017,wait:0.000000
35,7:0,7,no_addition,False,0.0,0.0,0.0,0.0,0.0,0.0,0.0,0.0,0.0,0.0,0.6195015022100783,0.5941831448229777,0.2039393136927115,0.21007926007053504,wait:0.000000
35,8:0,8,no_addition,False,0.0,0.0,0.0,0.0,0.0,0.0,0.0,0.0,0.0,0.0,0.42224487806266675,0.31676733048151573,0.09743626015620943,0.3270836536953683,wait:0.000000
35,11:0,11,no_addition,False,0.0,0.0,0.0,0.0,0.0,0.0,0.0,0.0,0.0,0.0,0.657146533296191,0.37812604292750296,0.11254230858288973,0.15467226241520335,wait:0.000000
35,12:0,12,no_addition,False,0.0,0.0,0.0,0.0,0.0,0.0,0.0,0.0,0.0,0.0,0.7437817987812785,0.48527716350699646,0.2378376446886984,0.3113206276857364,wait:0.000000
35,15:0,15,no_addition,False,0.0,0.0,0.0,0.0,0.0,0.0,0.0,0.0,0.0,0.0,0.5815402376273211,0.3651732285065892,0.12013139547880683,0.36885322864169034,wait:0.000000
35,17:0,17,no_addition,False,0.0,0.0,0.0,0.0,0.0,0.0,0.0,0.0,0.0,0.0,0.5319935126913222,0.5734977925998279,0.253902026142052,0.30760713930070754,wait:0.000000
35,20:0,20,no_addition,False,0.0,0.0,0.0,0.0,0.0,0.0,0.0,0.0,0.0,0.0,0.6195092762977208,0.4718195611743685,0.1422286741409436,0.34279558387592546,wait:0.000000
35,22:0,22,no_addition,False,0.0,0.0,0.0,0.0,0.0,0.0,0.0,0.0,0.0,0.0,0.5249099051021684,0.48382851322678777,0.1072317536866028,0.38624423250672224,wait:0.000000
35,24:0,24,no_addition,False,0.0,0.0,0.0,0.0,0.0,0.0,0.0,0.0,0.0,0.0,0.6684423983588719,0.5335729502393609,0.26239716001572394,0.36884069536487507,wait:0.000000
35,27:0,27,no_addition,False,0.0,0.0,0.0,0.0,0.0,0.0,0.0,0.0,0.0,0.0,0.6925893067107659,0.6392206064589001,0.15779028109324086,0.3684614046068823,wait:0.000000
35,30:0,30,no_addition,False,0.0,0.0,0.0,0.0,0.0,0.0,0.0,0.0,0.0,0.0,0.6113152525564187,0.48946698833342217,0.10568988529152609,0.2968595249016314,wait:0.000000
35,31:0,31,no_addition,False,0.0,0.0,0.0,0.0,0.0,0.0,0.0,0.0,0.0,0.0,0.639231730984955,0.5962232349389468,0.15877040446700252,0.19435374724412033,wait:0.000000
35,35:0,35,no_addition,False,0.0,0.0,0.0,0.0,0.0,0.0,0.0,0.0,0.0,0.0,0.5686148129675394,0.3808624764596319,0.11359345932382238,0.17179398486241937,wait:0.000000
35,39:0,39,no_addition,False,0.0,0.0,0.0,0.0,0.0,0.0,0.0,0.0,0.0,0.0,0.4294577007052264,0.45942743266519215,0.11278642516549683,0.3142410343455689,wait:0.000000
35,42:0,42,no_addition,False,0.0,0.0,0.0,0.0,0.0,0.0,0.0,0.0,0.0,0.0,0.3646625997759556,0.43924046267399164,0.20447239480110982,0.16482639385390188,wait:0.000000
35,46:0,46,no_addition,False,0.0,0.0,0.0,0.0,0.0,0.0,0.0,0.0,0.0,0.0,0.46247147996441473,0.6596503611583785,0.18523664050489752,0.15567554392335484,wait:0.000000
35,49:0,49,no_addition,False,0.0,0.0,0.0,0.0,0.0,0.0,0.0,0.0,0.0,0.0,0.5412220236875722,0.6085239383184402,0.20702198292046725,0.3550969080079869,wait:0.000000
35,50:0,50,no_addition,False,0.0,0.0,0.0,0.0,0.0,0.0,0.0,0.0,0.0,0.0,0.3887471694008641,0.28772933443180404,0.2088022698026999,0.2124178474471884,wait:0.000000
35,52:0,52,no_addition,False,0.0,0.0,0.0,0.0,0.0,0.0,0.0,0.0,0.0,0.0,0.6875190938505968,0.424566771177051,0.2476619091839592,0.2339709438701195,wait:0.000000
35,54:0,54,no_addition,False,0.0,0.0,0.0,0.0,0.0,0.0,0.0,0.0,0.0,0.0,0.36049733782908744,0.5523253568294493,0.25533682668695057,0.3412197200125101,wait:0.000000
35,58:0,58,no_addition,False,0.0,0.0,0.0,0.0,0.0,0.0,0.0,0.0,0.0,0.0,0.6198457129212576,0.4512439536464701,0.24863939297565013,0.20532809497258347,wait:0.000000
35,59:0,59,no_addition,False,0.0,0.0,0.0,0.0,0.0,0.0,0.0,0.0,0.0,0.0,0.7002922637422113,0.5074985384558233,0.23509445490004036,0.40267072128357945,wait:0.000000
35,60:0,60,no_addition,False,0.0,0.0,0.0,0.0,0.0,0.0,0.0,0.0,0.0,0.0,0.5845134400782842,0.6274568073919631,0.21802528225456477,0.22323942159545873,wait:0.000000
35,61:0,61,no_addition,False,0.0,0.0,0.0,0.0,0.0,0.0,0.0,0.0,0.0,0.0,0.40466418061386694,0.42786425934215844,0.2012198617440855,0.3431351479999387,wait:0.000000
35,68:0,68,no_addition,False,0.0,0.0,0.0,0.0,0.0,0.0,0.0,0.0,0.0,0.0,0.4856375652076465,0.39336260514379606,0.26128882804747644,0.28765577552162636,wait:0.000000
35,70:0,70,no_addition,False,0.0,0.0,0.0,0.0,0.0,0.0,0.0,0.0,0.0,0.0,0.7250418326056267,0.49302427799958903,0.2066890976646894,0.2580273057930491,wait:0.000000
35,73:0,73,no_addition,False,0.0,0.0,0.0,0.0,0.0,0.0,0.0,0.0,0.0,0.0,0.40420682498105226,0.36825884895626715,0.10135193454551357,0.21381812730705063,wait:0.000000
35,75:0,75,no_addition,False,0.0,0.0,0.0,0.0,0.0,0.0,0.0,0.0,0.0,0.0,0.4230941969831738,0.5146117501535823,0.14526836109731428,0.21203597939779312,wait:0.000000
35,77:0,77,no_addition,False,0.0,0.0,0.0,0.0,0.0,0.0,0.0,0.0,0.0,0.0,0.7057895980559208,0.5099150606963985,0.1774995824071297,0.3403705026808585,wait:0.000000
35,78:0,78,no_addition,False,0.0,0.0,0.0,0.0,0.0,0.0,0.0,0.0,0.0,0.0,0.6649527470465615,0.2708445688219129,0.19539182057908258,0.3732642554777805,wait:0.000000;e:-0.129416
35,79:0,79,no_addition,False,0.0,0.0,0.0,0.0,0.0,0.0,0.0,0.0,0.0,0.0,0.6554007144387883,0.3386993507256493,0.11701546148724276,0.22854336518025284,wait:0.000000
35,82:0,82,no_addition,False,0.0,0.0,0.0,0.0,0.0,0.0,0.0,0.0,0.0,0.0,0.7286328395366878,0.36352177295393373,0.15698912011979346,0.1520510595522537,wait:0.000000
35,85:0,85,no_addition,False,0.0,0.0,0.0,0.0,0.0,0.0,0.0,0.0,0.0,0.0,0.7153815322741996,0.556425413119678,0.16364315346228214,0.22556310027741625,wait:0.000000
35,88:0,88,no_addition,False,0.0,0.0,0.0,0.0,0.0,0.0,0.0,0.0,0.0,0.0,0.7163316377708322,0.6143286754778456,0.09809896900767885,0.2526309343782891,wait:0.000000
35,89:0,89,no_addition,False,0.0,0.0,0.0,0.0,0.0,0.0,0.0,0.0,0.0,0.0,0.6654086354683044,0.32308926941883376,0.17411602439694465,0.28314038201118613,wait:0.000000
35,90:0,90,no_addition,False,0.0,0.0,0.0,0.0,0.0,0.0,0.0,0.0,0.0,0.0,0.5496088598221989,0.5230713273300622,0.13492759998526915,0.34468040679375855,wait:0.000000
35,91:0,91,no_addition,False,0.0,0.0,0.0,0.0,0.0,0.0,0.0,0.0,0.0,0.0,0.4008685735824922,0.45411787526818514,0.22139914132820376,0.16502895016143204,wait:0.000000
35,99:0,99,no_addition,False,0.0,0.0,0.0,0.0,0.0,0.0,0.0,0.0,0.0,0.0,0.595919754635573,0.3031051908867153,0.2567075269935262,0.36362387727822276,wait:0.000000;e:-0.090731
35,100:0,100,no_addition,False,0.0,0.0,0.0,0.0,0.0,0.0,0.0,0.0,0.0,0.0,0.7169641560585482,0.4692832919180363,0.23232263065211484,0.18559087631515395,wait:0.000000
35,102:0,102,no_addition,False,0.0,0.0,0.0,0.0,0.0,0.0,0.0,0.0,0.0,0.0,0.701367219239883,0.26701134800970727,0.18771390352718884,0.3406883754000892,wait:0.000000
35,104:0,104,no_addition,False,0.0,0.0,0.0,0.0,0.0,0.0,0.0,0.0,0.0,0.0,0.4805291116972771,0.3077848861998414,0.24182705034992438,0.26225319894977905,wait:0.000000
35,111:0,111,no_addition,False,0.0,0.0,0.0,0.0,0.0,0.0,0.0,0.0,0.0,0.0,0.6296869035044703,0.48249741418436287,0.11558516615917062,0.1539376686338176,wait:0.000000
35,112:0,112,no_addition,False,0.0,0.0,0.0,0.0,0.0,0.0,0.0,0.0,0.0,0.0,0.7348930726439825,0.5747899891492501,0.10878586675424282,0.1906376254280636,wait:0.000000
35,113:0,113,no_addition,False,0.0,0.0,0.0,0.0,0.0,0.0,0.0,0.0,0.0,0.0,0.36884265054638277,0.5871883438705638,0.20774743918817895,0.15152591661893103,wait:0.000000
35,118:0,118,no_addition,False,0.0,0.0,0.0,0.0,0.0,0.0,0.0,0.0,0.0,0.0,0.7419538127860572,0.3257052711190269,0.22127615320016214,0.1744441787687567,wait:0.000000
36,0:0,0,no_addition,False,0.0,0.0,0.0,0.0,0.0,0.0,0.0,0.0,0.0,0.0,0.6849269699863758,0.5877091393923862,0.1483707952442035,0.27587969446165017,wait:0.000000
36,7:0,7,no_addition,False,0.0,0.0,0.0,0.0,0.0,0.0,0.0,0.0,0.0,0.0,0.6195015022100783,0.5941831448229777,0.2039393136927115,0.21007926007053504,wait:0.000000
36,8:0,8,no_addition,False,0.0,0.0,0.0,0.0,0.0,0.0,0.0,0.0,0.0,0.0,0.42224487806266675,0.31676733048151573,0.09743626015620943,0.3270836536953683,wait:0.000000
36,11:0,11,no_addition,False,0.0,0.0,0.0,0.0,0.0,0.0,0.0,0.0,0.0,0.0,0.657146533296191,0.37812604292750296,0.11254230858288973,0.15467226241520335,wait:0.000000
36,12:0,12,no_addition,False,0.0,0.0,0.0,0.0,0.0,0.0,0.0,0.0,0.0,0.0,0.7437817987812785,0.48527716350699646,0.2378376446886984,0.3113206276857364,wait:0.000000
36,15:0,15,no_addition,False,0.0,0.0,0.0,0.0,0.0,0.0,0.0,0.0,0.0,0.0,0.5815402376273211,0.3651732285065892,0.12013139547880683,0.36885322864169034,wait:0.000000
36,17:0,17,no_addition,False,0.0,0.0,0.0,0.0,0.0,0.0,0.0,0.0,0.0,0.0,0.5319935126913222,0.5734977925998279,0.253902026142052,0.30760713930070754,wait:0.000000
36,20:0,20,no_addition,False,0.0,0.0,0.0,0.0,0.0,0.0,0.0,0.0,0.0,0.0,0.6195092762977208,0.4718195611743685,0.1422286741409436,0.34279558387592546,wait:0.000000
36,22:0,22,no_addition,False,0.0,0.0,0.0,0.0,0.0,0.0,0.0,0.0,0.0,0.0,0.5249099051021684,0.48382851322678777,0.1072317536866028,0.38624423250672224,wait:0.000000
36,24:0,24,no_addition,False,0.0,0.0,0.0,0.0,0.0,0.0,0.0,0.0,0.0,0.0,0.6684423983588719,0.5335729502393609,0.26239716001572394,0.36884069536487507,wait:0.000000
36,27:0,27,no_addition,False,0.0,0.0,0.0,0.0,0.0,0.0,0.0,0.0,0.0,0.0,0.6925893067107659,0.6392206064589001,0.15779028109324086,0.3684614046068823,wait:0.000000
36,30:0,30,no_addition,False,0.0,0.0,0.0,0.0,0.0,0.0,0.0,0.0,0.0,0.0,0.6113152525564187,0.48946698833342217,0.10568988529152609,0.2968595249016314,wait:0.000000
36,31:0,31,no_addition,False,0.0,0.0,0.0,0.0,0.0,0.0,0.0,0.0,0.0,0.0,0.639231730984955,0.5962232349389468,0.15877040446700252,0.19435374724412033,wait:0.000000
36,35:0,35,no_addition,False,0.0,0.0,0.0,0.0,0.0,0.0,0.0,0.0,0.0,0.0,0.5686148129675394,0.3808624764596319,0.11359345932382238,0.17179398486241937,wait:0.000000
36,39:0,39,no_addition,False,0.0,0.0,0.0,0.0,0.0,0.0,0.0,0.0,0.0,0.0,0.4294577007052264,0.45942743266519215,0.11278642516549683,0.3142410343455689,wait:0.000000
36,42:0,42,no_addition,False,0.0,0.0,0.0,0.0,0.0,0.0,0.0,0.0,0.0,0.0,0.3646625997759556,0.43924046267399164,0.20447239480110982,0.16482639385390188,wait:0.000000
36,46:0,46,no_addition,False,0.0,0.0,0.0,0.0,0.0,0.0,0.0,0.0,0.0,0.0,0.46247147996441473,0.6596503611583785,0.18523664050489752,0.15567554392335484,wait:0.000000
36,49:0,49,no_addition,False,0.0,0.0,0.0,0.0,0.0,0.0,0.0,0.0,0.0,0.0,0.5412220236875722,0.6085239383184402,0.20702198292046725,0.3550969080079869,wait:0.000000
36,50:0,50,no_addition,False,0.0,0.0,0.0,0.0,0.0,0.0,0.0,0.0,0.0,0.0,0.3887471694008641,0.28772933443180404,0.2088022698026999,0.2124178474471884,wait:0.000000
36,52:0,52,no_addition,False,0.0,0.0,0.0,0.0,0.0,0.0,0.0,0.0,0.0,0.0,0.6875190938505968,0.424566771177051,0.2476619091839592,0.2339709438701195,wait:0.000000
36,54:0,54,no_addition,False,0.0,0.0,0.0,0.0,0.0,0.0,0.0,0.0,0.0,0.0,0.36049733782908744,0.5523253568294493,0.25533682668695057,0.3412197200125101,wait:0.000000
36,58:0,58,no_addition,False,0.0,0.0,0.0,0.0,0.0,0.0,0.0,0.0,0.0,0.0,0.6198457129212576,0.4512439536464701,0.24863939297565013,0.20532809497258347,wait:0.000000
36,59:0,59,no_addition,False,0.0,0.0,0.0,0.0,0.0,0.0,0.0,0.0,0.0,0.0,0.7002922637422113,0.5074985384558233,0.23509445490004036,0.40267072128357945,wait:0.000000
36,60:0,60,no_addition,False,0.0,0.0,0.0,0.0,0.0,0.0,0.0,0.0,0.0,0.0,0.5845134400782842,0.6274568073919631,0.21802528225456477,0.22323942159545873,wait:0.000000
36,61:0,61,no_addition,False,0.0,0.0,0.0,0.0,0.0,0.0,0.0,0.0,0.0,0.0,0.40466418061386694,0.42786425934215844,0.2012198617440855,0.3431351479999387,wait:0.000000
36,68:0,68,no_addition,False,0.0,0.0,0.0,0.0,0.0,0.0,0.0,0.0,0.0,0.0,0.4856375652076465,0.39336260514379606,0.26128882804747644,0.28765577552162636,wait:0.000000
36,70:0,70,no_addition,False,0.0,0.0,0.0,0.0,0.0,0.0,0.0,0.0,0.0,0.0,0.7250418326056267,0.49302427799958903,0.2066890976646894,0.2580273057930491,wait:0.000000
36,73:0,73,no_addition,False,0.0,0.0,0.0,0.0,0.0,0.0,0.0,0.0,0.0,0.0,0.40420682498105226,0.36825884895626715,0.10135193454551357,0.21381812730705063,wait:0.000000
36,75:0,75,no_addition,False,0.0,0.0,0.0,0.0,0.0,0.0,0.0,0.0,0.0,0.0,0.4230941969831738,0.5146117501535823,0.14526836109731428,0.21203597939779312,wait:0.000000
36,77:0,77,no_addition,False,0.0,0.0,0.0,0.0,0.0,0.0,0.0,0.0,0.0,0.0,0.7057895980559208,0.5099150606963985,0.1774995824071297,0.3403705026808585,wait:0.000000
36,78:0,78,no_addition,False,0.0,0.0,0.0,0.0,0.0,0.0,0.0,0.0,0.0,0.0,0.6649527470465615,0.2708445688219129,0.19539182057908258,0.3732642554777805,wait:0.000000;e:-0.129416
36,79:0,79,no_addition,False,0.0,0.0,0.0,0.0,0.0,0.0,0.0,0.0,0.0,0.0,0.6554007144387883,0.3386993507256493,0.11701546148724276,0.22854336518025284,wait:0.000000
36,82:0,82,no_addition,False,0.0,0.0,0.0,0.0,0.0,0.0,0.0,0.0,0.0,0.0,0.7286328395366878,0.36352177295393373,0.15698912011979346,0.1520510595522537,wait:0.000000
36,85:0,85,no_addition,False,0.0,0.0,0.0,0.0,0.0,0.0,0.0,0.0,0.0,0.0,0.7153815322741996,0.556425413119678,0.16364315346228214,0.22556310027741625,wait:0.000000
36,88:0,88,no_addition,False,0.0,0.0,0.0,0.0,0.0,0.0,0.0,0.0,0.0,0.0,0.7163316377708322,0.6143286754778456,0.09809896900767885,0.2526309343782891,wait:0.000000
36,89:0,89,no_addition,False,0.0,0.0,0.0,0.0,0.0,0.0,0.0,0.0,0.0,0.0,0.6654086354683044,0.32308926941883376,0.17411602439694465,0.28314038201118613,wait:0.000000
36,90:0,90,no_addition,False,0.0,0.0,0.0,0.0,0.0,0.0,0.0,0.0,0.0,0.0,0.5496088598221989,0.5230713273300622,0.13492759998526915,0.34468040679375855,wait:0.000000
36,91:0,91,no_addition,False,0.0,0.0,0.0,0.0,0.0,0.0,0.0,0.0,0.0,0.0,0.4008685735824922,0.45411787526818514,0.22139914132820376,0.16502895016143204,wait:0.000000
36,99:0,99,no_addition,False,0.0,0.0,0.0,0.0,0.0,0.0,0.0,0.0,0.0,0.0,0.595919754635573,0.3031051908867153,0.2567075269935262,0.36362387727822276,wait:0.000000;e:-0.090731
36,100:0,100,no_addition,False,0.0,0.0,0.0,0.0,0.0,0.0,0.0,0.0,0.0,0.0,0.7169641560585482,0.4692832919180363,0.23232263065211484,0.18559087631515395,wait:0.000000
36,102:0,102,no_addition,False,0.0,0.0,0.0,0.0,0.0,0.0,0.0,0.0,0.0,0.0,0.701367219239883,0.26701134800970727,0.18771390352718884,0.3406883754000892,wait:0.000000
36,104:0,104,no_addition,False,0.0,0.0,0.0,0.0,0.0,0.0,0.0,0.0,0.0,0.0,0.4805291116972771,0.3077848861998414,0.24182705034992438,0.26225319894977905,wait:0.000000
36,111:0,111,no_addition,False,0.0,0.0,0.0,0.0,0.0,0.0,0.0,0.0,0.0,0.0,0.6296869035044703,0.48249741418436287,0.11558516615917062,0.1539376686338176,wait:0.000000
36,112:0,112,no_addition,False,0.0,0.0,0.0,0.0,0.0,0.0,0.0,0.0,0.0,0.0,0.7348930726439825,0.5747899891492501,0.10878586675424282,0.1906376254280636,wait:0.000000
36,113:0,113,no_addition,False,0.0,0.0,0.0,0.0,0.0,0.0,0.0,0.0,0.0,0.0,0.36884265054638277,0.5871883438705638,0.20774743918817895,0.15152591661893103,wait:0.000000
36,118:0,118,no_addition,False,0.0,0.0,0.0,0.0,0.0,0.0,0.0,0.0,0.0,0.0,0.7419538127860572,0.3257052711190269,0.22127615320016214,0.1744441787687567,wait:0.000000
37,0:0,0,no_addition,False,0.0,0.0,0.0,0.0,0.0,0.0,0.0,0.0,0.0,0.0,0.6849269699863758,0.5877091393923862,0.1483707952442035,0.27587969446165017,wait:0.000000
37,7:0,7,no_addition,False,0.0,0.0,0.0,0.0,0.0,0.0,0.0,0.0,0.0,0.0,0.6195015022100783,0.5941831448229777,0.2039393136927115,0.21007926007053504,wait:0.000000
37,8:0,8,no_addition,False,0.0,0.0,0.0,0.0,0.0,0.0,0.0,0.0,0.0,0.0,0.42224487806266675,0.31676733048151573,0.09743626015620943,0.3270836536953683,wait:0.000000
37,11:0,11,no_addition,False,0.0,0.0,0.0,0.0,0.0,0.0,0.0,0.0,0.0,0.0,0.657146533296191,0.37812604292750296,0.11254230858288973,0.15467226241520335,wait:0.000000
37,12:0,12,no_addition,False,0.0,0.0,0.0,0.0,0.0,0.0,0.0,0.0,0.0,0.0,0.7437817987812785,0.48527716350699646,0.2378376446886984,0.3113206276857364,wait:0.000000
37,15:0,15,no_addition,False,0.0,0.0,0.0,0.0,0.0,0.0,0.0,0.0,0.0,0.0,0.5815402376273211,0.3651732285065892,0.12013139547880683,0.36885322864169034,wait:0.000000
37,17:0,17,no_addition,False,0.0,0.0,0.0,0.0,0.0,0.0,0.0,0.0,0.0,0.0,0.5319935126913222,0.5734977925998279,0.253902026142052,0.30760713930070754,wait:0.000000
37,20:0,20,no_addition,False,0.0,0.0,0.0,0.0,0.0,0.0,0.0,0.0,0.0,0.0,0.6195092762977208,0.4718195611743685,0.1422286741409436,0.34279558387592546,wait:0.000000
37,22:0,22,no_addition,False,0.0,0.0,0.0,0.0,0.0,0.0,0.0,0.0,0.0,0.0,0.5249099051021684,0.48382851322678777,0.1072317536866028,0.38624423250672224,wait:0.000000
37,24:0,24,no_addition,False,0.0,0.0,0.0,0.0,0.0,0.0,0.0,0.0,0.0,0.0,0.6684423983588719,0.5335729502393609,0.26239716001572394,0.36884069536487507,wait:0.000000
37,27:0,27,no_addition,False,0.0,0.0,0.0,0.0,0.0,0.0,0.0,0.0,0.0,0.0,0.6925893067107659,0.6392206064589001,0.15779028109324086,0.3684614046068823,wait:0.000000
37,30:0,30,no_addition,False,0.0,0.0,0.0,0.0,0.0,0.0,0.0,0.0,0.0,0.0,0.6113152525564187,0.48946698833342217,0.10568988529152609,0.2968595249016314,wait:0.000000
37,31:0,31,no_addition,False,0.0,0.0,0.0,0.0,0.0,0.0,0.0,0.0,0.0,0.0,0.639231730984955,0.5962232349389468,0.15877040446700252,0.19435374724412033,wait:0.000000
37,35:0,35,no_addition,False,0.0,0.0,0.0,0.0,0.0,0.0,0.0,0.0,0.0,0.0,0.5686148129675394,0.3808624764596319,0.11359345932382238,0.17179398486241937,wait:0.000000
37,39:0,39,no_addition,False,0.0,0.0,0.0,0.0,0.0,0.0,0.0,0.0,0.0,0.0,0.4294577007052264,0.45942743266519215,0.11278642516549683,0.3142410343455689,wait:0.000000
37,42:0,42,no_addition,False,0.0,0.0,0.0,0.0,0.0,0.0,0.0,0.0,0.0,0.0,0.3646625997759556,0.43924046267399164,0.20447239480110982,0.16482639385390188,wait:0.000000
37,46:0,46,no_addition,False,0.0,0.0,0.0,0.0,0.0,0.0,0.0,0.0,0.0,0.0,0.46247147996441473,0.6596503611583785,0.18523664050489752,0.15567554392335484,wait:0.000000
37,49:0,49,no_addition,False,0.0,0.0,0.0,0.0,0.0,0.0,0.0,0.0,0.0,0.0,0.5412220236875722,0.6085239383184402,0.20702198292046725,0.3550969080079869,wait:0.000000
37,50:0,50,no_addition,False,0.0,0.0,0.0,0.0,0.0,0.0,0.0,0.0,0.0,0.0,0.3887471694008641,0.28772933443180404,0.2088022698026999,0.2124178474471884,wait:0.000000
37,52:0,52,no_addition,False,0.0,0.0,0.0,0.0,0.0,0.0,0.0,0.0,0.0,0.0,0.6875190938505968,0.424566771177051,0.2476619091839592,0.2339709438701195,wait:0.000000
37,54:0,54,no_addition,False,0.0,0.0,0.0,0.0,0.0,0.0,0.0,0.0,0.0,0.0,0.36049733782908744,0.5523253568294493,0.25533682668695057,0.3412197200125101,wait:0.000000
37,58:0,58,no_addition,False,0.0,0.0,0.0,0.0,0.0,0.0,0.0,0.0,0.0,0.0,0.6198457129212576,0.4512439536464701,0.24863939297565013,0.20532809497258347,wait:0.000000
37,59:0,59,no_addition,False,0.0,0.0,0.0,0.0,0.0,0.0,0.0,0.0,0.0,0.0,0.7002922637422113,0.5074985384558233,0.23509445490004036,0.40267072128357945,wait:0.000000
37,60:0,60,no_addition,False,0.0,0.0,0.0,0.0,0.0,0.0,0.0,0.0,0.0,0.0,0.5845134400782842,0.6274568073919631,0.21802528225456477,0.22323942159545873,wait:0.000000
37,61:0,61,no_addition,False,0.0,0.0,0.0,0.0,0.0,0.0,0.0,0.0,0.0,0.0,0.40466418061386694,0.42786425934215844,0.2012198617440855,0.3431351479999387,wait:0.000000
37,68:0,68,no_addition,False,0.0,0.0,0.0,0.0,0.0,0.0,0.0,0.0,0.0,0.0,0.4856375652076465,0.39336260514379606,0.26128882804747644,0.28765577552162636,wait:0.000000
37,70:0,70,no_addition,False,0.0,0.0,0.0,0.0,0.0,0.0,0.0,0.0,0.0,0.0,0.7250418326056267,0.49302427799958903,0.2066890976646894,0.2580273057930491,wait:0.000000
37,73:0,73,no_addition,False,0.0,0.0,0.0,0.0,0.0,0.0,0.0,0.0,0.0,0.0,0.40420682498105226,0.36825884895626715,0.10135193454551357,0.21381812730705063,wait:0.000000
37,75:0,75,no_addition,False,0.0,0.0,0.0,0.0,0.0,0.0,0.0,0.0,0.0,0.0,0.4230941969831738,0.5146117501535823,0.14526836109731428,0.21203597939779312,wait:0.000000
37,77:0,77,no_addition,False,0.0,0.0,0.0,0.0,0.0,0.0,0.0,0.0,0.0,0.0,0.7057895980559208,0.5099150606963985,0.1774995824071297,0.3403705026808585,wait:0.000000
37,78:0,78,no_addition,False,0.0,0.0,0.0,0.0,0.0,0.0,0.0,0.0,0.0,0.0,0.6649527470465615,0.2708445688219129,0.19539182057908258,0.3732642554777805,wait:0.000000;e:-0.129416
37,79:0,79,no_addition,False,0.0,0.0,0.0,0.0,0.0,0.0,0.0,0.0,0.0,0.0,0.6554007144387883,0.3386993507256493,0.11701546148724276,0.22854336518025284,wait:0.000000
37,82:0,82,no_addition,False,0.0,0.0,0.0,0.0,0.0,0.0,0.0,0.0,0.0,0.0,0.7286328395366878,0.36352177295393373,0.15698912011979346,0.1520510595522537,wait:0.000000
37,85:0,85,no_addition,False,0.0,0.0,0.0,0.0,0.0,0.0,0.0,0.0,0.0,0.0,0.7153815322741996,0.556425413119678,0.16364315346228214,0.22556310027741625,wait:0.000000
37,88:0,88,no_addition,False,0.0,0.0,0.0,0.0,0.0,0.0,0.0,0.0,0.0,0.0,0.7163316377708322,0.6143286754778456,0.09809896900767885,0.2526309343782891,wait:0.000000
37,89:0,89,no_addition,False,0.0,0.0,0.0,0.0,0.0,0.0,0.0,0.0,0.0,0.0,0.6654086354683044,0.32308926941883376,0.17411602439694465,0.28314038201118613,wait:0.000000
37,90:0,90,no_addition,False,0.0,0.0,0.0,0.0,0.0,0.0,0.0,0.0,0.0,0.0,0.5496088598221989,0.5230713273300622,0.13492759998526915,0.34468040679375855,wait:0.000000
37,91:0,91,no_addition,False,0.0,0.0,0.0,0.0,0.0,0.0,0.0,0.0,0.0,0.0,0.4008685735824922,0.45411787526818514,0.22139914132820376,0.16502895016143204,wait:0.000000
37,99:0,99,no_addition,False,0.0,0.0,0.0,0.0,0.0,0.0,0.0,0.0,0.0,0.0,0.595919754635573,0.3031051908867153,0.2567075269935262,0.36362387727822276,wait:0.000000;e:-0.090731
37,100:0,100,no_addition,False,0.0,0.0,0.0,0.0,0.0,0.0,0.0,0.0,0.0,0.0,0.7169641560585482,0.4692832919180363,0.23232263065211484,0.18559087631515395,wait:0.000000
37,102:0,102,no_addition,False,0.0,0.0,0.0,0.0,0.0,0.0,0.0,0.0,0.0,0.0,0.701367219239883,0.26701134800970727,0.18771390352718884,0.3406883754000892,wait:0.000000
37,104:0,104,no_addition,False,0.0,0.0,0.0,0.0,0.0,0.0,0.0,0.0,0.0,0.0,0.4805291116972771,0.3077848861998414,0.24182705034992438,0.26225319894977905,wait:0.000000
37,111:0,111,no_addition,False,0.0,0.0,0.0,0.0,0.0,0.0,0.0,0.0,0.0,0.0,0.6296869035044703,0.48249741418436287,0.11558516615917062,0.1539376686338176,wait:0.000000
37,112:0,112,no_addition,False,0.0,0.0,0.0,0.0,0.0,0.0,0.0,0.0,0.0,0.0,0.7348930726439825,0.5747899891492501,0.10878586675424282,0.1906376254280636,wait:0.000000
37,113:0,113,no_addition,False,0.0,0.0,0.0,0.0,0.0,0.0,0.0,0.0,0.0,0.0,0.36884265054638277,0.5871883438705638,0.20774743918817895,0.15152591661893103,wait:0.000000
37,118:0,118,no_addition,False,0.0,0.0,0.0,0.0,0.0,0.0,0.0,0.0,0.0,0.0,0.7419538127860572,0.3257052711190269,0.22127615320016214,0.1744441787687567,wait:0.000000
38,0:0,0,no_addition,False,0.0,0.0,0.0,0.0,0.0,0.0,0.0,0.0,0.0,0.0,0.6849269699863758,0.5877091393923862,0.1483707952442035,0.27587969446165017,wait:0.000000
38,7:0,7,no_addition,False,0.0,0.0,0.0,0.0,0.0,0.0,0.0,0.0,0.0,0.0,0.6195015022100783,0.5941831448229777,0.2039393136927115,0.21007926007053504,wait:0.000000
38,8:0,8,no_addition,False,0.0,0.0,0.0,0.0,0.0,0.0,0.0,0.0,0.0,0.0,0.42224487806266675,0.31676733048151573,0.09743626015620943,0.3270836536953683,wait:0.000000
38,11:0,11,no_addition,False,0.0,0.0,0.0,0.0,0.0,0.0,0.0,0.0,0.0,0.0,0.657146533296191,0.37812604292750296,0.11254230858288973,0.15467226241520335,wait:0.000000
38,12:0,12,no_addition,False,0.0,0.0,0.0,0.0,0.0,0.0,0.0,0.0,0.0,0.0,0.7437817987812785,0.48527716350699646,0.2378376446886984,0.3113206276857364,wait:0.000000
38,15:0,15,no_addition,False,0.0,0.0,0.0,0.0,0.0,0.0,0.0,0.0,0.0,0.0,0.5815402376273211,0.3651732285065892,0.12013139547880683,0.36885322864169034,wait:0.000000
38,17:0,17,no_addition,False,0.0,0.0,0.0,0.0,0.0,0.0,0.0,0.0,0.0,0.0,0.5319935126913222,0.5734977925998279,0.253902026142052,0.30760713930070754,wait:0.000000
38,20:0,20,no_addition,False,0.0,0.0,0.0,0.0,0.0,0.0,0.0,0.0,0.0,0.0,0.6195092762977208,0.4718195611743685,0.1422286741409436,0.34279558387592546,wait:0.000000
38,22:0,22,no_addition,False,0.0,0.0,0.0,0.0,0.0,0.0,0.0,0.0,0.0,0.0,0.5249099051021684,0.48382851322678777,0.1072317536866028,0.38624423250672224,wait:0.000000
38,24:0,24,no_addition,False,0.0,0.0,0.0,0.0,0.0,0.0,0.0,0.0,0.0,0.0,0.6684423983588719,0.5335729502393609,0.26239716001572394,0.36884069536487507,wait:0.000000
38,27:0,27,no_addition,False,0.0,0.0,0.0,0.0,0.0,0.0,0.0,0.0,0.0,0.0,0.6925893067107659,0.6392206064589001,0.15779028109324086,0.3684614046068823,wait:0.000000
38,30:0,30,no_addition,False,0.0,0.0,0.0,0.0,0.0,0.0,0.0,0.0,0.0,0.0,0.6113152525564187,0.48946698833342217,0.10568988529152609,0.2968595249016314,wait:0.000000
38,31:0,31,no_addition,False,0.0,0.0,0.0,0.0,0.0,0.0,0.0,0.0,0.0,0.0,0.639231730984955,0.5962232349389468,0.15877040446700252,0.19435374724412033,wait:0.000000
38,35:0,35,no_addition,False,0.0,0.0,0.0,0.0,0.0,0.0,0.0,0.0,0.0,0.0,0.5686148129675394,0.3808624764596319,0.11359345932382238,0.17179398486241937,wait:0.000000
38,39:0,39,no_addition,False,0.0,0.0,0.0,0.0,0.0,0.0,0.0,0.0,0.0,0.0,0.4294577007052264,0.45942743266519215,0.11278642516549683,0.3142410343455689,wait:0.000000
38,42:0,42,no_addition,False,0.0,0.0,0.0,0.0,0.0,0.0,0.0,0.0,0.0,0.0,0.3646625997759556,0.43924046267399164,0.20447239480110982,0.16482639385390188,wait:0.000000
38,46:0,46,no_addition,False,0.0,0.0,0.0,0.0,0.0,0.0,0.0,0.0,0.0,0.0,0.46247147996441473,0.6596503611583785,0.18523664050489752,0.15567554392335484,wait:0.000000
38,49:0,49,no_addition,False,0.0,0.0,0.0,0.0,0.0,0.0,0.0,0.0,0.0,0.0,0.5412220236875722,0.6085239383184402,0.20702198292046725,0.3550969080079869,wait:0.000000
38,50:0,50,no_addition,False,0.0,0.0,0.0,0.0,0.0,0.0,0.0,0.0,0.0,0.0,0.3887471694008641,0.28772933443180404,0.2088022698026999,0.2124178474471884,wait:0.000000
38,52:0,52,no_addition,False,0.0,0.0,0.0,0.0,0.0,0.0,0.0,0.0,0.0,0.0,0.6875190938505968,0.424566771177051,0.2476619091839592,0.2339709438701195,wait:0.000000
38,54:0,54,no_addition,False,0.0,0.0,0.0,0.0,0.0,0.0,0.0,0.0,0.0,0.0,0.36049733782908744,0.5523253568294493,0.25533682668695057,0.3412197200125101,wait:0.000000
38,58:0,58,no_addition,False,0.0,0.0,0.0,0.0,0.0,0.0,0.0,0.0,0.0,0.0,0.6198457129212576,0.4512439536464701,0.24863939297565013,0.20532809497258347,wait:0.000000
38,59:0,59,no_addition,False,0.0,0.0,0.0,0.0,0.0,0.0,0.0,0.0,0.0,0.0,0.7002922637422113,0.5074985384558233,0.23509445490004036,0.40267072128357945,wait:0.000000
38,60:0,60,no_addition,False,0.0,0.0,0.0,0.0,0.0,0.0,0.0,0.0,0.0,0.0,0.5845134400782842,0.6274568073919631,0.21802528225456477,0.22323942159545873,wait:0.000000
38,61:0,61,no_addition,False,0.0,0.0,0.0,0.0,0.0,0.0,0.0,0.0,0.0,0.0,0.40466418061386694,0.42786425934215844,0.2012198617440855,0.3431351479999387,wait:0.000000
38,68:0,68,no_addition,False,0.0,0.0,0.0,0.0,0.0,0.0,0.0,0.0,0.0,0.0,0.4856375652076465,0.39336260514379606,0.26128882804747644,0.28765577552162636,wait:0.000000
38,70:0,70,no_addition,False,0.0,0.0,0.0,0.0,0.0,0.0,0.0,0.0,0.0,0.0,0.7250418326056267,0.49302427799958903,0.2066890976646894,0.2580273057930491,wait:0.000000
38,73:0,73,no_addition,False,0.0,0.0,0.0,0.0,0.0,0.0,0.0,0.0,0.0,0.0,0.40420682498105226,0.36825884895626715,0.10135193454551357,0.21381812730705063,wait:0.000000
38,75:0,75,no_addition,False,0.0,0.0,0.0,0.0,0.0,0.0,0.0,0.0,0.0,0.0,0.4230941969831738,0.5146117501535823,0.14526836109731428,0.21203597939779312,wait:0.000000
38,77:0,77,no_addition,False,0.0,0.0,0.0,0.0,0.0,0.0,0.0,0.0,0.0,0.0,0.7057895980559208,0.5099150606963985,0.1774995824071297,0.3403705026808585,wait:0.000000
38,78:0,78,no_addition,False,0.0,0.0,0.0,0.0,0.0,0.0,0.0,0.0,0.0,0.0,0.6649527470465615,0.2708445688219129,0.19539182057908258,0.3732642554777805,wait:0.000000;e:-0.129416
38,79:0,79,no_addition,False,0.0,0.0,0.0,0.0,0.0,0.0,0.0,0.0,0.0,0.0,0.6554007144387883,0.3386993507256493,0.11701546148724276,0.22854336518025284,wait:0.000000
38,82:0,82,no_addition,False,0.0,0.0,0.0,0.0,0.0,0.0,0.0,0.0,0.0,0.0,0.7286328395366878,0.36352177295393373,0.15698912011979346,0.1520510595522537,wait:0.000000
38,85:0,85,no_addition,False,0.0,0.0,0.0,0.0,0.0,0.0,0.0,0.0,0.0,0.0,0.7153815322741996,0.556425413119678,0.16364315346228214,0.22556310027741625,wait:0.000000
38,88:0,88,no_addition,False,0.0,0.0,0.0,0.0,0.0,0.0,0.0,0.0,0.0,0.0,0.7163316377708322,0.6143286754778456,0.09809896900767885,0.2526309343782891,wait:0.000000
38,89:0,89,no_addition,False,0.0,0.0,0.0,0.0,0.0,0.0,0.0,0.0,0.0,0.0,0.6654086354683044,0.32308926941883376,0.17411602439694465,0.28314038201118613,wait:0.000000
38,90:0,90,no_addition,False,0.0,0.0,0.0,0.0,0.0,0.0,0.0,0.0,0.0,0.0,0.5496088598221989,0.5230713273300622,0.13492759998526915,0.34468040679375855,wait:0.000000
38,91:0,91,no_addition,False,0.0,0.0,0.0,0.0,0.0,0.0,0.0,0.0,0.0,0.0,0.4008685735824922,0.45411787526818514,0.22139914132820376,0.16502895016143204,wait:0.000000
38,99:0,99,no_addition,False,0.0,0.0,0.0,0.0,0.0,0.0,0.0,0.0,0.0,0.0,0.595919754635573,0.3031051908867153,0.2567075269935262,0.36362387727822276,wait:0.000000;e:-0.090731
38,100:0,100,no_addition,False,0.0,0.0,0.0,0.0,0.0,0.0,0.0,0.0,0.0,0.0,0.7169641560585482,0.4692832919180363,0.23232263065211484,0.18559087631515395,wait:0.000000
38,102:0,102,no_addition,False,0.0,0.0,0.0,0.0,0.0,0.0,0.0,0.0,0.0,0.0,0.701367219239883,0.26701134800970727,0.18771390352718884,0.3406883754000892,wait:0.000000
38,104:0,104,no_addition,False,0.0,0.0,0.0,0.0,0.0,0.0,0.0,0.0,0.0,0.0,0.4805291116972771,0.3077848861998414,0.24182705034992438,0.26225319894977905,wait:0.000000
38,111:0,111,no_addition,False,0.0,0.0,0.0,0.0,0.0,0.0,0.0,0.0,0.0,0.0,0.6296869035044703,0.48249741418436287,0.11558516615917062,0.1539376686338176,wait:0.000000
38,112:0,112,no_addition,False,0.0,0.0,0.0,0.0,0.0,0.0,0.0,0.0,0.0,0.0,0.7348930726439825,0.5747899891492501,0.10878586675424282,0.1906376254280636,wait:0.000000
38,113:0,113,no_addition,False,0.0,0.0,0.0,0.0,0.0,0.0,0.0,0.0,0.0,0.0,0.36884265054638277,0.5871883438705638,0.20774743918817895,0.15152591661893103,wait:0.000000
38,118:0,118,no_addition,False,0.0,0.0,0.0,0.0,0.0,0.0,0.0,0.0,0.0,0.0,0.7419538127860572,0.3257052711190269,0.22127615320016214,0.1744441787687567,wait:0.000000
39,0:0,0,no_addition,False,0.0,0.0,0.0,0.0,0.0,0.0,0.0,0.0,0.0,0.0,0.6849269699863758,0.5877091393923862,0.1483707952442035,0.27587969446165017,wait:0.000000
39,7:0,7,no_addition,False,0.0,0.0,0.0,0.0,0.0,0.0,0.0,0.0,0.0,0.0,0.6195015022100783,0.5941831448229777,0.2039393136927115,0.21007926007053504,wait:0.000000
39,8:0,8,no_addition,False,0.0,0.0,0.0,0.0,0.0,0.0,0.0,0.0,0.0,0.0,0.42224487806266675,0.31676733048151573,0.09743626015620943,0.3270836536953683,wait:0.000000
39,11:0,11,no_addition,False,0.0,0.0,0.0,0.0,0.0,0.0,0.0,0.0,0.0,0.0,0.657146533296191,0.37812604292750296,0.11254230858288973,0.15467226241520335,wait:0.000000
39,12:0,12,no_addition,False,0.0,0.0,0.0,0.0,0.0,0.0,0.0,0.0,0.0,0.0,0.7437817987812785,0.48527716350699646,0.2378376446886984,0.3113206276857364,wait:0.000000
39,15:0,15,no_addition,False,0.0,0.0,0.0,0.0,0.0,0.0,0.0,0.0,0.0,0.0,0.5815402376273211,0.3651732285065892,0.12013139547880683,0.36885322864169034,wait:0.000000
39,17:0,17,no_addition,False,0.0,0.0,0.0,0.0,0.0,0.0,0.0,0.0,0.0,0.0,0.5319935126913222,0.5734977925998279,0.253902026142052,0.30760713930070754,wait:0.000000
39,20:0,20,no_addition,False,0.0,0.0,0.0,0.0,0.0,0.0,0.0,0.0,0.0,0.0,0.6195092762977208,0.4718195611743685,0.1422286741409436,0.34279558387592546,wait:0.000000
39,22:0,22,no_addition,False,0.0,0.0,0.0,0.0,0.0,0.0,0.0,0.0,0.0,0.0,0.5249099051021684,0.48382851322678777,0.1072317536866028,0.38624423250672224,wait:0.000000
39,24:0,24,no_addition,False,0.0,0.0,0.0,0.0,0.0,0.0,0.0,0.0,0.0,0.0,0.6684423983588719,0.5335729502393609,0.26239716001572394,0.36884069536487507,wait:0.000000
39,27:0,27,no_addition,False,0.0,0.0,0.0,0.0,0.0,0.0,0.0,0.0,0.0,0.0,0.6925893067107659,0.6392206064589001,0.15779028109324086,0.3684614046068823,wait:0.000000
39,30:0,30,no_addition,False,0.0,0.0,0.0,0.0,0.0,0.0,0.0,0.0,0.0,0.0,0.6113152525564187,0.48946698833342217,0.10568988529152609,0.2968595249016314,wait:0.000000
39,31:0,31,no_addition,False,0.0,0.0,0.0,0.0,0.0,0.0,0.0,0.0,0.0,0.0,0.639231730984955,0.5962232349389468,0.15877040446700252,0.19435374724412033,wait:0.000000
39,35:0,35,no_addition,False,0.0,0.0,0.0,0.0,0.0,0.0,0.0,0.0,0.0,0.0,0.5686148129675394,0.3808624764596319,0.11359345932382238,0.17179398486241937,wait:0.000000
39,39:0,39,no_addition,False,0.0,0.0,0.0,0.0,0.0,0.0,0.0,0.0,0.0,0.0,0.4294577007052264,0.45942743266519215,0.11278642516549683,0.3142410343455689,wait:0.000000
39,42:0,42,no_addition,False,0.0,0.0,0.0,0.0,0.0,0.0,0.0,0.0,0.0,0.0,0.3646625997759556,0.43924046267399164,0.20447239480110982,0.16482639385390188,wait:0.000000
39,46:0,46,no_addition,False,0.0,0.0,0.0,0.0,0.0,0.0,0.0,0.0,0.0,0.0,0.46247147996441473,0.6596503611583785,0.18523664050489752,0.15567554392335484,wait:0.000000
39,49:0,49,no_addition,False,0.0,0.0,0.0,0.0,0.0,0.0,0.0,0.0,0.0,0.0,0.5412220236875722,0.6085239383184402,0.20702198292046725,0.3550969080079869,wait:0.000000
39,50:0,50,no_addition,False,0.0,0.0,0.0,0.0,0.0,0.0,0.0,0.0,0.0,0.0,0.3887471694008641,0.28772933443180404,0.2088022698026999,0.2124178474471884,wait:0.000000
39,52:0,52,no_addition,False,0.0,0.0,0.0,0.0,0.0,0.0,0.0,0.0,0.0,0.0,0.6875190938505968,0.424566771177051,0.2476619091839592,0.2339709438701195,wait:0.000000
39,54:0,54,no_addition,False,0.0,0.0,0.0,0.0,0.0,0.0,0.0,0.0,0.0,0.0,0.36049733782908744,0.5523253568294493,0.25533682668695057,0.3412197200125101,wait:0.000000
39,58:0,58,no_addition,False,0.0,0.0,0.0,0.0,0.0,0.0,0.0,0.0,0.0,0.0,0.6198457129212576,0.4512439536464701,0.24863939297565013,0.20532809497258347,wait:0.000000
39,59:0,59,no_addition,False,0.0,0.0,0.0,0.0,0.0,0.0,0.0,0.0,0.0,0.0,0.7002922637422113,0.5074985384558233,0.23509445490004036,0.40267072128357945,wait:0.000000
39,60:0,60,no_addition,False,0.0,0.0,0.0,0.0,0.0,0.0,0.0,0.0,0.0,0.0,0.5845134400782842,0.6274568073919631,0.21802528225456477,0.22323942159545873,wait:0.000000
39,61:0,61,no_addition,False,0.0,0.0,0.0,0.0,0.0,0.0,0.0,0.0,0.0,0.0,0.40466418061386694,0.42786425934215844,0.2012198617440855,0.3431351479999387,wait:0.000000
39,68:0,68,no_addition,False,0.0,0.0,0.0,0.0,0.0,0.0,0.0,0.0,0.0,0.0,0.4856375652076465,0.39336260514379606,0.26128882804747644,0.28765577552162636,wait:0.000000
39,70:0,70,no_addition,False,0.0,0.0,0.0,0.0,0.0,0.0,0.0,0.0,0.0,0.0,0.7250418326056267,0.49302427799958903,0.2066890976646894,0.2580273057930491,wait:0.000000
39,73:0,73,no_addition,False,0.0,0.0,0.0,0.0,0.0,0.0,0.0,0.0,0.0,0.0,0.40420682498105226,0.36825884895626715,0.10135193454551357,0.21381812730705063,wait:0.000000
39,75:0,75,no_addition,False,0.0,0.0,0.0,0.0,0.0,0.0,0.0,0.0,0.0,0.0,0.4230941969831738,0.5146117501535823,0.14526836109731428,0.21203597939779312,wait:0.000000
39,77:0,77,no_addition,False,0.0,0.0,0.0,0.0,0.0,0.0,0.0,0.0,0.0,0.0,0.7057895980559208,0.5099150606963985,0.1774995824071297,0.3403705026808585,wait:0.000000
39,78:0,78,no_addition,False,0.0,0.0,0.0,0.0,0.0,0.0,0.0,0.0,0.0,0.0,0.6649527470465615,0.2708445688219129,0.19539182057908258,0.3732642554777805,wait:0.000000;e:-0.129416
39,79:0,79,no_addition,False,0.0,0.0,0.0,0.0,0.0,0.0,0.0,0.0,0.0,0.0,0.6554007144387883,0.3386993507256493,0.11701546148724276,0.22854336518025284,wait:0.000000
39,82:0,82,no_addition,False,0.0,0.0,0.0,0.0,0.0,0.0,0.0,0.0,0.0,0.0,0.7286328395366878,0.36352177295393373,0.15698912011979346,0.1520510595522537,wait:0.000000
39,85:0,85,no_addition,False,0.0,0.0,0.0,0.0,0.0,0.0,0.0,0.0,0.0,0.0,0.7153815322741996,0.556425413119678,0.16364315346228214,0.22556310027741625,wait:0.000000
39,88:0,88,no_addition,False,0.0,0.0,0.0,0.0,0.0,0.0,0.0,0.0,0.0,0.0,0.7163316377708322,0.6143286754778456,0.09809896900767885,0.2526309343782891,wait:0.000000
39,89:0,89,no_addition,False,0.0,0.0,0.0,0.0,0.0,0.0,0.0,0.0,0.0,0.0,0.6654086354683044,0.32308926941883376,0.17411602439694465,0.28314038201118613,wait:0.000000
39,90:0,90,no_addition,False,0.0,0.0,0.0,0.0,0.0,0.0,0.0,0.0,0.0,0.0,0.5496088598221989,0.5230713273300622,0.13492759998526915,0.34468040679375855,wait:0.000000
39,91:0,91,no_addition,False,0.0,0.0,0.0,0.0,0.0,0.0,0.0,0.0,0.0,0.0,0.4008685735824922,0.45411787526818514,0.22139914132820376,0.16502895016143204,wait:0.000000
39,99:0,99,no_addition,False,0.0,0.0,0.0,0.0,0.0,0.0,0.0,0.0,0.0,0.0,0.595919754635573,0.3031051908867153,0.2567075269935262,0.36362387727822276,wait:0.000000;e:-0.090731
39,100:0,100,no_addition,False,0.0,0.0,0.0,0.0,0.0,0.0,0.0,0.0,0.0,0.0,0.7169641560585482,0.4692832919180363,0.23232263065211484,0.18559087631515395,wait:0.000000
39,102:0,102,no_addition,False,0.0,0.0,0.0,0.0,0.0,0.0,0.0,0.0,0.0,0.0,0.701367219239883,0.26701134800970727,0.18771390352718884,0.3406883754000892,wait:0.000000
39,104:0,104,no_addition,False,0.0,0.0,0.0,0.0,0.0,0.0,0.0,0.0,0.0,0.0,0.4805291116972771,0.3077848861998414,0.24182705034992438,0.26225319894977905,wait:0.000000
39,111:0,111,no_addition,False,0.0,0.0,0.0,0.0,0.0,0.0,0.0,0.0,0.0,0.0,0.6296869035044703,0.48249741418436287,0.11558516615917062,0.1539376686338176,wait:0.000000
39,112:0,112,no_addition,False,0.0,0.0,0.0,0.0,0.0,0.0,0.0,0.0,0.0,0.0,0.7348930726439825,0.5747899891492501,0.10878586675424282,0.1906376254280636,wait:0.000000
39,113:0,113,no_addition,False,0.0,0.0,0.0,0.0,0.0,0.0,0.0,0.0,0.0,0.0,0.36884265054638277,0.5871883438705638,0.20774743918817895,0.15152591661893103,wait:0.000000
39,118:0,118,no_addition,False,0.0,0.0,0.0,0.0,0.0,0.0,0.0,0.0,0.0,0.0,0.7419538127860572,0.3257052711190269,0.22127615320016214,0.1744441787687567,wait:0.000000
40,0:0,0,no_addition,False,0.0,0.0,0.0,0.0,0.0,0.0,0.0,0.0,0.0,0.0,0.6849269699863758,0.5877091393923862,0.1483707952442035,0.27587969446165017,wait:0.000000
40,7:0,7,no_addition,False,0.0,0.0,0.0,0.0,0.0,0.0,0.0,0.0,0.0,0.0,0.6195015022100783,0.5941831448229777,0.2039393136927115,0.21007926007053504,wait:0.000000
40,8:0,8,no_addition,False,0.0,0.0,0.0,0.0,0.0,0.0,0.0,0.0,0.0,0.0,0.42224487806266675,0.31676733048151573,0.09743626015620943,0.3270836536953683,wait:0.000000
40,11:0,11,no_addition,False,0.0,0.0,0.0,0.0,0.0,0.0,0.0,0.0,0.0,0.0,0.657146533296191,0.37812604292750296,0.11254230858288973,0.15467226241520335,wait:0.000000
40,12:0,12,no_addition,False,0.0,0.0,0.0,0.0,0.0,0.0,0.0,0.0,0.0,0.0,0.7437817987812785,0.48527716350699646,0.2378376446886984,0.3113206276857364,wait:0.000000
40,15:0,15,no_addition,False,0.0,0.0,0.0,0.0,0.0,0.0,0.0,0.0,0.0,0.0,0.5815402376273211,0.3651732285065892,0.12013139547880683,0.36885322864169034,wait:0.000000
40,17:0,17,no_addition,False,0.0,0.0,0.0,0.0,0.0,0.0,0.0,0.0,0.0,0.0,0.5319935126913222,0.5734977925998279,0.253902026142052,0.30760713930070754,wait:0.000000
40,20:0,20,no_addition,False,0.0,0.0,0.0,0.0,0.0,0.0,0.0,0.0,0.0,0.0,0.6195092762977208,0.4718195611743685,0.1422286741409436,0.34279558387592546,wait:0.000000
40,22:0,22,no_addition,False,0.0,0.0,0.0,0.0,0.0,0.0,0.0,0.0,0.0,0.0,0.5249099051021684,0.48382851322678777,0.1072317536866028,0.38624423250672224,wait:0.000000
40,24:0,24,no_addition,False,0.0,0.0,0.0,0.0,0.0,0.0,0.0,0.0,0.0,0.0,0.6684423983588719,0.5335729502393609,0.26239716001572394,0.36884069536487507,wait:0.000000
40,27:0,27,no_addition,False,0.0,0.0,0.0,0.0,0.0,0.0,0.0,0.0,0.0,0.0,0.6925893067107659,0.6392206064589001,0.15779028109324086,0.3684614046068823,wait:0.000000
40,30:0,30,no_addition,False,0.0,0.0,0.0,0.0,0.0,0.0,0.0,0.0,0.0,0.0,0.6113152525564187,0.48946698833342217,0.10568988529152609,0.2968595249016314,wait:0.000000
40,31:0,31,no_addition,False,0.0,0.0,0.0,0.0,0.0,0.0,0.0,0.0,0.0,0.0,0.639231730984955,0.5962232349389468,0.15877040446700252,0.19435374724412033,wait:0.000000
40,35:0,35,no_addition,False,0.0,0.0,0.0,0.0,0.0,0.0,0.0,0.0,0.0,0.0,0.5686148129675394,0.3808624764596319,0.11359345932382238,0.17179398486241937,wait:0.000000
40,39:0,39,no_addition,False,0.0,0.0,0.0,0.0,0.0,0.0,0.0,0.0,0.0,0.0,0.4294577007052264,0.45942743266519215,0.11278642516549683,0.3142410343455689,wait:0.000000
40,42:0,42,no_addition,False,0.0,0.0,0.0,0.0,0.0,0.0,0.0,0.0,0.0,0.0,0.3646625997759556,0.43924046267399164,0.20447239480110982,0.16482639385390188,wait:0.000000
40,46:0,46,no_addition,False,0.0,0.0,0.0,0.0,0.0,0.0,0.0,0.0,0.0,0.0,0.46247147996441473,0.6596503611583785,0.18523664050489752,0.15567554392335484,wait:0.000000
40,49:0,49,no_addition,False,0.0,0.0,0.0,0.0,0.0,0.0,0.0,0.0,0.0,0.0,0.5412220236875722,0.6085239383184402,0.20702198292046725,0.3550969080079869,wait:0.000000
40,50:0,50,no_addition,False,0.0,0.0,0.0,0.0,0.0,0.0,0.0,0.0,0.0,0.0,0.3887471694008641,0.28772933443180404,0.2088022698026999,0.2124178474471884,wait:0.000000
40,52:0,52,no_addition,False,0.0,0.0,0.0,0.0,0.0,0.0,0.0,0.0,0.0,0.0,0.6875190938505968,0.424566771177051,0.2476619091839592,0.2339709438701195,wait:0.000000
40,54:0,54,no_addition,False,0.0,0.0,0.0,0.0,0.0,0.0,0.0,0.0,0.0,0.0,0.36049733782908744,0.5523253568294493,0.25533682668695057,0.3412197200125101,wait:0.000000
40,58:0,58,no_addition,False,0.0,0.0,0.0,0.0,0.0,0.0,0.0,0.0,0.0,0.0,0.6198457129212576,0.4512439536464701,0.24863939297565013,0.20532809497258347,wait:0.000000
40,59:0,59,no_addition,False,0.0,0.0,0.0,0.0,0.0,0.0,0.0,0.0,0.0,0.0,0.7002922637422113,0.5074985384558233,0.23509445490004036,0.40267072128357945,wait:0.000000
40,60:0,60,no_addition,False,0.0,0.0,0.0,0.0,0.0,0.0,0.0,0.0,0.0,0.0,0.5845134400782842,0.6274568073919631,0.21802528225456477,0.22323942159545873,wait:0.000000
40,61:0,61,no_addition,False,0.0,0.0,0.0,0.0,0.0,0.0,0.0,0.0,0.0,0.0,0.40466418061386694,0.42786425934215844,0.2012198617440855,0.3431351479999387,wait:0.000000
40,68:0,68,no_addition,False,0.0,0.0,0.0,0.0,0.0,0.0,0.0,0.0,0.0,0.0,0.4856375652076465,0.39336260514379606,0.26128882804747644,0.28765577552162636,wait:0.000000
40,70:0,70,no_addition,False,0.0,0.0,0.0,0.0,0.0,0.0,0.0,0.0,0.0,0.0,0.7250418326056267,0.49302427799958903,0.2066890976646894,0.2580273057930491,wait:0.000000
40,73:0,73,no_addition,False,0.0,0.0,0.0,0.0,0.0,0.0,0.0,0.0,0.0,0.0,0.40420682498105226,0.36825884895626715,0.10135193454551357,0.21381812730705063,wait:0.000000
40,75:0,75,no_addition,False,0.0,0.0,0.0,0.0,0.0,0.0,0.0,0.0,0.0,0.0,0.4230941969831738,0.5146117501535823,0.14526836109731428,0.21203597939779312,wait:0.000000
40,77:0,77,no_addition,False,0.0,0.0,0.0,0.0,0.0,0.0,0.0,0.0,0.0,0.0,0.7057895980559208,0.5099150606963985,0.1774995824071297,0.3403705026808585,wait:0.000000
40,78:0,78,no_addition,False,0.0,0.0,0.0,0.0,0.0,0.0,0.0,0.0,0.0,0.0,0.6649527470465615,0.2708445688219129,0.19539182057908258,0.3732642554777805,wait:0.000000;e:-0.129416
40,79:0,79,no_addition,False,0.0,0.0,0.0,0.0,0.0,0.0,0.0,0.0,0.0,0.0,0.6554007144387883,0.3386993507256493,0.11701546148724276,0.22854336518025284,wait:0.000000
40,82:0,82,no_addition,False,0.0,0.0,0.0,0.0,0.0,0.0,0.0,0.0,0.0,0.0,0.7286328395366878,0.36352177295393373,0.15698912011979346,0.1520510595522537,wait:0.000000
40,85:0,85,no_addition,False,0.0,0.0,0.0,0.0,0.0,0.0,0.0,0.0,0.0,0.0,0.7153815322741996,0.556425413119678,0.16364315346228214,0.22556310027741625,wait:0.000000
40,88:0,88,no_addition,False,0.0,0.0,0.0,0.0,0.0,0.0,0.0,0.0,0.0,0.0,0.7163316377708322,0.6143286754778456,0.09809896900767885,0.2526309343782891,wait:0.000000
40,89:0,89,no_addition,False,0.0,0.0,0.0,0.0,0.0,0.0,0.0,0.0,0.0,0.0,0.6654086354683044,0.32308926941883376,0.17411602439694465,0.28314038201118613,wait:0.000000
40,90:0,90,no_addition,False,0.0,0.0,0.0,0.0,0.0,0.0,0.0,0.0,0.0,0.0,0.5496088598221989,0.5230713273300622,0.13492759998526915,0.34468040679375855,wait:0.000000
40,91:0,91,no_addition,False,0.0,0.0,0.0,0.0,0.0,0.0,0.0,0.0,0.0,0.0,0.4008685735824922,0.45411787526818514,0.22139914132820376,0.16502895016143204,wait:0.000000
40,99:0,99,no_addition,False,0.0,0.0,0.0,0.0,0.0,0.0,0.0,0.0,0.0,0.0,0.595919754635573,0.3031051908867153,0.2567075269935262,0.36362387727822276,wait:0.000000;e:-0.090731
40,100:0,100,no_addition,False,0.0,0.0,0.0,0.0,0.0,0.0,0.0,0.0,0.0,0.0,0.7169641560585482,0.4692832919180363,0.23232263065211484,0.18559087631515395,wait:0.000000
40,102:0,102,no_addition,False,0.0,0.0,0.0,0.0,0.0,0.0,0.0,0.0,0.0,0.0,0.701367219239883,0.26701134800970727,0.18771390352718884,0.3406883754000892,wait:0.000000
40,104:0,104,no_addition,False,0.0,0.0,0.0,0.0,0.0,0.0,0.0,0.0,0.0,0.0,0.4805291116972771,0.3077848861998414,0.24182705034992438,0.26225319894977905,wait:0.000000
40,111:0,111,no_addition,False,0.0,0.0,0.0,0.0,0.0,0.0,0.0,0.0,0.0,0.0,0.6296869035044703,0.48249741418436287,0.11558516615917062,0.1539376686338176,wait:0.000000
40,112:0,112,no_addition,False,0.0,0.0,0.0,0.0,0.0,0.0,0.0,0.0,0.0,0.0,0.7348930726439825,0.5747899891492501,0.10878586675424282,0.1906376254280636,wait:0.000000
40,113:0,113,no_addition,False,0.0,0.0,0.0,0.0,0.0,0.0,0.0,0.0,0.0,0.0,0.36884265054638277,0.5871883438705638,0.20774743918817895,0.15152591661893103,wait:0.000000
40,118:0,118,no_addition,False,0.0,0.0,0.0,0.0,0.0,0.0,0.0,0.0,0.0,0.0,0.7419538127860572,0.3257052711190269,0.22127615320016214,0.1744441787687567,wait:0.000000
41,0:0,0,no_addition,False,0.0,0.0,0.0,0.0,0.0,0.0,0.0,0.0,0.0,0.0,0.6849269699863758,0.5877091393923862,0.1483707952442035,0.27587969446165017,wait:0.000000
41,7:0,7,no_addition,False,0.0,0.0,0.0,0.0,0.0,0.0,0.0,0.0,0.0,0.0,0.6195015022100783,0.5941831448229777,0.2039393136927115,0.21007926007053504,wait:0.000000
41,8:0,8,no_addition,False,0.0,0.0,0.0,0.0,0.0,0.0,0.0,0.0,0.0,0.0,0.42224487806266675,0.31676733048151573,0.09743626015620943,0.3270836536953683,wait:0.000000
41,11:0,11,no_addition,False,0.0,0.0,0.0,0.0,0.0,0.0,0.0,0.0,0.0,0.0,0.657146533296191,0.37812604292750296,0.11254230858288973,0.15467226241520335,wait:0.000000
41,12:0,12,no_addition,False,0.0,0.0,0.0,0.0,0.0,0.0,0.0,0.0,0.0,0.0,0.7437817987812785,0.48527716350699646,0.2378376446886984,0.3113206276857364,wait:0.000000
41,15:0,15,no_addition,False,0.0,0.0,0.0,0.0,0.0,0.0,0.0,0.0,0.0,0.0,0.5815402376273211,0.3651732285065892,0.12013139547880683,0.36885322864169034,wait:0.000000
41,17:0,17,no_addition,False,0.0,0.0,0.0,0.0,0.0,0.0,0.0,0.0,0.0,0.0,0.5319935126913222,0.5734977925998279,0.253902026142052,0.30760713930070754,wait:0.000000
41,20:0,20,no_addition,False,0.0,0.0,0.0,0.0,0.0,0.0,0.0,0.0,0.0,0.0,0.6195092762977208,0.4718195611743685,0.1422286741409436,0.34279558387592546,wait:0.000000
41,22:0,22,no_addition,False,0.0,0.0,0.0,0.0,0.0,0.0,0.0,0.0,0.0,0.0,0.5249099051021684,0.48382851322678777,0.1072317536866028,0.38624423250672224,wait:0.000000
41,24:0,24,no_addition,False,0.0,0.0,0.0,0.0,0.0,0.0,0.0,0.0,0.0,0.0,0.6684423983588719,0.5335729502393609,0.26239716001572394,0.36884069536487507,wait:0.000000
41,27:0,27,no_addition,False,0.0,0.0,0.0,0.0,0.0,0.0,0.0,0.0,0.0,0.0,0.6925893067107659,0.6392206064589001,0.15779028109324086,0.3684614046068823,wait:0.000000
41,30:0,30,no_addition,False,0.0,0.0,0.0,0.0,0.0,0.0,0.0,0.0,0.0,0.0,0.6113152525564187,0.48946698833342217,0.10568988529152609,0.2968595249016314,wait:0.000000
41,31:0,31,no_addition,False,0.0,0.0,0.0,0.0,0.0,0.0,0.0,0.0,0.0,0.0,0.639231730984955,0.5962232349389468,0.15877040446700252,0.19435374724412033,wait:0.000000
41,35:0,35,no_addition,False,0.0,0.0,0.0,0.0,0.0,0.0,0.0,0.0,0.0,0.0,0.5686148129675394,0.3808624764596319,0.11359345932382238,0.17179398486241937,wait:0.000000
41,39:0,39,no_addition,False,0.0,0.0,0.0,0.0,0.0,0.0,0.0,0.0,0.0,0.0,0.4294577007052264,0.45942743266519215,0.11278642516549683,0.3142410343455689,wait:0.000000
41,42:0,42,no_addition,False,0.0,0.0,0.0,0.0,0.0,0.0,0.0,0.0,0.0,0.0,0.3646625997759556,0.43924046267399164,0.20447239480110982,0.16482639385390188,wait:0.000000
41,46:0,46,no_addition,False,0.0,0.0,0.0,0.0,0.0,0.0,0.0,0.0,0.0,0.0,0.46247147996441473,0.6596503611583785,0.18523664050489752,0.15567554392335484,wait:0.000000
41,49:0,49,no_addition,False,0.0,0.0,0.0,0.0,0.0,0.0,0.0,0.0,0.0,0.0,0.5412220236875722,0.6085239383184402,0.20702198292046725,0.3550969080079869,wait:0.000000
41,50:0,50,no_addition,False,0.0,0.0,0.0,0.0,0.0,0.0,0.0,0.0,0.0,0.0,0.3887471694008641,0.28772933443180404,0.2088022698026999,0.2124178474471884,wait:0.000000
41,52:0,52,no_addition,False,0.0,0.0,0.0,0.0,0.0,0.0,0.0,0.0,0.0,0.0,0.6875190938505968,0.424566771177051,0.2476619091839592,0.2339709438701195,wait:0.000000
41,54:0,54,no_addition,False,0.0,0.0,0.0,0.0,0.0,0.0,0.0,0.0,0.0,0.0,0.36049733782908744,0.5523253568294493,0.25533682668695057,0.3412197200125101,wait:0.000000
41,58:0,58,no_addition,False,0.0,0.0,0.0,0.0,0.0,0.0,0.0,0.0,0.0,0.0,0.6198457129212576,0.4512439536464701,0.24863939297565013,0.20532809497258347,wait:0.000000
41,59:0,59,no_addition,False,0.0,0.0,0.0,0.0,0.0,0.0,0.0,0.0,0.0,0.0,0.7002922637422113,0.5074985384558233,0.23509445490004036,0.40267072128357945,wait:0.000000
41,60:0,60,no_addition,False,0.0,0.0,0.0,0.0,0.0,0.0,0.0,0.0,0.0,0.0,0.5845134400782842,0.6274568073919631,0.21802528225456477,0.22323942159545873,wait:0.000000
41,61:0,61,no_addition,False,0.0,0.0,0.0,0.0,0.0,0.0,0.0,0.0,0.0,0.0,0.40466418061386694,0.42786425934215844,0.2012198617440855,0.3431351479999387,wait:0.000000
41,68:0,68,no_addition,False,0.0,0.0,0.0,0.0,0.0,0.0,0.0,0.0,0.0,0.0,0.4856375652076465,0.39336260514379606,0.26128882804747644,0.28765577552162636,wait:0.000000
41,70:0,70,no_addition,False,0.0,0.0,0.0,0.0,0.0,0.0,0.0,0.0,0.0,0.0,0.7250418326056267,0.49302427799958903,0.2066890976646894,0.2580273057930491,wait:0.000000
41,73:0,73,no_addition,False,0.0,0.0,0.0,0.0,0.0,0.0,0.0,0.0,0.0,0.0,0.40420682498105226,0.36825884895626715,0.10135193454551357,0.21381812730705063,wait:0.000000
41,75:0,75,no_addition,False,0.0,0.0,0.0,0.0,0.0,0.0,0.0,0.0,0.0,0.0,0.4230941969831738,0.5146117501535823,0.14526836109731428,0.21203597939779312,wait:0.000000
41,77:0,77,no_addition,False,0.0,0.0,0.0,0.0,0.0,0.0,0.0,0.0,0.0,0.0,0.7057895980559208,0.5099150606963985,0.1774995824071297,0.3403705026808585,wait:0.000000
41,78:0,78,no_addition,False,0.0,0.0,0.0,0.0,0.0,0.0,0.0,0.0,0.0,0.0,0.6649527470465615,0.2708445688219129,0.19539182057908258,0.3732642554777805,wait:0.000000;e:-0.129416
41,79:0,79,no_addition,False,0.0,0.0,0.0,0.0,0.0,0.0,0.0,0.0,0.0,0.0,0.6554007144387883,0.3386993507256493,0.11701546148724276,0.22854336518025284,wait:0.000000
41,82:0,82,no_addition,False,0.0,0.0,0.0,0.0,0.0,0.0,0.0,0.0,0.0,0.0,0.7286328395366878,0.36352177295393373,0.15698912011979346,0.1520510595522537,wait:0.000000
41,85:0,85,no_addition,False,0.0,0.0,0.0,0.0,0.0,0.0,0.0,0.0,0.0,0.0,0.7153815322741996,0.556425413119678,0.16364315346228214,0.22556310027741625,wait:0.000000
41,88:0,88,no_addition,False,0.0,0.0,0.0,0.0,0.0,0.0,0.0,0.0,0.0,0.0,0.7163316377708322,0.6143286754778456,0.09809896900767885,0.2526309343782891,wait:0.000000
41,89:0,89,no_addition,False,0.0,0.0,0.0,0.0,0.0,0.0,0.0,0.0,0.0,0.0,0.6654086354683044,0.32308926941883376,0.17411602439694465,0.28314038201118613,wait:0.000000
41,90:0,90,no_addition,False,0.0,0.0,0.0,0.0,0.0,0.0,0.0,0.0,0.0,0.0,0.5496088598221989,0.5230713273300622,0.13492759998526915,0.34468040679375855,wait:0.000000
41,91:0,91,no_addition,False,0.0,0.0,0.0,0.0,0.0,0.0,0.0,0.0,0.0,0.0,0.4008685735824922,0.45411787526818514,0.22139914132820376,0.16502895016143204,wait:0.000000
41,99:0,99,no_addition,False,0.0,0.0,0.0,0.0,0.0,0.0,0.0,0.0,0.0,0.0,0.595919754635573,0.3031051908867153,0.2567075269935262,0.36362387727822276,wait:0.000000;e:-0.090731
41,100:0,100,no_addition,False,0.0,0.0,0.0,0.0,0.0,0.0,0.0,0.0,0.0,0.0,0.7169641560585482,0.4692832919180363,0.23232263065211484,0.18559087631515395,wait:0.000000
41,102:0,102,no_addition,False,0.0,0.0,0.0,0.0,0.0,0.0,0.0,0.0,0.0,0.0,0.701367219239883,0.26701134800970727,0.18771390352718884,0.3406883754000892,wait:0.000000
41,104:0,104,no_addition,False,0.0,0.0,0.0,0.0,0.0,0.0,0.0,0.0,0.0,0.0,0.4805291116972771,0.3077848861998414,0.24182705034992438,0.26225319894977905,wait:0.000000
41,111:0,111,no_addition,False,0.0,0.0,0.0,0.0,0.0,0.0,0.0,0.0,0.0,0.0,0.6296869035044703,0.48249741418436287,0.11558516615917062,0.1539376686338176,wait:0.000000
41,112:0,112,no_addition,False,0.0,0.0,0.0,0.0,0.0,0.0,0.0,0.0,0.0,0.0,0.7348930726439825,0.5747899891492501,0.10878586675424282,0.1906376254280636,wait:0.000000
41,113:0,113,no_addition,False,0.0,0.0,0.0,0.0,0.0,0.0,0.0,0.0,0.0,0.0,0.36884265054638277,0.5871883438705638,0.20774743918817895,0.15152591661893103,wait:0.000000
41,118:0,118,no_addition,False,0.0,0.0,0.0,0.0,0.0,0.0,0.0,0.0,0.0,0.0,0.7419538127860572,0.3257052711190269,0.22127615320016214,0.1744441787687567,wait:0.000000
42,0:0,0,no_addition,False,0.0,0.0,0.0,0.0,0.0,0.0,0.0,0.0,0.0,0.0,0.6849269699863758,0.5877091393923862,0.1483707952442035,0.27587969446165017,wait:0.000000
42,7:0,7,no_addition,False,0.0,0.0,0.0,0.0,0.0,0.0,0.0,0.0,0.0,0.0,0.6195015022100783,0.5941831448229777,0.2039393136927115,0.21007926007053504,wait:0.000000
42,8:0,8,no_addition,False,0.0,0.0,0.0,0.0,0.0,0.0,0.0,0.0,0.0,0.0,0.42224487806266675,0.31676733048151573,0.09743626015620943,0.3270836536953683,wait:0.000000
42,11:0,11,no_addition,False,0.0,0.0,0.0,0.0,0.0,0.0,0.0,0.0,0.0,0.0,0.657146533296191,0.37812604292750296,0.11254230858288973,0.15467226241520335,wait:0.000000
42,12:0,12,no_addition,False,0.0,0.0,0.0,0.0,0.0,0.0,0.0,0.0,0.0,0.0,0.7437817987812785,0.48527716350699646,0.2378376446886984,0.3113206276857364,wait:0.000000
42,15:0,15,no_addition,False,0.0,0.0,0.0,0.0,0.0,0.0,0.0,0.0,0.0,0.0,0.5815402376273211,0.3651732285065892,0.12013139547880683,0.36885322864169034,wait:0.000000
42,17:0,17,no_addition,False,0.0,0.0,0.0,0.0,0.0,0.0,0.0,0.0,0.0,0.0,0.5319935126913222,0.5734977925998279,0.253902026142052,0.30760713930070754,wait:0.000000
42,20:0,20,no_addition,False,0.0,0.0,0.0,0.0,0.0,0.0,0.0,0.0,0.0,0.0,0.6195092762977208,0.4718195611743685,0.1422286741409436,0.34279558387592546,wait:0.000000
42,22:0,22,no_addition,False,0.0,0.0,0.0,0.0,0.0,0.0,0.0,0.0,0.0,0.0,0.5249099051021684,0.48382851322678777,0.1072317536866028,0.38624423250672224,wait:0.000000
42,24:0,24,no_addition,False,0.0,0.0,0.0,0.0,0.0,0.0,0.0,0.0,0.0,0.0,0.6684423983588719,0.5335729502393609,0.26239716001572394,0.36884069536487507,wait:0.000000
42,27:0,27,no_addition,False,0.0,0.0,0.0,0.0,0.0,0.0,0.0,0.0,0.0,0.0,0.6925893067107659,0.6392206064589001,0.15779028109324086,0.3684614046068823,wait:0.000000
42,30:0,30,no_addition,False,0.0,0.0,0.0,0.0,0.0,0.0,0.0,0.0,0.0,0.0,0.6113152525564187,0.48946698833342217,0.10568988529152609,0.2968595249016314,wait:0.000000
42,31:0,31,no_addition,False,0.0,0.0,0.0,0.0,0.0,0.0,0.0,0.0,0.0,0.0,0.639231730984955,0.5962232349389468,0.15877040446700252,0.19435374724412033,wait:0.000000
42,35:0,35,no_addition,False,0.0,0.0,0.0,0.0,0.0,0.0,0.0,0.0,0.0,0.0,0.5686148129675394,0.3808624764596319,0.11359345932382238,0.17179398486241937,wait:0.000000
42,39:0,39,no_addition,False,0.0,0.0,0.0,0.0,0.0,0.0,0.0,0.0,0.0,0.0,0.4294577007052264,0.45942743266519215,0.11278642516549683,0.3142410343455689,wait:0.000000
42,42:0,42,no_addition,False,0.0,0.0,0.0,0.0,0.0,0.0,0.0,0.0,0.0,0.0,0.3646625997759556,0.43924046267399164,0.20447239480110982,0.16482639385390188,wait:0.000000
42,46:0,46,no_addition,False,0.0,0.0,0.0,0.0,0.0,0.0,0.0,0.0,0.0,0.0,0.46247147996441473,0.6596503611583785,0.18523664050489752,0.15567554392335484,wait:0.000000
42,49:0,49,no_addition,False,0.0,0.0,0.0,0.0,0.0,0.0,0.0,0.0,0.0,0.0,0.5412220236875722,0.6085239383184402,0.20702198292046725,0.3550969080079869,wait:0.000000
42,50:0,50,no_addition,False,0.0,0.0,0.0,0.0,0.0,0.0,0.0,0.0,0.0,0.0,0.3887471694008641,0.28772933443180404,0.2088022698026999,0.2124178474471884,wait:0.000000
42,52:0,52,no_addition,False,0.0,0.0,0.0,0.0,0.0,0.0,0.0,0.0,0.0,0.0,0.6875190938505968,0.424566771177051,0.2476619091839592,0.2339709438701195,wait:0.000000
42,54:0,54,no_addition,False,0.0,0.0,0.0,0.0,0.0,0.0,0.0,0.0,0.0,0.0,0.36049733782908744,0.5523253568294493,0.25533682668695057,0.3412197200125101,wait:0.000000
42,58:0,58,no_addition,False,0.0,0.0,0.0,0.0,0.0,0.0,0.0,0.0,0.0,0.0,0.6198457129212576,0.4512439536464701,0.24863939297565013,0.20532809497258347,wait:0.000000
42,59:0,59,no_addition,False,0.0,0.0,0.0,0.0,0.0,0.0,0.0,0.0,0.0,0.0,0.7002922637422113,0.5074985384558233,0.23509445490004036,0.40267072128357945,wait:0.000000
42,60:0,60,no_addition,False,0.0,0.0,0.0,0.0,0.0,0.0,0.0,0.0,0.0,0.0,0.5845134400782842,0.6274568073919631,0.21802528225456477,0.22323942159545873,wait:0.000000
42,61:0,61,no_addition,False,0.0,0.0,0.0,0.0,0.0,0.0,0.0,0.0,0.0,0.0,0.40466418061386694,0.42786425934215844,0.2012198617440855,0.3431351479999387,wait:0.000000
42,68:0,68,no_addition,False,0.0,0.0,0.0,0.0,0.0,0.0,0.0,0.0,0.0,0.0,0.4856375652076465,0.39336260514379606,0.26128882804747644,0.28765577552162636,wait:0.000000
42,70:0,70,no_addition,False,0.0,0.0,0.0,0.0,0.0,0.0,0.0,0.0,0.0,0.0,0.7250418326056267,0.49302427799958903,0.2066890976646894,0.2580273057930491,wait:0.000000
42,73:0,73,no_addition,False,0.0,0.0,0.0,0.0,0.0,0.0,0.0,0.0,0.0,0.0,0.40420682498105226,0.36825884895626715,0.10135193454551357,0.21381812730705063,wait:0.000000
42,75:0,75,no_addition,False,0.0,0.0,0.0,0.0,0.0,0.0,0.0,0.0,0.0,0.0,0.4230941969831738,0.5146117501535823,0.14526836109731428,0.21203597939779312,wait:0.000000
42,77:0,77,no_addition,False,0.0,0.0,0.0,0.0,0.0,0.0,0.0,0.0,0.0,0.0,0.7057895980559208,0.5099150606963985,0.1774995824071297,0.3403705026808585,wait:0.000000
42,78:0,78,no_addition,False,0.0,0.0,0.0,0.0,0.0,0.0,0.0,0.0,0.0,0.0,0.6649527470465615,0.2708445688219129,0.19539182057908258,0.3732642554777805,wait:0.000000;e:-0.129416
42,79:0,79,no_addition,False,0.0,0.0,0.0,0.0,0.0,0.0,0.0,0.0,0.0,0.0,0.6554007144387883,0.3386993507256493,0.11701546148724276,0.22854336518025284,wait:0.000000
42,82:0,82,no_addition,False,0.0,0.0,0.0,0.0,0.0,0.0,0.0,0.0,0.0,0.0,0.7286328395366878,0.36352177295393373,0.15698912011979346,0.1520510595522537,wait:0.000000
42,85:0,85,no_addition,False,0.0,0.0,0.0,0.0,0.0,0.0,0.0,0.0,0.0,0.0,0.7153815322741996,0.556425413119678,0.16364315346228214,0.22556310027741625,wait:0.000000
42,88:0,88,no_addition,False,0.0,0.0,0.0,0.0,0.0,0.0,0.0,0.0,0.0,0.0,0.7163316377708322,0.6143286754778456,0.09809896900767885,0.2526309343782891,wait:0.000000
42,89:0,89,no_addition,False,0.0,0.0,0.0,0.0,0.0,0.0,0.0,0.0,0.0,0.0,0.6654086354683044,0.32308926941883376,0.17411602439694465,0.28314038201118613,wait:0.000000
42,90:0,90,no_addition,False,0.0,0.0,0.0,0.0,0.0,0.0,0.0,0.0,0.0,0.0,0.5496088598221989,0.5230713273300622,0.13492759998526915,0.34468040679375855,wait:0.000000
42,91:0,91,no_addition,False,0.0,0.0,0.0,0.0,0.0,0.0,0.0,0.0,0.0,0.0,0.4008685735824922,0.45411787526818514,0.22139914132820376,0.16502895016143204,wait:0.000000
42,99:0,99,no_addition,False,0.0,0.0,0.0,0.0,0.0,0.0,0.0,0.0,0.0,0.0,0.595919754635573,0.3031051908867153,0.2567075269935262,0.36362387727822276,wait:0.000000;e:-0.090731
42,100:0,100,no_addition,False,0.0,0.0,0.0,0.0,0.0,0.0,0.0,0.0,0.0,0.0,0.7169641560585482,0.4692832919180363,0.23232263065211484,0.18559087631515395,wait:0.000000
42,102:0,102,no_addition,False,0.0,0.0,0.0,0.0,0.0,0.0,0.0,0.0,0.0,0.0,0.701367219239883,0.26701134800970727,0.18771390352718884,0.3406883754000892,wait:0.000000
42,104:0,104,no_addition,False,0.0,0.0,0.0,0.0,0.0,0.0,0.0,0.0,0.0,0.0,0.4805291116972771,0.3077848861998414,0.24182705034992438,0.26225319894977905,wait:0.000000
42,111:0,111,no_addition,False,0.0,0.0,0.0,0.0,0.0,0.0,0.0,0.0,0.0,0.0,0.6296869035044703,0.48249741418436287,0.11558516615917062,0.1539376686338176,wait:0.000000
42,112:0,112,no_addition,False,0.0,0.0,0.0,0.0,0.0,0.0,0.0,0.0,0.0,0.0,0.7348930726439825,0.5747899891492501,0.10878586675424282,0.1906376254280636,wait:0.000000
42,113:0,113,no_addition,False,0.0,0.0,0.0,0.0,0.0,0.0,0.0,0.0,0.0,0.0,0.36884265054638277,0.5871883438705638,0.20774743918817895,0.15152591661893103,wait:0.000000
42,118:0,118,no_addition,False,0.0,0.0,0.0,0.0,0.0,0.0,0.0,0.0,0.0,0.0,0.7419538127860572,0.3257052711190269,0.22127615320016214,0.1744441787687567,wait:0.000000
43,0:0,0,no_addition,False,0.0,0.0,0.0,0.0,0.0,0.0,0.0,0.0,0.0,0.0,0.6849269699863758,0.5877091393923862,0.1483707952442035,0.27587969446165017,wait:0.000000
43,7:0,7,no_addition,False,0.0,0.0,0.0,0.0,0.0,0.0,0.0,0.0,0.0,0.0,0.6195015022100783,0.5941831448229777,0.2039393136927115,0.21007926007053504,wait:0.000000
43,8:0,8,no_addition,False,0.0,0.0,0.0,0.0,0.0,0.0,0.0,0.0,0.0,0.0,0.42224487806266675,0.31676733048151573,0.09743626015620943,0.3270836536953683,wait:0.000000
43,11:0,11,no_addition,False,0.0,0.0,0.0,0.0,0.0,0.0,0.0,0.0,0.0,0.0,0.657146533296191,0.37812604292750296,0.11254230858288973,0.15467226241520335,wait:0.000000
43,12:0,12,no_addition,False,0.0,0.0,0.0,0.0,0.0,0.0,0.0,0.0,0.0,0.0,0.7437817987812785,0.48527716350699646,0.2378376446886984,0.3113206276857364,wait:0.000000
43,15:0,15,no_addition,False,0.0,0.0,0.0,0.0,0.0,0.0,0.0,0.0,0.0,0.0,0.5815402376273211,0.3651732285065892,0.12013139547880683,0.36885322864169034,wait:0.000000
43,17:0,17,no_addition,False,0.0,0.0,0.0,0.0,0.0,0.0,0.0,0.0,0.0,0.0,0.5319935126913222,0.5734977925998279,0.253902026142052,0.30760713930070754,wait:0.000000
43,20:0,20,no_addition,False,0.0,0.0,0.0,0.0,0.0,0.0,0.0,0.0,0.0,0.0,0.6195092762977208,0.4718195611743685,0.1422286741409436,0.34279558387592546,wait:0.000000
43,22:0,22,no_addition,False,0.0,0.0,0.0,0.0,0.0,0.0,0.0,0.0,0.0,0.0,0.5249099051021684,0.48382851322678777,0.1072317536866028,0.38624423250672224,wait:0.000000
43,24:0,24,no_addition,False,0.0,0.0,0.0,0.0,0.0,0.0,0.0,0.0,0.0,0.0,0.6684423983588719,0.5335729502393609,0.26239716001572394,0.36884069536487507,wait:0.000000
43,27:0,27,no_addition,False,0.0,0.0,0.0,0.0,0.0,0.0,0.0,0.0,0.0,0.0,0.6925893067107659,0.6392206064589001,0.15779028109324086,0.3684614046068823,wait:0.000000
43,30:0,30,no_addition,False,0.0,0.0,0.0,0.0,0.0,0.0,0.0,0.0,0.0,0.0,0.6113152525564187,0.48946698833342217,0.10568988529152609,0.2968595249016314,wait:0.000000
43,31:0,31,no_addition,False,0.0,0.0,0.0,0.0,0.0,0.0,0.0,0.0,0.0,0.0,0.639231730984955,0.5962232349389468,0.15877040446700252,0.19435374724412033,wait:0.000000
43,35:0,35,no_addition,False,0.0,0.0,0.0,0.0,0.0,0.0,0.0,0.0,0.0,0.0,0.5686148129675394,0.3808624764596319,0.11359345932382238,0.17179398486241937,wait:0.000000
43,39:0,39,no_addition,False,0.0,0.0,0.0,0.0,0.0,0.0,0.0,0.0,0.0,0.0,0.4294577007052264,0.45942743266519215,0.11278642516549683,0.3142410343455689,wait:0.000000
43,42:0,42,no_addition,False,0.0,0.0,0.0,0.0,0.0,0.0,0.0,0.0,0.0,0.0,0.3646625997759556,0.43924046267399164,0.20447239480110982,0.16482639385390188,wait:0.000000
43,46:0,46,no_addition,False,0.0,0.0,0.0,0.0,0.0,0.0,0.0,0.0,0.0,0.0,0.46247147996441473,0.6596503611583785,0.18523664050489752,0.15567554392335484,wait:0.000000
43,49:0,49,no_addition,False,0.0,0.0,0.0,0.0,0.0,0.0,0.0,0.0,0.0,0.0,0.5412220236875722,0.6085239383184402,0.20702198292046725,0.3550969080079869,wait:0.000000
43,50:0,50,no_addition,False,0.0,0.0,0.0,0.0,0.0,0.0,0.0,0.0,0.0,0.0,0.3887471694008641,0.28772933443180404,0.2088022698026999,0.2124178474471884,wait:0.000000
43,52:0,52,no_addition,False,0.0,0.0,0.0,0.0,0.0,0.0,0.0,0.0,0.0,0.0,0.6875190938505968,0.424566771177051,0.2476619091839592,0.2339709438701195,wait:0.000000
43,54:0,54,no_addition,False,0.0,0.0,0.0,0.0,0.0,0.0,0.0,0.0,0.0,0.0,0.36049733782908744,0.5523253568294493,0.25533682668695057,0.3412197200125101,wait:0.000000
43,58:0,58,no_addition,False,0.0,0.0,0.0,0.0,0.0,0.0,0.0,0.0,0.0,0.0,0.6198457129212576,0.4512439536464701,0.24863939297565013,0.20532809497258347,wait:0.000000
43,59:0,59,no_addition,False,0.0,0.0,0.0,0.0,0.0,0.0,0.0,0.0,0.0,0.0,0.7002922637422113,0.5074985384558233,0.23509445490004036,0.40267072128357945,wait:0.000000
43,60:0,60,no_addition,False,0.0,0.0,0.0,0.0,0.0,0.0,0.0,0.0,0.0,0.0,0.5845134400782842,0.6274568073919631,0.21802528225456477,0.22323942159545873,wait:0.000000
43,61:0,61,no_addition,False,0.0,0.0,0.0,0.0,0.0,0.0,0.0,0.0,0.0,0.0,0.40466418061386694,0.42786425934215844,0.2012198617440855,0.3431351479999387,wait:0.000000
43,68:0,68,no_addition,False,0.0,0.0,0.0,0.0,0.0,0.0,0.0,0.0,0.0,0.0,0.4856375652076465,0.39336260514379606,0.26128882804747644,0.28765577552162636,wait:0.000000
43,70:0,70,no_addition,False,0.0,0.0,0.0,0.0,0.0,0.0,0.0,0.0,0.0,0.0,0.7250418326056267,0.49302427799958903,0.2066890976646894,0.2580273057930491,wait:0.000000
43,73:0,73,no_addition,False,0.0,0.0,0.0,0.0,0.0,0.0,0.0,0.0,0.0,0.0,0.40420682498105226,0.36825884895626715,0.10135193454551357,0.21381812730705063,wait:0.000000
43,75:0,75,no_addition,False,0.0,0.0,0.0,0.0,0.0,0.0,0.0,0.0,0.0,0.0,0.4230941969831738,0.5146117501535823,0.14526836109731428,0.21203597939779312,wait:0.000000
43,77:0,77,no_addition,False,0.0,0.0,0.0,0.0,0.0,0.0,0.0,0.0,0.0,0.0,0.7057895980559208,0.5099150606963985,0.1774995824071297,0.3403705026808585,wait:0.000000
43,78:0,78,no_addition,False,0.0,0.0,0.0,0.0,0.0,0.0,0.0,0.0,0.0,0.0,0.6649527470465615,0.2708445688219129,0.19539182057908258,0.3732642554777805,wait:0.000000;e:-0.129416
43,79:0,79,no_addition,False,0.0,0.0,0.0,0.0,0.0,0.0,0.0,0.0,0.0,0.0,0.6554007144387883,0.3386993507256493,0.11701546148724276,0.22854336518025284,wait:0.000000
43,82:0,82,no_addition,False,0.0,0.0,0.0,0.0,0.0,0.0,0.0,0.0,0.0,0.0,0.7286328395366878,0.36352177295393373,0.15698912011979346,0.1520510595522537,wait:0.000000
43,85:0,85,no_addition,False,0.0,0.0,0.0,0.0,0.0,0.0,0.0,0.0,0.0,0.0,0.7153815322741996,0.556425413119678,0.16364315346228214,0.22556310027741625,wait:0.000000
43,88:0,88,no_addition,False,0.0,0.0,0.0,0.0,0.0,0.0,0.0,0.0,0.0,0.0,0.7163316377708322,0.6143286754778456,0.09809896900767885,0.2526309343782891,wait:0.000000
43,89:0,89,no_addition,False,0.0,0.0,0.0,0.0,0.0,0.0,0.0,0.0,0.0,0.0,0.6654086354683044,0.32308926941883376,0.17411602439694465,0.28314038201118613,wait:0.000000
43,90:0,90,no_addition,False,0.0,0.0,0.0,0.0,0.0,0.0,0.0,0.0,0.0,0.0,0.5496088598221989,0.5230713273300622,0.13492759998526915,0.34468040679375855,wait:0.000000
43,91:0,91,no_addition,False,0.0,0.0,0.0,0.0,0.0,0.0,0.0,0.0,0.0,0.0,0.4008685735824922,0.45411787526818514,0.22139914132820376,0.16502895016143204,wait:0.000000
43,99:0,99,no_addition,False,0.0,0.0,0.0,0.0,0.0,0.0,0.0,0.0,0.0,0.0,0.595919754635573,0.3031051908867153,0.2567075269935262,0.36362387727822276,wait:0.000000;e:-0.090731
43,100:0,100,no_addition,False,0.0,0.0,0.0,0.0,0.0,0.0,0.0,0.0,0.0,0.0,0.7169641560585482,0.4692832919180363,0.23232263065211484,0.18559087631515395,wait:0.000000
43,102:0,102,no_addition,False,0.0,0.0,0.0,0.0,0.0,0.0,0.0,0.0,0.0,0.0,0.701367219239883,0.26701134800970727,0.18771390352718884,0.3406883754000892,wait:0.000000
43,104:0,104,no_addition,False,0.0,0.0,0.0,0.0,0.0,0.0,0.0,0.0,0.0,0.0,0.4805291116972771,0.3077848861998414,0.24182705034992438,0.26225319894977905,wait:0.000000
43,111:0,111,no_addition,False,0.0,0.0,0.0,0.0,0.0,0.0,0.0,0.0,0.0,0.0,0.6296869035044703,0.48249741418436287,0.11558516615917062,0.1539376686338176,wait:0.000000
43,112:0,112,no_addition,False,0.0,0.0,0.0,0.0,0.0,0.0,0.0,0.0,0.0,0.0,0.7348930726439825,0.5747899891492501,0.10878586675424282,0.1906376254280636,wait:0.000000
43,113:0,113,no_addition,False,0.0,0.0,0.0,0.0,0.0,0.0,0.0,0.0,0.0,0.0,0.36884265054638277,0.5871883438705638,0.20774743918817895,0.15152591661893103,wait:0.000000
43,118:0,118,no_addition,False,0.0,0.0,0.0,0.0,0.0,0.0,0.0,0.0,0.0,0.0,0.7419538127860572,0.3257052711190269,0.22127615320016214,0.1744441787687567,wait:0.000000
44,0:0,0,no_addition,False,0.0,0.0,0.0,0.0,0.0,0.0,0.0,0.0,0.0,0.0,0.6849269699863758,0.5877091393923862,0.1483707952442035,0.27587969446165017,wait:0.000000
44,7:0,7,no_addition,False,0.0,0.0,0.0,0.0,0.0,0.0,0.0,0.0,0.0,0.0,0.6195015022100783,0.5941831448229777,0.2039393136927115,0.21007926007053504,wait:0.000000
44,8:0,8,no_addition,False,0.0,0.0,0.0,0.0,0.0,0.0,0.0,0.0,0.0,0.0,0.42224487806266675,0.31676733048151573,0.09743626015620943,0.3270836536953683,wait:0.000000
44,11:0,11,no_addition,False,0.0,0.0,0.0,0.0,0.0,0.0,0.0,0.0,0.0,0.0,0.657146533296191,0.37812604292750296,0.11254230858288973,0.15467226241520335,wait:0.000000
44,12:0,12,no_addition,False,0.0,0.0,0.0,0.0,0.0,0.0,0.0,0.0,0.0,0.0,0.7437817987812785,0.48527716350699646,0.2378376446886984,0.3113206276857364,wait:0.000000
44,15:0,15,no_addition,False,0.0,0.0,0.0,0.0,0.0,0.0,0.0,0.0,0.0,0.0,0.5815402376273211,0.3651732285065892,0.12013139547880683,0.36885322864169034,wait:0.000000
44,17:0,17,no_addition,False,0.0,0.0,0.0,0.0,0.0,0.0,0.0,0.0,0.0,0.0,0.5319935126913222,0.5734977925998279,0.253902026142052,0.30760713930070754,wait:0.000000
44,20:0,20,no_addition,False,0.0,0.0,0.0,0.0,0.0,0.0,0.0,0.0,0.0,0.0,0.6195092762977208,0.4718195611743685,0.1422286741409436,0.34279558387592546,wait:0.000000
44,22:0,22,no_addition,False,0.0,0.0,0.0,0.0,0.0,0.0,0.0,0.0,0.0,0.0,0.5249099051021684,0.48382851322678777,0.1072317536866028,0.38624423250672224,wait:0.000000
44,24:0,24,no_addition,False,0.0,0.0,0.0,0.0,0.0,0.0,0.0,0.0,0.0,0.0,0.6684423983588719,0.5335729502393609,0.26239716001572394,0.36884069536487507,wait:0.000000
44,27:0,27,no_addition,False,0.0,0.0,0.0,0.0,0.0,0.0,0.0,0.0,0.0,0.0,0.6925893067107659,0.6392206064589001,0.15779028109324086,0.3684614046068823,wait:0.000000
44,30:0,30,no_addition,False,0.0,0.0,0.0,0.0,0.0,0.0,0.0,0.0,0.0,0.0,0.6113152525564187,0.48946698833342217,0.10568988529152609,0.2968595249016314,wait:0.000000
44,31:0,31,no_addition,False,0.0,0.0,0.0,0.0,0.0,0.0,0.0,0.0,0.0,0.0,0.639231730984955,0.5962232349389468,0.15877040446700252,0.19435374724412033,wait:0.000000
44,35:0,35,no_addition,False,0.0,0.0,0.0,0.0,0.0,0.0,0.0,0.0,0.0,0.0,0.5686148129675394,0.3808624764596319,0.11359345932382238,0.17179398486241937,wait:0.000000
44,39:0,39,no_addition,False,0.0,0.0,0.0,0.0,0.0,0.0,0.0,0.0,0.0,0.0,0.4294577007052264,0.45942743266519215,0.11278642516549683,0.3142410343455689,wait:0.000000
44,42:0,42,no_addition,False,0.0,0.0,0.0,0.0,0.0,0.0,0.0,0.0,0.0,0.0,0.3646625997759556,0.43924046267399164,0.20447239480110982,0.16482639385390188,wait:0.000000
44,46:0,46,no_addition,False,0.0,0.0,0.0,0.0,0.0,0.0,0.0,0.0,0.0,0.0,0.46247147996441473,0.6596503611583785,0.18523664050489752,0.15567554392335484,wait:0.000000
44,49:0,49,no_addition,False,0.0,0.0,0.0,0.0,0.0,0.0,0.0,0.0,0.0,0.0,0.5412220236875722,0.6085239383184402,0.20702198292046725,0.3550969080079869,wait:0.000000
44,50:0,50,no_addition,False,0.0,0.0,0.0,0.0,0.0,0.0,0.0,0.0,0.0,0.0,0.3887471694008641,0.28772933443180404,0.2088022698026999,0.2124178474471884,wait:0.000000
44,52:0,52,no_addition,False,0.0,0.0,0.0,0.0,0.0,0.0,0.0,0.0,0.0,0.0,0.6875190938505968,0.424566771177051,0.2476619091839592,0.2339709438701195,wait:0.000000
44,54:0,54,no_addition,False,0.0,0.0,0.0,0.0,0.0,0.0,0.0,0.0,0.0,0.0,0.36049733782908744,0.5523253568294493,0.25533682668695057,0.3412197200125101,wait:0.000000
44,58:0,58,no_addition,False,0.0,0.0,0.0,0.0,0.0,0.0,0.0,0.0,0.0,0.0,0.6198457129212576,0.4512439536464701,0.24863939297565013,0.20532809497258347,wait:0.000000
44,59:0,59,no_addition,False,0.0,0.0,0.0,0.0,0.0,0.0,0.0,0.0,0.0,0.0,0.7002922637422113,0.5074985384558233,0.23509445490004036,0.40267072128357945,wait:0.000000
44,60:0,60,no_addition,False,0.0,0.0,0.0,0.0,0.0,0.0,0.0,0.0,0.0,0.0,0.5845134400782842,0.6274568073919631,0.21802528225456477,0.22323942159545873,wait:0.000000
44,61:0,61,no_addition,False,0.0,0.0,0.0,0.0,0.0,0.0,0.0,0.0,0.0,0.0,0.40466418061386694,0.42786425934215844,0.2012198617440855,0.3431351479999387,wait:0.000000
44,68:0,68,no_addition,False,0.0,0.0,0.0,0.0,0.0,0.0,0.0,0.0,0.0,0.0,0.4856375652076465,0.39336260514379606,0.26128882804747644,0.28765577552162636,wait:0.000000
44,70:0,70,no_addition,False,0.0,0.0,0.0,0.0,0.0,0.0,0.0,0.0,0.0,0.0,0.7250418326056267,0.49302427799958903,0.2066890976646894,0.2580273057930491,wait:0.000000
44,73:0,73,no_addition,False,0.0,0.0,0.0,0.0,0.0,0.0,0.0,0.0,0.0,0.0,0.40420682498105226,0.36825884895626715,0.10135193454551357,0.21381812730705063,wait:0.000000
44,75:0,75,no_addition,False,0.0,0.0,0.0,0.0,0.0,0.0,0.0,0.0,0.0,0.0,0.4230941969831738,0.5146117501535823,0.14526836109731428,0.21203597939779312,wait:0.000000
44,77:0,77,no_addition,False,0.0,0.0,0.0,0.0,0.0,0.0,0.0,0.0,0.0,0.0,0.7057895980559208,0.5099150606963985,0.1774995824071297,0.3403705026808585,wait:0.000000
44,78:0,78,no_addition,False,0.0,0.0,0.0,0.0,0.0,0.0,0.0,0.0,0.0,0.0,0.6649527470465615,0.2708445688219129,0.19539182057908258,0.3732642554777805,wait:0.000000;e:-0.129416
44,79:0,79,no_addition,False,0.0,0.0,0.0,0.0,0.0,0.0,0.0,0.0,0.0,0.0,0.6554007144387883,0.3386993507256493,0.11701546148724276,0.22854336518025284,wait:0.000000
44,82:0,82,no_addition,False,0.0,0.0,0.0,0.0,0.0,0.0,0.0,0.0,0.0,0.0,0.7286328395366878,0.36352177295393373,0.15698912011979346,0.1520510595522537,wait:0.000000
44,85:0,85,no_addition,False,0.0,0.0,0.0,0.0,0.0,0.0,0.0,0.0,0.0,0.0,0.7153815322741996,0.556425413119678,0.16364315346228214,0.22556310027741625,wait:0.000000
44,88:0,88,no_addition,False,0.0,0.0,0.0,0.0,0.0,0.0,0.0,0.0,0.0,0.0,0.7163316377708322,0.6143286754778456,0.09809896900767885,0.2526309343782891,wait:0.000000
44,89:0,89,no_addition,False,0.0,0.0,0.0,0.0,0.0,0.0,0.0,0.0,0.0,0.0,0.6654086354683044,0.32308926941883376,0.17411602439694465,0.28314038201118613,wait:0.000000
44,90:0,90,no_addition,False,0.0,0.0,0.0,0.0,0.0,0.0,0.0,0.0,0.0,0.0,0.5496088598221989,0.5230713273300622,0.13492759998526915,0.34468040679375855,wait:0.000000
44,91:0,91,no_addition,False,0.0,0.0,0.0,0.0,0.0,0.0,0.0,0.0,0.0,0.0,0.4008685735824922,0.45411787526818514,0.22139914132820376,0.16502895016143204,wait:0.000000
44,99:0,99,no_addition,False,0.0,0.0,0.0,0.0,0.0,0.0,0.0,0.0,0.0,0.0,0.595919754635573,0.3031051908867153,0.2567075269935262,0.36362387727822276,wait:0.000000;e:-0.090731
44,100:0,100,no_addition,False,0.0,0.0,0.0,0.0,0.0,0.0,0.0,0.0,0.0,0.0,0.7169641560585482,0.4692832919180363,0.23232263065211484,0.18559087631515395,wait:0.000000
44,102:0,102,no_addition,False,0.0,0.0,0.0,0.0,0.0,0.0,0.0,0.0,0.0,0.0,0.701367219239883,0.26701134800970727,0.18771390352718884,0.3406883754000892,wait:0.000000
44,104:0,104,no_addition,False,0.0,0.0,0.0,0.0,0.0,0.0,0.0,0.0,0.0,0.0,0.4805291116972771,0.3077848861998414,0.24182705034992438,0.26225319894977905,wait:0.000000
44,111:0,111,no_addition,False,0.0,0.0,0.0,0.0,0.0,0.0,0.0,0.0,0.0,0.0,0.6296869035044703,0.48249741418436287,0.11558516615917062,0.1539376686338176,wait:0.000000
44,112:0,112,no_addition,False,0.0,0.0,0.0,0.0,0.0,0.0,0.0,0.0,0.0,0.0,0.7348930726439825,0.5747899891492501,0.10878586675424282,0.1906376254280636,wait:0.000000
44,113:0,113,no_addition,False,0.0,0.0,0.0,0.0,0.0,0.0,0.0,0.0,0.0,0.0,0.36884265054638277,0.5871883438705638,0.20774743918817895,0.15152591661893103,wait:0.000000
44,118:0,118,no_addition,False,0.0,0.0,0.0,0.0,0.0,0.0,0.0,0.0,0.0,0.0,0.7419538127860572,0.3257052711190269,0.22127615320016214,0.1744441787687567,wait:0.000000
