time,case_id,employee,selected,material_known,social_d,social_e,pending_d,pending_e,recent_d,recent_e,success_d,success_e,failure_d,failure_e,p_d,p_e,cost_d,cost_e,utilities
0,0:0,0,e,False,0.0,0.0,0.0,0.0,0.0,0.0,0.0,0.0,0.0,0.0,0.6349269699863758,0.6451027268427387,0.18958490503426,0.22661546330778407,wait:0.000000;e:0.354186
0,1:0,1,e,False,0.0,0.0,0.0,0.0,0.0,0.0,0.0,0.0,0.0,0.0,0.31965057114566797,0.4844682721528188,0.1488513635641699,0.14679214475775038,wait:0.000000;e:0.289387
0,3:0,3,e,False,0.0,0.0,0.0,0.0,0.0,0.0,0.0,0.0,0.0,0.0,0.5716450067394354,0.5732683740141027,0.1462783090575714,0.31015610937621324,wait:0.000000;e:0.205971
0,5:0,5,e,False,0.0,0.0,0.0,0.0,0.0,0.0,0.0,0.0,0.0,0.0,0.4135202342858969,0.32661091932094677,0.20569328152057564,0.24818018118782073,wait:0.000000;e:0.045876
0,6:0,6,e,False,0.0,0.0,0.0,0.0,0.0,0.0,0.0,0.0,0.0,0.0,0.5156081333859838,0.5837842973297609,0.29327281359351504,0.21978807068131717,wait:0.000000;e:0.305807
0,7:0,7,e,False,0.0,0.0,0.0,0.0,0.0,0.0,0.0,0.0,0.0,0.0,0.5695015022100782,0.6515767322733304,0.26058912305179804,0.17256510648651094,wait:0.000000;e:0.414065
0,8:0,8,e,False,0.0,0.0,0.0,0.0,0.0,0.0,0.0,0.0,0.0,0.0,0.3722448780626667,0.3741609179318683,0.12450188797737873,0.268675858392624,wait:0.000000;e:0.068190
0,10:0,10,e,False,0.0,0.0,0.0,0.0,0.0,0.0,0.0,0.0,0.0,0.0,0.4788431740927177,0.6134157706741339,0.28122911727635297,0.2442347824143496,wait:0.000000;e:0.308038
0,11:0,11,e,False,0.0,0.0,0.0,0.0,0.0,0.0,0.0,0.0,0.0,0.0,0.607146533296191,0.43551963037785546,0.14380406096702578,0.1270522155553456,wait:0.000000;e:0.265057
0,12:0,12,e,False,0.0,0.0,0.0,0.0,0.0,0.0,0.0,0.0,0.0,0.0,0.6937817987812784,0.533729937316545,0.3039036571022257,0.2557276584561406,wait:0.000000;e:0.224802
0,15:0,15,e,False,0.0,0.0,0.0,0.0,0.0,0.0,0.0,0.0,0.0,0.0,0.5315402376273212,0.43827277049971713,0.15350122755625317,0.30298658066995987,wait:0.000000;e:0.091601
0,16:0,16,e,False,0.0,0.0,0.0,0.0,0.0,0.0,0.0,0.0,0.0,0.0,0.6213353420972463,0.4285975895993561,0.25629501458010967,0.15847704527031264,wait:0.000000;e:0.227400
0,17:0,17,e,False,0.0,0.0,0.0,0.0,0.0,0.0,0.0,0.0,0.0,0.0,0.4819935126913222,0.6219505664093764,0.3244303667370665,0.25267729299700975,wait:0.000000;e:0.307280
0,19:0,19,e,False,0.0,0.0,0.0,0.0,0.0,0.0,0.0,0.0,0.0,0.0,0.675188334364729,0.5162057409921902,0.17241596927380143,0.1886276062294675,wait:0.000000;e:0.276125
0,20:0,20,e,False,0.0,0.0,0.0,0.0,0.0,0.0,0.0,0.0,0.0,0.0,0.5695092762977207,0.5427465433672397,0.1817366391800946,0.28158208675522445,wait:0.000000;e:0.207066
0,21:0,21,e,False,0.0,0.0,0.0,0.0,0.0,0.0,0.0,0.0,0.0,0.0,0.46033345407654613,0.5030001784698175,0.31845408472093106,0.13368513847714175,wait:0.000000;e:0.319178
0,22:0,22,e,False,0.0,0.0,0.0,0.0,0.0,0.0,0.0,0.0,0.0,0.0,0.4749099051021683,0.5569280552199158,0.13701835193288137,0.31727204813052184,wait:0.000000;e:0.184144
0,24:0,24,e,False,0.0,0.0,0.0,0.0,0.0,0.0,0.0,0.0,0.0,0.0,0.6184423983588718,0.6066724922324889,0.33528526002009174,0.30297628547829025,wait:0.000000;e:0.243226
0,27:0,27,e,False,0.0,0.0,0.0,0.0,0.0,0.0,0.0,0.0,0.0,0.0,0.6425893067107659,0.6642206064589002,0.20162091473025223,0.3026647252127962,wait:0.000000;e:0.295349
0,30:0,30,e,False,0.0,0.0,0.0,0.0,0.0,0.0,0.0,0.0,0.0,0.0,0.5613152525564188,0.5468605757837747,0.13504818676139446,0.2438488954549115,wait:0.000000;e:0.248503
0,31:0,31,e,False,0.0,0.0,0.0,0.0,0.0,0.0,0.0,0.0,0.0,0.0,0.589231730984955,0.6693227769320748,0.20287329459672546,0.1596477209505274,wait:0.000000;e:0.442960
0,35:0,35,e,False,0.0,0.0,0.0,0.0,0.0,0.0,0.0,0.0,0.0,0.0,0.5186148129675393,0.4293152502691804,0.14514719802488416,0.14111648756555878,wait:0.000000;e:0.245407
0,37:0,37,e,False,0.0,0.0,0.0,0.0,0.0,0.0,0.0,0.0,0.0,0.0,0.6066398133866089,0.6532623452529932,0.3053925153722587,0.16203645934202765,wait:0.000000;e:0.426112
0,39:0,39,e,False,0.0,0.0,0.0,0.0,0.0,0.0,0.0,0.0,0.0,0.0,0.37945770070522633,0.5325269746583201,0.1441159877114682,0.2581265639267173,wait:0.000000;e:0.221321
0,42:0,42,e,False,0.0,0.0,0.0,0.0,0.0,0.0,0.0,0.0,0.0,0.0,0.31466259977595556,0.46424046267399166,0.2612702822458626,0.13539310923713369,wait:0.000000;e:0.282574
0,45:0,45,e,False,0.0,0.0,0.0,0.0,0.0,0.0,0.0,0.0,0.0,0.0,0.6327854347063235,0.527231276761715,0.31173994230001556,0.13645278940660277,wait:0.000000;e:0.338226
0,46:0,46,e,False,0.0,0.0,0.0,0.0,0.0,0.0,0.0,0.0,0.0,0.0,0.41247147996441474,0.6846503611583785,0.23669126286736908,0.12787633965132716,wait:0.000000;e:0.488531
0,49:0,49,e,False,0.0,0.0,0.0,0.0,0.0,0.0,0.0,0.0,0.0,0.0,0.49122202368757223,0.6335239383184403,0.26452808928726373,0.2916867458637035,wait:0.000000;e:0.278690
0,50:0,50,e,False,0.0,0.0,0.0,0.0,0.0,0.0,0.0,0.0,0.0,0.0,0.33874716940086413,0.33618210824135253,0.2668029003034499,0.17448608897447615,wait:0.000000;e:0.128187
0,52:0,52,e,False,0.0,0.0,0.0,0.0,0.0,0.0,0.0,0.0,0.0,0.0,0.6375190938505968,0.44969388573115077,0.3164568839572812,0.1921904181790267,wait:0.000000;e:0.212680
0,54:0,54,e,False,0.0,0.0,0.0,0.0,0.0,0.0,0.0,0.0,0.0,0.0,0.3104973378290874,0.6254248988225772,0.32626372298888134,0.28028762715313327,wait:0.000000;e:0.282798
0,57:0,57,e,False,0.0,0.0,0.0,0.0,0.0,0.0,0.0,0.0,0.0,0.0,0.3674812585006399,0.6063002200099101,0.1419637555088372,0.14083652994445953,wait:0.000000;e:0.405030
0,58:0,58,e,False,0.0,0.0,0.0,0.0,0.0,0.0,0.0,0.0,0.0,0.0,0.5698457129212575,0.5086375410968227,0.31770589102444186,0.16866236372747928,wait:0.000000;e:0.289276
0,59:0,59,e,False,0.0,0.0,0.0,0.0,0.0,0.0,0.0,0.0,0.0,0.0,0.6502922637422113,0.5324985384558232,0.3003984701500516,0.3307652353400831,wait:0.000000;e:0.148656
0,60:0,60,e,False,0.0,0.0,0.0,0.0,0.0,0.0,0.0,0.0,0.0,0.0,0.5345134400782842,0.6524568073919632,0.2785878606586106,0.18337523916769824,wait:0.000000;e:0.404048
0,61:0,61,e,False,0.0,0.0,0.0,0.0,0.0,0.0,0.0,0.0,0.0,0.0,0.35466418061386695,0.48525784679251094,0.25711426778410923,0.2818610144285211,wait:0.000000;e:0.155029
0,62:0,62,e,False,0.0,0.0,0.0,0.0,0.0,0.0,0.0,0.0,0.0,0.0,0.6737425411252645,0.6467612254331299,0.24181440332422513,0.1305552901432641,wait:0.000000;e:0.451740
0,68:0,68,e,False,0.0,0.0,0.0,0.0,0.0,0.0,0.0,0.0,0.0,0.0,0.43563756520764646,0.44181537895334455,0.33386905806066436,0.23628867274990734,wait:0.000000;e:0.161489
0,69:0,69,e,False,0.0,0.0,0.0,0.0,0.0,0.0,0.0,0.0,0.0,0.0,0.5522842267235775,0.44811772559250074,0.1600034596194771,0.20616873348956766,wait:0.000000;e:0.197283
0,70:0,70,e,False,0.0,0.0,0.0,0.0,0.0,0.0,0.0,0.0,0.0,0.0,0.6750418326056267,0.5181513925536889,0.2641027359048809,0.2119510011871475,wait:0.000000;e:0.254553
0,71:0,71,e,False,0.0,0.0,0.0,0.0,0.0,0.0,0.0,0.0,0.0,0.0,0.5724433221045399,0.5798533147655999,0.1966434629438023,0.18891818549490788,wait:0.000000;e:0.333138
0,73:0,73,e,False,0.0,0.0,0.0,0.0,0.0,0.0,0.0,0.0,0.0,0.0,0.35420682498105227,0.41671162276581564,0.12950524969704513,0.175636318859363,wait:0.000000;e:0.199539
0,75:0,75,e,False,0.0,0.0,0.0,0.0,0.0,0.0,0.0,0.0,0.0,0.0,0.37309419698317375,0.5877112921467103,0.18562068362434606,0.1741724116481872,wait:0.000000;e:0.354958
0,76:0,76,e,False,0.0,0.0,0.0,0.0,0.0,0.0,0.0,0.0,0.0,0.0,0.4107091825541645,0.380946265462487,0.3173583191853626,0.30206654641134223,wait:0.000000;e:0.040909
0,77:0,77,e,False,0.0,0.0,0.0,0.0,0.0,0.0,0.0,0.0,0.0,0.0,0.6557895980559207,0.5583678345059471,0.22680502196466576,0.27959005577356233,wait:0.000000;e:0.223122
0,78:0,78,e,False,0.0,0.0,0.0,0.0,0.0,0.0,0.0,0.0,0.0,0.0,0.6149527470465616,0.34177155101478407,0.24966732629549443,0.3066099241424625,wait:0.000000;e:0.001095
0,79:0,79,e,False,0.0,0.0,0.0,0.0,0.0,0.0,0.0,0.0,0.0,0.0,0.6054007144387883,0.3960929381760018,0.1495197563448102,0.1877320499694934,wait:0.000000;e:0.168880
0,82:0,82,e,False,0.0,0.0,0.0,0.0,0.0,0.0,0.0,0.0,0.0,0.0,0.6786328395366878,0.4344487551468049,0.20059720904195832,0.12489908463220839,wait:0.000000;e:0.266246
0,83:0,83,e,False,0.0,0.0,0.0,0.0,0.0,0.0,0.0,0.0,0.0,0.0,0.6492496307348407,0.3732835456302558,0.33254471762931725,0.16566944905945366,wait:0.000000;e:0.170407
0,85:0,85,e,False,0.0,0.0,0.0,0.0,0.0,0.0,0.0,0.0,0.0,0.0,0.6653815322741997,0.581425413119678,0.20909958497958275,0.18528397522787762,wait:0.000000;e:0.338188
0,88:0,88,e,False,0.0,0.0,0.0,0.0,0.0,0.0,0.0,0.0,0.0,0.0,0.6663316377708322,0.6852556576707169,0.12534868262092297,0.2075182675250232,wait:0.000000;e:0.409434
0,89:0,89,e,False,0.0,0.0,0.0,0.0,0.0,0.0,0.0,0.0,0.0,0.0,0.6154086354683044,0.39401625161170495,0.2224815867294293,0.23257959950918858,wait:0.000000;e:0.122163
0,90:0,90,e,False,0.0,0.0,0.0,0.0,0.0,0.0,0.0,0.0,0.0,0.0,0.4996088598221989,0.5715241011396108,0.17240748887006616,0.28313033415201594,wait:0.000000;e:0.231427
0,91:0,91,e,False,0.0,0.0,0.0,0.0,0.0,0.0,0.0,0.0,0.0,0.0,0.35086857358249224,0.5025706490777337,0.2828989028082604,0.13555949477546203,wait:0.000000;e:0.316917
0,92:0,92,e,False,0.0,0.0,0.0,0.0,0.0,0.0,0.0,0.0,0.0,0.0,0.5336859411228719,0.592691111826333,0.23307035337358772,0.17644030047125855,wait:0.000000;e:0.357174
0,99:0,99,e,False,0.0,0.0,0.0,0.0,0.0,0.0,0.0,0.0,0.0,0.0,0.545919754635573,0.3762047328798433,0.32801517338061686,0.2986910420499687,wait:0.000000;e:0.040015
0,100:0,100,e,False,0.0,0.0,0.0,0.0,0.0,0.0,0.0,0.0,0.0,0.0,0.6669641560585482,0.4944104064721361,0.29685669472214676,0.15244964840173358,wait:0.000000;e:0.292680
0,101:0,101,e,False,0.0,0.0,0.0,0.0,0.0,0.0,0.0,0.0,0.0,0.0,0.5810976055605849,0.3882687215850596,0.3072729448710695,0.21017157870428096,wait:0.000000;e:0.139396
0,102:0,102,e,False,0.0,0.0,0.0,0.0,0.0,0.0,0.0,0.0,0.0,0.0,0.6513672192398829,0.34011089000283523,0.23985665450696353,0.2798511655072161,wait:0.000000;e:0.026359
0,103:0,103,e,False,0.0,0.0,0.0,0.0,0.0,0.0,0.0,0.0,0.0,0.0,0.4345318844840096,0.352142200466893,0.3071780557516381,0.2065438493999356,wait:0.000000;e:0.110498
0,104:0,104,e,False,0.0,0.0,0.0,0.0,0.0,0.0,0.0,0.0,0.0,0.0,0.43052911169727703,0.3562376600093899,0.3090012310026812,0.21542227056588995,wait:0.000000;e:0.105307
0,106:0,106,e,False,0.0,0.0,0.0,0.0,0.0,0.0,0.0,0.0,0.0,0.0,0.5538869960114561,0.4442274283105875,0.2104074641932924,0.13244187247478853,wait:0.000000;e:0.267507
0,107:0,107,e,False,0.0,0.0,0.0,0.0,0.0,0.0,0.0,0.0,0.0,0.0,0.5101272085917143,0.4601514173244176,0.14296619323417872,0.16684617999669996,wait:0.000000;e:0.247439
0,108:0,108,e,False,0.0,0.0,0.0,0.0,0.0,0.0,0.0,0.0,0.0,0.0,0.662589369414454,0.6511030266015705,0.17469612445993973,0.26131271967635666,wait:0.000000;e:0.324891
0,111:0,111,e,False,0.0,0.0,0.0,0.0,0.0,0.0,0.0,0.0,0.0,0.0,0.5796869035044703,0.5398910016347154,0.14769215675894026,0.1264487992349216,wait:0.000000;e:0.359628
0,112:0,112,e,False,0.0,0.0,0.0,0.0,0.0,0.0,0.0,0.0,0.0,0.0,0.6848930726439826,0.59978998914925,0.13900416307486582,0.15659519231590938,wait:0.000000;e:0.383410
0,113:0,113,e,False,0.0,0.0,0.0,0.0,0.0,0.0,0.0,0.0,0.0,0.0,0.3188426505463827,0.658115326063435,0.2654550611848953,0.12446771722269334,wait:0.000000;e:0.468050
0,117:0,117,e,False,0.0,0.0,0.0,0.0,0.0,0.0,0.0,0.0,0.0,0.0,0.5262276374207189,0.34361268573099335,0.3344849565567116,0.23819627200325658,wait:0.000000;e:0.071167
0,118:0,118,e,False,0.0,0.0,0.0,0.0,0.0,0.0,0.0,0.0,0.0,0.0,0.6919538127860572,0.3830988585693794,0.2827417513113183,0.14329343256005014,wait:0.000000;e:0.201620
3,0:0,0,no_addition,False,0.0,0.625,0.0,0.5,0.0,0.625,0.0,0.0,0.0,1.0,0.6349269699863758,0.6451027268427387,0.18958490503426,0.22661546330778407,wait:0.000000
3,1:0,1,no_addition,False,0.0,0.75,0.0,0.75,0.0,0.75,0.0,0.0,0.0,0.0,0.31965057114566797,0.4844682721528188,0.1488513635641699,0.14679214475775038,wait:0.467805
3,3:0,3,no_addition,False,0.0,0.16666666666666666,0.0,0.16666666666666666,0.0,0.16666666666666666,0.0,0.0,0.0,0.0,0.5716450067394354,0.5732683740141027,0.1462783090575714,0.31015610937621324,wait:0.553551
3,5:0,5,no_addition,False,0.0,0.5714285714285714,0.0,0.0,0.0,0.5714285714285714,0.0,0.0,0.0,4.0,0.4135202342858969,0.32661091932094677,0.20569328152057564,0.24818018118782073,wait:0.315377
3,6:0,6,no_addition,False,0.0,0.5,0.0,0.5,0.0,0.5,0.0,0.0,0.0,0.0,0.5156081333859838,0.5837842973297609,0.29327281359351504,0.21978807068131717,wait:0.563705
3,7:0,7,no_addition,False,0.0,0.9,0.0,0.6,0.0,0.9,0.0,0.0,0.0,3.0,0.5695015022100782,0.6515767322733304,0.26058912305179804,0.17256510648651094,wait:0.629166
3,8:0,8,no_addition,False,0.0,0.4444444444444444,0.0,0.0,0.0,0.4444444444444444,0.0,0.0,0.0,4.0,0.3722448780626667,0.3741609179318683,0.12450188797737873,0.268675858392624,wait:0.000000
3,10:0,10,no_addition,False,0.0,0.4,0.0,0.2,0.0,0.4,0.0,0.0,0.0,1.0,0.4788431740927177,0.6134157706741339,0.28122911727635297,0.2442347824143496,wait:0.592318
3,11:0,11,no_addition,False,0.0,0.5,0.0,0.16666666666666666,0.0,0.5,0.0,0.0,0.0,2.0,0.607146533296191,0.43551963037785546,0.14380406096702578,0.1270522155553456,wait:0.420540
3,12:0,12,no_addition,False,0.0,0.5,0.0,0.3333333333333333,0.0,0.5,0.0,0.0,0.0,1.0,0.6937817987812784,0.533729937316545,0.3039036571022257,0.2557276584561406,wait:0.000000
3,15:0,15,no_addition,False,0.0,0.8571428571428571,0.0,0.5714285714285714,0.0,0.8571428571428571,0.0,0.0,0.0,2.0,0.5315402376273212,0.43827277049971713,0.15350122755625317,0.30298658066995987,wait:0.000000
3,16:0,16,no_addition,False,0.0,0.3333333333333333,0.0,0.2222222222222222,0.0,0.3333333333333333,0.0,0.0,0.0,1.0,0.6213353420972463,0.4285975895993561,0.25629501458010967,0.15847704527031264,wait:0.413856
3,17:0,17,no_addition,False,0.0,0.25,0.0,0.0,0.0,0.25,0.0,0.0,0.0,1.0,0.4819935126913222,0.6219505664093764,0.3244303667370665,0.25267729299700975,wait:0.000000
3,19:0,19,no_addition,False,0.0,0.6666666666666666,0.0,0.3333333333333333,0.0,0.6666666666666666,0.0,0.0,0.0,1.0,0.675188334364729,0.5162057409921902,0.17241596927380143,0.1886276062294675,wait:0.498451
3,20:0,20,no_addition,False,0.0,0.16666666666666666,0.0,0.16666666666666666,0.0,0.16666666666666666,0.0,0.0,0.0,0.0,0.5695092762977207,0.5427465433672397,0.1817366391800946,0.28158208675522445,wait:0.000000
3,21:0,21,no_addition,False,0.0,0.42857142857142855,0.0,0.2857142857142857,0.0,0.42857142857142855,0.0,0.0,0.0,1.0,0.46033345407654613,0.5030001784698175,0.31845408472093106,0.13368513847714175,wait:0.485700
3,22:0,22,no_addition,False,0.0,0.8333333333333334,0.0,0.5,0.0,0.8333333333333334,0.0,0.0,0.0,2.0,0.4749099051021683,0.5569280552199158,0.13701835193288137,0.31727204813052184,wait:0.537773
3,24:0,24,no_addition,False,0.0,0.7142857142857143,0.0,0.42857142857142855,0.0,0.7142857142857143,0.0,0.0,0.0,2.0,0.6184423983588718,0.6066724922324889,0.33528526002009174,0.30297628547829025,wait:0.585806
3,27:0,27,no_addition,False,0.0,0.6,0.0,0.2,0.0,0.6,0.0,0.0,0.0,2.0,0.6425893067107659,0.6642206064589002,0.20162091473025223,0.3026647252127962,wait:0.641375
3,30:0,30,no_addition,False,0.0,0.75,0.0,0.3333333333333333,0.0,0.75,0.0,0.0,0.0,5.0,0.5613152525564188,0.5468605757837747,0.13504818676139446,0.2438488954549115,wait:0.528052
3,31:0,31,no_addition,False,0.0,0.9,0.0,0.8,0.0,0.9,0.0,0.0,0.0,1.0,0.589231730984955,0.6693227769320748,0.20287329459672546,0.1596477209505274,wait:0.646302
3,35:0,35,no_addition,False,0.0,0.8333333333333334,0.0,0.16666666666666666,0.0,0.8333333333333334,0.0,0.0,0.0,4.0,0.5186148129675393,0.4293152502691804,0.14514719802488416,0.14111648756555878,wait:0.414549
3,37:0,37,no_addition,False,0.0,0.8571428571428571,0.0,0.2857142857142857,0.0,0.8571428571428571,0.0,0.0,0.0,4.0,0.6066398133866089,0.6532623452529932,0.3053925153722587,0.16203645934202765,wait:0.000000
3,39:0,39,no_addition,False,0.0,0.6363636363636364,0.0,0.45454545454545453,0.0,0.6363636363636364,0.0,0.0,0.0,2.0,0.37945770070522633,0.5325269746583201,0.1441159877114682,0.2581265639267173,wait:0.000000
3,42:0,42,no_addition,False,0.0,0.42857142857142855,0.0,0.2857142857142857,0.0,0.42857142857142855,0.0,0.0,0.0,1.0,0.31466259977595556,0.46424046267399166,0.2612702822458626,0.13539310923713369,wait:0.000000
3,45:0,45,no_addition,False,0.0,0.7142857142857143,0.0,0.7142857142857143,0.0,0.7142857142857143,0.0,0.0,0.0,0.0,0.6327854347063235,0.527231276761715,0.31173994230001556,0.13645278940660277,wait:0.000000
3,46:0,46,no_addition,False,0.0,0.7777777777777778,0.0,0.6666666666666666,0.0,0.7777777777777778,0.0,0.0,0.0,1.0,0.41247147996441474,0.6846503611583785,0.23669126286736908,0.12787633965132716,wait:0.000000
3,49:0,49,no_addition,False,0.0,0.5714285714285714,0.0,0.2857142857142857,0.0,0.5714285714285714,0.0,0.0,0.0,2.0,0.49122202368757223,0.6335239383184403,0.26452808928726373,0.2916867458637035,wait:0.611734
3,50:0,50,no_addition,False,0.0,0.375,0.0,0.125,0.0,0.375,0.0,0.0,0.0,2.0,0.33874716940086413,0.33618210824135253,0.2668029003034499,0.17448608897447615,wait:0.324619
3,52:0,52,no_addition,False,0.0,0.625,0.0,0.375,0.0,0.625,0.0,0.0,0.0,2.0,0.6375190938505968,0.44969388573115077,0.3164568839572812,0.1921904181790267,wait:0.434227
3,54:0,54,no_addition,False,0.0,0.42857142857142855,0.0,0.0,0.0,0.42857142857142855,0.0,0.0,0.0,3.0,0.3104973378290874,0.6254248988225772,0.32626372298888134,0.28028762715313327,wait:0.000000
3,57:0,57,no_addition,False,0.0,0.5714285714285714,0.0,0.42857142857142855,0.0,0.5714285714285714,0.0,0.0,0.0,1.0,0.3674812585006399,0.6063002200099101,0.1419637555088372,0.14083652994445953,wait:0.000000
3,58:0,58,no_addition,False,0.0,0.75,0.0,0.5,0.0,0.75,0.0,0.0,0.0,1.0,0.5698457129212575,0.5086375410968227,0.31770589102444186,0.16866236372747928,wait:0.000000
3,59:0,59,no_addition,False,0.0,0.6666666666666666,0.0,0.3333333333333333,0.0,0.6666666666666666,0.0,0.0,0.0,2.0,0.6502922637422113,0.5324985384558232,0.3003984701500516,0.3307652353400831,wait:0.000000
3,60:0,60,no_addition,False,0.0,0.5,0.0,0.5,0.0,0.5,0.0,0.0,0.0,0.0,0.5345134400782842,0.6524568073919632,0.2785878606586106,0.18337523916769824,wait:0.000000
3,61:0,61,no_addition,False,0.0,0.4,0.0,0.4,0.0,0.4,0.0,0.0,0.0,0.0,0.35466418061386695,0.48525784679251094,0.25711426778410923,0.2818610144285211,wait:0.468568
3,62:0,62,no_addition,False,0.0,0.25,0.0,0.25,0.0,0.25,0.0,0.0,0.0,0.0,0.6737425411252645,0.6467612254331299,0.24181440332422513,0.1305552901432641,wait:0.000000
3,68:0,68,no_addition,False,0.0,0.7142857142857143,0.0,0.2857142857142857,0.0,0.7142857142857143,0.0,0.0,0.0,3.0,0.43563756520764646,0.44181537895334455,0.33386905806066436,0.23628867274990734,wait:0.426619
3,69:0,69,no_addition,False,0.0,0.75,0.0,0.5,0.0,0.75,0.0,0.0,0.0,1.0,0.5522842267235775,0.44811772559250074,0.1600034596194771,0.20616873348956766,wait:0.000000
3,70:0,70,no_addition,False,0.0,0.42857142857142855,0.0,0.14285714285714285,0.0,0.42857142857142855,0.0,0.0,0.0,2.0,0.6750418326056267,0.5181513925536889,0.2641027359048809,0.2119510011871475,wait:0.000000
3,71:0,71,no_addition,False,0.0,0.6,0.0,0.2,0.0,0.6,0.0,0.0,0.0,2.0,0.5724433221045399,0.5798533147655999,0.1966434629438023,0.18891818549490788,wait:0.000000
3,73:0,73,no_addition,False,0.0,0.8,0.0,0.6,0.0,0.8,0.0,0.0,0.0,1.0,0.35420682498105227,0.41671162276581564,0.12950524969704513,0.175636318859363,wait:0.402379
3,75:0,75,no_addition,False,0.0,0.6923076923076923,0.0,0.15384615384615385,0.0,0.6923076923076923,0.0,0.0,0.0,7.0,0.37309419698317375,0.5877112921467103,0.18562068362434606,0.1741724116481872,wait:0.567497
3,76:0,76,no_addition,False,0.0,0.8,0.0,0.8,0.0,0.8,0.0,0.0,0.0,0.0,0.4107091825541645,0.380946265462487,0.3173583191853626,0.30206654641134223,wait:0.367844
3,77:0,77,no_addition,False,0.0,1.0,0.0,0.75,0.0,1.0,0.0,0.0,0.0,1.0,0.6557895980559207,0.5583678345059471,0.22680502196466576,0.27959005577356233,wait:0.000000
3,78:0,78,no_addition,False,0.0,1.0,0.0,1.0,0.0,1.0,0.0,0.0,0.0,0.0,0.6149527470465616,0.34177155101478407,0.24966732629549443,0.3066099241424625,wait:0.000000
3,79:0,79,no_addition,False,0.0,0.5714285714285714,0.0,0.2857142857142857,0.0,0.5714285714285714,0.0,0.0,0.0,2.0,0.6054007144387883,0.3960929381760018,0.1495197563448102,0.1877320499694934,wait:0.382469
3,82:0,82,no_addition,False,0.0,0.75,0.0,0.25,0.0,0.75,0.0,0.0,0.0,4.0,0.6786328395366878,0.4344487551468049,0.20059720904195832,0.12489908463220839,wait:0.419506
3,83:0,83,no_addition,False,0.0,0.75,0.0,0.375,0.0,0.75,0.0,0.0,0.0,3.0,0.6492496307348407,0.3732835456302558,0.33254471762931725,0.16566944905945366,wait:0.000000
3,85:0,85,no_addition,False,0.0,0.75,0.0,0.5,0.0,0.75,0.0,0.0,0.0,1.0,0.6653815322741997,0.581425413119678,0.20909958497958275,0.18528397522787762,wait:0.000000
3,88:0,88,no_addition,False,0.0,0.75,0.0,0.3333333333333333,0.0,0.75,0.0,0.0,0.0,5.0,0.6663316377708322,0.6852556576707169,0.12534868262092297,0.2075182675250232,wait:0.000000
3,89:0,89,no_addition,False,0.0,0.5,0.0,0.0,0.0,0.5,0.0,0.0,0.0,3.0,0.6154086354683044,0.39401625161170495,0.2224815867294293,0.23257959950918858,wait:0.000000
3,90:0,90,no_addition,False,0.0,0.36363636363636365,0.0,0.18181818181818182,0.0,0.36363636363636365,0.0,0.0,0.0,2.0,0.4996088598221989,0.5715241011396108,0.17240748887006616,0.28313033415201594,wait:0.551867
3,91:0,91,no_addition,False,0.0,0.625,0.0,0.25,0.0,0.625,0.0,0.0,0.0,3.0,0.35086857358249224,0.5025706490777337,0.2828989028082604,0.13555949477546203,wait:0.485285
3,92:0,92,no_addition,False,0.0,0.8,0.0,0.6,0.0,0.8,0.0,0.0,0.0,1.0,0.5336859411228719,0.592691111826333,0.23307035337358772,0.17644030047125855,wait:0.572306
3,99:0,99,no_addition,False,0.0,0.5,0.0,0.16666666666666666,0.0,0.5,0.0,0.0,0.0,2.0,0.545919754635573,0.3762047328798433,0.32801517338061686,0.2986910420499687,wait:0.000000
3,100:0,100,no_addition,False,0.0,0.5714285714285714,0.0,0.0,0.0,0.5714285714285714,0.0,0.0,0.0,4.0,0.6669641560585482,0.4944104064721361,0.29685669472214676,0.15244964840173358,wait:0.477405
3,101:0,101,no_addition,False,0.0,0.5555555555555556,0.0,0.4444444444444444,0.0,0.5555555555555556,0.0,0.0,0.0,1.0,0.5810976055605849,0.3882687215850596,0.3072729448710695,0.21017157870428096,wait:0.000000
3,102:0,102,no_addition,False,0.0,0.8,0.0,0.2,0.0,0.8,0.0,0.0,0.0,3.0,0.6513672192398829,0.34011089000283523,0.23985665450696353,0.2798511655072161,wait:0.000000
3,103:0,103,no_addition,False,0.0,0.8571428571428571,0.0,0.42857142857142855,0.0,0.8571428571428571,0.0,0.0,0.0,3.0,0.4345318844840096,0.352142200466893,0.3071780557516381,0.2065438493999356,wait:0.000000
3,104:0,104,no_addition,False,0.0,0.6,0.0,0.2,0.0,0.6,0.0,0.0,0.0,2.0,0.43052911169727703,0.3562376600093899,0.3090012310026812,0.21542227056588995,wait:0.343985
3,106:0,106,no_addition,False,0.0,0.4,0.0,0.4,0.0,0.4,0.0,0.0,0.0,0.0,0.5538869960114561,0.4442274283105875,0.2104074641932924,0.13244187247478853,wait:0.000000
3,107:0,107,no_addition,False,0.0,0.6,0.0,0.2,0.0,0.6,0.0,0.0,0.0,4.0,0.5101272085917143,0.4601514173244176,0.14296619323417872,0.16684617999669996,wait:0.444325
3,108:0,108,no_addition,False,0.0,0.5833333333333334,0.0,0.25,0.0,0.5833333333333334,0.0,0.0,0.0,4.0,0.662589369414454,0.6511030266015705,0.17469612445993973,0.26131271967635666,wait:0.000000
3,111:0,111,no_addition,False,0.0,0.6666666666666666,0.0,0.3333333333333333,0.0,0.6666666666666666,0.0,0.0,0.0,2.0,0.5796869035044703,0.5398910016347154,0.14769215675894026,0.1264487992349216,wait:0.521322
3,112:0,112,no_addition,False,0.0,0.3333333333333333,0.0,0.0,0.0,0.3333333333333333,0.0,0.0,0.0,1.0,0.6848930726439826,0.59978998914925,0.13900416307486582,0.15659519231590938,wait:0.579160
3,113:0,113,no_addition,False,0.0,0.5,0.0,0.0,0.0,0.5,0.0,0.0,0.0,2.0,0.3188426505463827,0.658115326063435,0.2654550611848953,0.12446771722269334,wait:0.000000
3,117:0,117,no_addition,False,0.0,0.6,0.0,0.4,0.0,0.6,0.0,0.0,0.0,1.0,0.5262276374207189,0.34361268573099335,0.3344849565567116,0.23819627200325658,wait:0.000000
3,118:0,118,no_addition,False,0.0,0.75,0.0,0.375,0.0,0.75,0.0,0.0,0.0,3.0,0.6919538127860572,0.3830988585693794,0.2827417513113183,0.14329343256005014,wait:0.369922
4,0:0,0,no_addition,False,0.0,0.0,0.0,0.0,0.0,0.0,0.0,2.0,0.0,3.0,0.6349269699863758,0.6451027268427387,0.18958490503426,0.22661546330778407,wait:0.000000
4,8:0,8,no_addition,False,0.0,0.0,0.0,0.0,0.0,0.0,0.0,0.0,0.0,4.0,0.3722448780626667,0.3741609179318683,0.12450188797737873,0.268675858392624,wait:0.000000
4,12:0,12,no_addition,False,0.0,0.0,0.0,0.0,0.0,0.0,0.0,2.0,0.0,1.0,0.6937817987812784,0.533729937316545,0.3039036571022257,0.2557276584561406,wait:0.000000
4,15:0,15,no_addition,False,0.0,0.0,0.0,0.0,0.0,0.0,0.0,3.0,0.0,3.0,0.5315402376273212,0.43827277049971713,0.15350122755625317,0.30298658066995987,wait:0.000000
4,17:0,17,no_addition,False,0.0,0.0,0.0,0.0,0.0,0.0,0.0,0.0,0.0,1.0,0.4819935126913222,0.6219505664093764,0.3244303667370665,0.25267729299700975,wait:0.000000
4,20:0,20,no_addition,False,0.0,0.0,0.0,0.0,0.0,0.0,0.0,0.0,0.0,1.0,0.5695092762977207,0.5427465433672397,0.1817366391800946,0.28158208675522445,wait:0.000000
4,31:0,31,no_addition,False,0.0,0.0,0.0,0.0,0.0,0.0,0.0,8.0,0.0,1.0,0.589231730984955,0.6693227769320748,0.20287329459672546,0.1596477209505274,wait:0.000000
4,37:0,37,no_addition,False,0.0,0.0,0.0,0.0,0.0,0.0,0.0,2.0,0.0,4.0,0.6066398133866089,0.6532623452529932,0.3053925153722587,0.16203645934202765,wait:0.000000
4,39:0,39,no_addition,False,0.0,0.0,0.0,0.0,0.0,0.0,0.0,5.0,0.0,2.0,0.37945770070522633,0.5325269746583201,0.1441159877114682,0.2581265639267173,wait:0.000000
4,42:0,42,no_addition,False,0.0,0.0,0.0,0.0,0.0,0.0,0.0,2.0,0.0,1.0,0.31466259977595556,0.46424046267399166,0.2612702822458626,0.13539310923713369,wait:0.000000
4,45:0,45,no_addition,False,0.0,0.0,0.0,0.0,0.0,0.0,0.0,5.0,0.0,0.0,0.6327854347063235,0.527231276761715,0.31173994230001556,0.13645278940660277,wait:0.000000
4,46:0,46,no_addition,False,0.0,0.0,0.0,0.0,0.0,0.0,0.0,6.0,0.0,1.0,0.41247147996441474,0.6846503611583785,0.23669126286736908,0.12787633965132716,wait:0.000000
4,54:0,54,no_addition,False,0.0,0.0,0.0,0.0,0.0,0.0,0.0,0.0,0.0,3.0,0.3104973378290874,0.6254248988225772,0.32626372298888134,0.28028762715313327,wait:0.000000
4,57:0,57,no_addition,False,0.0,0.0,0.0,0.0,0.0,0.0,0.0,3.0,0.0,1.0,0.3674812585006399,0.6063002200099101,0.1419637555088372,0.14083652994445953,wait:0.000000
4,58:0,58,no_addition,False,0.0,0.0,0.0,0.0,0.0,0.0,0.0,2.0,0.0,1.0,0.5698457129212575,0.5086375410968227,0.31770589102444186,0.16866236372747928,wait:0.000000
4,59:0,59,no_addition,False,0.0,0.0,0.0,0.0,0.0,0.0,0.0,2.0,0.0,2.0,0.6502922637422113,0.5324985384558232,0.3003984701500516,0.3307652353400831,wait:0.000000
4,60:0,60,no_addition,False,0.0,0.0,0.0,0.0,0.0,0.0,0.0,0.0,0.0,1.0,0.5345134400782842,0.6524568073919632,0.2785878606586106,0.18337523916769824,wait:0.000000
4,61:0,61,no_addition,False,0.0,0.0,0.0,0.0,0.0,0.0,0.0,2.0,0.0,0.0,0.35466418061386695,0.48525784679251094,0.25711426778410923,0.2818610144285211,wait:0.000000
4,62:0,62,no_addition,False,0.0,0.0,0.0,0.0,0.0,0.0,0.0,1.0,0.0,0.0,0.6737425411252645,0.6467612254331299,0.24181440332422513,0.1305552901432641,wait:0.000000
4,69:0,69,no_addition,False,0.0,0.0,0.0,0.0,0.0,0.0,0.0,2.0,0.0,1.0,0.5522842267235775,0.44811772559250074,0.1600034596194771,0.20616873348956766,wait:0.000000
4,70:0,70,no_addition,False,0.0,0.0,0.0,0.0,0.0,0.0,0.0,1.0,0.0,2.0,0.6750418326056267,0.5181513925536889,0.2641027359048809,0.2119510011871475,wait:0.000000
4,71:0,71,no_addition,False,0.0,0.0,0.0,0.0,0.0,0.0,0.0,0.0,0.0,3.0,0.5724433221045399,0.5798533147655999,0.1966434629438023,0.18891818549490788,wait:0.000000
4,77:0,77,no_addition,False,0.0,0.0,0.0,0.0,0.0,0.0,0.0,3.0,0.0,1.0,0.6557895980559207,0.5583678345059471,0.22680502196466576,0.27959005577356233,wait:0.000000
4,78:0,78,no_addition,False,0.0,0.0,0.0,0.0,0.0,0.0,0.0,2.0,0.0,0.0,0.6149527470465616,0.34177155101478407,0.24966732629549443,0.3066099241424625,wait:0.000000
4,83:0,83,no_addition,False,0.0,0.0,0.0,0.0,0.0,0.0,0.0,3.0,0.0,3.0,0.6492496307348407,0.3732835456302558,0.33254471762931725,0.16566944905945366,wait:0.000000
4,85:0,85,no_addition,False,0.0,0.0,0.0,0.0,0.0,0.0,0.0,2.0,0.0,1.0,0.6653815322741997,0.581425413119678,0.20909958497958275,0.18528397522787762,wait:0.000000
4,88:0,88,no_addition,False,0.0,0.0,0.0,0.0,0.0,0.0,0.0,4.0,0.0,5.0,0.6663316377708322,0.6852556576707169,0.12534868262092297,0.2075182675250232,wait:0.000000
4,89:0,89,no_addition,False,0.0,0.0,0.0,0.0,0.0,0.0,0.0,0.0,0.0,3.0,0.6154086354683044,0.39401625161170495,0.2224815867294293,0.23257959950918858,wait:0.000000
4,91:0,91,no_addition,False,0.0,0.0,0.0,0.0,0.0,0.0,0.0,2.0,0.0,3.0,0.35086857358249224,0.5025706490777337,0.2828989028082604,0.13555949477546203,wait:0.000000
4,99:0,99,no_addition,False,0.0,0.0,0.0,0.0,0.0,0.0,0.0,1.0,0.0,2.0,0.545919754635573,0.3762047328798433,0.32801517338061686,0.2986910420499687,wait:0.000000
4,101:0,101,no_addition,False,0.0,0.0,0.0,0.0,0.0,0.0,0.0,4.0,0.0,1.0,0.5810976055605849,0.3882687215850596,0.3072729448710695,0.21017157870428096,wait:0.000000
4,102:0,102,no_addition,False,0.0,0.0,0.0,0.0,0.0,0.0,0.0,1.0,0.0,3.0,0.6513672192398829,0.34011089000283523,0.23985665450696353,0.2798511655072161,wait:0.000000
4,103:0,103,no_addition,False,0.0,0.0,0.0,0.0,0.0,0.0,0.0,3.0,0.0,3.0,0.4345318844840096,0.352142200466893,0.3071780557516381,0.2065438493999356,wait:0.000000
4,106:0,106,no_addition,False,0.0,0.0,0.0,0.0,0.0,0.0,0.0,2.0,0.0,0.0,0.5538869960114561,0.4442274283105875,0.2104074641932924,0.13244187247478853,wait:0.000000
4,108:0,108,no_addition,False,0.0,0.0,0.0,0.0,0.0,0.0,0.0,3.0,0.0,4.0,0.662589369414454,0.6511030266015705,0.17469612445993973,0.26131271967635666,wait:0.000000
4,111:0,111,no_addition,False,0.0,0.0,0.0,0.0,0.0,0.0,0.0,2.0,0.0,2.0,0.5796869035044703,0.5398910016347154,0.14769215675894026,0.1264487992349216,wait:0.000000
4,113:0,113,no_addition,False,0.0,0.0,0.0,0.0,0.0,0.0,0.0,0.0,0.0,2.0,0.3188426505463827,0.658115326063435,0.2654550611848953,0.12446771722269334,wait:0.000000
4,117:0,117,no_addition,False,0.0,0.0,0.0,0.0,0.0,0.0,0.0,2.0,0.0,1.0,0.5262276374207189,0.34361268573099335,0.3344849565567116,0.23819627200325658,wait:0.000000
5,0:0,0,no_addition,False,0.0,0.0,0.0,0.0,0.0,0.0,0.0,2.0,0.0,3.0,0.6349269699863758,0.6451027268427387,0.18958490503426,0.22661546330778407,wait:0.000000
5,8:0,8,no_addition,False,0.0,0.0,0.0,0.0,0.0,0.0,0.0,0.0,0.0,4.0,0.3722448780626667,0.3741609179318683,0.12450188797737873,0.268675858392624,wait:0.000000
5,12:0,12,no_addition,False,0.0,0.0,0.0,0.0,0.0,0.0,0.0,2.0,0.0,1.0,0.6937817987812784,0.533729937316545,0.3039036571022257,0.2557276584561406,wait:0.000000
5,15:0,15,no_addition,False,0.0,0.0,0.0,0.0,0.0,0.0,0.0,3.0,0.0,3.0,0.5315402376273212,0.43827277049971713,0.15350122755625317,0.30298658066995987,wait:0.000000
5,17:0,17,no_addition,False,0.0,0.0,0.0,0.0,0.0,0.0,0.0,0.0,0.0,1.0,0.4819935126913222,0.6219505664093764,0.3244303667370665,0.25267729299700975,wait:0.000000
5,20:0,20,no_addition,False,0.0,0.0,0.0,0.0,0.0,0.0,0.0,0.0,0.0,1.0,0.5695092762977207,0.5427465433672397,0.1817366391800946,0.28158208675522445,wait:0.000000
5,31:0,31,no_addition,False,0.0,0.0,0.0,0.0,0.0,0.0,0.0,8.0,0.0,1.0,0.589231730984955,0.6693227769320748,0.20287329459672546,0.1596477209505274,wait:0.000000
5,37:0,37,no_addition,False,0.0,0.0,0.0,0.0,0.0,0.0,0.0,2.0,0.0,4.0,0.6066398133866089,0.6532623452529932,0.3053925153722587,0.16203645934202765,wait:0.000000
5,39:0,39,no_addition,False,0.0,0.0,0.0,0.0,0.0,0.0,0.0,5.0,0.0,2.0,0.37945770070522633,0.5325269746583201,0.1441159877114682,0.2581265639267173,wait:0.000000
5,42:0,42,no_addition,False,0.0,0.0,0.0,0.0,0.0,0.0,0.0,2.0,0.0,1.0,0.31466259977595556,0.46424046267399166,0.2612702822458626,0.13539310923713369,wait:0.000000
5,45:0,45,no_addition,False,0.0,0.0,0.0,0.0,0.0,0.0,0.0,5.0,0.0,0.0,0.6327854347063235,0.527231276761715,0.31173994230001556,0.13645278940660277,wait:0.000000
5,46:0,46,no_addition,False,0.0,0.0,0.0,0.0,0.0,0.0,0.0,6.0,0.0,1.0,0.41247147996441474,0.6846503611583785,0.23669126286736908,0.12787633965132716,wait:0.000000
5,54:0,54,no_addition,False,0.0,0.0,0.0,0.0,0.0,0.0,0.0,0.0,0.0,3.0,0.3104973378290874,0.6254248988225772,0.32626372298888134,0.28028762715313327,wait:0.000000
5,57:0,57,no_addition,False,0.0,0.0,0.0,0.0,0.0,0.0,0.0,3.0,0.0,1.0,0.3674812585006399,0.6063002200099101,0.1419637555088372,0.14083652994445953,wait:0.000000
5,58:0,58,no_addition,False,0.0,0.0,0.0,0.0,0.0,0.0,0.0,2.0,0.0,1.0,0.5698457129212575,0.5086375410968227,0.31770589102444186,0.16866236372747928,wait:0.000000
5,59:0,59,no_addition,False,0.0,0.0,0.0,0.0,0.0,0.0,0.0,2.0,0.0,2.0,0.6502922637422113,0.5324985384558232,0.3003984701500516,0.3307652353400831,wait:0.000000
5,60:0,60,no_addition,False,0.0,0.0,0.0,0.0,0.0,0.0,0.0,0.0,0.0,1.0,0.5345134400782842,0.6524568073919632,0.2785878606586106,0.18337523916769824,wait:0.000000
5,61:0,61,no_addition,False,0.0,0.0,0.0,0.0,0.0,0.0,0.0,2.0,0.0,0.0,0.35466418061386695,0.48525784679251094,0.25711426778410923,0.2818610144285211,wait:0.000000
5,62:0,62,no_addition,False,0.0,0.0,0.0,0.0,0.0,0.0,0.0,1.0,0.0,0.0,0.6737425411252645,0.6467612254331299,0.24181440332422513,0.1305552901432641,wait:0.000000
5,69:0,69,no_addition,False,0.0,0.0,0.0,0.0,0.0,0.0,0.0,2.0,0.0,1.0,0.5522842267235775,0.44811772559250074,0.1600034596194771,0.20616873348956766,wait:0.000000
5,70:0,70,no_addition,False,0.0,0.0,0.0,0.0,0.0,0.0,0.0,1.0,0.0,2.0,0.6750418326056267,0.5181513925536889,0.2641027359048809,0.2119510011871475,wait:0.000000
5,71:0,71,no_addition,False,0.0,0.0,0.0,0.0,0.0,0.0,0.0,0.0,0.0,3.0,0.5724433221045399,0.5798533147655999,0.1966434629438023,0.18891818549490788,wait:0.000000
5,77:0,77,no_addition,False,0.0,0.0,0.0,0.0,0.0,0.0,0.0,3.0,0.0,1.0,0.6557895980559207,0.5583678345059471,0.22680502196466576,0.27959005577356233,wait:0.000000
5,78:0,78,no_addition,False,0.0,0.0,0.0,0.0,0.0,0.0,0.0,2.0,0.0,0.0,0.6149527470465616,0.34177155101478407,0.24966732629549443,0.3066099241424625,wait:0.000000
5,83:0,83,no_addition,False,0.0,0.0,0.0,0.0,0.0,0.0,0.0,3.0,0.0,3.0,0.6492496307348407,0.3732835456302558,0.33254471762931725,0.16566944905945366,wait:0.000000
5,85:0,85,no_addition,False,0.0,0.0,0.0,0.0,0.0,0.0,0.0,2.0,0.0,1.0,0.6653815322741997,0.581425413119678,0.20909958497958275,0.18528397522787762,wait:0.000000
5,88:0,88,no_addition,False,0.0,0.0,0.0,0.0,0.0,0.0,0.0,4.0,0.0,5.0,0.6663316377708322,0.6852556576707169,0.12534868262092297,0.2075182675250232,wait:0.000000
5,89:0,89,no_addition,False,0.0,0.0,0.0,0.0,0.0,0.0,0.0,0.0,0.0,3.0,0.6154086354683044,0.39401625161170495,0.2224815867294293,0.23257959950918858,wait:0.000000
5,91:0,91,no_addition,False,0.0,0.0,0.0,0.0,0.0,0.0,0.0,2.0,0.0,3.0,0.35086857358249224,0.5025706490777337,0.2828989028082604,0.13555949477546203,wait:0.000000
5,99:0,99,no_addition,False,0.0,0.0,0.0,0.0,0.0,0.0,0.0,1.0,0.0,2.0,0.545919754635573,0.3762047328798433,0.32801517338061686,0.2986910420499687,wait:0.000000
5,101:0,101,no_addition,False,0.0,0.0,0.0,0.0,0.0,0.0,0.0,4.0,0.0,1.0,0.5810976055605849,0.3882687215850596,0.3072729448710695,0.21017157870428096,wait:0.000000
5,102:0,102,no_addition,False,0.0,0.0,0.0,0.0,0.0,0.0,0.0,1.0,0.0,3.0,0.6513672192398829,0.34011089000283523,0.23985665450696353,0.2798511655072161,wait:0.000000
5,103:0,103,no_addition,False,0.0,0.0,0.0,0.0,0.0,0.0,0.0,3.0,0.0,3.0,0.4345318844840096,0.352142200466893,0.3071780557516381,0.2065438493999356,wait:0.000000
5,106:0,106,no_addition,False,0.0,0.0,0.0,0.0,0.0,0.0,0.0,2.0,0.0,0.0,0.5538869960114561,0.4442274283105875,0.2104074641932924,0.13244187247478853,wait:0.000000
5,108:0,108,no_addition,False,0.0,0.0,0.0,0.0,0.0,0.0,0.0,3.0,0.0,4.0,0.662589369414454,0.6511030266015705,0.17469612445993973,0.26131271967635666,wait:0.000000
5,111:0,111,no_addition,False,0.0,0.0,0.0,0.0,0.0,0.0,0.0,2.0,0.0,2.0,0.5796869035044703,0.5398910016347154,0.14769215675894026,0.1264487992349216,wait:0.000000
5,113:0,113,no_addition,False,0.0,0.0,0.0,0.0,0.0,0.0,0.0,0.0,0.0,2.0,0.3188426505463827,0.658115326063435,0.2654550611848953,0.12446771722269334,wait:0.000000
5,117:0,117,no_addition,False,0.0,0.0,0.0,0.0,0.0,0.0,0.0,2.0,0.0,1.0,0.5262276374207189,0.34361268573099335,0.3344849565567116,0.23819627200325658,wait:0.000000
6,0:0,0,no_addition,False,0.0,0.0,0.0,0.0,0.0,0.0,0.0,2.0,0.0,2.0,0.6349269699863758,0.6451027268427387,0.18958490503426,0.22661546330778407,wait:0.000000
6,8:0,8,no_addition,False,0.0,0.0,0.0,0.0,0.0,0.0,0.0,0.0,0.0,0.0,0.3722448780626667,0.3741609179318683,0.12450188797737873,0.268675858392624,wait:0.000000
6,12:0,12,no_addition,False,0.0,0.0,0.0,0.0,0.0,0.0,0.0,2.0,0.0,0.0,0.6937817987812784,0.533729937316545,0.3039036571022257,0.2557276584561406,wait:0.000000
6,15:0,15,no_addition,False,0.0,0.0,0.0,0.0,0.0,0.0,0.0,3.0,0.0,1.0,0.5315402376273212,0.43827277049971713,0.15350122755625317,0.30298658066995987,wait:0.000000
6,17:0,17,no_addition,False,0.0,0.0,0.0,0.0,0.0,0.0,0.0,0.0,0.0,0.0,0.4819935126913222,0.6219505664093764,0.3244303667370665,0.25267729299700975,wait:0.000000
6,20:0,20,no_addition,False,0.0,0.0,0.0,0.0,0.0,0.0,0.0,0.0,0.0,1.0,0.5695092762977207,0.5427465433672397,0.1817366391800946,0.28158208675522445,wait:0.000000
6,31:0,31,no_addition,False,0.0,0.0,0.0,0.0,0.0,0.0,0.0,8.0,0.0,0.0,0.589231730984955,0.6693227769320748,0.20287329459672546,0.1596477209505274,wait:0.000000
6,37:0,37,no_addition,False,0.0,0.0,0.0,0.0,0.0,0.0,0.0,2.0,0.0,0.0,0.6066398133866089,0.6532623452529932,0.3053925153722587,0.16203645934202765,wait:0.000000
6,39:0,39,no_addition,False,0.0,0.0,0.0,0.0,0.0,0.0,0.0,5.0,0.0,0.0,0.37945770070522633,0.5325269746583201,0.1441159877114682,0.2581265639267173,wait:0.000000
6,42:0,42,no_addition,False,0.0,0.0,0.0,0.0,0.0,0.0,0.0,2.0,0.0,0.0,0.31466259977595556,0.46424046267399166,0.2612702822458626,0.13539310923713369,wait:0.000000
6,45:0,45,no_addition,False,0.0,0.0,0.0,0.0,0.0,0.0,0.0,5.0,0.0,0.0,0.6327854347063235,0.527231276761715,0.31173994230001556,0.13645278940660277,wait:0.000000
6,46:0,46,no_addition,False,0.0,0.0,0.0,0.0,0.0,0.0,0.0,6.0,0.0,0.0,0.41247147996441474,0.6846503611583785,0.23669126286736908,0.12787633965132716,wait:0.000000
6,54:0,54,no_addition,False,0.0,0.0,0.0,0.0,0.0,0.0,0.0,0.0,0.0,0.0,0.3104973378290874,0.6254248988225772,0.32626372298888134,0.28028762715313327,wait:0.000000
6,57:0,57,no_addition,False,0.0,0.0,0.0,0.0,0.0,0.0,0.0,3.0,0.0,0.0,0.3674812585006399,0.6063002200099101,0.1419637555088372,0.14083652994445953,wait:0.000000
6,58:0,58,no_addition,False,0.0,0.0,0.0,0.0,0.0,0.0,0.0,2.0,0.0,0.0,0.5698457129212575,0.5086375410968227,0.31770589102444186,0.16866236372747928,wait:0.000000
6,59:0,59,no_addition,False,0.0,0.0,0.0,0.0,0.0,0.0,0.0,2.0,0.0,0.0,0.6502922637422113,0.5324985384558232,0.3003984701500516,0.3307652353400831,wait:0.000000
6,60:0,60,no_addition,False,0.0,0.0,0.0,0.0,0.0,0.0,0.0,0.0,0.0,1.0,0.5345134400782842,0.6524568073919632,0.2785878606586106,0.18337523916769824,wait:0.000000
6,61:0,61,no_addition,False,0.0,0.0,0.0,0.0,0.0,0.0,0.0,2.0,0.0,0.0,0.35466418061386695,0.48525784679251094,0.25711426778410923,0.2818610144285211,wait:0.000000
6,62:0,62,no_addition,False,0.0,0.0,0.0,0.0,0.0,0.0,0.0,1.0,0.0,0.0,0.6737425411252645,0.6467612254331299,0.24181440332422513,0.1305552901432641,wait:0.000000
6,69:0,69,no_addition,False,0.0,0.0,0.0,0.0,0.0,0.0,0.0,2.0,0.0,0.0,0.5522842267235775,0.44811772559250074,0.1600034596194771,0.20616873348956766,wait:0.000000
6,70:0,70,no_addition,False,0.0,0.0,0.0,0.0,0.0,0.0,0.0,1.0,0.0,0.0,0.6750418326056267,0.5181513925536889,0.2641027359048809,0.2119510011871475,wait:0.000000
6,71:0,71,no_addition,False,0.0,0.0,0.0,0.0,0.0,0.0,0.0,0.0,0.0,1.0,0.5724433221045399,0.5798533147655999,0.1966434629438023,0.18891818549490788,wait:0.000000
6,77:0,77,no_addition,False,0.0,0.0,0.0,0.0,0.0,0.0,0.0,3.0,0.0,0.0,0.6557895980559207,0.5583678345059471,0.22680502196466576,0.27959005577356233,wait:0.000000
6,78:0,78,no_addition,False,0.0,0.0,0.0,0.0,0.0,0.0,0.0,2.0,0.0,0.0,0.6149527470465616,0.34177155101478407,0.24966732629549443,0.3066099241424625,wait:0.000000
6,83:0,83,no_addition,False,0.0,0.0,0.0,0.0,0.0,0.0,0.0,3.0,0.0,0.0,0.6492496307348407,0.3732835456302558,0.33254471762931725,0.16566944905945366,wait:0.000000
6,85:0,85,no_addition,False,0.0,0.0,0.0,0.0,0.0,0.0,0.0,2.0,0.0,0.0,0.6653815322741997,0.581425413119678,0.20909958497958275,0.18528397522787762,wait:0.000000
6,88:0,88,no_addition,False,0.0,0.0,0.0,0.0,0.0,0.0,0.0,4.0,0.0,0.0,0.6663316377708322,0.6852556576707169,0.12534868262092297,0.2075182675250232,wait:0.000000
6,89:0,89,no_addition,False,0.0,0.0,0.0,0.0,0.0,0.0,0.0,0.0,0.0,0.0,0.6154086354683044,0.39401625161170495,0.2224815867294293,0.23257959950918858,wait:0.000000
6,91:0,91,no_addition,False,0.0,0.0,0.0,0.0,0.0,0.0,0.0,2.0,0.0,0.0,0.35086857358249224,0.5025706490777337,0.2828989028082604,0.13555949477546203,wait:0.000000
6,99:0,99,no_addition,False,0.0,0.0,0.0,0.0,0.0,0.0,0.0,1.0,0.0,0.0,0.545919754635573,0.3762047328798433,0.32801517338061686,0.2986910420499687,wait:0.000000
6,101:0,101,no_addition,False,0.0,0.0,0.0,0.0,0.0,0.0,0.0,4.0,0.0,0.0,0.5810976055605849,0.3882687215850596,0.3072729448710695,0.21017157870428096,wait:0.000000
6,102:0,102,no_addition,False,0.0,0.0,0.0,0.0,0.0,0.0,0.0,1.0,0.0,0.0,0.6513672192398829,0.34011089000283523,0.23985665450696353,0.2798511655072161,wait:0.000000
6,103:0,103,no_addition,False,0.0,0.0,0.0,0.0,0.0,0.0,0.0,3.0,0.0,0.0,0.4345318844840096,0.352142200466893,0.3071780557516381,0.2065438493999356,wait:0.000000
6,106:0,106,no_addition,False,0.0,0.0,0.0,0.0,0.0,0.0,0.0,2.0,0.0,0.0,0.5538869960114561,0.4442274283105875,0.2104074641932924,0.13244187247478853,wait:0.000000
6,108:0,108,no_addition,False,0.0,0.0,0.0,0.0,0.0,0.0,0.0,3.0,0.0,0.0,0.662589369414454,0.6511030266015705,0.17469612445993973,0.26131271967635666,wait:0.000000
6,111:0,111,no_addition,False,0.0,0.0,0.0,0.0,0.0,0.0,0.0,2.0,0.0,0.0,0.5796869035044703,0.5398910016347154,0.14769215675894026,0.1264487992349216,wait:0.000000
6,113:0,113,no_addition,False,0.0,0.0,0.0,0.0,0.0,0.0,0.0,0.0,0.0,0.0,0.3188426505463827,0.658115326063435,0.2654550611848953,0.12446771722269334,wait:0.000000
6,117:0,117,no_addition,False,0.0,0.0,0.0,0.0,0.0,0.0,0.0,2.0,0.0,0.0,0.5262276374207189,0.34361268573099335,0.3344849565567116,0.23819627200325658,wait:0.000000
7,0:0,0,no_addition,False,0.0,0.0,0.0,0.0,0.0,0.0,0.0,0.0,0.0,0.0,0.6349269699863758,0.6451027268427387,0.18958490503426,0.22661546330778407,wait:0.000000
7,8:0,8,no_addition,False,0.0,0.0,0.0,0.0,0.0,0.0,0.0,0.0,0.0,0.0,0.3722448780626667,0.3741609179318683,0.12450188797737873,0.268675858392624,wait:0.000000
7,12:0,12,no_addition,False,0.0,0.0,0.0,0.0,0.0,0.0,0.0,0.0,0.0,0.0,0.6937817987812784,0.533729937316545,0.3039036571022257,0.2557276584561406,wait:0.000000
7,15:0,15,no_addition,False,0.0,0.0,0.0,0.0,0.0,0.0,0.0,0.0,0.0,0.0,0.5315402376273212,0.43827277049971713,0.15350122755625317,0.30298658066995987,wait:0.000000
7,17:0,17,no_addition,False,0.0,0.0,0.0,0.0,0.0,0.0,0.0,0.0,0.0,0.0,0.4819935126913222,0.6219505664093764,0.3244303667370665,0.25267729299700975,wait:0.000000
7,20:0,20,no_addition,False,0.0,0.0,0.0,0.0,0.0,0.0,0.0,0.0,0.0,0.0,0.5695092762977207,0.5427465433672397,0.1817366391800946,0.28158208675522445,wait:0.000000
7,31:0,31,no_addition,False,0.0,0.0,0.0,0.0,0.0,0.0,0.0,0.0,0.0,0.0,0.589231730984955,0.6693227769320748,0.20287329459672546,0.1596477209505274,wait:0.000000
7,37:0,37,no_addition,False,0.0,0.0,0.0,0.0,0.0,0.0,0.0,0.0,0.0,0.0,0.6066398133866089,0.6532623452529932,0.3053925153722587,0.16203645934202765,wait:0.000000
7,39:0,39,no_addition,False,0.0,0.0,0.0,0.0,0.0,0.0,0.0,0.0,0.0,0.0,0.37945770070522633,0.5325269746583201,0.1441159877114682,0.2581265639267173,wait:0.000000
7,42:0,42,no_addition,False,0.0,0.0,0.0,0.0,0.0,0.0,0.0,0.0,0.0,0.0,0.31466259977595556,0.46424046267399166,0.2612702822458626,0.13539310923713369,wait:0.000000
7,45:0,45,no_addition,False,0.0,0.0,0.0,0.0,0.0,0.0,0.0,0.0,0.0,0.0,0.6327854347063235,0.527231276761715,0.31173994230001556,0.13645278940660277,wait:0.000000
7,46:0,46,no_addition,False,0.0,0.0,0.0,0.0,0.0,0.0,0.0,0.0,0.0,0.0,0.41247147996441474,0.6846503611583785,0.23669126286736908,0.12787633965132716,wait:0.000000
7,54:0,54,no_addition,False,0.0,0.0,0.0,0.0,0.0,0.0,0.0,0.0,0.0,0.0,0.3104973378290874,0.6254248988225772,0.32626372298888134,0.28028762715313327,wait:0.000000
7,57:0,57,no_addition,False,0.0,0.0,0.0,0.0,0.0,0.0,0.0,0.0,0.0,0.0,0.3674812585006399,0.6063002200099101,0.1419637555088372,0.14083652994445953,wait:0.000000
7,58:0,58,no_addition,False,0.0,0.0,0.0,0.0,0.0,0.0,0.0,0.0,0.0,0.0,0.5698457129212575,0.5086375410968227,0.31770589102444186,0.16866236372747928,wait:0.000000
7,59:0,59,no_addition,False,0.0,0.0,0.0,0.0,0.0,0.0,0.0,0.0,0.0,0.0,0.6502922637422113,0.5324985384558232,0.3003984701500516,0.3307652353400831,wait:0.000000
7,60:0,60,no_addition,False,0.0,0.0,0.0,0.0,0.0,0.0,0.0,0.0,0.0,0.0,0.5345134400782842,0.6524568073919632,0.2785878606586106,0.18337523916769824,wait:0.000000
7,61:0,61,no_addition,False,0.0,0.0,0.0,0.0,0.0,0.0,0.0,0.0,0.0,0.0,0.35466418061386695,0.48525784679251094,0.25711426778410923,0.2818610144285211,wait:0.000000
7,62:0,62,no_addition,False,0.0,0.0,0.0,0.0,0.0,0.0,0.0,0.0,0.0,0.0,0.6737425411252645,0.6467612254331299,0.24181440332422513,0.1305552901432641,wait:0.000000
7,69:0,69,no_addition,False,0.0,0.0,0.0,0.0,0.0,0.0,0.0,0.0,0.0,0.0,0.5522842267235775,0.44811772559250074,0.1600034596194771,0.20616873348956766,wait:0.000000
7,70:0,70,no_addition,False,0.0,0.0,0.0,0.0,0.0,0.0,0.0,0.0,0.0,0.0,0.6750418326056267,0.5181513925536889,0.2641027359048809,0.2119510011871475,wait:0.000000
7,71:0,71,no_addition,False,0.0,0.0,0.0,0.0,0.0,0.0,0.0,0.0,0.0,0.0,0.5724433221045399,0.5798533147655999,0.1966434629438023,0.18891818549490788,wait:0.000000
7,77:0,77,no_addition,False,0.0,0.0,0.0,0.0,0.0,0.0,0.0,0.0,0.0,0.0,0.6557895980559207,0.5583678345059471,0.22680502196466576,0.27959005577356233,wait:0.000000
7,78:0,78,no_addition,False,0.0,0.0,0.0,0.0,0.0,0.0,0.0,0.0,0.0,0.0,0.6149527470465616,0.34177155101478407,0.24966732629549443,0.3066099241424625,wait:0.000000
7,83:0,83,no_addition,False,0.0,0.0,0.0,0.0,0.0,0.0,0.0,0.0,0.0,0.0,0.6492496307348407,0.3732835456302558,0.33254471762931725,0.16566944905945366,wait:0.000000
7,85:0,85,no_addition,False,0.0,0.0,0.0,0.0,0.0,0.0,0.0,0.0,0.0,0.0,0.6653815322741997,0.581425413119678,0.20909958497958275,0.18528397522787762,wait:0.000000
7,88:0,88,no_addition,False,0.0,0.0,0.0,0.0,0.0,0.0,0.0,0.0,0.0,0.0,0.6663316377708322,0.6852556576707169,0.12534868262092297,0.2075182675250232,wait:0.000000
7,89:0,89,no_addition,False,0.0,0.0,0.0,0.0,0.0,0.0,0.0,0.0,0.0,0.0,0.6154086354683044,0.39401625161170495,0.2224815867294293,0.23257959950918858,wait:0.000000
7,91:0,91,no_addition,False,0.0,0.0,0.0,0.0,0.0,0.0,0.0,0.0,0.0,0.0,0.35086857358249224,0.5025706490777337,0.2828989028082604,0.13555949477546203,wait:0.000000
7,99:0,99,no_addition,False,0.0,0.0,0.0,0.0,0.0,0.0,0.0,0.0,0.0,0.0,0.545919754635573,0.3762047328798433,0.32801517338061686,0.2986910420499687,wait:0.000000
7,101:0,101,no_addition,False,0.0,0.0,0.0,0.0,0.0,0.0,0.0,0.0,0.0,0.0,0.5810976055605849,0.3882687215850596,0.3072729448710695,0.21017157870428096,wait:0.000000
7,102:0,102,no_addition,False,0.0,0.0,0.0,0.0,0.0,0.0,0.0,0.0,0.0,0.0,0.6513672192398829,0.34011089000283523,0.23985665450696353,0.2798511655072161,wait:0.000000
7,103:0,103,no_addition,False,0.0,0.0,0.0,0.0,0.0,0.0,0.0,0.0,0.0,0.0,0.4345318844840096,0.352142200466893,0.3071780557516381,0.2065438493999356,wait:0.000000
7,106:0,106,no_addition,False,0.0,0.0,0.0,0.0,0.0,0.0,0.0,0.0,0.0,0.0,0.5538869960114561,0.4442274283105875,0.2104074641932924,0.13244187247478853,wait:0.000000
7,108:0,108,no_addition,False,0.0,0.0,0.0,0.0,0.0,0.0,0.0,0.0,0.0,0.0,0.662589369414454,0.6511030266015705,0.17469612445993973,0.26131271967635666,wait:0.000000
7,111:0,111,no_addition,False,0.0,0.0,0.0,0.0,0.0,0.0,0.0,0.0,0.0,0.0,0.5796869035044703,0.5398910016347154,0.14769215675894026,0.1264487992349216,wait:0.000000
7,113:0,113,no_addition,False,0.0,0.0,0.0,0.0,0.0,0.0,0.0,0.0,0.0,0.0,0.3188426505463827,0.658115326063435,0.2654550611848953,0.12446771722269334,wait:0.000000
7,117:0,117,no_addition,False,0.0,0.0,0.0,0.0,0.0,0.0,0.0,0.0,0.0,0.0,0.5262276374207189,0.34361268573099335,0.3344849565567116,0.23819627200325658,wait:0.000000
8,0:0,0,no_addition,False,0.0,0.0,0.0,0.0,0.0,0.0,0.0,0.0,0.0,0.0,0.6349269699863758,0.6451027268427387,0.18958490503426,0.22661546330778407,wait:0.000000
8,8:0,8,no_addition,False,0.0,0.0,0.0,0.0,0.0,0.0,0.0,0.0,0.0,0.0,0.3722448780626667,0.3741609179318683,0.12450188797737873,0.268675858392624,wait:0.000000
8,12:0,12,no_addition,False,0.0,0.0,0.0,0.0,0.0,0.0,0.0,0.0,0.0,0.0,0.6937817987812784,0.533729937316545,0.3039036571022257,0.2557276584561406,wait:0.000000
8,15:0,15,no_addition,False,0.0,0.0,0.0,0.0,0.0,0.0,0.0,0.0,0.0,0.0,0.5315402376273212,0.43827277049971713,0.15350122755625317,0.30298658066995987,wait:0.000000
8,17:0,17,no_addition,False,0.0,0.0,0.0,0.0,0.0,0.0,0.0,0.0,0.0,0.0,0.4819935126913222,0.6219505664093764,0.3244303667370665,0.25267729299700975,wait:0.000000
8,20:0,20,no_addition,False,0.0,0.0,0.0,0.0,0.0,0.0,0.0,0.0,0.0,0.0,0.5695092762977207,0.5427465433672397,0.1817366391800946,0.28158208675522445,wait:0.000000
8,31:0,31,no_addition,False,0.0,0.0,0.0,0.0,0.0,0.0,0.0,0.0,0.0,0.0,0.589231730984955,0.6693227769320748,0.20287329459672546,0.1596477209505274,wait:0.000000
8,37:0,37,no_addition,False,0.0,0.0,0.0,0.0,0.0,0.0,0.0,0.0,0.0,0.0,0.6066398133866089,0.6532623452529932,0.3053925153722587,0.16203645934202765,wait:0.000000
8,39:0,39,no_addition,False,0.0,0.0,0.0,0.0,0.0,0.0,0.0,0.0,0.0,0.0,0.37945770070522633,0.5325269746583201,0.1441159877114682,0.2581265639267173,wait:0.000000
8,42:0,42,no_addition,False,0.0,0.0,0.0,0.0,0.0,0.0,0.0,0.0,0.0,0.0,0.31466259977595556,0.46424046267399166,0.2612702822458626,0.13539310923713369,wait:0.000000
8,45:0,45,no_addition,False,0.0,0.0,0.0,0.0,0.0,0.0,0.0,0.0,0.0,0.0,0.6327854347063235,0.527231276761715,0.31173994230001556,0.13645278940660277,wait:0.000000
8,46:0,46,no_addition,False,0.0,0.0,0.0,0.0,0.0,0.0,0.0,0.0,0.0,0.0,0.41247147996441474,0.6846503611583785,0.23669126286736908,0.12787633965132716,wait:0.000000
8,54:0,54,no_addition,False,0.0,0.0,0.0,0.0,0.0,0.0,0.0,0.0,0.0,0.0,0.3104973378290874,0.6254248988225772,0.32626372298888134,0.28028762715313327,wait:0.000000
8,57:0,57,no_addition,False,0.0,0.0,0.0,0.0,0.0,0.0,0.0,0.0,0.0,0.0,0.3674812585006399,0.6063002200099101,0.1419637555088372,0.14083652994445953,wait:0.000000
8,58:0,58,no_addition,False,0.0,0.0,0.0,0.0,0.0,0.0,0.0,0.0,0.0,0.0,0.5698457129212575,0.5086375410968227,0.31770589102444186,0.16866236372747928,wait:0.000000
8,59:0,59,no_addition,False,0.0,0.0,0.0,0.0,0.0,0.0,0.0,0.0,0.0,0.0,0.6502922637422113,0.5324985384558232,0.3003984701500516,0.3307652353400831,wait:0.000000
8,60:0,60,no_addition,False,0.0,0.0,0.0,0.0,0.0,0.0,0.0,0.0,0.0,0.0,0.5345134400782842,0.6524568073919632,0.2785878606586106,0.18337523916769824,wait:0.000000
8,61:0,61,no_addition,False,0.0,0.0,0.0,0.0,0.0,0.0,0.0,0.0,0.0,0.0,0.35466418061386695,0.48525784679251094,0.25711426778410923,0.2818610144285211,wait:0.000000
8,62:0,62,no_addition,False,0.0,0.0,0.0,0.0,0.0,0.0,0.0,0.0,0.0,0.0,0.6737425411252645,0.6467612254331299,0.24181440332422513,0.1305552901432641,wait:0.000000
8,69:0,69,no_addition,False,0.0,0.0,0.0,0.0,0.0,0.0,0.0,0.0,0.0,0.0,0.5522842267235775,0.44811772559250074,0.1600034596194771,0.20616873348956766,wait:0.000000
8,70:0,70,no_addition,False,0.0,0.0,0.0,0.0,0.0,0.0,0.0,0.0,0.0,0.0,0.6750418326056267,0.5181513925536889,0.2641027359048809,0.2119510011871475,wait:0.000000
8,71:0,71,no_addition,False,0.0,0.0,0.0,0.0,0.0,0.0,0.0,0.0,0.0,0.0,0.5724433221045399,0.5798533147655999,0.1966434629438023,0.18891818549490788,wait:0.000000
8,77:0,77,no_addition,False,0.0,0.0,0.0,0.0,0.0,0.0,0.0,0.0,0.0,0.0,0.6557895980559207,0.5583678345059471,0.22680502196466576,0.27959005577356233,wait:0.000000
8,78:0,78,no_addition,False,0.0,0.0,0.0,0.0,0.0,0.0,0.0,0.0,0.0,0.0,0.6149527470465616,0.34177155101478407,0.24966732629549443,0.3066099241424625,wait:0.000000
8,83:0,83,no_addition,False,0.0,0.0,0.0,0.0,0.0,0.0,0.0,0.0,0.0,0.0,0.6492496307348407,0.3732835456302558,0.33254471762931725,0.16566944905945366,wait:0.000000
8,85:0,85,no_addition,False,0.0,0.0,0.0,0.0,0.0,0.0,0.0,0.0,0.0,0.0,0.6653815322741997,0.581425413119678,0.20909958497958275,0.18528397522787762,wait:0.000000
8,88:0,88,no_addition,False,0.0,0.0,0.0,0.0,0.0,0.0,0.0,0.0,0.0,0.0,0.6663316377708322,0.6852556576707169,0.12534868262092297,0.2075182675250232,wait:0.000000
8,89:0,89,no_addition,False,0.0,0.0,0.0,0.0,0.0,0.0,0.0,0.0,0.0,0.0,0.6154086354683044,0.39401625161170495,0.2224815867294293,0.23257959950918858,wait:0.000000
8,91:0,91,no_addition,False,0.0,0.0,0.0,0.0,0.0,0.0,0.0,0.0,0.0,0.0,0.35086857358249224,0.5025706490777337,0.2828989028082604,0.13555949477546203,wait:0.000000
8,99:0,99,no_addition,False,0.0,0.0,0.0,0.0,0.0,0.0,0.0,0.0,0.0,0.0,0.545919754635573,0.3762047328798433,0.32801517338061686,0.2986910420499687,wait:0.000000
8,101:0,101,no_addition,False,0.0,0.0,0.0,0.0,0.0,0.0,0.0,0.0,0.0,0.0,0.5810976055605849,0.3882687215850596,0.3072729448710695,0.21017157870428096,wait:0.000000
8,102:0,102,no_addition,False,0.0,0.0,0.0,0.0,0.0,0.0,0.0,0.0,0.0,0.0,0.6513672192398829,0.34011089000283523,0.23985665450696353,0.2798511655072161,wait:0.000000
8,103:0,103,no_addition,False,0.0,0.0,0.0,0.0,0.0,0.0,0.0,0.0,0.0,0.0,0.4345318844840096,0.352142200466893,0.3071780557516381,0.2065438493999356,wait:0.000000
8,106:0,106,no_addition,False,0.0,0.0,0.0,0.0,0.0,0.0,0.0,0.0,0.0,0.0,0.5538869960114561,0.4442274283105875,0.2104074641932924,0.13244187247478853,wait:0.000000
8,108:0,108,no_addition,False,0.0,0.0,0.0,0.0,0.0,0.0,0.0,0.0,0.0,0.0,0.662589369414454,0.6511030266015705,0.17469612445993973,0.26131271967635666,wait:0.000000
8,111:0,111,no_addition,False,0.0,0.0,0.0,0.0,0.0,0.0,0.0,0.0,0.0,0.0,0.5796869035044703,0.5398910016347154,0.14769215675894026,0.1264487992349216,wait:0.000000
8,113:0,113,no_addition,False,0.0,0.0,0.0,0.0,0.0,0.0,0.0,0.0,0.0,0.0,0.3188426505463827,0.658115326063435,0.2654550611848953,0.12446771722269334,wait:0.000000
8,117:0,117,no_addition,False,0.0,0.0,0.0,0.0,0.0,0.0,0.0,0.0,0.0,0.0,0.5262276374207189,0.34361268573099335,0.3344849565567116,0.23819627200325658,wait:0.000000
9,0:0,0,no_addition,False,0.0,0.0,0.0,0.0,0.0,0.0,0.0,0.0,0.0,0.0,0.6349269699863758,0.6451027268427387,0.18958490503426,0.22661546330778407,wait:0.000000
9,8:0,8,no_addition,False,0.0,0.0,0.0,0.0,0.0,0.0,0.0,0.0,0.0,0.0,0.3722448780626667,0.3741609179318683,0.12450188797737873,0.268675858392624,wait:0.000000
9,12:0,12,no_addition,False,0.0,0.0,0.0,0.0,0.0,0.0,0.0,0.0,0.0,0.0,0.6937817987812784,0.533729937316545,0.3039036571022257,0.2557276584561406,wait:0.000000
9,15:0,15,no_addition,False,0.0,0.0,0.0,0.0,0.0,0.0,0.0,0.0,0.0,0.0,0.5315402376273212,0.43827277049971713,0.15350122755625317,0.30298658066995987,wait:0.000000
9,17:0,17,no_addition,False,0.0,0.0,0.0,0.0,0.0,0.0,0.0,0.0,0.0,0.0,0.4819935126913222,0.6219505664093764,0.3244303667370665,0.25267729299700975,wait:0.000000
9,20:0,20,no_addition,False,0.0,0.0,0.0,0.0,0.0,0.0,0.0,0.0,0.0,0.0,0.5695092762977207,0.5427465433672397,0.1817366391800946,0.28158208675522445,wait:0.000000
9,31:0,31,no_addition,False,0.0,0.0,0.0,0.0,0.0,0.0,0.0,0.0,0.0,0.0,0.589231730984955,0.6693227769320748,0.20287329459672546,0.1596477209505274,wait:0.000000
9,37:0,37,no_addition,False,0.0,0.0,0.0,0.0,0.0,0.0,0.0,0.0,0.0,0.0,0.6066398133866089,0.6532623452529932,0.3053925153722587,0.16203645934202765,wait:0.000000
9,39:0,39,no_addition,False,0.0,0.0,0.0,0.0,0.0,0.0,0.0,0.0,0.0,0.0,0.37945770070522633,0.5325269746583201,0.1441159877114682,0.2581265639267173,wait:0.000000
9,42:0,42,no_addition,False,0.0,0.0,0.0,0.0,0.0,0.0,0.0,0.0,0.0,0.0,0.31466259977595556,0.46424046267399166,0.2612702822458626,0.13539310923713369,wait:0.000000
9,45:0,45,no_addition,False,0.0,0.0,0.0,0.0,0.0,0.0,0.0,0.0,0.0,0.0,0.6327854347063235,0.527231276761715,0.31173994230001556,0.13645278940660277,wait:0.000000
9,46:0,46,no_addition,False,0.0,0.0,0.0,0.0,0.0,0.0,0.0,0.0,0.0,0.0,0.41247147996441474,0.6846503611583785,0.23669126286736908,0.12787633965132716,wait:0.000000
9,54:0,54,no_addition,False,0.0,0.0,0.0,0.0,0.0,0.0,0.0,0.0,0.0,0.0,0.3104973378290874,0.6254248988225772,0.32626372298888134,0.28028762715313327,wait:0.000000
9,57:0,57,no_addition,False,0.0,0.0,0.0,0.0,0.0,0.0,0.0,0.0,0.0,0.0,0.3674812585006399,0.6063002200099101,0.1419637555088372,0.14083652994445953,wait:0.000000
9,58:0,58,no_addition,False,0.0,0.0,0.0,0.0,0.0,0.0,0.0,0.0,0.0,0.0,0.5698457129212575,0.5086375410968227,0.31770589102444186,0.16866236372747928,wait:0.000000
9,59:0,59,no_addition,False,0.0,0.0,0.0,0.0,0.0,0.0,0.0,0.0,0.0,0.0,0.6502922637422113,0.5324985384558232,0.3003984701500516,0.3307652353400831,wait:0.000000
9,60:0,60,no_addition,False,0.0,0.0,0.0,0.0,0.0,0.0,0.0,0.0,0.0,0.0,0.5345134400782842,0.6524568073919632,0.2785878606586106,0.18337523916769824,wait:0.000000
9,61:0,61,no_addition,False,0.0,0.0,0.0,0.0,0.0,0.0,0.0,0.0,0.0,0.0,0.35466418061386695,0.48525784679251094,0.25711426778410923,0.2818610144285211,wait:0.000000
9,62:0,62,no_addition,False,0.0,0.0,0.0,0.0,0.0,0.0,0.0,0.0,0.0,0.0,0.6737425411252645,0.6467612254331299,0.24181440332422513,0.1305552901432641,wait:0.000000
9,69:0,69,no_addition,False,0.0,0.0,0.0,0.0,0.0,0.0,0.0,0.0,0.0,0.0,0.5522842267235775,0.44811772559250074,0.1600034596194771,0.20616873348956766,wait:0.000000
9,70:0,70,no_addition,False,0.0,0.0,0.0,0.0,0.0,0.0,0.0,0.0,0.0,0.0,0.6750418326056267,0.5181513925536889,0.2641027359048809,0.2119510011871475,wait:0.000000
9,71:0,71,no_addition,False,0.0,0.0,0.0,0.0,0.0,0.0,0.0,0.0,0.0,0.0,0.5724433221045399,0.5798533147655999,0.1966434629438023,0.18891818549490788,wait:0.000000
9,77:0,77,no_addition,False,0.0,0.0,0.0,0.0,0.0,0.0,0.0,0.0,0.0,0.0,0.6557895980559207,0.5583678345059471,0.22680502196466576,0.27959005577356233,wait:0.000000
9,78:0,78,no_addition,False,0.0,0.0,0.0,0.0,0.0,0.0,0.0,0.0,0.0,0.0,0.6149527470465616,0.34177155101478407,0.24966732629549443,0.3066099241424625,wait:0.000000
9,83:0,83,no_addition,False,0.0,0.0,0.0,0.0,0.0,0.0,0.0,0.0,0.0,0.0,0.6492496307348407,0.3732835456302558,0.33254471762931725,0.16566944905945366,wait:0.000000
9,85:0,85,no_addition,False,0.0,0.0,0.0,0.0,0.0,0.0,0.0,0.0,0.0,0.0,0.6653815322741997,0.581425413119678,0.20909958497958275,0.18528397522787762,wait:0.000000
9,88:0,88,no_addition,False,0.0,0.0,0.0,0.0,0.0,0.0,0.0,0.0,0.0,0.0,0.6663316377708322,0.6852556576707169,0.12534868262092297,0.2075182675250232,wait:0.000000
9,89:0,89,no_addition,False,0.0,0.0,0.0,0.0,0.0,0.0,0.0,0.0,0.0,0.0,0.6154086354683044,0.39401625161170495,0.2224815867294293,0.23257959950918858,wait:0.000000
9,91:0,91,no_addition,False,0.0,0.0,0.0,0.0,0.0,0.0,0.0,0.0,0.0,0.0,0.35086857358249224,0.5025706490777337,0.2828989028082604,0.13555949477546203,wait:0.000000
9,99:0,99,no_addition,False,0.0,0.0,0.0,0.0,0.0,0.0,0.0,0.0,0.0,0.0,0.545919754635573,0.3762047328798433,0.32801517338061686,0.2986910420499687,wait:0.000000
9,101:0,101,no_addition,False,0.0,0.0,0.0,0.0,0.0,0.0,0.0,0.0,0.0,0.0,0.5810976055605849,0.3882687215850596,0.3072729448710695,0.21017157870428096,wait:0.000000
9,102:0,102,no_addition,False,0.0,0.0,0.0,0.0,0.0,0.0,0.0,0.0,0.0,0.0,0.6513672192398829,0.34011089000283523,0.23985665450696353,0.2798511655072161,wait:0.000000
9,103:0,103,no_addition,False,0.0,0.0,0.0,0.0,0.0,0.0,0.0,0.0,0.0,0.0,0.4345318844840096,0.352142200466893,0.3071780557516381,0.2065438493999356,wait:0.000000
9,106:0,106,no_addition,False,0.0,0.0,0.0,0.0,0.0,0.0,0.0,0.0,0.0,0.0,0.5538869960114561,0.4442274283105875,0.2104074641932924,0.13244187247478853,wait:0.000000
9,108:0,108,no_addition,False,0.0,0.0,0.0,0.0,0.0,0.0,0.0,0.0,0.0,0.0,0.662589369414454,0.6511030266015705,0.17469612445993973,0.26131271967635666,wait:0.000000
9,111:0,111,no_addition,False,0.0,0.0,0.0,0.0,0.0,0.0,0.0,0.0,0.0,0.0,0.5796869035044703,0.5398910016347154,0.14769215675894026,0.1264487992349216,wait:0.000000
9,113:0,113,no_addition,False,0.0,0.0,0.0,0.0,0.0,0.0,0.0,0.0,0.0,0.0,0.3188426505463827,0.658115326063435,0.2654550611848953,0.12446771722269334,wait:0.000000
9,117:0,117,no_addition,False,0.0,0.0,0.0,0.0,0.0,0.0,0.0,0.0,0.0,0.0,0.5262276374207189,0.34361268573099335,0.3344849565567116,0.23819627200325658,wait:0.000000
10,0:0,0,no_addition,False,0.0,0.0,0.0,0.0,0.0,0.0,0.0,0.0,0.0,0.0,0.6349269699863758,0.6451027268427387,0.18958490503426,0.22661546330778407,wait:0.000000
10,8:0,8,no_addition,False,0.0,0.0,0.0,0.0,0.0,0.0,0.0,0.0,0.0,0.0,0.3722448780626667,0.3741609179318683,0.12450188797737873,0.268675858392624,wait:0.000000
10,12:0,12,no_addition,False,0.0,0.0,0.0,0.0,0.0,0.0,0.0,0.0,0.0,0.0,0.6937817987812784,0.533729937316545,0.3039036571022257,0.2557276584561406,wait:0.000000
10,15:0,15,no_addition,False,0.0,0.0,0.0,0.0,0.0,0.0,0.0,0.0,0.0,0.0,0.5315402376273212,0.43827277049971713,0.15350122755625317,0.30298658066995987,wait:0.000000
10,17:0,17,no_addition,False,0.0,0.0,0.0,0.0,0.0,0.0,0.0,0.0,0.0,0.0,0.4819935126913222,0.6219505664093764,0.3244303667370665,0.25267729299700975,wait:0.000000
10,20:0,20,no_addition,False,0.0,0.0,0.0,0.0,0.0,0.0,0.0,0.0,0.0,0.0,0.5695092762977207,0.5427465433672397,0.1817366391800946,0.28158208675522445,wait:0.000000
10,31:0,31,no_addition,False,0.0,0.0,0.0,0.0,0.0,0.0,0.0,0.0,0.0,0.0,0.589231730984955,0.6693227769320748,0.20287329459672546,0.1596477209505274,wait:0.000000
10,37:0,37,no_addition,False,0.0,0.0,0.0,0.0,0.0,0.0,0.0,0.0,0.0,0.0,0.6066398133866089,0.6532623452529932,0.3053925153722587,0.16203645934202765,wait:0.000000
10,39:0,39,no_addition,False,0.0,0.0,0.0,0.0,0.0,0.0,0.0,0.0,0.0,0.0,0.37945770070522633,0.5325269746583201,0.1441159877114682,0.2581265639267173,wait:0.000000
10,42:0,42,no_addition,False,0.0,0.0,0.0,0.0,0.0,0.0,0.0,0.0,0.0,0.0,0.31466259977595556,0.46424046267399166,0.2612702822458626,0.13539310923713369,wait:0.000000
10,45:0,45,no_addition,False,0.0,0.0,0.0,0.0,0.0,0.0,0.0,0.0,0.0,0.0,0.6327854347063235,0.527231276761715,0.31173994230001556,0.13645278940660277,wait:0.000000
10,46:0,46,no_addition,False,0.0,0.0,0.0,0.0,0.0,0.0,0.0,0.0,0.0,0.0,0.41247147996441474,0.6846503611583785,0.23669126286736908,0.12787633965132716,wait:0.000000
10,54:0,54,no_addition,False,0.0,0.0,0.0,0.0,0.0,0.0,0.0,0.0,0.0,0.0,0.3104973378290874,0.6254248988225772,0.32626372298888134,0.28028762715313327,wait:0.000000
10,57:0,57,no_addition,False,0.0,0.0,0.0,0.0,0.0,0.0,0.0,0.0,0.0,0.0,0.3674812585006399,0.6063002200099101,0.1419637555088372,0.14083652994445953,wait:0.000000
10,58:0,58,no_addition,False,0.0,0.0,0.0,0.0,0.0,0.0,0.0,0.0,0.0,0.0,0.5698457129212575,0.5086375410968227,0.31770589102444186,0.16866236372747928,wait:0.000000
10,59:0,59,no_addition,False,0.0,0.0,0.0,0.0,0.0,0.0,0.0,0.0,0.0,0.0,0.6502922637422113,0.5324985384558232,0.3003984701500516,0.3307652353400831,wait:0.000000
10,60:0,60,no_addition,False,0.0,0.0,0.0,0.0,0.0,0.0,0.0,0.0,0.0,0.0,0.5345134400782842,0.6524568073919632,0.2785878606586106,0.18337523916769824,wait:0.000000
10,61:0,61,no_addition,False,0.0,0.0,0.0,0.0,0.0,0.0,0.0,0.0,0.0,0.0,0.35466418061386695,0.48525784679251094,0.25711426778410923,0.2818610144285211,wait:0.000000
10,62:0,62,no_addition,False,0.0,0.0,0.0,0.0,0.0,0.0,0.0,0.0,0.0,0.0,0.6737425411252645,0.6467612254331299,0.24181440332422513,0.1305552901432641,wait:0.000000
10,69:0,69,no_addition,False,0.0,0.0,0.0,0.0,0.0,0.0,0.0,0.0,0.0,0.0,0.5522842267235775,0.44811772559250074,0.1600034596194771,0.20616873348956766,wait:0.000000
10,70:0,70,no_addition,False,0.0,0.0,0.0,0.0,0.0,0.0,0.0,0.0,0.0,0.0,0.6750418326056267,0.5181513925536889,0.2641027359048809,0.2119510011871475,wait:0.000000
10,71:0,71,no_addition,False,0.0,0.0,0.0,0.0,0.0,0.0,0.0,0.0,0.0,0.0,0.5724433221045399,0.5798533147655999,0.1966434629438023,0.18891818549490788,wait:0.000000
10,77:0,77,no_addition,False,0.0,0.0,0.0,0.0,0.0,0.0,0.0,0.0,0.0,0.0,0.6557895980559207,0.5583678345059471,0.22680502196466576,0.27959005577356233,wait:0.000000
10,78:0,78,no_addition,False,0.0,0.0,0.0,0.0,0.0,0.0,0.0,0.0,0.0,0.0,0.6149527470465616,0.34177155101478407,0.24966732629549443,0.3066099241424625,wait:0.000000
10,83:0,83,no_addition,False,0.0,0.0,0.0,0.0,0.0,0.0,0.0,0.0,0.0,0.0,0.6492496307348407,0.3732835456302558,0.33254471762931725,0.16566944905945366,wait:0.000000
10,85:0,85,no_addition,False,0.0,0.0,0.0,0.0,0.0,0.0,0.0,0.0,0.0,0.0,0.6653815322741997,0.581425413119678,0.20909958497958275,0.18528397522787762,wait:0.000000
10,88:0,88,no_addition,False,0.0,0.0,0.0,0.0,0.0,0.0,0.0,0.0,0.0,0.0,0.6663316377708322,0.6852556576707169,0.12534868262092297,0.2075182675250232,wait:0.000000
10,89:0,89,no_addition,False,0.0,0.0,0.0,0.0,0.0,0.0,0.0,0.0,0.0,0.0,0.6154086354683044,0.39401625161170495,0.2224815867294293,0.23257959950918858,wait:0.000000
10,91:0,91,no_addition,False,0.0,0.0,0.0,0.0,0.0,0.0,0.0,0.0,0.0,0.0,0.35086857358249224,0.5025706490777337,0.2828989028082604,0.13555949477546203,wait:0.000000
10,99:0,99,no_addition,False,0.0,0.0,0.0,0.0,0.0,0.0,0.0,0.0,0.0,0.0,0.545919754635573,0.3762047328798433,0.32801517338061686,0.2986910420499687,wait:0.000000
10,101:0,101,no_addition,False,0.0,0.0,0.0,0.0,0.0,0.0,0.0,0.0,0.0,0.0,0.5810976055605849,0.3882687215850596,0.3072729448710695,0.21017157870428096,wait:0.000000
10,102:0,102,no_addition,False,0.0,0.0,0.0,0.0,0.0,0.0,0.0,0.0,0.0,0.0,0.6513672192398829,0.34011089000283523,0.23985665450696353,0.2798511655072161,wait:0.000000
10,103:0,103,no_addition,False,0.0,0.0,0.0,0.0,0.0,0.0,0.0,0.0,0.0,0.0,0.4345318844840096,0.352142200466893,0.3071780557516381,0.2065438493999356,wait:0.000000
10,106:0,106,no_addition,False,0.0,0.0,0.0,0.0,0.0,0.0,0.0,0.0,0.0,0.0,0.5538869960114561,0.4442274283105875,0.2104074641932924,0.13244187247478853,wait:0.000000
10,108:0,108,no_addition,False,0.0,0.0,0.0,0.0,0.0,0.0,0.0,0.0,0.0,0.0,0.662589369414454,0.6511030266015705,0.17469612445993973,0.26131271967635666,wait:0.000000
10,111:0,111,no_addition,False,0.0,0.0,0.0,0.0,0.0,0.0,0.0,0.0,0.0,0.0,0.5796869035044703,0.5398910016347154,0.14769215675894026,0.1264487992349216,wait:0.000000
10,113:0,113,no_addition,False,0.0,0.0,0.0,0.0,0.0,0.0,0.0,0.0,0.0,0.0,0.3188426505463827,0.658115326063435,0.2654550611848953,0.12446771722269334,wait:0.000000
10,117:0,117,no_addition,False,0.0,0.0,0.0,0.0,0.0,0.0,0.0,0.0,0.0,0.0,0.5262276374207189,0.34361268573099335,0.3344849565567116,0.23819627200325658,wait:0.000000
11,0:0,0,no_addition,False,0.0,0.0,0.0,0.0,0.0,0.0,0.0,0.0,0.0,0.0,0.6349269699863758,0.6451027268427387,0.18958490503426,0.22661546330778407,wait:0.000000
11,8:0,8,no_addition,False,0.0,0.0,0.0,0.0,0.0,0.0,0.0,0.0,0.0,0.0,0.3722448780626667,0.3741609179318683,0.12450188797737873,0.268675858392624,wait:0.000000
11,12:0,12,no_addition,False,0.0,0.0,0.0,0.0,0.0,0.0,0.0,0.0,0.0,0.0,0.6937817987812784,0.533729937316545,0.3039036571022257,0.2557276584561406,wait:0.000000
11,15:0,15,no_addition,False,0.0,0.0,0.0,0.0,0.0,0.0,0.0,0.0,0.0,0.0,0.5315402376273212,0.43827277049971713,0.15350122755625317,0.30298658066995987,wait:0.000000
11,17:0,17,no_addition,False,0.0,0.0,0.0,0.0,0.0,0.0,0.0,0.0,0.0,0.0,0.4819935126913222,0.6219505664093764,0.3244303667370665,0.25267729299700975,wait:0.000000
11,20:0,20,no_addition,False,0.0,0.0,0.0,0.0,0.0,0.0,0.0,0.0,0.0,0.0,0.5695092762977207,0.5427465433672397,0.1817366391800946,0.28158208675522445,wait:0.000000
11,31:0,31,no_addition,False,0.0,0.0,0.0,0.0,0.0,0.0,0.0,0.0,0.0,0.0,0.589231730984955,0.6693227769320748,0.20287329459672546,0.1596477209505274,wait:0.000000
11,37:0,37,no_addition,False,0.0,0.0,0.0,0.0,0.0,0.0,0.0,0.0,0.0,0.0,0.6066398133866089,0.6532623452529932,0.3053925153722587,0.16203645934202765,wait:0.000000
11,39:0,39,no_addition,False,0.0,0.0,0.0,0.0,0.0,0.0,0.0,0.0,0.0,0.0,0.37945770070522633,0.5325269746583201,0.1441159877114682,0.2581265639267173,wait:0.000000
11,42:0,42,no_addition,False,0.0,0.0,0.0,0.0,0.0,0.0,0.0,0.0,0.0,0.0,0.31466259977595556,0.46424046267399166,0.2612702822458626,0.13539310923713369,wait:0.000000
11,45:0,45,no_addition,False,0.0,0.0,0.0,0.0,0.0,0.0,0.0,0.0,0.0,0.0,0.6327854347063235,0.527231276761715,0.31173994230001556,0.13645278940660277,wait:0.000000
11,46:0,46,no_addition,False,0.0,0.0,0.0,0.0,0.0,0.0,0.0,0.0,0.0,0.0,0.41247147996441474,0.6846503611583785,0.23669126286736908,0.12787633965132716,wait:0.000000
11,54:0,54,no_addition,False,0.0,0.0,0.0,0.0,0.0,0.0,0.0,0.0,0.0,0.0,0.3104973378290874,0.6254248988225772,0.32626372298888134,0.28028762715313327,wait:0.000000
11,57:0,57,no_addition,False,0.0,0.0,0.0,0.0,0.0,0.0,0.0,0.0,0.0,0.0,0.3674812585006399,0.6063002200099101,0.1419637555088372,0.14083652994445953,wait:0.000000
11,58:0,58,no_addition,False,0.0,0.0,0.0,0.0,0.0,0.0,0.0,0.0,0.0,0.0,0.5698457129212575,0.5086375410968227,0.31770589102444186,0.16866236372747928,wait:0.000000
11,59:0,59,no_addition,False,0.0,0.0,0.0,0.0,0.0,0.0,0.0,0.0,0.0,0.0,0.6502922637422113,0.5324985384558232,0.3003984701500516,0.3307652353400831,wait:0.000000
11,60:0,60,no_addition,False,0.0,0.0,0.0,0.0,0.0,0.0,0.0,0.0,0.0,0.0,0.5345134400782842,0.6524568073919632,0.2785878606586106,0.18337523916769824,wait:0.000000
11,61:0,61,no_addition,False,0.0,0.0,0.0,0.0,0.0,0.0,0.0,0.0,0.0,0.0,0.35466418061386695,0.48525784679251094,0.25711426778410923,0.2818610144285211,wait:0.000000
11,62:0,62,no_addition,False,0.0,0.0,0.0,0.0,0.0,0.0,0.0,0.0,0.0,0.0,0.6737425411252645,0.6467612254331299,0.24181440332422513,0.1305552901432641,wait:0.000000
11,69:0,69,no_addition,False,0.0,0.0,0.0,0.0,0.0,0.0,0.0,0.0,0.0,0.0,0.5522842267235775,0.44811772559250074,0.1600034596194771,0.20616873348956766,wait:0.000000
11,70:0,70,no_addition,False,0.0,0.0,0.0,0.0,0.0,0.0,0.0,0.0,0.0,0.0,0.6750418326056267,0.5181513925536889,0.2641027359048809,0.2119510011871475,wait:0.000000
11,71:0,71,no_addition,False,0.0,0.0,0.0,0.0,0.0,0.0,0.0,0.0,0.0,0.0,0.5724433221045399,0.5798533147655999,0.1966434629438023,0.18891818549490788,wait:0.000000
11,77:0,77,no_addition,False,0.0,0.0,0.0,0.0,0.0,0.0,0.0,0.0,0.0,0.0,0.6557895980559207,0.5583678345059471,0.22680502196466576,0.27959005577356233,wait:0.000000
11,78:0,78,no_addition,False,0.0,0.0,0.0,0.0,0.0,0.0,0.0,0.0,0.0,0.0,0.6149527470465616,0.34177155101478407,0.24966732629549443,0.3066099241424625,wait:0.000000
11,83:0,83,no_addition,False,0.0,0.0,0.0,0.0,0.0,0.0,0.0,0.0,0.0,0.0,0.6492496307348407,0.3732835456302558,0.33254471762931725,0.16566944905945366,wait:0.000000
11,85:0,85,no_addition,False,0.0,0.0,0.0,0.0,0.0,0.0,0.0,0.0,0.0,0.0,0.6653815322741997,0.581425413119678,0.20909958497958275,0.18528397522787762,wait:0.000000
11,88:0,88,no_addition,False,0.0,0.0,0.0,0.0,0.0,0.0,0.0,0.0,0.0,0.0,0.6663316377708322,0.6852556576707169,0.12534868262092297,0.2075182675250232,wait:0.000000
11,89:0,89,no_addition,False,0.0,0.0,0.0,0.0,0.0,0.0,0.0,0.0,0.0,0.0,0.6154086354683044,0.39401625161170495,0.2224815867294293,0.23257959950918858,wait:0.000000
11,91:0,91,no_addition,False,0.0,0.0,0.0,0.0,0.0,0.0,0.0,0.0,0.0,0.0,0.35086857358249224,0.5025706490777337,0.2828989028082604,0.13555949477546203,wait:0.000000
11,99:0,99,no_addition,False,0.0,0.0,0.0,0.0,0.0,0.0,0.0,0.0,0.0,0.0,0.545919754635573,0.3762047328798433,0.32801517338061686,0.2986910420499687,wait:0.000000
11,101:0,101,no_addition,False,0.0,0.0,0.0,0.0,0.0,0.0,0.0,0.0,0.0,0.0,0.5810976055605849,0.3882687215850596,0.3072729448710695,0.21017157870428096,wait:0.000000
11,102:0,102,no_addition,False,0.0,0.0,0.0,0.0,0.0,0.0,0.0,0.0,0.0,0.0,0.6513672192398829,0.34011089000283523,0.23985665450696353,0.2798511655072161,wait:0.000000
11,103:0,103,no_addition,False,0.0,0.0,0.0,0.0,0.0,0.0,0.0,0.0,0.0,0.0,0.4345318844840096,0.352142200466893,0.3071780557516381,0.2065438493999356,wait:0.000000
11,106:0,106,no_addition,False,0.0,0.0,0.0,0.0,0.0,0.0,0.0,0.0,0.0,0.0,0.5538869960114561,0.4442274283105875,0.2104074641932924,0.13244187247478853,wait:0.000000
11,108:0,108,no_addition,False,0.0,0.0,0.0,0.0,0.0,0.0,0.0,0.0,0.0,0.0,0.662589369414454,0.6511030266015705,0.17469612445993973,0.26131271967635666,wait:0.000000
11,111:0,111,no_addition,False,0.0,0.0,0.0,0.0,0.0,0.0,0.0,0.0,0.0,0.0,0.5796869035044703,0.5398910016347154,0.14769215675894026,0.1264487992349216,wait:0.000000
11,113:0,113,no_addition,False,0.0,0.0,0.0,0.0,0.0,0.0,0.0,0.0,0.0,0.0,0.3188426505463827,0.658115326063435,0.2654550611848953,0.12446771722269334,wait:0.000000
11,117:0,117,no_addition,False,0.0,0.0,0.0,0.0,0.0,0.0,0.0,0.0,0.0,0.0,0.5262276374207189,0.34361268573099335,0.3344849565567116,0.23819627200325658,wait:0.000000
12,0:0,0,no_addition,False,0.0,0.0,0.0,0.0,0.0,0.0,0.0,0.0,0.0,0.0,0.6349269699863758,0.6451027268427387,0.18958490503426,0.22661546330778407,wait:0.000000
12,8:0,8,no_addition,False,0.0,0.0,0.0,0.0,0.0,0.0,0.0,0.0,0.0,0.0,0.3722448780626667,0.3741609179318683,0.12450188797737873,0.268675858392624,wait:0.000000
12,12:0,12,no_addition,False,0.0,0.0,0.0,0.0,0.0,0.0,0.0,0.0,0.0,0.0,0.6937817987812784,0.533729937316545,0.3039036571022257,0.2557276584561406,wait:0.000000
12,15:0,15,no_addition,False,0.0,0.0,0.0,0.0,0.0,0.0,0.0,0.0,0.0,0.0,0.5315402376273212,0.43827277049971713,0.15350122755625317,0.30298658066995987,wait:0.000000
12,17:0,17,no_addition,False,0.0,0.0,0.0,0.0,0.0,0.0,0.0,0.0,0.0,0.0,0.4819935126913222,0.6219505664093764,0.3244303667370665,0.25267729299700975,wait:0.000000
12,20:0,20,no_addition,False,0.0,0.0,0.0,0.0,0.0,0.0,0.0,0.0,0.0,0.0,0.5695092762977207,0.5427465433672397,0.1817366391800946,0.28158208675522445,wait:0.000000
12,31:0,31,no_addition,False,0.0,0.0,0.0,0.0,0.0,0.0,0.0,0.0,0.0,0.0,0.589231730984955,0.6693227769320748,0.20287329459672546,0.1596477209505274,wait:0.000000
12,37:0,37,no_addition,False,0.0,0.0,0.0,0.0,0.0,0.0,0.0,0.0,0.0,0.0,0.6066398133866089,0.6532623452529932,0.3053925153722587,0.16203645934202765,wait:0.000000
12,39:0,39,no_addition,False,0.0,0.0,0.0,0.0,0.0,0.0,0.0,0.0,0.0,0.0,0.37945770070522633,0.5325269746583201,0.1441159877114682,0.2581265639267173,wait:0.000000
12,42:0,42,no_addition,False,0.0,0.0,0.0,0.0,0.0,0.0,0.0,0.0,0.0,0.0,0.31466259977595556,0.46424046267399166,0.2612702822458626,0.13539310923713369,wait:0.000000
12,45:0,45,no_addition,False,0.0,0.0,0.0,0.0,0.0,0.0,0.0,0.0,0.0,0.0,0.6327854347063235,0.527231276761715,0.31173994230001556,0.13645278940660277,wait:0.000000
12,46:0,46,no_addition,False,0.0,0.0,0.0,0.0,0.0,0.0,0.0,0.0,0.0,0.0,0.41247147996441474,0.6846503611583785,0.23669126286736908,0.12787633965132716,wait:0.000000
12,54:0,54,no_addition,False,0.0,0.0,0.0,0.0,0.0,0.0,0.0,0.0,0.0,0.0,0.3104973378290874,0.6254248988225772,0.32626372298888134,0.28028762715313327,wait:0.000000
12,57:0,57,no_addition,False,0.0,0.0,0.0,0.0,0.0,0.0,0.0,0.0,0.0,0.0,0.3674812585006399,0.6063002200099101,0.1419637555088372,0.14083652994445953,wait:0.000000
12,58:0,58,no_addition,False,0.0,0.0,0.0,0.0,0.0,0.0,0.0,0.0,0.0,0.0,0.5698457129212575,0.5086375410968227,0.31770589102444186,0.16866236372747928,wait:0.000000
12,59:0,59,no_addition,False,0.0,0.0,0.0,0.0,0.0,0.0,0.0,0.0,0.0,0.0,0.6502922637422113,0.5324985384558232,0.3003984701500516,0.3307652353400831,wait:0.000000
12,60:0,60,no_addition,False,0.0,0.0,0.0,0.0,0.0,0.0,0.0,0.0,0.0,0.0,0.5345134400782842,0.6524568073919632,0.2785878606586106,0.18337523916769824,wait:0.000000
12,61:0,61,no_addition,False,0.0,0.0,0.0,0.0,0.0,0.0,0.0,0.0,0.0,0.0,0.35466418061386695,0.48525784679251094,0.25711426778410923,0.2818610144285211,wait:0.000000
12,62:0,62,no_addition,False,0.0,0.0,0.0,0.0,0.0,0.0,0.0,0.0,0.0,0.0,0.6737425411252645,0.6467612254331299,0.24181440332422513,0.1305552901432641,wait:0.000000
12,69:0,69,no_addition,False,0.0,0.0,0.0,0.0,0.0,0.0,0.0,0.0,0.0,0.0,0.5522842267235775,0.44811772559250074,0.1600034596194771,0.20616873348956766,wait:0.000000
12,70:0,70,no_addition,False,0.0,0.0,0.0,0.0,0.0,0.0,0.0,0.0,0.0,0.0,0.6750418326056267,0.5181513925536889,0.2641027359048809,0.2119510011871475,wait:0.000000
12,71:0,71,no_addition,False,0.0,0.0,0.0,0.0,0.0,0.0,0.0,0.0,0.0,0.0,0.5724433221045399,0.5798533147655999,0.1966434629438023,0.18891818549490788,wait:0.000000
12,77:0,77,no_addition,False,0.0,0.0,0.0,0.0,0.0,0.0,0.0,0.0,0.0,0.0,0.6557895980559207,0.5583678345059471,0.22680502196466576,0.27959005577356233,wait:0.000000
12,78:0,78,no_addition,False,0.0,0.0,0.0,0.0,0.0,0.0,0.0,0.0,0.0,0.0,0.6149527470465616,0.34177155101478407,0.24966732629549443,0.3066099241424625,wait:0.000000
12,83:0,83,no_addition,False,0.0,0.0,0.0,0.0,0.0,0.0,0.0,0.0,0.0,0.0,0.6492496307348407,0.3732835456302558,0.33254471762931725,0.16566944905945366,wait:0.000000
12,85:0,85,no_addition,False,0.0,0.0,0.0,0.0,0.0,0.0,0.0,0.0,0.0,0.0,0.6653815322741997,0.581425413119678,0.20909958497958275,0.18528397522787762,wait:0.000000
12,88:0,88,no_addition,False,0.0,0.0,0.0,0.0,0.0,0.0,0.0,0.0,0.0,0.0,0.6663316377708322,0.6852556576707169,0.12534868262092297,0.2075182675250232,wait:0.000000
12,89:0,89,no_addition,False,0.0,0.0,0.0,0.0,0.0,0.0,0.0,0.0,0.0,0.0,0.6154086354683044,0.39401625161170495,0.2224815867294293,0.23257959950918858,wait:0.000000
12,91:0,91,no_addition,False,0.0,0.0,0.0,0.0,0.0,0.0,0.0,0.0,0.0,0.0,0.35086857358249224,0.5025706490777337,0.2828989028082604,0.13555949477546203,wait:0.000000
12,99:0,99,no_addition,False,0.0,0.0,0.0,0.0,0.0,0.0,0.0,0.0,0.0,0.0,0.545919754635573,0.3762047328798433,0.32801517338061686,0.2986910420499687,wait:0.000000
12,101:0,101,no_addition,False,0.0,0.0,0.0,0.0,0.0,0.0,0.0,0.0,0.0,0.0,0.5810976055605849,0.3882687215850596,0.3072729448710695,0.21017157870428096,wait:0.000000
12,102:0,102,no_addition,False,0.0,0.0,0.0,0.0,0.0,0.0,0.0,0.0,0.0,0.0,0.6513672192398829,0.34011089000283523,0.23985665450696353,0.2798511655072161,wait:0.000000
12,103:0,103,no_addition,False,0.0,0.0,0.0,0.0,0.0,0.0,0.0,0.0,0.0,0.0,0.4345318844840096,0.352142200466893,0.3071780557516381,0.2065438493999356,wait:0.000000
12,106:0,106,no_addition,False,0.0,0.0,0.0,0.0,0.0,0.0,0.0,0.0,0.0,0.0,0.5538869960114561,0.4442274283105875,0.2104074641932924,0.13244187247478853,wait:0.000000
12,108:0,108,no_addition,False,0.0,0.0,0.0,0.0,0.0,0.0,0.0,0.0,0.0,0.0,0.662589369414454,0.6511030266015705,0.17469612445993973,0.26131271967635666,wait:0.000000
12,111:0,111,no_addition,False,0.0,0.0,0.0,0.0,0.0,0.0,0.0,0.0,0.0,0.0,0.5796869035044703,0.5398910016347154,0.14769215675894026,0.1264487992349216,wait:0.000000
12,113:0,113,no_addition,False,0.0,0.0,0.0,0.0,0.0,0.0,0.0,0.0,0.0,0.0,0.3188426505463827,0.658115326063435,0.2654550611848953,0.12446771722269334,wait:0.000000
12,117:0,117,no_addition,False,0.0,0.0,0.0,0.0,0.0,0.0,0.0,0.0,0.0,0.0,0.5262276374207189,0.34361268573099335,0.3344849565567116,0.23819627200325658,wait:0.000000
13,0:0,0,no_addition,False,0.0,0.0,0.0,0.0,0.0,0.0,0.0,0.0,0.0,0.0,0.6349269699863758,0.6451027268427387,0.18958490503426,0.22661546330778407,wait:0.000000
13,8:0,8,no_addition,False,0.0,0.0,0.0,0.0,0.0,0.0,0.0,0.0,0.0,0.0,0.3722448780626667,0.3741609179318683,0.12450188797737873,0.268675858392624,wait:0.000000
13,12:0,12,no_addition,False,0.0,0.0,0.0,0.0,0.0,0.0,0.0,0.0,0.0,0.0,0.6937817987812784,0.533729937316545,0.3039036571022257,0.2557276584561406,wait:0.000000
13,15:0,15,no_addition,False,0.0,0.0,0.0,0.0,0.0,0.0,0.0,0.0,0.0,0.0,0.5315402376273212,0.43827277049971713,0.15350122755625317,0.30298658066995987,wait:0.000000
13,17:0,17,no_addition,False,0.0,0.0,0.0,0.0,0.0,0.0,0.0,0.0,0.0,0.0,0.4819935126913222,0.6219505664093764,0.3244303667370665,0.25267729299700975,wait:0.000000
13,20:0,20,no_addition,False,0.0,0.0,0.0,0.0,0.0,0.0,0.0,0.0,0.0,0.0,0.5695092762977207,0.5427465433672397,0.1817366391800946,0.28158208675522445,wait:0.000000
13,31:0,31,no_addition,False,0.0,0.0,0.0,0.0,0.0,0.0,0.0,0.0,0.0,0.0,0.589231730984955,0.6693227769320748,0.20287329459672546,0.1596477209505274,wait:0.000000
13,37:0,37,no_addition,False,0.0,0.0,0.0,0.0,0.0,0.0,0.0,0.0,0.0,0.0,0.6066398133866089,0.6532623452529932,0.3053925153722587,0.16203645934202765,wait:0.000000
13,39:0,39,no_addition,False,0.0,0.0,0.0,0.0,0.0,0.0,0.0,0.0,0.0,0.0,0.37945770070522633,0.5325269746583201,0.1441159877114682,0.2581265639267173,wait:0.000000
13,42:0,42,no_addition,False,0.0,0.0,0.0,0.0,0.0,0.0,0.0,0.0,0.0,0.0,0.31466259977595556,0.46424046267399166,0.2612702822458626,0.13539310923713369,wait:0.000000
13,45:0,45,no_addition,False,0.0,0.0,0.0,0.0,0.0,0.0,0.0,0.0,0.0,0.0,0.6327854347063235,0.527231276761715,0.31173994230001556,0.13645278940660277,wait:0.000000
13,46:0,46,no_addition,False,0.0,0.0,0.0,0.0,0.0,0.0,0.0,0.0,0.0,0.0,0.41247147996441474,0.6846503611583785,0.23669126286736908,0.12787633965132716,wait:0.000000
13,54:0,54,no_addition,False,0.0,0.0,0.0,0.0,0.0,0.0,0.0,0.0,0.0,0.0,0.3104973378290874,0.6254248988225772,0.32626372298888134,0.28028762715313327,wait:0.000000
13,57:0,57,no_addition,False,0.0,0.0,0.0,0.0,0.0,0.0,0.0,0.0,0.0,0.0,0.3674812585006399,0.6063002200099101,0.1419637555088372,0.14083652994445953,wait:0.000000
13,58:0,58,no_addition,False,0.0,0.0,0.0,0.0,0.0,0.0,0.0,0.0,0.0,0.0,0.5698457129212575,0.5086375410968227,0.31770589102444186,0.16866236372747928,wait:0.000000
13,59:0,59,no_addition,False,0.0,0.0,0.0,0.0,0.0,0.0,0.0,0.0,0.0,0.0,0.6502922637422113,0.5324985384558232,0.3003984701500516,0.3307652353400831,wait:0.000000
13,60:0,60,no_addition,False,0.0,0.0,0.0,0.0,0.0,0.0,0.0,0.0,0.0,0.0,0.5345134400782842,0.6524568073919632,0.2785878606586106,0.18337523916769824,wait:0.000000
13,61:0,61,no_addition,False,0.0,0.0,0.0,0.0,0.0,0.0,0.0,0.0,0.0,0.0,0.35466418061386695,0.48525784679251094,0.25711426778410923,0.2818610144285211,wait:0.000000
13,62:0,62,no_addition,False,0.0,0.0,0.0,0.0,0.0,0.0,0.0,0.0,0.0,0.0,0.6737425411252645,0.6467612254331299,0.24181440332422513,0.1305552901432641,wait:0.000000
13,69:0,69,no_addition,False,0.0,0.0,0.0,0.0,0.0,0.0,0.0,0.0,0.0,0.0,0.5522842267235775,0.44811772559250074,0.1600034596194771,0.20616873348956766,wait:0.000000
13,70:0,70,no_addition,False,0.0,0.0,0.0,0.0,0.0,0.0,0.0,0.0,0.0,0.0,0.6750418326056267,0.5181513925536889,0.2641027359048809,0.2119510011871475,wait:0.000000
13,71:0,71,no_addition,False,0.0,0.0,0.0,0.0,0.0,0.0,0.0,0.0,0.0,0.0,0.5724433221045399,0.5798533147655999,0.1966434629438023,0.18891818549490788,wait:0.000000
13,77:0,77,no_addition,False,0.0,0.0,0.0,0.0,0.0,0.0,0.0,0.0,0.0,0.0,0.6557895980559207,0.5583678345059471,0.22680502196466576,0.27959005577356233,wait:0.000000
13,78:0,78,no_addition,False,0.0,0.0,0.0,0.0,0.0,0.0,0.0,0.0,0.0,0.0,0.6149527470465616,0.34177155101478407,0.24966732629549443,0.3066099241424625,wait:0.000000
13,83:0,83,no_addition,False,0.0,0.0,0.0,0.0,0.0,0.0,0.0,0.0,0.0,0.0,0.6492496307348407,0.3732835456302558,0.33254471762931725,0.16566944905945366,wait:0.000000
13,85:0,85,no_addition,False,0.0,0.0,0.0,0.0,0.0,0.0,0.0,0.0,0.0,0.0,0.6653815322741997,0.581425413119678,0.20909958497958275,0.18528397522787762,wait:0.000000
13,88:0,88,no_addition,False,0.0,0.0,0.0,0.0,0.0,0.0,0.0,0.0,0.0,0.0,0.6663316377708322,0.6852556576707169,0.12534868262092297,0.2075182675250232,wait:0.000000
13,89:0,89,no_addition,False,0.0,0.0,0.0,0.0,0.0,0.0,0.0,0.0,0.0,0.0,0.6154086354683044,0.39401625161170495,0.2224815867294293,0.23257959950918858,wait:0.000000
13,91:0,91,no_addition,False,0.0,0.0,0.0,0.0,0.0,0.0,0.0,0.0,0.0,0.0,0.35086857358249224,0.5025706490777337,0.2828989028082604,0.13555949477546203,wait:0.000000
13,99:0,99,no_addition,False,0.0,0.0,0.0,0.0,0.0,0.0,0.0,0.0,0.0,0.0,0.545919754635573,0.3762047328798433,0.32801517338061686,0.2986910420499687,wait:0.000000
13,101:0,101,no_addition,False,0.0,0.0,0.0,0.0,0.0,0.0,0.0,0.0,0.0,0.0,0.5810976055605849,0.3882687215850596,0.3072729448710695,0.21017157870428096,wait:0.000000
13,102:0,102,no_addition,False,0.0,0.0,0.0,0.0,0.0,0.0,0.0,0.0,0.0,0.0,0.6513672192398829,0.34011089000283523,0.23985665450696353,0.2798511655072161,wait:0.000000
13,103:0,103,no_addition,False,0.0,0.0,0.0,0.0,0.0,0.0,0.0,0.0,0.0,0.0,0.4345318844840096,0.352142200466893,0.3071780557516381,0.2065438493999356,wait:0.000000
13,106:0,106,no_addition,False,0.0,0.0,0.0,0.0,0.0,0.0,0.0,0.0,0.0,0.0,0.5538869960114561,0.4442274283105875,0.2104074641932924,0.13244187247478853,wait:0.000000
13,108:0,108,no_addition,False,0.0,0.0,0.0,0.0,0.0,0.0,0.0,0.0,0.0,0.0,0.662589369414454,0.6511030266015705,0.17469612445993973,0.26131271967635666,wait:0.000000
13,111:0,111,no_addition,False,0.0,0.0,0.0,0.0,0.0,0.0,0.0,0.0,0.0,0.0,0.5796869035044703,0.5398910016347154,0.14769215675894026,0.1264487992349216,wait:0.000000
13,113:0,113,no_addition,False,0.0,0.0,0.0,0.0,0.0,0.0,0.0,0.0,0.0,0.0,0.3188426505463827,0.658115326063435,0.2654550611848953,0.12446771722269334,wait:0.000000
13,117:0,117,no_addition,False,0.0,0.0,0.0,0.0,0.0,0.0,0.0,0.0,0.0,0.0,0.5262276374207189,0.34361268573099335,0.3344849565567116,0.23819627200325658,wait:0.000000
14,0:0,0,no_addition,False,0.0,0.0,0.0,0.0,0.0,0.0,0.0,0.0,0.0,0.0,0.6349269699863758,0.6451027268427387,0.18958490503426,0.22661546330778407,wait:0.000000
14,8:0,8,no_addition,False,0.0,0.0,0.0,0.0,0.0,0.0,0.0,0.0,0.0,0.0,0.3722448780626667,0.3741609179318683,0.12450188797737873,0.268675858392624,wait:0.000000
14,12:0,12,no_addition,False,0.0,0.0,0.0,0.0,0.0,0.0,0.0,0.0,0.0,0.0,0.6937817987812784,0.533729937316545,0.3039036571022257,0.2557276584561406,wait:0.000000
14,15:0,15,no_addition,False,0.0,0.0,0.0,0.0,0.0,0.0,0.0,0.0,0.0,0.0,0.5315402376273212,0.43827277049971713,0.15350122755625317,0.30298658066995987,wait:0.000000
14,17:0,17,no_addition,False,0.0,0.0,0.0,0.0,0.0,0.0,0.0,0.0,0.0,0.0,0.4819935126913222,0.6219505664093764,0.3244303667370665,0.25267729299700975,wait:0.000000
14,20:0,20,no_addition,False,0.0,0.0,0.0,0.0,0.0,0.0,0.0,0.0,0.0,0.0,0.5695092762977207,0.5427465433672397,0.1817366391800946,0.28158208675522445,wait:0.000000
14,31:0,31,no_addition,False,0.0,0.0,0.0,0.0,0.0,0.0,0.0,0.0,0.0,0.0,0.589231730984955,0.6693227769320748,0.20287329459672546,0.1596477209505274,wait:0.000000
14,37:0,37,no_addition,False,0.0,0.0,0.0,0.0,0.0,0.0,0.0,0.0,0.0,0.0,0.6066398133866089,0.6532623452529932,0.3053925153722587,0.16203645934202765,wait:0.000000
14,39:0,39,no_addition,False,0.0,0.0,0.0,0.0,0.0,0.0,0.0,0.0,0.0,0.0,0.37945770070522633,0.5325269746583201,0.1441159877114682,0.2581265639267173,wait:0.000000
14,42:0,42,no_addition,False,0.0,0.0,0.0,0.0,0.0,0.0,0.0,0.0,0.0,0.0,0.31466259977595556,0.46424046267399166,0.2612702822458626,0.13539310923713369,wait:0.000000
14,45:0,45,no_addition,False,0.0,0.0,0.0,0.0,0.0,0.0,0.0,0.0,0.0,0.0,0.6327854347063235,0.527231276761715,0.31173994230001556,0.13645278940660277,wait:0.000000
14,46:0,46,no_addition,False,0.0,0.0,0.0,0.0,0.0,0.0,0.0,0.0,0.0,0.0,0.41247147996441474,0.6846503611583785,0.23669126286736908,0.12787633965132716,wait:0.000000
14,54:0,54,no_addition,False,0.0,0.0,0.0,0.0,0.0,0.0,0.0,0.0,0.0,0.0,0.3104973378290874,0.6254248988225772,0.32626372298888134,0.28028762715313327,wait:0.000000
14,57:0,57,no_addition,False,0.0,0.0,0.0,0.0,0.0,0.0,0.0,0.0,0.0,0.0,0.3674812585006399,0.6063002200099101,0.1419637555088372,0.14083652994445953,wait:0.000000
14,58:0,58,no_addition,False,0.0,0.0,0.0,0.0,0.0,0.0,0.0,0.0,0.0,0.0,0.5698457129212575,0.5086375410968227,0.31770589102444186,0.16866236372747928,wait:0.000000
14,59:0,59,no_addition,False,0.0,0.0,0.0,0.0,0.0,0.0,0.0,0.0,0.0,0.0,0.6502922637422113,0.5324985384558232,0.3003984701500516,0.3307652353400831,wait:0.000000
14,60:0,60,no_addition,False,0.0,0.0,0.0,0.0,0.0,0.0,0.0,0.0,0.0,0.0,0.5345134400782842,0.6524568073919632,0.2785878606586106,0.18337523916769824,wait:0.000000
14,61:0,61,no_addition,False,0.0,0.0,0.0,0.0,0.0,0.0,0.0,0.0,0.0,0.0,0.35466418061386695,0.48525784679251094,0.25711426778410923,0.2818610144285211,wait:0.000000
14,62:0,62,no_addition,False,0.0,0.0,0.0,0.0,0.0,0.0,0.0,0.0,0.0,0.0,0.6737425411252645,0.6467612254331299,0.24181440332422513,0.1305552901432641,wait:0.000000
14,69:0,69,no_addition,False,0.0,0.0,0.0,0.0,0.0,0.0,0.0,0.0,0.0,0.0,0.5522842267235775,0.44811772559250074,0.1600034596194771,0.20616873348956766,wait:0.000000
14,70:0,70,no_addition,False,0.0,0.0,0.0,0.0,0.0,0.0,0.0,0.0,0.0,0.0,0.6750418326056267,0.5181513925536889,0.2641027359048809,0.2119510011871475,wait:0.000000
14,71:0,71,no_addition,False,0.0,0.0,0.0,0.0,0.0,0.0,0.0,0.0,0.0,0.0,0.5724433221045399,0.5798533147655999,0.1966434629438023,0.18891818549490788,wait:0.000000
14,77:0,77,no_addition,False,0.0,0.0,0.0,0.0,0.0,0.0,0.0,0.0,0.0,0.0,0.6557895980559207,0.5583678345059471,0.22680502196466576,0.27959005577356233,wait:0.000000
14,78:0,78,no_addition,False,0.0,0.0,0.0,0.0,0.0,0.0,0.0,0.0,0.0,0.0,0.6149527470465616,0.34177155101478407,0.24966732629549443,0.3066099241424625,wait:0.000000
14,83:0,83,no_addition,False,0.0,0.0,0.0,0.0,0.0,0.0,0.0,0.0,0.0,0.0,0.6492496307348407,0.3732835456302558,0.33254471762931725,0.16566944905945366,wait:0.000000
14,85:0,85,no_addition,False,0.0,0.0,0.0,0.0,0.0,0.0,0.0,0.0,0.0,0.0,0.6653815322741997,0.581425413119678,0.20909958497958275,0.18528397522787762,wait:0.000000
14,88:0,88,no_addition,False,0.0,0.0,0.0,0.0,0.0,0.0,0.0,0.0,0.0,0.0,0.6663316377708322,0.6852556576707169,0.12534868262092297,0.2075182675250232,wait:0.000000
14,89:0,89,no_addition,False,0.0,0.0,0.0,0.0,0.0,0.0,0.0,0.0,0.0,0.0,0.6154086354683044,0.39401625161170495,0.2224815867294293,0.23257959950918858,wait:0.000000
14,91:0,91,no_addition,False,0.0,0.0,0.0,0.0,0.0,0.0,0.0,0.0,0.0,0.0,0.35086857358249224,0.5025706490777337,0.2828989028082604,0.13555949477546203,wait:0.000000
14,99:0,99,no_addition,False,0.0,0.0,0.0,0.0,0.0,0.0,0.0,0.0,0.0,0.0,0.545919754635573,0.3762047328798433,0.32801517338061686,0.2986910420499687,wait:0.000000
14,101:0,101,no_addition,False,0.0,0.0,0.0,0.0,0.0,0.0,0.0,0.0,0.0,0.0,0.5810976055605849,0.3882687215850596,0.3072729448710695,0.21017157870428096,wait:0.000000
14,102:0,102,no_addition,False,0.0,0.0,0.0,0.0,0.0,0.0,0.0,0.0,0.0,0.0,0.6513672192398829,0.34011089000283523,0.23985665450696353,0.2798511655072161,wait:0.000000
14,103:0,103,no_addition,False,0.0,0.0,0.0,0.0,0.0,0.0,0.0,0.0,0.0,0.0,0.4345318844840096,0.352142200466893,0.3071780557516381,0.2065438493999356,wait:0.000000
14,106:0,106,no_addition,False,0.0,0.0,0.0,0.0,0.0,0.0,0.0,0.0,0.0,0.0,0.5538869960114561,0.4442274283105875,0.2104074641932924,0.13244187247478853,wait:0.000000
14,108:0,108,no_addition,False,0.0,0.0,0.0,0.0,0.0,0.0,0.0,0.0,0.0,0.0,0.662589369414454,0.6511030266015705,0.17469612445993973,0.26131271967635666,wait:0.000000
14,111:0,111,no_addition,False,0.0,0.0,0.0,0.0,0.0,0.0,0.0,0.0,0.0,0.0,0.5796869035044703,0.5398910016347154,0.14769215675894026,0.1264487992349216,wait:0.000000
14,113:0,113,no_addition,False,0.0,0.0,0.0,0.0,0.0,0.0,0.0,0.0,0.0,0.0,0.3188426505463827,0.658115326063435,0.2654550611848953,0.12446771722269334,wait:0.000000
14,117:0,117,no_addition,False,0.0,0.0,0.0,0.0,0.0,0.0,0.0,0.0,0.0,0.0,0.5262276374207189,0.34361268573099335,0.3344849565567116,0.23819627200325658,wait:0.000000
15,0:0,0,no_addition,False,0.0,0.0,0.0,0.0,0.0,0.0,0.0,0.0,0.0,0.0,0.6349269699863758,0.6451027268427387,0.18958490503426,0.22661546330778407,wait:0.000000
15,8:0,8,no_addition,False,0.0,0.0,0.0,0.0,0.0,0.0,0.0,0.0,0.0,0.0,0.3722448780626667,0.3741609179318683,0.12450188797737873,0.268675858392624,wait:0.000000
15,12:0,12,no_addition,False,0.0,0.0,0.0,0.0,0.0,0.0,0.0,0.0,0.0,0.0,0.6937817987812784,0.533729937316545,0.3039036571022257,0.2557276584561406,wait:0.000000
15,15:0,15,no_addition,False,0.0,0.0,0.0,0.0,0.0,0.0,0.0,0.0,0.0,0.0,0.5315402376273212,0.43827277049971713,0.15350122755625317,0.30298658066995987,wait:0.000000
15,17:0,17,no_addition,False,0.0,0.0,0.0,0.0,0.0,0.0,0.0,0.0,0.0,0.0,0.4819935126913222,0.6219505664093764,0.3244303667370665,0.25267729299700975,wait:0.000000
15,20:0,20,no_addition,False,0.0,0.0,0.0,0.0,0.0,0.0,0.0,0.0,0.0,0.0,0.5695092762977207,0.5427465433672397,0.1817366391800946,0.28158208675522445,wait:0.000000
15,31:0,31,no_addition,False,0.0,0.0,0.0,0.0,0.0,0.0,0.0,0.0,0.0,0.0,0.589231730984955,0.6693227769320748,0.20287329459672546,0.1596477209505274,wait:0.000000
15,37:0,37,no_addition,False,0.0,0.0,0.0,0.0,0.0,0.0,0.0,0.0,0.0,0.0,0.6066398133866089,0.6532623452529932,0.3053925153722587,0.16203645934202765,wait:0.000000
15,39:0,39,no_addition,False,0.0,0.0,0.0,0.0,0.0,0.0,0.0,0.0,0.0,0.0,0.37945770070522633,0.5325269746583201,0.1441159877114682,0.2581265639267173,wait:0.000000
15,42:0,42,no_addition,False,0.0,0.0,0.0,0.0,0.0,0.0,0.0,0.0,0.0,0.0,0.31466259977595556,0.46424046267399166,0.2612702822458626,0.13539310923713369,wait:0.000000
15,45:0,45,no_addition,False,0.0,0.0,0.0,0.0,0.0,0.0,0.0,0.0,0.0,0.0,0.6327854347063235,0.527231276761715,0.31173994230001556,0.13645278940660277,wait:0.000000
15,46:0,46,no_addition,False,0.0,0.0,0.0,0.0,0.0,0.0,0.0,0.0,0.0,0.0,0.41247147996441474,0.6846503611583785,0.23669126286736908,0.12787633965132716,wait:0.000000
15,54:0,54,no_addition,False,0.0,0.0,0.0,0.0,0.0,0.0,0.0,0.0,0.0,0.0,0.3104973378290874,0.6254248988225772,0.32626372298888134,0.28028762715313327,wait:0.000000
15,57:0,57,no_addition,False,0.0,0.0,0.0,0.0,0.0,0.0,0.0,0.0,0.0,0.0,0.3674812585006399,0.6063002200099101,0.1419637555088372,0.14083652994445953,wait:0.000000
15,58:0,58,no_addition,False,0.0,0.0,0.0,0.0,0.0,0.0,0.0,0.0,0.0,0.0,0.5698457129212575,0.5086375410968227,0.31770589102444186,0.16866236372747928,wait:0.000000
15,59:0,59,no_addition,False,0.0,0.0,0.0,0.0,0.0,0.0,0.0,0.0,0.0,0.0,0.6502922637422113,0.5324985384558232,0.3003984701500516,0.3307652353400831,wait:0.000000
15,60:0,60,no_addition,False,0.0,0.0,0.0,0.0,0.0,0.0,0.0,0.0,0.0,0.0,0.5345134400782842,0.6524568073919632,0.2785878606586106,0.18337523916769824,wait:0.000000
15,61:0,61,no_addition,False,0.0,0.0,0.0,0.0,0.0,0.0,0.0,0.0,0.0,0.0,0.35466418061386695,0.48525784679251094,0.25711426778410923,0.2818610144285211,wait:0.000000
15,62:0,62,no_addition,False,0.0,0.0,0.0,0.0,0.0,0.0,0.0,0.0,0.0,0.0,0.6737425411252645,0.6467612254331299,0.24181440332422513,0.1305552901432641,wait:0.000000
15,69:0,69,no_addition,False,0.0,0.0,0.0,0.0,0.0,0.0,0.0,0.0,0.0,0.0,0.5522842267235775,0.44811772559250074,0.1600034596194771,0.20616873348956766,wait:0.000000
15,70:0,70,no_addition,False,0.0,0.0,0.0,0.0,0.0,0.0,0.0,0.0,0.0,0.0,0.6750418326056267,0.5181513925536889,0.2641027359048809,0.2119510011871475,wait:0.000000
15,71:0,71,no_addition,False,0.0,0.0,0.0,0.0,0.0,0.0,0.0,0.0,0.0,0.0,0.5724433221045399,0.5798533147655999,0.1966434629438023,0.18891818549490788,wait:0.000000
15,77:0,77,no_addition,False,0.0,0.0,0.0,0.0,0.0,0.0,0.0,0.0,0.0,0.0,0.6557895980559207,0.5583678345059471,0.22680502196466576,0.27959005577356233,wait:0.000000
15,78:0,78,no_addition,False,0.0,0.0,0.0,0.0,0.0,0.0,0.0,0.0,0.0,0.0,0.6149527470465616,0.34177155101478407,0.24966732629549443,0.3066099241424625,wait:0.000000
15,83:0,83,no_addition,False,0.0,0.0,0.0,0.0,0.0,0.0,0.0,0.0,0.0,0.0,0.6492496307348407,0.3732835456302558,0.33254471762931725,0.16566944905945366,wait:0.000000
15,85:0,85,no_addition,False,0.0,0.0,0.0,0.0,0.0,0.0,0.0,0.0,0.0,0.0,0.6653815322741997,0.581425413119678,0.20909958497958275,0.18528397522787762,wait:0.000000
15,88:0,88,no_addition,False,0.0,0.0,0.0,0.0,0.0,0.0,0.0,0.0,0.0,0.0,0.6663316377708322,0.6852556576707169,0.12534868262092297,0.2075182675250232,wait:0.000000
15,89:0,89,no_addition,False,0.0,0.0,0.0,0.0,0.0,0.0,0.0,0.0,0.0,0.0,0.6154086354683044,0.39401625161170495,0.2224815867294293,0.23257959950918858,wait:0.000000
15,91:0,91,no_addition,False,0.0,0.0,0.0,0.0,0.0,0.0,0.0,0.0,0.0,0.0,0.35086857358249224,0.5025706490777337,0.2828989028082604,0.13555949477546203,wait:0.000000
15,99:0,99,no_addition,False,0.0,0.0,0.0,0.0,0.0,0.0,0.0,0.0,0.0,0.0,0.545919754635573,0.3762047328798433,0.32801517338061686,0.2986910420499687,wait:0.000000
15,101:0,101,no_addition,False,0.0,0.0,0.0,0.0,0.0,0.0,0.0,0.0,0.0,0.0,0.5810976055605849,0.3882687215850596,0.3072729448710695,0.21017157870428096,wait:0.000000
15,102:0,102,no_addition,False,0.0,0.0,0.0,0.0,0.0,0.0,0.0,0.0,0.0,0.0,0.6513672192398829,0.34011089000283523,0.23985665450696353,0.2798511655072161,wait:0.000000
15,103:0,103,no_addition,False,0.0,0.0,0.0,0.0,0.0,0.0,0.0,0.0,0.0,0.0,0.4345318844840096,0.352142200466893,0.3071780557516381,0.2065438493999356,wait:0.000000
15,106:0,106,no_addition,False,0.0,0.0,0.0,0.0,0.0,0.0,0.0,0.0,0.0,0.0,0.5538869960114561,0.4442274283105875,0.2104074641932924,0.13244187247478853,wait:0.000000
15,108:0,108,no_addition,False,0.0,0.0,0.0,0.0,0.0,0.0,0.0,0.0,0.0,0.0,0.662589369414454,0.6511030266015705,0.17469612445993973,0.26131271967635666,wait:0.000000
15,111:0,111,no_addition,False,0.0,0.0,0.0,0.0,0.0,0.0,0.0,0.0,0.0,0.0,0.5796869035044703,0.5398910016347154,0.14769215675894026,0.1264487992349216,wait:0.000000
15,113:0,113,no_addition,False,0.0,0.0,0.0,0.0,0.0,0.0,0.0,0.0,0.0,0.0,0.3188426505463827,0.658115326063435,0.2654550611848953,0.12446771722269334,wait:0.000000
15,117:0,117,no_addition,False,0.0,0.0,0.0,0.0,0.0,0.0,0.0,0.0,0.0,0.0,0.5262276374207189,0.34361268573099335,0.3344849565567116,0.23819627200325658,wait:0.000000
16,0:0,0,no_addition,False,0.0,0.0,0.0,0.0,0.0,0.0,0.0,0.0,0.0,0.0,0.6349269699863758,0.6451027268427387,0.18958490503426,0.22661546330778407,wait:0.000000
16,8:0,8,no_addition,False,0.0,0.0,0.0,0.0,0.0,0.0,0.0,0.0,0.0,0.0,0.3722448780626667,0.3741609179318683,0.12450188797737873,0.268675858392624,wait:0.000000
16,12:0,12,no_addition,False,0.0,0.0,0.0,0.0,0.0,0.0,0.0,0.0,0.0,0.0,0.6937817987812784,0.533729937316545,0.3039036571022257,0.2557276584561406,wait:0.000000
16,15:0,15,no_addition,False,0.0,0.0,0.0,0.0,0.0,0.0,0.0,0.0,0.0,0.0,0.5315402376273212,0.43827277049971713,0.15350122755625317,0.30298658066995987,wait:0.000000
16,17:0,17,no_addition,False,0.0,0.0,0.0,0.0,0.0,0.0,0.0,0.0,0.0,0.0,0.4819935126913222,0.6219505664093764,0.3244303667370665,0.25267729299700975,wait:0.000000
16,20:0,20,no_addition,False,0.0,0.0,0.0,0.0,0.0,0.0,0.0,0.0,0.0,0.0,0.5695092762977207,0.5427465433672397,0.1817366391800946,0.28158208675522445,wait:0.000000
16,31:0,31,no_addition,False,0.0,0.0,0.0,0.0,0.0,0.0,0.0,0.0,0.0,0.0,0.589231730984955,0.6693227769320748,0.20287329459672546,0.1596477209505274,wait:0.000000
16,37:0,37,no_addition,False,0.0,0.0,0.0,0.0,0.0,0.0,0.0,0.0,0.0,0.0,0.6066398133866089,0.6532623452529932,0.3053925153722587,0.16203645934202765,wait:0.000000
16,39:0,39,no_addition,False,0.0,0.0,0.0,0.0,0.0,0.0,0.0,0.0,0.0,0.0,0.37945770070522633,0.5325269746583201,0.1441159877114682,0.2581265639267173,wait:0.000000
16,42:0,42,no_addition,False,0.0,0.0,0.0,0.0,0.0,0.0,0.0,0.0,0.0,0.0,0.31466259977595556,0.46424046267399166,0.2612702822458626,0.13539310923713369,wait:0.000000
16,45:0,45,no_addition,False,0.0,0.0,0.0,0.0,0.0,0.0,0.0,0.0,0.0,0.0,0.6327854347063235,0.527231276761715,0.31173994230001556,0.13645278940660277,wait:0.000000
16,46:0,46,no_addition,False,0.0,0.0,0.0,0.0,0.0,0.0,0.0,0.0,0.0,0.0,0.41247147996441474,0.6846503611583785,0.23669126286736908,0.12787633965132716,wait:0.000000
16,54:0,54,no_addition,False,0.0,0.0,0.0,0.0,0.0,0.0,0.0,0.0,0.0,0.0,0.3104973378290874,0.6254248988225772,0.32626372298888134,0.28028762715313327,wait:0.000000
16,57:0,57,no_addition,False,0.0,0.0,0.0,0.0,0.0,0.0,0.0,0.0,0.0,0.0,0.3674812585006399,0.6063002200099101,0.1419637555088372,0.14083652994445953,wait:0.000000
16,58:0,58,no_addition,False,0.0,0.0,0.0,0.0,0.0,0.0,0.0,0.0,0.0,0.0,0.5698457129212575,0.5086375410968227,0.31770589102444186,0.16866236372747928,wait:0.000000
16,59:0,59,no_addition,False,0.0,0.0,0.0,0.0,0.0,0.0,0.0,0.0,0.0,0.0,0.6502922637422113,0.5324985384558232,0.3003984701500516,0.3307652353400831,wait:0.000000
16,60:0,60,no_addition,False,0.0,0.0,0.0,0.0,0.0,0.0,0.0,0.0,0.0,0.0,0.5345134400782842,0.6524568073919632,0.2785878606586106,0.18337523916769824,wait:0.000000
16,61:0,61,no_addition,False,0.0,0.0,0.0,0.0,0.0,0.0,0.0,0.0,0.0,0.0,0.35466418061386695,0.48525784679251094,0.25711426778410923,0.2818610144285211,wait:0.000000
16,62:0,62,no_addition,False,0.0,0.0,0.0,0.0,0.0,0.0,0.0,0.0,0.0,0.0,0.6737425411252645,0.6467612254331299,0.24181440332422513,0.1305552901432641,wait:0.000000
16,69:0,69,no_addition,False,0.0,0.0,0.0,0.0,0.0,0.0,0.0,0.0,0.0,0.0,0.5522842267235775,0.44811772559250074,0.1600034596194771,0.20616873348956766,wait:0.000000
16,70:0,70,no_addition,False,0.0,0.0,0.0,0.0,0.0,0.0,0.0,0.0,0.0,0.0,0.6750418326056267,0.5181513925536889,0.2641027359048809,0.2119510011871475,wait:0.000000
16,71:0,71,no_addition,False,0.0,0.0,0.0,0.0,0.0,0.0,0.0,0.0,0.0,0.0,0.5724433221045399,0.5798533147655999,0.1966434629438023,0.18891818549490788,wait:0.000000
16,77:0,77,no_addition,False,0.0,0.0,0.0,0.0,0.0,0.0,0.0,0.0,0.0,0.0,0.6557895980559207,0.5583678345059471,0.22680502196466576,0.27959005577356233,wait:0.000000
16,78:0,78,no_addition,False,0.0,0.0,0.0,0.0,0.0,0.0,0.0,0.0,0.0,0.0,0.6149527470465616,0.34177155101478407,0.24966732629549443,0.3066099241424625,wait:0.000000
16,83:0,83,no_addition,False,0.0,0.0,0.0,0.0,0.0,0.0,0.0,0.0,0.0,0.0,0.6492496307348407,0.3732835456302558,0.33254471762931725,0.16566944905945366,wait:0.000000
16,85:0,85,no_addition,False,0.0,0.0,0.0,0.0,0.0,0.0,0.0,0.0,0.0,0.0,0.6653815322741997,0.581425413119678,0.20909958497958275,0.18528397522787762,wait:0.000000
16,88:0,88,no_addition,False,0.0,0.0,0.0,0.0,0.0,0.0,0.0,0.0,0.0,0.0,0.6663316377708322,0.6852556576707169,0.12534868262092297,0.2075182675250232,wait:0.000000
16,89:0,89,no_addition,False,0.0,0.0,0.0,0.0,0.0,0.0,0.0,0.0,0.0,0.0,0.6154086354683044,0.39401625161170495,0.2224815867294293,0.23257959950918858,wait:0.000000
16,91:0,91,no_addition,False,0.0,0.0,0.0,0.0,0.0,0.0,0.0,0.0,0.0,0.0,0.35086857358249224,0.5025706490777337,0.2828989028082604,0.13555949477546203,wait:0.000000
16,99:0,99,no_addition,False,0.0,0.0,0.0,0.0,0.0,0.0,0.0,0.0,0.0,0.0,0.545919754635573,0.3762047328798433,0.32801517338061686,0.2986910420499687,wait:0.000000
16,101:0,101,no_addition,False,0.0,0.0,0.0,0.0,0.0,0.0,0.0,0.0,0.0,0.0,0.5810976055605849,0.3882687215850596,0.3072729448710695,0.21017157870428096,wait:0.000000
16,102:0,102,no_addition,False,0.0,0.0,0.0,0.0,0.0,0.0,0.0,0.0,0.0,0.0,0.6513672192398829,0.34011089000283523,0.23985665450696353,0.2798511655072161,wait:0.000000
16,103:0,103,no_addition,False,0.0,0.0,0.0,0.0,0.0,0.0,0.0,0.0,0.0,0.0,0.4345318844840096,0.352142200466893,0.3071780557516381,0.2065438493999356,wait:0.000000
16,106:0,106,no_addition,False,0.0,0.0,0.0,0.0,0.0,0.0,0.0,0.0,0.0,0.0,0.5538869960114561,0.4442274283105875,0.2104074641932924,0.13244187247478853,wait:0.000000
16,108:0,108,no_addition,False,0.0,0.0,0.0,0.0,0.0,0.0,0.0,0.0,0.0,0.0,0.662589369414454,0.6511030266015705,0.17469612445993973,0.26131271967635666,wait:0.000000
16,111:0,111,no_addition,False,0.0,0.0,0.0,0.0,0.0,0.0,0.0,0.0,0.0,0.0,0.5796869035044703,0.5398910016347154,0.14769215675894026,0.1264487992349216,wait:0.000000
16,113:0,113,no_addition,False,0.0,0.0,0.0,0.0,0.0,0.0,0.0,0.0,0.0,0.0,0.3188426505463827,0.658115326063435,0.2654550611848953,0.12446771722269334,wait:0.000000
16,117:0,117,no_addition,False,0.0,0.0,0.0,0.0,0.0,0.0,0.0,0.0,0.0,0.0,0.5262276374207189,0.34361268573099335,0.3344849565567116,0.23819627200325658,wait:0.000000
17,0:0,0,no_addition,False,0.0,0.0,0.0,0.0,0.0,0.0,0.0,0.0,0.0,0.0,0.6349269699863758,0.6451027268427387,0.18958490503426,0.22661546330778407,wait:0.000000
17,8:0,8,no_addition,False,0.0,0.0,0.0,0.0,0.0,0.0,0.0,0.0,0.0,0.0,0.3722448780626667,0.3741609179318683,0.12450188797737873,0.268675858392624,wait:0.000000
17,12:0,12,no_addition,False,0.0,0.0,0.0,0.0,0.0,0.0,0.0,0.0,0.0,0.0,0.6937817987812784,0.533729937316545,0.3039036571022257,0.2557276584561406,wait:0.000000
17,15:0,15,no_addition,False,0.0,0.0,0.0,0.0,0.0,0.0,0.0,0.0,0.0,0.0,0.5315402376273212,0.43827277049971713,0.15350122755625317,0.30298658066995987,wait:0.000000
17,17:0,17,no_addition,False,0.0,0.0,0.0,0.0,0.0,0.0,0.0,0.0,0.0,0.0,0.4819935126913222,0.6219505664093764,0.3244303667370665,0.25267729299700975,wait:0.000000
17,20:0,20,no_addition,False,0.0,0.0,0.0,0.0,0.0,0.0,0.0,0.0,0.0,0.0,0.5695092762977207,0.5427465433672397,0.1817366391800946,0.28158208675522445,wait:0.000000
17,31:0,31,no_addition,False,0.0,0.0,0.0,0.0,0.0,0.0,0.0,0.0,0.0,0.0,0.589231730984955,0.6693227769320748,0.20287329459672546,0.1596477209505274,wait:0.000000
17,37:0,37,no_addition,False,0.0,0.0,0.0,0.0,0.0,0.0,0.0,0.0,0.0,0.0,0.6066398133866089,0.6532623452529932,0.3053925153722587,0.16203645934202765,wait:0.000000
17,39:0,39,no_addition,False,0.0,0.0,0.0,0.0,0.0,0.0,0.0,0.0,0.0,0.0,0.37945770070522633,0.5325269746583201,0.1441159877114682,0.2581265639267173,wait:0.000000
17,42:0,42,no_addition,False,0.0,0.0,0.0,0.0,0.0,0.0,0.0,0.0,0.0,0.0,0.31466259977595556,0.46424046267399166,0.2612702822458626,0.13539310923713369,wait:0.000000
17,45:0,45,no_addition,False,0.0,0.0,0.0,0.0,0.0,0.0,0.0,0.0,0.0,0.0,0.6327854347063235,0.527231276761715,0.31173994230001556,0.13645278940660277,wait:0.000000
17,46:0,46,no_addition,False,0.0,0.0,0.0,0.0,0.0,0.0,0.0,0.0,0.0,0.0,0.41247147996441474,0.6846503611583785,0.23669126286736908,0.12787633965132716,wait:0.000000
17,54:0,54,no_addition,False,0.0,0.0,0.0,0.0,0.0,0.0,0.0,0.0,0.0,0.0,0.3104973378290874,0.6254248988225772,0.32626372298888134,0.28028762715313327,wait:0.000000
17,57:0,57,no_addition,False,0.0,0.0,0.0,0.0,0.0,0.0,0.0,0.0,0.0,0.0,0.3674812585006399,0.6063002200099101,0.1419637555088372,0.14083652994445953,wait:0.000000
17,58:0,58,no_addition,False,0.0,0.0,0.0,0.0,0.0,0.0,0.0,0.0,0.0,0.0,0.5698457129212575,0.5086375410968227,0.31770589102444186,0.16866236372747928,wait:0.000000
17,59:0,59,no_addition,False,0.0,0.0,0.0,0.0,0.0,0.0,0.0,0.0,0.0,0.0,0.6502922637422113,0.5324985384558232,0.3003984701500516,0.3307652353400831,wait:0.000000
17,60:0,60,no_addition,False,0.0,0.0,0.0,0.0,0.0,0.0,0.0,0.0,0.0,0.0,0.5345134400782842,0.6524568073919632,0.2785878606586106,0.18337523916769824,wait:0.000000
17,61:0,61,no_addition,False,0.0,0.0,0.0,0.0,0.0,0.0,0.0,0.0,0.0,0.0,0.35466418061386695,0.48525784679251094,0.25711426778410923,0.2818610144285211,wait:0.000000
17,62:0,62,no_addition,False,0.0,0.0,0.0,0.0,0.0,0.0,0.0,0.0,0.0,0.0,0.6737425411252645,0.6467612254331299,0.24181440332422513,0.1305552901432641,wait:0.000000
17,69:0,69,no_addition,False,0.0,0.0,0.0,0.0,0.0,0.0,0.0,0.0,0.0,0.0,0.5522842267235775,0.44811772559250074,0.1600034596194771,0.20616873348956766,wait:0.000000
17,70:0,70,no_addition,False,0.0,0.0,0.0,0.0,0.0,0.0,0.0,0.0,0.0,0.0,0.6750418326056267,0.5181513925536889,0.2641027359048809,0.2119510011871475,wait:0.000000
17,71:0,71,no_addition,False,0.0,0.0,0.0,0.0,0.0,0.0,0.0,0.0,0.0,0.0,0.5724433221045399,0.5798533147655999,0.1966434629438023,0.18891818549490788,wait:0.000000
17,77:0,77,no_addition,False,0.0,0.0,0.0,0.0,0.0,0.0,0.0,0.0,0.0,0.0,0.6557895980559207,0.5583678345059471,0.22680502196466576,0.27959005577356233,wait:0.000000
17,78:0,78,no_addition,False,0.0,0.0,0.0,0.0,0.0,0.0,0.0,0.0,0.0,0.0,0.6149527470465616,0.34177155101478407,0.24966732629549443,0.3066099241424625,wait:0.000000
17,83:0,83,no_addition,False,0.0,0.0,0.0,0.0,0.0,0.0,0.0,0.0,0.0,0.0,0.6492496307348407,0.3732835456302558,0.33254471762931725,0.16566944905945366,wait:0.000000
17,85:0,85,no_addition,False,0.0,0.0,0.0,0.0,0.0,0.0,0.0,0.0,0.0,0.0,0.6653815322741997,0.581425413119678,0.20909958497958275,0.18528397522787762,wait:0.000000
17,88:0,88,no_addition,False,0.0,0.0,0.0,0.0,0.0,0.0,0.0,0.0,0.0,0.0,0.6663316377708322,0.6852556576707169,0.12534868262092297,0.2075182675250232,wait:0.000000
17,89:0,89,no_addition,False,0.0,0.0,0.0,0.0,0.0,0.0,0.0,0.0,0.0,0.0,0.6154086354683044,0.39401625161170495,0.2224815867294293,0.23257959950918858,wait:0.000000
17,91:0,91,no_addition,False,0.0,0.0,0.0,0.0,0.0,0.0,0.0,0.0,0.0,0.0,0.35086857358249224,0.5025706490777337,0.2828989028082604,0.13555949477546203,wait:0.000000
17,99:0,99,no_addition,False,0.0,0.0,0.0,0.0,0.0,0.0,0.0,0.0,0.0,0.0,0.545919754635573,0.3762047328798433,0.32801517338061686,0.2986910420499687,wait:0.000000
17,101:0,101,no_addition,False,0.0,0.0,0.0,0.0,0.0,0.0,0.0,0.0,0.0,0.0,0.5810976055605849,0.3882687215850596,0.3072729448710695,0.21017157870428096,wait:0.000000
17,102:0,102,no_addition,False,0.0,0.0,0.0,0.0,0.0,0.0,0.0,0.0,0.0,0.0,0.6513672192398829,0.34011089000283523,0.23985665450696353,0.2798511655072161,wait:0.000000
17,103:0,103,no_addition,False,0.0,0.0,0.0,0.0,0.0,0.0,0.0,0.0,0.0,0.0,0.4345318844840096,0.352142200466893,0.3071780557516381,0.2065438493999356,wait:0.000000
17,106:0,106,no_addition,False,0.0,0.0,0.0,0.0,0.0,0.0,0.0,0.0,0.0,0.0,0.5538869960114561,0.4442274283105875,0.2104074641932924,0.13244187247478853,wait:0.000000
17,108:0,108,no_addition,False,0.0,0.0,0.0,0.0,0.0,0.0,0.0,0.0,0.0,0.0,0.662589369414454,0.6511030266015705,0.17469612445993973,0.26131271967635666,wait:0.000000
17,111:0,111,no_addition,False,0.0,0.0,0.0,0.0,0.0,0.0,0.0,0.0,0.0,0.0,0.5796869035044703,0.5398910016347154,0.14769215675894026,0.1264487992349216,wait:0.000000
17,113:0,113,no_addition,False,0.0,0.0,0.0,0.0,0.0,0.0,0.0,0.0,0.0,0.0,0.3188426505463827,0.658115326063435,0.2654550611848953,0.12446771722269334,wait:0.000000
17,117:0,117,no_addition,False,0.0,0.0,0.0,0.0,0.0,0.0,0.0,0.0,0.0,0.0,0.5262276374207189,0.34361268573099335,0.3344849565567116,0.23819627200325658,wait:0.000000
18,0:0,0,no_addition,False,0.0,0.0,0.0,0.0,0.0,0.0,0.0,0.0,0.0,0.0,0.6349269699863758,0.6451027268427387,0.18958490503426,0.22661546330778407,wait:0.000000
18,8:0,8,no_addition,False,0.0,0.0,0.0,0.0,0.0,0.0,0.0,0.0,0.0,0.0,0.3722448780626667,0.3741609179318683,0.12450188797737873,0.268675858392624,wait:0.000000
18,12:0,12,no_addition,False,0.0,0.0,0.0,0.0,0.0,0.0,0.0,0.0,0.0,0.0,0.6937817987812784,0.533729937316545,0.3039036571022257,0.2557276584561406,wait:0.000000
18,15:0,15,no_addition,False,0.0,0.0,0.0,0.0,0.0,0.0,0.0,0.0,0.0,0.0,0.5315402376273212,0.43827277049971713,0.15350122755625317,0.30298658066995987,wait:0.000000
18,17:0,17,no_addition,False,0.0,0.0,0.0,0.0,0.0,0.0,0.0,0.0,0.0,0.0,0.4819935126913222,0.6219505664093764,0.3244303667370665,0.25267729299700975,wait:0.000000
18,20:0,20,no_addition,False,0.0,0.0,0.0,0.0,0.0,0.0,0.0,0.0,0.0,0.0,0.5695092762977207,0.5427465433672397,0.1817366391800946,0.28158208675522445,wait:0.000000
18,31:0,31,no_addition,False,0.0,0.0,0.0,0.0,0.0,0.0,0.0,0.0,0.0,0.0,0.589231730984955,0.6693227769320748,0.20287329459672546,0.1596477209505274,wait:0.000000
18,37:0,37,no_addition,False,0.0,0.0,0.0,0.0,0.0,0.0,0.0,0.0,0.0,0.0,0.6066398133866089,0.6532623452529932,0.3053925153722587,0.16203645934202765,wait:0.000000
18,39:0,39,no_addition,False,0.0,0.0,0.0,0.0,0.0,0.0,0.0,0.0,0.0,0.0,0.37945770070522633,0.5325269746583201,0.1441159877114682,0.2581265639267173,wait:0.000000
18,42:0,42,no_addition,False,0.0,0.0,0.0,0.0,0.0,0.0,0.0,0.0,0.0,0.0,0.31466259977595556,0.46424046267399166,0.2612702822458626,0.13539310923713369,wait:0.000000
18,45:0,45,no_addition,False,0.0,0.0,0.0,0.0,0.0,0.0,0.0,0.0,0.0,0.0,0.6327854347063235,0.527231276761715,0.31173994230001556,0.13645278940660277,wait:0.000000
18,46:0,46,no_addition,False,0.0,0.0,0.0,0.0,0.0,0.0,0.0,0.0,0.0,0.0,0.41247147996441474,0.6846503611583785,0.23669126286736908,0.12787633965132716,wait:0.000000
18,54:0,54,no_addition,False,0.0,0.0,0.0,0.0,0.0,0.0,0.0,0.0,0.0,0.0,0.3104973378290874,0.6254248988225772,0.32626372298888134,0.28028762715313327,wait:0.000000
18,57:0,57,no_addition,False,0.0,0.0,0.0,0.0,0.0,0.0,0.0,0.0,0.0,0.0,0.3674812585006399,0.6063002200099101,0.1419637555088372,0.14083652994445953,wait:0.000000
18,58:0,58,no_addition,False,0.0,0.0,0.0,0.0,0.0,0.0,0.0,0.0,0.0,0.0,0.5698457129212575,0.5086375410968227,0.31770589102444186,0.16866236372747928,wait:0.000000
18,59:0,59,no_addition,False,0.0,0.0,0.0,0.0,0.0,0.0,0.0,0.0,0.0,0.0,0.6502922637422113,0.5324985384558232,0.3003984701500516,0.3307652353400831,wait:0.000000
18,60:0,60,no_addition,False,0.0,0.0,0.0,0.0,0.0,0.0,0.0,0.0,0.0,0.0,0.5345134400782842,0.6524568073919632,0.2785878606586106,0.18337523916769824,wait:0.000000
18,61:0,61,no_addition,False,0.0,0.0,0.0,0.0,0.0,0.0,0.0,0.0,0.0,0.0,0.35466418061386695,0.48525784679251094,0.25711426778410923,0.2818610144285211,wait:0.000000
18,62:0,62,no_addition,False,0.0,0.0,0.0,0.0,0.0,0.0,0.0,0.0,0.0,0.0,0.6737425411252645,0.6467612254331299,0.24181440332422513,0.1305552901432641,wait:0.000000
18,69:0,69,no_addition,False,0.0,0.0,0.0,0.0,0.0,0.0,0.0,0.0,0.0,0.0,0.5522842267235775,0.44811772559250074,0.1600034596194771,0.20616873348956766,wait:0.000000
18,70:0,70,no_addition,False,0.0,0.0,0.0,0.0,0.0,0.0,0.0,0.0,0.0,0.0,0.6750418326056267,0.5181513925536889,0.2641027359048809,0.2119510011871475,wait:0.000000
18,71:0,71,no_addition,False,0.0,0.0,0.0,0.0,0.0,0.0,0.0,0.0,0.0,0.0,0.5724433221045399,0.5798533147655999,0.1966434629438023,0.18891818549490788,wait:0.000000
18,77:0,77,no_addition,False,0.0,0.0,0.0,0.0,0.0,0.0,0.0,0.0,0.0,0.0,0.6557895980559207,0.5583678345059471,0.22680502196466576,0.27959005577356233,wait:0.000000
18,78:0,78,no_addition,False,0.0,0.0,0.0,0.0,0.0,0.0,0.0,0.0,0.0,0.0,0.6149527470465616,0.34177155101478407,0.24966732629549443,0.3066099241424625,wait:0.000000
18,83:0,83,no_addition,False,0.0,0.0,0.0,0.0,0.0,0.0,0.0,0.0,0.0,0.0,0.6492496307348407,0.3732835456302558,0.33254471762931725,0.16566944905945366,wait:0.000000
18,85:0,85,no_addition,False,0.0,0.0,0.0,0.0,0.0,0.0,0.0,0.0,0.0,0.0,0.6653815322741997,0.581425413119678,0.20909958497958275,0.18528397522787762,wait:0.000000
18,88:0,88,no_addition,False,0.0,0.0,0.0,0.0,0.0,0.0,0.0,0.0,0.0,0.0,0.6663316377708322,0.6852556576707169,0.12534868262092297,0.2075182675250232,wait:0.000000
18,89:0,89,no_addition,False,0.0,0.0,0.0,0.0,0.0,0.0,0.0,0.0,0.0,0.0,0.6154086354683044,0.39401625161170495,0.2224815867294293,0.23257959950918858,wait:0.000000
18,91:0,91,no_addition,False,0.0,0.0,0.0,0.0,0.0,0.0,0.0,0.0,0.0,0.0,0.35086857358249224,0.5025706490777337,0.2828989028082604,0.13555949477546203,wait:0.000000
18,99:0,99,no_addition,False,0.0,0.0,0.0,0.0,0.0,0.0,0.0,0.0,0.0,0.0,0.545919754635573,0.3762047328798433,0.32801517338061686,0.2986910420499687,wait:0.000000
18,101:0,101,no_addition,False,0.0,0.0,0.0,0.0,0.0,0.0,0.0,0.0,0.0,0.0,0.5810976055605849,0.3882687215850596,0.3072729448710695,0.21017157870428096,wait:0.000000
18,102:0,102,no_addition,False,0.0,0.0,0.0,0.0,0.0,0.0,0.0,0.0,0.0,0.0,0.6513672192398829,0.34011089000283523,0.23985665450696353,0.2798511655072161,wait:0.000000
18,103:0,103,no_addition,False,0.0,0.0,0.0,0.0,0.0,0.0,0.0,0.0,0.0,0.0,0.4345318844840096,0.352142200466893,0.3071780557516381,0.2065438493999356,wait:0.000000
18,106:0,106,no_addition,False,0.0,0.0,0.0,0.0,0.0,0.0,0.0,0.0,0.0,0.0,0.5538869960114561,0.4442274283105875,0.2104074641932924,0.13244187247478853,wait:0.000000
18,108:0,108,no_addition,False,0.0,0.0,0.0,0.0,0.0,0.0,0.0,0.0,0.0,0.0,0.662589369414454,0.6511030266015705,0.17469612445993973,0.26131271967635666,wait:0.000000
18,111:0,111,no_addition,False,0.0,0.0,0.0,0.0,0.0,0.0,0.0,0.0,0.0,0.0,0.5796869035044703,0.5398910016347154,0.14769215675894026,0.1264487992349216,wait:0.000000
18,113:0,113,no_addition,False,0.0,0.0,0.0,0.0,0.0,0.0,0.0,0.0,0.0,0.0,0.3188426505463827,0.658115326063435,0.2654550611848953,0.12446771722269334,wait:0.000000
18,117:0,117,no_addition,False,0.0,0.0,0.0,0.0,0.0,0.0,0.0,0.0,0.0,0.0,0.5262276374207189,0.34361268573099335,0.3344849565567116,0.23819627200325658,wait:0.000000
19,0:0,0,no_addition,False,0.0,0.0,0.0,0.0,0.0,0.0,0.0,0.0,0.0,0.0,0.6349269699863758,0.6451027268427387,0.18958490503426,0.22661546330778407,wait:0.000000
19,8:0,8,no_addition,False,0.0,0.0,0.0,0.0,0.0,0.0,0.0,0.0,0.0,0.0,0.3722448780626667,0.3741609179318683,0.12450188797737873,0.268675858392624,wait:0.000000
19,12:0,12,no_addition,False,0.0,0.0,0.0,0.0,0.0,0.0,0.0,0.0,0.0,0.0,0.6937817987812784,0.533729937316545,0.3039036571022257,0.2557276584561406,wait:0.000000
19,15:0,15,no_addition,False,0.0,0.0,0.0,0.0,0.0,0.0,0.0,0.0,0.0,0.0,0.5315402376273212,0.43827277049971713,0.15350122755625317,0.30298658066995987,wait:0.000000
19,17:0,17,no_addition,False,0.0,0.0,0.0,0.0,0.0,0.0,0.0,0.0,0.0,0.0,0.4819935126913222,0.6219505664093764,0.3244303667370665,0.25267729299700975,wait:0.000000
19,20:0,20,no_addition,False,0.0,0.0,0.0,0.0,0.0,0.0,0.0,0.0,0.0,0.0,0.5695092762977207,0.5427465433672397,0.1817366391800946,0.28158208675522445,wait:0.000000
19,31:0,31,no_addition,False,0.0,0.0,0.0,0.0,0.0,0.0,0.0,0.0,0.0,0.0,0.589231730984955,0.6693227769320748,0.20287329459672546,0.1596477209505274,wait:0.000000
19,37:0,37,no_addition,False,0.0,0.0,0.0,0.0,0.0,0.0,0.0,0.0,0.0,0.0,0.6066398133866089,0.6532623452529932,0.3053925153722587,0.16203645934202765,wait:0.000000
19,39:0,39,no_addition,False,0.0,0.0,0.0,0.0,0.0,0.0,0.0,0.0,0.0,0.0,0.37945770070522633,0.5325269746583201,0.1441159877114682,0.2581265639267173,wait:0.000000
19,42:0,42,no_addition,False,0.0,0.0,0.0,0.0,0.0,0.0,0.0,0.0,0.0,0.0,0.31466259977595556,0.46424046267399166,0.2612702822458626,0.13539310923713369,wait:0.000000
19,45:0,45,no_addition,False,0.0,0.0,0.0,0.0,0.0,0.0,0.0,0.0,0.0,0.0,0.6327854347063235,0.527231276761715,0.31173994230001556,0.13645278940660277,wait:0.000000
19,46:0,46,no_addition,False,0.0,0.0,0.0,0.0,0.0,0.0,0.0,0.0,0.0,0.0,0.41247147996441474,0.6846503611583785,0.23669126286736908,0.12787633965132716,wait:0.000000
19,54:0,54,no_addition,False,0.0,0.0,0.0,0.0,0.0,0.0,0.0,0.0,0.0,0.0,0.3104973378290874,0.6254248988225772,0.32626372298888134,0.28028762715313327,wait:0.000000
19,57:0,57,no_addition,False,0.0,0.0,0.0,0.0,0.0,0.0,0.0,0.0,0.0,0.0,0.3674812585006399,0.6063002200099101,0.1419637555088372,0.14083652994445953,wait:0.000000
19,58:0,58,no_addition,False,0.0,0.0,0.0,0.0,0.0,0.0,0.0,0.0,0.0,0.0,0.5698457129212575,0.5086375410968227,0.31770589102444186,0.16866236372747928,wait:0.000000
19,59:0,59,no_addition,False,0.0,0.0,0.0,0.0,0.0,0.0,0.0,0.0,0.0,0.0,0.6502922637422113,0.5324985384558232,0.3003984701500516,0.3307652353400831,wait:0.000000
19,60:0,60,no_addition,False,0.0,0.0,0.0,0.0,0.0,0.0,0.0,0.0,0.0,0.0,0.5345134400782842,0.6524568073919632,0.2785878606586106,0.18337523916769824,wait:0.000000
19,61:0,61,no_addition,False,0.0,0.0,0.0,0.0,0.0,0.0,0.0,0.0,0.0,0.0,0.35466418061386695,0.48525784679251094,0.25711426778410923,0.2818610144285211,wait:0.000000
19,62:0,62,no_addition,False,0.0,0.0,0.0,0.0,0.0,0.0,0.0,0.0,0.0,0.0,0.6737425411252645,0.6467612254331299,0.24181440332422513,0.1305552901432641,wait:0.000000
19,69:0,69,no_addition,False,0.0,0.0,0.0,0.0,0.0,0.0,0.0,0.0,0.0,0.0,0.5522842267235775,0.44811772559250074,0.1600034596194771,0.20616873348956766,wait:0.000000
19,70:0,70,no_addition,False,0.0,0.0,0.0,0.0,0.0,0.0,0.0,0.0,0.0,0.0,0.6750418326056267,0.5181513925536889,0.2641027359048809,0.2119510011871475,wait:0.000000
19,71:0,71,no_addition,False,0.0,0.0,0.0,0.0,0.0,0.0,0.0,0.0,0.0,0.0,0.5724433221045399,0.5798533147655999,0.1966434629438023,0.18891818549490788,wait:0.000000
19,77:0,77,no_addition,False,0.0,0.0,0.0,0.0,0.0,0.0,0.0,0.0,0.0,0.0,0.6557895980559207,0.5583678345059471,0.22680502196466576,0.27959005577356233,wait:0.000000
19,78:0,78,no_addition,False,0.0,0.0,0.0,0.0,0.0,0.0,0.0,0.0,0.0,0.0,0.6149527470465616,0.34177155101478407,0.24966732629549443,0.3066099241424625,wait:0.000000
19,83:0,83,no_addition,False,0.0,0.0,0.0,0.0,0.0,0.0,0.0,0.0,0.0,0.0,0.6492496307348407,0.3732835456302558,0.33254471762931725,0.16566944905945366,wait:0.000000
19,85:0,85,no_addition,False,0.0,0.0,0.0,0.0,0.0,0.0,0.0,0.0,0.0,0.0,0.6653815322741997,0.581425413119678,0.20909958497958275,0.18528397522787762,wait:0.000000
19,88:0,88,no_addition,False,0.0,0.0,0.0,0.0,0.0,0.0,0.0,0.0,0.0,0.0,0.6663316377708322,0.6852556576707169,0.12534868262092297,0.2075182675250232,wait:0.000000
19,89:0,89,no_addition,False,0.0,0.0,0.0,0.0,0.0,0.0,0.0,0.0,0.0,0.0,0.6154086354683044,0.39401625161170495,0.2224815867294293,0.23257959950918858,wait:0.000000
19,91:0,91,no_addition,False,0.0,0.0,0.0,0.0,0.0,0.0,0.0,0.0,0.0,0.0,0.35086857358249224,0.5025706490777337,0.2828989028082604,0.13555949477546203,wait:0.000000
19,99:0,99,no_addition,False,0.0,0.0,0.0,0.0,0.0,0.0,0.0,0.0,0.0,0.0,0.545919754635573,0.3762047328798433,0.32801517338061686,0.2986910420499687,wait:0.000000
19,101:0,101,no_addition,False,0.0,0.0,0.0,0.0,0.0,0.0,0.0,0.0,0.0,0.0,0.5810976055605849,0.3882687215850596,0.3072729448710695,0.21017157870428096,wait:0.000000
19,102:0,102,no_addition,False,0.0,0.0,0.0,0.0,0.0,0.0,0.0,0.0,0.0,0.0,0.6513672192398829,0.34011089000283523,0.23985665450696353,0.2798511655072161,wait:0.000000
19,103:0,103,no_addition,False,0.0,0.0,0.0,0.0,0.0,0.0,0.0,0.0,0.0,0.0,0.4345318844840096,0.352142200466893,0.3071780557516381,0.2065438493999356,wait:0.000000
19,106:0,106,no_addition,False,0.0,0.0,0.0,0.0,0.0,0.0,0.0,0.0,0.0,0.0,0.5538869960114561,0.4442274283105875,0.2104074641932924,0.13244187247478853,wait:0.000000
19,108:0,108,no_addition,False,0.0,0.0,0.0,0.0,0.0,0.0,0.0,0.0,0.0,0.0,0.662589369414454,0.6511030266015705,0.17469612445993973,0.26131271967635666,wait:0.000000
19,111:0,111,no_addition,False,0.0,0.0,0.0,0.0,0.0,0.0,0.0,0.0,0.0,0.0,0.5796869035044703,0.5398910016347154,0.14769215675894026,0.1264487992349216,wait:0.000000
19,113:0,113,no_addition,False,0.0,0.0,0.0,0.0,0.0,0.0,0.0,0.0,0.0,0.0,0.3188426505463827,0.658115326063435,0.2654550611848953,0.12446771722269334,wait:0.000000
19,117:0,117,no_addition,False,0.0,0.0,0.0,0.0,0.0,0.0,0.0,0.0,0.0,0.0,0.5262276374207189,0.34361268573099335,0.3344849565567116,0.23819627200325658,wait:0.000000
20,0:0,0,no_addition,False,0.0,0.0,0.0,0.0,0.0,0.0,0.0,0.0,0.0,0.0,0.6349269699863758,0.6451027268427387,0.18958490503426,0.22661546330778407,wait:0.000000
20,8:0,8,no_addition,False,0.0,0.0,0.0,0.0,0.0,0.0,0.0,0.0,0.0,0.0,0.3722448780626667,0.3741609179318683,0.12450188797737873,0.268675858392624,wait:0.000000
20,12:0,12,no_addition,False,0.0,0.0,0.0,0.0,0.0,0.0,0.0,0.0,0.0,0.0,0.6937817987812784,0.533729937316545,0.3039036571022257,0.2557276584561406,wait:0.000000
20,15:0,15,no_addition,False,0.0,0.0,0.0,0.0,0.0,0.0,0.0,0.0,0.0,0.0,0.5315402376273212,0.43827277049971713,0.15350122755625317,0.30298658066995987,wait:0.000000
20,17:0,17,no_addition,False,0.0,0.0,0.0,0.0,0.0,0.0,0.0,0.0,0.0,0.0,0.4819935126913222,0.6219505664093764,0.3244303667370665,0.25267729299700975,wait:0.000000
20,20:0,20,no_addition,False,0.0,0.0,0.0,0.0,0.0,0.0,0.0,0.0,0.0,0.0,0.5695092762977207,0.5427465433672397,0.1817366391800946,0.28158208675522445,wait:0.000000
20,31:0,31,no_addition,False,0.0,0.0,0.0,0.0,0.0,0.0,0.0,0.0,0.0,0.0,0.589231730984955,0.6693227769320748,0.20287329459672546,0.1596477209505274,wait:0.000000
20,37:0,37,no_addition,False,0.0,0.0,0.0,0.0,0.0,0.0,0.0,0.0,0.0,0.0,0.6066398133866089,0.6532623452529932,0.3053925153722587,0.16203645934202765,wait:0.000000
20,39:0,39,no_addition,False,0.0,0.0,0.0,0.0,0.0,0.0,0.0,0.0,0.0,0.0,0.37945770070522633,0.5325269746583201,0.1441159877114682,0.2581265639267173,wait:0.000000
20,42:0,42,no_addition,False,0.0,0.0,0.0,0.0,0.0,0.0,0.0,0.0,0.0,0.0,0.31466259977595556,0.46424046267399166,0.2612702822458626,0.13539310923713369,wait:0.000000
20,45:0,45,no_addition,False,0.0,0.0,0.0,0.0,0.0,0.0,0.0,0.0,0.0,0.0,0.6327854347063235,0.527231276761715,0.31173994230001556,0.13645278940660277,wait:0.000000
20,46:0,46,no_addition,False,0.0,0.0,0.0,0.0,0.0,0.0,0.0,0.0,0.0,0.0,0.41247147996441474,0.6846503611583785,0.23669126286736908,0.12787633965132716,wait:0.000000
20,54:0,54,no_addition,False,0.0,0.0,0.0,0.0,0.0,0.0,0.0,0.0,0.0,0.0,0.3104973378290874,0.6254248988225772,0.32626372298888134,0.28028762715313327,wait:0.000000
20,57:0,57,no_addition,False,0.0,0.0,0.0,0.0,0.0,0.0,0.0,0.0,0.0,0.0,0.3674812585006399,0.6063002200099101,0.1419637555088372,0.14083652994445953,wait:0.000000
20,58:0,58,no_addition,False,0.0,0.0,0.0,0.0,0.0,0.0,0.0,0.0,0.0,0.0,0.5698457129212575,0.5086375410968227,0.31770589102444186,0.16866236372747928,wait:0.000000
20,59:0,59,no_addition,False,0.0,0.0,0.0,0.0,0.0,0.0,0.0,0.0,0.0,0.0,0.6502922637422113,0.5324985384558232,0.3003984701500516,0.3307652353400831,wait:0.000000
20,60:0,60,no_addition,False,0.0,0.0,0.0,0.0,0.0,0.0,0.0,0.0,0.0,0.0,0.5345134400782842,0.6524568073919632,0.2785878606586106,0.18337523916769824,wait:0.000000
20,61:0,61,no_addition,False,0.0,0.0,0.0,0.0,0.0,0.0,0.0,0.0,0.0,0.0,0.35466418061386695,0.48525784679251094,0.25711426778410923,0.2818610144285211,wait:0.000000
20,62:0,62,no_addition,False,0.0,0.0,0.0,0.0,0.0,0.0,0.0,0.0,0.0,0.0,0.6737425411252645,0.6467612254331299,0.24181440332422513,0.1305552901432641,wait:0.000000
20,69:0,69,no_addition,False,0.0,0.0,0.0,0.0,0.0,0.0,0.0,0.0,0.0,0.0,0.5522842267235775,0.44811772559250074,0.1600034596194771,0.20616873348956766,wait:0.000000
20,70:0,70,no_addition,False,0.0,0.0,0.0,0.0,0.0,0.0,0.0,0.0,0.0,0.0,0.6750418326056267,0.5181513925536889,0.2641027359048809,0.2119510011871475,wait:0.000000
20,71:0,71,no_addition,False,0.0,0.0,0.0,0.0,0.0,0.0,0.0,0.0,0.0,0.0,0.5724433221045399,0.5798533147655999,0.1966434629438023,0.18891818549490788,wait:0.000000
20,77:0,77,no_addition,False,0.0,0.0,0.0,0.0,0.0,0.0,0.0,0.0,0.0,0.0,0.6557895980559207,0.5583678345059471,0.22680502196466576,0.27959005577356233,wait:0.000000
20,78:0,78,no_addition,False,0.0,0.0,0.0,0.0,0.0,0.0,0.0,0.0,0.0,0.0,0.6149527470465616,0.34177155101478407,0.24966732629549443,0.3066099241424625,wait:0.000000
20,83:0,83,no_addition,False,0.0,0.0,0.0,0.0,0.0,0.0,0.0,0.0,0.0,0.0,0.6492496307348407,0.3732835456302558,0.33254471762931725,0.16566944905945366,wait:0.000000
20,85:0,85,no_addition,False,0.0,0.0,0.0,0.0,0.0,0.0,0.0,0.0,0.0,0.0,0.6653815322741997,0.581425413119678,0.20909958497958275,0.18528397522787762,wait:0.000000
20,88:0,88,no_addition,False,0.0,0.0,0.0,0.0,0.0,0.0,0.0,0.0,0.0,0.0,0.6663316377708322,0.6852556576707169,0.12534868262092297,0.2075182675250232,wait:0.000000
20,89:0,89,no_addition,False,0.0,0.0,0.0,0.0,0.0,0.0,0.0,0.0,0.0,0.0,0.6154086354683044,0.39401625161170495,0.2224815867294293,0.23257959950918858,wait:0.000000
20,91:0,91,no_addition,False,0.0,0.0,0.0,0.0,0.0,0.0,0.0,0.0,0.0,0.0,0.35086857358249224,0.5025706490777337,0.2828989028082604,0.13555949477546203,wait:0.000000
20,99:0,99,no_addition,False,0.0,0.0,0.0,0.0,0.0,0.0,0.0,0.0,0.0,0.0,0.545919754635573,0.3762047328798433,0.32801517338061686,0.2986910420499687,wait:0.000000
20,101:0,101,no_addition,False,0.0,0.0,0.0,0.0,0.0,0.0,0.0,0.0,0.0,0.0,0.5810976055605849,0.3882687215850596,0.3072729448710695,0.21017157870428096,wait:0.000000
20,102:0,102,no_addition,False,0.0,0.0,0.0,0.0,0.0,0.0,0.0,0.0,0.0,0.0,0.6513672192398829,0.34011089000283523,0.23985665450696353,0.2798511655072161,wait:0.000000
20,103:0,103,no_addition,False,0.0,0.0,0.0,0.0,0.0,0.0,0.0,0.0,0.0,0.0,0.4345318844840096,0.352142200466893,0.3071780557516381,0.2065438493999356,wait:0.000000
20,106:0,106,no_addition,False,0.0,0.0,0.0,0.0,0.0,0.0,0.0,0.0,0.0,0.0,0.5538869960114561,0.4442274283105875,0.2104074641932924,0.13244187247478853,wait:0.000000
20,108:0,108,no_addition,False,0.0,0.0,0.0,0.0,0.0,0.0,0.0,0.0,0.0,0.0,0.662589369414454,0.6511030266015705,0.17469612445993973,0.26131271967635666,wait:0.000000
20,111:0,111,no_addition,False,0.0,0.0,0.0,0.0,0.0,0.0,0.0,0.0,0.0,0.0,0.5796869035044703,0.5398910016347154,0.14769215675894026,0.1264487992349216,wait:0.000000
20,113:0,113,no_addition,False,0.0,0.0,0.0,0.0,0.0,0.0,0.0,0.0,0.0,0.0,0.3188426505463827,0.658115326063435,0.2654550611848953,0.12446771722269334,wait:0.000000
20,117:0,117,no_addition,False,0.0,0.0,0.0,0.0,0.0,0.0,0.0,0.0,0.0,0.0,0.5262276374207189,0.34361268573099335,0.3344849565567116,0.23819627200325658,wait:0.000000
21,0:0,0,no_addition,False,0.0,0.0,0.0,0.0,0.0,0.0,0.0,0.0,0.0,0.0,0.6349269699863758,0.6451027268427387,0.18958490503426,0.22661546330778407,wait:0.000000
21,8:0,8,no_addition,False,0.0,0.0,0.0,0.0,0.0,0.0,0.0,0.0,0.0,0.0,0.3722448780626667,0.3741609179318683,0.12450188797737873,0.268675858392624,wait:0.000000
21,12:0,12,no_addition,False,0.0,0.0,0.0,0.0,0.0,0.0,0.0,0.0,0.0,0.0,0.6937817987812784,0.533729937316545,0.3039036571022257,0.2557276584561406,wait:0.000000
21,15:0,15,no_addition,False,0.0,0.0,0.0,0.0,0.0,0.0,0.0,0.0,0.0,0.0,0.5315402376273212,0.43827277049971713,0.15350122755625317,0.30298658066995987,wait:0.000000
21,17:0,17,no_addition,False,0.0,0.0,0.0,0.0,0.0,0.0,0.0,0.0,0.0,0.0,0.4819935126913222,0.6219505664093764,0.3244303667370665,0.25267729299700975,wait:0.000000
21,20:0,20,no_addition,False,0.0,0.0,0.0,0.0,0.0,0.0,0.0,0.0,0.0,0.0,0.5695092762977207,0.5427465433672397,0.1817366391800946,0.28158208675522445,wait:0.000000
21,31:0,31,no_addition,False,0.0,0.0,0.0,0.0,0.0,0.0,0.0,0.0,0.0,0.0,0.589231730984955,0.6693227769320748,0.20287329459672546,0.1596477209505274,wait:0.000000
21,37:0,37,no_addition,False,0.0,0.0,0.0,0.0,0.0,0.0,0.0,0.0,0.0,0.0,0.6066398133866089,0.6532623452529932,0.3053925153722587,0.16203645934202765,wait:0.000000
21,39:0,39,no_addition,False,0.0,0.0,0.0,0.0,0.0,0.0,0.0,0.0,0.0,0.0,0.37945770070522633,0.5325269746583201,0.1441159877114682,0.2581265639267173,wait:0.000000
21,42:0,42,no_addition,False,0.0,0.0,0.0,0.0,0.0,0.0,0.0,0.0,0.0,0.0,0.31466259977595556,0.46424046267399166,0.2612702822458626,0.13539310923713369,wait:0.000000
21,45:0,45,no_addition,False,0.0,0.0,0.0,0.0,0.0,0.0,0.0,0.0,0.0,0.0,0.6327854347063235,0.527231276761715,0.31173994230001556,0.13645278940660277,wait:0.000000
21,46:0,46,no_addition,False,0.0,0.0,0.0,0.0,0.0,0.0,0.0,0.0,0.0,0.0,0.41247147996441474,0.6846503611583785,0.23669126286736908,0.12787633965132716,wait:0.000000
21,54:0,54,no_addition,False,0.0,0.0,0.0,0.0,0.0,0.0,0.0,0.0,0.0,0.0,0.3104973378290874,0.6254248988225772,0.32626372298888134,0.28028762715313327,wait:0.000000
21,57:0,57,no_addition,False,0.0,0.0,0.0,0.0,0.0,0.0,0.0,0.0,0.0,0.0,0.3674812585006399,0.6063002200099101,0.1419637555088372,0.14083652994445953,wait:0.000000
21,58:0,58,no_addition,False,0.0,0.0,0.0,0.0,0.0,0.0,0.0,0.0,0.0,0.0,0.5698457129212575,0.5086375410968227,0.31770589102444186,0.16866236372747928,wait:0.000000
21,59:0,59,no_addition,False,0.0,0.0,0.0,0.0,0.0,0.0,0.0,0.0,0.0,0.0,0.6502922637422113,0.5324985384558232,0.3003984701500516,0.3307652353400831,wait:0.000000
21,60:0,60,no_addition,False,0.0,0.0,0.0,0.0,0.0,0.0,0.0,0.0,0.0,0.0,0.5345134400782842,0.6524568073919632,0.2785878606586106,0.18337523916769824,wait:0.000000
21,61:0,61,no_addition,False,0.0,0.0,0.0,0.0,0.0,0.0,0.0,0.0,0.0,0.0,0.35466418061386695,0.48525784679251094,0.25711426778410923,0.2818610144285211,wait:0.000000
21,62:0,62,no_addition,False,0.0,0.0,0.0,0.0,0.0,0.0,0.0,0.0,0.0,0.0,0.6737425411252645,0.6467612254331299,0.24181440332422513,0.1305552901432641,wait:0.000000
21,69:0,69,no_addition,False,0.0,0.0,0.0,0.0,0.0,0.0,0.0,0.0,0.0,0.0,0.5522842267235775,0.44811772559250074,0.1600034596194771,0.20616873348956766,wait:0.000000
21,70:0,70,no_addition,False,0.0,0.0,0.0,0.0,0.0,0.0,0.0,0.0,0.0,0.0,0.6750418326056267,0.5181513925536889,0.2641027359048809,0.2119510011871475,wait:0.000000
21,71:0,71,no_addition,False,0.0,0.0,0.0,0.0,0.0,0.0,0.0,0.0,0.0,0.0,0.5724433221045399,0.5798533147655999,0.1966434629438023,0.18891818549490788,wait:0.000000
21,77:0,77,no_addition,False,0.0,0.0,0.0,0.0,0.0,0.0,0.0,0.0,0.0,0.0,0.6557895980559207,0.5583678345059471,0.22680502196466576,0.27959005577356233,wait:0.000000
21,78:0,78,no_addition,False,0.0,0.0,0.0,0.0,0.0,0.0,0.0,0.0,0.0,0.0,0.6149527470465616,0.34177155101478407,0.24966732629549443,0.3066099241424625,wait:0.000000
21,83:0,83,no_addition,False,0.0,0.0,0.0,0.0,0.0,0.0,0.0,0.0,0.0,0.0,0.6492496307348407,0.3732835456302558,0.33254471762931725,0.16566944905945366,wait:0.000000
21,85:0,85,no_addition,False,0.0,0.0,0.0,0.0,0.0,0.0,0.0,0.0,0.0,0.0,0.6653815322741997,0.581425413119678,0.20909958497958275,0.18528397522787762,wait:0.000000
21,88:0,88,no_addition,False,0.0,0.0,0.0,0.0,0.0,0.0,0.0,0.0,0.0,0.0,0.6663316377708322,0.6852556576707169,0.12534868262092297,0.2075182675250232,wait:0.000000
21,89:0,89,no_addition,False,0.0,0.0,0.0,0.0,0.0,0.0,0.0,0.0,0.0,0.0,0.6154086354683044,0.39401625161170495,0.2224815867294293,0.23257959950918858,wait:0.000000
21,91:0,91,no_addition,False,0.0,0.0,0.0,0.0,0.0,0.0,0.0,0.0,0.0,0.0,0.35086857358249224,0.5025706490777337,0.2828989028082604,0.13555949477546203,wait:0.000000
21,99:0,99,no_addition,False,0.0,0.0,0.0,0.0,0.0,0.0,0.0,0.0,0.0,0.0,0.545919754635573,0.3762047328798433,0.32801517338061686,0.2986910420499687,wait:0.000000
21,101:0,101,no_addition,False,0.0,0.0,0.0,0.0,0.0,0.0,0.0,0.0,0.0,0.0,0.5810976055605849,0.3882687215850596,0.3072729448710695,0.21017157870428096,wait:0.000000
21,102:0,102,no_addition,False,0.0,0.0,0.0,0.0,0.0,0.0,0.0,0.0,0.0,0.0,0.6513672192398829,0.34011089000283523,0.23985665450696353,0.2798511655072161,wait:0.000000
21,103:0,103,no_addition,False,0.0,0.0,0.0,0.0,0.0,0.0,0.0,0.0,0.0,0.0,0.4345318844840096,0.352142200466893,0.3071780557516381,0.2065438493999356,wait:0.000000
21,106:0,106,no_addition,False,0.0,0.0,0.0,0.0,0.0,0.0,0.0,0.0,0.0,0.0,0.5538869960114561,0.4442274283105875,0.2104074641932924,0.13244187247478853,wait:0.000000
21,108:0,108,no_addition,False,0.0,0.0,0.0,0.0,0.0,0.0,0.0,0.0,0.0,0.0,0.662589369414454,0.6511030266015705,0.17469612445993973,0.26131271967635666,wait:0.000000
21,111:0,111,no_addition,False,0.0,0.0,0.0,0.0,0.0,0.0,0.0,0.0,0.0,0.0,0.5796869035044703,0.5398910016347154,0.14769215675894026,0.1264487992349216,wait:0.000000
21,113:0,113,no_addition,False,0.0,0.0,0.0,0.0,0.0,0.0,0.0,0.0,0.0,0.0,0.3188426505463827,0.658115326063435,0.2654550611848953,0.12446771722269334,wait:0.000000
21,117:0,117,no_addition,False,0.0,0.0,0.0,0.0,0.0,0.0,0.0,0.0,0.0,0.0,0.5262276374207189,0.34361268573099335,0.3344849565567116,0.23819627200325658,wait:0.000000
22,0:0,0,no_addition,False,0.0,0.0,0.0,0.0,0.0,0.0,0.0,0.0,0.0,0.0,0.6349269699863758,0.6451027268427387,0.18958490503426,0.22661546330778407,wait:0.000000
22,8:0,8,no_addition,False,0.0,0.0,0.0,0.0,0.0,0.0,0.0,0.0,0.0,0.0,0.3722448780626667,0.3741609179318683,0.12450188797737873,0.268675858392624,wait:0.000000
22,12:0,12,no_addition,False,0.0,0.0,0.0,0.0,0.0,0.0,0.0,0.0,0.0,0.0,0.6937817987812784,0.533729937316545,0.3039036571022257,0.2557276584561406,wait:0.000000
22,15:0,15,no_addition,False,0.0,0.0,0.0,0.0,0.0,0.0,0.0,0.0,0.0,0.0,0.5315402376273212,0.43827277049971713,0.15350122755625317,0.30298658066995987,wait:0.000000
22,17:0,17,no_addition,False,0.0,0.0,0.0,0.0,0.0,0.0,0.0,0.0,0.0,0.0,0.4819935126913222,0.6219505664093764,0.3244303667370665,0.25267729299700975,wait:0.000000
22,20:0,20,no_addition,False,0.0,0.0,0.0,0.0,0.0,0.0,0.0,0.0,0.0,0.0,0.5695092762977207,0.5427465433672397,0.1817366391800946,0.28158208675522445,wait:0.000000
22,31:0,31,no_addition,False,0.0,0.0,0.0,0.0,0.0,0.0,0.0,0.0,0.0,0.0,0.589231730984955,0.6693227769320748,0.20287329459672546,0.1596477209505274,wait:0.000000
22,37:0,37,no_addition,False,0.0,0.0,0.0,0.0,0.0,0.0,0.0,0.0,0.0,0.0,0.6066398133866089,0.6532623452529932,0.3053925153722587,0.16203645934202765,wait:0.000000
22,39:0,39,no_addition,False,0.0,0.0,0.0,0.0,0.0,0.0,0.0,0.0,0.0,0.0,0.37945770070522633,0.5325269746583201,0.1441159877114682,0.2581265639267173,wait:0.000000
22,42:0,42,no_addition,False,0.0,0.0,0.0,0.0,0.0,0.0,0.0,0.0,0.0,0.0,0.31466259977595556,0.46424046267399166,0.2612702822458626,0.13539310923713369,wait:0.000000
22,45:0,45,no_addition,False,0.0,0.0,0.0,0.0,0.0,0.0,0.0,0.0,0.0,0.0,0.6327854347063235,0.527231276761715,0.31173994230001556,0.13645278940660277,wait:0.000000
22,46:0,46,no_addition,False,0.0,0.0,0.0,0.0,0.0,0.0,0.0,0.0,0.0,0.0,0.41247147996441474,0.6846503611583785,0.23669126286736908,0.12787633965132716,wait:0.000000
22,54:0,54,no_addition,False,0.0,0.0,0.0,0.0,0.0,0.0,0.0,0.0,0.0,0.0,0.3104973378290874,0.6254248988225772,0.32626372298888134,0.28028762715313327,wait:0.000000
22,57:0,57,no_addition,False,0.0,0.0,0.0,0.0,0.0,0.0,0.0,0.0,0.0,0.0,0.3674812585006399,0.6063002200099101,0.1419637555088372,0.14083652994445953,wait:0.000000
22,58:0,58,no_addition,False,0.0,0.0,0.0,0.0,0.0,0.0,0.0,0.0,0.0,0.0,0.5698457129212575,0.5086375410968227,0.31770589102444186,0.16866236372747928,wait:0.000000
22,59:0,59,no_addition,False,0.0,0.0,0.0,0.0,0.0,0.0,0.0,0.0,0.0,0.0,0.6502922637422113,0.5324985384558232,0.3003984701500516,0.3307652353400831,wait:0.000000
22,60:0,60,no_addition,False,0.0,0.0,0.0,0.0,0.0,0.0,0.0,0.0,0.0,0.0,0.5345134400782842,0.6524568073919632,0.2785878606586106,0.18337523916769824,wait:0.000000
22,61:0,61,no_addition,False,0.0,0.0,0.0,0.0,0.0,0.0,0.0,0.0,0.0,0.0,0.35466418061386695,0.48525784679251094,0.25711426778410923,0.2818610144285211,wait:0.000000
22,62:0,62,no_addition,False,0.0,0.0,0.0,0.0,0.0,0.0,0.0,0.0,0.0,0.0,0.6737425411252645,0.6467612254331299,0.24181440332422513,0.1305552901432641,wait:0.000000
22,69:0,69,no_addition,False,0.0,0.0,0.0,0.0,0.0,0.0,0.0,0.0,0.0,0.0,0.5522842267235775,0.44811772559250074,0.1600034596194771,0.20616873348956766,wait:0.000000
22,70:0,70,no_addition,False,0.0,0.0,0.0,0.0,0.0,0.0,0.0,0.0,0.0,0.0,0.6750418326056267,0.5181513925536889,0.2641027359048809,0.2119510011871475,wait:0.000000
22,71:0,71,no_addition,False,0.0,0.0,0.0,0.0,0.0,0.0,0.0,0.0,0.0,0.0,0.5724433221045399,0.5798533147655999,0.1966434629438023,0.18891818549490788,wait:0.000000
22,77:0,77,no_addition,False,0.0,0.0,0.0,0.0,0.0,0.0,0.0,0.0,0.0,0.0,0.6557895980559207,0.5583678345059471,0.22680502196466576,0.27959005577356233,wait:0.000000
22,78:0,78,no_addition,False,0.0,0.0,0.0,0.0,0.0,0.0,0.0,0.0,0.0,0.0,0.6149527470465616,0.34177155101478407,0.24966732629549443,0.3066099241424625,wait:0.000000
22,83:0,83,no_addition,False,0.0,0.0,0.0,0.0,0.0,0.0,0.0,0.0,0.0,0.0,0.6492496307348407,0.3732835456302558,0.33254471762931725,0.16566944905945366,wait:0.000000
22,85:0,85,no_addition,False,0.0,0.0,0.0,0.0,0.0,0.0,0.0,0.0,0.0,0.0,0.6653815322741997,0.581425413119678,0.20909958497958275,0.18528397522787762,wait:0.000000
22,88:0,88,no_addition,False,0.0,0.0,0.0,0.0,0.0,0.0,0.0,0.0,0.0,0.0,0.6663316377708322,0.6852556576707169,0.12534868262092297,0.2075182675250232,wait:0.000000
22,89:0,89,no_addition,False,0.0,0.0,0.0,0.0,0.0,0.0,0.0,0.0,0.0,0.0,0.6154086354683044,0.39401625161170495,0.2224815867294293,0.23257959950918858,wait:0.000000
22,91:0,91,no_addition,False,0.0,0.0,0.0,0.0,0.0,0.0,0.0,0.0,0.0,0.0,0.35086857358249224,0.5025706490777337,0.2828989028082604,0.13555949477546203,wait:0.000000
22,99:0,99,no_addition,False,0.0,0.0,0.0,0.0,0.0,0.0,0.0,0.0,0.0,0.0,0.545919754635573,0.3762047328798433,0.32801517338061686,0.2986910420499687,wait:0.000000
22,101:0,101,no_addition,False,0.0,0.0,0.0,0.0,0.0,0.0,0.0,0.0,0.0,0.0,0.5810976055605849,0.3882687215850596,0.3072729448710695,0.21017157870428096,wait:0.000000
22,102:0,102,no_addition,False,0.0,0.0,0.0,0.0,0.0,0.0,0.0,0.0,0.0,0.0,0.6513672192398829,0.34011089000283523,0.23985665450696353,0.2798511655072161,wait:0.000000
22,103:0,103,no_addition,False,0.0,0.0,0.0,0.0,0.0,0.0,0.0,0.0,0.0,0.0,0.4345318844840096,0.352142200466893,0.3071780557516381,0.2065438493999356,wait:0.000000
22,106:0,106,no_addition,False,0.0,0.0,0.0,0.0,0.0,0.0,0.0,0.0,0.0,0.0,0.5538869960114561,0.4442274283105875,0.2104074641932924,0.13244187247478853,wait:0.000000
22,108:0,108,no_addition,False,0.0,0.0,0.0,0.0,0.0,0.0,0.0,0.0,0.0,0.0,0.662589369414454,0.6511030266015705,0.17469612445993973,0.26131271967635666,wait:0.000000
22,111:0,111,no_addition,False,0.0,0.0,0.0,0.0,0.0,0.0,0.0,0.0,0.0,0.0,0.5796869035044703,0.5398910016347154,0.14769215675894026,0.1264487992349216,wait:0.000000
22,113:0,113,no_addition,False,0.0,0.0,0.0,0.0,0.0,0.0,0.0,0.0,0.0,0.0,0.3188426505463827,0.658115326063435,0.2654550611848953,0.12446771722269334,wait:0.000000
22,117:0,117,no_addition,False,0.0,0.0,0.0,0.0,0.0,0.0,0.0,0.0,0.0,0.0,0.5262276374207189,0.34361268573099335,0.3344849565567116,0.23819627200325658,wait:0.000000
23,0:0,0,no_addition,False,0.0,0.0,0.0,0.0,0.0,0.0,0.0,0.0,0.0,0.0,0.6349269699863758,0.6451027268427387,0.18958490503426,0.22661546330778407,wait:0.000000
23,8:0,8,no_addition,False,0.0,0.0,0.0,0.0,0.0,0.0,0.0,0.0,0.0,0.0,0.3722448780626667,0.3741609179318683,0.12450188797737873,0.268675858392624,wait:0.000000
23,12:0,12,no_addition,False,0.0,0.0,0.0,0.0,0.0,0.0,0.0,0.0,0.0,0.0,0.6937817987812784,0.533729937316545,0.3039036571022257,0.2557276584561406,wait:0.000000
23,15:0,15,no_addition,False,0.0,0.0,0.0,0.0,0.0,0.0,0.0,0.0,0.0,0.0,0.5315402376273212,0.43827277049971713,0.15350122755625317,0.30298658066995987,wait:0.000000
23,17:0,17,no_addition,False,0.0,0.0,0.0,0.0,0.0,0.0,0.0,0.0,0.0,0.0,0.4819935126913222,0.6219505664093764,0.3244303667370665,0.25267729299700975,wait:0.000000
23,20:0,20,no_addition,False,0.0,0.0,0.0,0.0,0.0,0.0,0.0,0.0,0.0,0.0,0.5695092762977207,0.5427465433672397,0.1817366391800946,0.28158208675522445,wait:0.000000
23,31:0,31,no_addition,False,0.0,0.0,0.0,0.0,0.0,0.0,0.0,0.0,0.0,0.0,0.589231730984955,0.6693227769320748,0.20287329459672546,0.1596477209505274,wait:0.000000
23,37:0,37,no_addition,False,0.0,0.0,0.0,0.0,0.0,0.0,0.0,0.0,0.0,0.0,0.6066398133866089,0.6532623452529932,0.3053925153722587,0.16203645934202765,wait:0.000000
23,39:0,39,no_addition,False,0.0,0.0,0.0,0.0,0.0,0.0,0.0,0.0,0.0,0.0,0.37945770070522633,0.5325269746583201,0.1441159877114682,0.2581265639267173,wait:0.000000
23,42:0,42,no_addition,False,0.0,0.0,0.0,0.0,0.0,0.0,0.0,0.0,0.0,0.0,0.31466259977595556,0.46424046267399166,0.2612702822458626,0.13539310923713369,wait:0.000000
23,45:0,45,no_addition,False,0.0,0.0,0.0,0.0,0.0,0.0,0.0,0.0,0.0,0.0,0.6327854347063235,0.527231276761715,0.31173994230001556,0.13645278940660277,wait:0.000000
23,46:0,46,no_addition,False,0.0,0.0,0.0,0.0,0.0,0.0,0.0,0.0,0.0,0.0,0.41247147996441474,0.6846503611583785,0.23669126286736908,0.12787633965132716,wait:0.000000
23,54:0,54,no_addition,False,0.0,0.0,0.0,0.0,0.0,0.0,0.0,0.0,0.0,0.0,0.3104973378290874,0.6254248988225772,0.32626372298888134,0.28028762715313327,wait:0.000000
23,57:0,57,no_addition,False,0.0,0.0,0.0,0.0,0.0,0.0,0.0,0.0,0.0,0.0,0.3674812585006399,0.6063002200099101,0.1419637555088372,0.14083652994445953,wait:0.000000
23,58:0,58,no_addition,False,0.0,0.0,0.0,0.0,0.0,0.0,0.0,0.0,0.0,0.0,0.5698457129212575,0.5086375410968227,0.31770589102444186,0.16866236372747928,wait:0.000000
23,59:0,59,no_addition,False,0.0,0.0,0.0,0.0,0.0,0.0,0.0,0.0,0.0,0.0,0.6502922637422113,0.5324985384558232,0.3003984701500516,0.3307652353400831,wait:0.000000
23,60:0,60,no_addition,False,0.0,0.0,0.0,0.0,0.0,0.0,0.0,0.0,0.0,0.0,0.5345134400782842,0.6524568073919632,0.2785878606586106,0.18337523916769824,wait:0.000000
23,61:0,61,no_addition,False,0.0,0.0,0.0,0.0,0.0,0.0,0.0,0.0,0.0,0.0,0.35466418061386695,0.48525784679251094,0.25711426778410923,0.2818610144285211,wait:0.000000
23,62:0,62,no_addition,False,0.0,0.0,0.0,0.0,0.0,0.0,0.0,0.0,0.0,0.0,0.6737425411252645,0.6467612254331299,0.24181440332422513,0.1305552901432641,wait:0.000000
23,69:0,69,no_addition,False,0.0,0.0,0.0,0.0,0.0,0.0,0.0,0.0,0.0,0.0,0.5522842267235775,0.44811772559250074,0.1600034596194771,0.20616873348956766,wait:0.000000
23,70:0,70,no_addition,False,0.0,0.0,0.0,0.0,0.0,0.0,0.0,0.0,0.0,0.0,0.6750418326056267,0.5181513925536889,0.2641027359048809,0.2119510011871475,wait:0.000000
23,71:0,71,no_addition,False,0.0,0.0,0.0,0.0,0.0,0.0,0.0,0.0,0.0,0.0,0.5724433221045399,0.5798533147655999,0.1966434629438023,0.18891818549490788,wait:0.000000
23,77:0,77,no_addition,False,0.0,0.0,0.0,0.0,0.0,0.0,0.0,0.0,0.0,0.0,0.6557895980559207,0.5583678345059471,0.22680502196466576,0.27959005577356233,wait:0.000000
23,78:0,78,no_addition,False,0.0,0.0,0.0,0.0,0.0,0.0,0.0,0.0,0.0,0.0,0.6149527470465616,0.34177155101478407,0.24966732629549443,0.3066099241424625,wait:0.000000
23,83:0,83,no_addition,False,0.0,0.0,0.0,0.0,0.0,0.0,0.0,0.0,0.0,0.0,0.6492496307348407,0.3732835456302558,0.33254471762931725,0.16566944905945366,wait:0.000000
23,85:0,85,no_addition,False,0.0,0.0,0.0,0.0,0.0,0.0,0.0,0.0,0.0,0.0,0.6653815322741997,0.581425413119678,0.20909958497958275,0.18528397522787762,wait:0.000000
23,88:0,88,no_addition,False,0.0,0.0,0.0,0.0,0.0,0.0,0.0,0.0,0.0,0.0,0.6663316377708322,0.6852556576707169,0.12534868262092297,0.2075182675250232,wait:0.000000
23,89:0,89,no_addition,False,0.0,0.0,0.0,0.0,0.0,0.0,0.0,0.0,0.0,0.0,0.6154086354683044,0.39401625161170495,0.2224815867294293,0.23257959950918858,wait:0.000000
23,91:0,91,no_addition,False,0.0,0.0,0.0,0.0,0.0,0.0,0.0,0.0,0.0,0.0,0.35086857358249224,0.5025706490777337,0.2828989028082604,0.13555949477546203,wait:0.000000
23,99:0,99,no_addition,False,0.0,0.0,0.0,0.0,0.0,0.0,0.0,0.0,0.0,0.0,0.545919754635573,0.3762047328798433,0.32801517338061686,0.2986910420499687,wait:0.000000
23,101:0,101,no_addition,False,0.0,0.0,0.0,0.0,0.0,0.0,0.0,0.0,0.0,0.0,0.5810976055605849,0.3882687215850596,0.3072729448710695,0.21017157870428096,wait:0.000000
23,102:0,102,no_addition,False,0.0,0.0,0.0,0.0,0.0,0.0,0.0,0.0,0.0,0.0,0.6513672192398829,0.34011089000283523,0.23985665450696353,0.2798511655072161,wait:0.000000
23,103:0,103,no_addition,False,0.0,0.0,0.0,0.0,0.0,0.0,0.0,0.0,0.0,0.0,0.4345318844840096,0.352142200466893,0.3071780557516381,0.2065438493999356,wait:0.000000
23,106:0,106,no_addition,False,0.0,0.0,0.0,0.0,0.0,0.0,0.0,0.0,0.0,0.0,0.5538869960114561,0.4442274283105875,0.2104074641932924,0.13244187247478853,wait:0.000000
23,108:0,108,no_addition,False,0.0,0.0,0.0,0.0,0.0,0.0,0.0,0.0,0.0,0.0,0.662589369414454,0.6511030266015705,0.17469612445993973,0.26131271967635666,wait:0.000000
23,111:0,111,no_addition,False,0.0,0.0,0.0,0.0,0.0,0.0,0.0,0.0,0.0,0.0,0.5796869035044703,0.5398910016347154,0.14769215675894026,0.1264487992349216,wait:0.000000
23,113:0,113,no_addition,False,0.0,0.0,0.0,0.0,0.0,0.0,0.0,0.0,0.0,0.0,0.3188426505463827,0.658115326063435,0.2654550611848953,0.12446771722269334,wait:0.000000
23,117:0,117,no_addition,False,0.0,0.0,0.0,0.0,0.0,0.0,0.0,0.0,0.0,0.0,0.5262276374207189,0.34361268573099335,0.3344849565567116,0.23819627200325658,wait:0.000000
24,0:0,0,no_addition,False,0.0,0.0,0.0,0.0,0.0,0.0,0.0,0.0,0.0,0.0,0.6349269699863758,0.6451027268427387,0.18958490503426,0.22661546330778407,wait:0.000000
24,8:0,8,no_addition,False,0.0,0.0,0.0,0.0,0.0,0.0,0.0,0.0,0.0,0.0,0.3722448780626667,0.3741609179318683,0.12450188797737873,0.268675858392624,wait:0.000000
24,12:0,12,no_addition,False,0.0,0.0,0.0,0.0,0.0,0.0,0.0,0.0,0.0,0.0,0.6937817987812784,0.533729937316545,0.3039036571022257,0.2557276584561406,wait:0.000000
24,15:0,15,no_addition,False,0.0,0.0,0.0,0.0,0.0,0.0,0.0,0.0,0.0,0.0,0.5315402376273212,0.43827277049971713,0.15350122755625317,0.30298658066995987,wait:0.000000
24,17:0,17,no_addition,False,0.0,0.0,0.0,0.0,0.0,0.0,0.0,0.0,0.0,0.0,0.4819935126913222,0.6219505664093764,0.3244303667370665,0.25267729299700975,wait:0.000000
24,20:0,20,no_addition,False,0.0,0.0,0.0,0.0,0.0,0.0,0.0,0.0,0.0,0.0,0.5695092762977207,0.5427465433672397,0.1817366391800946,0.28158208675522445,wait:0.000000
24,31:0,31,no_addition,False,0.0,0.0,0.0,0.0,0.0,0.0,0.0,0.0,0.0,0.0,0.589231730984955,0.6693227769320748,0.20287329459672546,0.1596477209505274,wait:0.000000
24,37:0,37,no_addition,False,0.0,0.0,0.0,0.0,0.0,0.0,0.0,0.0,0.0,0.0,0.6066398133866089,0.6532623452529932,0.3053925153722587,0.16203645934202765,wait:0.000000
24,39:0,39,no_addition,False,0.0,0.0,0.0,0.0,0.0,0.0,0.0,0.0,0.0,0.0,0.37945770070522633,0.5325269746583201,0.1441159877114682,0.2581265639267173,wait:0.000000
24,42:0,42,no_addition,False,0.0,0.0,0.0,0.0,0.0,0.0,0.0,0.0,0.0,0.0,0.31466259977595556,0.46424046267399166,0.2612702822458626,0.13539310923713369,wait:0.000000
24,45:0,45,no_addition,False,0.0,0.0,0.0,0.0,0.0,0.0,0.0,0.0,0.0,0.0,0.6327854347063235,0.527231276761715,0.31173994230001556,0.13645278940660277,wait:0.000000
24,46:0,46,no_addition,False,0.0,0.0,0.0,0.0,0.0,0.0,0.0,0.0,0.0,0.0,0.41247147996441474,0.6846503611583785,0.23669126286736908,0.12787633965132716,wait:0.000000
24,54:0,54,no_addition,False,0.0,0.0,0.0,0.0,0.0,0.0,0.0,0.0,0.0,0.0,0.3104973378290874,0.6254248988225772,0.32626372298888134,0.28028762715313327,wait:0.000000
24,57:0,57,no_addition,False,0.0,0.0,0.0,0.0,0.0,0.0,0.0,0.0,0.0,0.0,0.3674812585006399,0.6063002200099101,0.1419637555088372,0.14083652994445953,wait:0.000000
24,58:0,58,no_addition,False,0.0,0.0,0.0,0.0,0.0,0.0,0.0,0.0,0.0,0.0,0.5698457129212575,0.5086375410968227,0.31770589102444186,0.16866236372747928,wait:0.000000
24,59:0,59,no_addition,False,0.0,0.0,0.0,0.0,0.0,0.0,0.0,0.0,0.0,0.0,0.6502922637422113,0.5324985384558232,0.3003984701500516,0.3307652353400831,wait:0.000000
24,60:0,60,no_addition,False,0.0,0.0,0.0,0.0,0.0,0.0,0.0,0.0,0.0,0.0,0.5345134400782842,0.6524568073919632,0.2785878606586106,0.18337523916769824,wait:0.000000
24,61:0,61,no_addition,False,0.0,0.0,0.0,0.0,0.0,0.0,0.0,0.0,0.0,0.0,0.35466418061386695,0.48525784679251094,0.25711426778410923,0.2818610144285211,wait:0.000000
24,62:0,62,no_addition,False,0.0,0.0,0.0,0.0,0.0,0.0,0.0,0.0,0.0,0.0,0.6737425411252645,0.6467612254331299,0.24181440332422513,0.1305552901432641,wait:0.000000
24,69:0,69,no_addition,False,0.0,0.0,0.0,0.0,0.0,0.0,0.0,0.0,0.0,0.0,0.5522842267235775,0.44811772559250074,0.1600034596194771,0.20616873348956766,wait:0.000000
24,70:0,70,no_addition,False,0.0,0.0,0.0,0.0,0.0,0.0,0.0,0.0,0.0,0.0,0.6750418326056267,0.5181513925536889,0.2641027359048809,0.2119510011871475,wait:0.000000
24,71:0,71,no_addition,False,0.0,0.0,0.0,0.0,0.0,0.0,0.0,0.0,0.0,0.0,0.5724433221045399,0.5798533147655999,0.1966434629438023,0.18891818549490788,wait:0.000000
24,77:0,77,no_addition,False,0.0,0.0,0.0,0.0,0.0,0.0,0.0,0.0,0.0,0.0,0.6557895980559207,0.5583678345059471,0.22680502196466576,0.27959005577356233,wait:0.000000
24,78:0,78,no_addition,False,0.0,0.0,0.0,0.0,0.0,0.0,0.0,0.0,0.0,0.0,0.6149527470465616,0.34177155101478407,0.24966732629549443,0.3066099241424625,wait:0.000000
24,83:0,83,no_addition,False,0.0,0.0,0.0,0.0,0.0,0.0,0.0,0.0,0.0,0.0,0.6492496307348407,0.3732835456302558,0.33254471762931725,0.16566944905945366,wait:0.000000
24,85:0,85,no_addition,False,0.0,0.0,0.0,0.0,0.0,0.0,0.0,0.0,0.0,0.0,0.6653815322741997,0.581425413119678,0.20909958497958275,0.18528397522787762,wait:0.000000
24,88:0,88,no_addition,False,0.0,0.0,0.0,0.0,0.0,0.0,0.0,0.0,0.0,0.0,0.6663316377708322,0.6852556576707169,0.12534868262092297,0.2075182675250232,wait:0.000000
24,89:0,89,no_addition,False,0.0,0.0,0.0,0.0,0.0,0.0,0.0,0.0,0.0,0.0,0.6154086354683044,0.39401625161170495,0.2224815867294293,0.23257959950918858,wait:0.000000
24,91:0,91,no_addition,False,0.0,0.0,0.0,0.0,0.0,0.0,0.0,0.0,0.0,0.0,0.35086857358249224,0.5025706490777337,0.2828989028082604,0.13555949477546203,wait:0.000000
24,99:0,99,no_addition,False,0.0,0.0,0.0,0.0,0.0,0.0,0.0,0.0,0.0,0.0,0.545919754635573,0.3762047328798433,0.32801517338061686,0.2986910420499687,wait:0.000000
24,101:0,101,no_addition,False,0.0,0.0,0.0,0.0,0.0,0.0,0.0,0.0,0.0,0.0,0.5810976055605849,0.3882687215850596,0.3072729448710695,0.21017157870428096,wait:0.000000
24,102:0,102,no_addition,False,0.0,0.0,0.0,0.0,0.0,0.0,0.0,0.0,0.0,0.0,0.6513672192398829,0.34011089000283523,0.23985665450696353,0.2798511655072161,wait:0.000000
24,103:0,103,no_addition,False,0.0,0.0,0.0,0.0,0.0,0.0,0.0,0.0,0.0,0.0,0.4345318844840096,0.352142200466893,0.3071780557516381,0.2065438493999356,wait:0.000000
24,106:0,106,no_addition,False,0.0,0.0,0.0,0.0,0.0,0.0,0.0,0.0,0.0,0.0,0.5538869960114561,0.4442274283105875,0.2104074641932924,0.13244187247478853,wait:0.000000
24,108:0,108,no_addition,False,0.0,0.0,0.0,0.0,0.0,0.0,0.0,0.0,0.0,0.0,0.662589369414454,0.6511030266015705,0.17469612445993973,0.26131271967635666,wait:0.000000
24,111:0,111,no_addition,False,0.0,0.0,0.0,0.0,0.0,0.0,0.0,0.0,0.0,0.0,0.5796869035044703,0.5398910016347154,0.14769215675894026,0.1264487992349216,wait:0.000000
24,113:0,113,no_addition,False,0.0,0.0,0.0,0.0,0.0,0.0,0.0,0.0,0.0,0.0,0.3188426505463827,0.658115326063435,0.2654550611848953,0.12446771722269334,wait:0.000000
24,117:0,117,no_addition,False,0.0,0.0,0.0,0.0,0.0,0.0,0.0,0.0,0.0,0.0,0.5262276374207189,0.34361268573099335,0.3344849565567116,0.23819627200325658,wait:0.000000
25,0:0,0,no_addition,False,0.0,0.0,0.0,0.0,0.0,0.0,0.0,0.0,0.0,0.0,0.6349269699863758,0.6451027268427387,0.18958490503426,0.22661546330778407,wait:0.000000
25,8:0,8,no_addition,False,0.0,0.0,0.0,0.0,0.0,0.0,0.0,0.0,0.0,0.0,0.3722448780626667,0.3741609179318683,0.12450188797737873,0.268675858392624,wait:0.000000
25,12:0,12,no_addition,False,0.0,0.0,0.0,0.0,0.0,0.0,0.0,0.0,0.0,0.0,0.6937817987812784,0.533729937316545,0.3039036571022257,0.2557276584561406,wait:0.000000
25,15:0,15,no_addition,False,0.0,0.0,0.0,0.0,0.0,0.0,0.0,0.0,0.0,0.0,0.5315402376273212,0.43827277049971713,0.15350122755625317,0.30298658066995987,wait:0.000000
25,17:0,17,no_addition,False,0.0,0.0,0.0,0.0,0.0,0.0,0.0,0.0,0.0,0.0,0.4819935126913222,0.6219505664093764,0.3244303667370665,0.25267729299700975,wait:0.000000
25,20:0,20,no_addition,False,0.0,0.0,0.0,0.0,0.0,0.0,0.0,0.0,0.0,0.0,0.5695092762977207,0.5427465433672397,0.1817366391800946,0.28158208675522445,wait:0.000000
25,31:0,31,no_addition,False,0.0,0.0,0.0,0.0,0.0,0.0,0.0,0.0,0.0,0.0,0.589231730984955,0.6693227769320748,0.20287329459672546,0.1596477209505274,wait:0.000000
25,37:0,37,no_addition,False,0.0,0.0,0.0,0.0,0.0,0.0,0.0,0.0,0.0,0.0,0.6066398133866089,0.6532623452529932,0.3053925153722587,0.16203645934202765,wait:0.000000
25,39:0,39,no_addition,False,0.0,0.0,0.0,0.0,0.0,0.0,0.0,0.0,0.0,0.0,0.37945770070522633,0.5325269746583201,0.1441159877114682,0.2581265639267173,wait:0.000000
25,42:0,42,no_addition,False,0.0,0.0,0.0,0.0,0.0,0.0,0.0,0.0,0.0,0.0,0.31466259977595556,0.46424046267399166,0.2612702822458626,0.13539310923713369,wait:0.000000
25,45:0,45,no_addition,False,0.0,0.0,0.0,0.0,0.0,0.0,0.0,0.0,0.0,0.0,0.6327854347063235,0.527231276761715,0.31173994230001556,0.13645278940660277,wait:0.000000
25,46:0,46,no_addition,False,0.0,0.0,0.0,0.0,0.0,0.0,0.0,0.0,0.0,0.0,0.41247147996441474,0.6846503611583785,0.23669126286736908,0.12787633965132716,wait:0.000000
25,54:0,54,no_addition,False,0.0,0.0,0.0,0.0,0.0,0.0,0.0,0.0,0.0,0.0,0.3104973378290874,0.6254248988225772,0.32626372298888134,0.28028762715313327,wait:0.000000
25,57:0,57,no_addition,False,0.0,0.0,0.0,0.0,0.0,0.0,0.0,0.0,0.0,0.0,0.3674812585006399,0.6063002200099101,0.1419637555088372,0.14083652994445953,wait:0.000000
25,58:0,58,no_addition,False,0.0,0.0,0.0,0.0,0.0,0.0,0.0,0.0,0.0,0.0,0.5698457129212575,0.5086375410968227,0.31770589102444186,0.16866236372747928,wait:0.000000
25,59:0,59,no_addition,False,0.0,0.0,0.0,0.0,0.0,0.0,0.0,0.0,0.0,0.0,0.6502922637422113,0.5324985384558232,0.3003984701500516,0.3307652353400831,wait:0.000000
25,60:0,60,no_addition,False,0.0,0.0,0.0,0.0,0.0,0.0,0.0,0.0,0.0,0.0,0.5345134400782842,0.6524568073919632,0.2785878606586106,0.18337523916769824,wait:0.000000
25,61:0,61,no_addition,False,0.0,0.0,0.0,0.0,0.0,0.0,0.0,0.0,0.0,0.0,0.35466418061386695,0.48525784679251094,0.25711426778410923,0.2818610144285211,wait:0.000000
25,62:0,62,no_addition,False,0.0,0.0,0.0,0.0,0.0,0.0,0.0,0.0,0.0,0.0,0.6737425411252645,0.6467612254331299,0.24181440332422513,0.1305552901432641,wait:0.000000
25,69:0,69,no_addition,False,0.0,0.0,0.0,0.0,0.0,0.0,0.0,0.0,0.0,0.0,0.5522842267235775,0.44811772559250074,0.1600034596194771,0.20616873348956766,wait:0.000000
25,70:0,70,no_addition,False,0.0,0.0,0.0,0.0,0.0,0.0,0.0,0.0,0.0,0.0,0.6750418326056267,0.5181513925536889,0.2641027359048809,0.2119510011871475,wait:0.000000
25,71:0,71,no_addition,False,0.0,0.0,0.0,0.0,0.0,0.0,0.0,0.0,0.0,0.0,0.5724433221045399,0.5798533147655999,0.1966434629438023,0.18891818549490788,wait:0.000000
25,77:0,77,no_addition,False,0.0,0.0,0.0,0.0,0.0,0.0,0.0,0.0,0.0,0.0,0.6557895980559207,0.5583678345059471,0.22680502196466576,0.27959005577356233,wait:0.000000
25,78:0,78,no_addition,False,0.0,0.0,0.0,0.0,0.0,0.0,0.0,0.0,0.0,0.0,0.6149527470465616,0.34177155101478407,0.24966732629549443,0.3066099241424625,wait:0.000000
25,83:0,83,no_addition,False,0.0,0.0,0.0,0.0,0.0,0.0,0.0,0.0,0.0,0.0,0.6492496307348407,0.3732835456302558,0.33254471762931725,0.16566944905945366,wait:0.000000
25,85:0,85,no_addition,False,0.0,0.0,0.0,0.0,0.0,0.0,0.0,0.0,0.0,0.0,0.6653815322741997,0.581425413119678,0.20909958497958275,0.18528397522787762,wait:0.000000
25,88:0,88,no_addition,False,0.0,0.0,0.0,0.0,0.0,0.0,0.0,0.0,0.0,0.0,0.6663316377708322,0.6852556576707169,0.12534868262092297,0.2075182675250232,wait:0.000000
25,89:0,89,no_addition,False,0.0,0.0,0.0,0.0,0.0,0.0,0.0,0.0,0.0,0.0,0.6154086354683044,0.39401625161170495,0.2224815867294293,0.23257959950918858,wait:0.000000
25,91:0,91,no_addition,False,0.0,0.0,0.0,0.0,0.0,0.0,0.0,0.0,0.0,0.0,0.35086857358249224,0.5025706490777337,0.2828989028082604,0.13555949477546203,wait:0.000000
25,99:0,99,no_addition,False,0.0,0.0,0.0,0.0,0.0,0.0,0.0,0.0,0.0,0.0,0.545919754635573,0.3762047328798433,0.32801517338061686,0.2986910420499687,wait:0.000000
25,101:0,101,no_addition,False,0.0,0.0,0.0,0.0,0.0,0.0,0.0,0.0,0.0,0.0,0.5810976055605849,0.3882687215850596,0.3072729448710695,0.21017157870428096,wait:0.000000
25,102:0,102,no_addition,False,0.0,0.0,0.0,0.0,0.0,0.0,0.0,0.0,0.0,0.0,0.6513672192398829,0.34011089000283523,0.23985665450696353,0.2798511655072161,wait:0.000000
25,103:0,103,no_addition,False,0.0,0.0,0.0,0.0,0.0,0.0,0.0,0.0,0.0,0.0,0.4345318844840096,0.352142200466893,0.3071780557516381,0.2065438493999356,wait:0.000000
25,106:0,106,no_addition,False,0.0,0.0,0.0,0.0,0.0,0.0,0.0,0.0,0.0,0.0,0.5538869960114561,0.4442274283105875,0.2104074641932924,0.13244187247478853,wait:0.000000
25,108:0,108,no_addition,False,0.0,0.0,0.0,0.0,0.0,0.0,0.0,0.0,0.0,0.0,0.662589369414454,0.6511030266015705,0.17469612445993973,0.26131271967635666,wait:0.000000
25,111:0,111,no_addition,False,0.0,0.0,0.0,0.0,0.0,0.0,0.0,0.0,0.0,0.0,0.5796869035044703,0.5398910016347154,0.14769215675894026,0.1264487992349216,wait:0.000000
25,113:0,113,no_addition,False,0.0,0.0,0.0,0.0,0.0,0.0,0.0,0.0,0.0,0.0,0.3188426505463827,0.658115326063435,0.2654550611848953,0.12446771722269334,wait:0.000000
25,117:0,117,no_addition,False,0.0,0.0,0.0,0.0,0.0,0.0,0.0,0.0,0.0,0.0,0.5262276374207189,0.34361268573099335,0.3344849565567116,0.23819627200325658,wait:0.000000
26,0:0,0,no_addition,False,0.0,0.0,0.0,0.0,0.0,0.0,0.0,0.0,0.0,0.0,0.6349269699863758,0.6451027268427387,0.18958490503426,0.22661546330778407,wait:0.000000
26,8:0,8,no_addition,False,0.0,0.0,0.0,0.0,0.0,0.0,0.0,0.0,0.0,0.0,0.3722448780626667,0.3741609179318683,0.12450188797737873,0.268675858392624,wait:0.000000
26,12:0,12,no_addition,False,0.0,0.0,0.0,0.0,0.0,0.0,0.0,0.0,0.0,0.0,0.6937817987812784,0.533729937316545,0.3039036571022257,0.2557276584561406,wait:0.000000
26,15:0,15,no_addition,False,0.0,0.0,0.0,0.0,0.0,0.0,0.0,0.0,0.0,0.0,0.5315402376273212,0.43827277049971713,0.15350122755625317,0.30298658066995987,wait:0.000000
26,17:0,17,no_addition,False,0.0,0.0,0.0,0.0,0.0,0.0,0.0,0.0,0.0,0.0,0.4819935126913222,0.6219505664093764,0.3244303667370665,0.25267729299700975,wait:0.000000
26,20:0,20,no_addition,False,0.0,0.0,0.0,0.0,0.0,0.0,0.0,0.0,0.0,0.0,0.5695092762977207,0.5427465433672397,0.1817366391800946,0.28158208675522445,wait:0.000000
26,31:0,31,no_addition,False,0.0,0.0,0.0,0.0,0.0,0.0,0.0,0.0,0.0,0.0,0.589231730984955,0.6693227769320748,0.20287329459672546,0.1596477209505274,wait:0.000000
26,37:0,37,no_addition,False,0.0,0.0,0.0,0.0,0.0,0.0,0.0,0.0,0.0,0.0,0.6066398133866089,0.6532623452529932,0.3053925153722587,0.16203645934202765,wait:0.000000
26,39:0,39,no_addition,False,0.0,0.0,0.0,0.0,0.0,0.0,0.0,0.0,0.0,0.0,0.37945770070522633,0.5325269746583201,0.1441159877114682,0.2581265639267173,wait:0.000000
26,42:0,42,no_addition,False,0.0,0.0,0.0,0.0,0.0,0.0,0.0,0.0,0.0,0.0,0.31466259977595556,0.46424046267399166,0.2612702822458626,0.13539310923713369,wait:0.000000
26,45:0,45,no_addition,False,0.0,0.0,0.0,0.0,0.0,0.0,0.0,0.0,0.0,0.0,0.6327854347063235,0.527231276761715,0.31173994230001556,0.13645278940660277,wait:0.000000
26,46:0,46,no_addition,False,0.0,0.0,0.0,0.0,0.0,0.0,0.0,0.0,0.0,0.0,0.41247147996441474,0.6846503611583785,0.23669126286736908,0.12787633965132716,wait:0.000000
26,54:0,54,no_addition,False,0.0,0.0,0.0,0.0,0.0,0.0,0.0,0.0,0.0,0.0,0.3104973378290874,0.6254248988225772,0.32626372298888134,0.28028762715313327,wait:0.000000
26,57:0,57,no_addition,False,0.0,0.0,0.0,0.0,0.0,0.0,0.0,0.0,0.0,0.0,0.3674812585006399,0.6063002200099101,0.1419637555088372,0.14083652994445953,wait:0.000000
26,58:0,58,no_addition,False,0.0,0.0,0.0,0.0,0.0,0.0,0.0,0.0,0.0,0.0,0.5698457129212575,0.5086375410968227,0.31770589102444186,0.16866236372747928,wait:0.000000
26,59:0,59,no_addition,False,0.0,0.0,0.0,0.0,0.0,0.0,0.0,0.0,0.0,0.0,0.6502922637422113,0.5324985384558232,0.3003984701500516,0.3307652353400831,wait:0.000000
26,60:0,60,no_addition,False,0.0,0.0,0.0,0.0,0.0,0.0,0.0,0.0,0.0,0.0,0.5345134400782842,0.6524568073919632,0.2785878606586106,0.18337523916769824,wait:0.000000
26,61:0,61,no_addition,False,0.0,0.0,0.0,0.0,0.0,0.0,0.0,0.0,0.0,0.0,0.35466418061386695,0.48525784679251094,0.25711426778410923,0.2818610144285211,wait:0.000000
26,62:0,62,no_addition,False,0.0,0.0,0.0,0.0,0.0,0.0,0.0,0.0,0.0,0.0,0.6737425411252645,0.6467612254331299,0.24181440332422513,0.1305552901432641,wait:0.000000
26,69:0,69,no_addition,False,0.0,0.0,0.0,0.0,0.0,0.0,0.0,0.0,0.0,0.0,0.5522842267235775,0.44811772559250074,0.1600034596194771,0.20616873348956766,wait:0.000000
26,70:0,70,no_addition,False,0.0,0.0,0.0,0.0,0.0,0.0,0.0,0.0,0.0,0.0,0.6750418326056267,0.5181513925536889,0.2641027359048809,0.2119510011871475,wait:0.000000
26,71:0,71,no_addition,False,0.0,0.0,0.0,0.0,0.0,0.0,0.0,0.0,0.0,0.0,0.5724433221045399,0.5798533147655999,0.1966434629438023,0.18891818549490788,wait:0.000000
26,77:0,77,no_addition,False,0.0,0.0,0.0,0.0,0.0,0.0,0.0,0.0,0.0,0.0,0.6557895980559207,0.5583678345059471,0.22680502196466576,0.27959005577356233,wait:0.000000
26,78:0,78,no_addition,False,0.0,0.0,0.0,0.0,0.0,0.0,0.0,0.0,0.0,0.0,0.6149527470465616,0.34177155101478407,0.24966732629549443,0.3066099241424625,wait:0.000000
26,83:0,83,no_addition,False,0.0,0.0,0.0,0.0,0.0,0.0,0.0,0.0,0.0,0.0,0.6492496307348407,0.3732835456302558,0.33254471762931725,0.16566944905945366,wait:0.000000
26,85:0,85,no_addition,False,0.0,0.0,0.0,0.0,0.0,0.0,0.0,0.0,0.0,0.0,0.6653815322741997,0.581425413119678,0.20909958497958275,0.18528397522787762,wait:0.000000
26,88:0,88,no_addition,False,0.0,0.0,0.0,0.0,0.0,0.0,0.0,0.0,0.0,0.0,0.6663316377708322,0.6852556576707169,0.12534868262092297,0.2075182675250232,wait:0.000000
26,89:0,89,no_addition,False,0.0,0.0,0.0,0.0,0.0,0.0,0.0,0.0,0.0,0.0,0.6154086354683044,0.39401625161170495,0.2224815867294293,0.23257959950918858,wait:0.000000
26,91:0,91,no_addition,False,0.0,0.0,0.0,0.0,0.0,0.0,0.0,0.0,0.0,0.0,0.35086857358249224,0.5025706490777337,0.2828989028082604,0.13555949477546203,wait:0.000000
26,99:0,99,no_addition,False,0.0,0.0,0.0,0.0,0.0,0.0,0.0,0.0,0.0,0.0,0.545919754635573,0.3762047328798433,0.32801517338061686,0.2986910420499687,wait:0.000000
26,101:0,101,no_addition,False,0.0,0.0,0.0,0.0,0.0,0.0,0.0,0.0,0.0,0.0,0.5810976055605849,0.3882687215850596,0.3072729448710695,0.21017157870428096,wait:0.000000
26,102:0,102,no_addition,False,0.0,0.0,0.0,0.0,0.0,0.0,0.0,0.0,0.0,0.0,0.6513672192398829,0.34011089000283523,0.23985665450696353,0.2798511655072161,wait:0.000000
26,103:0,103,no_addition,False,0.0,0.0,0.0,0.0,0.0,0.0,0.0,0.0,0.0,0.0,0.4345318844840096,0.352142200466893,0.3071780557516381,0.2065438493999356,wait:0.000000
26,106:0,106,no_addition,False,0.0,0.0,0.0,0.0,0.0,0.0,0.0,0.0,0.0,0.0,0.5538869960114561,0.4442274283105875,0.2104074641932924,0.13244187247478853,wait:0.000000
26,108:0,108,no_addition,False,0.0,0.0,0.0,0.0,0.0,0.0,0.0,0.0,0.0,0.0,0.662589369414454,0.6511030266015705,0.17469612445993973,0.26131271967635666,wait:0.000000
26,111:0,111,no_addition,False,0.0,0.0,0.0,0.0,0.0,0.0,0.0,0.0,0.0,0.0,0.5796869035044703,0.5398910016347154,0.14769215675894026,0.1264487992349216,wait:0.000000
26,113:0,113,no_addition,False,0.0,0.0,0.0,0.0,0.0,0.0,0.0,0.0,0.0,0.0,0.3188426505463827,0.658115326063435,0.2654550611848953,0.12446771722269334,wait:0.000000
26,117:0,117,no_addition,False,0.0,0.0,0.0,0.0,0.0,0.0,0.0,0.0,0.0,0.0,0.5262276374207189,0.34361268573099335,0.3344849565567116,0.23819627200325658,wait:0.000000
27,0:0,0,no_addition,False,0.0,0.0,0.0,0.0,0.0,0.0,0.0,0.0,0.0,0.0,0.6349269699863758,0.6451027268427387,0.18958490503426,0.22661546330778407,wait:0.000000
27,8:0,8,no_addition,False,0.0,0.0,0.0,0.0,0.0,0.0,0.0,0.0,0.0,0.0,0.3722448780626667,0.3741609179318683,0.12450188797737873,0.268675858392624,wait:0.000000
27,12:0,12,no_addition,False,0.0,0.0,0.0,0.0,0.0,0.0,0.0,0.0,0.0,0.0,0.6937817987812784,0.533729937316545,0.3039036571022257,0.2557276584561406,wait:0.000000
27,15:0,15,no_addition,False,0.0,0.0,0.0,0.0,0.0,0.0,0.0,0.0,0.0,0.0,0.5315402376273212,0.43827277049971713,0.15350122755625317,0.30298658066995987,wait:0.000000
27,17:0,17,no_addition,False,0.0,0.0,0.0,0.0,0.0,0.0,0.0,0.0,0.0,0.0,0.4819935126913222,0.6219505664093764,0.3244303667370665,0.25267729299700975,wait:0.000000
27,20:0,20,no_addition,False,0.0,0.0,0.0,0.0,0.0,0.0,0.0,0.0,0.0,0.0,0.5695092762977207,0.5427465433672397,0.1817366391800946,0.28158208675522445,wait:0.000000
27,31:0,31,no_addition,False,0.0,0.0,0.0,0.0,0.0,0.0,0.0,0.0,0.0,0.0,0.589231730984955,0.6693227769320748,0.20287329459672546,0.1596477209505274,wait:0.000000
27,37:0,37,no_addition,False,0.0,0.0,0.0,0.0,0.0,0.0,0.0,0.0,0.0,0.0,0.6066398133866089,0.6532623452529932,0.3053925153722587,0.16203645934202765,wait:0.000000
27,39:0,39,no_addition,False,0.0,0.0,0.0,0.0,0.0,0.0,0.0,0.0,0.0,0.0,0.37945770070522633,0.5325269746583201,0.1441159877114682,0.2581265639267173,wait:0.000000
27,42:0,42,no_addition,False,0.0,0.0,0.0,0.0,0.0,0.0,0.0,0.0,0.0,0.0,0.31466259977595556,0.46424046267399166,0.2612702822458626,0.13539310923713369,wait:0.000000
27,45:0,45,no_addition,False,0.0,0.0,0.0,0.0,0.0,0.0,0.0,0.0,0.0,0.0,0.6327854347063235,0.527231276761715,0.31173994230001556,0.13645278940660277,wait:0.000000
27,46:0,46,no_addition,False,0.0,0.0,0.0,0.0,0.0,0.0,0.0,0.0,0.0,0.0,0.41247147996441474,0.6846503611583785,0.23669126286736908,0.12787633965132716,wait:0.000000
27,54:0,54,no_addition,False,0.0,0.0,0.0,0.0,0.0,0.0,0.0,0.0,0.0,0.0,0.3104973378290874,0.6254248988225772,0.32626372298888134,0.28028762715313327,wait:0.000000
27,57:0,57,no_addition,False,0.0,0.0,0.0,0.0,0.0,0.0,0.0,0.0,0.0,0.0,0.3674812585006399,0.6063002200099101,0.1419637555088372,0.14083652994445953,wait:0.000000
27,58:0,58,no_addition,False,0.0,0.0,0.0,0.0,0.0,0.0,0.0,0.0,0.0,0.0,0.5698457129212575,0.5086375410968227,0.31770589102444186,0.16866236372747928,wait:0.000000
27,59:0,59,no_addition,False,0.0,0.0,0.0,0.0,0.0,0.0,0.0,0.0,0.0,0.0,0.6502922637422113,0.5324985384558232,0.3003984701500516,0.3307652353400831,wait:0.000000
27,60:0,60,no_addition,False,0.0,0.0,0.0,0.0,0.0,0.0,0.0,0.0,0.0,0.0,0.5345134400782842,0.6524568073919632,0.2785878606586106,0.18337523916769824,wait:0.000000
27,61:0,61,no_addition,False,0.0,0.0,0.0,0.0,0.0,0.0,0.0,0.0,0.0,0.0,0.35466418061386695,0.48525784679251094,0.25711426778410923,0.2818610144285211,wait:0.000000
27,62:0,62,no_addition,False,0.0,0.0,0.0,0.0,0.0,0.0,0.0,0.0,0.0,0.0,0.6737425411252645,0.6467612254331299,0.24181440332422513,0.1305552901432641,wait:0.000000
27,69:0,69,no_addition,False,0.0,0.0,0.0,0.0,0.0,0.0,0.0,0.0,0.0,0.0,0.5522842267235775,0.44811772559250074,0.1600034596194771,0.20616873348956766,wait:0.000000
27,70:0,70,no_addition,False,0.0,0.0,0.0,0.0,0.0,0.0,0.0,0.0,0.0,0.0,0.6750418326056267,0.5181513925536889,0.2641027359048809,0.2119510011871475,wait:0.000000
27,71:0,71,no_addition,False,0.0,0.0,0.0,0.0,0.0,0.0,0.0,0.0,0.0,0.0,0.5724433221045399,0.5798533147655999,0.1966434629438023,0.18891818549490788,wait:0.000000
27,77:0,77,no_addition,False,0.0,0.0,0.0,0.0,0.0,0.0,0.0,0.0,0.0,0.0,0.6557895980559207,0.5583678345059471,0.22680502196466576,0.27959005577356233,wait:0.000000
27,78:0,78,no_addition,False,0.0,0.0,0.0,0.0,0.0,0.0,0.0,0.0,0.0,0.0,0.6149527470465616,0.34177155101478407,0.24966732629549443,0.3066099241424625,wait:0.000000
27,83:0,83,no_addition,False,0.0,0.0,0.0,0.0,0.0,0.0,0.0,0.0,0.0,0.0,0.6492496307348407,0.3732835456302558,0.33254471762931725,0.16566944905945366,wait:0.000000
27,85:0,85,no_addition,False,0.0,0.0,0.0,0.0,0.0,0.0,0.0,0.0,0.0,0.0,0.6653815322741997,0.581425413119678,0.20909958497958275,0.18528397522787762,wait:0.000000
27,88:0,88,no_addition,False,0.0,0.0,0.0,0.0,0.0,0.0,0.0,0.0,0.0,0.0,0.6663316377708322,0.6852556576707169,0.12534868262092297,0.2075182675250232,wait:0.000000
27,89:0,89,no_addition,False,0.0,0.0,0.0,0.0,0.0,0.0,0.0,0.0,0.0,0.0,0.6154086354683044,0.39401625161170495,0.2224815867294293,0.23257959950918858,wait:0.000000
27,91:0,91,no_addition,False,0.0,0.0,0.0,0.0,0.0,0.0,0.0,0.0,0.0,0.0,0.35086857358249224,0.5025706490777337,0.2828989028082604,0.13555949477546203,wait:0.000000
27,99:0,99,no_addition,False,0.0,0.0,0.0,0.0,0.0,0.0,0.0,0.0,0.0,0.0,0.545919754635573,0.3762047328798433,0.32801517338061686,0.2986910420499687,wait:0.000000
27,101:0,101,no_addition,False,0.0,0.0,0.0,0.0,0.0,0.0,0.0,0.0,0.0,0.0,0.5810976055605849,0.3882687215850596,0.3072729448710695,0.21017157870428096,wait:0.000000
27,102:0,102,no_addition,False,0.0,0.0,0.0,0.0,0.0,0.0,0.0,0.0,0.0,0.0,0.6513672192398829,0.34011089000283523,0.23985665450696353,0.2798511655072161,wait:0.000000
27,103:0,103,no_addition,False,0.0,0.0,0.0,0.0,0.0,0.0,0.0,0.0,0.0,0.0,0.4345318844840096,0.352142200466893,0.3071780557516381,0.2065438493999356,wait:0.000000
27,106:0,106,no_addition,False,0.0,0.0,0.0,0.0,0.0,0.0,0.0,0.0,0.0,0.0,0.5538869960114561,0.4442274283105875,0.2104074641932924,0.13244187247478853,wait:0.000000
27,108:0,108,no_addition,False,0.0,0.0,0.0,0.0,0.0,0.0,0.0,0.0,0.0,0.0,0.662589369414454,0.6511030266015705,0.17469612445993973,0.26131271967635666,wait:0.000000
27,111:0,111,no_addition,False,0.0,0.0,0.0,0.0,0.0,0.0,0.0,0.0,0.0,0.0,0.5796869035044703,0.5398910016347154,0.14769215675894026,0.1264487992349216,wait:0.000000
27,113:0,113,no_addition,False,0.0,0.0,0.0,0.0,0.0,0.0,0.0,0.0,0.0,0.0,0.3188426505463827,0.658115326063435,0.2654550611848953,0.12446771722269334,wait:0.000000
27,117:0,117,no_addition,False,0.0,0.0,0.0,0.0,0.0,0.0,0.0,0.0,0.0,0.0,0.5262276374207189,0.34361268573099335,0.3344849565567116,0.23819627200325658,wait:0.000000
28,0:0,0,no_addition,False,0.0,0.0,0.0,0.0,0.0,0.0,0.0,0.0,0.0,0.0,0.6349269699863758,0.6451027268427387,0.18958490503426,0.22661546330778407,wait:0.000000
28,8:0,8,no_addition,False,0.0,0.0,0.0,0.0,0.0,0.0,0.0,0.0,0.0,0.0,0.3722448780626667,0.3741609179318683,0.12450188797737873,0.268675858392624,wait:0.000000
28,12:0,12,no_addition,False,0.0,0.0,0.0,0.0,0.0,0.0,0.0,0.0,0.0,0.0,0.6937817987812784,0.533729937316545,0.3039036571022257,0.2557276584561406,wait:0.000000
28,15:0,15,no_addition,False,0.0,0.0,0.0,0.0,0.0,0.0,0.0,0.0,0.0,0.0,0.5315402376273212,0.43827277049971713,0.15350122755625317,0.30298658066995987,wait:0.000000
28,17:0,17,no_addition,False,0.0,0.0,0.0,0.0,0.0,0.0,0.0,0.0,0.0,0.0,0.4819935126913222,0.6219505664093764,0.3244303667370665,0.25267729299700975,wait:0.000000
28,20:0,20,no_addition,False,0.0,0.0,0.0,0.0,0.0,0.0,0.0,0.0,0.0,0.0,0.5695092762977207,0.5427465433672397,0.1817366391800946,0.28158208675522445,wait:0.000000
28,31:0,31,no_addition,False,0.0,0.0,0.0,0.0,0.0,0.0,0.0,0.0,0.0,0.0,0.589231730984955,0.6693227769320748,0.20287329459672546,0.1596477209505274,wait:0.000000
28,37:0,37,no_addition,False,0.0,0.0,0.0,0.0,0.0,0.0,0.0,0.0,0.0,0.0,0.6066398133866089,0.6532623452529932,0.3053925153722587,0.16203645934202765,wait:0.000000
28,39:0,39,no_addition,False,0.0,0.0,0.0,0.0,0.0,0.0,0.0,0.0,0.0,0.0,0.37945770070522633,0.5325269746583201,0.1441159877114682,0.2581265639267173,wait:0.000000
28,42:0,42,no_addition,False,0.0,0.0,0.0,0.0,0.0,0.0,0.0,0.0,0.0,0.0,0.31466259977595556,0.46424046267399166,0.2612702822458626,0.13539310923713369,wait:0.000000
28,45:0,45,no_addition,False,0.0,0.0,0.0,0.0,0.0,0.0,0.0,0.0,0.0,0.0,0.6327854347063235,0.527231276761715,0.31173994230001556,0.13645278940660277,wait:0.000000
28,46:0,46,no_addition,False,0.0,0.0,0.0,0.0,0.0,0.0,0.0,0.0,0.0,0.0,0.41247147996441474,0.6846503611583785,0.23669126286736908,0.12787633965132716,wait:0.000000
28,54:0,54,no_addition,False,0.0,0.0,0.0,0.0,0.0,0.0,0.0,0.0,0.0,0.0,0.3104973378290874,0.6254248988225772,0.32626372298888134,0.28028762715313327,wait:0.000000
28,57:0,57,no_addition,False,0.0,0.0,0.0,0.0,0.0,0.0,0.0,0.0,0.0,0.0,0.3674812585006399,0.6063002200099101,0.1419637555088372,0.14083652994445953,wait:0.000000
28,58:0,58,no_addition,False,0.0,0.0,0.0,0.0,0.0,0.0,0.0,0.0,0.0,0.0,0.5698457129212575,0.5086375410968227,0.31770589102444186,0.16866236372747928,wait:0.000000
28,59:0,59,no_addition,False,0.0,0.0,0.0,0.0,0.0,0.0,0.0,0.0,0.0,0.0,0.6502922637422113,0.5324985384558232,0.3003984701500516,0.3307652353400831,wait:0.000000
28,60:0,60,no_addition,False,0.0,0.0,0.0,0.0,0.0,0.0,0.0,0.0,0.0,0.0,0.5345134400782842,0.6524568073919632,0.2785878606586106,0.18337523916769824,wait:0.000000
28,61:0,61,no_addition,False,0.0,0.0,0.0,0.0,0.0,0.0,0.0,0.0,0.0,0.0,0.35466418061386695,0.48525784679251094,0.25711426778410923,0.2818610144285211,wait:0.000000
28,62:0,62,no_addition,False,0.0,0.0,0.0,0.0,0.0,0.0,0.0,0.0,0.0,0.0,0.6737425411252645,0.6467612254331299,0.24181440332422513,0.1305552901432641,wait:0.000000
28,69:0,69,no_addition,False,0.0,0.0,0.0,0.0,0.0,0.0,0.0,0.0,0.0,0.0,0.5522842267235775,0.44811772559250074,0.1600034596194771,0.20616873348956766,wait:0.000000
28,70:0,70,no_addition,False,0.0,0.0,0.0,0.0,0.0,0.0,0.0,0.0,0.0,0.0,0.6750418326056267,0.5181513925536889,0.2641027359048809,0.2119510011871475,wait:0.000000
28,71:0,71,no_addition,False,0.0,0.0,0.0,0.0,0.0,0.0,0.0,0.0,0.0,0.0,0.5724433221045399,0.5798533147655999,0.1966434629438023,0.18891818549490788,wait:0.000000
28,77:0,77,no_addition,False,0.0,0.0,0.0,0.0,0.0,0.0,0.0,0.0,0.0,0.0,0.6557895980559207,0.5583678345059471,0.22680502196466576,0.27959005577356233,wait:0.000000
28,78:0,78,no_addition,False,0.0,0.0,0.0,0.0,0.0,0.0,0.0,0.0,0.0,0.0,0.6149527470465616,0.34177155101478407,0.24966732629549443,0.3066099241424625,wait:0.000000
28,83:0,83,no_addition,False,0.0,0.0,0.0,0.0,0.0,0.0,0.0,0.0,0.0,0.0,0.6492496307348407,0.3732835456302558,0.33254471762931725,0.16566944905945366,wait:0.000000
28,85:0,85,no_addition,False,0.0,0.0,0.0,0.0,0.0,0.0,0.0,0.0,0.0,0.0,0.6653815322741997,0.581425413119678,0.20909958497958275,0.18528397522787762,wait:0.000000
28,88:0,88,no_addition,False,0.0,0.0,0.0,0.0,0.0,0.0,0.0,0.0,0.0,0.0,0.6663316377708322,0.6852556576707169,0.12534868262092297,0.2075182675250232,wait:0.000000
28,89:0,89,no_addition,False,0.0,0.0,0.0,0.0,0.0,0.0,0.0,0.0,0.0,0.0,0.6154086354683044,0.39401625161170495,0.2224815867294293,0.23257959950918858,wait:0.000000
28,91:0,91,no_addition,False,0.0,0.0,0.0,0.0,0.0,0.0,0.0,0.0,0.0,0.0,0.35086857358249224,0.5025706490777337,0.2828989028082604,0.13555949477546203,wait:0.000000
28,99:0,99,no_addition,False,0.0,0.0,0.0,0.0,0.0,0.0,0.0,0.0,0.0,0.0,0.545919754635573,0.3762047328798433,0.32801517338061686,0.2986910420499687,wait:0.000000
28,101:0,101,no_addition,False,0.0,0.0,0.0,0.0,0.0,0.0,0.0,0.0,0.0,0.0,0.5810976055605849,0.3882687215850596,0.3072729448710695,0.21017157870428096,wait:0.000000
28,102:0,102,no_addition,False,0.0,0.0,0.0,0.0,0.0,0.0,0.0,0.0,0.0,0.0,0.6513672192398829,0.34011089000283523,0.23985665450696353,0.2798511655072161,wait:0.000000
28,103:0,103,no_addition,False,0.0,0.0,0.0,0.0,0.0,0.0,0.0,0.0,0.0,0.0,0.4345318844840096,0.352142200466893,0.3071780557516381,0.2065438493999356,wait:0.000000
28,106:0,106,no_addition,False,0.0,0.0,0.0,0.0,0.0,0.0,0.0,0.0,0.0,0.0,0.5538869960114561,0.4442274283105875,0.2104074641932924,0.13244187247478853,wait:0.000000
28,108:0,108,no_addition,False,0.0,0.0,0.0,0.0,0.0,0.0,0.0,0.0,0.0,0.0,0.662589369414454,0.6511030266015705,0.17469612445993973,0.26131271967635666,wait:0.000000
28,111:0,111,no_addition,False,0.0,0.0,0.0,0.0,0.0,0.0,0.0,0.0,0.0,0.0,0.5796869035044703,0.5398910016347154,0.14769215675894026,0.1264487992349216,wait:0.000000
28,113:0,113,no_addition,False,0.0,0.0,0.0,0.0,0.0,0.0,0.0,0.0,0.0,0.0,0.3188426505463827,0.658115326063435,0.2654550611848953,0.12446771722269334,wait:0.000000
28,117:0,117,no_addition,False,0.0,0.0,0.0,0.0,0.0,0.0,0.0,0.0,0.0,0.0,0.5262276374207189,0.34361268573099335,0.3344849565567116,0.23819627200325658,wait:0.000000
29,0:0,0,no_addition,False,0.0,0.0,0.0,0.0,0.0,0.0,0.0,0.0,0.0,0.0,0.6349269699863758,0.6451027268427387,0.18958490503426,0.22661546330778407,wait:0.000000
29,8:0,8,no_addition,False,0.0,0.0,0.0,0.0,0.0,0.0,0.0,0.0,0.0,0.0,0.3722448780626667,0.3741609179318683,0.12450188797737873,0.268675858392624,wait:0.000000
29,12:0,12,no_addition,False,0.0,0.0,0.0,0.0,0.0,0.0,0.0,0.0,0.0,0.0,0.6937817987812784,0.533729937316545,0.3039036571022257,0.2557276584561406,wait:0.000000
29,15:0,15,no_addition,False,0.0,0.0,0.0,0.0,0.0,0.0,0.0,0.0,0.0,0.0,0.5315402376273212,0.43827277049971713,0.15350122755625317,0.30298658066995987,wait:0.000000
29,17:0,17,no_addition,False,0.0,0.0,0.0,0.0,0.0,0.0,0.0,0.0,0.0,0.0,0.4819935126913222,0.6219505664093764,0.3244303667370665,0.25267729299700975,wait:0.000000
29,20:0,20,no_addition,False,0.0,0.0,0.0,0.0,0.0,0.0,0.0,0.0,0.0,0.0,0.5695092762977207,0.5427465433672397,0.1817366391800946,0.28158208675522445,wait:0.000000
29,31:0,31,no_addition,False,0.0,0.0,0.0,0.0,0.0,0.0,0.0,0.0,0.0,0.0,0.589231730984955,0.6693227769320748,0.20287329459672546,0.1596477209505274,wait:0.000000
29,37:0,37,no_addition,False,0.0,0.0,0.0,0.0,0.0,0.0,0.0,0.0,0.0,0.0,0.6066398133866089,0.6532623452529932,0.3053925153722587,0.16203645934202765,wait:0.000000
29,39:0,39,no_addition,False,0.0,0.0,0.0,0.0,0.0,0.0,0.0,0.0,0.0,0.0,0.37945770070522633,0.5325269746583201,0.1441159877114682,0.2581265639267173,wait:0.000000
29,42:0,42,no_addition,False,0.0,0.0,0.0,0.0,0.0,0.0,0.0,0.0,0.0,0.0,0.31466259977595556,0.46424046267399166,0.2612702822458626,0.13539310923713369,wait:0.000000
29,45:0,45,no_addition,False,0.0,0.0,0.0,0.0,0.0,0.0,0.0,0.0,0.0,0.0,0.6327854347063235,0.527231276761715,0.31173994230001556,0.13645278940660277,wait:0.000000
29,46:0,46,no_addition,False,0.0,0.0,0.0,0.0,0.0,0.0,0.0,0.0,0.0,0.0,0.41247147996441474,0.6846503611583785,0.23669126286736908,0.12787633965132716,wait:0.000000
29,54:0,54,no_addition,False,0.0,0.0,0.0,0.0,0.0,0.0,0.0,0.0,0.0,0.0,0.3104973378290874,0.6254248988225772,0.32626372298888134,0.28028762715313327,wait:0.000000
29,57:0,57,no_addition,False,0.0,0.0,0.0,0.0,0.0,0.0,0.0,0.0,0.0,0.0,0.3674812585006399,0.6063002200099101,0.1419637555088372,0.14083652994445953,wait:0.000000
29,58:0,58,no_addition,False,0.0,0.0,0.0,0.0,0.0,0.0,0.0,0.0,0.0,0.0,0.5698457129212575,0.5086375410968227,0.31770589102444186,0.16866236372747928,wait:0.000000
29,59:0,59,no_addition,False,0.0,0.0,0.0,0.0,0.0,0.0,0.0,0.0,0.0,0.0,0.6502922637422113,0.5324985384558232,0.3003984701500516,0.3307652353400831,wait:0.000000
29,60:0,60,no_addition,False,0.0,0.0,0.0,0.0,0.0,0.0,0.0,0.0,0.0,0.0,0.5345134400782842,0.6524568073919632,0.2785878606586106,0.18337523916769824,wait:0.000000
29,61:0,61,no_addition,False,0.0,0.0,0.0,0.0,0.0,0.0,0.0,0.0,0.0,0.0,0.35466418061386695,0.48525784679251094,0.25711426778410923,0.2818610144285211,wait:0.000000
29,62:0,62,no_addition,False,0.0,0.0,0.0,0.0,0.0,0.0,0.0,0.0,0.0,0.0,0.6737425411252645,0.6467612254331299,0.24181440332422513,0.1305552901432641,wait:0.000000
29,69:0,69,no_addition,False,0.0,0.0,0.0,0.0,0.0,0.0,0.0,0.0,0.0,0.0,0.5522842267235775,0.44811772559250074,0.1600034596194771,0.20616873348956766,wait:0.000000
29,70:0,70,no_addition,False,0.0,0.0,0.0,0.0,0.0,0.0,0.0,0.0,0.0,0.0,0.6750418326056267,0.5181513925536889,0.2641027359048809,0.2119510011871475,wait:0.000000
29,71:0,71,no_addition,False,0.0,0.0,0.0,0.0,0.0,0.0,0.0,0.0,0.0,0.0,0.5724433221045399,0.5798533147655999,0.1966434629438023,0.18891818549490788,wait:0.000000
29,77:0,77,no_addition,False,0.0,0.0,0.0,0.0,0.0,0.0,0.0,0.0,0.0,0.0,0.6557895980559207,0.5583678345059471,0.22680502196466576,0.27959005577356233,wait:0.000000
29,78:0,78,no_addition,False,0.0,0.0,0.0,0.0,0.0,0.0,0.0,0.0,0.0,0.0,0.6149527470465616,0.34177155101478407,0.24966732629549443,0.3066099241424625,wait:0.000000
29,83:0,83,no_addition,False,0.0,0.0,0.0,0.0,0.0,0.0,0.0,0.0,0.0,0.0,0.6492496307348407,0.3732835456302558,0.33254471762931725,0.16566944905945366,wait:0.000000
29,85:0,85,no_addition,False,0.0,0.0,0.0,0.0,0.0,0.0,0.0,0.0,0.0,0.0,0.6653815322741997,0.581425413119678,0.20909958497958275,0.18528397522787762,wait:0.000000
29,88:0,88,no_addition,False,0.0,0.0,0.0,0.0,0.0,0.0,0.0,0.0,0.0,0.0,0.6663316377708322,0.6852556576707169,0.12534868262092297,0.2075182675250232,wait:0.000000
29,89:0,89,no_addition,False,0.0,0.0,0.0,0.0,0.0,0.0,0.0,0.0,0.0,0.0,0.6154086354683044,0.39401625161170495,0.2224815867294293,0.23257959950918858,wait:0.000000
29,91:0,91,no_addition,False,0.0,0.0,0.0,0.0,0.0,0.0,0.0,0.0,0.0,0.0,0.35086857358249224,0.5025706490777337,0.2828989028082604,0.13555949477546203,wait:0.000000
29,99:0,99,no_addition,False,0.0,0.0,0.0,0.0,0.0,0.0,0.0,0.0,0.0,0.0,0.545919754635573,0.3762047328798433,0.32801517338061686,0.2986910420499687,wait:0.000000
29,101:0,101,no_addition,False,0.0,0.0,0.0,0.0,0.0,0.0,0.0,0.0,0.0,0.0,0.5810976055605849,0.3882687215850596,0.3072729448710695,0.21017157870428096,wait:0.000000
29,102:0,102,no_addition,False,0.0,0.0,0.0,0.0,0.0,0.0,0.0,0.0,0.0,0.0,0.6513672192398829,0.34011089000283523,0.23985665450696353,0.2798511655072161,wait:0.000000
29,103:0,103,no_addition,False,0.0,0.0,0.0,0.0,0.0,0.0,0.0,0.0,0.0,0.0,0.4345318844840096,0.352142200466893,0.3071780557516381,0.2065438493999356,wait:0.000000
29,106:0,106,no_addition,False,0.0,0.0,0.0,0.0,0.0,0.0,0.0,0.0,0.0,0.0,0.5538869960114561,0.4442274283105875,0.2104074641932924,0.13244187247478853,wait:0.000000
29,108:0,108,no_addition,False,0.0,0.0,0.0,0.0,0.0,0.0,0.0,0.0,0.0,0.0,0.662589369414454,0.6511030266015705,0.17469612445993973,0.26131271967635666,wait:0.000000
29,111:0,111,no_addition,False,0.0,0.0,0.0,0.0,0.0,0.0,0.0,0.0,0.0,0.0,0.5796869035044703,0.5398910016347154,0.14769215675894026,0.1264487992349216,wait:0.000000
29,113:0,113,no_addition,False,0.0,0.0,0.0,0.0,0.0,0.0,0.0,0.0,0.0,0.0,0.3188426505463827,0.658115326063435,0.2654550611848953,0.12446771722269334,wait:0.000000
29,117:0,117,no_addition,False,0.0,0.0,0.0,0.0,0.0,0.0,0.0,0.0,0.0,0.0,0.5262276374207189,0.34361268573099335,0.3344849565567116,0.23819627200325658,wait:0.000000
30,0:0,0,no_addition,False,0.0,0.0,0.0,0.0,0.0,0.0,0.0,0.0,0.0,0.0,0.6349269699863758,0.6451027268427387,0.18958490503426,0.22661546330778407,wait:0.000000
30,8:0,8,no_addition,False,0.0,0.0,0.0,0.0,0.0,0.0,0.0,0.0,0.0,0.0,0.3722448780626667,0.3741609179318683,0.12450188797737873,0.268675858392624,wait:0.000000
30,12:0,12,no_addition,False,0.0,0.0,0.0,0.0,0.0,0.0,0.0,0.0,0.0,0.0,0.6937817987812784,0.533729937316545,0.3039036571022257,0.2557276584561406,wait:0.000000
30,15:0,15,no_addition,False,0.0,0.0,0.0,0.0,0.0,0.0,0.0,0.0,0.0,0.0,0.5315402376273212,0.43827277049971713,0.15350122755625317,0.30298658066995987,wait:0.000000
30,17:0,17,no_addition,False,0.0,0.0,0.0,0.0,0.0,0.0,0.0,0.0,0.0,0.0,0.4819935126913222,0.6219505664093764,0.3244303667370665,0.25267729299700975,wait:0.000000
30,20:0,20,no_addition,False,0.0,0.0,0.0,0.0,0.0,0.0,0.0,0.0,0.0,0.0,0.5695092762977207,0.5427465433672397,0.1817366391800946,0.28158208675522445,wait:0.000000
30,31:0,31,no_addition,False,0.0,0.0,0.0,0.0,0.0,0.0,0.0,0.0,0.0,0.0,0.589231730984955,0.6693227769320748,0.20287329459672546,0.1596477209505274,wait:0.000000
30,37:0,37,no_addition,False,0.0,0.0,0.0,0.0,0.0,0.0,0.0,0.0,0.0,0.0,0.6066398133866089,0.6532623452529932,0.3053925153722587,0.16203645934202765,wait:0.000000
30,39:0,39,no_addition,False,0.0,0.0,0.0,0.0,0.0,0.0,0.0,0.0,0.0,0.0,0.37945770070522633,0.5325269746583201,0.1441159877114682,0.2581265639267173,wait:0.000000
30,42:0,42,no_addition,False,0.0,0.0,0.0,0.0,0.0,0.0,0.0,0.0,0.0,0.0,0.31466259977595556,0.46424046267399166,0.2612702822458626,0.13539310923713369,wait:0.000000
30,45:0,45,no_addition,False,0.0,0.0,0.0,0.0,0.0,0.0,0.0,0.0,0.0,0.0,0.6327854347063235,0.527231276761715,0.31173994230001556,0.13645278940660277,wait:0.000000
30,46:0,46,no_addition,False,0.0,0.0,0.0,0.0,0.0,0.0,0.0,0.0,0.0,0.0,0.41247147996441474,0.6846503611583785,0.23669126286736908,0.12787633965132716,wait:0.000000
30,54:0,54,no_addition,False,0.0,0.0,0.0,0.0,0.0,0.0,0.0,0.0,0.0,0.0,0.3104973378290874,0.6254248988225772,0.32626372298888134,0.28028762715313327,wait:0.000000
30,57:0,57,no_addition,False,0.0,0.0,0.0,0.0,0.0,0.0,0.0,0.0,0.0,0.0,0.3674812585006399,0.6063002200099101,0.1419637555088372,0.14083652994445953,wait:0.000000
30,58:0,58,no_addition,False,0.0,0.0,0.0,0.0,0.0,0.0,0.0,0.0,0.0,0.0,0.5698457129212575,0.5086375410968227,0.31770589102444186,0.16866236372747928,wait:0.000000
30,59:0,59,no_addition,False,0.0,0.0,0.0,0.0,0.0,0.0,0.0,0.0,0.0,0.0,0.6502922637422113,0.5324985384558232,0.3003984701500516,0.3307652353400831,wait:0.000000
30,60:0,60,no_addition,False,0.0,0.0,0.0,0.0,0.0,0.0,0.0,0.0,0.0,0.0,0.5345134400782842,0.6524568073919632,0.2785878606586106,0.18337523916769824,wait:0.000000
30,61:0,61,no_addition,False,0.0,0.0,0.0,0.0,0.0,0.0,0.0,0.0,0.0,0.0,0.35466418061386695,0.48525784679251094,0.25711426778410923,0.2818610144285211,wait:0.000000
30,62:0,62,no_addition,False,0.0,0.0,0.0,0.0,0.0,0.0,0.0,0.0,0.0,0.0,0.6737425411252645,0.6467612254331299,0.24181440332422513,0.1305552901432641,wait:0.000000
30,69:0,69,no_addition,False,0.0,0.0,0.0,0.0,0.0,0.0,0.0,0.0,0.0,0.0,0.5522842267235775,0.44811772559250074,0.1600034596194771,0.20616873348956766,wait:0.000000
30,70:0,70,no_addition,False,0.0,0.0,0.0,0.0,0.0,0.0,0.0,0.0,0.0,0.0,0.6750418326056267,0.5181513925536889,0.2641027359048809,0.2119510011871475,wait:0.000000
30,71:0,71,no_addition,False,0.0,0.0,0.0,0.0,0.0,0.0,0.0,0.0,0.0,0.0,0.5724433221045399,0.5798533147655999,0.1966434629438023,0.18891818549490788,wait:0.000000
30,77:0,77,no_addition,False,0.0,0.0,0.0,0.0,0.0,0.0,0.0,0.0,0.0,0.0,0.6557895980559207,0.5583678345059471,0.22680502196466576,0.27959005577356233,wait:0.000000
30,78:0,78,no_addition,False,0.0,0.0,0.0,0.0,0.0,0.0,0.0,0.0,0.0,0.0,0.6149527470465616,0.34177155101478407,0.24966732629549443,0.3066099241424625,wait:0.000000
30,83:0,83,no_addition,False,0.0,0.0,0.0,0.0,0.0,0.0,0.0,0.0,0.0,0.0,0.6492496307348407,0.3732835456302558,0.33254471762931725,0.16566944905945366,wait:0.000000
30,85:0,85,no_addition,False,0.0,0.0,0.0,0.0,0.0,0.0,0.0,0.0,0.0,0.0,0.6653815322741997,0.581425413119678,0.20909958497958275,0.18528397522787762,wait:0.000000
30,88:0,88,no_addition,False,0.0,0.0,0.0,0.0,0.0,0.0,0.0,0.0,0.0,0.0,0.6663316377708322,0.6852556576707169,0.12534868262092297,0.2075182675250232,wait:0.000000
30,89:0,89,no_addition,False,0.0,0.0,0.0,0.0,0.0,0.0,0.0,0.0,0.0,0.0,0.6154086354683044,0.39401625161170495,0.2224815867294293,0.23257959950918858,wait:0.000000
30,91:0,91,no_addition,False,0.0,0.0,0.0,0.0,0.0,0.0,0.0,0.0,0.0,0.0,0.35086857358249224,0.5025706490777337,0.2828989028082604,0.13555949477546203,wait:0.000000
30,99:0,99,no_addition,False,0.0,0.0,0.0,0.0,0.0,0.0,0.0,0.0,0.0,0.0,0.545919754635573,0.3762047328798433,0.32801517338061686,0.2986910420499687,wait:0.000000
30,101:0,101,no_addition,False,0.0,0.0,0.0,0.0,0.0,0.0,0.0,0.0,0.0,0.0,0.5810976055605849,0.3882687215850596,0.3072729448710695,0.21017157870428096,wait:0.000000
30,102:0,102,no_addition,False,0.0,0.0,0.0,0.0,0.0,0.0,0.0,0.0,0.0,0.0,0.6513672192398829,0.34011089000283523,0.23985665450696353,0.2798511655072161,wait:0.000000
30,103:0,103,no_addition,False,0.0,0.0,0.0,0.0,0.0,0.0,0.0,0.0,0.0,0.0,0.4345318844840096,0.352142200466893,0.3071780557516381,0.2065438493999356,wait:0.000000
30,106:0,106,no_addition,False,0.0,0.0,0.0,0.0,0.0,0.0,0.0,0.0,0.0,0.0,0.5538869960114561,0.4442274283105875,0.2104074641932924,0.13244187247478853,wait:0.000000
30,108:0,108,no_addition,False,0.0,0.0,0.0,0.0,0.0,0.0,0.0,0.0,0.0,0.0,0.662589369414454,0.6511030266015705,0.17469612445993973,0.26131271967635666,wait:0.000000
30,111:0,111,no_addition,False,0.0,0.0,0.0,0.0,0.0,0.0,0.0,0.0,0.0,0.0,0.5796869035044703,0.5398910016347154,0.14769215675894026,0.1264487992349216,wait:0.000000
30,113:0,113,no_addition,False,0.0,0.0,0.0,0.0,0.0,0.0,0.0,0.0,0.0,0.0,0.3188426505463827,0.658115326063435,0.2654550611848953,0.12446771722269334,wait:0.000000
30,117:0,117,no_addition,False,0.0,0.0,0.0,0.0,0.0,0.0,0.0,0.0,0.0,0.0,0.5262276374207189,0.34361268573099335,0.3344849565567116,0.23819627200325658,wait:0.000000
31,0:0,0,no_addition,False,0.0,0.0,0.0,0.0,0.0,0.0,0.0,0.0,0.0,0.0,0.6349269699863758,0.6451027268427387,0.18958490503426,0.22661546330778407,wait:0.000000
31,8:0,8,no_addition,False,0.0,0.0,0.0,0.0,0.0,0.0,0.0,0.0,0.0,0.0,0.3722448780626667,0.3741609179318683,0.12450188797737873,0.268675858392624,wait:0.000000
31,12:0,12,no_addition,False,0.0,0.0,0.0,0.0,0.0,0.0,0.0,0.0,0.0,0.0,0.6937817987812784,0.533729937316545,0.3039036571022257,0.2557276584561406,wait:0.000000
31,15:0,15,no_addition,False,0.0,0.0,0.0,0.0,0.0,0.0,0.0,0.0,0.0,0.0,0.5315402376273212,0.43827277049971713,0.15350122755625317,0.30298658066995987,wait:0.000000
31,17:0,17,no_addition,False,0.0,0.0,0.0,0.0,0.0,0.0,0.0,0.0,0.0,0.0,0.4819935126913222,0.6219505664093764,0.3244303667370665,0.25267729299700975,wait:0.000000
31,20:0,20,no_addition,False,0.0,0.0,0.0,0.0,0.0,0.0,0.0,0.0,0.0,0.0,0.5695092762977207,0.5427465433672397,0.1817366391800946,0.28158208675522445,wait:0.000000
31,31:0,31,no_addition,False,0.0,0.0,0.0,0.0,0.0,0.0,0.0,0.0,0.0,0.0,0.589231730984955,0.6693227769320748,0.20287329459672546,0.1596477209505274,wait:0.000000
31,37:0,37,no_addition,False,0.0,0.0,0.0,0.0,0.0,0.0,0.0,0.0,0.0,0.0,0.6066398133866089,0.6532623452529932,0.3053925153722587,0.16203645934202765,wait:0.000000
31,39:0,39,no_addition,False,0.0,0.0,0.0,0.0,0.0,0.0,0.0,0.0,0.0,0.0,0.37945770070522633,0.5325269746583201,0.1441159877114682,0.2581265639267173,wait:0.000000
31,42:0,42,no_addition,False,0.0,0.0,0.0,0.0,0.0,0.0,0.0,0.0,0.0,0.0,0.31466259977595556,0.46424046267399166,0.2612702822458626,0.13539310923713369,wait:0.000000
31,45:0,45,no_addition,False,0.0,0.0,0.0,0.0,0.0,0.0,0.0,0.0,0.0,0.0,0.6327854347063235,0.527231276761715,0.31173994230001556,0.13645278940660277,wait:0.000000
31,46:0,46,no_addition,False,0.0,0.0,0.0,0.0,0.0,0.0,0.0,0.0,0.0,0.0,0.41247147996441474,0.6846503611583785,0.23669126286736908,0.12787633965132716,wait:0.000000
31,54:0,54,no_addition,False,0.0,0.0,0.0,0.0,0.0,0.0,0.0,0.0,0.0,0.0,0.3104973378290874,0.6254248988225772,0.32626372298888134,0.28028762715313327,wait:0.000000
31,57:0,57,no_addition,False,0.0,0.0,0.0,0.0,0.0,0.0,0.0,0.0,0.0,0.0,0.3674812585006399,0.6063002200099101,0.1419637555088372,0.14083652994445953,wait:0.000000
31,58:0,58,no_addition,False,0.0,0.0,0.0,0.0,0.0,0.0,0.0,0.0,0.0,0.0,0.5698457129212575,0.5086375410968227,0.31770589102444186,0.16866236372747928,wait:0.000000
31,59:0,59,no_addition,False,0.0,0.0,0.0,0.0,0.0,0.0,0.0,0.0,0.0,0.0,0.6502922637422113,0.5324985384558232,0.3003984701500516,0.3307652353400831,wait:0.000000
31,60:0,60,no_addition,False,0.0,0.0,0.0,0.0,0.0,0.0,0.0,0.0,0.0,0.0,0.5345134400782842,0.6524568073919632,0.2785878606586106,0.18337523916769824,wait:0.000000
31,61:0,61,no_addition,False,0.0,0.0,0.0,0.0,0.0,0.0,0.0,0.0,0.0,0.0,0.35466418061386695,0.48525784679251094,0.25711426778410923,0.2818610144285211,wait:0.000000
31,62:0,62,no_addition,False,0.0,0.0,0.0,0.0,0.0,0.0,0.0,0.0,0.0,0.0,0.6737425411252645,0.6467612254331299,0.24181440332422513,0.1305552901432641,wait:0.000000
31,69:0,69,no_addition,False,0.0,0.0,0.0,0.0,0.0,0.0,0.0,0.0,0.0,0.0,0.5522842267235775,0.44811772559250074,0.1600034596194771,0.20616873348956766,wait:0.000000
31,70:0,70,no_addition,False,0.0,0.0,0.0,0.0,0.0,0.0,0.0,0.0,0.0,0.0,0.6750418326056267,0.5181513925536889,0.2641027359048809,0.2119510011871475,wait:0.000000
31,71:0,71,no_addition,False,0.0,0.0,0.0,0.0,0.0,0.0,0.0,0.0,0.0,0.0,0.5724433221045399,0.5798533147655999,0.1966434629438023,0.18891818549490788,wait:0.000000
31,77:0,77,no_addition,False,0.0,0.0,0.0,0.0,0.0,0.0,0.0,0.0,0.0,0.0,0.6557895980559207,0.5583678345059471,0.22680502196466576,0.27959005577356233,wait:0.000000
31,78:0,78,no_addition,False,0.0,0.0,0.0,0.0,0.0,0.0,0.0,0.0,0.0,0.0,0.6149527470465616,0.34177155101478407,0.24966732629549443,0.3066099241424625,wait:0.000000
31,83:0,83,no_addition,False,0.0,0.0,0.0,0.0,0.0,0.0,0.0,0.0,0.0,0.0,0.6492496307348407,0.3732835456302558,0.33254471762931725,0.16566944905945366,wait:0.000000
31,85:0,85,no_addition,False,0.0,0.0,0.0,0.0,0.0,0.0,0.0,0.0,0.0,0.0,0.6653815322741997,0.581425413119678,0.20909958497958275,0.18528397522787762,wait:0.000000
31,88:0,88,no_addition,False,0.0,0.0,0.0,0.0,0.0,0.0,0.0,0.0,0.0,0.0,0.6663316377708322,0.6852556576707169,0.12534868262092297,0.2075182675250232,wait:0.000000
31,89:0,89,no_addition,False,0.0,0.0,0.0,0.0,0.0,0.0,0.0,0.0,0.0,0.0,0.6154086354683044,0.39401625161170495,0.2224815867294293,0.23257959950918858,wait:0.000000
31,91:0,91,no_addition,False,0.0,0.0,0.0,0.0,0.0,0.0,0.0,0.0,0.0,0.0,0.35086857358249224,0.5025706490777337,0.2828989028082604,0.13555949477546203,wait:0.000000
31,99:0,99,no_addition,False,0.0,0.0,0.0,0.0,0.0,0.0,0.0,0.0,0.0,0.0,0.545919754635573,0.3762047328798433,0.32801517338061686,0.2986910420499687,wait:0.000000
31,101:0,101,no_addition,False,0.0,0.0,0.0,0.0,0.0,0.0,0.0,0.0,0.0,0.0,0.5810976055605849,0.3882687215850596,0.3072729448710695,0.21017157870428096,wait:0.000000
31,102:0,102,no_addition,False,0.0,0.0,0.0,0.0,0.0,0.0,0.0,0.0,0.0,0.0,0.6513672192398829,0.34011089000283523,0.23985665450696353,0.2798511655072161,wait:0.000000
31,103:0,103,no_addition,False,0.0,0.0,0.0,0.0,0.0,0.0,0.0,0.0,0.0,0.0,0.4345318844840096,0.352142200466893,0.3071780557516381,0.2065438493999356,wait:0.000000
31,106:0,106,no_addition,False,0.0,0.0,0.0,0.0,0.0,0.0,0.0,0.0,0.0,0.0,0.5538869960114561,0.4442274283105875,0.2104074641932924,0.13244187247478853,wait:0.000000
31,108:0,108,no_addition,False,0.0,0.0,0.0,0.0,0.0,0.0,0.0,0.0,0.0,0.0,0.662589369414454,0.6511030266015705,0.17469612445993973,0.26131271967635666,wait:0.000000
31,111:0,111,no_addition,False,0.0,0.0,0.0,0.0,0.0,0.0,0.0,0.0,0.0,0.0,0.5796869035044703,0.5398910016347154,0.14769215675894026,0.1264487992349216,wait:0.000000
31,113:0,113,no_addition,False,0.0,0.0,0.0,0.0,0.0,0.0,0.0,0.0,0.0,0.0,0.3188426505463827,0.658115326063435,0.2654550611848953,0.12446771722269334,wait:0.000000
31,117:0,117,no_addition,False,0.0,0.0,0.0,0.0,0.0,0.0,0.0,0.0,0.0,0.0,0.5262276374207189,0.34361268573099335,0.3344849565567116,0.23819627200325658,wait:0.000000
32,0:0,0,no_addition,False,0.0,0.0,0.0,0.0,0.0,0.0,0.0,0.0,0.0,0.0,0.6349269699863758,0.6451027268427387,0.18958490503426,0.22661546330778407,wait:0.000000
32,8:0,8,no_addition,False,0.0,0.0,0.0,0.0,0.0,0.0,0.0,0.0,0.0,0.0,0.3722448780626667,0.3741609179318683,0.12450188797737873,0.268675858392624,wait:0.000000
32,12:0,12,no_addition,False,0.0,0.0,0.0,0.0,0.0,0.0,0.0,0.0,0.0,0.0,0.6937817987812784,0.533729937316545,0.3039036571022257,0.2557276584561406,wait:0.000000
32,15:0,15,no_addition,False,0.0,0.0,0.0,0.0,0.0,0.0,0.0,0.0,0.0,0.0,0.5315402376273212,0.43827277049971713,0.15350122755625317,0.30298658066995987,wait:0.000000
32,17:0,17,no_addition,False,0.0,0.0,0.0,0.0,0.0,0.0,0.0,0.0,0.0,0.0,0.4819935126913222,0.6219505664093764,0.3244303667370665,0.25267729299700975,wait:0.000000
32,20:0,20,no_addition,False,0.0,0.0,0.0,0.0,0.0,0.0,0.0,0.0,0.0,0.0,0.5695092762977207,0.5427465433672397,0.1817366391800946,0.28158208675522445,wait:0.000000
32,31:0,31,no_addition,False,0.0,0.0,0.0,0.0,0.0,0.0,0.0,0.0,0.0,0.0,0.589231730984955,0.6693227769320748,0.20287329459672546,0.1596477209505274,wait:0.000000
32,37:0,37,no_addition,False,0.0,0.0,0.0,0.0,0.0,0.0,0.0,0.0,0.0,0.0,0.6066398133866089,0.6532623452529932,0.3053925153722587,0.16203645934202765,wait:0.000000
32,39:0,39,no_addition,False,0.0,0.0,0.0,0.0,0.0,0.0,0.0,0.0,0.0,0.0,0.37945770070522633,0.5325269746583201,0.1441159877114682,0.2581265639267173,wait:0.000000
32,42:0,42,no_addition,False,0.0,0.0,0.0,0.0,0.0,0.0,0.0,0.0,0.0,0.0,0.31466259977595556,0.46424046267399166,0.2612702822458626,0.13539310923713369,wait:0.000000
32,45:0,45,no_addition,False,0.0,0.0,0.0,0.0,0.0,0.0,0.0,0.0,0.0,0.0,0.6327854347063235,0.527231276761715,0.31173994230001556,0.13645278940660277,wait:0.000000
32,46:0,46,no_addition,False,0.0,0.0,0.0,0.0,0.0,0.0,0.0,0.0,0.0,0.0,0.41247147996441474,0.6846503611583785,0.23669126286736908,0.12787633965132716,wait:0.000000
32,54:0,54,no_addition,False,0.0,0.0,0.0,0.0,0.0,0.0,0.0,0.0,0.0,0.0,0.3104973378290874,0.6254248988225772,0.32626372298888134,0.28028762715313327,wait:0.000000
32,57:0,57,no_addition,False,0.0,0.0,0.0,0.0,0.0,0.0,0.0,0.0,0.0,0.0,0.3674812585006399,0.6063002200099101,0.1419637555088372,0.14083652994445953,wait:0.000000
32,58:0,58,no_addition,False,0.0,0.0,0.0,0.0,0.0,0.0,0.0,0.0,0.0,0.0,0.5698457129212575,0.5086375410968227,0.31770589102444186,0.16866236372747928,wait:0.000000
32,59:0,59,no_addition,False,0.0,0.0,0.0,0.0,0.0,0.0,0.0,0.0,0.0,0.0,0.6502922637422113,0.5324985384558232,0.3003984701500516,0.3307652353400831,wait:0.000000
32,60:0,60,no_addition,False,0.0,0.0,0.0,0.0,0.0,0.0,0.0,0.0,0.0,0.0,0.5345134400782842,0.6524568073919632,0.2785878606586106,0.18337523916769824,wait:0.000000
32,61:0,61,no_addition,False,0.0,0.0,0.0,0.0,0.0,0.0,0.0,0.0,0.0,0.0,0.35466418061386695,0.48525784679251094,0.25711426778410923,0.2818610144285211,wait:0.000000
32,62:0,62,no_addition,False,0.0,0.0,0.0,0.0,0.0,0.0,0.0,0.0,0.0,0.0,0.6737425411252645,0.6467612254331299,0.24181440332422513,0.1305552901432641,wait:0.000000
32,69:0,69,no_addition,False,0.0,0.0,0.0,0.0,0.0,0.0,0.0,0.0,0.0,0.0,0.5522842267235775,0.44811772559250074,0.1600034596194771,0.20616873348956766,wait:0.000000
32,70:0,70,no_addition,False,0.0,0.0,0.0,0.0,0.0,0.0,0.0,0.0,0.0,0.0,0.6750418326056267,0.5181513925536889,0.2641027359048809,0.2119510011871475,wait:0.000000
32,71:0,71,no_addition,False,0.0,0.0,0.0,0.0,0.0,0.0,0.0,0.0,0.0,0.0,0.5724433221045399,0.5798533147655999,0.1966434629438023,0.18891818549490788,wait:0.000000
32,77:0,77,no_addition,False,0.0,0.0,0.0,0.0,0.0,0.0,0.0,0.0,0.0,0.0,0.6557895980559207,0.5583678345059471,0.22680502196466576,0.27959005577356233,wait:0.000000
32,78:0,78,no_addition,False,0.0,0.0,0.0,0.0,0.0,0.0,0.0,0.0,0.0,0.0,0.6149527470465616,0.34177155101478407,0.24966732629549443,0.3066099241424625,wait:0.000000
32,83:0,83,no_addition,False,0.0,0.0,0.0,0.0,0.0,0.0,0.0,0.0,0.0,0.0,0.6492496307348407,0.3732835456302558,0.33254471762931725,0.16566944905945366,wait:0.000000
32,85:0,85,no_addition,False,0.0,0.0,0.0,0.0,0.0,0.0,0.0,0.0,0.0,0.0,0.6653815322741997,0.581425413119678,0.20909958497958275,0.18528397522787762,wait:0.000000
32,88:0,88,no_addition,False,0.0,0.0,0.0,0.0,0.0,0.0,0.0,0.0,0.0,0.0,0.6663316377708322,0.6852556576707169,0.12534868262092297,0.2075182675250232,wait:0.000000
32,89:0,89,no_addition,False,0.0,0.0,0.0,0.0,0.0,0.0,0.0,0.0,0.0,0.0,0.6154086354683044,0.39401625161170495,0.2224815867294293,0.23257959950918858,wait:0.000000
32,91:0,91,no_addition,False,0.0,0.0,0.0,0.0,0.0,0.0,0.0,0.0,0.0,0.0,0.35086857358249224,0.5025706490777337,0.2828989028082604,0.13555949477546203,wait:0.000000
32,99:0,99,no_addition,False,0.0,0.0,0.0,0.0,0.0,0.0,0.0,0.0,0.0,0.0,0.545919754635573,0.3762047328798433,0.32801517338061686,0.2986910420499687,wait:0.000000
32,101:0,101,no_addition,False,0.0,0.0,0.0,0.0,0.0,0.0,0.0,0.0,0.0,0.0,0.5810976055605849,0.3882687215850596,0.3072729448710695,0.21017157870428096,wait:0.000000
32,102:0,102,no_addition,False,0.0,0.0,0.0,0.0,0.0,0.0,0.0,0.0,0.0,0.0,0.6513672192398829,0.34011089000283523,0.23985665450696353,0.2798511655072161,wait:0.000000
32,103:0,103,no_addition,False,0.0,0.0,0.0,0.0,0.0,0.0,0.0,0.0,0.0,0.0,0.4345318844840096,0.352142200466893,0.3071780557516381,0.2065438493999356,wait:0.000000
32,106:0,106,no_addition,False,0.0,0.0,0.0,0.0,0.0,0.0,0.0,0.0,0.0,0.0,0.5538869960114561,0.4442274283105875,0.2104074641932924,0.13244187247478853,wait:0.000000
32,108:0,108,no_addition,False,0.0,0.0,0.0,0.0,0.0,0.0,0.0,0.0,0.0,0.0,0.662589369414454,0.6511030266015705,0.17469612445993973,0.26131271967635666,wait:0.000000
32,111:0,111,no_addition,False,0.0,0.0,0.0,0.0,0.0,0.0,0.0,0.0,0.0,0.0,0.5796869035044703,0.5398910016347154,0.14769215675894026,0.1264487992349216,wait:0.000000
32,113:0,113,no_addition,False,0.0,0.0,0.0,0.0,0.0,0.0,0.0,0.0,0.0,0.0,0.3188426505463827,0.658115326063435,0.2654550611848953,0.12446771722269334,wait:0.000000
32,117:0,117,no_addition,False,0.0,0.0,0.0,0.0,0.0,0.0,0.0,0.0,0.0,0.0,0.5262276374207189,0.34361268573099335,0.3344849565567116,0.23819627200325658,wait:0.000000
33,0:0,0,no_addition,False,0.0,0.0,0.0,0.0,0.0,0.0,0.0,0.0,0.0,0.0,0.6349269699863758,0.6451027268427387,0.18958490503426,0.22661546330778407,wait:0.000000
33,8:0,8,no_addition,False,0.0,0.0,0.0,0.0,0.0,0.0,0.0,0.0,0.0,0.0,0.3722448780626667,0.3741609179318683,0.12450188797737873,0.268675858392624,wait:0.000000
33,12:0,12,no_addition,False,0.0,0.0,0.0,0.0,0.0,0.0,0.0,0.0,0.0,0.0,0.6937817987812784,0.533729937316545,0.3039036571022257,0.2557276584561406,wait:0.000000
33,15:0,15,no_addition,False,0.0,0.0,0.0,0.0,0.0,0.0,0.0,0.0,0.0,0.0,0.5315402376273212,0.43827277049971713,0.15350122755625317,0.30298658066995987,wait:0.000000
33,17:0,17,no_addition,False,0.0,0.0,0.0,0.0,0.0,0.0,0.0,0.0,0.0,0.0,0.4819935126913222,0.6219505664093764,0.3244303667370665,0.25267729299700975,wait:0.000000
33,20:0,20,no_addition,False,0.0,0.0,0.0,0.0,0.0,0.0,0.0,0.0,0.0,0.0,0.5695092762977207,0.5427465433672397,0.1817366391800946,0.28158208675522445,wait:0.000000
33,31:0,31,no_addition,False,0.0,0.0,0.0,0.0,0.0,0.0,0.0,0.0,0.0,0.0,0.589231730984955,0.6693227769320748,0.20287329459672546,0.1596477209505274,wait:0.000000
33,37:0,37,no_addition,False,0.0,0.0,0.0,0.0,0.0,0.0,0.0,0.0,0.0,0.0,0.6066398133866089,0.6532623452529932,0.3053925153722587,0.16203645934202765,wait:0.000000
33,39:0,39,no_addition,False,0.0,0.0,0.0,0.0,0.0,0.0,0.0,0.0,0.0,0.0,0.37945770070522633,0.5325269746583201,0.1441159877114682,0.2581265639267173,wait:0.000000
33,42:0,42,no_addition,False,0.0,0.0,0.0,0.0,0.0,0.0,0.0,0.0,0.0,0.0,0.31466259977595556,0.46424046267399166,0.2612702822458626,0.13539310923713369,wait:0.000000
33,45:0,45,no_addition,False,0.0,0.0,0.0,0.0,0.0,0.0,0.0,0.0,0.0,0.0,0.6327854347063235,0.527231276761715,0.31173994230001556,0.13645278940660277,wait:0.000000
33,46:0,46,no_addition,False,0.0,0.0,0.0,0.0,0.0,0.0,0.0,0.0,0.0,0.0,0.41247147996441474,0.6846503611583785,0.23669126286736908,0.12787633965132716,wait:0.000000
33,54:0,54,no_addition,False,0.0,0.0,0.0,0.0,0.0,0.0,0.0,0.0,0.0,0.0,0.3104973378290874,0.6254248988225772,0.32626372298888134,0.28028762715313327,wait:0.000000
33,57:0,57,no_addition,False,0.0,0.0,0.0,0.0,0.0,0.0,0.0,0.0,0.0,0.0,0.3674812585006399,0.6063002200099101,0.1419637555088372,0.14083652994445953,wait:0.000000
33,58:0,58,no_addition,False,0.0,0.0,0.0,0.0,0.0,0.0,0.0,0.0,0.0,0.0,0.5698457129212575,0.5086375410968227,0.31770589102444186,0.16866236372747928,wait:0.000000
33,59:0,59,no_addition,False,0.0,0.0,0.0,0.0,0.0,0.0,0.0,0.0,0.0,0.0,0.6502922637422113,0.5324985384558232,0.3003984701500516,0.3307652353400831,wait:0.000000
33,60:0,60,no_addition,False,0.0,0.0,0.0,0.0,0.0,0.0,0.0,0.0,0.0,0.0,0.5345134400782842,0.6524568073919632,0.2785878606586106,0.18337523916769824,wait:0.000000
33,61:0,61,no_addition,False,0.0,0.0,0.0,0.0,0.0,0.0,0.0,0.0,0.0,0.0,0.35466418061386695,0.48525784679251094,0.25711426778410923,0.2818610144285211,wait:0.000000
33,62:0,62,no_addition,False,0.0,0.0,0.0,0.0,0.0,0.0,0.0,0.0,0.0,0.0,0.6737425411252645,0.6467612254331299,0.24181440332422513,0.1305552901432641,wait:0.000000
33,69:0,69,no_addition,False,0.0,0.0,0.0,0.0,0.0,0.0,0.0,0.0,0.0,0.0,0.5522842267235775,0.44811772559250074,0.1600034596194771,0.20616873348956766,wait:0.000000
33,70:0,70,no_addition,False,0.0,0.0,0.0,0.0,0.0,0.0,0.0,0.0,0.0,0.0,0.6750418326056267,0.5181513925536889,0.2641027359048809,0.2119510011871475,wait:0.000000
33,71:0,71,no_addition,False,0.0,0.0,0.0,0.0,0.0,0.0,0.0,0.0,0.0,0.0,0.5724433221045399,0.5798533147655999,0.1966434629438023,0.18891818549490788,wait:0.000000
33,77:0,77,no_addition,False,0.0,0.0,0.0,0.0,0.0,0.0,0.0,0.0,0.0,0.0,0.6557895980559207,0.5583678345059471,0.22680502196466576,0.27959005577356233,wait:0.000000
33,78:0,78,no_addition,False,0.0,0.0,0.0,0.0,0.0,0.0,0.0,0.0,0.0,0.0,0.6149527470465616,0.34177155101478407,0.24966732629549443,0.3066099241424625,wait:0.000000
33,83:0,83,no_addition,False,0.0,0.0,0.0,0.0,0.0,0.0,0.0,0.0,0.0,0.0,0.6492496307348407,0.3732835456302558,0.33254471762931725,0.16566944905945366,wait:0.000000
33,85:0,85,no_addition,False,0.0,0.0,0.0,0.0,0.0,0.0,0.0,0.0,0.0,0.0,0.6653815322741997,0.581425413119678,0.20909958497958275,0.18528397522787762,wait:0.000000
33,88:0,88,no_addition,False,0.0,0.0,0.0,0.0,0.0,0.0,0.0,0.0,0.0,0.0,0.6663316377708322,0.6852556576707169,0.12534868262092297,0.2075182675250232,wait:0.000000
33,89:0,89,no_addition,False,0.0,0.0,0.0,0.0,0.0,0.0,0.0,0.0,0.0,0.0,0.6154086354683044,0.39401625161170495,0.2224815867294293,0.23257959950918858,wait:0.000000
33,91:0,91,no_addition,False,0.0,0.0,0.0,0.0,0.0,0.0,0.0,0.0,0.0,0.0,0.35086857358249224,0.5025706490777337,0.2828989028082604,0.13555949477546203,wait:0.000000
33,99:0,99,no_addition,False,0.0,0.0,0.0,0.0,0.0,0.0,0.0,0.0,0.0,0.0,0.545919754635573,0.3762047328798433,0.32801517338061686,0.2986910420499687,wait:0.000000
33,101:0,101,no_addition,False,0.0,0.0,0.0,0.0,0.0,0.0,0.0,0.0,0.0,0.0,0.5810976055605849,0.3882687215850596,0.3072729448710695,0.21017157870428096,wait:0.000000
33,102:0,102,no_addition,False,0.0,0.0,0.0,0.0,0.0,0.0,0.0,0.0,0.0,0.0,0.6513672192398829,0.34011089000283523,0.23985665450696353,0.2798511655072161,wait:0.000000
33,103:0,103,no_addition,False,0.0,0.0,0.0,0.0,0.0,0.0,0.0,0.0,0.0,0.0,0.4345318844840096,0.352142200466893,0.3071780557516381,0.2065438493999356,wait:0.000000
33,106:0,106,no_addition,False,0.0,0.0,0.0,0.0,0.0,0.0,0.0,0.0,0.0,0.0,0.5538869960114561,0.4442274283105875,0.2104074641932924,0.13244187247478853,wait:0.000000
33,108:0,108,no_addition,False,0.0,0.0,0.0,0.0,0.0,0.0,0.0,0.0,0.0,0.0,0.662589369414454,0.6511030266015705,0.17469612445993973,0.26131271967635666,wait:0.000000
33,111:0,111,no_addition,False,0.0,0.0,0.0,0.0,0.0,0.0,0.0,0.0,0.0,0.0,0.5796869035044703,0.5398910016347154,0.14769215675894026,0.1264487992349216,wait:0.000000
33,113:0,113,no_addition,False,0.0,0.0,0.0,0.0,0.0,0.0,0.0,0.0,0.0,0.0,0.3188426505463827,0.658115326063435,0.2654550611848953,0.12446771722269334,wait:0.000000
33,117:0,117,no_addition,False,0.0,0.0,0.0,0.0,0.0,0.0,0.0,0.0,0.0,0.0,0.5262276374207189,0.34361268573099335,0.3344849565567116,0.23819627200325658,wait:0.000000
34,0:0,0,no_addition,False,0.0,0.0,0.0,0.0,0.0,0.0,0.0,0.0,0.0,0.0,0.6349269699863758,0.6451027268427387,0.18958490503426,0.22661546330778407,wait:0.000000
34,8:0,8,no_addition,False,0.0,0.0,0.0,0.0,0.0,0.0,0.0,0.0,0.0,0.0,0.3722448780626667,0.3741609179318683,0.12450188797737873,0.268675858392624,wait:0.000000
34,12:0,12,no_addition,False,0.0,0.0,0.0,0.0,0.0,0.0,0.0,0.0,0.0,0.0,0.6937817987812784,0.533729937316545,0.3039036571022257,0.2557276584561406,wait:0.000000
34,15:0,15,no_addition,False,0.0,0.0,0.0,0.0,0.0,0.0,0.0,0.0,0.0,0.0,0.5315402376273212,0.43827277049971713,0.15350122755625317,0.30298658066995987,wait:0.000000
34,17:0,17,no_addition,False,0.0,0.0,0.0,0.0,0.0,0.0,0.0,0.0,0.0,0.0,0.4819935126913222,0.6219505664093764,0.3244303667370665,0.25267729299700975,wait:0.000000
34,20:0,20,no_addition,False,0.0,0.0,0.0,0.0,0.0,0.0,0.0,0.0,0.0,0.0,0.5695092762977207,0.5427465433672397,0.1817366391800946,0.28158208675522445,wait:0.000000
34,31:0,31,no_addition,False,0.0,0.0,0.0,0.0,0.0,0.0,0.0,0.0,0.0,0.0,0.589231730984955,0.6693227769320748,0.20287329459672546,0.1596477209505274,wait:0.000000
34,37:0,37,no_addition,False,0.0,0.0,0.0,0.0,0.0,0.0,0.0,0.0,0.0,0.0,0.6066398133866089,0.6532623452529932,0.3053925153722587,0.16203645934202765,wait:0.000000
34,39:0,39,no_addition,False,0.0,0.0,0.0,0.0,0.0,0.0,0.0,0.0,0.0,0.0,0.37945770070522633,0.5325269746583201,0.1441159877114682,0.2581265639267173,wait:0.000000
34,42:0,42,no_addition,False,0.0,0.0,0.0,0.0,0.0,0.0,0.0,0.0,0.0,0.0,0.31466259977595556,0.46424046267399166,0.2612702822458626,0.13539310923713369,wait:0.000000
34,45:0,45,no_addition,False,0.0,0.0,0.0,0.0,0.0,0.0,0.0,0.0,0.0,0.0,0.6327854347063235,0.527231276761715,0.31173994230001556,0.13645278940660277,wait:0.000000
34,46:0,46,no_addition,False,0.0,0.0,0.0,0.0,0.0,0.0,0.0,0.0,0.0,0.0,0.41247147996441474,0.6846503611583785,0.23669126286736908,0.12787633965132716,wait:0.000000
34,54:0,54,no_addition,False,0.0,0.0,0.0,0.0,0.0,0.0,0.0,0.0,0.0,0.0,0.3104973378290874,0.6254248988225772,0.32626372298888134,0.28028762715313327,wait:0.000000
34,57:0,57,no_addition,False,0.0,0.0,0.0,0.0,0.0,0.0,0.0,0.0,0.0,0.0,0.3674812585006399,0.6063002200099101,0.1419637555088372,0.14083652994445953,wait:0.000000
34,58:0,58,no_addition,False,0.0,0.0,0.0,0.0,0.0,0.0,0.0,0.0,0.0,0.0,0.5698457129212575,0.5086375410968227,0.31770589102444186,0.16866236372747928,wait:0.000000
34,59:0,59,no_addition,False,0.0,0.0,0.0,0.0,0.0,0.0,0.0,0.0,0.0,0.0,0.6502922637422113,0.5324985384558232,0.3003984701500516,0.3307652353400831,wait:0.000000
34,60:0,60,no_addition,False,0.0,0.0,0.0,0.0,0.0,0.0,0.0,0.0,0.0,0.0,0.5345134400782842,0.6524568073919632,0.2785878606586106,0.18337523916769824,wait:0.000000
34,61:0,61,no_addition,False,0.0,0.0,0.0,0.0,0.0,0.0,0.0,0.0,0.0,0.0,0.35466418061386695,0.48525784679251094,0.25711426778410923,0.2818610144285211,wait:0.000000
34,62:0,62,no_addition,False,0.0,0.0,0.0,0.0,0.0,0.0,0.0,0.0,0.0,0.0,0.6737425411252645,0.6467612254331299,0.24181440332422513,0.1305552901432641,wait:0.000000
34,69:0,69,no_addition,False,0.0,0.0,0.0,0.0,0.0,0.0,0.0,0.0,0.0,0.0,0.5522842267235775,0.44811772559250074,0.1600034596194771,0.20616873348956766,wait:0.000000
34,70:0,70,no_addition,False,0.0,0.0,0.0,0.0,0.0,0.0,0.0,0.0,0.0,0.0,0.6750418326056267,0.5181513925536889,0.2641027359048809,0.2119510011871475,wait:0.000000
34,71:0,71,no_addition,False,0.0,0.0,0.0,0.0,0.0,0.0,0.0,0.0,0.0,0.0,0.5724433221045399,0.5798533147655999,0.1966434629438023,0.18891818549490788,wait:0.000000
34,77:0,77,no_addition,False,0.0,0.0,0.0,0.0,0.0,0.0,0.0,0.0,0.0,0.0,0.6557895980559207,0.5583678345059471,0.22680502196466576,0.27959005577356233,wait:0.000000
34,78:0,78,no_addition,False,0.0,0.0,0.0,0.0,0.0,0.0,0.0,0.0,0.0,0.0,0.6149527470465616,0.34177155101478407,0.24966732629549443,0.3066099241424625,wait:0.000000
34,83:0,83,no_addition,False,0.0,0.0,0.0,0.0,0.0,0.0,0.0,0.0,0.0,0.0,0.6492496307348407,0.3732835456302558,0.33254471762931725,0.16566944905945366,wait:0.000000
34,85:0,85,no_addition,False,0.0,0.0,0.0,0.0,0.0,0.0,0.0,0.0,0.0,0.0,0.6653815322741997,0.581425413119678,0.20909958497958275,0.18528397522787762,wait:0.000000
34,88:0,88,no_addition,False,0.0,0.0,0.0,0.0,0.0,0.0,0.0,0.0,0.0,0.0,0.6663316377708322,0.6852556576707169,0.12534868262092297,0.2075182675250232,wait:0.000000
34,89:0,89,no_addition,False,0.0,0.0,0.0,0.0,0.0,0.0,0.0,0.0,0.0,0.0,0.6154086354683044,0.39401625161170495,0.2224815867294293,0.23257959950918858,wait:0.000000
34,91:0,91,no_addition,False,0.0,0.0,0.0,0.0,0.0,0.0,0.0,0.0,0.0,0.0,0.35086857358249224,0.5025706490777337,0.2828989028082604,0.13555949477546203,wait:0.000000
34,99:0,99,no_addition,False,0.0,0.0,0.0,0.0,0.0,0.0,0.0,0.0,0.0,0.0,0.545919754635573,0.3762047328798433,0.32801517338061686,0.2986910420499687,wait:0.000000
34,101:0,101,no_addition,False,0.0,0.0,0.0,0.0,0.0,0.0,0.0,0.0,0.0,0.0,0.5810976055605849,0.3882687215850596,0.3072729448710695,0.21017157870428096,wait:0.000000
34,102:0,102,no_addition,False,0.0,0.0,0.0,0.0,0.0,0.0,0.0,0.0,0.0,0.0,0.6513672192398829,0.34011089000283523,0.23985665450696353,0.2798511655072161,wait:0.000000
34,103:0,103,no_addition,False,0.0,0.0,0.0,0.0,0.0,0.0,0.0,0.0,0.0,0.0,0.4345318844840096,0.352142200466893,0.3071780557516381,0.2065438493999356,wait:0.000000
34,106:0,106,no_addition,False,0.0,0.0,0.0,0.0,0.0,0.0,0.0,0.0,0.0,0.0,0.5538869960114561,0.4442274283105875,0.2104074641932924,0.13244187247478853,wait:0.000000
34,108:0,108,no_addition,False,0.0,0.0,0.0,0.0,0.0,0.0,0.0,0.0,0.0,0.0,0.662589369414454,0.6511030266015705,0.17469612445993973,0.26131271967635666,wait:0.000000
34,111:0,111,no_addition,False,0.0,0.0,0.0,0.0,0.0,0.0,0.0,0.0,0.0,0.0,0.5796869035044703,0.5398910016347154,0.14769215675894026,0.1264487992349216,wait:0.000000
34,113:0,113,no_addition,False,0.0,0.0,0.0,0.0,0.0,0.0,0.0,0.0,0.0,0.0,0.3188426505463827,0.658115326063435,0.2654550611848953,0.12446771722269334,wait:0.000000
34,117:0,117,no_addition,False,0.0,0.0,0.0,0.0,0.0,0.0,0.0,0.0,0.0,0.0,0.5262276374207189,0.34361268573099335,0.3344849565567116,0.23819627200325658,wait:0.000000
35,0:0,0,no_addition,False,0.0,0.0,0.0,0.0,0.0,0.0,0.0,0.0,0.0,0.0,0.6349269699863758,0.6451027268427387,0.18958490503426,0.22661546330778407,wait:0.000000
35,8:0,8,no_addition,False,0.0,0.0,0.0,0.0,0.0,0.0,0.0,0.0,0.0,0.0,0.3722448780626667,0.3741609179318683,0.12450188797737873,0.268675858392624,wait:0.000000
35,12:0,12,no_addition,False,0.0,0.0,0.0,0.0,0.0,0.0,0.0,0.0,0.0,0.0,0.6937817987812784,0.533729937316545,0.3039036571022257,0.2557276584561406,wait:0.000000
35,15:0,15,no_addition,False,0.0,0.0,0.0,0.0,0.0,0.0,0.0,0.0,0.0,0.0,0.5315402376273212,0.43827277049971713,0.15350122755625317,0.30298658066995987,wait:0.000000
35,17:0,17,no_addition,False,0.0,0.0,0.0,0.0,0.0,0.0,0.0,0.0,0.0,0.0,0.4819935126913222,0.6219505664093764,0.3244303667370665,0.25267729299700975,wait:0.000000
35,20:0,20,no_addition,False,0.0,0.0,0.0,0.0,0.0,0.0,0.0,0.0,0.0,0.0,0.5695092762977207,0.5427465433672397,0.1817366391800946,0.28158208675522445,wait:0.000000
35,31:0,31,no_addition,False,0.0,0.0,0.0,0.0,0.0,0.0,0.0,0.0,0.0,0.0,0.589231730984955,0.6693227769320748,0.20287329459672546,0.1596477209505274,wait:0.000000
35,37:0,37,no_addition,False,0.0,0.0,0.0,0.0,0.0,0.0,0.0,0.0,0.0,0.0,0.6066398133866089,0.6532623452529932,0.3053925153722587,0.16203645934202765,wait:0.000000
35,39:0,39,no_addition,False,0.0,0.0,0.0,0.0,0.0,0.0,0.0,0.0,0.0,0.0,0.37945770070522633,0.5325269746583201,0.1441159877114682,0.2581265639267173,wait:0.000000
35,42:0,42,no_addition,False,0.0,0.0,0.0,0.0,0.0,0.0,0.0,0.0,0.0,0.0,0.31466259977595556,0.46424046267399166,0.2612702822458626,0.13539310923713369,wait:0.000000
35,45:0,45,no_addition,False,0.0,0.0,0.0,0.0,0.0,0.0,0.0,0.0,0.0,0.0,0.6327854347063235,0.527231276761715,0.31173994230001556,0.13645278940660277,wait:0.000000
35,46:0,46,no_addition,False,0.0,0.0,0.0,0.0,0.0,0.0,0.0,0.0,0.0,0.0,0.41247147996441474,0.6846503611583785,0.23669126286736908,0.12787633965132716,wait:0.000000
35,54:0,54,no_addition,False,0.0,0.0,0.0,0.0,0.0,0.0,0.0,0.0,0.0,0.0,0.3104973378290874,0.6254248988225772,0.32626372298888134,0.28028762715313327,wait:0.000000
35,57:0,57,no_addition,False,0.0,0.0,0.0,0.0,0.0,0.0,0.0,0.0,0.0,0.0,0.3674812585006399,0.6063002200099101,0.1419637555088372,0.14083652994445953,wait:0.000000
35,58:0,58,no_addition,False,0.0,0.0,0.0,0.0,0.0,0.0,0.0,0.0,0.0,0.0,0.5698457129212575,0.5086375410968227,0.31770589102444186,0.16866236372747928,wait:0.000000
35,59:0,59,no_addition,False,0.0,0.0,0.0,0.0,0.0,0.0,0.0,0.0,0.0,0.0,0.6502922637422113,0.5324985384558232,0.3003984701500516,0.3307652353400831,wait:0.000000
35,60:0,60,no_addition,False,0.0,0.0,0.0,0.0,0.0,0.0,0.0,0.0,0.0,0.0,0.5345134400782842,0.6524568073919632,0.2785878606586106,0.18337523916769824,wait:0.000000
35,61:0,61,no_addition,False,0.0,0.0,0.0,0.0,0.0,0.0,0.0,0.0,0.0,0.0,0.35466418061386695,0.48525784679251094,0.25711426778410923,0.2818610144285211,wait:0.000000
35,62:0,62,no_addition,False,0.0,0.0,0.0,0.0,0.0,0.0,0.0,0.0,0.0,0.0,0.6737425411252645,0.6467612254331299,0.24181440332422513,0.1305552901432641,wait:0.000000
35,69:0,69,no_addition,False,0.0,0.0,0.0,0.0,0.0,0.0,0.0,0.0,0.0,0.0,0.5522842267235775,0.44811772559250074,0.1600034596194771,0.20616873348956766,wait:0.000000
35,70:0,70,no_addition,False,0.0,0.0,0.0,0.0,0.0,0.0,0.0,0.0,0.0,0.0,0.6750418326056267,0.5181513925536889,0.2641027359048809,0.2119510011871475,wait:0.000000
35,71:0,71,no_addition,False,0.0,0.0,0.0,0.0,0.0,0.0,0.0,0.0,0.0,0.0,0.5724433221045399,0.5798533147655999,0.1966434629438023,0.18891818549490788,wait:0.000000
35,77:0,77,no_addition,False,0.0,0.0,0.0,0.0,0.0,0.0,0.0,0.0,0.0,0.0,0.6557895980559207,0.5583678345059471,0.22680502196466576,0.27959005577356233,wait:0.000000
35,78:0,78,no_addition,False,0.0,0.0,0.0,0.0,0.0,0.0,0.0,0.0,0.0,0.0,0.6149527470465616,0.34177155101478407,0.24966732629549443,0.3066099241424625,wait:0.000000
35,83:0,83,no_addition,False,0.0,0.0,0.0,0.0,0.0,0.0,0.0,0.0,0.0,0.0,0.6492496307348407,0.3732835456302558,0.33254471762931725,0.16566944905945366,wait:0.000000
35,85:0,85,no_addition,False,0.0,0.0,0.0,0.0,0.0,0.0,0.0,0.0,0.0,0.0,0.6653815322741997,0.581425413119678,0.20909958497958275,0.18528397522787762,wait:0.000000
35,88:0,88,no_addition,False,0.0,0.0,0.0,0.0,0.0,0.0,0.0,0.0,0.0,0.0,0.6663316377708322,0.6852556576707169,0.12534868262092297,0.2075182675250232,wait:0.000000
35,89:0,89,no_addition,False,0.0,0.0,0.0,0.0,0.0,0.0,0.0,0.0,0.0,0.0,0.6154086354683044,0.39401625161170495,0.2224815867294293,0.23257959950918858,wait:0.000000
35,91:0,91,no_addition,False,0.0,0.0,0.0,0.0,0.0,0.0,0.0,0.0,0.0,0.0,0.35086857358249224,0.5025706490777337,0.2828989028082604,0.13555949477546203,wait:0.000000
35,99:0,99,no_addition,False,0.0,0.0,0.0,0.0,0.0,0.0,0.0,0.0,0.0,0.0,0.545919754635573,0.3762047328798433,0.32801517338061686,0.2986910420499687,wait:0.000000
35,101:0,101,no_addition,False,0.0,0.0,0.0,0.0,0.0,0.0,0.0,0.0,0.0,0.0,0.5810976055605849,0.3882687215850596,0.3072729448710695,0.21017157870428096,wait:0.000000
35,102:0,102,no_addition,False,0.0,0.0,0.0,0.0,0.0,0.0,0.0,0.0,0.0,0.0,0.6513672192398829,0.34011089000283523,0.23985665450696353,0.2798511655072161,wait:0.000000
35,103:0,103,no_addition,False,0.0,0.0,0.0,0.0,0.0,0.0,0.0,0.0,0.0,0.0,0.4345318844840096,0.352142200466893,0.3071780557516381,0.2065438493999356,wait:0.000000
35,106:0,106,no_addition,False,0.0,0.0,0.0,0.0,0.0,0.0,0.0,0.0,0.0,0.0,0.5538869960114561,0.4442274283105875,0.2104074641932924,0.13244187247478853,wait:0.000000
35,108:0,108,no_addition,False,0.0,0.0,0.0,0.0,0.0,0.0,0.0,0.0,0.0,0.0,0.662589369414454,0.6511030266015705,0.17469612445993973,0.26131271967635666,wait:0.000000
35,111:0,111,no_addition,False,0.0,0.0,0.0,0.0,0.0,0.0,0.0,0.0,0.0,0.0,0.5796869035044703,0.5398910016347154,0.14769215675894026,0.1264487992349216,wait:0.000000
35,113:0,113,no_addition,False,0.0,0.0,0.0,0.0,0.0,0.0,0.0,0.0,0.0,0.0,0.3188426505463827,0.658115326063435,0.2654550611848953,0.12446771722269334,wait:0.000000
35,117:0,117,no_addition,False,0.0,0.0,0.0,0.0,0.0,0.0,0.0,0.0,0.0,0.0,0.5262276374207189,0.34361268573099335,0.3344849565567116,0.23819627200325658,wait:0.000000
36,0:0,0,no_addition,False,0.0,0.0,0.0,0.0,0.0,0.0,0.0,0.0,0.0,0.0,0.6349269699863758,0.6451027268427387,0.18958490503426,0.22661546330778407,wait:0.000000
36,8:0,8,no_addition,False,0.0,0.0,0.0,0.0,0.0,0.0,0.0,0.0,0.0,0.0,0.3722448780626667,0.3741609179318683,0.12450188797737873,0.268675858392624,wait:0.000000
36,12:0,12,no_addition,False,0.0,0.0,0.0,0.0,0.0,0.0,0.0,0.0,0.0,0.0,0.6937817987812784,0.533729937316545,0.3039036571022257,0.2557276584561406,wait:0.000000
36,15:0,15,no_addition,False,0.0,0.0,0.0,0.0,0.0,0.0,0.0,0.0,0.0,0.0,0.5315402376273212,0.43827277049971713,0.15350122755625317,0.30298658066995987,wait:0.000000
36,17:0,17,no_addition,False,0.0,0.0,0.0,0.0,0.0,0.0,0.0,0.0,0.0,0.0,0.4819935126913222,0.6219505664093764,0.3244303667370665,0.25267729299700975,wait:0.000000
36,20:0,20,no_addition,False,0.0,0.0,0.0,0.0,0.0,0.0,0.0,0.0,0.0,0.0,0.5695092762977207,0.5427465433672397,0.1817366391800946,0.28158208675522445,wait:0.000000
36,31:0,31,no_addition,False,0.0,0.0,0.0,0.0,0.0,0.0,0.0,0.0,0.0,0.0,0.589231730984955,0.6693227769320748,0.20287329459672546,0.1596477209505274,wait:0.000000
36,37:0,37,no_addition,False,0.0,0.0,0.0,0.0,0.0,0.0,0.0,0.0,0.0,0.0,0.6066398133866089,0.6532623452529932,0.3053925153722587,0.16203645934202765,wait:0.000000
36,39:0,39,no_addition,False,0.0,0.0,0.0,0.0,0.0,0.0,0.0,0.0,0.0,0.0,0.37945770070522633,0.5325269746583201,0.1441159877114682,0.2581265639267173,wait:0.000000
36,42:0,42,no_addition,False,0.0,0.0,0.0,0.0,0.0,0.0,0.0,0.0,0.0,0.0,0.31466259977595556,0.46424046267399166,0.2612702822458626,0.13539310923713369,wait:0.000000
36,45:0,45,no_addition,False,0.0,0.0,0.0,0.0,0.0,0.0,0.0,0.0,0.0,0.0,0.6327854347063235,0.527231276761715,0.31173994230001556,0.13645278940660277,wait:0.000000
36,46:0,46,no_addition,False,0.0,0.0,0.0,0.0,0.0,0.0,0.0,0.0,0.0,0.0,0.41247147996441474,0.6846503611583785,0.23669126286736908,0.12787633965132716,wait:0.000000
36,54:0,54,no_addition,False,0.0,0.0,0.0,0.0,0.0,0.0,0.0,0.0,0.0,0.0,0.3104973378290874,0.6254248988225772,0.32626372298888134,0.28028762715313327,wait:0.000000
36,57:0,57,no_addition,False,0.0,0.0,0.0,0.0,0.0,0.0,0.0,0.0,0.0,0.0,0.3674812585006399,0.6063002200099101,0.1419637555088372,0.14083652994445953,wait:0.000000
36,58:0,58,no_addition,False,0.0,0.0,0.0,0.0,0.0,0.0,0.0,0.0,0.0,0.0,0.5698457129212575,0.5086375410968227,0.31770589102444186,0.16866236372747928,wait:0.000000
36,59:0,59,no_addition,False,0.0,0.0,0.0,0.0,0.0,0.0,0.0,0.0,0.0,0.0,0.6502922637422113,0.5324985384558232,0.3003984701500516,0.3307652353400831,wait:0.000000
36,60:0,60,no_addition,False,0.0,0.0,0.0,0.0,0.0,0.0,0.0,0.0,0.0,0.0,0.5345134400782842,0.6524568073919632,0.2785878606586106,0.18337523916769824,wait:0.000000
36,61:0,61,no_addition,False,0.0,0.0,0.0,0.0,0.0,0.0,0.0,0.0,0.0,0.0,0.35466418061386695,0.48525784679251094,0.25711426778410923,0.2818610144285211,wait:0.000000
36,62:0,62,no_addition,False,0.0,0.0,0.0,0.0,0.0,0.0,0.0,0.0,0.0,0.0,0.6737425411252645,0.6467612254331299,0.24181440332422513,0.1305552901432641,wait:0.000000
36,69:0,69,no_addition,False,0.0,0.0,0.0,0.0,0.0,0.0,0.0,0.0,0.0,0.0,0.5522842267235775,0.44811772559250074,0.1600034596194771,0.20616873348956766,wait:0.000000
36,70:0,70,no_addition,False,0.0,0.0,0.0,0.0,0.0,0.0,0.0,0.0,0.0,0.0,0.6750418326056267,0.5181513925536889,0.2641027359048809,0.2119510011871475,wait:0.000000
36,71:0,71,no_addition,False,0.0,0.0,0.0,0.0,0.0,0.0,0.0,0.0,0.0,0.0,0.5724433221045399,0.5798533147655999,0.1966434629438023,0.18891818549490788,wait:0.000000
36,77:0,77,no_addition,False,0.0,0.0,0.0,0.0,0.0,0.0,0.0,0.0,0.0,0.0,0.6557895980559207,0.5583678345059471,0.22680502196466576,0.27959005577356233,wait:0.000000
36,78:0,78,no_addition,False,0.0,0.0,0.0,0.0,0.0,0.0,0.0,0.0,0.0,0.0,0.6149527470465616,0.34177155101478407,0.24966732629549443,0.3066099241424625,wait:0.000000
36,83:0,83,no_addition,False,0.0,0.0,0.0,0.0,0.0,0.0,0.0,0.0,0.0,0.0,0.6492496307348407,0.3732835456302558,0.33254471762931725,0.16566944905945366,wait:0.000000
36,85:0,85,no_addition,False,0.0,0.0,0.0,0.0,0.0,0.0,0.0,0.0,0.0,0.0,0.6653815322741997,0.581425413119678,0.20909958497958275,0.18528397522787762,wait:0.000000
36,88:0,88,no_addition,False,0.0,0.0,0.0,0.0,0.0,0.0,0.0,0.0,0.0,0.0,0.6663316377708322,0.6852556576707169,0.12534868262092297,0.2075182675250232,wait:0.000000
36,89:0,89,no_addition,False,0.0,0.0,0.0,0.0,0.0,0.0,0.0,0.0,0.0,0.0,0.6154086354683044,0.39401625161170495,0.2224815867294293,0.23257959950918858,wait:0.000000
36,91:0,91,no_addition,False,0.0,0.0,0.0,0.0,0.0,0.0,0.0,0.0,0.0,0.0,0.35086857358249224,0.5025706490777337,0.2828989028082604,0.13555949477546203,wait:0.000000
36,99:0,99,no_addition,False,0.0,0.0,0.0,0.0,0.0,0.0,0.0,0.0,0.0,0.0,0.545919754635573,0.3762047328798433,0.32801517338061686,0.2986910420499687,wait:0.000000
36,101:0,101,no_addition,False,0.0,0.0,0.0,0.0,0.0,0.0,0.0,0.0,0.0,0.0,0.5810976055605849,0.3882687215850596,0.3072729448710695,0.21017157870428096,wait:0.000000
36,102:0,102,no_addition,False,0.0,0.0,0.0,0.0,0.0,0.0,0.0,0.0,0.0,0.0,0.6513672192398829,0.34011089000283523,0.23985665450696353,0.2798511655072161,wait:0.000000
36,103:0,103,no_addition,False,0.0,0.0,0.0,0.0,0.0,0.0,0.0,0.0,0.0,0.0,0.4345318844840096,0.352142200466893,0.3071780557516381,0.2065438493999356,wait:0.000000
36,106:0,106,no_addition,False,0.0,0.0,0.0,0.0,0.0,0.0,0.0,0.0,0.0,0.0,0.5538869960114561,0.4442274283105875,0.2104074641932924,0.13244187247478853,wait:0.000000
36,108:0,108,no_addition,False,0.0,0.0,0.0,0.0,0.0,0.0,0.0,0.0,0.0,0.0,0.662589369414454,0.6511030266015705,0.17469612445993973,0.26131271967635666,wait:0.000000
36,111:0,111,no_addition,False,0.0,0.0,0.0,0.0,0.0,0.0,0.0,0.0,0.0,0.0,0.5796869035044703,0.5398910016347154,0.14769215675894026,0.1264487992349216,wait:0.000000
36,113:0,113,no_addition,False,0.0,0.0,0.0,0.0,0.0,0.0,0.0,0.0,0.0,0.0,0.3188426505463827,0.658115326063435,0.2654550611848953,0.12446771722269334,wait:0.000000
36,117:0,117,no_addition,False,0.0,0.0,0.0,0.0,0.0,0.0,0.0,0.0,0.0,0.0,0.5262276374207189,0.34361268573099335,0.3344849565567116,0.23819627200325658,wait:0.000000
37,0:0,0,no_addition,False,0.0,0.0,0.0,0.0,0.0,0.0,0.0,0.0,0.0,0.0,0.6349269699863758,0.6451027268427387,0.18958490503426,0.22661546330778407,wait:0.000000
37,8:0,8,no_addition,False,0.0,0.0,0.0,0.0,0.0,0.0,0.0,0.0,0.0,0.0,0.3722448780626667,0.3741609179318683,0.12450188797737873,0.268675858392624,wait:0.000000
37,12:0,12,no_addition,False,0.0,0.0,0.0,0.0,0.0,0.0,0.0,0.0,0.0,0.0,0.6937817987812784,0.533729937316545,0.3039036571022257,0.2557276584561406,wait:0.000000
37,15:0,15,no_addition,False,0.0,0.0,0.0,0.0,0.0,0.0,0.0,0.0,0.0,0.0,0.5315402376273212,0.43827277049971713,0.15350122755625317,0.30298658066995987,wait:0.000000
37,17:0,17,no_addition,False,0.0,0.0,0.0,0.0,0.0,0.0,0.0,0.0,0.0,0.0,0.4819935126913222,0.6219505664093764,0.3244303667370665,0.25267729299700975,wait:0.000000
37,20:0,20,no_addition,False,0.0,0.0,0.0,0.0,0.0,0.0,0.0,0.0,0.0,0.0,0.5695092762977207,0.5427465433672397,0.1817366391800946,0.28158208675522445,wait:0.000000
37,31:0,31,no_addition,False,0.0,0.0,0.0,0.0,0.0,0.0,0.0,0.0,0.0,0.0,0.589231730984955,0.6693227769320748,0.20287329459672546,0.1596477209505274,wait:0.000000
37,37:0,37,no_addition,False,0.0,0.0,0.0,0.0,0.0,0.0,0.0,0.0,0.0,0.0,0.6066398133866089,0.6532623452529932,0.3053925153722587,0.16203645934202765,wait:0.000000
37,39:0,39,no_addition,False,0.0,0.0,0.0,0.0,0.0,0.0,0.0,0.0,0.0,0.0,0.37945770070522633,0.5325269746583201,0.1441159877114682,0.2581265639267173,wait:0.000000
37,42:0,42,no_addition,False,0.0,0.0,0.0,0.0,0.0,0.0,0.0,0.0,0.0,0.0,0.31466259977595556,0.46424046267399166,0.2612702822458626,0.13539310923713369,wait:0.000000
37,45:0,45,no_addition,False,0.0,0.0,0.0,0.0,0.0,0.0,0.0,0.0,0.0,0.0,0.6327854347063235,0.527231276761715,0.31173994230001556,0.13645278940660277,wait:0.000000
37,46:0,46,no_addition,False,0.0,0.0,0.0,0.0,0.0,0.0,0.0,0.0,0.0,0.0,0.41247147996441474,0.6846503611583785,0.23669126286736908,0.12787633965132716,wait:0.000000
37,54:0,54,no_addition,False,0.0,0.0,0.0,0.0,0.0,0.0,0.0,0.0,0.0,0.0,0.3104973378290874,0.6254248988225772,0.32626372298888134,0.28028762715313327,wait:0.000000
37,57:0,57,no_addition,False,0.0,0.0,0.0,0.0,0.0,0.0,0.0,0.0,0.0,0.0,0.3674812585006399,0.6063002200099101,0.1419637555088372,0.14083652994445953,wait:0.000000
37,58:0,58,no_addition,False,0.0,0.0,0.0,0.0,0.0,0.0,0.0,0.0,0.0,0.0,0.5698457129212575,0.5086375410968227,0.31770589102444186,0.16866236372747928,wait:0.000000
37,59:0,59,no_addition,False,0.0,0.0,0.0,0.0,0.0,0.0,0.0,0.0,0.0,0.0,0.6502922637422113,0.5324985384558232,0.3003984701500516,0.3307652353400831,wait:0.000000
37,60:0,60,no_addition,False,0.0,0.0,0.0,0.0,0.0,0.0,0.0,0.0,0.0,0.0,0.5345134400782842,0.6524568073919632,0.2785878606586106,0.18337523916769824,wait:0.000000
37,61:0,61,no_addition,False,0.0,0.0,0.0,0.0,0.0,0.0,0.0,0.0,0.0,0.0,0.35466418061386695,0.48525784679251094,0.25711426778410923,0.2818610144285211,wait:0.000000
37,62:0,62,no_addition,False,0.0,0.0,0.0,0.0,0.0,0.0,0.0,0.0,0.0,0.0,0.6737425411252645,0.6467612254331299,0.24181440332422513,0.1305552901432641,wait:0.000000
37,69:0,69,no_addition,False,0.0,0.0,0.0,0.0,0.0,0.0,0.0,0.0,0.0,0.0,0.5522842267235775,0.44811772559250074,0.1600034596194771,0.20616873348956766,wait:0.000000
37,70:0,70,no_addition,False,0.0,0.0,0.0,0.0,0.0,0.0,0.0,0.0,0.0,0.0,0.6750418326056267,0.5181513925536889,0.2641027359048809,0.2119510011871475,wait:0.000000
37,71:0,71,no_addition,False,0.0,0.0,0.0,0.0,0.0,0.0,0.0,0.0,0.0,0.0,0.5724433221045399,0.5798533147655999,0.1966434629438023,0.18891818549490788,wait:0.000000
37,77:0,77,no_addition,False,0.0,0.0,0.0,0.0,0.0,0.0,0.0,0.0,0.0,0.0,0.6557895980559207,0.5583678345059471,0.22680502196466576,0.27959005577356233,wait:0.000000
37,78:0,78,no_addition,False,0.0,0.0,0.0,0.0,0.0,0.0,0.0,0.0,0.0,0.0,0.6149527470465616,0.34177155101478407,0.24966732629549443,0.3066099241424625,wait:0.000000
37,83:0,83,no_addition,False,0.0,0.0,0.0,0.0,0.0,0.0,0.0,0.0,0.0,0.0,0.6492496307348407,0.3732835456302558,0.33254471762931725,0.16566944905945366,wait:0.000000
37,85:0,85,no_addition,False,0.0,0.0,0.0,0.0,0.0,0.0,0.0,0.0,0.0,0.0,0.6653815322741997,0.581425413119678,0.20909958497958275,0.18528397522787762,wait:0.000000
37,88:0,88,no_addition,False,0.0,0.0,0.0,0.0,0.0,0.0,0.0,0.0,0.0,0.0,0.6663316377708322,0.6852556576707169,0.12534868262092297,0.2075182675250232,wait:0.000000
37,89:0,89,no_addition,False,0.0,0.0,0.0,0.0,0.0,0.0,0.0,0.0,0.0,0.0,0.6154086354683044,0.39401625161170495,0.2224815867294293,0.23257959950918858,wait:0.000000
37,91:0,91,no_addition,False,0.0,0.0,0.0,0.0,0.0,0.0,0.0,0.0,0.0,0.0,0.35086857358249224,0.5025706490777337,0.2828989028082604,0.13555949477546203,wait:0.000000
37,99:0,99,no_addition,False,0.0,0.0,0.0,0.0,0.0,0.0,0.0,0.0,0.0,0.0,0.545919754635573,0.3762047328798433,0.32801517338061686,0.2986910420499687,wait:0.000000
37,101:0,101,no_addition,False,0.0,0.0,0.0,0.0,0.0,0.0,0.0,0.0,0.0,0.0,0.5810976055605849,0.3882687215850596,0.3072729448710695,0.21017157870428096,wait:0.000000
37,102:0,102,no_addition,False,0.0,0.0,0.0,0.0,0.0,0.0,0.0,0.0,0.0,0.0,0.6513672192398829,0.34011089000283523,0.23985665450696353,0.2798511655072161,wait:0.000000
37,103:0,103,no_addition,False,0.0,0.0,0.0,0.0,0.0,0.0,0.0,0.0,0.0,0.0,0.4345318844840096,0.352142200466893,0.3071780557516381,0.2065438493999356,wait:0.000000
37,106:0,106,no_addition,False,0.0,0.0,0.0,0.0,0.0,0.0,0.0,0.0,0.0,0.0,0.5538869960114561,0.4442274283105875,0.2104074641932924,0.13244187247478853,wait:0.000000
37,108:0,108,no_addition,False,0.0,0.0,0.0,0.0,0.0,0.0,0.0,0.0,0.0,0.0,0.662589369414454,0.6511030266015705,0.17469612445993973,0.26131271967635666,wait:0.000000
37,111:0,111,no_addition,False,0.0,0.0,0.0,0.0,0.0,0.0,0.0,0.0,0.0,0.0,0.5796869035044703,0.5398910016347154,0.14769215675894026,0.1264487992349216,wait:0.000000
37,113:0,113,no_addition,False,0.0,0.0,0.0,0.0,0.0,0.0,0.0,0.0,0.0,0.0,0.3188426505463827,0.658115326063435,0.2654550611848953,0.12446771722269334,wait:0.000000
37,117:0,117,no_addition,False,0.0,0.0,0.0,0.0,0.0,0.0,0.0,0.0,0.0,0.0,0.5262276374207189,0.34361268573099335,0.3344849565567116,0.23819627200325658,wait:0.000000
38,0:0,0,no_addition,False,0.0,0.0,0.0,0.0,0.0,0.0,0.0,0.0,0.0,0.0,0.6349269699863758,0.6451027268427387,0.18958490503426,0.22661546330778407,wait:0.000000
38,8:0,8,no_addition,False,0.0,0.0,0.0,0.0,0.0,0.0,0.0,0.0,0.0,0.0,0.3722448780626667,0.3741609179318683,0.12450188797737873,0.268675858392624,wait:0.000000
38,12:0,12,no_addition,False,0.0,0.0,0.0,0.0,0.0,0.0,0.0,0.0,0.0,0.0,0.6937817987812784,0.533729937316545,0.3039036571022257,0.2557276584561406,wait:0.000000
38,15:0,15,no_addition,False,0.0,0.0,0.0,0.0,0.0,0.0,0.0,0.0,0.0,0.0,0.5315402376273212,0.43827277049971713,0.15350122755625317,0.30298658066995987,wait:0.000000
38,17:0,17,no_addition,False,0.0,0.0,0.0,0.0,0.0,0.0,0.0,0.0,0.0,0.0,0.4819935126913222,0.6219505664093764,0.3244303667370665,0.25267729299700975,wait:0.000000
38,20:0,20,no_addition,False,0.0,0.0,0.0,0.0,0.0,0.0,0.0,0.0,0.0,0.0,0.5695092762977207,0.5427465433672397,0.1817366391800946,0.28158208675522445,wait:0.000000
38,31:0,31,no_addition,False,0.0,0.0,0.0,0.0,0.0,0.0,0.0,0.0,0.0,0.0,0.589231730984955,0.6693227769320748,0.20287329459672546,0.1596477209505274,wait:0.000000
38,37:0,37,no_addition,False,0.0,0.0,0.0,0.0,0.0,0.0,0.0,0.0,0.0,0.0,0.6066398133866089,0.6532623452529932,0.3053925153722587,0.16203645934202765,wait:0.000000
38,39:0,39,no_addition,False,0.0,0.0,0.0,0.0,0.0,0.0,0.0,0.0,0.0,0.0,0.37945770070522633,0.5325269746583201,0.1441159877114682,0.2581265639267173,wait:0.000000
38,42:0,42,no_addition,False,0.0,0.0,0.0,0.0,0.0,0.0,0.0,0.0,0.0,0.0,0.31466259977595556,0.46424046267399166,0.2612702822458626,0.13539310923713369,wait:0.000000
38,45:0,45,no_addition,False,0.0,0.0,0.0,0.0,0.0,0.0,0.0,0.0,0.0,0.0,0.6327854347063235,0.527231276761715,0.31173994230001556,0.13645278940660277,wait:0.000000
38,46:0,46,no_addition,False,0.0,0.0,0.0,0.0,0.0,0.0,0.0,0.0,0.0,0.0,0.41247147996441474,0.6846503611583785,0.23669126286736908,0.12787633965132716,wait:0.000000
38,54:0,54,no_addition,False,0.0,0.0,0.0,0.0,0.0,0.0,0.0,0.0,0.0,0.0,0.3104973378290874,0.6254248988225772,0.32626372298888134,0.28028762715313327,wait:0.000000
38,57:0,57,no_addition,False,0.0,0.0,0.0,0.0,0.0,0.0,0.0,0.0,0.0,0.0,0.3674812585006399,0.6063002200099101,0.1419637555088372,0.14083652994445953,wait:0.000000
38,58:0,58,no_addition,False,0.0,0.0,0.0,0.0,0.0,0.0,0.0,0.0,0.0,0.0,0.5698457129212575,0.5086375410968227,0.31770589102444186,0.16866236372747928,wait:0.000000
38,59:0,59,no_addition,False,0.0,0.0,0.0,0.0,0.0,0.0,0.0,0.0,0.0,0.0,0.6502922637422113,0.5324985384558232,0.3003984701500516,0.3307652353400831,wait:0.000000
38,60:0,60,no_addition,False,0.0,0.0,0.0,0.0,0.0,0.0,0.0,0.0,0.0,0.0,0.5345134400782842,0.6524568073919632,0.2785878606586106,0.18337523916769824,wait:0.000000
38,61:0,61,no_addition,False,0.0,0.0,0.0,0.0,0.0,0.0,0.0,0.0,0.0,0.0,0.35466418061386695,0.48525784679251094,0.25711426778410923,0.2818610144285211,wait:0.000000
38,62:0,62,no_addition,False,0.0,0.0,0.0,0.0,0.0,0.0,0.0,0.0,0.0,0.0,0.6737425411252645,0.6467612254331299,0.24181440332422513,0.1305552901432641,wait:0.000000
38,69:0,69,no_addition,False,0.0,0.0,0.0,0.0,0.0,0.0,0.0,0.0,0.0,0.0,0.5522842267235775,0.44811772559250074,0.1600034596194771,0.20616873348956766,wait:0.000000
38,70:0,70,no_addition,False,0.0,0.0,0.0,0.0,0.0,0.0,0.0,0.0,0.0,0.0,0.6750418326056267,0.5181513925536889,0.2641027359048809,0.2119510011871475,wait:0.000000
38,71:0,71,no_addition,False,0.0,0.0,0.0,0.0,0.0,0.0,0.0,0.0,0.0,0.0,0.5724433221045399,0.5798533147655999,0.1966434629438023,0.18891818549490788,wait:0.000000
38,77:0,77,no_addition,False,0.0,0.0,0.0,0.0,0.0,0.0,0.0,0.0,0.0,0.0,0.6557895980559207,0.5583678345059471,0.22680502196466576,0.27959005577356233,wait:0.000000
38,78:0,78,no_addition,False,0.0,0.0,0.0,0.0,0.0,0.0,0.0,0.0,0.0,0.0,0.6149527470465616,0.34177155101478407,0.24966732629549443,0.3066099241424625,wait:0.000000
38,83:0,83,no_addition,False,0.0,0.0,0.0,0.0,0.0,0.0,0.0,0.0,0.0,0.0,0.6492496307348407,0.3732835456302558,0.33254471762931725,0.16566944905945366,wait:0.000000
38,85:0,85,no_addition,False,0.0,0.0,0.0,0.0,0.0,0.0,0.0,0.0,0.0,0.0,0.6653815322741997,0.581425413119678,0.20909958497958275,0.18528397522787762,wait:0.000000
38,88:0,88,no_addition,False,0.0,0.0,0.0,0.0,0.0,0.0,0.0,0.0,0.0,0.0,0.6663316377708322,0.6852556576707169,0.12534868262092297,0.2075182675250232,wait:0.000000
38,89:0,89,no_addition,False,0.0,0.0,0.0,0.0,0.0,0.0,0.0,0.0,0.0,0.0,0.6154086354683044,0.39401625161170495,0.2224815867294293,0.23257959950918858,wait:0.000000
38,91:0,91,no_addition,False,0.0,0.0,0.0,0.0,0.0,0.0,0.0,0.0,0.0,0.0,0.35086857358249224,0.5025706490777337,0.2828989028082604,0.13555949477546203,wait:0.000000
38,99:0,99,no_addition,False,0.0,0.0,0.0,0.0,0.0,0.0,0.0,0.0,0.0,0.0,0.545919754635573,0.3762047328798433,0.32801517338061686,0.2986910420499687,wait:0.000000
38,101:0,101,no_addition,False,0.0,0.0,0.0,0.0,0.0,0.0,0.0,0.0,0.0,0.0,0.5810976055605849,0.3882687215850596,0.3072729448710695,0.21017157870428096,wait:0.000000
38,102:0,102,no_addition,False,0.0,0.0,0.0,0.0,0.0,0.0,0.0,0.0,0.0,0.0,0.6513672192398829,0.34011089000283523,0.23985665450696353,0.2798511655072161,wait:0.000000
38,103:0,103,no_addition,False,0.0,0.0,0.0,0.0,0.0,0.0,0.0,0.0,0.0,0.0,0.4345318844840096,0.352142200466893,0.3071780557516381,0.2065438493999356,wait:0.000000
38,106:0,106,no_addition,False,0.0,0.0,0.0,0.0,0.0,0.0,0.0,0.0,0.0,0.0,0.5538869960114561,0.4442274283105875,0.2104074641932924,0.13244187247478853,wait:0.000000
38,108:0,108,no_addition,False,0.0,0.0,0.0,0.0,0.0,0.0,0.0,0.0,0.0,0.0,0.662589369414454,0.6511030266015705,0.17469612445993973,0.26131271967635666,wait:0.000000
38,111:0,111,no_addition,False,0.0,0.0,0.0,0.0,0.0,0.0,0.0,0.0,0.0,0.0,0.5796869035044703,0.5398910016347154,0.14769215675894026,0.1264487992349216,wait:0.000000
38,113:0,113,no_addition,False,0.0,0.0,0.0,0.0,0.0,0.0,0.0,0.0,0.0,0.0,0.3188426505463827,0.658115326063435,0.2654550611848953,0.12446771722269334,wait:0.000000
38,117:0,117,no_addition,False,0.0,0.0,0.0,0.0,0.0,0.0,0.0,0.0,0.0,0.0,0.5262276374207189,0.34361268573099335,0.3344849565567116,0.23819627200325658,wait:0.000000
39,0:0,0,no_addition,False,0.0,0.0,0.0,0.0,0.0,0.0,0.0,0.0,0.0,0.0,0.6349269699863758,0.6451027268427387,0.18958490503426,0.22661546330778407,wait:0.000000
39,8:0,8,no_addition,False,0.0,0.0,0.0,0.0,0.0,0.0,0.0,0.0,0.0,0.0,0.3722448780626667,0.3741609179318683,0.12450188797737873,0.268675858392624,wait:0.000000
39,12:0,12,no_addition,False,0.0,0.0,0.0,0.0,0.0,0.0,0.0,0.0,0.0,0.0,0.6937817987812784,0.533729937316545,0.3039036571022257,0.2557276584561406,wait:0.000000
39,15:0,15,no_addition,False,0.0,0.0,0.0,0.0,0.0,0.0,0.0,0.0,0.0,0.0,0.5315402376273212,0.43827277049971713,0.15350122755625317,0.30298658066995987,wait:0.000000
39,17:0,17,no_addition,False,0.0,0.0,0.0,0.0,0.0,0.0,0.0,0.0,0.0,0.0,0.4819935126913222,0.6219505664093764,0.3244303667370665,0.25267729299700975,wait:0.000000
39,20:0,20,no_addition,False,0.0,0.0,0.0,0.0,0.0,0.0,0.0,0.0,0.0,0.0,0.5695092762977207,0.5427465433672397,0.1817366391800946,0.28158208675522445,wait:0.000000
39,31:0,31,no_addition,False,0.0,0.0,0.0,0.0,0.0,0.0,0.0,0.0,0.0,0.0,0.589231730984955,0.6693227769320748,0.20287329459672546,0.1596477209505274,wait:0.000000
39,37:0,37,no_addition,False,0.0,0.0,0.0,0.0,0.0,0.0,0.0,0.0,0.0,0.0,0.6066398133866089,0.6532623452529932,0.3053925153722587,0.16203645934202765,wait:0.000000
39,39:0,39,no_addition,False,0.0,0.0,0.0,0.0,0.0,0.0,0.0,0.0,0.0,0.0,0.37945770070522633,0.5325269746583201,0.1441159877114682,0.2581265639267173,wait:0.000000
39,42:0,42,no_addition,False,0.0,0.0,0.0,0.0,0.0,0.0,0.0,0.0,0.0,0.0,0.31466259977595556,0.46424046267399166,0.2612702822458626,0.13539310923713369,wait:0.000000
39,45:0,45,no_addition,False,0.0,0.0,0.0,0.0,0.0,0.0,0.0,0.0,0.0,0.0,0.6327854347063235,0.527231276761715,0.31173994230001556,0.13645278940660277,wait:0.000000
39,46:0,46,no_addition,False,0.0,0.0,0.0,0.0,0.0,0.0,0.0,0.0,0.0,0.0,0.41247147996441474,0.6846503611583785,0.23669126286736908,0.12787633965132716,wait:0.000000
39,54:0,54,no_addition,False,0.0,0.0,0.0,0.0,0.0,0.0,0.0,0.0,0.0,0.0,0.3104973378290874,0.6254248988225772,0.32626372298888134,0.28028762715313327,wait:0.000000
39,57:0,57,no_addition,False,0.0,0.0,0.0,0.0,0.0,0.0,0.0,0.0,0.0,0.0,0.3674812585006399,0.6063002200099101,0.1419637555088372,0.14083652994445953,wait:0.000000
39,58:0,58,no_addition,False,0.0,0.0,0.0,0.0,0.0,0.0,0.0,0.0,0.0,0.0,0.5698457129212575,0.5086375410968227,0.31770589102444186,0.16866236372747928,wait:0.000000
39,59:0,59,no_addition,False,0.0,0.0,0.0,0.0,0.0,0.0,0.0,0.0,0.0,0.0,0.6502922637422113,0.5324985384558232,0.3003984701500516,0.3307652353400831,wait:0.000000
39,60:0,60,no_addition,False,0.0,0.0,0.0,0.0,0.0,0.0,0.0,0.0,0.0,0.0,0.5345134400782842,0.6524568073919632,0.2785878606586106,0.18337523916769824,wait:0.000000
39,61:0,61,no_addition,False,0.0,0.0,0.0,0.0,0.0,0.0,0.0,0.0,0.0,0.0,0.35466418061386695,0.48525784679251094,0.25711426778410923,0.2818610144285211,wait:0.000000
39,62:0,62,no_addition,False,0.0,0.0,0.0,0.0,0.0,0.0,0.0,0.0,0.0,0.0,0.6737425411252645,0.6467612254331299,0.24181440332422513,0.1305552901432641,wait:0.000000
39,69:0,69,no_addition,False,0.0,0.0,0.0,0.0,0.0,0.0,0.0,0.0,0.0,0.0,0.5522842267235775,0.44811772559250074,0.1600034596194771,0.20616873348956766,wait:0.000000
39,70:0,70,no_addition,False,0.0,0.0,0.0,0.0,0.0,0.0,0.0,0.0,0.0,0.0,0.6750418326056267,0.5181513925536889,0.2641027359048809,0.2119510011871475,wait:0.000000
39,71:0,71,no_addition,False,0.0,0.0,0.0,0.0,0.0,0.0,0.0,0.0,0.0,0.0,0.5724433221045399,0.5798533147655999,0.1966434629438023,0.18891818549490788,wait:0.000000
39,77:0,77,no_addition,False,0.0,0.0,0.0,0.0,0.0,0.0,0.0,0.0,0.0,0.0,0.6557895980559207,0.5583678345059471,0.22680502196466576,0.27959005577356233,wait:0.000000
39,78:0,78,no_addition,False,0.0,0.0,0.0,0.0,0.0,0.0,0.0,0.0,0.0,0.0,0.6149527470465616,0.34177155101478407,0.24966732629549443,0.3066099241424625,wait:0.000000
39,83:0,83,no_addition,False,0.0,0.0,0.0,0.0,0.0,0.0,0.0,0.0,0.0,0.0,0.6492496307348407,0.3732835456302558,0.33254471762931725,0.16566944905945366,wait:0.000000
39,85:0,85,no_addition,False,0.0,0.0,0.0,0.0,0.0,0.0,0.0,0.0,0.0,0.0,0.6653815322741997,0.581425413119678,0.20909958497958275,0.18528397522787762,wait:0.000000
39,88:0,88,no_addition,False,0.0,0.0,0.0,0.0,0.0,0.0,0.0,0.0,0.0,0.0,0.6663316377708322,0.6852556576707169,0.12534868262092297,0.2075182675250232,wait:0.000000
39,89:0,89,no_addition,False,0.0,0.0,0.0,0.0,0.0,0.0,0.0,0.0,0.0,0.0,0.6154086354683044,0.39401625161170495,0.2224815867294293,0.23257959950918858,wait:0.000000
39,91:0,91,no_addition,False,0.0,0.0,0.0,0.0,0.0,0.0,0.0,0.0,0.0,0.0,0.35086857358249224,0.5025706490777337,0.2828989028082604,0.13555949477546203,wait:0.000000
39,99:0,99,no_addition,False,0.0,0.0,0.0,0.0,0.0,0.0,0.0,0.0,0.0,0.0,0.545919754635573,0.3762047328798433,0.32801517338061686,0.2986910420499687,wait:0.000000
39,101:0,101,no_addition,False,0.0,0.0,0.0,0.0,0.0,0.0,0.0,0.0,0.0,0.0,0.5810976055605849,0.3882687215850596,0.3072729448710695,0.21017157870428096,wait:0.000000
39,102:0,102,no_addition,False,0.0,0.0,0.0,0.0,0.0,0.0,0.0,0.0,0.0,0.0,0.6513672192398829,0.34011089000283523,0.23985665450696353,0.2798511655072161,wait:0.000000
39,103:0,103,no_addition,False,0.0,0.0,0.0,0.0,0.0,0.0,0.0,0.0,0.0,0.0,0.4345318844840096,0.352142200466893,0.3071780557516381,0.2065438493999356,wait:0.000000
39,106:0,106,no_addition,False,0.0,0.0,0.0,0.0,0.0,0.0,0.0,0.0,0.0,0.0,0.5538869960114561,0.4442274283105875,0.2104074641932924,0.13244187247478853,wait:0.000000
39,108:0,108,no_addition,False,0.0,0.0,0.0,0.0,0.0,0.0,0.0,0.0,0.0,0.0,0.662589369414454,0.6511030266015705,0.17469612445993973,0.26131271967635666,wait:0.000000
39,111:0,111,no_addition,False,0.0,0.0,0.0,0.0,0.0,0.0,0.0,0.0,0.0,0.0,0.5796869035044703,0.5398910016347154,0.14769215675894026,0.1264487992349216,wait:0.000000
39,113:0,113,no_addition,False,0.0,0.0,0.0,0.0,0.0,0.0,0.0,0.0,0.0,0.0,0.3188426505463827,0.658115326063435,0.2654550611848953,0.12446771722269334,wait:0.000000
39,117:0,117,no_addition,False,0.0,0.0,0.0,0.0,0.0,0.0,0.0,0.0,0.0,0.0,0.5262276374207189,0.34361268573099335,0.3344849565567116,0.23819627200325658,wait:0.000000
40,0:0,0,no_addition,False,0.0,0.0,0.0,0.0,0.0,0.0,0.0,0.0,0.0,0.0,0.6349269699863758,0.6451027268427387,0.18958490503426,0.22661546330778407,wait:0.000000
40,8:0,8,no_addition,False,0.0,0.0,0.0,0.0,0.0,0.0,0.0,0.0,0.0,0.0,0.3722448780626667,0.3741609179318683,0.12450188797737873,0.268675858392624,wait:0.000000
40,12:0,12,no_addition,False,0.0,0.0,0.0,0.0,0.0,0.0,0.0,0.0,0.0,0.0,0.6937817987812784,0.533729937316545,0.3039036571022257,0.2557276584561406,wait:0.000000
40,15:0,15,no_addition,False,0.0,0.0,0.0,0.0,0.0,0.0,0.0,0.0,0.0,0.0,0.5315402376273212,0.43827277049971713,0.15350122755625317,0.30298658066995987,wait:0.000000
40,17:0,17,no_addition,False,0.0,0.0,0.0,0.0,0.0,0.0,0.0,0.0,0.0,0.0,0.4819935126913222,0.6219505664093764,0.3244303667370665,0.25267729299700975,wait:0.000000
40,20:0,20,no_addition,False,0.0,0.0,0.0,0.0,0.0,0.0,0.0,0.0,0.0,0.0,0.5695092762977207,0.5427465433672397,0.1817366391800946,0.28158208675522445,wait:0.000000
40,31:0,31,no_addition,False,0.0,0.0,0.0,0.0,0.0,0.0,0.0,0.0,0.0,0.0,0.589231730984955,0.6693227769320748,0.20287329459672546,0.1596477209505274,wait:0.000000
40,37:0,37,no_addition,False,0.0,0.0,0.0,0.0,0.0,0.0,0.0,0.0,0.0,0.0,0.6066398133866089,0.6532623452529932,0.3053925153722587,0.16203645934202765,wait:0.000000
40,39:0,39,no_addition,False,0.0,0.0,0.0,0.0,0.0,0.0,0.0,0.0,0.0,0.0,0.37945770070522633,0.5325269746583201,0.1441159877114682,0.2581265639267173,wait:0.000000
40,42:0,42,no_addition,False,0.0,0.0,0.0,0.0,0.0,0.0,0.0,0.0,0.0,0.0,0.31466259977595556,0.46424046267399166,0.2612702822458626,0.13539310923713369,wait:0.000000
40,45:0,45,no_addition,False,0.0,0.0,0.0,0.0,0.0,0.0,0.0,0.0,0.0,0.0,0.6327854347063235,0.527231276761715,0.31173994230001556,0.13645278940660277,wait:0.000000
40,46:0,46,no_addition,False,0.0,0.0,0.0,0.0,0.0,0.0,0.0,0.0,0.0,0.0,0.41247147996441474,0.6846503611583785,0.23669126286736908,0.12787633965132716,wait:0.000000
40,54:0,54,no_addition,False,0.0,0.0,0.0,0.0,0.0,0.0,0.0,0.0,0.0,0.0,0.3104973378290874,0.6254248988225772,0.32626372298888134,0.28028762715313327,wait:0.000000
40,57:0,57,no_addition,False,0.0,0.0,0.0,0.0,0.0,0.0,0.0,0.0,0.0,0.0,0.3674812585006399,0.6063002200099101,0.1419637555088372,0.14083652994445953,wait:0.000000
40,58:0,58,no_addition,False,0.0,0.0,0.0,0.0,0.0,0.0,0.0,0.0,0.0,0.0,0.5698457129212575,0.5086375410968227,0.31770589102444186,0.16866236372747928,wait:0.000000
40,59:0,59,no_addition,False,0.0,0.0,0.0,0.0,0.0,0.0,0.0,0.0,0.0,0.0,0.6502922637422113,0.5324985384558232,0.3003984701500516,0.3307652353400831,wait:0.000000
40,60:0,60,no_addition,False,0.0,0.0,0.0,0.0,0.0,0.0,0.0,0.0,0.0,0.0,0.5345134400782842,0.6524568073919632,0.2785878606586106,0.18337523916769824,wait:0.000000
40,61:0,61,no_addition,False,0.0,0.0,0.0,0.0,0.0,0.0,0.0,0.0,0.0,0.0,0.35466418061386695,0.48525784679251094,0.25711426778410923,0.2818610144285211,wait:0.000000
40,62:0,62,no_addition,False,0.0,0.0,0.0,0.0,0.0,0.0,0.0,0.0,0.0,0.0,0.6737425411252645,0.6467612254331299,0.24181440332422513,0.1305552901432641,wait:0.000000
40,69:0,69,no_addition,False,0.0,0.0,0.0,0.0,0.0,0.0,0.0,0.0,0.0,0.0,0.5522842267235775,0.44811772559250074,0.1600034596194771,0.20616873348956766,wait:0.000000
40,70:0,70,no_addition,False,0.0,0.0,0.0,0.0,0.0,0.0,0.0,0.0,0.0,0.0,0.6750418326056267,0.5181513925536889,0.2641027359048809,0.2119510011871475,wait:0.000000
40,71:0,71,no_addition,False,0.0,0.0,0.0,0.0,0.0,0.0,0.0,0.0,0.0,0.0,0.5724433221045399,0.5798533147655999,0.1966434629438023,0.18891818549490788,wait:0.000000
40,77:0,77,no_addition,False,0.0,0.0,0.0,0.0,0.0,0.0,0.0,0.0,0.0,0.0,0.6557895980559207,0.5583678345059471,0.22680502196466576,0.27959005577356233,wait:0.000000
40,78:0,78,no_addition,False,0.0,0.0,0.0,0.0,0.0,0.0,0.0,0.0,0.0,0.0,0.6149527470465616,0.34177155101478407,0.24966732629549443,0.3066099241424625,wait:0.000000
40,83:0,83,no_addition,False,0.0,0.0,0.0,0.0,0.0,0.0,0.0,0.0,0.0,0.0,0.6492496307348407,0.3732835456302558,0.33254471762931725,0.16566944905945366,wait:0.000000
40,85:0,85,no_addition,False,0.0,0.0,0.0,0.0,0.0,0.0,0.0,0.0,0.0,0.0,0.6653815322741997,0.581425413119678,0.20909958497958275,0.18528397522787762,wait:0.000000
40,88:0,88,no_addition,False,0.0,0.0,0.0,0.0,0.0,0.0,0.0,0.0,0.0,0.0,0.6663316377708322,0.6852556576707169,0.12534868262092297,0.2075182675250232,wait:0.000000
40,89:0,89,no_addition,False,0.0,0.0,0.0,0.0,0.0,0.0,0.0,0.0,0.0,0.0,0.6154086354683044,0.39401625161170495,0.2224815867294293,0.23257959950918858,wait:0.000000
40,91:0,91,no_addition,False,0.0,0.0,0.0,0.0,0.0,0.0,0.0,0.0,0.0,0.0,0.35086857358249224,0.5025706490777337,0.2828989028082604,0.13555949477546203,wait:0.000000
40,99:0,99,no_addition,False,0.0,0.0,0.0,0.0,0.0,0.0,0.0,0.0,0.0,0.0,0.545919754635573,0.3762047328798433,0.32801517338061686,0.2986910420499687,wait:0.000000
40,101:0,101,no_addition,False,0.0,0.0,0.0,0.0,0.0,0.0,0.0,0.0,0.0,0.0,0.5810976055605849,0.3882687215850596,0.3072729448710695,0.21017157870428096,wait:0.000000
40,102:0,102,no_addition,False,0.0,0.0,0.0,0.0,0.0,0.0,0.0,0.0,0.0,0.0,0.6513672192398829,0.34011089000283523,0.23985665450696353,0.2798511655072161,wait:0.000000
40,103:0,103,no_addition,False,0.0,0.0,0.0,0.0,0.0,0.0,0.0,0.0,0.0,0.0,0.4345318844840096,0.352142200466893,0.3071780557516381,0.2065438493999356,wait:0.000000
40,106:0,106,no_addition,False,0.0,0.0,0.0,0.0,0.0,0.0,0.0,0.0,0.0,0.0,0.5538869960114561,0.4442274283105875,0.2104074641932924,0.13244187247478853,wait:0.000000
40,108:0,108,no_addition,False,0.0,0.0,0.0,0.0,0.0,0.0,0.0,0.0,0.0,0.0,0.662589369414454,0.6511030266015705,0.17469612445993973,0.26131271967635666,wait:0.000000
40,111:0,111,no_addition,False,0.0,0.0,0.0,0.0,0.0,0.0,0.0,0.0,0.0,0.0,0.5796869035044703,0.5398910016347154,0.14769215675894026,0.1264487992349216,wait:0.000000
40,113:0,113,no_addition,False,0.0,0.0,0.0,0.0,0.0,0.0,0.0,0.0,0.0,0.0,0.3188426505463827,0.658115326063435,0.2654550611848953,0.12446771722269334,wait:0.000000
40,117:0,117,no_addition,False,0.0,0.0,0.0,0.0,0.0,0.0,0.0,0.0,0.0,0.0,0.5262276374207189,0.34361268573099335,0.3344849565567116,0.23819627200325658,wait:0.000000
41,0:0,0,no_addition,False,0.0,0.0,0.0,0.0,0.0,0.0,0.0,0.0,0.0,0.0,0.6349269699863758,0.6451027268427387,0.18958490503426,0.22661546330778407,wait:0.000000
41,8:0,8,no_addition,False,0.0,0.0,0.0,0.0,0.0,0.0,0.0,0.0,0.0,0.0,0.3722448780626667,0.3741609179318683,0.12450188797737873,0.268675858392624,wait:0.000000
41,12:0,12,no_addition,False,0.0,0.0,0.0,0.0,0.0,0.0,0.0,0.0,0.0,0.0,0.6937817987812784,0.533729937316545,0.3039036571022257,0.2557276584561406,wait:0.000000
41,15:0,15,no_addition,False,0.0,0.0,0.0,0.0,0.0,0.0,0.0,0.0,0.0,0.0,0.5315402376273212,0.43827277049971713,0.15350122755625317,0.30298658066995987,wait:0.000000
41,17:0,17,no_addition,False,0.0,0.0,0.0,0.0,0.0,0.0,0.0,0.0,0.0,0.0,0.4819935126913222,0.6219505664093764,0.3244303667370665,0.25267729299700975,wait:0.000000
41,20:0,20,no_addition,False,0.0,0.0,0.0,0.0,0.0,0.0,0.0,0.0,0.0,0.0,0.5695092762977207,0.5427465433672397,0.1817366391800946,0.28158208675522445,wait:0.000000
41,31:0,31,no_addition,False,0.0,0.0,0.0,0.0,0.0,0.0,0.0,0.0,0.0,0.0,0.589231730984955,0.6693227769320748,0.20287329459672546,0.1596477209505274,wait:0.000000
41,37:0,37,no_addition,False,0.0,0.0,0.0,0.0,0.0,0.0,0.0,0.0,0.0,0.0,0.6066398133866089,0.6532623452529932,0.3053925153722587,0.16203645934202765,wait:0.000000
41,39:0,39,no_addition,False,0.0,0.0,0.0,0.0,0.0,0.0,0.0,0.0,0.0,0.0,0.37945770070522633,0.5325269746583201,0.1441159877114682,0.2581265639267173,wait:0.000000
41,42:0,42,no_addition,False,0.0,0.0,0.0,0.0,0.0,0.0,0.0,0.0,0.0,0.0,0.31466259977595556,0.46424046267399166,0.2612702822458626,0.13539310923713369,wait:0.000000
41,45:0,45,no_addition,False,0.0,0.0,0.0,0.0,0.0,0.0,0.0,0.0,0.0,0.0,0.6327854347063235,0.527231276761715,0.31173994230001556,0.13645278940660277,wait:0.000000
41,46:0,46,no_addition,False,0.0,0.0,0.0,0.0,0.0,0.0,0.0,0.0,0.0,0.0,0.41247147996441474,0.6846503611583785,0.23669126286736908,0.12787633965132716,wait:0.000000
41,54:0,54,no_addition,False,0.0,0.0,0.0,0.0,0.0,0.0,0.0,0.0,0.0,0.0,0.3104973378290874,0.6254248988225772,0.32626372298888134,0.28028762715313327,wait:0.000000
41,57:0,57,no_addition,False,0.0,0.0,0.0,0.0,0.0,0.0,0.0,0.0,0.0,0.0,0.3674812585006399,0.6063002200099101,0.1419637555088372,0.14083652994445953,wait:0.000000
41,58:0,58,no_addition,False,0.0,0.0,0.0,0.0,0.0,0.0,0.0,0.0,0.0,0.0,0.5698457129212575,0.5086375410968227,0.31770589102444186,0.16866236372747928,wait:0.000000
41,59:0,59,no_addition,False,0.0,0.0,0.0,0.0,0.0,0.0,0.0,0.0,0.0,0.0,0.6502922637422113,0.5324985384558232,0.3003984701500516,0.3307652353400831,wait:0.000000
41,60:0,60,no_addition,False,0.0,0.0,0.0,0.0,0.0,0.0,0.0,0.0,0.0,0.0,0.5345134400782842,0.6524568073919632,0.2785878606586106,0.18337523916769824,wait:0.000000
41,61:0,61,no_addition,False,0.0,0.0,0.0,0.0,0.0,0.0,0.0,0.0,0.0,0.0,0.35466418061386695,0.48525784679251094,0.25711426778410923,0.2818610144285211,wait:0.000000
41,62:0,62,no_addition,False,0.0,0.0,0.0,0.0,0.0,0.0,0.0,0.0,0.0,0.0,0.6737425411252645,0.6467612254331299,0.24181440332422513,0.1305552901432641,wait:0.000000
41,69:0,69,no_addition,False,0.0,0.0,0.0,0.0,0.0,0.0,0.0,0.0,0.0,0.0,0.5522842267235775,0.44811772559250074,0.1600034596194771,0.20616873348956766,wait:0.000000
41,70:0,70,no_addition,False,0.0,0.0,0.0,0.0,0.0,0.0,0.0,0.0,0.0,0.0,0.6750418326056267,0.5181513925536889,0.2641027359048809,0.2119510011871475,wait:0.000000
41,71:0,71,no_addition,False,0.0,0.0,0.0,0.0,0.0,0.0,0.0,0.0,0.0,0.0,0.5724433221045399,0.5798533147655999,0.1966434629438023,0.18891818549490788,wait:0.000000
41,77:0,77,no_addition,False,0.0,0.0,0.0,0.0,0.0,0.0,0.0,0.0,0.0,0.0,0.6557895980559207,0.5583678345059471,0.22680502196466576,0.27959005577356233,wait:0.000000
41,78:0,78,no_addition,False,0.0,0.0,0.0,0.0,0.0,0.0,0.0,0.0,0.0,0.0,0.6149527470465616,0.34177155101478407,0.24966732629549443,0.3066099241424625,wait:0.000000
41,83:0,83,no_addition,False,0.0,0.0,0.0,0.0,0.0,0.0,0.0,0.0,0.0,0.0,0.6492496307348407,0.3732835456302558,0.33254471762931725,0.16566944905945366,wait:0.000000
41,85:0,85,no_addition,False,0.0,0.0,0.0,0.0,0.0,0.0,0.0,0.0,0.0,0.0,0.6653815322741997,0.581425413119678,0.20909958497958275,0.18528397522787762,wait:0.000000
41,88:0,88,no_addition,False,0.0,0.0,0.0,0.0,0.0,0.0,0.0,0.0,0.0,0.0,0.6663316377708322,0.6852556576707169,0.12534868262092297,0.2075182675250232,wait:0.000000
41,89:0,89,no_addition,False,0.0,0.0,0.0,0.0,0.0,0.0,0.0,0.0,0.0,0.0,0.6154086354683044,0.39401625161170495,0.2224815867294293,0.23257959950918858,wait:0.000000
41,91:0,91,no_addition,False,0.0,0.0,0.0,0.0,0.0,0.0,0.0,0.0,0.0,0.0,0.35086857358249224,0.5025706490777337,0.2828989028082604,0.13555949477546203,wait:0.000000
41,99:0,99,no_addition,False,0.0,0.0,0.0,0.0,0.0,0.0,0.0,0.0,0.0,0.0,0.545919754635573,0.3762047328798433,0.32801517338061686,0.2986910420499687,wait:0.000000
41,101:0,101,no_addition,False,0.0,0.0,0.0,0.0,0.0,0.0,0.0,0.0,0.0,0.0,0.5810976055605849,0.3882687215850596,0.3072729448710695,0.21017157870428096,wait:0.000000
41,102:0,102,no_addition,False,0.0,0.0,0.0,0.0,0.0,0.0,0.0,0.0,0.0,0.0,0.6513672192398829,0.34011089000283523,0.23985665450696353,0.2798511655072161,wait:0.000000
41,103:0,103,no_addition,False,0.0,0.0,0.0,0.0,0.0,0.0,0.0,0.0,0.0,0.0,0.4345318844840096,0.352142200466893,0.3071780557516381,0.2065438493999356,wait:0.000000
41,106:0,106,no_addition,False,0.0,0.0,0.0,0.0,0.0,0.0,0.0,0.0,0.0,0.0,0.5538869960114561,0.4442274283105875,0.2104074641932924,0.13244187247478853,wait:0.000000
41,108:0,108,no_addition,False,0.0,0.0,0.0,0.0,0.0,0.0,0.0,0.0,0.0,0.0,0.662589369414454,0.6511030266015705,0.17469612445993973,0.26131271967635666,wait:0.000000
41,111:0,111,no_addition,False,0.0,0.0,0.0,0.0,0.0,0.0,0.0,0.0,0.0,0.0,0.5796869035044703,0.5398910016347154,0.14769215675894026,0.1264487992349216,wait:0.000000
41,113:0,113,no_addition,False,0.0,0.0,0.0,0.0,0.0,0.0,0.0,0.0,0.0,0.0,0.3188426505463827,0.658115326063435,0.2654550611848953,0.12446771722269334,wait:0.000000
41,117:0,117,no_addition,False,0.0,0.0,0.0,0.0,0.0,0.0,0.0,0.0,0.0,0.0,0.5262276374207189,0.34361268573099335,0.3344849565567116,0.23819627200325658,wait:0.000000
42,0:0,0,no_addition,False,0.0,0.0,0.0,0.0,0.0,0.0,0.0,0.0,0.0,0.0,0.6349269699863758,0.6451027268427387,0.18958490503426,0.22661546330778407,wait:0.000000
42,8:0,8,no_addition,False,0.0,0.0,0.0,0.0,0.0,0.0,0.0,0.0,0.0,0.0,0.3722448780626667,0.3741609179318683,0.12450188797737873,0.268675858392624,wait:0.000000
42,12:0,12,no_addition,False,0.0,0.0,0.0,0.0,0.0,0.0,0.0,0.0,0.0,0.0,0.6937817987812784,0.533729937316545,0.3039036571022257,0.2557276584561406,wait:0.000000
42,15:0,15,no_addition,False,0.0,0.0,0.0,0.0,0.0,0.0,0.0,0.0,0.0,0.0,0.5315402376273212,0.43827277049971713,0.15350122755625317,0.30298658066995987,wait:0.000000
42,17:0,17,no_addition,False,0.0,0.0,0.0,0.0,0.0,0.0,0.0,0.0,0.0,0.0,0.4819935126913222,0.6219505664093764,0.3244303667370665,0.25267729299700975,wait:0.000000
42,20:0,20,no_addition,False,0.0,0.0,0.0,0.0,0.0,0.0,0.0,0.0,0.0,0.0,0.5695092762977207,0.5427465433672397,0.1817366391800946,0.28158208675522445,wait:0.000000
42,31:0,31,no_addition,False,0.0,0.0,0.0,0.0,0.0,0.0,0.0,0.0,0.0,0.0,0.589231730984955,0.6693227769320748,0.20287329459672546,0.1596477209505274,wait:0.000000
42,37:0,37,no_addition,False,0.0,0.0,0.0,0.0,0.0,0.0,0.0,0.0,0.0,0.0,0.6066398133866089,0.6532623452529932,0.3053925153722587,0.16203645934202765,wait:0.000000
42,39:0,39,no_addition,False,0.0,0.0,0.0,0.0,0.0,0.0,0.0,0.0,0.0,0.0,0.37945770070522633,0.5325269746583201,0.1441159877114682,0.2581265639267173,wait:0.000000
42,42:0,42,no_addition,False,0.0,0.0,0.0,0.0,0.0,0.0,0.0,0.0,0.0,0.0,0.31466259977595556,0.46424046267399166,0.2612702822458626,0.13539310923713369,wait:0.000000
42,45:0,45,no_addition,False,0.0,0.0,0.0,0.0,0.0,0.0,0.0,0.0,0.0,0.0,0.6327854347063235,0.527231276761715,0.31173994230001556,0.13645278940660277,wait:0.000000
42,46:0,46,no_addition,False,0.0,0.0,0.0,0.0,0.0,0.0,0.0,0.0,0.0,0.0,0.41247147996441474,0.6846503611583785,0.23669126286736908,0.12787633965132716,wait:0.000000
42,54:0,54,no_addition,False,0.0,0.0,0.0,0.0,0.0,0.0,0.0,0.0,0.0,0.0,0.3104973378290874,0.6254248988225772,0.32626372298888134,0.28028762715313327,wait:0.000000
42,57:0,57,no_addition,False,0.0,0.0,0.0,0.0,0.0,0.0,0.0,0.0,0.0,0.0,0.3674812585006399,0.6063002200099101,0.1419637555088372,0.14083652994445953,wait:0.000000
42,58:0,58,no_addition,False,0.0,0.0,0.0,0.0,0.0,0.0,0.0,0.0,0.0,0.0,0.5698457129212575,0.5086375410968227,0.31770589102444186,0.16866236372747928,wait:0.000000
42,59:0,59,no_addition,False,0.0,0.0,0.0,0.0,0.0,0.0,0.0,0.0,0.0,0.0,0.6502922637422113,0.5324985384558232,0.3003984701500516,0.3307652353400831,wait:0.000000
42,60:0,60,no_addition,False,0.0,0.0,0.0,0.0,0.0,0.0,0.0,0.0,0.0,0.0,0.5345134400782842,0.6524568073919632,0.2785878606586106,0.18337523916769824,wait:0.000000
42,61:0,61,no_addition,False,0.0,0.0,0.0,0.0,0.0,0.0,0.0,0.0,0.0,0.0,0.35466418061386695,0.48525784679251094,0.25711426778410923,0.2818610144285211,wait:0.000000
42,62:0,62,no_addition,False,0.0,0.0,0.0,0.0,0.0,0.0,0.0,0.0,0.0,0.0,0.6737425411252645,0.6467612254331299,0.24181440332422513,0.1305552901432641,wait:0.000000
42,69:0,69,no_addition,False,0.0,0.0,0.0,0.0,0.0,0.0,0.0,0.0,0.0,0.0,0.5522842267235775,0.44811772559250074,0.1600034596194771,0.20616873348956766,wait:0.000000
42,70:0,70,no_addition,False,0.0,0.0,0.0,0.0,0.0,0.0,0.0,0.0,0.0,0.0,0.6750418326056267,0.5181513925536889,0.2641027359048809,0.2119510011871475,wait:0.000000
42,71:0,71,no_addition,False,0.0,0.0,0.0,0.0,0.0,0.0,0.0,0.0,0.0,0.0,0.5724433221045399,0.5798533147655999,0.1966434629438023,0.18891818549490788,wait:0.000000
42,77:0,77,no_addition,False,0.0,0.0,0.0,0.0,0.0,0.0,0.0,0.0,0.0,0.0,0.6557895980559207,0.5583678345059471,0.22680502196466576,0.27959005577356233,wait:0.000000
42,78:0,78,no_addition,False,0.0,0.0,0.0,0.0,0.0,0.0,0.0,0.0,0.0,0.0,0.6149527470465616,0.34177155101478407,0.24966732629549443,0.3066099241424625,wait:0.000000
42,83:0,83,no_addition,False,0.0,0.0,0.0,0.0,0.0,0.0,0.0,0.0,0.0,0.0,0.6492496307348407,0.3732835456302558,0.33254471762931725,0.16566944905945366,wait:0.000000
42,85:0,85,no_addition,False,0.0,0.0,0.0,0.0,0.0,0.0,0.0,0.0,0.0,0.0,0.6653815322741997,0.581425413119678,0.20909958497958275,0.18528397522787762,wait:0.000000
42,88:0,88,no_addition,False,0.0,0.0,0.0,0.0,0.0,0.0,0.0,0.0,0.0,0.0,0.6663316377708322,0.6852556576707169,0.12534868262092297,0.2075182675250232,wait:0.000000
42,89:0,89,no_addition,False,0.0,0.0,0.0,0.0,0.0,0.0,0.0,0.0,0.0,0.0,0.6154086354683044,0.39401625161170495,0.2224815867294293,0.23257959950918858,wait:0.000000
42,91:0,91,no_addition,False,0.0,0.0,0.0,0.0,0.0,0.0,0.0,0.0,0.0,0.0,0.35086857358249224,0.5025706490777337,0.2828989028082604,0.13555949477546203,wait:0.000000
42,99:0,99,no_addition,False,0.0,0.0,0.0,0.0,0.0,0.0,0.0,0.0,0.0,0.0,0.545919754635573,0.3762047328798433,0.32801517338061686,0.2986910420499687,wait:0.000000
42,101:0,101,no_addition,False,0.0,0.0,0.0,0.0,0.0,0.0,0.0,0.0,0.0,0.0,0.5810976055605849,0.3882687215850596,0.3072729448710695,0.21017157870428096,wait:0.000000
42,102:0,102,no_addition,False,0.0,0.0,0.0,0.0,0.0,0.0,0.0,0.0,0.0,0.0,0.6513672192398829,0.34011089000283523,0.23985665450696353,0.2798511655072161,wait:0.000000
42,103:0,103,no_addition,False,0.0,0.0,0.0,0.0,0.0,0.0,0.0,0.0,0.0,0.0,0.4345318844840096,0.352142200466893,0.3071780557516381,0.2065438493999356,wait:0.000000
42,106:0,106,no_addition,False,0.0,0.0,0.0,0.0,0.0,0.0,0.0,0.0,0.0,0.0,0.5538869960114561,0.4442274283105875,0.2104074641932924,0.13244187247478853,wait:0.000000
42,108:0,108,no_addition,False,0.0,0.0,0.0,0.0,0.0,0.0,0.0,0.0,0.0,0.0,0.662589369414454,0.6511030266015705,0.17469612445993973,0.26131271967635666,wait:0.000000
42,111:0,111,no_addition,False,0.0,0.0,0.0,0.0,0.0,0.0,0.0,0.0,0.0,0.0,0.5796869035044703,0.5398910016347154,0.14769215675894026,0.1264487992349216,wait:0.000000
42,113:0,113,no_addition,False,0.0,0.0,0.0,0.0,0.0,0.0,0.0,0.0,0.0,0.0,0.3188426505463827,0.658115326063435,0.2654550611848953,0.12446771722269334,wait:0.000000
42,117:0,117,no_addition,False,0.0,0.0,0.0,0.0,0.0,0.0,0.0,0.0,0.0,0.0,0.5262276374207189,0.34361268573099335,0.3344849565567116,0.23819627200325658,wait:0.000000
43,0:0,0,no_addition,False,0.0,0.0,0.0,0.0,0.0,0.0,0.0,0.0,0.0,0.0,0.6349269699863758,0.6451027268427387,0.18958490503426,0.22661546330778407,wait:0.000000
43,8:0,8,no_addition,False,0.0,0.0,0.0,0.0,0.0,0.0,0.0,0.0,0.0,0.0,0.3722448780626667,0.3741609179318683,0.12450188797737873,0.268675858392624,wait:0.000000
43,12:0,12,no_addition,False,0.0,0.0,0.0,0.0,0.0,0.0,0.0,0.0,0.0,0.0,0.6937817987812784,0.533729937316545,0.3039036571022257,0.2557276584561406,wait:0.000000
43,15:0,15,no_addition,False,0.0,0.0,0.0,0.0,0.0,0.0,0.0,0.0,0.0,0.0,0.5315402376273212,0.43827277049971713,0.15350122755625317,0.30298658066995987,wait:0.000000
43,17:0,17,no_addition,False,0.0,0.0,0.0,0.0,0.0,0.0,0.0,0.0,0.0,0.0,0.4819935126913222,0.6219505664093764,0.3244303667370665,0.25267729299700975,wait:0.000000
43,20:0,20,no_addition,False,0.0,0.0,0.0,0.0,0.0,0.0,0.0,0.0,0.0,0.0,0.5695092762977207,0.5427465433672397,0.1817366391800946,0.28158208675522445,wait:0.000000
43,31:0,31,no_addition,False,0.0,0.0,0.0,0.0,0.0,0.0,0.0,0.0,0.0,0.0,0.589231730984955,0.6693227769320748,0.20287329459672546,0.1596477209505274,wait:0.000000
43,37:0,37,no_addition,False,0.0,0.0,0.0,0.0,0.0,0.0,0.0,0.0,0.0,0.0,0.6066398133866089,0.6532623452529932,0.3053925153722587,0.16203645934202765,wait:0.000000
43,39:0,39,no_addition,False,0.0,0.0,0.0,0.0,0.0,0.0,0.0,0.0,0.0,0.0,0.37945770070522633,0.5325269746583201,0.1441159877114682,0.2581265639267173,wait:0.000000
43,42:0,42,no_addition,False,0.0,0.0,0.0,0.0,0.0,0.0,0.0,0.0,0.0,0.0,0.31466259977595556,0.46424046267399166,0.2612702822458626,0.13539310923713369,wait:0.000000
43,45:0,45,no_addition,False,0.0,0.0,0.0,0.0,0.0,0.0,0.0,0.0,0.0,0.0,0.6327854347063235,0.527231276761715,0.31173994230001556,0.13645278940660277,wait:0.000000
43,46:0,46,no_addition,False,0.0,0.0,0.0,0.0,0.0,0.0,0.0,0.0,0.0,0.0,0.41247147996441474,0.6846503611583785,0.23669126286736908,0.12787633965132716,wait:0.000000
43,54:0,54,no_addition,False,0.0,0.0,0.0,0.0,0.0,0.0,0.0,0.0,0.0,0.0,0.3104973378290874,0.6254248988225772,0.32626372298888134,0.28028762715313327,wait:0.000000
43,57:0,57,no_addition,False,0.0,0.0,0.0,0.0,0.0,0.0,0.0,0.0,0.0,0.0,0.3674812585006399,0.6063002200099101,0.1419637555088372,0.14083652994445953,wait:0.000000
43,58:0,58,no_addition,False,0.0,0.0,0.0,0.0,0.0,0.0,0.0,0.0,0.0,0.0,0.5698457129212575,0.5086375410968227,0.31770589102444186,0.16866236372747928,wait:0.000000
43,59:0,59,no_addition,False,0.0,0.0,0.0,0.0,0.0,0.0,0.0,0.0,0.0,0.0,0.6502922637422113,0.5324985384558232,0.3003984701500516,0.3307652353400831,wait:0.000000
43,60:0,60,no_addition,False,0.0,0.0,0.0,0.0,0.0,0.0,0.0,0.0,0.0,0.0,0.5345134400782842,0.6524568073919632,0.2785878606586106,0.18337523916769824,wait:0.000000
43,61:0,61,no_addition,False,0.0,0.0,0.0,0.0,0.0,0.0,0.0,0.0,0.0,0.0,0.35466418061386695,0.48525784679251094,0.25711426778410923,0.2818610144285211,wait:0.000000
43,62:0,62,no_addition,False,0.0,0.0,0.0,0.0,0.0,0.0,0.0,0.0,0.0,0.0,0.6737425411252645,0.6467612254331299,0.24181440332422513,0.1305552901432641,wait:0.000000
43,69:0,69,no_addition,False,0.0,0.0,0.0,0.0,0.0,0.0,0.0,0.0,0.0,0.0,0.5522842267235775,0.44811772559250074,0.1600034596194771,0.20616873348956766,wait:0.000000
43,70:0,70,no_addition,False,0.0,0.0,0.0,0.0,0.0,0.0,0.0,0.0,0.0,0.0,0.6750418326056267,0.5181513925536889,0.2641027359048809,0.2119510011871475,wait:0.000000
43,71:0,71,no_addition,False,0.0,0.0,0.0,0.0,0.0,0.0,0.0,0.0,0.0,0.0,0.5724433221045399,0.5798533147655999,0.1966434629438023,0.18891818549490788,wait:0.000000
43,77:0,77,no_addition,False,0.0,0.0,0.0,0.0,0.0,0.0,0.0,0.0,0.0,0.0,0.6557895980559207,0.5583678345059471,0.22680502196466576,0.27959005577356233,wait:0.000000
43,78:0,78,no_addition,False,0.0,0.0,0.0,0.0,0.0,0.0,0.0,0.0,0.0,0.0,0.6149527470465616,0.34177155101478407,0.24966732629549443,0.3066099241424625,wait:0.000000
43,83:0,83,no_addition,False,0.0,0.0,0.0,0.0,0.0,0.0,0.0,0.0,0.0,0.0,0.6492496307348407,0.3732835456302558,0.33254471762931725,0.16566944905945366,wait:0.000000
43,85:0,85,no_addition,False,0.0,0.0,0.0,0.0,0.0,0.0,0.0,0.0,0.0,0.0,0.6653815322741997,0.581425413119678,0.20909958497958275,0.18528397522787762,wait:0.000000
43,88:0,88,no_addition,False,0.0,0.0,0.0,0.0,0.0,0.0,0.0,0.0,0.0,0.0,0.6663316377708322,0.6852556576707169,0.12534868262092297,0.2075182675250232,wait:0.000000
43,89:0,89,no_addition,False,0.0,0.0,0.0,0.0,0.0,0.0,0.0,0.0,0.0,0.0,0.6154086354683044,0.39401625161170495,0.2224815867294293,0.23257959950918858,wait:0.000000
43,91:0,91,no_addition,False,0.0,0.0,0.0,0.0,0.0,0.0,0.0,0.0,0.0,0.0,0.35086857358249224,0.5025706490777337,0.2828989028082604,0.13555949477546203,wait:0.000000
43,99:0,99,no_addition,False,0.0,0.0,0.0,0.0,0.0,0.0,0.0,0.0,0.0,0.0,0.545919754635573,0.3762047328798433,0.32801517338061686,0.2986910420499687,wait:0.000000
43,101:0,101,no_addition,False,0.0,0.0,0.0,0.0,0.0,0.0,0.0,0.0,0.0,0.0,0.5810976055605849,0.3882687215850596,0.3072729448710695,0.21017157870428096,wait:0.000000
43,102:0,102,no_addition,False,0.0,0.0,0.0,0.0,0.0,0.0,0.0,0.0,0.0,0.0,0.6513672192398829,0.34011089000283523,0.23985665450696353,0.2798511655072161,wait:0.000000
43,103:0,103,no_addition,False,0.0,0.0,0.0,0.0,0.0,0.0,0.0,0.0,0.0,0.0,0.4345318844840096,0.352142200466893,0.3071780557516381,0.2065438493999356,wait:0.000000
43,106:0,106,no_addition,False,0.0,0.0,0.0,0.0,0.0,0.0,0.0,0.0,0.0,0.0,0.5538869960114561,0.4442274283105875,0.2104074641932924,0.13244187247478853,wait:0.000000
43,108:0,108,no_addition,False,0.0,0.0,0.0,0.0,0.0,0.0,0.0,0.0,0.0,0.0,0.662589369414454,0.6511030266015705,0.17469612445993973,0.26131271967635666,wait:0.000000
43,111:0,111,no_addition,False,0.0,0.0,0.0,0.0,0.0,0.0,0.0,0.0,0.0,0.0,0.5796869035044703,0.5398910016347154,0.14769215675894026,0.1264487992349216,wait:0.000000
43,113:0,113,no_addition,False,0.0,0.0,0.0,0.0,0.0,0.0,0.0,0.0,0.0,0.0,0.3188426505463827,0.658115326063435,0.2654550611848953,0.12446771722269334,wait:0.000000
43,117:0,117,no_addition,False,0.0,0.0,0.0,0.0,0.0,0.0,0.0,0.0,0.0,0.0,0.5262276374207189,0.34361268573099335,0.3344849565567116,0.23819627200325658,wait:0.000000
44,0:0,0,no_addition,False,0.0,0.0,0.0,0.0,0.0,0.0,0.0,0.0,0.0,0.0,0.6349269699863758,0.6451027268427387,0.18958490503426,0.22661546330778407,wait:0.000000
44,8:0,8,no_addition,False,0.0,0.0,0.0,0.0,0.0,0.0,0.0,0.0,0.0,0.0,0.3722448780626667,0.3741609179318683,0.12450188797737873,0.268675858392624,wait:0.000000
44,12:0,12,no_addition,False,0.0,0.0,0.0,0.0,0.0,0.0,0.0,0.0,0.0,0.0,0.6937817987812784,0.533729937316545,0.3039036571022257,0.2557276584561406,wait:0.000000
44,15:0,15,no_addition,False,0.0,0.0,0.0,0.0,0.0,0.0,0.0,0.0,0.0,0.0,0.5315402376273212,0.43827277049971713,0.15350122755625317,0.30298658066995987,wait:0.000000
44,17:0,17,no_addition,False,0.0,0.0,0.0,0.0,0.0,0.0,0.0,0.0,0.0,0.0,0.4819935126913222,0.6219505664093764,0.3244303667370665,0.25267729299700975,wait:0.000000
44,20:0,20,no_addition,False,0.0,0.0,0.0,0.0,0.0,0.0,0.0,0.0,0.0,0.0,0.5695092762977207,0.5427465433672397,0.1817366391800946,0.28158208675522445,wait:0.000000
44,31:0,31,no_addition,False,0.0,0.0,0.0,0.0,0.0,0.0,0.0,0.0,0.0,0.0,0.589231730984955,0.6693227769320748,0.20287329459672546,0.1596477209505274,wait:0.000000
44,37:0,37,no_addition,False,0.0,0.0,0.0,0.0,0.0,0.0,0.0,0.0,0.0,0.0,0.6066398133866089,0.6532623452529932,0.3053925153722587,0.16203645934202765,wait:0.000000
44,39:0,39,no_addition,False,0.0,0.0,0.0,0.0,0.0,0.0,0.0,0.0,0.0,0.0,0.37945770070522633,0.5325269746583201,0.1441159877114682,0.2581265639267173,wait:0.000000
44,42:0,42,no_addition,False,0.0,0.0,0.0,0.0,0.0,0.0,0.0,0.0,0.0,0.0,0.31466259977595556,0.46424046267399166,0.2612702822458626,0.13539310923713369,wait:0.000000
44,45:0,45,no_addition,False,0.0,0.0,0.0,0.0,0.0,0.0,0.0,0.0,0.0,0.0,0.6327854347063235,0.527231276761715,0.31173994230001556,0.13645278940660277,wait:0.000000
44,46:0,46,no_addition,False,0.0,0.0,0.0,0.0,0.0,0.0,0.0,0.0,0.0,0.0,0.41247147996441474,0.6846503611583785,0.23669126286736908,0.12787633965132716,wait:0.000000
44,54:0,54,no_addition,False,0.0,0.0,0.0,0.0,0.0,0.0,0.0,0.0,0.0,0.0,0.3104973378290874,0.6254248988225772,0.32626372298888134,0.28028762715313327,wait:0.000000
44,57:0,57,no_addition,False,0.0,0.0,0.0,0.0,0.0,0.0,0.0,0.0,0.0,0.0,0.3674812585006399,0.6063002200099101,0.1419637555088372,0.14083652994445953,wait:0.000000
44,58:0,58,no_addition,False,0.0,0.0,0.0,0.0,0.0,0.0,0.0,0.0,0.0,0.0,0.5698457129212575,0.5086375410968227,0.31770589102444186,0.16866236372747928,wait:0.000000
44,59:0,59,no_addition,False,0.0,0.0,0.0,0.0,0.0,0.0,0.0,0.0,0.0,0.0,0.6502922637422113,0.5324985384558232,0.3003984701500516,0.3307652353400831,wait:0.000000
44,60:0,60,no_addition,False,0.0,0.0,0.0,0.0,0.0,0.0,0.0,0.0,0.0,0.0,0.5345134400782842,0.6524568073919632,0.2785878606586106,0.18337523916769824,wait:0.000000
44,61:0,61,no_addition,False,0.0,0.0,0.0,0.0,0.0,0.0,0.0,0.0,0.0,0.0,0.35466418061386695,0.48525784679251094,0.25711426778410923,0.2818610144285211,wait:0.000000
44,62:0,62,no_addition,False,0.0,0.0,0.0,0.0,0.0,0.0,0.0,0.0,0.0,0.0,0.6737425411252645,0.6467612254331299,0.24181440332422513,0.1305552901432641,wait:0.000000
44,69:0,69,no_addition,False,0.0,0.0,0.0,0.0,0.0,0.0,0.0,0.0,0.0,0.0,0.5522842267235775,0.44811772559250074,0.1600034596194771,0.20616873348956766,wait:0.000000
44,70:0,70,no_addition,False,0.0,0.0,0.0,0.0,0.0,0.0,0.0,0.0,0.0,0.0,0.6750418326056267,0.5181513925536889,0.2641027359048809,0.2119510011871475,wait:0.000000
44,71:0,71,no_addition,False,0.0,0.0,0.0,0.0,0.0,0.0,0.0,0.0,0.0,0.0,0.5724433221045399,0.5798533147655999,0.1966434629438023,0.18891818549490788,wait:0.000000
44,77:0,77,no_addition,False,0.0,0.0,0.0,0.0,0.0,0.0,0.0,0.0,0.0,0.0,0.6557895980559207,0.5583678345059471,0.22680502196466576,0.27959005577356233,wait:0.000000
44,78:0,78,no_addition,False,0.0,0.0,0.0,0.0,0.0,0.0,0.0,0.0,0.0,0.0,0.6149527470465616,0.34177155101478407,0.24966732629549443,0.3066099241424625,wait:0.000000
44,83:0,83,no_addition,False,0.0,0.0,0.0,0.0,0.0,0.0,0.0,0.0,0.0,0.0,0.6492496307348407,0.3732835456302558,0.33254471762931725,0.16566944905945366,wait:0.000000
44,85:0,85,no_addition,False,0.0,0.0,0.0,0.0,0.0,0.0,0.0,0.0,0.0,0.0,0.6653815322741997,0.581425413119678,0.20909958497958275,0.18528397522787762,wait:0.000000
44,88:0,88,no_addition,False,0.0,0.0,0.0,0.0,0.0,0.0,0.0,0.0,0.0,0.0,0.6663316377708322,0.6852556576707169,0.12534868262092297,0.2075182675250232,wait:0.000000
44,89:0,89,no_addition,False,0.0,0.0,0.0,0.0,0.0,0.0,0.0,0.0,0.0,0.0,0.6154086354683044,0.39401625161170495,0.2224815867294293,0.23257959950918858,wait:0.000000
44,91:0,91,no_addition,False,0.0,0.0,0.0,0.0,0.0,0.0,0.0,0.0,0.0,0.0,0.35086857358249224,0.5025706490777337,0.2828989028082604,0.13555949477546203,wait:0.000000
44,99:0,99,no_addition,False,0.0,0.0,0.0,0.0,0.0,0.0,0.0,0.0,0.0,0.0,0.545919754635573,0.3762047328798433,0.32801517338061686,0.2986910420499687,wait:0.000000
44,101:0,101,no_addition,False,0.0,0.0,0.0,0.0,0.0,0.0,0.0,0.0,0.0,0.0,0.5810976055605849,0.3882687215850596,0.3072729448710695,0.21017157870428096,wait:0.000000
44,102:0,102,no_addition,False,0.0,0.0,0.0,0.0,0.0,0.0,0.0,0.0,0.0,0.0,0.6513672192398829,0.34011089000283523,0.23985665450696353,0.2798511655072161,wait:0.000000
44,103:0,103,no_addition,False,0.0,0.0,0.0,0.0,0.0,0.0,0.0,0.0,0.0,0.0,0.4345318844840096,0.352142200466893,0.3071780557516381,0.2065438493999356,wait:0.000000
44,106:0,106,no_addition,False,0.0,0.0,0.0,0.0,0.0,0.0,0.0,0.0,0.0,0.0,0.5538869960114561,0.4442274283105875,0.2104074641932924,0.13244187247478853,wait:0.000000
44,108:0,108,no_addition,False,0.0,0.0,0.0,0.0,0.0,0.0,0.0,0.0,0.0,0.0,0.662589369414454,0.6511030266015705,0.17469612445993973,0.26131271967635666,wait:0.000000
44,111:0,111,no_addition,False,0.0,0.0,0.0,0.0,0.0,0.0,0.0,0.0,0.0,0.0,0.5796869035044703,0.5398910016347154,0.14769215675894026,0.1264487992349216,wait:0.000000
44,113:0,113,no_addition,False,0.0,0.0,0.0,0.0,0.0,0.0,0.0,0.0,0.0,0.0,0.3188426505463827,0.658115326063435,0.2654550611848953,0.12446771722269334,wait:0.000000
44,117:0,117,no_addition,False,0.0,0.0,0.0,0.0,0.0,0.0,0.0,0.0,0.0,0.0,0.5262276374207189,0.34361268573099335,0.3344849565567116,0.23819627200325658,wait:0.000000
