time,case_id,employee,selected,material_known,social_d,social_e,pending_d,pending_e,recent_d,recent_e,success_d,success_e,failure_d,failure_e,p_d,p_e,cost_d,cost_e,utilities
0,15:0,15,e,False,0.0,0.0,0.0,0.0,0.0,0.0,0.0,0.0,0.0,0.0,0.30043798492935614,0.6694727934678937,0.20696674100377374,0.30487527217243027,wait:0.000000;d:0.063525;e:0.297868;d+e:0.178356
0,37:0,37,d,False,0.0,0.0,0.0,0.0,0.0,0.0,0.0,0.0,0.0,0.0,0.6966761270580661,0.34770380697920256,0.2055414393880601,0.3819427469962634,wait:0.000000;d:0.421693
0,122:0,122,d,False,0.0,0.0,0.0,0.0,0.0,0.0,0.0,0.0,0.0,0.0,0.4635787531968371,0.24744623982210512,0.30527671861823186,0.3440753588719599,wait:0.000000;d:0.112095;e:-0.121293;d+e:-0.122182
0,168:0,168,e,False,0.0,0.0,0.0,0.0,0.0,0.0,0.0,0.0,0.0,0.0,0.292630080354969,0.714687257737433,0.2124602298368124,0.3434550845162469,wait:0.000000;d:0.051002;e:0.299995;d+e:0.161472
0,172:0,172,d,False,0.0,0.0,0.0,0.0,0.0,0.0,0.0,0.0,0.0,0.0,0.6772496681637501,0.8000124399204316,0.25807518197125545,0.16465395119231233,wait:0.000000;d:0.351669
0,178:0,178,e,False,0.0,0.0,0.0,0.0,0.0,0.0,0.0,0.0,0.0,0.0,0.24751995226350382,0.6128680806839006,0.30242028894009604,0.26244031453647154,wait:0.000000;d:-0.079572;e:0.289340;d+e:0.066805
1,55:0,55,e,False,0.0,0.0,0.0,0.0,0.0,0.0,0.0,0.0,0.0,0.0,0.4575149512346959,0.5774854911041873,0.27604848689772193,0.21149207820782978,wait:0.000000;d:0.135863;e:0.308432;d+e:0.210133
1,58:0,58,d,False,0.0,0.0,0.0,0.0,0.0,0.0,0.0,0.0,0.0,0.0,0.7287979765855004,0.3168892329481223,0.22916244037719172,0.25204918347217453,wait:0.000000;d:0.426992;e:0.033254;d+e:0.253043
1,103:0,103,d,False,0.0,0.0,0.0,0.0,0.0,0.0,0.0,0.0,0.0,0.0,0.7013340584825343,0.46381004191287545,0.2629746714295532,0.2618007453015172,wait:0.000000;d:0.368454;e:0.155779;d+e:0.240561
1,108:0,108,e,False,0.0,0.0,0.0,0.0,0.0,0.0,0.0,0.0,0.0,0.0,0.35572902033027753,0.5585858136843243,0.4051152694937241,0.34700663599438875,wait:0.000000;d:-0.084844;e:0.155902;d+e:-0.110009
1,159:0,159,d,False,0.0,0.0,0.0,0.0,0.0,0.0,0.0,0.0,0.0,0.0,0.7820446497530293,0.7545088473815509,0.3379496723410936,0.4064367469037631,wait:0.000000;d:0.366144;e:0.272866;d+e:0.140717
1,170:0,170,d,False,0.0,0.0,0.0,0.0,0.0,0.0,0.0,0.0,0.0,0.0,0.5086100046936499,0.4051155287561089,0.3137915355224336,0.3714260410134784,wait:0.000000;d:0.144123
1,201:0,201,e,False,0.0,0.0,0.0,0.0,0.0,0.0,0.0,0.0,0.0,0.0,0.2468416151391679,0.3791861288622632,0.20072772104470216,0.20987555220806772,wait:0.000000;d:0.021510;e:0.131515;d+e:0.057155
1,207:0,207,d,False,0.0,0.0,0.0,0.0,0.0,0.0,0.0,0.0,0.0,0.0,0.6384098086343788,0.4328621151935302,0.22389468572080504,0.4123575006396421,wait:0.000000;d:0.350881
1,227:0,227,no_addition,False,0.0,0.0,0.0,0.0,0.0,0.0,0.0,0.0,0.0,0.0,0.3036138572423417,0.47420316210613983,0.28280812642659486,0.19354397946438265,wait:0.000000;d:-0.009457
2,42:0,42,d,False,0.0,0.0,0.0,0.0,0.0,0.0,0.0,0.0,0.0,0.0,0.5815746493370327,0.232272433208347,0.3370247532265757,0.2534510171764107,wait:0.000000;d:0.186581;e:-0.044330;d+e:0.012754
2,62:0,62,d,False,0.125,0.0,0.125,0.0,0.125,0.0,0.0,0.0,0.0,0.0,0.5308201825849352,0.2331854303146843,0.17846730596097496,0.2900535349062379,wait:0.000000;d:0.299443;e:-0.080111;d+e:0.098998
2,76:0,76,d,False,0.0,0.0,0.0,0.0,0.0,0.0,0.0,0.0,0.0,0.0,0.7278912674400764,0.7128725717363582,0.21683692367874113,0.43043667868936064,wait:0.000000;d:0.438501;e:0.211380;d+e:0.209274
2,218:0,218,d,False,0.0,0.0,0.0,0.0,0.0,0.0,0.0,0.0,0.0,0.0,0.5478474919216988,0.6953990924246174,0.22402292046599662,0.387614879129818,wait:0.000000;d:0.269218;e:0.238470;d+e:0.178877
2,227:0,227,no_addition,False,0.0,0.0,0.0,0.0,0.0,0.0,0.0,0.0,0.0,0.0,0.3036138572423417,0.47420316210613983,0.28280812642659486,0.19354397946438265,wait:0.000000;d:-0.009457
2,228:0,228,e,False,0.0,0.0,0.0,0.0,0.0,0.0,0.0,0.0,0.0,0.0,0.3579346409636527,0.5793814834388675,0.26992991629460844,0.28904267863320765,wait:0.000000;d:0.052327;e:0.232589;d+e:0.096817
3,15:0,15,no_addition,False,0.0,0.0,0.0,0.0,0.0,0.0,0.0,0.0,0.0,0.0,0.30043798492935614,0.6694727934678937,0.20696674100377374,0.30487527217243027,wait:0.646447;d:0.515113
3,36:0,36,d,False,0.0,0.0,0.0,0.0,0.0,0.0,0.0,0.0,0.0,0.0,0.6024611082725279,0.3836680873249898,0.40868282925775223,0.41900053739797377,wait:0.000000;d:0.133728;e:-0.073575;d+e:-0.147210
3,37:0,37,no_addition,False,0.09090909090909091,0.0,0.09090909090909091,0.0,0.09090909090909091,0.0,0.0,0.0,0.0,0.0,0.6966761270580661,0.34770380697920256,0.2018043223082772,0.3819427469962634,wait:0.672714
3,113:0,113,d,False,0.0,0.0,0.0,0.0,0.0,0.0,0.0,0.0,0.0,0.0,0.5924914639605965,0.22624561894530365,0.20984774826084393,0.2769766022858965,wait:0.000000;d:0.323587;e:-0.073282;d+e:0.121647
3,122:0,122,no_addition,False,0.0,0.0,0.0,0.0,0.0,0.0,0.0,0.0,0.0,0.0,0.4635787531968371,0.24744623982210512,0.30527671861823186,0.3440753588719599,wait:0.447634;e:0.206616
3,125:0,125,e,False,0.0,0.125,0.0,0.125,0.0,0.125,0.0,0.0,0.0,0.0,0.33640190342749543,0.49820659672540646,0.3253573236434573,0.3876140313729603,wait:0.000000;d:-0.022486;e:0.060934;d+e:-0.117405
3,148:0,148,d,False,0.09090909090909091,0.18181818181818182,0.09090909090909091,0.18181818181818182,0.09090909090909091,0.18181818181818182,0.0,0.0,0.0,0.0,0.23587254216683257,0.3540124992670963,0.1635859517225003,0.3411918798038897,wait:0.000000;d:0.048776;e:-0.022466;d+e:-0.061375
3,168:0,168,d,False,0.0,0.0,0.0,0.0,0.0,0.0,0.0,0.0,0.0,0.0,0.292630080354969,0.714687257737433,0.2124602298368124,0.3434550845162469,wait:0.000000;d:0.031002
3,172:0,172,no_addition,False,0.0,0.0,0.0,0.0,0.0,0.0,0.0,0.0,0.0,0.0,0.6772496681637501,0.8000124399204316,0.25807518197125545,0.16465395119231233,wait:0.653956
3,178:0,178,no_addition,False,0.0,0.0,0.0,0.0,0.0,0.0,0.0,0.0,0.0,0.0,0.24751995226350382,0.6128680806839006,0.30242028894009604,0.26244031453647154,wait:0.591789;d:0.360338
3,227:0,227,no_addition,False,0.0,0.0,0.0,0.0,0.0,0.0,0.0,0.0,0.0,0.0,0.3036138572423417,0.47420316210613983,0.28280812642659486,0.19354397946438265,wait:0.000000;d:-0.009457
4,55:0,55,no_addition,False,0.0,0.0,0.0,0.0,0.0,0.0,0.0,0.0,0.0,0.0,0.4575149512346959,0.5774854911041873,0.27604848689772193,0.21149207820782978,wait:0.557623;d:0.443795
4,58:0,58,e,False,0.0,0.0,0.0,0.0,0.0,0.0,0.0,0.0,0.0,0.0,0.7287979765855004,0.3168892329481223,0.22916244037719172,0.25204918347217453,wait:0.000000;e:0.013254
4,103:0,103,no_addition,False,0.0,0.0,0.0,0.0,0.0,0.0,0.0,0.0,0.0,0.0,0.7013340584825343,0.46381004191287545,0.2629746714295532,0.2618007453015172,wait:0.677212;e:0.530201
4,108:0,108,no_addition,False,0.0,0.0,0.0,0.0,0.0,0.0,0.0,0.0,0.0,0.0,0.35572902033027753,0.5585858136843243,0.4051152694937241,0.34700663599438875,wait:0.539373;d:0.261784
4,159:0,159,e,False,0.1111111111111111,0.0,0.0,0.0,0.1111111111111111,0.0,0.0,0.0,1.0,0.0,0.5474312548271205,0.7545088473815509,0.3304396796224026,0.4064367469037631,wait:0.000000;e:0.252866
4,168:0,168,no_addition,False,0.0,0.0,0.0,0.0,0.0,0.0,0.0,0.0,0.0,0.0,0.292630080354969,0.714687257737433,0.2124602298368124,0.3434550845162469,wait:0.272846
4,170:0,170,no_addition,False,0.16666666666666666,0.0,0.0,0.0,0.16666666666666666,0.0,0.0,0.0,1.0,0.0,0.3560270032855549,0.4051155287561089,0.3033318176716858,0.3714260410134784,wait:0.000000
4,178:0,178,no_addition,False,0.14285714285714285,0.0,0.14285714285714285,0.0,0.14285714285714285,0.0,0.0,0.0,0.0,0.0,0.24751995226350382,0.6128680806839006,0.2937797092560933,0.26244031453647154,wait:0.000000;d:-0.090931
4,201:0,201,d,False,0.16666666666666666,0.0,0.16666666666666666,0.0,0.16666666666666666,0.0,0.0,0.0,0.0,0.0,0.2468416151391679,0.3791861288622632,0.19403679700987875,0.20987555220806772,wait:0.000000;d:0.008201
4,207:0,207,no_addition,False,0.14285714285714285,0.0,0.14285714285714285,0.0,0.14285714285714285,0.0,0.0,0.0,0.0,0.0,0.6384098086343788,0.4328621151935302,0.2174976947002106,0.4123575006396421,wait:0.616452
4,227:0,227,no_addition,False,0.0,0.0,0.0,0.0,0.0,0.0,0.0,0.0,0.0,0.0,0.3036138572423417,0.47420316210613983,0.28280812642659486,0.19354397946438265,wait:0.000000;d:-0.009457
5,42:0,42,no_addition,False,0.0,0.0,0.0,0.0,0.0,0.0,0.0,0.0,0.0,0.0,0.5815746493370327,0.232272433208347,0.3370247532265757,0.2534510171764107,wait:0.000000;e:-0.064330
5,55:0,55,d,False,0.0,0.0,0.0,0.0,0.0,0.0,0.0,0.0,0.0,0.0,0.4575149512346959,0.5774854911041873,0.27604848689772193,0.21149207820782978,wait:0.000000;d:0.115863
5,58:0,58,no_addition,False,0.0,0.0,0.0,0.0,0.0,0.0,0.0,0.0,0.0,0.0,0.7287979765855004,0.3168892329481223,0.22916244037719172,0.25204918347217453,wait:0.295466
5,62:0,62,no_addition,False,0.0,0.0,0.0,0.0,0.0,0.0,1.0,0.0,1.0,0.0,0.5184921095509611,0.2331854303146843,0.18304339072920509,0.2900535349062379,wait:0.500659;e:0.295438
5,76:0,76,e,False,0.0,0.0,0.0,0.0,0.0,0.0,0.0,0.0,0.0,0.0,0.7278912674400764,0.7128725717363582,0.21683692367874113,0.43043667868936064,wait:0.000000;e:0.191380
5,108:0,108,no_addition,False,0.0,0.0,0.0,0.0,0.0,0.0,0.0,0.0,0.0,0.0,0.35572902033027753,0.5585858136843243,0.4051152694937241,0.34700663599438875,wait:0.000000;d:-0.104844
5,159:0,159,no_addition,False,0.0,0.0,0.0,0.0,0.0,0.0,0.0,0.0,1.0,0.0,0.5474312548271205,0.7545088473815509,0.3379496723410936,0.4064367469037631,wait:0.703499
5,168:0,168,no_addition,False,0.0,0.0,0.0,0.0,0.0,0.0,0.0,0.0,0.0,0.0,0.292630080354969,0.714687257737433,0.2124602298368124,0.3434550845162469,wait:0.282565
5,170:0,170,no_addition,False,0.0,0.16666666666666666,0.0,0.16666666666666666,0.0,0.16666666666666666,0.0,0.0,1.0,0.0,0.3560270032855549,0.4051155287561089,0.3137915355224336,0.3590451729796958,wait:0.000000
5,178:0,178,no_addition,False,0.14285714285714285,0.0,0.14285714285714285,0.0,0.14285714285714285,0.0,0.0,0.0,0.0,0.0,0.24751995226350382,0.6128680806839006,0.2937797092560933,0.26244031453647154,wait:0.000000;d:-0.090931
5,201:0,201,no_addition,False,0.16666666666666666,0.0,0.16666666666666666,0.0,0.16666666666666666,0.0,0.0,0.0,0.0,0.0,0.2468416151391679,0.3791861288622632,0.19403679700987875,0.20987555220806772,wait:0.230154
5,207:0,207,no_addition,False,0.14285714285714285,0.0,0.14285714285714285,0.0,0.14285714285714285,0.0,0.0,0.0,0.0,0.0,0.6384098086343788,0.4328621151935302,0.2174976947002106,0.4123575006396421,wait:0.000000
5,218:0,218,e,False,0.0,0.0,0.0,0.0,0.0,0.0,0.0,0.0,0.0,0.0,0.5478474919216988,0.6953990924246174,0.22402292046599662,0.387614879129818,wait:0.000000;e:0.218470
5,227:0,227,no_addition,False,0.0,0.0,0.0,0.0,0.0,0.0,0.0,0.0,0.0,0.0,0.3036138572423417,0.47420316210613983,0.28280812642659486,0.19354397946438265,wait:0.000000;d:-0.009457
5,228:0,228,no_addition,False,0.0,0.0,0.0,0.0,0.0,0.0,0.0,0.0,0.0,0.0,0.3579346409636527,0.5793814834388675,0.26992991629460844,0.28904267863320765,wait:0.559454;d:0.411493
6,36:0,36,no_addition,False,0.0,0.0,0.0,0.0,0.0,0.0,0.0,0.0,0.0,0.0,0.6024611082725279,0.3836680873249898,0.40868282925775223,0.41900053739797377,wait:0.000000;e:-0.093575
6,42:0,42,no_addition,False,0.0,0.0,0.0,0.0,0.0,0.0,0.0,0.0,0.0,0.0,0.5815746493370327,0.232272433208347,0.3370247532265757,0.2534510171764107,wait:0.000000;e:-0.064330
6,55:0,55,no_addition,False,0.0,0.0,0.0,0.0,0.0,0.0,0.0,0.0,0.0,0.0,0.4575149512346959,0.5774854911041873,0.27604848689772193,0.21149207820782978,wait:0.426584
6,58:0,58,no_addition,False,0.0,0.0,0.0,0.0,0.0,0.0,0.0,0.0,0.0,0.0,0.7287979765855004,0.3168892329481223,0.22916244037719172,0.25204918347217453,wait:0.305990
6,76:0,76,no_addition,False,0.0,0.0,0.0,0.0,0.0,0.0,0.0,0.0,0.0,0.0,0.7278912674400764,0.7128725717363582,0.21683692367874113,0.43043667868936064,wait:0.664678
6,108:0,108,no_addition,False,0.0,0.0,0.0,0.0,0.0,0.0,0.0,0.0,0.0,0.0,0.35572902033027753,0.5585858136843243,0.4051152694937241,0.34700663599438875,wait:0.000000;d:-0.104844
6,113:0,113,no_addition,False,0.0,0.0,0.0,0.0,0.0,0.0,0.0,0.0,0.0,0.0,0.5924914639605965,0.22624561894530365,0.20984774826084393,0.2769766022858965,wait:0.572113;e:0.362295
6,125:0,125,no_addition,False,0.0,0.0,0.0,0.0,0.0,0.0,0.0,1.0,0.0,0.0,0.33640190342749543,0.6487446177077846,0.3253573236434573,0.3975528526902157,wait:0.000000;d:-0.042486
6,148:0,148,no_addition,False,0.09090909090909091,0.0,0.09090909090909091,0.0,0.09090909090909091,0.0,1.0,0.0,0.0,2.0,0.4651107795167828,0.21240749956025778,0.1635859517225003,0.3540670450795082,wait:0.449113;e:0.180396
6,159:0,159,no_addition,False,0.0,0.0,0.0,0.0,0.0,0.0,0.0,0.0,1.0,0.0,0.5474312548271205,0.7545088473815509,0.3379496723410936,0.4064367469037631,wait:0.728558
6,168:0,168,no_addition,False,0.0,0.0,0.0,0.0,0.0,0.0,0.0,0.0,0.0,0.0,0.292630080354969,0.714687257737433,0.2124602298368124,0.3434550845162469,wait:0.000000
6,170:0,170,no_addition,False,0.0,0.16666666666666666,0.0,0.16666666666666666,0.0,0.16666666666666666,0.0,0.0,1.0,0.0,0.3560270032855549,0.4051155287561089,0.3137915355224336,0.3590451729796958,wait:0.000000
6,176:6,176,e,False,0.16666666666666666,0.0,0.16666666666666666,0.0,0.16666666666666666,0.0,0.0,0.0,0.0,1.0,0.4992966896067701,0.5157044978695166,0.2867832821101617,0.19039524472284738,wait:0.000000;d:0.162746;e:0.273906;d+e:0.207935
6,178:0,178,no_addition,False,0.14285714285714285,0.0,0.14285714285714285,0.0,0.14285714285714285,0.0,0.0,0.0,0.0,0.0,0.24751995226350382,0.6128680806839006,0.2937797092560933,0.26244031453647154,wait:0.000000;d:-0.090931
6,199:6,199,e,False,0.0,0.14285714285714285,0.0,0.14285714285714285,0.0,0.14285714285714285,0.0,0.0,1.0,0.0,0.2889379141900572,0.7572765500424592,0.33328785511729253,0.38373034031212294,wait:0.000000;d:-0.073150;e:0.298064;d+e:0.027554
6,201:0,201,no_addition,False,0.16666666666666666,0.0,0.16666666666666666,0.0,0.16666666666666666,0.0,0.0,0.0,0.0,0.0,0.2468416151391679,0.3791861288622632,0.19403679700987875,0.20987555220806772,wait:0.238352
6,207:0,207,no_addition,False,0.0,0.0,0.0,0.0,0.0,0.0,1.0,0.0,0.0,0.0,0.7468868660440651,0.4328621151935302,0.22389468572080504,0.4123575006396421,wait:0.000000
6,218:0,218,no_addition,False,0.0,0.0,0.0,0.0,0.0,0.0,0.0,0.0,0.0,0.0,0.5478474919216988,0.6953990924246174,0.22402292046599662,0.387614879129818,wait:0.648386
6,227:0,227,no_addition,False,0.0,0.0,0.0,0.0,0.0,0.0,0.0,0.0,0.0,0.0,0.3036138572423417,0.47420316210613983,0.28280812642659486,0.19354397946438265,wait:0.000000;d:-0.009457
7,33:6,33,d,False,0.0,0.0,0.0,0.0,0.0,0.0,0.0,0.0,0.0,0.0,0.7944531798098844,0.25761044255213345,0.26799859798428954,0.27182287467558,wait:0.000000;d:0.447267;e:-0.039890;d+e:0.221483
7,36:0,36,no_addition,False,0.0,0.0,0.0,0.0,0.0,0.0,0.0,0.0,0.0,0.0,0.6024611082725279,0.3836680873249898,0.40868282925775223,0.41900053739797377,wait:0.000000;e:-0.093575
7,40:6,40,e,False,0.0,0.0,0.0,0.0,0.0,0.0,0.0,0.0,1.0,0.0,0.2989391500262595,0.48198530675722817,0.40979428068998186,0.24866690722000864,wait:0.000000;d:-0.140652;e:0.185276;d+e:-0.092168
7,42:0,42,no_addition,False,0.0,0.0,0.0,0.0,0.0,0.0,0.0,0.0,0.0,0.0,0.5815746493370327,0.232272433208347,0.3370247532265757,0.2534510171764107,wait:0.000000;e:-0.064330
7,55:0,55,no_addition,False,0.0,0.07692307692307693,0.0,0.07692307692307693,0.0,0.07692307692307693,0.0,0.0,0.0,0.0,0.4575149512346959,0.5774854911041873,0.27604848689772193,0.20823835392770934,wait:0.441779
7,58:0,58,no_addition,False,0.0,0.0,0.0,0.0,0.0,0.0,0.0,0.0,0.0,0.0,0.7287979765855004,0.3168892329481223,0.22916244037719172,0.25204918347217453,wait:0.305990
7,76:0,76,no_addition,False,0.0,0.0,0.0,0.0,0.0,0.0,0.0,0.0,0.0,0.0,0.7278912674400764,0.7128725717363582,0.21683692367874113,0.43043667868936064,wait:0.688354
7,95:6,95,no_addition,False,0.09090909090909091,0.0,0.09090909090909091,0.0,0.09090909090909091,0.0,0.0,0.0,0.0,1.0,0.23538061248263192,0.19136601723325086,0.3728198982561539,0.26511376606491255,wait:0.000000;d:-0.160901;e:-0.092822;d+e:-0.310235
7,96:6,96,e,False,0.0,0.0,0.0,0.0,0.0,0.0,0.0,0.0,1.0,0.0,0.38092297840680933,0.6293298061894989,0.3523001079075671,0.44320868309654154,wait:0.000000;d:-0.009346;e:0.123392;d+e:-0.100272
7,108:0,108,no_addition,False,0.0,0.0,0.0,0.0,0.0,0.0,0.0,0.0,0.0,0.0,0.35572902033027753,0.5585858136843243,0.4051152694937241,0.34700663599438875,wait:0.000000;d:-0.104844
7,125:0,125,no_addition,False,0.0,0.0,0.0,0.0,0.0,0.0,0.0,1.0,0.0,0.0,0.33640190342749543,0.6487446177077846,0.3253573236434573,0.3975528526902157,wait:0.000000;d:-0.042486
7,137:6,137,no_addition,False,0.0,0.0,0.0,0.0,0.0,0.0,0.0,0.0,1.0,0.0,0.16199676377542857,0.3928009614207508,0.21067495909785985,0.38531273408114686,wait:0.000000;d:-0.064825;e:-0.031664;d+e:-0.168069
7,159:0,159,no_addition,False,0.0,0.0,0.0,0.0,0.0,0.0,0.0,0.0,1.0,0.0,0.5474312548271205,0.7545088473815509,0.3379496723410936,0.4064367469037631,wait:0.000000
7,168:0,168,no_addition,False,0.0,0.0,0.0,0.0,0.0,0.0,0.0,0.0,0.0,0.0,0.292630080354969,0.714687257737433,0.2124602298368124,0.3434550845162469,wait:0.000000
7,170:0,170,no_addition,False,0.0,0.16666666666666666,0.0,0.0,0.0,0.16666666666666666,0.0,0.0,1.0,1.0,0.3560270032855549,0.28358087012927624,0.3137915355224336,0.3590451729796958,wait:0.000000
7,171:6,171,d,False,0.0,0.0,0.0,0.0,0.0,0.0,0.0,0.0,0.0,0.0,0.45285740289679016,0.5671025829152772,0.305605824820542,0.420627155912052,wait:0.000000;d:0.102113
7,178:0,178,d,False,0.0,0.0,0.0,0.0,0.0,0.0,1.0,0.0,0.0,0.0,0.4732639665844527,0.6128680806839006,0.30242028894009604,0.26244031453647154,wait:0.000000;d:0.103671
7,187:6,187,e,False,0.0,0.0,0.0,0.0,0.0,0.0,0.0,0.0,0.0,0.0,0.3211819069178439,0.5554585001628527,0.362124988748831,0.3298573274808079,wait:0.000000;d:-0.072957;e:0.170236;d+e:-0.067332
7,201:0,201,no_addition,False,0.0,0.0,0.0,0.0,0.0,0.0,1.0,0.0,0.0,0.0,0.47278913059741756,0.3791861288622632,0.20072772104470216,0.20987555220806772,wait:0.000000
7,206:6,206,d,False,0.0,0.0,0.0,0.0,0.0,0.0,0.0,0.0,0.0,0.0,0.569019483699402,0.6849054856712129,0.21149801716550876,0.3938870593751493,wait:0.000000;d:0.300804;e:0.222750;d+e:0.187650
7,207:0,207,no_addition,False,0.0,0.0,0.0,0.0,0.0,0.0,1.0,0.0,0.0,0.0,0.7468868660440651,0.4328621151935302,0.22389468572080504,0.4123575006396421,wait:0.000000
7,218:0,218,no_addition,False,0.0,0.16666666666666666,0.0,0.16666666666666666,0.0,0.16666666666666666,0.0,0.0,0.0,0.0,0.5478474919216988,0.6953990924246174,0.22402292046599662,0.3746943831588241,wait:0.671481
7,227:0,227,no_addition,False,0.0,0.0,0.0,0.0,0.0,0.0,0.0,0.0,0.0,0.0,0.3036138572423417,0.47420316210613983,0.28280812642659486,0.19354397946438265,wait:0.000000;d:-0.009457
8,5:6,5,d,False,0.02857142857142857,0.02857142857142857,0.02857142857142857,0.02857142857142857,0.02857142857142857,0.02857142857142857,1.0,1.0,1.0,2.0,0.4619547015104662,0.45193558219596935,0.1852133071321838,0.433845016108466,wait:0.000000;d:0.230696
8,36:0,36,no_addition,False,0.0,0.043478260869565216,0.0,0.043478260869565216,0.0,0.043478260869565216,0.0,0.0,0.0,0.0,0.6024611082725279,0.3836680873249898,0.40868282925775223,0.4153570544640784,wait:0.000000;e:-0.089931
8,42:0,42,no_addition,False,0.0,0.125,0.0,0.125,0.0,0.125,0.0,0.0,0.0,0.0,0.5815746493370327,0.232272433208347,0.3370247532265757,0.24711474174700043,wait:0.000000;e:-0.057994
8,46:6,46,d,False,0.0,0.0,0.0,0.0,0.0,0.0,0.0,0.0,0.0,0.0,0.5174554683496584,0.2351376774547832,0.3439476292750366,0.18760280558111614,wait:0.000000;d:0.121930;e:0.024097;d+e:0.027401
8,55:0,55,no_addition,False,0.0,0.07692307692307693,0.0,0.07692307692307693,0.0,0.07692307692307693,0.0,0.0,0.0,0.0,0.4575149512346959,0.5774854911041873,0.27604848689772193,0.20823835392770934,wait:0.000000
8,58:0,58,no_addition,False,0.0,0.0,0.0,0.0,0.0,0.0,0.0,0.0,0.0,0.0,0.7287979765855004,0.3168892329481223,0.22916244037719172,0.25204918347217453,wait:0.000000
8,76:0,76,no_addition,False,0.0,0.0,0.0,0.0,0.0,0.0,0.0,0.0,0.0,0.0,0.7278912674400764,0.7128725717363582,0.21683692367874113,0.43043667868936064,wait:0.688354
8,82:6,82,d,False,0.0,0.0,0.0,0.0,0.0,0.0,0.0,0.0,0.0,1.0,0.42329706706597825,0.15915964766169655,0.257432616356845,0.30799645207068005,wait:0.000000;d:0.123672;e:-0.164701;d+e:-0.115640
8,95:6,95,no_addition,False,0.09090909090909091,0.0,0.0,0.0,0.09090909090909091,0.0,0.0,0.0,1.0,1.0,0.16476642873784236,0.19136601723325086,0.3728198982561539,0.26511376606491255,wait:0.000000;d:-0.224477;e:-0.092822;d+e:-0.362857
8,108:0,108,no_addition,False,0.0,0.0,0.0,0.0,0.0,0.0,0.0,0.0,0.0,0.0,0.35572902033027753,0.5585858136843243,0.4051152694937241,0.34700663599438875,wait:0.000000;d:-0.104844
8,125:0,125,no_addition,False,0.0,0.0,0.0,0.0,0.0,0.0,0.0,1.0,0.0,0.0,0.33640190342749543,0.6487446177077846,0.3253573236434573,0.3975528526902157,wait:0.000000;d:-0.042486
8,137:6,137,no_addition,False,0.0,0.0,0.0,0.0,0.0,0.0,0.0,0.0,1.0,0.0,0.16199676377542857,0.3928009614207508,0.21067495909785985,0.38531273408114686,wait:0.000000;d:-0.064825;e:-0.031664;d+e:-0.168069
8,153:6,153,e,False,0.0,0.14285714285714285,0.0,0.14285714285714285,0.0,0.14285714285714285,0.0,0.0,0.0,0.0,0.49527004045165035,0.7227862591583962,0.25663317833606647,0.36105459693268743,wait:0.000000;d:0.189271;e:0.289688;d+e:0.168790
8,159:0,159,no_addition,False,0.0,0.0,0.0,0.0,0.0,0.0,0.0,0.0,1.0,0.0,0.5474312548271205,0.7545088473815509,0.3379496723410936,0.4064367469037631,wait:0.000000
8,168:0,168,no_addition,False,0.0,0.0,0.0,0.0,0.0,0.0,0.0,0.0,0.0,0.0,0.292630080354969,0.714687257737433,0.2124602298368124,0.3434550845162469,wait:0.000000
8,170:0,170,no_addition,False,0.0,0.0,0.0,0.0,0.0,0.0,0.0,0.0,1.0,1.0,0.3560270032855549,0.28358087012927624,0.3137915355224336,0.3714260410134784,wait:0.000000
8,178:0,178,no_addition,False,0.0,0.0,0.0,0.0,0.0,0.0,1.0,0.0,0.0,0.0,0.4732639665844527,0.6128680806839006,0.30242028894009604,0.26244031453647154,wait:0.441268
8,201:0,201,no_addition,False,0.0,0.0,0.0,0.0,0.0,0.0,1.0,0.0,0.0,0.0,0.47278913059741756,0.3791861288622632,0.20072772104470216,0.20987555220806772,wait:0.000000
8,207:0,207,no_addition,False,0.0,0.0,0.0,0.0,0.0,0.0,1.0,0.0,0.0,0.0,0.7468868660440651,0.4328621151935302,0.22389468572080504,0.4123575006396421,wait:0.000000
8,218:0,218,no_addition,False,0.0,0.16666666666666666,0.0,0.16666666666666666,0.0,0.16666666666666666,0.0,0.0,0.0,0.0,0.5478474919216988,0.6953990924246174,0.22402292046599662,0.3746943831588241,wait:0.000000
8,227:0,227,no_addition,False,0.0,0.0,0.0,0.0,0.0,0.0,0.0,0.0,0.0,0.0,0.3036138572423417,0.47420316210613983,0.28280812642659486,0.19354397946438265,wait:0.000000;d:-0.009457
9,34:6,34,e,False,0.0,0.0,0.0,0.0,0.0,0.0,2.0,0.0,0.0,0.0,0.5815202388406688,0.4731331275019812,0.41646186055116163,0.2610662765689028,wait:0.000000;d:0.107095;e:0.164907;d+e:0.028981
9,36:0,36,no_addition,False,0.0,0.043478260869565216,0.0,0.043478260869565216,0.0,0.043478260869565216,0.0,0.0,0.0,0.0,0.6024611082725279,0.3836680873249898,0.40868282925775223,0.4153570544640784,wait:0.000000;e:-0.089931
9,42:0,42,no_addition,False,0.0,0.125,0.0,0.125,0.0,0.125,0.0,0.0,0.0,0.0,0.5815746493370327,0.232272433208347,0.3370247532265757,0.24711474174700043,wait:0.000000;e:-0.057994
9,55:0,55,no_addition,False,0.0,0.07692307692307693,0.0,0.0,0.0,0.07692307692307693,0.0,0.0,0.0,1.0,0.4575149512346959,0.40423984377293115,0.27604848689772193,0.20823835392770934,wait:0.000000
9,58:0,58,no_addition,False,0.0,0.0,0.0,0.0,0.0,0.0,0.0,0.0,0.0,0.0,0.7287979765855004,0.3168892329481223,0.22916244037719172,0.25204918347217453,wait:0.000000
9,95:6,95,no_addition,False,0.0,0.0,0.0,0.0,0.0,0.0,0.0,0.0,1.0,1.0,0.16476642873784236,0.19136601723325086,0.3797239704460827,0.26511376606491255,wait:0.000000;d:-0.231381;e:-0.092822;d+e:-0.369761
9,108:0,108,no_addition,False,0.125,0.0,0.125,0.0,0.125,0.0,0.0,0.0,0.0,0.0,0.35572902033027753,0.5585858136843243,0.394987387756381,0.34700663599438875,wait:0.000000;d:-0.094716
9,125:0,125,no_addition,False,0.125,0.0,0.125,0.0,0.125,0.0,0.0,1.0,0.0,0.0,0.33640190342749543,0.6487446177077846,0.31722339055237087,0.3975528526902157,wait:0.000000;d:-0.034353
9,137:6,137,no_addition,False,0.0,0.0,0.0,0.0,0.0,0.0,0.0,0.0,1.0,0.0,0.16199676377542857,0.3928009614207508,0.21067495909785985,0.38531273408114686,wait:0.000000;d:-0.064825;e:-0.031664;d+e:-0.168069
9,140:6,140,e,False,0.0,0.0,0.0,0.0,0.0,0.0,1.0,0.0,0.0,0.0,0.5478020888128705,0.7080101940254262,0.3346212834544936,0.4172365301980692,wait:0.000000;d:0.158578;e:0.220202;d+e:0.044396
9,159:0,159,no_addition,False,0.0,0.0,0.0,0.0,0.0,0.0,0.0,0.0,1.0,0.0,0.5474312548271205,0.7545088473815509,0.3379496723410936,0.4064367469037631,wait:0.000000
9,168:0,168,no_addition,False,0.0,0.0,0.0,0.0,0.0,0.0,0.0,0.0,0.0,0.0,0.292630080354969,0.714687257737433,0.2124602298368124,0.3434550845162469,wait:0.000000
9,170:0,170,no_addition,False,0.0,0.0,0.0,0.0,0.0,0.0,0.0,0.0,1.0,1.0,0.3560270032855549,0.28358087012927624,0.3137915355224336,0.3714260410134784,wait:0.000000
9,176:6,176,no_addition,False,0.0,0.0,0.0,0.0,0.0,0.0,0.0,0.0,1.0,1.0,0.3495076827247391,0.5157044978695166,0.29667236080361553,0.19039524472284738,wait:0.000000;d:-0.002002
9,178:0,178,no_addition,False,0.14285714285714285,0.0,0.14285714285714285,0.0,0.14285714285714285,0.0,1.0,0.0,0.0,0.0,0.4732639665844527,0.6128680806839006,0.2937797092560933,0.26244031453647154,wait:0.456986
9,199:6,199,no_addition,False,0.0,0.0,0.0,0.0,0.0,0.0,0.0,0.0,1.0,1.0,0.2889379141900572,0.5300935850297215,0.33328785511729253,0.39501652679189125,wait:0.000000;d:-0.093150
9,201:0,201,no_addition,False,0.0,0.0,0.0,0.0,0.0,0.0,1.0,0.0,0.0,0.0,0.47278913059741756,0.3791861288622632,0.20072772104470216,0.20987555220806772,wait:0.000000
9,207:0,207,no_addition,False,0.14285714285714285,0.0,0.14285714285714285,0.0,0.14285714285714285,0.0,1.0,0.0,0.0,0.0,0.7468868660440651,0.4328621151935302,0.2174976947002106,0.4123575006396421,wait:0.000000
9,214:6,214,d,False,0.0,0.0,0.0,0.0,0.0,0.0,0.0,0.0,0.0,1.0,0.6973777556884364,0.4425859371474248,0.443590841096819,0.2925123474407271,wait:0.000000;d:0.184275;e:0.105959;d+e:0.020048
9,218:0,218,no_addition,False,0.0,0.16666666666666666,0.0,0.0,0.0,0.16666666666666666,0.0,0.0,0.0,1.0,0.5478474919216988,0.48677936469723215,0.22402292046599662,0.3746943831588241,wait:0.000000
9,227:0,227,no_addition,False,0.0,0.0,0.0,0.0,0.0,0.0,0.0,0.0,0.0,0.0,0.3036138572423417,0.47420316210613983,0.28280812642659486,0.19354397946438265,wait:0.000000;d:-0.009457
10,33:6,33,no_addition,False,0.0,0.0,0.0,0.0,0.0,0.0,0.0,0.0,0.0,0.0,0.7944531798098844,0.25761044255213345,0.26799859798428954,0.27182287467558,wait:0.767128;e:0.529316
10,36:0,36,no_addition,False,0.0,0.043478260869565216,0.0,0.043478260869565216,0.0,0.043478260869565216,0.0,0.0,0.0,0.0,0.6024611082725279,0.3836680873249898,0.40868282925775223,0.4153570544640784,wait:0.000000;e:-0.089931
10,40:6,40,no_addition,False,0.08333333333333333,0.08333333333333333,0.08333333333333333,0.08333333333333333,0.08333333333333333,0.08333333333333333,0.0,0.0,1.0,0.0,0.2989391500262595,0.48198530675722817,0.40296437601181545,0.24452245876634182,wait:0.000000;d:-0.153822
10,42:0,42,no_addition,False,0.0,0.125,0.0,0.0,0.0,0.125,0.0,0.0,0.0,1.0,0.5815746493370327,0.1625907032458429,0.3370247532265757,0.24711474174700043,wait:0.000000;e:-0.120730
10,55:0,55,no_addition,False,0.0,0.0,0.0,0.0,0.0,0.0,0.0,0.0,0.0,1.0,0.4575149512346959,0.40423984377293115,0.27604848689772193,0.21149207820782978,wait:0.000000
10,58:0,58,no_addition,False,0.0,0.0,0.0,0.0,0.0,0.0,0.0,0.0,0.0,0.0,0.7287979765855004,0.3168892329481223,0.22916244037719172,0.25204918347217453,wait:0.000000
10,95:6,95,no_addition,False,0.0,0.0,0.0,0.0,0.0,0.0,0.0,0.0,1.0,1.0,0.16476642873784236,0.19136601723325086,0.3797239704460827,0.26511376606491255,wait:0.000000;d:-0.231381;e:-0.092822;d+e:-0.369761
10,96:6,96,no_addition,False,0.0,0.0,0.0,0.0,0.0,0.0,0.0,0.0,1.0,0.0,0.38092297840680933,0.6293298061894989,0.3523001079075671,0.44320868309654154,wait:0.607684;d:0.369931
10,108:0,108,no_addition,False,0.125,0.0,0.125,0.0,0.125,0.0,0.0,0.0,0.0,0.0,0.35572902033027753,0.5585858136843243,0.394987387756381,0.34700663599438875,wait:0.000000;d:-0.094716
10,125:0,125,no_addition,False,0.25,0.0,0.25,0.0,0.25,0.0,0.0,1.0,0.0,0.0,0.33640190342749543,0.6487446177077846,0.3090894574612844,0.3975528526902157,wait:0.000000;d:-0.026219
10,137:6,137,no_addition,False,0.0,0.0,0.0,0.0,0.0,0.0,0.0,0.0,1.0,0.0,0.16199676377542857,0.3928009614207508,0.21067495909785985,0.38531273408114686,wait:0.000000;d:-0.064825;e:-0.031664;d+e:-0.168069
10,159:0,159,no_addition,False,0.0,0.0,0.0,0.0,0.0,0.0,0.0,0.0,1.0,0.0,0.5474312548271205,0.7545088473815509,0.3379496723410936,0.4064367469037631,wait:0.000000
10,168:0,168,no_addition,False,0.0,0.0,0.0,0.0,0.0,0.0,0.0,0.0,0.0,0.0,0.292630080354969,0.714687257737433,0.2124602298368124,0.3434550845162469,wait:0.000000
10,170:0,170,no_addition,False,0.0,0.0,0.0,0.0,0.0,0.0,0.0,0.0,1.0,1.0,0.3560270032855549,0.28358087012927624,0.3137915355224336,0.3714260410134784,wait:0.000000
10,171:6,171,no_addition,False,0.0,0.0,0.0,0.0,0.0,0.0,0.0,0.0,0.0,0.0,0.45285740289679016,0.5671025829152772,0.305605824820542,0.420627155912052,wait:0.437282
10,176:6,176,no_addition,False,0.0,0.0,0.0,0.0,0.0,0.0,0.0,0.0,1.0,1.0,0.3495076827247391,0.5157044978695166,0.29667236080361553,0.19039524472284738,wait:0.000000;d:-0.002002
10,178:0,178,no_addition,False,0.14285714285714285,0.0,0.14285714285714285,0.0,0.14285714285714285,0.0,1.0,0.0,0.0,0.0,0.4732639665844527,0.6128680806839006,0.2937797092560933,0.26244031453647154,wait:0.000000
10,187:6,187,no_addition,False,0.0,0.0,0.0,0.0,0.0,0.0,0.0,0.0,0.0,0.0,0.3211819069178439,0.5554585001628527,0.362124988748831,0.3298573274808079,wait:0.536354;d:0.288300
10,199:6,199,no_addition,False,0.0,0.0,0.0,0.0,0.0,0.0,0.0,0.0,1.0,1.0,0.2889379141900572,0.5300935850297215,0.33328785511729253,0.39501652679189125,wait:0.000000;d:-0.093150
10,201:0,201,no_addition,False,0.0,0.0,0.0,0.0,0.0,0.0,1.0,0.0,0.0,0.0,0.47278913059741756,0.3791861288622632,0.20072772104470216,0.20987555220806772,wait:0.000000
10,206:6,206,e,False,0.0,0.0,0.0,0.0,0.0,0.0,0.0,0.0,0.0,0.0,0.569019483699402,0.6849054856712129,0.21149801716550876,0.3938870593751493,wait:0.000000;e:0.202750
10,207:0,207,no_addition,False,0.14285714285714285,0.0,0.14285714285714285,0.0,0.14285714285714285,0.0,1.0,0.0,0.0,0.0,0.7468868660440651,0.4328621151935302,0.2174976947002106,0.4123575006396421,wait:0.000000
10,218:0,218,no_addition,False,0.0,0.0,0.0,0.0,0.0,0.0,0.0,0.0,0.0,1.0,0.5478474919216988,0.48677936469723215,0.22402292046599662,0.387614879129818,wait:0.000000
10,227:0,227,no_addition,False,0.0,0.0,0.0,0.0,0.0,0.0,0.0,0.0,0.0,0.0,0.3036138572423417,0.47420316210613983,0.28280812642659486,0.19354397946438265,wait:0.000000;d:-0.009457
11,5:6,5,no_addition,False,0.02857142857142857,0.0,0.0,0.0,0.02857142857142857,0.0,1.0,1.0,3.0,3.0,0.3470274079757374,0.40546636862164376,0.1852133071321838,0.4363383782700089,wait:0.000000
11,36:0,36,e,False,0.0,0.0,0.0,0.0,0.0,0.0,0.0,1.0,0.0,0.0,0.6024611082725279,0.5685676611274928,0.40868282925775223,0.41900053739797377,wait:0.000000;e:0.072895
11,40:6,40,no_addition,False,0.08333333333333333,0.08333333333333333,0.0,0.08333333333333333,0.08333333333333333,0.08333333333333333,0.0,0.0,2.0,0.0,0.2562335571653653,0.48198530675722817,0.40296437601181545,0.24452245876634182,wait:0.000000;d:-0.192271
11,42:0,42,no_addition,False,0.0,0.0,0.0,0.0,0.0,0.0,0.0,0.0,0.0,1.0,0.5815746493370327,0.1625907032458429,0.3370247532265757,0.2534510171764107,wait:0.000000;e:-0.127067
11,46:6,46,e,False,0.07692307692307693,0.0,0.0,0.0,0.07692307692307693,0.0,0.0,0.0,1.0,0.0,0.3622188278447609,0.2351376774547832,0.3386561272861899,0.18760280558111614,wait:0.000000;e:0.004097
11,55:0,55,no_addition,False,0.0,0.0,0.0,0.0,0.0,0.0,0.0,0.0,0.0,1.0,0.4575149512346959,0.40423984377293115,0.27604848689772193,0.21149207820782978,wait:0.000000
11,58:0,58,no_addition,False,0.0,0.0,0.0,0.0,0.0,0.0,0.0,0.0,0.0,0.0,0.7287979765855004,0.3168892329481223,0.22916244037719172,0.25204918347217453,wait:0.000000
11,82:6,82,no_addition,False,0.0,0.0,0.0,0.0,0.0,0.0,0.0,0.0,0.0,1.0,0.42329706706597825,0.15915964766169655,0.257432616356845,0.30799645207068005,wait:0.408738;e:0.165467
11,95:6,95,no_addition,False,0.0,0.0,0.0,0.0,0.0,0.0,0.0,0.0,1.0,1.0,0.16476642873784236,0.19136601723325086,0.3797239704460827,0.26511376606491255,wait:0.000000;d:-0.231381;e:-0.092822;d+e:-0.369761
11,108:0,108,no_addition,False,0.125,0.0,0.0,0.0,0.125,0.0,0.0,0.0,1.0,0.0,0.2490103142311943,0.5585858136843243,0.394987387756381,0.34700663599438875,wait:0.000000;d:-0.190797
11,125:0,125,no_addition,False,0.25,0.0,0.25,0.0,0.25,0.0,0.0,1.0,0.0,0.0,0.33640190342749543,0.6487446177077846,0.3090894574612844,0.3975528526902157,wait:0.000000;d:-0.026219
11,137:6,137,no_addition,False,0.0,0.0,0.0,0.0,0.0,0.0,0.0,0.0,1.0,0.0,0.16199676377542857,0.3928009614207508,0.21067495909785985,0.38531273408114686,wait:0.000000;d:-0.064825;e:-0.031664;d+e:-0.168069
11,153:6,153,no_addition,False,0.0,0.0,0.0,0.0,0.0,0.0,0.0,0.0,0.0,1.0,0.49527004045165035,0.5059503814108773,0.25663317833606647,0.3716738497836488,wait:0.488548;d:0.439973
11,159:0,159,no_addition,False,0.0,0.0,0.0,0.0,0.0,0.0,0.0,0.0,1.0,0.0,0.5474312548271205,0.7545088473815509,0.3379496723410936,0.4064367469037631,wait:0.000000
11,168:0,168,no_addition,False,0.0,0.0,0.0,0.0,0.0,0.0,0.0,0.0,0.0,0.0,0.292630080354969,0.714687257737433,0.2124602298368124,0.3434550845162469,wait:0.000000
11,170:0,170,no_addition,False,0.0,0.0,0.0,0.0,0.0,0.0,0.0,0.0,1.0,1.0,0.3560270032855549,0.28358087012927624,0.3137915355224336,0.3714260410134784,wait:0.000000
11,176:6,176,no_addition,False,0.0,0.0,0.0,0.0,0.0,0.0,0.0,0.0,1.0,1.0,0.3495076827247391,0.5157044978695166,0.29667236080361553,0.19039524472284738,wait:0.000000;d:-0.002002
11,178:0,178,no_addition,False,0.14285714285714285,0.0,0.0,0.0,0.14285714285714285,0.0,1.0,0.0,1.0,0.0,0.3485119713581023,0.6128680806839006,0.2937797092560933,0.26244031453647154,wait:0.000000
11,187:6,187,no_addition,False,0.0,0.0,0.0,0.0,0.0,0.0,0.0,0.0,0.0,0.0,0.3211819069178439,0.5554585001628527,0.362124988748831,0.3298573274808079,wait:0.000000;d:-0.092957
11,199:6,199,no_addition,False,0.0,0.0,0.0,0.0,0.0,0.0,0.0,0.0,1.0,1.0,0.2889379141900572,0.5300935850297215,0.33328785511729253,0.39501652679189125,wait:0.000000;d:-0.093150
11,201:0,201,no_addition,False,0.0,0.0,0.0,0.0,0.0,0.0,1.0,0.0,0.0,0.0,0.47278913059741756,0.3791861288622632,0.20072772104470216,0.20987555220806772,wait:0.000000
11,206:6,206,no_addition,False,0.0,0.0,0.0,0.0,0.0,0.0,0.0,0.0,0.0,0.0,0.569019483699402,0.6849054856712129,0.21149801716550876,0.3938870593751493,wait:0.638602
11,207:0,207,no_addition,False,0.14285714285714285,0.0,0.0,0.0,0.14285714285714285,0.0,1.0,0.0,1.0,0.0,0.5830458851806273,0.4328621151935302,0.2174976947002106,0.4123575006396421,wait:0.000000
11,218:0,218,no_addition,False,0.0,0.0,0.0,0.0,0.0,0.0,0.0,0.0,0.0,1.0,0.5478474919216988,0.48677936469723215,0.22402292046599662,0.387614879129818,wait:0.000000
11,227:0,227,no_addition,False,0.0,0.0,0.0,0.0,0.0,0.0,0.0,0.0,0.0,0.0,0.3036138572423417,0.47420316210613983,0.28280812642659486,0.19354397946438265,wait:0.000000;d:-0.009457
12,5:6,5,no_addition,False,0.0,0.02857142857142857,0.0,0.02857142857142857,0.0,0.02857142857142857,1.0,1.0,3.0,3.0,0.3470274079757374,0.40546636862164376,0.18627775142604694,0.433845016108466,wait:0.000000
12,22:12,22,e,False,0.0,0.0,0.0,0.0,0.0,0.0,1.0,0.0,0.0,0.0,0.48020742526873994,0.7525390979603048,0.18691678094765152,0.31450094045556126,wait:0.000000;d:0.245426;e:0.363028;d+e:0.295529
12,24:12,24,d,False,0.0,0.07407407407407407,0.0,0.037037037037037035,0.0,0.07407407407407407,1.0,0.0,1.0,1.0,0.6647943200314479,0.4780855318320658,0.2816234955775494,0.38609198638928094,wait:0.000000;d:0.316907;e:0.044340;d+e:0.083620
12,29:12,29,d,False,0.0,0.0,0.0,0.0,0.0,0.0,1.0,0.0,1.0,0.0,0.4777903751701448,0.25126708119605284,0.427069173722378,0.3381597478658024,wait:0.000000;d:0.003097;e:-0.111938;d+e:-0.226154
12,34:6,34,d,False,0.0,0.0,0.0,0.0,0.0,0.0,2.0,0.0,0.0,0.0,0.5815202388406688,0.4731331275019812,0.41646186055116163,0.2610662765689028,wait:0.000000;d:0.087095
12,36:0,36,no_addition,False,0.0,0.0,0.0,0.0,0.0,0.0,0.0,1.0,0.0,0.0,0.6024611082725279,0.5685676611274928,0.40868282925775223,0.41900053739797377,wait:0.530129
12,40:6,40,no_addition,False,0.0,0.0,0.0,0.0,0.0,0.0,0.0,0.0,2.0,1.0,0.2562335571653653,0.33738971473005974,0.40979428068998186,0.24866690722000864,wait:0.000000;d:-0.199101
12,42:0,42,no_addition,False,0.0,0.0,0.0,0.0,0.0,0.0,0.0,0.0,0.0,1.0,0.5815746493370327,0.1625907032458429,0.3370247532265757,0.2534510171764107,wait:0.000000;e:-0.127067
12,46:6,46,no_addition,False,0.0,0.0,0.0,0.0,0.0,0.0,0.0,0.0,1.0,0.0,0.3622188278447609,0.2351376774547832,0.3439476292750366,0.18760280558111614,wait:0.219241
12,55:0,55,no_addition,False,0.0,0.0,0.0,0.0,0.0,0.0,0.0,0.0,0.0,1.0,0.4575149512346959,0.40423984377293115,0.27604848689772193,0.21149207820782978,wait:0.000000
12,58:0,58,no_addition,False,0.0,0.0,0.0,0.0,0.0,0.0,0.0,0.0,0.0,0.0,0.7287979765855004,0.3168892329481223,0.22916244037719172,0.25204918347217453,wait:0.000000
12,95:6,95,no_addition,False,0.0,0.0,0.0,0.0,0.0,0.0,0.0,0.0,1.0,1.0,0.16476642873784236,0.19136601723325086,0.3797239704460827,0.26511376606491255,wait:0.000000;d:-0.231381;e:-0.092822;d+e:-0.369761
12,108:0,108,no_addition,False,0.0,0.0,0.0,0.0,0.0,0.0,0.0,0.0,1.0,0.0,0.2490103142311943,0.5585858136843243,0.4051152694937241,0.34700663599438875,wait:0.000000;d:-0.200925
12,125:0,125,d,False,0.125,0.0,0.0,0.0,0.125,0.0,1.0,1.0,1.0,0.0,0.40184114205649724,0.6487446177077846,0.31722339055237087,0.3975528526902157,wait:0.000000;d:0.024564
12,137:6,137,no_addition,False,0.0,0.1111111111111111,0.0,0.1111111111111111,0.0,0.1111111111111111,0.0,0.0,1.0,0.0,0.16199676377542857,0.3928009614207508,0.21067495909785985,0.37675022887934356,wait:0.000000;d:-0.064825;e:-0.023102;d+e:-0.159507
12,140:6,140,d,False,0.0,0.0,0.0,0.0,0.0,0.0,1.0,0.0,0.0,0.0,0.5478020888128705,0.7080101940254262,0.3346212834544936,0.4172365301980692,wait:0.000000;d:0.138578
12,153:6,153,d,False,0.0,0.0,0.0,0.0,0.0,0.0,0.0,0.0,0.0,1.0,0.49527004045165035,0.5059503814108773,0.25663317833606647,0.3716738497836488,wait:0.000000;d:0.169271
12,159:0,159,no_addition,False,0.0,0.0,0.0,0.0,0.0,0.0,0.0,0.0,1.0,0.0,0.5474312548271205,0.7545088473815509,0.3379496723410936,0.4064367469037631,wait:0.000000
12,168:0,168,no_addition,False,0.0,0.0,0.0,0.0,0.0,0.0,0.0,0.0,0.0,0.0,0.292630080354969,0.714687257737433,0.2124602298368124,0.3434550845162469,wait:0.000000
12,170:0,170,no_addition,False,0.0,0.0,0.0,0.0,0.0,0.0,0.0,0.0,1.0,1.0,0.3560270032855549,0.28358087012927624,0.3137915355224336,0.3714260410134784,wait:0.000000
12,176:6,176,no_addition,False,0.0,0.0,0.0,0.0,0.0,0.0,0.0,0.0,1.0,1.0,0.3495076827247391,0.5157044978695166,0.29667236080361553,0.19039524472284738,wait:0.000000;d:-0.002002
12,178:0,178,no_addition,False,0.0,0.0,0.0,0.0,0.0,0.0,1.0,0.0,1.0,0.0,0.3485119713581023,0.6128680806839006,0.30242028894009604,0.26244031453647154,wait:0.000000
12,187:6,187,no_addition,False,0.0,0.0,0.0,0.0,0.0,0.0,0.0,0.0,0.0,0.0,0.3211819069178439,0.5554585001628527,0.362124988748831,0.3298573274808079,wait:0.000000;d:-0.092957
12,191:12,191,d,False,0.0,0.0,0.0,0.0,0.0,0.0,0.0,0.0,0.0,0.0,0.40810139716256255,0.35412383207244086,0.1651811248048993,0.4420432728833236,wait:0.000000;d:0.202243;e:-0.123217;d+e:-0.058119
12,199:6,199,no_addition,False,0.0,0.0,0.0,0.0,0.0,0.0,0.0,0.0,1.0,1.0,0.2889379141900572,0.5300935850297215,0.33328785511729253,0.39501652679189125,wait:0.000000;d:-0.093150
12,201:0,201,no_addition,False,0.0,0.0,0.0,0.0,0.0,0.0,1.0,0.0,0.0,0.0,0.47278913059741756,0.3791861288622632,0.20072772104470216,0.20987555220806772,wait:0.000000
12,206:6,206,no_addition,False,0.0,0.0,0.0,0.0,0.0,0.0,0.0,0.0,0.0,0.0,0.569019483699402,0.6849054856712129,0.21149801716550876,0.3938870593751493,wait:0.661348
12,207:0,207,no_addition,False,0.0,0.0,0.0,0.0,0.0,0.0,1.0,0.0,1.0,0.0,0.5830458851806273,0.4328621151935302,0.22389468572080504,0.4123575006396421,wait:0.000000
12,214:6,214,e,False,0.0,0.0,0.0,0.0,0.0,0.0,0.0,0.0,0.0,1.0,0.6973777556884364,0.4425859371474248,0.443590841096819,0.2925123474407271,wait:0.000000;e:0.085959
12,218:0,218,no_addition,False,0.0,0.0,0.0,0.0,0.0,0.0,0.0,0.0,0.0,1.0,0.5478474919216988,0.48677936469723215,0.22402292046599662,0.387614879129818,wait:0.000000
12,227:0,227,no_addition,False,0.0,0.0,0.0,0.0,0.0,0.0,0.0,0.0,0.0,0.0,0.3036138572423417,0.47420316210613983,0.28280812642659486,0.19354397946438265,wait:0.000000;d:-0.009457
13,5:6,5,no_addition,False,0.02857142857142857,0.02857142857142857,0.02857142857142857,0.02857142857142857,0.02857142857142857,0.02857142857142857,1.0,1.0,3.0,3.0,0.3470274079757374,0.40546636862164376,0.1852133071321838,0.433845016108466,wait:0.000000
13,34:6,34,no_addition,False,0.037037037037037035,0.0,0.037037037037037035,0.0,0.037037037037037035,0.0,2.0,0.0,0.0,0.0,0.5815202388406688,0.4731331275019812,0.4133769578804123,0.2610662765689028,wait:0.542206
13,36:0,36,no_addition,False,0.043478260869565216,0.0,0.043478260869565216,0.0,0.043478260869565216,0.0,0.0,1.0,0.0,0.0,0.6024611082725279,0.5685676611274928,0.40512906552507616,0.41900053739797377,wait:0.549012
13,40:6,40,no_addition,False,0.08333333333333333,0.0,0.08333333333333333,0.0,0.08333333333333333,0.0,0.0,0.0,2.0,1.0,0.2562335571653653,0.33738971473005974,0.40296437601181545,0.24866690722000864,wait:0.000000;d:-0.192271
13,42:0,42,no_addition,False,0.0,0.0,0.0,0.0,0.0,0.0,0.0,0.0,0.0,1.0,0.5815746493370327,0.1625907032458429,0.3370247532265757,0.2534510171764107,wait:0.000000;e:-0.127067
13,46:6,46,no_addition,False,0.0,0.0,0.0,0.0,0.0,0.0,0.0,0.0,1.0,0.0,0.3622188278447609,0.2351376774547832,0.3439476292750366,0.18760280558111614,wait:0.227050
13,55:0,55,no_addition,False,0.0,0.0,0.0,0.0,0.0,0.0,0.0,0.0,0.0,1.0,0.4575149512346959,0.40423984377293115,0.27604848689772193,0.21149207820782978,wait:0.000000
13,58:0,58,no_addition,False,0.0,0.0,0.0,0.0,0.0,0.0,0.0,0.0,0.0,0.0,0.7287979765855004,0.3168892329481223,0.22916244037719172,0.25204918347217453,wait:0.000000
13,95:6,95,no_addition,False,0.0,0.0,0.0,0.0,0.0,0.0,0.0,0.0,1.0,1.0,0.16476642873784236,0.19136601723325086,0.3797239704460827,0.26511376606491255,wait:0.000000;d:-0.231381;e:-0.092822;d+e:-0.369761
13,108:0,108,no_addition,False,0.0,0.0,0.0,0.0,0.0,0.0,0.0,0.0,1.0,0.0,0.2490103142311943,0.5585858136843243,0.4051152694937241,0.34700663599438875,wait:0.000000;d:-0.200925
13,125:0,125,no_addition,False,0.0,0.125,0.0,0.125,0.0,0.125,1.0,1.0,1.0,0.0,0.40184114205649724,0.6487446177077846,0.3253573236434573,0.3876140313729603,wait:0.374674
13,136:12,136,e,False,0.0,0.0,0.0,0.0,0.0,0.0,0.0,0.0,0.0,0.0,0.7501679528580865,0.6211310014503404,0.4223974343666844,0.21721088517641865,wait:0.000000;d:0.252997;e:0.342009;d+e:0.197312
13,137:6,137,no_addition,False,0.0,0.1111111111111111,0.0,0.1111111111111111,0.0,0.1111111111111111,0.0,0.0,1.0,0.0,0.16199676377542857,0.3928009614207508,0.21067495909785985,0.37675022887934356,wait:0.000000;d:-0.064825;e:-0.023102;d+e:-0.159507
13,140:6,140,no_addition,False,0.0,0.0,0.0,0.0,0.0,0.0,1.0,0.0,0.0,0.0,0.5478020888128705,0.7080101940254262,0.3346212834544936,0.4172365301980692,wait:0.510767
13,153:6,153,no_addition,False,0.0,0.0,0.0,0.0,0.0,0.0,0.0,0.0,0.0,1.0,0.49527004045165035,0.5059503814108773,0.25663317833606647,0.3716738497836488,wait:0.461787
13,159:0,159,no_addition,False,0.0,0.0,0.0,0.0,0.0,0.0,0.0,0.0,1.0,0.0,0.5474312548271205,0.7545088473815509,0.3379496723410936,0.4064367469037631,wait:0.000000
13,163:12,163,d,False,0.0,0.0,0.0,0.0,0.0,0.0,0.0,0.0,1.0,1.0,0.3465451813103254,0.27989422106334205,0.20120873539899256,0.3725321394430762,wait:0.000000;d:0.110794;e:-0.120537;d+e:-0.108366
13,168:0,168,no_addition,False,0.0,0.0,0.0,0.0,0.0,0.0,0.0,0.0,0.0,0.0,0.292630080354969,0.714687257737433,0.2124602298368124,0.3434550845162469,wait:0.000000
13,170:0,170,no_addition,False,0.0,0.0,0.0,0.0,0.0,0.0,0.0,0.0,1.0,1.0,0.3560270032855549,0.28358087012927624,0.3137915355224336,0.3714260410134784,wait:0.000000
13,176:6,176,no_addition,False,0.0,0.0,0.0,0.0,0.0,0.0,0.0,0.0,1.0,1.0,0.3495076827247391,0.5157044978695166,0.29667236080361553,0.19039524472284738,wait:0.000000;d:-0.002002
13,178:0,178,no_addition,False,0.0,0.0,0.0,0.0,0.0,0.0,1.0,0.0,1.0,0.0,0.3485119713581023,0.6128680806839006,0.30242028894009604,0.26244031453647154,wait:0.000000
13,179:12,179,d,False,0.14285714285714285,0.14285714285714285,0.14285714285714285,0.14285714285714285,0.14285714285714285,0.14285714285714285,0.0,0.0,1.0,1.0,0.5265849829139291,0.35656765421521563,0.2974924008428649,0.3040872577587576,wait:0.000000;d:0.176605;e:0.016939;d+e:0.021346
13,181:12,181,d,False,0.0,0.0,0.0,0.0,0.0,0.0,0.0,0.0,0.0,0.0,0.7946355321921084,0.42162272232813014,0.39624013053372786,0.3667363039972709,wait:0.000000;d:0.319190
13,187:6,187,no_addition,False,0.0,0.0,0.0,0.0,0.0,0.0,0.0,0.0,0.0,0.0,0.3211819069178439,0.5554585001628527,0.362124988748831,0.3298573274808079,wait:0.000000;d:-0.092957
13,199:6,199,no_addition,False,0.0,0.0,0.0,0.0,0.0,0.0,0.0,0.0,1.0,1.0,0.2889379141900572,0.5300935850297215,0.33328785511729253,0.39501652679189125,wait:0.000000;d:-0.093150
13,201:0,201,no_addition,False,0.0,0.0,0.0,0.0,0.0,0.0,1.0,0.0,0.0,0.0,0.47278913059741756,0.3791861288622632,0.20072772104470216,0.20987555220806772,wait:0.000000
13,206:6,206,no_addition,False,0.0,0.0,0.0,0.0,0.0,0.0,0.0,0.0,0.0,0.0,0.569019483699402,0.6849054856712129,0.21149801716550876,0.3938870593751493,wait:0.661348
13,207:0,207,no_addition,False,0.0,0.0,0.0,0.0,0.0,0.0,1.0,0.0,1.0,0.0,0.5830458851806273,0.4328621151935302,0.22389468572080504,0.4123575006396421,wait:0.000000
13,214:6,214,no_addition,False,0.16666666666666666,0.0,0.16666666666666666,0.0,0.16666666666666666,0.0,0.0,0.0,0.0,1.0,0.6973777556884364,0.4425859371474248,0.42880447972692504,0.2925123474407271,wait:0.412664
13,218:0,218,no_addition,False,0.0,0.0,0.0,0.0,0.0,0.0,0.0,0.0,0.0,1.0,0.5478474919216988,0.48677936469723215,0.22402292046599662,0.387614879129818,wait:0.000000
13,221:12,221,d,False,0.16666666666666666,0.0,0.16666666666666666,0.0,0.16666666666666666,0.0,0.0,0.0,0.0,1.0,0.642462249631158,0.25355016332485286,0.29910832062944887,0.2701802264111867,wait:0.000000;d:0.279316;e:-0.041903;d+e:0.085372
13,227:0,227,no_addition,False,0.0,0.0,0.0,0.0,0.0,0.0,0.0,0.0,0.0,0.0,0.3036138572423417,0.47420316210613983,0.28280812642659486,0.19354397946438265,wait:0.000000;d:-0.009457
13,229:12,229,e,False,0.16666666666666666,0.0,0.16666666666666666,0.0,0.16666666666666666,0.0,0.0,0.0,0.0,0.0,0.23345079342106856,0.3450312965568587,0.251504124211324,0.3017892034318376,wait:0.000000;d:-0.041323;e:0.008851;d+e:-0.117763
14,5:6,5,no_addition,False,0.05714285714285714,0.02857142857142857,0.05714285714285714,0.02857142857142857,0.05714285714285714,0.02857142857142857,1.0,1.0,3.0,3.0,0.3470274079757374,0.40546636862164376,0.1841488628383207,0.433845016108466,wait:0.000000
14,7:12,7,d,False,0.05,0.05,0.05,0.05,0.05,0.05,2.0,2.0,4.0,1.0,0.45304460312153294,0.4885269405568653,0.21326374303594545,0.3566948379424689,wait:0.000000;d:0.194623;e:0.083138;d+e:0.078359
14,19:12,19,d+e,False,0.0,0.041666666666666664,0.0,0.041666666666666664,0.0,0.041666666666666664,1.0,1.0,2.0,2.0,0.34237943417545424,0.3664905833426799,0.16018761077334098,0.16901788940500656,wait:0.000000;d:0.148065;e:0.160943;d+e:0.187296
14,34:6,34,no_addition,False,0.037037037037037035,0.0,0.037037037037037035,0.0,0.037037037037037035,0.0,2.0,0.0,0.0,0.0,0.5815202388406688,0.4731331275019812,0.4133769578804123,0.2610662765689028,wait:0.561519
14,36:0,36,no_addition,False,0.043478260869565216,0.0,0.043478260869565216,0.0,0.043478260869565216,0.0,0.0,1.0,0.0,0.0,0.6024611082725279,0.5685676611274928,0.40512906552507616,0.41900053739797377,wait:0.000000
14,40:6,40,no_addition,False,0.08333333333333333,0.0,0.08333333333333333,0.0,0.08333333333333333,0.0,0.0,0.0,2.0,1.0,0.2562335571653653,0.33738971473005974,0.40296437601181545,0.24866690722000864,wait:0.000000;d:-0.192271
14,42:0,42,no_addition,False,0.0,0.0,0.0,0.0,0.0,0.0,0.0,0.0,0.0,1.0,0.5815746493370327,0.1625907032458429,0.3370247532265757,0.2534510171764107,wait:0.000000;e:-0.127067
14,46:6,46,no_addition,False,0.0,0.0,0.0,0.0,0.0,0.0,0.0,0.0,1.0,0.0,0.3622188278447609,0.2351376774547832,0.3439476292750366,0.18760280558111614,wait:0.227050
14,55:0,55,no_addition,False,0.0,0.0,0.0,0.0,0.0,0.0,0.0,0.0,0.0,1.0,0.4575149512346959,0.40423984377293115,0.27604848689772193,0.21149207820782978,wait:0.000000
14,58:0,58,no_addition,False,0.0,0.0,0.0,0.0,0.0,0.0,0.0,0.0,0.0,0.0,0.7287979765855004,0.3168892329481223,0.22916244037719172,0.25204918347217453,wait:0.000000
14,86:12,86,e,False,0.07142857142857142,0.0,0.07142857142857142,0.0,0.07142857142857142,0.0,1.0,0.0,0.0,1.0,0.5171788590956377,0.4925629777634239,0.32801684652286517,0.2013722692006036,wait:0.000000;d:0.137612;e:0.242094;d+e:0.153215
14,95:6,95,no_addition,False,0.0,0.0,0.0,0.0,0.0,0.0,0.0,0.0,1.0,1.0,0.16476642873784236,0.19136601723325086,0.3797239704460827,0.26511376606491255,wait:0.000000;d:-0.231381;e:-0.092822;d+e:-0.369761
14,108:0,108,no_addition,False,0.0,0.0,0.0,0.0,0.0,0.0,0.0,0.0,1.0,0.0,0.2490103142311943,0.5585858136843243,0.4051152694937241,0.34700663599438875,wait:0.000000;d:-0.200925
14,125:0,125,no_addition,False,0.0,0.125,0.0,0.125,0.0,0.125,1.0,1.0,1.0,0.0,0.40184114205649724,0.6487446177077846,0.3253573236434573,0.3876140313729603,wait:0.388020
14,131:12,131,e,False,0.0,0.0,0.0,0.0,0.0,0.0,0.0,0.0,0.0,0.0,0.3563602311849474,0.5871447970231283,0.37985692616415667,0.3889506118451608,wait:0.000000;d:-0.059017;e:0.139670;d+e:-0.108949
14,137:6,137,no_addition,False,0.1111111111111111,0.1111111111111111,0.1111111111111111,0.0,0.1111111111111111,0.1111111111111111,0.0,0.0,1.0,1.0,0.16199676377542857,0.2749606729945256,0.20599329334012964,0.37675022887934356,wait:0.000000;d:-0.060144;e:-0.129196;d+e:-0.245446
14,140:6,140,no_addition,False,0.1111111111111111,0.0,0.1111111111111111,0.0,0.1111111111111111,0.0,1.0,0.0,0.0,0.0,0.5478020888128705,0.7080101940254262,0.3271852549332826,0.4172365301980692,wait:0.528961
14,153:6,153,no_addition,False,0.14285714285714285,0.0,0.14285714285714285,0.0,0.14285714285714285,0.0,0.0,0.0,0.0,1.0,0.49527004045165035,0.5059503814108773,0.24930080181217884,0.3716738497836488,wait:0.478235
14,159:0,159,no_addition,False,0.0,0.0,0.0,0.0,0.0,0.0,0.0,0.0,1.0,0.0,0.5474312548271205,0.7545088473815509,0.3379496723410936,0.4064367469037631,wait:0.000000
14,168:0,168,no_addition,False,0.0,0.0,0.0,0.0,0.0,0.0,0.0,0.0,0.0,0.0,0.292630080354969,0.714687257737433,0.2124602298368124,0.3434550845162469,wait:0.000000
14,170:0,170,no_addition,False,0.0,0.0,0.0,0.0,0.0,0.0,0.0,0.0,1.0,1.0,0.3560270032855549,0.28358087012927624,0.3137915355224336,0.3714260410134784,wait:0.000000
14,176:6,176,no_addition,False,0.0,0.0,0.0,0.0,0.0,0.0,0.0,0.0,1.0,1.0,0.3495076827247391,0.5157044978695166,0.29667236080361553,0.19039524472284738,wait:0.000000;d:-0.002002
14,178:0,178,no_addition,False,0.0,0.0,0.0,0.0,0.0,0.0,1.0,0.0,1.0,0.0,0.3485119713581023,0.6128680806839006,0.30242028894009604,0.26244031453647154,wait:0.000000
14,187:6,187,no_addition,False,0.0,0.0,0.0,0.0,0.0,0.0,0.0,0.0,0.0,0.0,0.3211819069178439,0.5554585001628527,0.362124988748831,0.3298573274808079,wait:0.000000;d:-0.092957
14,199:6,199,no_addition,False,0.0,0.0,0.0,0.0,0.0,0.0,0.0,0.0,1.0,1.0,0.2889379141900572,0.5300935850297215,0.33328785511729253,0.39501652679189125,wait:0.000000;d:-0.093150
14,201:0,201,no_addition,False,0.0,0.0,0.0,0.0,0.0,0.0,1.0,0.0,0.0,0.0,0.47278913059741756,0.3791861288622632,0.20072772104470216,0.20987555220806772,wait:0.000000
14,207:0,207,no_addition,False,0.0,0.0,0.0,0.0,0.0,0.0,1.0,0.0,1.0,0.0,0.5830458851806273,0.4328621151935302,0.22389468572080504,0.4123575006396421,wait:0.000000
14,214:6,214,no_addition,False,0.16666666666666666,0.0,0.16666666666666666,0.0,0.16666666666666666,0.0,0.0,0.0,0.0,1.0,0.6973777556884364,0.4425859371474248,0.42880447972692504,0.2925123474407271,wait:0.427363
14,218:0,218,no_addition,False,0.16666666666666666,0.0,0.16666666666666666,0.0,0.16666666666666666,0.0,0.0,0.0,0.0,1.0,0.5478474919216988,0.48677936469723215,0.21655548978379674,0.387614879129818,wait:0.000000
14,227:0,227,no_addition,False,0.0,0.0,0.0,0.0,0.0,0.0,0.0,0.0,0.0,0.0,0.3036138572423417,0.47420316210613983,0.28280812642659486,0.19354397946438265,wait:0.000000;d:-0.009457
15,5:6,5,no_addition,False,0.11428571428571428,0.02857142857142857,0.11428571428571428,0.02857142857142857,0.11428571428571428,0.02857142857142857,1.0,2.0,3.0,3.0,0.3470274079757374,0.47448689290542667,0.18201997425059444,0.433845016108466,wait:0.000000
15,22:12,22,d,False,0.16666666666666666,0.041666666666666664,0.16666666666666666,0.041666666666666664,0.16666666666666666,0.041666666666666664,1.0,0.0,0.0,0.0,0.48020742526873994,0.7525390979603048,0.1806862215827298,0.31188009928509824,wait:0.000000;d:0.231656
15,24:12,24,no_addition,False,0.07407407407407407,0.07407407407407407,0.037037037037037035,0.037037037037037035,0.07407407407407407,0.07407407407407407,1.0,0.0,2.0,3.0,0.5760614600288272,0.375638632153766,0.2774512956430672,0.38609198638928094,wait:0.556248;e:0.300232
15,29:12,29,no_addition,False,0.04,0.0,0.04,0.0,0.04,0.0,1.0,0.0,1.0,0.0,0.4777903751701448,0.25126708119605284,0.423652620332599,0.3381597478658024,wait:0.461357;e:0.225050
15,34:6,34,no_addition,False,0.037037037037037035,0.0,0.037037037037037035,0.0,0.037037037037037035,0.0,2.0,0.0,0.0,0.0,0.5815202388406688,0.4731331275019812,0.4133769578804123,0.2610662765689028,wait:0.000000
15,36:0,36,no_addition,False,0.043478260869565216,0.0,0.043478260869565216,0.0,0.043478260869565216,0.0,0.0,1.0,0.0,0.0,0.6024611082725279,0.5685676611274928,0.40512906552507616,0.41900053739797377,wait:0.000000
15,40:6,40,no_addition,False,0.08333333333333333,0.0,0.0,0.0,0.08333333333333333,0.0,0.0,0.0,3.0,1.0,0.23488076073491815,0.33738971473005974,0.40296437601181545,0.24866690722000864,wait:0.000000;d:-0.211495
15,42:0,42,no_addition,False,0.0,0.0,0.0,0.0,0.0,0.0,0.0,0.0,0.0,1.0,0.5815746493370327,0.1625907032458429,0.3370247532265757,0.2534510171764107,wait:0.000000;e:-0.127067
15,54:12,54,d,False,0.06666666666666667,0.06666666666666667,0.06666666666666667,0.06666666666666667,0.06666666666666667,0.06666666666666667,0.0,0.0,0.0,0.0,0.7511227556231685,0.6102581321196503,0.2612672779044546,0.193230360985359,wait:0.000000;d:0.414987;e:0.356200;d+e:0.379632
15,55:0,55,no_addition,False,0.0,0.0,0.0,0.0,0.0,0.0,0.0,0.0,0.0,1.0,0.4575149512346959,0.40423984377293115,0.27604848689772193,0.21149207820782978,wait:0.000000
15,58:0,58,no_addition,False,0.09090909090909091,0.09090909090909091,0.09090909090909091,0.09090909090909091,0.09090909090909091,0.09090909090909091,0.0,0.0,0.0,0.0,0.7287979765855004,0.3168892329481223,0.22499585055215188,0.24746647104540773,wait:0.000000
15,95:6,95,no_addition,False,0.0,0.09090909090909091,0.0,0.09090909090909091,0.0,0.09090909090909091,0.0,0.0,1.0,1.0,0.16476642873784236,0.19136601723325086,0.3797239704460827,0.2602935157728232,wait:0.000000;d:-0.231381;e:-0.088002;d+e:-0.364941
15,108:0,108,no_addition,False,0.0,0.0,0.0,0.0,0.0,0.0,0.0,0.0,1.0,0.0,0.2490103142311943,0.5585858136843243,0.4051152694937241,0.34700663599438875,wait:0.000000;d:-0.200925
15,109:12,109,d,False,0.0,0.0,0.0,0.0,0.0,0.0,0.0,1.0,0.0,0.0,0.3637435466685008,0.6556502135426798,0.1734570005175878,0.44836137518704255,wait:0.000000;d:0.154030;e:0.141937;d+e:0.082652
15,117:12,117,d,False,0.25,0.0,0.125,0.0,0.25,0.0,0.0,1.0,2.0,2.0,0.4635416711322443,0.4504399555216567,0.21135698426677443,0.2401405260341156,wait:0.000000;d:0.205981;e:0.165402;d+e:0.182134
15,125:0,125,no_addition,False,0.0,0.125,0.0,0.0,0.0,0.125,1.0,1.0,1.0,1.0,0.40184114205649724,0.4989239580352439,0.3253573236434573,0.3876140313729603,wait:0.000000
15,137:6,137,no_addition,False,0.1111111111111111,0.0,0.1111111111111111,0.0,0.1111111111111111,0.0,0.0,0.0,1.0,1.0,0.16199676377542857,0.2749606729945256,0.20599329334012964,0.38531273408114686,wait:0.000000;d:-0.060144;e:-0.137759;d+e:-0.254008
15,140:6,140,no_addition,False,0.1111111111111111,0.1111111111111111,0.1111111111111111,0.1111111111111111,0.1111111111111111,0.1111111111111111,1.0,0.0,0.0,0.0,0.5478020888128705,0.7080101940254262,0.3271852549332826,0.4079646073047788,wait:0.528961
15,141:12,141,d,False,0.0,0.0,0.0,0.0,0.0,0.0,0.0,0.0,0.0,1.0,0.35177503890230116,0.1948008478795004,0.17493756988996692,0.3480719363279325,wait:0.000000;d:0.141774;e:-0.172688;d+e:-0.106460
15,153:6,153,no_addition,False,0.14285714285714285,0.0,0.14285714285714285,0.0,0.14285714285714285,0.0,0.0,0.0,0.0,1.0,0.49527004045165035,0.5059503814108773,0.24930080181217884,0.3716738497836488,wait:0.000000
15,159:0,159,no_addition,False,0.0,0.0,0.0,0.0,0.0,0.0,0.0,0.0,1.0,0.0,0.5474312548271205,0.7545088473815509,0.3379496723410936,0.4064367469037631,wait:0.000000
15,168:0,168,no_addition,False,0.125,0.0,0.125,0.0,0.125,0.0,0.0,0.0,0.0,0.0,0.292630080354969,0.714687257737433,0.20714872409089208,0.3434550845162469,wait:0.000000
15,170:0,170,no_addition,False,0.0,0.0,0.0,0.0,0.0,0.0,0.0,0.0,1.0,1.0,0.3560270032855549,0.28358087012927624,0.3137915355224336,0.3714260410134784,wait:0.000000
15,176:6,176,d,False,0.16666666666666666,0.16666666666666666,0.16666666666666666,0.16666666666666666,0.16666666666666666,0.16666666666666666,0.0,0.0,1.0,1.0,0.3495076827247391,0.5157044978695166,0.2867832821101617,0.18404873656541915,wait:0.000000;d:0.007887
15,178:0,178,no_addition,False,0.0,0.0,0.0,0.0,0.0,0.0,1.0,0.0,1.0,0.0,0.3485119713581023,0.6128680806839006,0.30242028894009604,0.26244031453647154,wait:0.000000
15,184:12,184,d,False,0.0,0.0,0.0,0.0,0.0,0.0,1.0,0.0,0.0,0.0,0.5441898131361663,0.2994402084407679,0.3329551098625529,0.29829461350477027,wait:0.000000;d:0.156992;e:-0.028701;d+e:-0.023796
15,187:6,187,no_addition,False,0.0,0.0,0.0,0.0,0.0,0.0,0.0,0.0,0.0,0.0,0.3211819069178439,0.5554585001628527,0.362124988748831,0.3298573274808079,wait:0.000000;d:-0.092957
15,191:12,191,no_addition,False,0.14285714285714285,0.0,0.14285714285714285,0.0,0.14285714285714285,0.0,0.0,0.0,0.0,0.0,0.40810139716256255,0.35412383207244086,0.1604616640961879,0.4420432728833236,wait:0.394065;e:0.125210
15,199:6,199,no_addition,False,0.0,0.0,0.0,0.0,0.0,0.0,0.0,0.0,1.0,1.0,0.2889379141900572,0.5300935850297215,0.33328785511729253,0.39501652679189125,wait:0.000000;d:-0.093150
15,201:0,201,no_addition,False,0.0,0.0,0.0,0.0,0.0,0.0,1.0,0.0,0.0,0.0,0.47278913059741756,0.3791861288622632,0.20072772104470216,0.20987555220806772,wait:0.000000
15,207:0,207,no_addition,False,0.0,0.0,0.0,0.0,0.0,0.0,1.0,0.0,1.0,0.0,0.5830458851806273,0.4328621151935302,0.22389468572080504,0.4123575006396421,wait:0.000000
15,214:6,214,no_addition,False,0.16666666666666666,0.0,0.0,0.0,0.16666666666666666,0.0,0.0,0.0,1.0,1.0,0.4881644289819055,0.4425859371474248,0.42880447972692504,0.2925123474407271,wait:0.000000
15,218:0,218,no_addition,False,0.16666666666666666,0.0,0.16666666666666666,0.0,0.16666666666666666,0.0,0.0,0.0,0.0,1.0,0.5478474919216988,0.48677936469723215,0.21655548978379674,0.387614879129818,wait:0.000000
15,227:0,227,no_addition,False,0.0,0.0,0.0,0.0,0.0,0.0,0.0,0.0,0.0,0.0,0.3036138572423417,0.47420316210613983,0.28280812642659486,0.19354397946438265,wait:0.000000;d:-0.009457
16,5:6,5,no_addition,False,0.08571428571428572,0.02857142857142857,0.08571428571428572,0.02857142857142857,0.08571428571428572,0.02857142857142857,2.0,2.0,3.0,3.0,0.4182955845920552,0.47448689290542667,0.18308441854445756,0.433845016108466,wait:0.000000
16,22:12,22,no_addition,False,0.125,0.041666666666666664,0.125,0.041666666666666664,0.125,0.041666666666666664,2.0,0.0,0.0,0.0,0.5544635073732056,0.7525390979603048,0.18224386142396024,0.31188009928509824,wait:0.516978
16,34:6,34,no_addition,False,0.037037037037037035,0.0,0.037037037037037035,0.0,0.037037037037037035,0.0,3.0,0.0,0.0,0.0,0.616393552270613,0.4731331275019812,0.4133769578804123,0.2610662765689028,wait:0.000000
16,36:0,36,no_addition,False,0.0,0.0,0.0,0.0,0.0,0.0,1.0,1.0,0.0,0.0,0.7217227757907694,0.5685676611274928,0.40868282925775223,0.41900053739797377,wait:0.000000
16,40:6,40,no_addition,False,0.0,0.0,0.0,0.0,0.0,0.0,0.0,0.0,3.0,1.0,0.23488076073491815,0.33738971473005974,0.40979428068998186,0.24866690722000864,wait:0.000000;d:-0.218325
16,42:0,42,no_addition,False,0.0,0.0,0.0,0.0,0.0,0.0,0.0,0.0,0.0,1.0,0.5815746493370327,0.1625907032458429,0.3370247532265757,0.2534510171764107,wait:0.000000;e:-0.127067
16,55:0,55,no_addition,False,0.07692307692307693,0.0,0.07692307692307693,0.0,0.07692307692307693,0.0,0.0,0.0,0.0,1.0,0.4575149512346959,0.40423984377293115,0.27180158709929547,0.21149207820782978,wait:0.000000
16,58:0,58,no_addition,False,0.09090909090909091,0.09090909090909091,0.09090909090909091,0.09090909090909091,0.09090909090909091,0.09090909090909091,0.0,0.0,0.0,0.0,0.7287979765855004,0.3168892329481223,0.22499585055215188,0.24746647104540773,wait:0.000000
16,95:6,95,no_addition,False,0.0,0.09090909090909091,0.0,0.09090909090909091,0.0,0.09090909090909091,0.0,0.0,1.0,1.0,0.16476642873784236,0.19136601723325086,0.3797239704460827,0.2602935157728232,wait:0.000000;d:-0.231381;e:-0.088002;d+e:-0.364941
16,108:0,108,no_addition,False,0.125,0.0,0.125,0.0,0.125,0.0,0.0,0.0,1.0,0.0,0.2490103142311943,0.5585858136843243,0.394987387756381,0.34700663599438875,wait:0.000000;d:-0.190797
16,125:0,125,no_addition,False,0.0,0.0,0.0,0.0,0.0,0.0,1.0,1.0,1.0,1.0,0.40184114205649724,0.4989239580352439,0.3253573236434573,0.3975528526902157,wait:0.000000
16,136:12,136,d,False,0.16666666666666666,0.0,0.16666666666666666,0.0,0.16666666666666666,0.0,0.0,0.0,0.0,0.0,0.7501679528580865,0.6211310014503404,0.40831751988779497,0.21721088517641865,wait:0.000000;d:0.247077
16,137:6,137,no_addition,False,0.1111111111111111,0.0,0.1111111111111111,0.0,0.1111111111111111,0.0,0.0,0.0,1.0,1.0,0.16199676377542857,0.2749606729945256,0.20599329334012964,0.38531273408114686,wait:0.000000;d:-0.060144;e:-0.137759;d+e:-0.254008
16,153:6,153,no_addition,False,0.14285714285714285,0.0,0.14285714285714285,0.0,0.14285714285714285,0.0,0.0,0.0,0.0,1.0,0.49527004045165035,0.5059503814108773,0.24930080181217884,0.3716738497836488,wait:0.000000
16,159:0,159,no_addition,False,0.0,0.0,0.0,0.0,0.0,0.0,0.0,0.0,1.0,0.0,0.5474312548271205,0.7545088473815509,0.3379496723410936,0.4064367469037631,wait:0.000000
16,163:12,163,no_addition,False,0.1,0.1,0.1,0.1,0.1,0.1,0.0,0.0,1.0,1.0,0.3465451813103254,0.27989422106334205,0.1971845606910127,0.3650814966542147,wait:0.334626;e:0.117216
16,168:0,168,no_addition,False,0.125,0.0,0.125,0.0,0.125,0.0,0.0,0.0,0.0,0.0,0.292630080354969,0.714687257737433,0.20714872409089208,0.3434550845162469,wait:0.000000
16,170:0,170,no_addition,False,0.0,0.0,0.0,0.0,0.0,0.0,0.0,0.0,1.0,1.0,0.3560270032855549,0.28358087012927624,0.3137915355224336,0.3714260410134784,wait:0.000000
16,176:6,176,no_addition,False,0.16666666666666666,0.16666666666666666,0.16666666666666666,0.16666666666666666,0.16666666666666666,0.16666666666666666,0.0,0.0,1.0,1.0,0.3495076827247391,0.5157044978695166,0.2867832821101617,0.18404873656541915,wait:0.325879
16,178:0,178,no_addition,False,0.0,0.0,0.0,0.0,0.0,0.0,1.0,0.0,1.0,0.0,0.3485119713581023,0.6128680806839006,0.30242028894009604,0.26244031453647154,wait:0.000000
16,179:12,179,no_addition,False,0.14285714285714285,0.0,0.14285714285714285,0.0,0.14285714285714285,0.0,0.0,0.0,2.0,2.0,0.4513585567833678,0.30562941789875625,0.2974924008428649,0.3130310006340152,wait:0.435834;e:0.258042
16,181:12,181,no_addition,False,0.0,0.0,0.0,0.0,0.0,0.0,0.0,0.0,0.0,0.0,0.7946355321921084,0.42162272232813014,0.39624013053372786,0.3667363039972709,wait:0.000000
16,187:6,187,no_addition,False,0.0,0.0,0.0,0.0,0.0,0.0,0.0,0.0,0.0,0.0,0.3211819069178439,0.5554585001628527,0.362124988748831,0.3298573274808079,wait:0.000000;d:-0.092957
16,191:12,191,no_addition,False,0.0,0.0,0.0,0.0,0.0,0.0,1.0,0.0,0.0,0.0,0.5856709780137939,0.35412383207244086,0.1651811248048993,0.4420432728833236,wait:0.501578;e:0.198444
16,199:6,199,no_addition,False,0.0,0.0,0.0,0.0,0.0,0.0,0.0,0.0,1.0,1.0,0.2889379141900572,0.5300935850297215,0.33328785511729253,0.39501652679189125,wait:0.000000;d:-0.093150
16,201:0,201,no_addition,False,0.16666666666666666,0.0,0.16666666666666666,0.0,0.16666666666666666,0.0,1.0,0.0,0.0,0.0,0.47278913059741756,0.3791861288622632,0.19403679700987875,0.20987555220806772,wait:0.000000
16,207:0,207,no_addition,False,0.0,0.0,0.0,0.0,0.0,0.0,1.0,0.0,1.0,0.0,0.5830458851806273,0.4328621151935302,0.22389468572080504,0.4123575006396421,wait:0.000000
16,214:6,214,no_addition,False,0.0,0.0,0.0,0.0,0.0,0.0,0.0,0.0,1.0,1.0,0.4881644289819055,0.4425859371474248,0.443590841096819,0.2925123474407271,wait:0.000000
16,218:0,218,no_addition,False,0.16666666666666666,0.0,0.16666666666666666,0.0,0.16666666666666666,0.0,0.0,0.0,0.0,1.0,0.5478474919216988,0.48677936469723215,0.21655548978379674,0.387614879129818,wait:0.000000
16,221:12,221,no_addition,False,0.0,0.0,0.0,0.0,0.0,0.0,1.0,0.0,0.0,1.0,0.7497235747418107,0.25355016332485286,0.309422400651154,0.2701802264111867,wait:0.000000;e:-0.061903
16,227:0,227,no_addition,False,0.0,0.0,0.0,0.0,0.0,0.0,0.0,0.0,0.0,0.0,0.3036138572423417,0.47420316210613983,0.28280812642659486,0.19354397946438265,wait:0.000000;d:-0.009457
16,229:12,229,d,False,0.16666666666666666,0.0,0.16666666666666666,0.0,0.16666666666666666,0.0,1.0,0.0,0.0,0.0,0.463415555394748,0.3450312965568587,0.251504124211324,0.3017892034318376,wait:0.333164;d:0.339880
17,5:6,5,no_addition,False,0.05714285714285714,0.02857142857142857,0.05714285714285714,0.0,0.05714285714285714,0.02857142857142857,3.0,2.0,3.0,4.0,0.4692014250322822,0.4380729816795573,0.1841488628383207,0.433845016108466,wait:0.000000
17,7:12,7,no_addition,False,0.05,0.025,0.05,0.0,0.05,0.025,4.0,3.0,4.0,3.0,0.5372389324108846,0.42363418127099783,0.21326374303594545,0.35849632702298645,wait:0.518761;e:0.323813
17,19:12,19,no_addition,False,0.125,0.0,0.125,0.0,0.125,0.0,1.0,1.0,2.0,3.0,0.34237943417545424,0.32468200606944286,0.15618292050400745,0.17043820780336796,wait:0.330603
17,22:12,22,no_addition,False,0.08333333333333333,0.041666666666666664,0.08333333333333333,0.0,0.08333333333333333,0.041666666666666664,3.0,0.0,0.0,1.0,0.5915915484254385,0.5267773685722134,0.18380150126519065,0.31188009928509824,wait:0.571244
17,34:6,34,no_addition,False,0.037037037037037035,0.0,0.037037037037037035,0.0,0.037037037037037035,0.0,3.0,0.0,0.0,0.0,0.616393552270613,0.4731331275019812,0.4133769578804123,0.2610662765689028,wait:0.000000
17,36:0,36,no_addition,False,0.0,0.0,0.0,0.0,0.0,0.0,1.0,1.0,0.0,0.0,0.7217227757907694,0.5685676611274928,0.40868282925775223,0.41900053739797377,wait:0.000000
17,40:6,40,no_addition,False,0.0,0.0,0.0,0.0,0.0,0.0,0.0,0.0,3.0,1.0,0.23488076073491815,0.33738971473005974,0.40979428068998186,0.24866690722000864,wait:0.000000;d:-0.218325
17,42:0,42,no_addition,False,0.0,0.0,0.0,0.0,0.0,0.0,0.0,0.0,0.0,1.0,0.5815746493370327,0.1625907032458429,0.3370247532265757,0.2534510171764107,wait:0.000000;e:-0.127067
17,55:0,55,no_addition,False,0.07692307692307693,0.0,0.07692307692307693,0.0,0.07692307692307693,0.0,0.0,0.0,0.0,1.0,0.4575149512346959,0.40423984377293115,0.27180158709929547,0.21149207820782978,wait:0.000000
17,58:0,58,no_addition,False,0.09090909090909091,0.09090909090909091,0.09090909090909091,0.0,0.09090909090909091,0.09090909090909091,0.0,0.0,0.0,1.0,0.7287979765855004,0.22182246306368564,0.22499585055215188,0.24746647104540773,wait:0.000000
17,86:12,86,no_addition,False,0.0,0.0,0.0,0.0,0.0,0.0,2.0,0.0,0.0,1.0,0.5861533077962608,0.4925629777634239,0.33277071386377627,0.2013722692006036,wait:0.475621;d:0.399580
17,95:6,95,no_addition,False,0.0,0.09090909090909091,0.0,0.09090909090909091,0.0,0.09090909090909091,0.0,0.0,1.0,1.0,0.16476642873784236,0.19136601723325086,0.3797239704460827,0.2602935157728232,wait:0.000000;d:-0.231381;e:-0.088002;d+e:-0.364941
17,108:0,108,no_addition,False,0.125,0.0,0.125,0.0,0.125,0.0,0.0,0.0,1.0,0.0,0.2490103142311943,0.5585858136843243,0.394987387756381,0.34700663599438875,wait:0.000000;d:-0.190797
17,125:0,125,no_addition,False,0.0,0.0,0.0,0.0,0.0,0.0,1.0,1.0,1.0,1.0,0.40184114205649724,0.4989239580352439,0.3253573236434573,0.3975528526902157,wait:0.000000
17,131:12,131,no_addition,False,0.0,0.0,0.0,0.0,0.0,0.0,0.0,0.0,0.0,0.0,0.3563602311849474,0.5871447970231283,0.37985692616415667,0.3889506118451608,wait:0.000000;d:-0.079017
17,136:12,136,no_addition,False,0.16666666666666666,0.0,0.16666666666666666,0.0,0.16666666666666666,0.0,0.0,0.0,0.0,0.0,0.7501679528580865,0.6211310014503404,0.40831751988779497,0.21721088517641865,wait:0.699452
17,137:6,137,d,False,0.0,0.0,0.0,0.0,0.0,0.0,1.0,0.0,1.0,1.0,0.33885436895036736,0.2749606729945256,0.21067495909785985,0.38531273408114686,wait:0.000000;d:0.094404;e:-0.137759;d+e:-0.138878
17,153:6,153,no_addition,False,0.0,0.0,0.0,0.0,0.0,0.0,1.0,0.0,0.0,1.0,0.6466890283161553,0.5059503814108773,0.25663317833606647,0.3716738497836488,wait:0.000000
17,159:0,159,no_addition,False,0.0,0.0,0.0,0.0,0.0,0.0,0.0,0.0,1.0,0.0,0.5474312548271205,0.7545088473815509,0.3379496723410936,0.4064367469037631,wait:0.000000
17,168:0,168,no_addition,False,0.125,0.0,0.125,0.0,0.125,0.0,0.0,0.0,0.0,0.0,0.292630080354969,0.714687257737433,0.20714872409089208,0.3434550845162469,wait:0.000000
17,170:0,170,no_addition,False,0.0,0.0,0.0,0.0,0.0,0.0,0.0,0.0,1.0,1.0,0.3560270032855549,0.28358087012927624,0.3137915355224336,0.3714260410134784,wait:0.000000
17,176:6,176,no_addition,False,0.16666666666666666,0.16666666666666666,0.16666666666666666,0.0,0.16666666666666666,0.16666666666666666,0.0,0.0,1.0,2.0,0.3495076827247391,0.4420324267452999,0.2867832821101617,0.18404873656541915,wait:0.337487
17,178:0,178,no_addition,False,0.0,0.0,0.0,0.0,0.0,0.0,1.0,0.0,1.0,0.0,0.3485119713581023,0.6128680806839006,0.30242028894009604,0.26244031453647154,wait:0.000000
17,181:12,181,no_addition,False,0.0,0.0,0.0,0.0,0.0,0.0,0.0,0.0,0.0,0.0,0.7946355321921084,0.42162272232813014,0.39624013053372786,0.3667363039972709,wait:0.000000
17,187:6,187,no_addition,False,0.0,0.0,0.0,0.0,0.0,0.0,0.0,0.0,0.0,0.0,0.3211819069178439,0.5554585001628527,0.362124988748831,0.3298573274808079,wait:0.000000;d:-0.092957
17,199:6,199,no_addition,False,0.0,0.0,0.0,0.0,0.0,0.0,0.0,0.0,1.0,1.0,0.2889379141900572,0.5300935850297215,0.33328785511729253,0.39501652679189125,wait:0.000000;d:-0.093150
17,201:0,201,no_addition,False,0.16666666666666666,0.0,0.16666666666666666,0.0,0.16666666666666666,0.0,1.0,0.0,0.0,0.0,0.47278913059741756,0.3791861288622632,0.19403679700987875,0.20987555220806772,wait:0.000000
17,207:0,207,no_addition,False,0.0,0.0,0.0,0.0,0.0,0.0,1.0,0.0,1.0,0.0,0.5830458851806273,0.4328621151935302,0.22389468572080504,0.4123575006396421,wait:0.000000
17,214:6,214,no_addition,False,0.0,0.0,0.0,0.0,0.0,0.0,0.0,0.0,1.0,1.0,0.4881644289819055,0.4425859371474248,0.443590841096819,0.2925123474407271,wait:0.000000
17,218:0,218,no_addition,False,0.0,0.0,0.0,0.0,0.0,0.0,1.0,0.0,0.0,1.0,0.6834932443451892,0.48677936469723215,0.22402292046599662,0.387614879129818,wait:0.000000
17,221:12,221,no_addition,False,0.0,0.0,0.0,0.0,0.0,0.0,1.0,0.0,0.0,1.0,0.7497235747418107,0.25355016332485286,0.309422400651154,0.2701802264111867,wait:0.000000;e:-0.061903
17,227:0,227,no_addition,False,0.0,0.0,0.0,0.0,0.0,0.0,0.0,0.0,0.0,0.0,0.3036138572423417,0.47420316210613983,0.28280812642659486,0.19354397946438265,wait:0.000000;d:-0.009457
18,5:6,5,no_addition,False,0.0,0.0,0.0,0.0,0.0,0.0,5.0,2.0,3.0,4.0,0.5370758789525849,0.4380729816795573,0.18627775142604694,0.4363383782700089,wait:0.000000
18,22:12,22,no_addition,False,0.0,0.0,0.0,0.0,0.0,0.0,5.0,0.0,0.0,1.0,0.6287195894776713,0.5267773685722134,0.18691678094765152,0.31450094045556126,wait:0.000000
18,34:6,34,no_addition,False,0.037037037037037035,0.0,0.0,0.0,0.037037037037037035,0.0,3.0,0.0,1.0,0.0,0.5173175403285797,0.4731331275019812,0.4133769578804123,0.2610662765689028,wait:0.000000
18,36:0,36,no_addition,False,0.043478260869565216,0.0,0.043478260869565216,0.0,0.043478260869565216,0.0,1.0,1.0,0.0,0.0,0.7217227757907694,0.5685676611274928,0.40512906552507616,0.41900053739797377,wait:0.000000
18,40:6,40,no_addition,False,0.0,0.0,0.0,0.0,0.0,0.0,0.0,0.0,3.0,1.0,0.23488076073491815,0.33738971473005974,0.40979428068998186,0.24866690722000864,wait:0.000000;d:-0.218325
18,42:0,42,no_addition,False,0.0,0.0,0.0,0.0,0.0,0.0,0.0,0.0,0.0,1.0,0.5815746493370327,0.1625907032458429,0.3370247532265757,0.2534510171764107,wait:0.000000;e:-0.127067
18,54:12,54,no_addition,False,0.06666666666666667,0.0,0.06666666666666667,0.0,0.06666666666666667,0.0,1.0,0.0,0.0,1.0,0.825785928936218,0.42718069248375523,0.2612672779044546,0.19584158207975574,wait:0.797383;e:0.659468
18,55:0,55,no_addition,False,0.07692307692307693,0.0,0.0,0.0,0.07692307692307693,0.0,0.0,0.0,1.0,1.0,0.32026046586428714,0.40423984377293115,0.27180158709929547,0.21149207820782978,wait:0.000000
18,58:0,58,no_addition,False,0.0,0.0,0.0,0.0,0.0,0.0,1.0,0.0,0.0,1.0,0.8101585836098503,0.22182246306368564,0.22916244037719172,0.25204918347217453,wait:0.000000
18,94:18,94,d,False,0.0,0.0,0.0,0.0,0.0,0.0,2.0,1.0,1.0,1.0,0.44503885475158955,0.5460230763410343,0.21800924687211456,0.38576636836737893,wait:0.000000;d:0.182670
18,95:6,95,e,False,0.0,0.0,0.0,0.0,0.0,0.0,0.0,1.0,1.0,1.0,0.16476642873784236,0.3640280147713579,0.3797239704460827,0.26511376606491255,wait:0.000000;d:-0.231381;e:0.062630;d+e:-0.237370
18,108:0,108,no_addition,False,0.125,0.0,0.125,0.0,0.125,0.0,0.0,0.0,1.0,0.0,0.2490103142311943,0.5585858136843243,0.394987387756381,0.34700663599438875,wait:0.000000;d:-0.190797
18,109:12,109,no_addition,False,0.0,0.0,0.0,0.0,0.0,0.0,0.0,1.0,0.0,0.0,0.3637435466685008,0.6556502135426798,0.1734570005175878,0.44836137518704255,wait:0.351233;e:0.265837
18,110:18,110,d,False,0.14285714285714285,0.0,0.14285714285714285,0.0,0.14285714285714285,0.0,0.0,0.0,1.0,0.0,0.48254247900419245,0.43363043451206085,0.3459338039045983,0.16509472292500954,wait:0.000000;d:0.088511
18,117:12,117,e,False,0.0,0.0,0.0,0.0,0.0,0.0,1.0,1.0,2.0,2.0,0.5749131985378906,0.4504399555216567,0.22248103607028888,0.2401405260341156,wait:0.000000;e:0.145402
18,125:0,125,no_addition,False,0.0,0.0,0.0,0.0,0.0,0.0,1.0,1.0,1.0,1.0,0.40184114205649724,0.4989239580352439,0.3253573236434573,0.3975528526902157,wait:0.000000
18,131:12,131,no_addition,False,0.0,0.0,0.0,0.0,0.0,0.0,0.0,0.0,0.0,0.0,0.3563602311849474,0.5871447970231283,0.37985692616415667,0.3889506118451608,wait:0.000000;d:-0.079017
18,136:12,136,no_addition,False,0.16666666666666666,0.0,0.16666666666666666,0.0,0.16666666666666666,0.0,0.0,0.0,0.0,0.0,0.7501679528580865,0.6211310014503404,0.40831751988779497,0.21721088517641865,wait:0.724366
18,141:12,141,no_addition,False,0.0,0.0,0.0,0.0,0.0,0.0,0.0,0.0,0.0,1.0,0.35177503890230116,0.1948008478795004,0.17493756988996692,0.3480719363279325,wait:0.339676;e:0.087414
18,153:6,153,no_addition,False,0.0,0.0,0.0,0.0,0.0,0.0,1.0,0.0,0.0,1.0,0.6466890283161553,0.5059503814108773,0.25663317833606647,0.3716738497836488,wait:0.000000
18,159:0,159,no_addition,False,0.0,0.0,0.0,0.0,0.0,0.0,0.0,0.0,1.0,0.0,0.5474312548271205,0.7545088473815509,0.3379496723410936,0.4064367469037631,wait:0.000000
18,168:0,168,no_addition,False,0.0,0.0,0.0,0.0,0.0,0.0,1.0,0.0,0.0,0.0,0.5048410562484783,0.714687257737433,0.2124602298368124,0.3434550845162469,wait:0.000000
18,170:0,170,no_addition,False,0.0,0.0,0.0,0.0,0.0,0.0,0.0,0.0,1.0,1.0,0.3560270032855549,0.28358087012927624,0.3137915355224336,0.3714260410134784,wait:0.000000
18,176:6,176,no_addition,False,0.0,0.0,0.0,0.0,0.0,0.0,1.0,0.0,1.0,2.0,0.4995780137640621,0.4420324267452999,0.29667236080361553,0.19039524472284738,wait:0.000000
18,178:0,178,no_addition,False,0.0,0.0,0.0,0.0,0.0,0.0,1.0,0.0,1.0,0.0,0.3485119713581023,0.6128680806839006,0.30242028894009604,0.26244031453647154,wait:0.000000
18,181:12,181,no_addition,False,0.0,0.0,0.0,0.0,0.0,0.0,0.0,0.0,0.0,0.0,0.7946355321921084,0.42162272232813014,0.39624013053372786,0.3667363039972709,wait:0.000000
18,184:12,184,no_addition,False,0.0,0.0,0.0,0.0,0.0,0.0,1.0,0.0,0.0,0.0,0.5441898131361663,0.2994402084407679,0.3329551098625529,0.29829461350477027,wait:0.525473;e:0.335107
18,187:6,187,no_addition,False,0.0,0.0,0.0,0.0,0.0,0.0,0.0,0.0,0.0,0.0,0.3211819069178439,0.5554585001628527,0.362124988748831,0.3298573274808079,wait:0.000000;d:-0.092957
18,199:6,199,no_addition,False,0.0,0.0,0.0,0.0,0.0,0.0,0.0,0.0,1.0,1.0,0.2889379141900572,0.5300935850297215,0.33328785511729253,0.39501652679189125,wait:0.000000;d:-0.093150
18,201:0,201,no_addition,False,0.16666666666666666,0.0,0.0,0.0,0.16666666666666666,0.0,1.0,0.0,1.0,0.0,0.34810496908350075,0.3791861288622632,0.19403679700987875,0.20987555220806772,wait:0.000000
18,207:0,207,no_addition,False,0.0,0.0,0.0,0.0,0.0,0.0,1.0,0.0,1.0,0.0,0.5830458851806273,0.4328621151935302,0.22389468572080504,0.4123575006396421,wait:0.000000
18,214:6,214,no_addition,False,0.0,0.0,0.0,0.0,0.0,0.0,0.0,0.0,1.0,1.0,0.4881644289819055,0.4425859371474248,0.443590841096819,0.2925123474407271,wait:0.000000
18,218:0,218,no_addition,False,0.0,0.0,0.0,0.0,0.0,0.0,1.0,0.0,0.0,1.0,0.6834932443451892,0.48677936469723215,0.22402292046599662,0.387614879129818,wait:0.000000
18,221:12,221,no_addition,False,0.0,0.0,0.0,0.0,0.0,0.0,1.0,0.0,0.0,1.0,0.7497235747418107,0.25355016332485286,0.309422400651154,0.2701802264111867,wait:0.000000;e:-0.061903
18,227:0,227,no_addition,False,0.0,0.0,0.0,0.0,0.0,0.0,0.0,0.0,0.0,0.0,0.3036138572423417,0.47420316210613983,0.28280812642659486,0.19354397946438265,wait:0.000000;d:-0.009457
19,5:6,5,no_addition,False,0.0,0.0,0.0,0.0,0.0,0.0,5.0,2.0,3.0,4.0,0.5370758789525849,0.4380729816795573,0.18627775142604694,0.4363383782700089,wait:0.000000
19,22:12,22,no_addition,False,0.0,0.0,0.0,0.0,0.0,0.0,5.0,0.0,0.0,1.0,0.6287195894776713,0.5267773685722134,0.18691678094765152,0.31450094045556126,wait:0.000000
19,34:6,34,no_addition,False,0.0,0.037037037037037035,0.0,0.037037037037037035,0.0,0.037037037037037035,3.0,0.0,1.0,0.0,0.5173175403285797,0.4731331275019812,0.41646186055116163,0.259132452298022,wait:0.000000
19,36:0,36,no_addition,False,0.043478260869565216,0.0,0.043478260869565216,0.0,0.043478260869565216,0.0,1.0,1.0,0.0,0.0,0.7217227757907694,0.5685676611274928,0.40512906552507616,0.41900053739797377,wait:0.000000
19,40:6,40,no_addition,False,0.0,0.0,0.0,0.0,0.0,0.0,0.0,0.0,3.0,1.0,0.23488076073491815,0.33738971473005974,0.40979428068998186,0.24866690722000864,wait:0.000000;d:-0.218325
19,42:0,42,no_addition,False,0.0,0.0,0.0,0.0,0.0,0.0,0.0,0.0,0.0,1.0,0.5815746493370327,0.1625907032458429,0.3370247532265757,0.2534510171764107,wait:0.000000;e:-0.127067
19,55:0,55,no_addition,False,0.0,0.07692307692307693,0.0,0.07692307692307693,0.0,0.07692307692307693,0.0,0.0,1.0,1.0,0.32026046586428714,0.40423984377293115,0.27604848689772193,0.20823835392770934,wait:0.000000
19,58:0,58,no_addition,False,0.0,0.0,0.0,0.0,0.0,0.0,1.0,0.0,0.0,1.0,0.8101585836098503,0.22182246306368564,0.22916244037719172,0.25204918347217453,wait:0.000000
19,74:18,74,d,False,0.0,0.0,0.0,0.0,0.0,0.0,2.0,1.0,1.0,2.0,0.5791064061928538,0.27585579137353733,0.28687086581582355,0.25873530292536745,wait:0.000000;d:0.234513;e:-0.010376;d+e:0.074647
19,108:0,108,no_addition,False,0.125,0.0,0.125,0.0,0.125,0.0,1.0,0.0,1.0,0.0,0.41343741219816654,0.5585858136843243,0.394987387756381,0.34700663599438875,wait:0.000000;d:-0.042760
19,117:12,117,no_addition,False,0.0,0.0,0.0,0.0,0.0,0.0,1.0,1.0,2.0,2.0,0.5749131985378906,0.4504399555216567,0.22248103607028888,0.2401405260341156,wait:0.419987
19,125:0,125,no_addition,False,0.0,0.0,0.0,0.0,0.0,0.0,1.0,1.0,1.0,1.0,0.40184114205649724,0.4989239580352439,0.3253573236434573,0.3975528526902157,wait:0.000000
19,131:12,131,no_addition,False,0.0,0.0,0.0,0.0,0.0,0.0,0.0,0.0,0.0,0.0,0.3563602311849474,0.5871447970231283,0.37985692616415667,0.3889506118451608,wait:0.000000;d:-0.079017
19,136:12,136,no_addition,False,0.0,0.0,0.0,0.0,0.0,0.0,1.0,0.0,0.0,0.0,0.8251175670006605,0.6211310014503404,0.4223974343666844,0.21721088517641865,wait:0.796738
19,153:6,153,no_addition,False,0.0,0.0,0.0,0.0,0.0,0.0,1.0,0.0,0.0,1.0,0.6466890283161553,0.5059503814108773,0.25663317833606647,0.3716738497836488,wait:0.000000
19,159:0,159,no_addition,False,0.0,0.0,0.0,0.0,0.0,0.0,0.0,0.0,1.0,0.0,0.5474312548271205,0.7545088473815509,0.3379496723410936,0.4064367469037631,wait:0.000000
19,165:18,165,e,False,0.0,0.0,0.0,0.0,0.0,0.0,0.0,0.0,2.0,1.0,0.45670753179906665,0.3846358397738324,0.2842003790024406,0.17199588536488428,wait:0.000000;d:0.126985;e:0.174301;d+e:0.138894
19,168:0,168,no_addition,False,0.0,0.0,0.0,0.0,0.0,0.0,1.0,0.0,0.0,0.0,0.5048410562484783,0.714687257737433,0.2124602298368124,0.3434550845162469,wait:0.000000
19,170:0,170,no_addition,False,0.16666666666666666,0.0,0.16666666666666666,0.0,0.16666666666666666,0.0,0.0,0.0,1.0,1.0,0.3560270032855549,0.28358087012927624,0.3033318176716858,0.3714260410134784,wait:0.000000
19,175:18,175,no_addition,False,0.0,0.0,0.0,0.0,0.0,0.0,0.0,0.0,1.0,1.0,0.21792791299787195,0.44205992872410627,0.3828994140573118,0.4457602991062814,wait:0.000000;d:-0.186694;e:-0.047763;d+e:-0.332546
19,176:6,176,no_addition,False,0.0,0.0,0.0,0.0,0.0,0.0,1.0,0.0,1.0,2.0,0.4995780137640621,0.4420324267452999,0.29667236080361553,0.19039524472284738,wait:0.000000
19,178:0,178,no_addition,False,0.0,0.0,0.0,0.0,0.0,0.0,1.0,0.0,1.0,0.0,0.3485119713581023,0.6128680806839006,0.30242028894009604,0.26244031453647154,wait:0.000000
19,181:12,181,no_addition,False,0.0,0.0,0.0,0.0,0.0,0.0,0.0,0.0,0.0,0.0,0.7946355321921084,0.42162272232813014,0.39624013053372786,0.3667363039972709,wait:0.000000
19,184:12,184,no_addition,False,0.0,0.0,0.0,0.0,0.0,0.0,1.0,0.0,0.0,0.0,0.5441898131361663,0.2994402084407679,0.3329551098625529,0.29829461350477027,wait:0.000000;e:-0.048701
19,187:6,187,no_addition,False,0.0,0.0,0.0,0.0,0.0,0.0,0.0,0.0,0.0,0.0,0.3211819069178439,0.5554585001628527,0.362124988748831,0.3298573274808079,wait:0.000000;d:-0.092957
19,189:18,189,d,False,0.0,0.0,0.0,0.0,0.0,0.0,0.0,0.0,0.0,0.0,0.39392543997621987,0.6125275587680161,0.1636051094508242,0.4340924017748582,wait:0.000000;d:0.191056;e:0.117381;d+e:0.092851
19,199:6,199,no_addition,False,0.0,0.0,0.0,0.0,0.0,0.0,0.0,0.0,1.0,1.0,0.2889379141900572,0.5300935850297215,0.33328785511729253,0.39501652679189125,wait:0.000000;d:-0.093150
19,201:0,201,no_addition,False,0.0,0.16666666666666666,0.0,0.16666666666666666,0.0,0.16666666666666666,1.0,0.0,1.0,0.0,0.34810496908350075,0.3791861288622632,0.20072772104470216,0.2028797004677988,wait:0.000000
19,203:18,203,d,False,0.0,0.0,0.0,0.0,0.0,0.0,2.0,0.0,0.0,0.0,0.8199360253870338,0.5135264455480919,0.411197420235476,0.35280032812438555,wait:0.000000;d:0.327011;e:0.109540;d+e:0.075248
19,207:0,207,no_addition,False,0.0,0.0,0.0,0.0,0.0,0.0,1.0,0.0,1.0,0.0,0.5830458851806273,0.4328621151935302,0.22389468572080504,0.4123575006396421,wait:0.000000
19,208:18,208,e,False,0.0,0.0,0.0,0.0,0.0,0.0,1.0,0.0,0.0,0.0,0.5181053835434617,0.6719454342725899,0.3859596365912661,0.34099353141222527,wait:0.000000;d:0.080503;e:0.263975;d+e:0.042283
19,214:6,214,no_addition,False,0.0,0.0,0.0,0.0,0.0,0.0,0.0,0.0,1.0,1.0,0.4881644289819055,0.4425859371474248,0.443590841096819,0.2925123474407271,wait:0.000000
19,218:0,218,no_addition,False,0.0,0.0,0.0,0.0,0.0,0.0,1.0,0.0,0.0,1.0,0.6834932443451892,0.48677936469723215,0.22402292046599662,0.387614879129818,wait:0.000000
19,221:12,221,no_addition,False,0.0,0.0,0.0,0.0,0.0,0.0,1.0,0.0,0.0,1.0,0.7497235747418107,0.25355016332485286,0.309422400651154,0.2701802264111867,wait:0.000000;e:-0.061903
19,227:0,227,no_addition,False,0.16666666666666666,0.0,0.16666666666666666,0.0,0.16666666666666666,0.0,0.0,0.0,0.0,0.0,0.3036138572423417,0.47420316210613983,0.2733811888790417,0.19354397946438265,wait:0.000000;d:-0.000030
20,5:6,5,no_addition,False,0.0,0.02857142857142857,0.0,0.02857142857142857,0.0,0.02857142857142857,5.0,2.0,3.0,4.0,0.5370758789525849,0.4380729816795573,0.18627775142604694,0.433845016108466,wait:0.000000
20,22:12,22,no_addition,False,0.0,0.0,0.0,0.0,0.0,0.0,5.0,0.0,0.0,1.0,0.6287195894776713,0.5267773685722134,0.18691678094765152,0.31450094045556126,wait:0.000000
20,34:6,34,no_addition,False,0.0,0.037037037037037035,0.0,0.037037037037037035,0.0,0.037037037037037035,3.0,0.0,1.0,0.0,0.5173175403285797,0.4731331275019812,0.41646186055116163,0.259132452298022,wait:0.000000
20,36:0,36,no_addition,False,0.043478260869565216,0.0,0.043478260869565216,0.0,0.043478260869565216,0.0,1.0,1.0,0.0,0.0,0.7217227757907694,0.5685676611274928,0.40512906552507616,0.41900053739797377,wait:0.000000
20,40:6,40,no_addition,False,0.0,0.0,0.0,0.0,0.0,0.0,0.0,0.0,3.0,1.0,0.23488076073491815,0.33738971473005974,0.40979428068998186,0.24866690722000864,wait:0.000000;d:-0.218325
20,42:0,42,no_addition,False,0.0,0.0,0.0,0.0,0.0,0.0,0.0,0.0,0.0,1.0,0.5815746493370327,0.1625907032458429,0.3370247532265757,0.2534510171764107,wait:0.000000;e:-0.127067
20,55:0,55,no_addition,False,0.07692307692307693,0.07692307692307693,0.07692307692307693,0.07692307692307693,0.07692307692307693,0.07692307692307693,0.0,0.0,1.0,1.0,0.32026046586428714,0.40423984377293115,0.27180158709929547,0.20823835392770934,wait:0.000000
20,57:18,57,d,False,0.0,0.0,0.0,0.0,0.0,0.0,1.0,0.0,0.0,2.0,0.4892381622335288,0.14788359668430087,0.3472400286318625,0.32934013747717866,wait:0.000000;d:0.093233
20,58:0,58,no_addition,False,0.0,0.0,0.0,0.0,0.0,0.0,1.0,0.0,0.0,1.0,0.8101585836098503,0.22182246306368564,0.22916244037719172,0.25204918347217453,wait:0.000000
20,107:18,107,no_addition,False,0.0,0.0,0.0,0.0,0.0,0.0,1.0,1.0,2.0,0.0,0.3001254076838217,0.5521756330374521,0.3467836357187902,0.3787669519245653,wait:0.000000;d:-0.076573
20,108:0,108,no_addition,False,0.125,0.0,0.125,0.0,0.125,0.0,1.0,0.0,1.0,0.0,0.41343741219816654,0.5585858136843243,0.394987387756381,0.34700663599438875,wait:0.000000;d:-0.042760
20,117:12,117,no_addition,False,0.0,0.0,0.0,0.0,0.0,0.0,1.0,1.0,2.0,2.0,0.5749131985378906,0.4504399555216567,0.22248103607028888,0.2401405260341156,wait:0.434947
20,125:0,125,no_addition,False,0.0,0.0,0.0,0.0,0.0,0.0,1.0,1.0,1.0,1.0,0.40184114205649724,0.4989239580352439,0.3253573236434573,0.3975528526902157,wait:0.000000
20,131:12,131,no_addition,False,0.0,0.0,0.0,0.0,0.0,0.0,0.0,0.0,0.0,0.0,0.3563602311849474,0.5871447970231283,0.37985692616415667,0.3889506118451608,wait:0.000000;d:-0.079017
20,137:6,137,no_addition,False,0.0,0.0,0.0,0.0,0.0,0.0,1.0,0.0,1.0,1.0,0.33885436895036736,0.2749606729945256,0.21067495909785985,0.38531273408114686,wait:0.327200;e:0.088441
20,153:6,153,no_addition,False,0.0,0.0,0.0,0.0,0.0,0.0,1.0,0.0,0.0,1.0,0.6466890283161553,0.5059503814108773,0.25663317833606647,0.3716738497836488,wait:0.000000
20,159:0,159,no_addition,False,0.0,0.0,0.0,0.0,0.0,0.0,0.0,0.0,1.0,0.0,0.5474312548271205,0.7545088473815509,0.3379496723410936,0.4064367469037631,wait:0.000000
20,168:0,168,no_addition,False,0.0,0.0,0.0,0.0,0.0,0.0,1.0,0.0,0.0,0.0,0.5048410562484783,0.714687257737433,0.2124602298368124,0.3434550845162469,wait:0.000000
20,170:0,170,no_addition,False,0.16666666666666666,0.0,0.16666666666666666,0.0,0.16666666666666666,0.0,0.0,0.0,1.0,1.0,0.3560270032855549,0.28358087012927624,0.3033318176716858,0.3714260410134784,wait:0.000000
20,175:18,175,no_addition,False,0.14285714285714285,0.0,0.14285714285714285,0.0,0.14285714285714285,0.0,0.0,0.0,1.0,1.0,0.21792791299787195,0.44205992872410627,0.3719594307985315,0.4457602991062814,wait:0.000000;d:-0.175754;e:-0.047763;d+e:-0.321606
20,176:6,176,no_addition,False,0.0,0.0,0.0,0.0,0.0,0.0,1.0,0.0,1.0,2.0,0.4995780137640621,0.4420324267452999,0.29667236080361553,0.19039524472284738,wait:0.000000
20,178:0,178,no_addition,False,0.0,0.0,0.0,0.0,0.0,0.0,1.0,0.0,1.0,0.0,0.3485119713581023,0.6128680806839006,0.30242028894009604,0.26244031453647154,wait:0.000000
20,181:12,181,no_addition,False,0.0,0.0,0.0,0.0,0.0,0.0,0.0,0.0,0.0,0.0,0.7946355321921084,0.42162272232813014,0.39624013053372786,0.3667363039972709,wait:0.000000
20,184:12,184,no_addition,False,0.0,0.0,0.0,0.0,0.0,0.0,1.0,0.0,0.0,0.0,0.5441898131361663,0.2994402084407679,0.3329551098625529,0.29829461350477027,wait:0.000000;e:-0.048701
20,187:6,187,no_addition,False,0.0,0.0,0.0,0.0,0.0,0.0,0.0,0.0,0.0,0.0,0.3211819069178439,0.5554585001628527,0.362124988748831,0.3298573274808079,wait:0.000000;d:-0.092957
20,199:6,199,no_addition,False,0.0,0.0,0.0,0.0,0.0,0.0,0.0,0.0,1.0,1.0,0.2889379141900572,0.5300935850297215,0.33328785511729253,0.39501652679189125,wait:0.000000;d:-0.093150
20,201:0,201,no_addition,False,0.0,0.16666666666666666,0.0,0.16666666666666666,0.0,0.16666666666666666,1.0,0.0,1.0,0.0,0.34810496908350075,0.3791861288622632,0.20072772104470216,0.2028797004677988,wait:0.000000
20,207:0,207,no_addition,False,0.0,0.0,0.0,0.0,0.0,0.0,1.0,0.0,1.0,0.0,0.5830458851806273,0.4328621151935302,0.22389468572080504,0.4123575006396421,wait:0.000000
20,214:6,214,no_addition,False,0.0,0.0,0.0,0.0,0.0,0.0,0.0,0.0,1.0,1.0,0.4881644289819055,0.4425859371474248,0.443590841096819,0.2925123474407271,wait:0.000000
20,218:0,218,no_addition,False,0.0,0.16666666666666666,0.0,0.16666666666666666,0.0,0.16666666666666666,1.0,0.0,0.0,1.0,0.6834932443451892,0.48677936469723215,0.22402292046599662,0.3746943831588241,wait:0.000000
20,221:12,221,no_addition,False,0.0,0.0,0.0,0.0,0.0,0.0,1.0,0.0,0.0,1.0,0.7497235747418107,0.25355016332485286,0.309422400651154,0.2701802264111867,wait:0.000000;e:-0.061903
20,227:0,227,no_addition,False,0.16666666666666666,0.0,0.16666666666666666,0.0,0.16666666666666666,0.0,0.0,0.0,0.0,0.0,0.3036138572423417,0.47420316210613983,0.2733811888790417,0.19354397946438265,wait:0.000000;d:-0.000030
20,236:18,236,d,False,0.0,0.0,0.0,0.0,0.0,0.0,2.0,1.0,0.0,0.0,0.6315368909273422,0.499716617305464,0.41295705089261764,0.3960113469032525,wait:0.000000;d:0.155631
21,5:6,5,no_addition,False,0.0,0.02857142857142857,0.0,0.02857142857142857,0.0,0.02857142857142857,5.0,2.0,3.0,4.0,0.5370758789525849,0.4380729816795573,0.18627775142604694,0.433845016108466,wait:0.000000
21,6:18,6,d,False,0.04,0.0,0.04,0.0,0.04,0.0,3.0,1.0,1.0,2.0,0.7058309471355508,0.39764335331610423,0.1816992739108327,0.3935696446921553,wait:0.000000;d:0.453778;e:-0.035562;d+e:0.170710
21,22:12,22,no_addition,False,0.0,0.0,0.0,0.0,0.0,0.0,5.0,0.0,0.0,1.0,0.6287195894776713,0.5267773685722134,0.18691678094765152,0.31450094045556126,wait:0.000000
21,34:6,34,no_addition,False,0.0,0.037037037037037035,0.0,0.037037037037037035,0.0,0.037037037037037035,3.0,0.0,1.0,0.0,0.5173175403285797,0.4731331275019812,0.41646186055116163,0.259132452298022,wait:0.000000
21,36:0,36,no_addition,False,0.0,0.0,0.0,0.0,0.0,0.0,2.0,1.0,0.0,0.0,0.7614766649635166,0.5685676611274928,0.40868282925775223,0.41900053739797377,wait:0.000000
21,40:6,40,no_addition,False,0.08333333333333333,0.0,0.08333333333333333,0.0,0.08333333333333333,0.0,0.0,0.0,3.0,1.0,0.23488076073491815,0.33738971473005974,0.40296437601181545,0.24866690722000864,wait:0.000000;d:-0.211495
21,42:0,42,no_addition,False,0.0,0.0,0.0,0.0,0.0,0.0,0.0,0.0,0.0,1.0,0.5815746493370327,0.1625907032458429,0.3370247532265757,0.2534510171764107,wait:0.000000;e:-0.127067
21,55:0,55,no_addition,False,0.07692307692307693,0.07692307692307693,0.07692307692307693,0.0,0.07692307692307693,0.07692307692307693,0.0,0.0,1.0,2.0,0.32026046586428714,0.3464912946625124,0.27180158709929547,0.20823835392770934,wait:0.000000
21,58:0,58,no_addition,False,0.0,0.0,0.0,0.0,0.0,0.0,1.0,0.0,0.0,1.0,0.8101585836098503,0.22182246306368564,0.22916244037719172,0.25204918347217453,wait:0.000000
21,87:18,87,d,False,0.0,0.0,0.0,0.0,0.0,0.0,1.0,0.0,2.0,0.0,0.49446656933559696,0.30842208455731873,0.20279804993293035,0.35065675570046845,wait:0.000000;d:0.242382;e:-0.072977;d+e:0.025788
21,89:18,89,d,False,0.0,0.0,0.0,0.0,0.0,0.0,1.0,0.0,1.0,1.0,0.4882320487938894,0.3557936313500952,0.28375073384880756,0.29798128606099056,wait:0.000000;d:0.155817
21,94:18,94,no_addition,False,0.0,0.0,0.0,0.0,0.0,0.0,2.0,1.0,1.0,1.0,0.44503885475158955,0.5460230763410343,0.21800924687211456,0.38576636836737893,wait:0.000000
21,95:6,95,no_addition,False,0.0,0.0,0.0,0.0,0.0,0.0,0.0,1.0,1.0,1.0,0.16476642873784236,0.3640280147713579,0.3797239704460827,0.26511376606491255,wait:0.000000;d:-0.251381
21,107:18,107,no_addition,False,0.0,0.0,0.0,0.0,0.0,0.0,1.0,1.0,2.0,0.0,0.3001254076838217,0.5521756330374521,0.3467836357187902,0.3787669519245653,wait:0.000000;d:-0.076573
21,108:0,108,no_addition,False,0.125,0.0,0.0,0.0,0.125,0.0,1.0,0.0,2.0,0.0,0.34565096118165267,0.5585858136843243,0.394987387756381,0.34700663599438875,wait:0.000000;d:-0.103789
21,110:18,110,no_addition,False,0.0,0.0,0.0,0.0,0.0,0.0,1.0,0.0,1.0,0.0,0.6136078391464506,0.43363043451206085,0.35610832754885124,0.16509472292500954,wait:0.592503
21,117:12,117,no_addition,False,0.0,0.0,0.0,0.0,0.0,0.0,1.0,1.0,2.0,2.0,0.5749131985378906,0.4504399555216567,0.22248103607028888,0.2401405260341156,wait:0.434947
21,125:0,125,no_addition,False,0.0,0.0,0.0,0.0,0.0,0.0,1.0,1.0,1.0,1.0,0.40184114205649724,0.4989239580352439,0.3253573236434573,0.3975528526902157,wait:0.000000
21,131:12,131,no_addition,False,0.0,0.0,0.0,0.0,0.0,0.0,0.0,0.0,0.0,0.0,0.3563602311849474,0.5871447970231283,0.37985692616415667,0.3889506118451608,wait:0.000000;d:-0.079017
21,153:6,153,no_addition,False,0.0,0.0,0.0,0.0,0.0,0.0,1.0,0.0,0.0,1.0,0.6466890283161553,0.5059503814108773,0.25663317833606647,0.3716738497836488,wait:0.000000
21,157:18,157,d,False,0.0,0.0,0.0,0.0,0.0,0.0,3.0,0.0,0.0,1.0,0.8481712606416587,0.40637682228124,0.20114252881425518,0.2641967451130781,wait:0.000000;d:0.562487
21,159:0,159,no_addition,False,0.0,0.0,0.0,0.0,0.0,0.0,0.0,0.0,1.0,0.0,0.5474312548271205,0.7545088473815509,0.3379496723410936,0.4064367469037631,wait:0.000000
21,161:18,161,d,False,0.0,0.0,0.0,0.0,0.0,0.0,3.0,0.0,0.0,0.0,0.7956663039258072,0.5691729643848509,0.15368000740445373,0.39526001653642473,wait:0.000000;d:0.562678;e:0.117180;d+e:0.292768
21,168:0,168,no_addition,False,0.0,0.0,0.0,0.0,0.0,0.0,1.0,0.0,0.0,0.0,0.5048410562484783,0.714687257737433,0.2124602298368124,0.3434550845162469,wait:0.000000
21,170:0,170,no_addition,False,0.16666666666666666,0.0,0.16666666666666666,0.0,0.16666666666666666,0.0,0.0,0.0,1.0,1.0,0.3560270032855549,0.28358087012927624,0.3033318176716858,0.3714260410134784,wait:0.000000
21,175:18,175,no_addition,False,0.14285714285714285,0.0,0.14285714285714285,0.0,0.14285714285714285,0.0,0.0,0.0,1.0,1.0,0.21792791299787195,0.44205992872410627,0.3719594307985315,0.4457602991062814,wait:0.000000;d:-0.175754;e:-0.047763;d+e:-0.321606
21,176:6,176,no_addition,False,0.0,0.0,0.0,0.0,0.0,0.0,1.0,0.0,1.0,2.0,0.4995780137640621,0.4420324267452999,0.29667236080361553,0.19039524472284738,wait:0.000000
21,178:0,178,no_addition,False,0.0,0.0,0.0,0.0,0.0,0.0,1.0,0.0,1.0,0.0,0.3485119713581023,0.6128680806839006,0.30242028894009604,0.26244031453647154,wait:0.000000
21,180:18,180,d,False,0.0,0.0,0.0,0.0,0.0,0.0,3.0,0.0,0.0,0.0,0.8671743473290296,0.7410511944966605,0.26348752174914253,0.3139739081884891,wait:0.000000;d:0.517251;e:0.353213;d+e:0.329565
21,181:12,181,no_addition,False,0.0,0.0,0.0,0.0,0.0,0.0,0.0,0.0,0.0,0.0,0.7946355321921084,0.42162272232813014,0.39624013053372786,0.3667363039972709,wait:0.000000
21,184:12,184,no_addition,False,0.0,0.0,0.0,0.0,0.0,0.0,1.0,0.0,0.0,0.0,0.5441898131361663,0.2994402084407679,0.3329551098625529,0.29829461350477027,wait:0.000000;e:-0.048701
21,187:6,187,no_addition,False,0.0,0.0,0.0,0.0,0.0,0.0,0.0,0.0,0.0,0.0,0.3211819069178439,0.5554585001628527,0.362124988748831,0.3298573274808079,wait:0.000000;d:-0.092957
21,199:6,199,no_addition,False,0.0,0.0,0.0,0.0,0.0,0.0,0.0,0.0,1.0,1.0,0.2889379141900572,0.5300935850297215,0.33328785511729253,0.39501652679189125,wait:0.000000;d:-0.093150
21,201:0,201,no_addition,False,0.0,0.16666666666666666,0.0,0.16666666666666666,0.0,0.16666666666666666,1.0,0.0,1.0,0.0,0.34810496908350075,0.3791861288622632,0.20072772104470216,0.2028797004677988,wait:0.000000
21,207:0,207,no_addition,False,0.0,0.0,0.0,0.0,0.0,0.0,1.0,0.0,1.0,0.0,0.5830458851806273,0.4328621151935302,0.22389468572080504,0.4123575006396421,wait:0.000000
21,214:6,214,no_addition,False,0.0,0.0,0.0,0.0,0.0,0.0,0.0,0.0,1.0,1.0,0.4881644289819055,0.4425859371474248,0.443590841096819,0.2925123474407271,wait:0.000000
21,218:0,218,no_addition,False,0.0,0.16666666666666666,0.0,0.16666666666666666,0.0,0.16666666666666666,1.0,0.0,0.0,1.0,0.6834932443451892,0.48677936469723215,0.22402292046599662,0.3746943831588241,wait:0.000000
21,220:18,220,e,False,0.0,0.0,0.0,0.0,0.0,0.0,2.0,0.0,1.0,0.0,0.5856328259507437,0.6006612426154204,0.39513052986510216,0.17546956606498276,wait:0.000000;d:0.132129;e:0.365320;d+e:0.192313
21,221:12,221,no_addition,False,0.0,0.0,0.0,0.0,0.0,0.0,1.0,0.0,0.0,1.0,0.7497235747418107,0.25355016332485286,0.309422400651154,0.2701802264111867,wait:0.000000;e:-0.061903
21,227:0,227,no_addition,False,0.16666666666666666,0.0,0.0,0.0,0.16666666666666666,0.0,0.0,0.0,1.0,0.0,0.21252970006963917,0.47420316210613983,0.2733811888790417,0.19354397946438265,wait:0.000000;d:-0.082035
22,5:6,5,no_addition,False,0.02857142857142857,0.02857142857142857,0.02857142857142857,0.02857142857142857,0.02857142857142857,0.02857142857142857,4.0,1.0,3.0,3.0,0.5073808053624524,0.40546636862164376,0.1852133071321838,0.433845016108466,wait:0.000000
22,22:12,22,no_addition,False,0.0,0.0,0.0,0.0,0.0,0.0,5.0,0.0,0.0,1.0,0.6287195894776713,0.5267773685722134,0.18691678094765152,0.31450094045556126,wait:0.000000
22,34:6,34,no_addition,False,0.037037037037037035,0.0,0.037037037037037035,0.0,0.037037037037037035,0.0,3.0,0.0,1.0,1.0,0.5173175403285797,0.33119318925138685,0.4133769578804123,0.2610662765689028,wait:0.000000
22,36:0,36,no_addition,False,0.0,0.0,0.0,0.0,0.0,0.0,2.0,1.0,0.0,0.0,0.7614766649635166,0.5685676611274928,0.40868282925775223,0.41900053739797377,wait:0.000000
22,40:6,40,no_addition,False,0.08333333333333333,0.0,0.08333333333333333,0.0,0.08333333333333333,0.0,0.0,0.0,3.0,1.0,0.23488076073491815,0.33738971473005974,0.40296437601181545,0.24866690722000864,wait:0.000000;d:-0.211495
22,42:0,42,no_addition,False,0.0,0.0,0.0,0.0,0.0,0.0,0.0,0.0,0.0,1.0,0.5815746493370327,0.1625907032458429,0.3370247532265757,0.2534510171764107,wait:0.000000;e:-0.127067
22,55:0,55,no_addition,False,0.07692307692307693,0.0,0.07692307692307693,0.0,0.07692307692307693,0.0,0.0,0.0,1.0,2.0,0.32026046586428714,0.3464912946625124,0.27180158709929547,0.21149207820782978,wait:0.000000
22,58:0,58,no_addition,False,0.0,0.0,0.0,0.0,0.0,0.0,1.0,0.0,0.0,1.0,0.8101585836098503,0.22182246306368564,0.22916244037719172,0.25204918347217453,wait:0.000000
22,74:18,74,no_addition,False,0.0,0.0,0.0,0.0,0.0,0.0,2.0,1.0,1.0,2.0,0.5791064061928538,0.27585579137353733,0.28687086581582355,0.25873530292536745,wait:0.559188;e:0.389933
22,94:18,94,no_addition,False,0.0,0.0,0.0,0.0,0.0,0.0,2.0,1.0,1.0,1.0,0.44503885475158955,0.5460230763410343,0.21800924687211456,0.38576636836737893,wait:0.000000
22,95:6,95,no_addition,False,0.0,0.0,0.0,0.0,0.0,0.0,0.0,1.0,1.0,1.0,0.16476642873784236,0.3640280147713579,0.3797239704460827,0.26511376606491255,wait:0.000000;d:-0.251381
22,107:18,107,no_addition,False,0.0,0.0,0.0,0.0,0.0,0.0,1.0,1.0,2.0,0.0,0.3001254076838217,0.5521756330374521,0.3467836357187902,0.3787669519245653,wait:0.000000;d:-0.076573
22,108:0,108,no_addition,False,0.0,0.0,0.0,0.0,0.0,0.0,1.0,0.0,2.0,0.0,0.34565096118165267,0.5585858136843243,0.4051152694937241,0.34700663599438875,wait:0.000000;d:-0.113917
22,117:12,117,no_addition,False,0.0,0.0,0.0,0.0,0.0,0.0,1.0,1.0,2.0,1.0,0.5749131985378906,0.5277526787508983,0.22248103607028888,0.2401405260341156,wait:0.000000
22,125:0,125,no_addition,False,0.0,0.0,0.0,0.0,0.0,0.0,1.0,0.0,1.0,1.0,0.40184114205649724,0.34874461770778453,0.3253573236434573,0.3975528526902157,wait:0.000000
22,131:12,131,no_addition,False,0.0,0.0,0.0,0.0,0.0,0.0,0.0,0.0,0.0,0.0,0.3563602311849474,0.5871447970231283,0.37985692616415667,0.3889506118451608,wait:0.000000;d:-0.079017
22,153:6,153,no_addition,False,0.0,0.0,0.0,0.0,0.0,0.0,1.0,0.0,0.0,1.0,0.6466890283161553,0.5059503814108773,0.25663317833606647,0.3716738497836488,wait:0.000000
22,159:0,159,no_addition,False,0.0,0.0,0.0,0.0,0.0,0.0,0.0,0.0,0.0,0.0,0.7820446497530293,0.7545088473815509,0.3379496723410936,0.4064367469037631,wait:0.000000
22,165:18,165,no_addition,False,0.0,0.0,0.0,0.0,0.0,0.0,0.0,0.0,2.0,1.0,0.45670753179906665,0.3846358397738324,0.2842003790024406,0.17199588536488428,wait:0.371406;d:0.325674
22,168:0,168,no_addition,False,0.0,0.0,0.0,0.0,0.0,0.0,1.0,0.0,0.0,0.0,0.5048410562484783,0.714687257737433,0.2124602298368124,0.3434550845162469,wait:0.000000
22,170:0,170,no_addition,False,0.16666666666666666,0.0,0.16666666666666666,0.0,0.16666666666666666,0.0,1.0,0.0,0.0,1.0,0.6560270032855549,0.28358087012927624,0.3033318176716858,0.3714260410134784,wait:0.000000
22,175:18,175,no_addition,False,0.14285714285714285,0.0,0.14285714285714285,0.0,0.14285714285714285,0.0,0.0,0.0,1.0,1.0,0.21792791299787195,0.44205992872410627,0.3719594307985315,0.4457602991062814,wait:0.000000;d:-0.175754;e:-0.047763;d+e:-0.321606
22,176:6,176,no_addition,False,0.0,0.0,0.0,0.0,0.0,0.0,1.0,0.0,1.0,2.0,0.4995780137640621,0.4420324267452999,0.29667236080361553,0.19039524472284738,wait:0.000000
22,178:0,178,no_addition,False,0.0,0.0,0.0,0.0,0.0,0.0,1.0,0.0,1.0,0.0,0.3485119713581023,0.6128680806839006,0.30242028894009604,0.26244031453647154,wait:0.000000
22,181:12,181,no_addition,False,0.0,0.0,0.0,0.0,0.0,0.0,0.0,0.0,0.0,0.0,0.7946355321921084,0.42162272232813014,0.39624013053372786,0.3667363039972709,wait:0.000000
22,184:12,184,no_addition,False,0.0,0.14285714285714285,0.0,0.14285714285714285,0.0,0.14285714285714285,1.0,0.0,0.0,0.0,0.5441898131361663,0.2994402084407679,0.3329551098625529,0.28977191026177684,wait:0.000000;e:-0.040179
22,187:6,187,no_addition,False,0.16666666666666666,0.0,0.16666666666666666,0.0,0.16666666666666666,0.0,0.0,0.0,0.0,0.0,0.3211819069178439,0.5554585001628527,0.3500541557905366,0.3298573274808079,wait:0.000000;d:-0.080886
22,189:18,189,no_addition,False,0.0,0.0,0.0,0.0,0.0,0.0,0.0,0.0,0.0,0.0,0.39392543997621987,0.6125275587680161,0.1636051094508242,0.4340924017748582,wait:0.380377;e:0.267990
22,199:6,199,no_addition,False,0.0,0.0,0.0,0.0,0.0,0.0,0.0,0.0,1.0,1.0,0.2889379141900572,0.5300935850297215,0.33328785511729253,0.39501652679189125,wait:0.000000;d:-0.093150
22,201:0,201,no_addition,False,0.0,0.0,0.0,0.0,0.0,0.0,1.0,0.0,1.0,1.0,0.34810496908350075,0.2654302902035843,0.20072772104470216,0.20987555220806772,wait:0.000000
22,203:18,203,e,False,0.0,0.0,0.0,0.0,0.0,0.0,2.0,0.0,0.0,0.0,0.8199360253870338,0.5135264455480919,0.411197420235476,0.35280032812438555,wait:0.000000;e:0.089540
22,207:0,207,no_addition,False,0.0,0.0,0.0,0.0,0.0,0.0,1.0,0.0,1.0,0.0,0.5830458851806273,0.4328621151935302,0.22389468572080504,0.4123575006396421,wait:0.000000
22,208:18,208,d,False,0.0,0.0,0.0,0.0,0.0,0.0,1.0,0.0,0.0,0.0,0.5181053835434617,0.6719454342725899,0.3859596365912661,0.34099353141222527,wait:0.000000;d:0.060503
22,214:6,214,no_addition,False,0.0,0.0,0.0,0.0,0.0,0.0,0.0,0.0,1.0,1.0,0.4881644289819055,0.4425859371474248,0.443590841096819,0.2925123474407271,wait:0.000000
22,218:0,218,no_addition,False,0.0,0.16666666666666666,0.0,0.16666666666666666,0.0,0.16666666666666666,1.0,0.0,0.0,1.0,0.6834932443451892,0.48677936469723215,0.22402292046599662,0.3746943831588241,wait:0.000000
22,221:12,221,no_addition,False,0.16666666666666666,0.0,0.16666666666666666,0.0,0.16666666666666666,0.0,1.0,0.0,0.0,1.0,0.7497235747418107,0.25355016332485286,0.29910832062944887,0.2701802264111867,wait:0.000000;e:-0.061903
22,227:0,227,no_addition,False,0.0,0.0,0.0,0.0,0.0,0.0,0.0,0.0,1.0,0.0,0.21252970006963917,0.47420316210613983,0.28280812642659486,0.19354397946438265,wait:0.000000;d:-0.091462
23,5:6,5,no_addition,False,0.02857142857142857,0.0,0.02857142857142857,0.0,0.02857142857142857,0.0,4.0,2.0,2.0,2.0,0.5549157107465679,0.5254663686216438,0.1852133071321838,0.4363383782700089,wait:0.000000
23,22:12,22,no_addition,False,0.0,0.0,0.0,0.0,0.0,0.0,5.0,0.0,0.0,1.0,0.6287195894776713,0.5267773685722134,0.18691678094765152,0.31450094045556126,wait:0.000000
23,34:6,34,no_addition,False,0.037037037037037035,0.0,0.037037037037037035,0.0,0.037037037037037035,0.0,2.0,0.0,1.0,1.0,0.4663935522706131,0.33119318925138685,0.4133769578804123,0.2610662765689028,wait:0.000000
23,36:0,36,no_addition,False,0.0,0.0,0.0,0.0,0.0,0.0,2.0,1.0,0.0,0.0,0.7614766649635166,0.5685676611274928,0.40868282925775223,0.41900053739797377,wait:0.000000
23,40:6,40,no_addition,False,0.08333333333333333,0.0,0.0,0.0,0.08333333333333333,0.0,0.0,0.0,3.0,1.0,0.23488076073491815,0.33738971473005974,0.40296437601181545,0.24866690722000864,wait:0.000000;d:-0.211495
23,42:0,42,no_addition,False,0.0,0.0,0.0,0.0,0.0,0.0,0.0,0.0,0.0,1.0,0.5815746493370327,0.1625907032458429,0.3370247532265757,0.2534510171764107,wait:0.000000;e:-0.127067
23,55:0,55,no_addition,False,0.0,0.0,0.0,0.0,0.0,0.0,1.0,0.0,1.0,2.0,0.47450897074081755,0.3464912946625124,0.27604848689772193,0.21149207820782978,wait:0.000000
23,57:18,57,no_addition,False,0.0,0.0,0.0,0.0,0.0,0.0,1.0,0.0,0.0,2.0,0.4892381622335288,0.14788359668430087,0.3472400286318625,0.32934013747717866,wait:0.000000
23,58:0,58,no_addition,False,0.0,0.0,0.0,0.0,0.0,0.0,1.0,0.0,0.0,1.0,0.8101585836098503,0.22182246306368564,0.22916244037719172,0.25204918347217453,wait:0.000000
23,94:18,94,no_addition,False,0.0,0.0,0.0,0.0,0.0,0.0,1.0,1.0,1.0,0.0,0.3582242051835522,0.7036935890645399,0.21800924687211456,0.38576636836737893,wait:0.000000
23,95:6,95,no_addition,False,0.0,0.0,0.0,0.0,0.0,0.0,0.0,1.0,1.0,0.0,0.16476642873784236,0.49136601723325085,0.3797239704460827,0.26511376606491255,wait:0.000000;d:-0.251381
23,107:18,107,no_addition,False,0.0,0.0,0.0,0.0,0.0,0.0,1.0,1.0,2.0,0.0,0.3001254076838217,0.5521756330374521,0.3467836357187902,0.3787669519245653,wait:0.000000;d:-0.076573
23,108:0,108,no_addition,False,0.0,0.0,0.0,0.0,0.0,0.0,1.0,0.0,2.0,0.0,0.34565096118165267,0.5585858136843243,0.4051152694937241,0.34700663599438875,wait:0.000000;d:-0.113917
23,117:12,117,no_addition,False,0.0,0.0,0.0,0.0,0.0,0.0,1.0,1.0,2.0,1.0,0.5749131985378906,0.5277526787508983,0.22248103607028888,0.2401405260341156,wait:0.000000
23,125:0,125,no_addition,False,0.0,0.0,0.0,0.0,0.0,0.0,1.0,0.0,1.0,1.0,0.40184114205649724,0.34874461770778453,0.3253573236434573,0.3975528526902157,wait:0.000000
23,131:12,131,no_addition,False,0.0,0.0,0.0,0.0,0.0,0.0,0.0,0.0,0.0,0.0,0.3563602311849474,0.5871447970231283,0.37985692616415667,0.3889506118451608,wait:0.000000;d:-0.079017
23,153:6,153,no_addition,False,0.0,0.0,0.0,0.0,0.0,0.0,1.0,0.0,0.0,1.0,0.6466890283161553,0.5059503814108773,0.25663317833606647,0.3716738497836488,wait:0.000000
23,159:0,159,no_addition,False,0.0,0.0,0.0,0.0,0.0,0.0,0.0,0.0,0.0,0.0,0.7820446497530293,0.7545088473815509,0.3379496723410936,0.4064367469037631,wait:0.000000
23,168:0,168,no_addition,False,0.0,0.0,0.0,0.0,0.0,0.0,1.0,0.0,0.0,0.0,0.5048410562484783,0.714687257737433,0.2124602298368124,0.3434550845162469,wait:0.000000
23,170:0,170,no_addition,False,0.16666666666666666,0.0,0.16666666666666666,0.0,0.16666666666666666,0.0,1.0,0.0,0.0,1.0,0.6560270032855549,0.28358087012927624,0.3033318176716858,0.3714260410134784,wait:0.000000
23,175:18,175,no_addition,False,0.0,0.0,0.0,0.0,0.0,0.0,1.0,0.0,1.0,1.0,0.38679535399817594,0.44205992872410627,0.3828994140573118,0.4457602991062814,wait:0.000000;d:-0.034658;e:-0.047763;d+e:-0.241020
23,176:6,176,no_addition,False,0.0,0.0,0.0,0.0,0.0,0.0,1.0,0.0,1.0,1.0,0.4995780137640621,0.5157044978695166,0.29667236080361553,0.19039524472284738,wait:0.000000
23,178:0,178,no_addition,False,0.0,0.0,0.0,0.0,0.0,0.0,1.0,0.0,1.0,0.0,0.3485119713581023,0.6128680806839006,0.30242028894009604,0.26244031453647154,wait:0.000000
23,181:12,181,no_addition,False,0.0,0.0,0.0,0.0,0.0,0.0,0.0,0.0,0.0,0.0,0.7946355321921084,0.42162272232813014,0.39624013053372786,0.3667363039972709,wait:0.000000
23,184:12,184,no_addition,False,0.0,0.14285714285714285,0.0,0.14285714285714285,0.0,0.14285714285714285,1.0,0.0,0.0,0.0,0.5441898131361663,0.2994402084407679,0.3329551098625529,0.28977191026177684,wait:0.000000;e:-0.040179
23,187:6,187,no_addition,False,0.16666666666666666,0.0,0.16666666666666666,0.0,0.16666666666666666,0.0,0.0,0.0,0.0,0.0,0.3211819069178439,0.5554585001628527,0.3500541557905366,0.3298573274808079,wait:0.000000;d:-0.080886
23,199:6,199,d,False,0.0,0.0,0.0,0.0,0.0,0.0,0.0,0.0,0.0,1.0,0.4127684488429389,0.5300935850297215,0.33328785511729253,0.39501652679189125,wait:0.000000;d:0.018338
23,201:0,201,no_addition,False,0.0,0.0,0.0,0.0,0.0,0.0,1.0,0.0,1.0,1.0,0.34810496908350075,0.2654302902035843,0.20072772104470216,0.20987555220806772,wait:0.000000
23,203:18,203,no_addition,False,0.0,0.0,0.0,0.0,0.0,0.0,2.0,0.0,0.0,0.0,0.8199360253870338,0.5135264455480919,0.411197420235476,0.35280032812438555,wait:0.478809
23,207:0,207,no_addition,False,0.0,0.0,0.0,0.0,0.0,0.0,1.0,0.0,1.0,0.0,0.5830458851806273,0.4328621151935302,0.22389468572080504,0.4123575006396421,wait:0.000000
23,208:18,208,no_addition,False,0.0,0.0,0.0,0.0,0.0,0.0,1.0,0.0,0.0,0.0,0.5181053835434617,0.6719454342725899,0.3859596365912661,0.34099353141222527,wait:0.483078
23,214:6,214,no_addition,False,0.0,0.0,0.0,0.0,0.0,0.0,0.0,0.0,1.0,1.0,0.4881644289819055,0.4425859371474248,0.443590841096819,0.2925123474407271,wait:0.000000
23,218:0,218,no_addition,False,0.0,0.0,0.0,0.0,0.0,0.0,1.0,1.0,0.0,1.0,0.6834932443451892,0.6172394554547704,0.22402292046599662,0.387614879129818,wait:0.000000
23,221:12,221,no_addition,False,0.16666666666666666,0.0,0.16666666666666666,0.0,0.16666666666666666,0.0,1.0,0.0,0.0,1.0,0.7497235747418107,0.25355016332485286,0.29910832062944887,0.2701802264111867,wait:0.000000;e:-0.061903
23,227:0,227,no_addition,False,0.0,0.0,0.0,0.0,0.0,0.0,0.0,0.0,1.0,0.0,0.21252970006963917,0.47420316210613983,0.28280812642659486,0.19354397946438265,wait:0.000000;d:-0.091462
23,236:18,236,no_addition,False,0.0,0.0,0.0,0.0,0.0,0.0,2.0,1.0,0.0,0.0,0.6315368909273422,0.499716617305464,0.41295705089261764,0.3960113469032525,wait:0.609815
24,1:24,1,no_addition,False,0.0,0.0,0.0,0.0,0.0,0.0,0.0,0.0,0.0,0.0,0.28830790495000835,0.27554244235247455,0.2708586019998547,0.3956222126258251,wait:0.000000;d:-0.011288;e:-0.147545;d+e:-0.243226
24,5:6,5,no_addition,False,0.02857142857142857,0.0,0.0,0.0,0.02857142857142857,0.0,4.0,2.0,3.0,2.0,0.5073808053624524,0.5254663686216438,0.1852133071321838,0.4363383782700089,wait:0.000000
24,6:18,6,no_addition,False,0.0,0.0,0.0,0.0,0.0,0.0,4.0,0.0,0.0,2.0,0.8258309471355507,0.27015638543575016,0.18316459063592008,0.3935696446921553,wait:0.797427;e:0.433129
24,22:12,22,no_addition,False,0.0,0.0,0.0,0.0,0.0,0.0,5.0,0.0,0.0,1.0,0.6287195894776713,0.5267773685722134,0.18691678094765152,0.31450094045556126,wait:0.000000
24,34:6,34,no_addition,False,0.037037037037037035,0.0,0.037037037037037035,0.0,0.037037037037037035,0.0,1.0,0.0,1.0,1.0,0.38152023884066877,0.33119318925138685,0.4133769578804123,0.2610662765689028,wait:0.000000
24,36:0,36,no_addition,False,0.0,0.0,0.0,0.0,0.0,0.0,2.0,1.0,0.0,0.0,0.7614766649635166,0.5685676611274928,0.40868282925775223,0.41900053739797377,wait:0.000000
24,40:6,40,no_addition,False,0.0,0.0,0.0,0.0,0.0,0.0,0.0,0.0,3.0,1.0,0.23488076073491815,0.33738971473005974,0.40979428068998186,0.24866690722000864,wait:0.000000;d:-0.218325
24,42:0,42,no_addition,False,0.0,0.0,0.0,0.0,0.0,0.0,0.0,0.0,0.0,1.0,0.5815746493370327,0.1625907032458429,0.3370247532265757,0.2534510171764107,wait:0.000000;e:-0.127067
24,55:0,55,no_addition,False,0.0,0.0,0.0,0.0,0.0,0.0,1.0,0.0,1.0,2.0,0.47450897074081755,0.3464912946625124,0.27604848689772193,0.21149207820782978,wait:0.000000
24,57:18,57,no_addition,False,0.0,0.0,0.0,0.0,0.0,0.0,1.0,0.0,0.0,2.0,0.4892381622335288,0.14788359668430087,0.3472400286318625,0.32934013747717866,wait:0.000000
24,58:0,58,no_addition,False,0.0,0.0,0.0,0.0,0.0,0.0,1.0,0.0,0.0,1.0,0.8101585836098503,0.22182246306368564,0.22916244037719172,0.25204918347217453,wait:0.000000
24,87:18,87,no_addition,False,0.1,0.0,0.1,0.0,0.1,0.0,1.0,0.0,2.0,0.0,0.49446656933559696,0.30842208455731873,0.19874208893427175,0.35065675570046845,wait:0.000000;e:-0.092977
24,89:18,89,no_addition,False,0.0,0.0,0.0,0.0,0.0,0.0,1.0,0.0,1.0,1.0,0.4882320487938894,0.3557936313500952,0.28375073384880756,0.29798128606099056,wait:0.471440
24,93:24,93,no_addition,False,0.0,0.0,0.0,0.0,0.0,0.0,1.0,1.0,2.0,2.0,0.32805931165859703,0.4198386547515379,0.30315833026947697,0.4141443069013125,wait:0.000000;d:-0.007798;e:-0.036153;d+e:-0.175595
24,94:18,94,no_addition,False,0.0,0.0,0.0,0.0,0.0,0.0,1.0,1.0,1.0,0.0,0.3582242051835522,0.7036935890645399,0.21800924687211456,0.38576636836737893,wait:0.000000
24,95:6,95,no_addition,False,0.0,0.0,0.0,0.0,0.0,0.0,0.0,1.0,1.0,0.0,0.16476642873784236,0.49136601723325085,0.3797239704460827,0.26511376606491255,wait:0.000000;d:-0.251381
24,101:24,101,d,False,0.0,0.0,0.0,0.0,0.0,0.0,0.0,0.0,0.0,0.0,0.7015815953158333,0.4732736835763851,0.18242635862309015,0.3435037370818977,wait:0.000000;d:0.449225;e:0.082596;d+e:0.242674
24,107:18,107,no_addition,False,0.0,0.0,0.0,0.0,0.0,0.0,1.0,1.0,2.0,0.0,0.3001254076838217,0.5521756330374521,0.3467836357187902,0.3787669519245653,wait:0.000000;d:-0.076573
24,108:0,108,no_addition,False,0.0,0.0,0.0,0.0,0.0,0.0,1.0,0.0,2.0,0.0,0.34565096118165267,0.5585858136843243,0.4051152694937241,0.34700663599438875,wait:0.000000;d:-0.113917
24,117:12,117,no_addition,False,0.0,0.0,0.0,0.0,0.0,0.0,1.0,1.0,2.0,1.0,0.5749131985378906,0.5277526787508983,0.22248103607028888,0.2401405260341156,wait:0.000000
24,125:0,125,no_addition,False,0.0,0.0,0.0,0.0,0.0,0.0,1.0,0.0,1.0,1.0,0.40184114205649724,0.34874461770778453,0.3253573236434573,0.3975528526902157,wait:0.000000
24,131:12,131,no_addition,False,0.0,0.0,0.0,0.0,0.0,0.0,0.0,0.0,0.0,0.0,0.3563602311849474,0.5871447970231283,0.37985692616415667,0.3889506118451608,wait:0.000000;d:-0.079017
24,153:6,153,no_addition,False,0.0,0.0,0.0,0.0,0.0,0.0,1.0,0.0,0.0,1.0,0.6466890283161553,0.5059503814108773,0.25663317833606647,0.3716738497836488,wait:0.000000
24,157:18,157,no_addition,False,0.0,0.0,0.0,0.0,0.0,0.0,3.0,0.0,0.0,1.0,0.8481712606416587,0.40637682228124,0.20114252881425518,0.2641967451130781,wait:0.818999
24,159:0,159,no_addition,False,0.0,0.0,0.0,0.0,0.0,0.0,0.0,0.0,0.0,0.0,0.7820446497530293,0.7545088473815509,0.3379496723410936,0.4064367469037631,wait:0.000000
24,161:18,161,no_addition,False,0.0,0.0,0.0,0.0,0.0,0.0,2.0,0.0,0.0,0.0,0.7770905133736077,0.5691729643848509,0.15368000740445373,0.39526001653642473,wait:0.750363;e:0.463027
24,168:0,168,no_addition,False,0.0,0.0,0.0,0.0,0.0,0.0,1.0,0.0,0.0,0.0,0.5048410562484783,0.714687257737433,0.2124602298368124,0.3434550845162469,wait:0.000000
24,170:0,170,no_addition,False,0.16666666666666666,0.0,0.16666666666666666,0.0,0.16666666666666666,0.0,1.0,0.0,0.0,1.0,0.6560270032855549,0.28358087012927624,0.3033318176716858,0.3714260410134784,wait:0.000000
24,175:18,175,no_addition,False,0.0,0.0,0.0,0.0,0.0,0.0,1.0,0.0,1.0,1.0,0.38679535399817594,0.44205992872410627,0.3828994140573118,0.4457602991062814,wait:0.000000;d:-0.034658;e:-0.047763;d+e:-0.241020
24,176:6,176,no_addition,False,0.0,0.0,0.0,0.0,0.0,0.0,1.0,0.0,1.0,1.0,0.4995780137640621,0.5157044978695166,0.29667236080361553,0.19039524472284738,wait:0.000000
24,178:0,178,no_addition,False,0.0,0.0,0.0,0.0,0.0,0.0,1.0,0.0,1.0,0.0,0.3485119713581023,0.6128680806839006,0.30242028894009604,0.26244031453647154,wait:0.000000
24,180:18,180,no_addition,False,0.14285714285714285,0.0,0.0,0.0,0.14285714285714285,0.0,3.0,0.0,1.0,0.0,0.7544193829292645,0.7410511944966605,0.25595930684202417,0.3139739081884891,wait:0.728471;e:0.575658
24,181:12,181,no_addition,False,0.0,0.0,0.0,0.0,0.0,0.0,0.0,0.0,0.0,0.0,0.7946355321921084,0.42162272232813014,0.39624013053372786,0.3667363039972709,wait:0.000000
24,184:12,184,no_addition,False,0.0,0.14285714285714285,0.0,0.14285714285714285,0.0,0.14285714285714285,1.0,0.0,0.0,0.0,0.5441898131361663,0.2994402084407679,0.3329551098625529,0.28977191026177684,wait:0.000000;e:-0.040179
24,187:6,187,no_addition,False,0.16666666666666666,0.0,0.16666666666666666,0.0,0.16666666666666666,0.0,0.0,0.0,0.0,0.0,0.3211819069178439,0.5554585001628527,0.3500541557905366,0.3298573274808079,wait:0.000000;d:-0.080886
24,195:24,195,d,False,0.0,0.0,0.0,0.0,0.0,0.0,1.0,0.0,0.0,0.0,0.7779774510804991,0.471756307499771,0.42409615728653893,0.3991320901019059,wait:0.000000;d:0.276336;e:0.025602;d+e:-0.015559
24,199:6,199,no_addition,False,0.0,0.0,0.0,0.0,0.0,0.0,0.0,0.0,0.0,1.0,0.4127684488429389,0.5300935850297215,0.33328785511729253,0.39501652679189125,wait:0.384863
24,201:0,201,no_addition,False,0.0,0.0,0.0,0.0,0.0,0.0,1.0,0.0,1.0,1.0,0.34810496908350075,0.2654302902035843,0.20072772104470216,0.20987555220806772,wait:0.000000
24,203:18,203,no_addition,False,0.0,0.0,0.0,0.0,0.0,0.0,2.0,0.0,0.0,0.0,0.8199360253870338,0.5135264455480919,0.411197420235476,0.35280032812438555,wait:0.495864
24,207:0,207,no_addition,False,0.0,0.0,0.0,0.0,0.0,0.0,0.0,0.0,1.0,0.0,0.44688686604406513,0.4328621151935302,0.22389468572080504,0.4123575006396421,wait:0.000000
24,208:18,208,no_addition,False,0.0,0.0,0.0,0.0,0.0,0.0,1.0,0.0,0.0,0.0,0.5181053835434617,0.6719454342725899,0.3859596365912661,0.34099353141222527,wait:0.500285
24,214:6,214,no_addition,False,0.0,0.0,0.0,0.0,0.0,0.0,0.0,0.0,1.0,0.0,0.4881644289819055,0.6322656244963211,0.443590841096819,0.2925123474407271,wait:0.000000
24,215:24,215,e,False,0.16666666666666666,0.0,0.16666666666666666,0.0,0.16666666666666666,0.0,1.0,0.0,0.0,0.0,0.5210420859453333,0.37994453684031615,0.41859840216495303,0.2810765607108209,wait:0.000000;d:0.050509;e:0.060997;d+e:-0.068964
24,218:0,218,no_addition,False,0.16666666666666666,0.0,0.16666666666666666,0.0,0.16666666666666666,0.0,1.0,1.0,0.0,1.0,0.6834932443451892,0.6172394554547704,0.21655548978379674,0.387614879129818,wait:0.000000
24,220:18,220,no_addition,False,0.0,0.0,0.0,0.0,0.0,0.0,1.0,0.0,1.0,0.0,0.5115994464917204,0.6006612426154204,0.39513052986510216,0.17546956606498276,wait:0.580002;d:0.358325
24,221:12,221,no_addition,False,0.16666666666666666,0.0,0.0,0.0,0.16666666666666666,0.0,1.0,0.0,1.0,1.0,0.5854773497786949,0.25355016332485286,0.29910832062944887,0.2701802264111867,wait:0.000000;e:-0.061903
24,227:0,227,no_addition,False,0.0,0.0,0.0,0.0,0.0,0.0,0.0,0.0,1.0,0.0,0.21252970006963917,0.47420316210613983,0.28280812642659486,0.19354397946438265,wait:0.000000;d:-0.091462
25,1:24,1,no_addition,False,0.0,0.0,0.0,0.0,0.0,0.0,0.0,0.0,0.0,0.0,0.28830790495000835,0.27554244235247455,0.2708586019998547,0.3956222126258251,wait:0.000000;d:-0.011288;e:-0.147545;d+e:-0.243226
25,5:6,5,no_addition,False,0.0,0.0,0.0,0.0,0.0,0.0,4.0,2.0,3.0,2.0,0.5073808053624524,0.5254663686216438,0.18627775142604694,0.4363383782700089,wait:0.000000
25,22:12,22,no_addition,False,0.0,0.0,0.0,0.0,0.0,0.0,5.0,0.0,0.0,1.0,0.6287195894776713,0.5267773685722134,0.18691678094765152,0.31450094045556126,wait:0.000000
25,34:6,34,no_addition,False,0.0,0.0,0.0,0.0,0.0,0.0,2.0,0.0,1.0,1.0,0.4663935522706131,0.33119318925138685,0.41646186055116163,0.2610662765689028,wait:0.000000
25,36:0,36,no_addition,False,0.0,0.0,0.0,0.0,0.0,0.0,2.0,1.0,0.0,0.0,0.7614766649635166,0.5685676611274928,0.40868282925775223,0.41900053739797377,wait:0.000000
25,40:6,40,no_addition,False,0.0,0.0,0.0,0.0,0.0,0.0,0.0,0.0,3.0,1.0,0.23488076073491815,0.33738971473005974,0.40979428068998186,0.24866690722000864,wait:0.000000;d:-0.218325
25,42:0,42,no_addition,False,0.0,0.0,0.0,0.0,0.0,0.0,0.0,0.0,0.0,1.0,0.5815746493370327,0.1625907032458429,0.3370247532265757,0.2534510171764107,wait:0.000000;e:-0.127067
25,55:0,55,no_addition,False,0.0,0.0,0.0,0.0,0.0,0.0,1.0,0.0,1.0,2.0,0.47450897074081755,0.3464912946625124,0.27604848689772193,0.21149207820782978,wait:0.000000
25,57:18,57,no_addition,False,0.0,0.0,0.0,0.0,0.0,0.0,1.0,0.0,0.0,2.0,0.4892381622335288,0.14788359668430087,0.3472400286318625,0.32934013747717866,wait:0.000000
25,58:0,58,no_addition,False,0.0,0.0,0.0,0.0,0.0,0.0,1.0,0.0,0.0,1.0,0.8101585836098503,0.22182246306368564,0.22916244037719172,0.25204918347217453,wait:0.000000
25,87:18,87,no_addition,False,0.0,0.0,0.0,0.0,0.0,0.0,2.0,0.0,2.0,0.0,0.5656774837354734,0.30842208455731873,0.20279804993293035,0.35065675570046845,wait:0.000000;e:-0.092977
25,88:24,88,e,False,0.0,0.0,0.0,0.0,0.0,0.0,3.0,1.0,1.0,0.0,0.4780382129466433,0.6037708903521869,0.39659420517047966,0.3730679206252907,wait:0.000000;d:0.033795;e:0.170522;d+e:-0.049638
25,93:24,93,no_addition,False,0.0,0.0,0.0,0.0,0.0,0.0,1.0,1.0,2.0,2.0,0.32805931165859703,0.4198386547515379,0.30315833026947697,0.4141443069013125,wait:0.000000;d:-0.007798;e:-0.036153;d+e:-0.175595
25,94:18,94,no_addition,False,0.0,0.0,0.0,0.0,0.0,0.0,1.0,1.0,1.0,0.0,0.3582242051835522,0.7036935890645399,0.21800924687211456,0.38576636836737893,wait:0.000000
25,95:6,95,no_addition,False,0.0,0.0,0.0,0.0,0.0,0.0,0.0,1.0,1.0,0.0,0.16476642873784236,0.49136601723325085,0.3797239704460827,0.26511376606491255,wait:0.000000;d:-0.251381
25,107:18,107,no_addition,False,0.0,0.0,0.0,0.0,0.0,0.0,1.0,1.0,2.0,0.0,0.3001254076838217,0.5521756330374521,0.3467836357187902,0.3787669519245653,wait:0.000000;d:-0.076573
25,108:0,108,no_addition,False,0.0,0.0,0.0,0.0,0.0,0.0,1.0,0.0,2.0,0.0,0.34565096118165267,0.5585858136843243,0.4051152694937241,0.34700663599438875,wait:0.000000;d:-0.113917
25,117:12,117,no_addition,False,0.0,0.0,0.0,0.0,0.0,0.0,1.0,1.0,1.0,1.0,0.6635416711322443,0.5277526787508983,0.22248103607028888,0.2401405260341156,wait:0.000000
25,125:0,125,no_addition,False,0.0,0.0,0.0,0.0,0.0,0.0,1.0,0.0,1.0,1.0,0.40184114205649724,0.34874461770778453,0.3253573236434573,0.3975528526902157,wait:0.000000
25,131:12,131,no_addition,False,0.0,0.0,0.0,0.0,0.0,0.0,0.0,0.0,0.0,0.0,0.3563602311849474,0.5871447970231283,0.37985692616415667,0.3889506118451608,wait:0.000000;d:-0.079017
25,135:24,135,d,False,0.0,0.0,0.0,0.0,0.0,0.0,0.0,1.0,0.0,0.0,0.4366730319091619,0.8335024570586032,0.3247811586874708,0.3209657128824279,wait:0.000000;d:0.068366
25,153:6,153,no_addition,False,0.0,0.0,0.0,0.0,0.0,0.0,1.0,0.0,0.0,1.0,0.6466890283161553,0.5059503814108773,0.25663317833606647,0.3716738497836488,wait:0.000000
25,159:0,159,no_addition,False,0.0,0.0,0.0,0.0,0.0,0.0,0.0,0.0,0.0,0.0,0.7820446497530293,0.7545088473815509,0.3379496723410936,0.4064367469037631,wait:0.000000
25,168:0,168,no_addition,False,0.0,0.125,0.0,0.125,0.0,0.125,1.0,0.0,0.0,0.0,0.5048410562484783,0.714687257737433,0.2124602298368124,0.33486870740334074,wait:0.000000
25,170:0,170,no_addition,False,0.0,0.0,0.0,0.0,0.0,0.0,2.0,0.0,0.0,0.0,0.7051660028161899,0.4051155287561089,0.3137915355224336,0.3714260410134784,wait:0.000000
25,175:18,175,no_addition,False,0.0,0.0,0.0,0.0,0.0,0.0,1.0,0.0,1.0,1.0,0.38679535399817594,0.44205992872410627,0.3828994140573118,0.4457602991062814,wait:0.000000;d:-0.034658;e:-0.047763;d+e:-0.241020
25,176:6,176,no_addition,False,0.0,0.0,0.0,0.0,0.0,0.0,1.0,0.0,1.0,1.0,0.4995780137640621,0.5157044978695166,0.29667236080361553,0.19039524472284738,wait:0.000000
25,178:0,178,no_addition,False,0.0,0.0,0.0,0.0,0.0,0.0,0.0,0.0,1.0,0.0,0.17326396658445267,0.6128680806839006,0.30242028894009604,0.26244031453647154,wait:0.000000
25,181:12,181,no_addition,False,0.0,0.0,0.0,0.0,0.0,0.0,0.0,0.0,0.0,0.0,0.7946355321921084,0.42162272232813014,0.39624013053372786,0.3667363039972709,wait:0.000000
25,184:12,184,e,False,0.0,0.0,0.0,0.0,0.0,0.0,1.0,1.0,0.0,0.0,0.5441898131361663,0.5096081459085375,0.3329551098625529,0.29829461350477027,wait:0.000000;e:0.140518
25,187:6,187,d,False,0.0,0.0,0.0,0.0,0.0,0.0,1.0,0.0,0.0,0.0,0.5248273348424907,0.5554585001628527,0.362124988748831,0.3298573274808079,wait:0.000000;d:0.090390
25,199:6,199,no_addition,False,0.0,0.0,0.0,0.0,0.0,0.0,0.0,0.0,0.0,1.0,0.4127684488429389,0.5300935850297215,0.33328785511729253,0.39501652679189125,wait:0.398571
25,201:0,201,no_addition,False,0.0,0.0,0.0,0.0,0.0,0.0,0.0,0.0,1.0,1.0,0.17278913059741755,0.2654302902035843,0.20072772104470216,0.20987555220806772,wait:0.000000
25,203:18,203,no_addition,False,0.0,0.0,0.0,0.0,0.0,0.0,2.0,0.0,0.0,0.0,0.8199360253870338,0.5135264455480919,0.411197420235476,0.35280032812438555,wait:0.495864
25,207:0,207,no_addition,False,0.0,0.0,0.0,0.0,0.0,0.0,0.0,0.0,1.0,0.0,0.44688686604406513,0.4328621151935302,0.22389468572080504,0.4123575006396421,wait:0.000000
25,208:18,208,no_addition,False,0.0,0.0,0.0,0.0,0.0,0.0,1.0,0.0,0.0,0.0,0.5181053835434617,0.6719454342725899,0.3859596365912661,0.34099353141222527,wait:0.000000
25,214:6,214,no_addition,False,0.0,0.0,0.0,0.0,0.0,0.0,0.0,0.0,1.0,0.0,0.4881644289819055,0.6322656244963211,0.443590841096819,0.2925123474407271,wait:0.000000
25,218:0,218,no_addition,False,0.16666666666666666,0.0,0.16666666666666666,0.0,0.16666666666666666,0.0,1.0,1.0,0.0,1.0,0.6834932443451892,0.6172394554547704,0.21655548978379674,0.387614879129818,wait:0.000000
25,221:12,221,no_addition,False,0.0,0.0,0.0,0.0,0.0,0.0,1.0,0.0,1.0,1.0,0.5854773497786949,0.25355016332485286,0.309422400651154,0.2701802264111867,wait:0.000000;e:-0.061903
25,226:24,226,d,False,0.16666666666666666,0.0,0.16666666666666666,0.0,0.16666666666666666,0.0,0.0,0.0,0.0,0.0,0.5965740789465439,0.2631240059745964,0.40458071969822906,0.19678267089584336,wait:0.000000;d:0.132530
25,227:0,227,no_addition,False,0.0,0.0,0.0,0.0,0.0,0.0,0.0,0.0,1.0,0.0,0.21252970006963917,0.47420316210613983,0.28280812642659486,0.19354397946438265,wait:0.000000;d:-0.091462
26,1:24,1,no_addition,False,0.0,0.0,0.0,0.0,0.0,0.0,0.0,0.0,0.0,0.0,0.28830790495000835,0.27554244235247455,0.2708586019998547,0.3956222126258251,wait:0.000000;d:-0.011288;e:-0.147545;d+e:-0.243226
26,5:6,5,no_addition,False,0.0,0.0,0.0,0.0,0.0,0.0,4.0,2.0,3.0,2.0,0.5073808053624524,0.5254663686216438,0.18627775142604694,0.4363383782700089,wait:0.000000
26,22:12,22,no_addition,False,0.0,0.0,0.0,0.0,0.0,0.0,5.0,0.0,0.0,1.0,0.6287195894776713,0.5267773685722134,0.18691678094765152,0.31450094045556126,wait:0.000000
26,23:24,23,d,False,0.0,0.0,0.0,0.0,0.0,0.0,3.0,0.0,2.0,1.0,0.636884042051669,0.3303784738750793,0.3297613636665448,0.35952554001985937,wait:0.000000;d:0.243641;e:-0.062078;d+e:-0.008994
26,28:24,28,d,False,0.0,0.0,0.0,0.0,0.0,0.0,3.0,0.0,1.0,1.0,0.505604271421874,0.21329360253934568,0.2206044920108324,0.3311898819821935,wait:0.000000;d:0.234603;e:-0.139156;d+e:-0.011968
26,34:6,34,no_addition,False,0.0,0.0,0.0,0.0,0.0,0.0,2.0,0.0,1.0,1.0,0.4663935522706131,0.33119318925138685,0.41646186055116163,0.2610662765689028,wait:0.000000
26,36:0,36,no_addition,False,0.0,0.0,0.0,0.0,0.0,0.0,2.0,1.0,0.0,0.0,0.7614766649635166,0.5685676611274928,0.40868282925775223,0.41900053739797377,wait:0.000000
26,40:6,40,no_addition,False,0.0,0.0,0.0,0.0,0.0,0.0,0.0,0.0,3.0,1.0,0.23488076073491815,0.33738971473005974,0.40979428068998186,0.24866690722000864,wait:0.000000;d:-0.218325
26,42:0,42,no_addition,False,0.0,0.0,0.0,0.0,0.0,0.0,0.0,0.0,0.0,1.0,0.5815746493370327,0.1625907032458429,0.3370247532265757,0.2534510171764107,wait:0.000000;e:-0.127067
26,53:24,53,e,False,0.0,0.0,0.0,0.0,0.0,0.0,3.0,2.0,1.0,0.0,0.6985379010253987,0.7893465977104352,0.3688458950649383,0.30974991015849823,wait:0.000000;d:0.260065;e:0.400918;d+e:0.194036
26,55:0,55,no_addition,False,0.0,0.0,0.0,0.0,0.0,0.0,1.0,0.0,1.0,2.0,0.47450897074081755,0.3464912946625124,0.27604848689772193,0.21149207820782978,wait:0.000000
26,57:18,57,no_addition,False,0.0,0.0,0.0,0.0,0.0,0.0,1.0,0.0,0.0,2.0,0.4892381622335288,0.14788359668430087,0.3472400286318625,0.32934013747717866,wait:0.000000
26,58:0,58,no_addition,False,0.0,0.0,0.0,0.0,0.0,0.0,1.0,0.0,0.0,1.0,0.8101585836098503,0.22182246306368564,0.22916244037719172,0.25204918347217453,wait:0.000000
26,87:18,87,no_addition,False,0.0,0.0,0.0,0.0,0.0,0.0,2.0,0.0,2.0,0.0,0.5656774837354734,0.30842208455731873,0.20279804993293035,0.35065675570046845,wait:0.000000;e:-0.092977
26,93:24,93,no_addition,False,0.09090909090909091,0.09090909090909091,0.09090909090909091,0.09090909090909091,0.09090909090909091,0.09090909090909091,1.0,1.0,2.0,2.0,0.32805931165859703,0.4198386547515379,0.29764636062821376,0.4066144104121977,wait:0.000000;d:-0.002287;e:-0.028623;d+e:-0.162553
26,94:18,94,no_addition,False,0.0,0.0,0.0,0.0,0.0,0.0,1.0,1.0,1.0,0.0,0.3582242051835522,0.7036935890645399,0.21800924687211456,0.38576636836737893,wait:0.000000
26,95:6,95,no_addition,False,0.0,0.0,0.0,0.0,0.0,0.0,0.0,1.0,0.0,0.0,0.23538061248263192,0.49136601723325085,0.3797239704460827,0.26511376606491255,wait:0.000000;d:-0.187805
26,107:18,107,no_addition,False,0.0,0.0,0.0,0.0,0.0,0.0,1.0,1.0,2.0,0.0,0.3001254076838217,0.5521756330374521,0.3467836357187902,0.3787669519245653,wait:0.000000;d:-0.076573
26,108:0,108,no_addition,False,0.0,0.0,0.0,0.0,0.0,0.0,1.0,0.0,2.0,0.0,0.34565096118165267,0.5585858136843243,0.4051152694937241,0.34700663599438875,wait:0.000000;d:-0.113917
26,117:12,117,no_addition,False,0.0,0.0,0.0,0.0,0.0,0.0,1.0,1.0,1.0,1.0,0.6635416711322443,0.5277526787508983,0.22248103607028888,0.2401405260341156,wait:0.000000
26,125:0,125,no_addition,False,0.0,0.0,0.0,0.0,0.0,0.0,1.0,0.0,1.0,1.0,0.40184114205649724,0.34874461770778453,0.3253573236434573,0.3975528526902157,wait:0.000000
26,131:12,131,no_addition,False,0.0,0.0,0.0,0.0,0.0,0.0,0.0,0.0,0.0,0.0,0.3563602311849474,0.5871447970231283,0.37985692616415667,0.3889506118451608,wait:0.000000;d:-0.079017
26,153:6,153,no_addition,False,0.0,0.0,0.0,0.0,0.0,0.0,1.0,0.0,0.0,1.0,0.6466890283161553,0.5059503814108773,0.25663317833606647,0.3716738497836488,wait:0.000000
26,159:0,159,no_addition,False,0.0,0.0,0.0,0.0,0.0,0.0,0.0,0.0,0.0,0.0,0.7820446497530293,0.7545088473815509,0.3379496723410936,0.4064367469037631,wait:0.000000
26,162:24,162,d,False,0.0,0.0,0.0,0.0,0.0,0.0,3.0,0.0,0.0,1.0,0.8449309003792108,0.43767679617420796,0.1526793811900296,0.22620422795171236,wait:0.000000;d:0.608033;e:0.167847;d+e:0.456120
26,168:0,168,no_addition,False,0.0,0.125,0.0,0.125,0.0,0.125,1.0,0.0,0.0,0.0,0.5048410562484783,0.714687257737433,0.2124602298368124,0.33486870740334074,wait:0.000000
26,170:0,170,no_addition,False,0.0,0.0,0.0,0.0,0.0,0.0,2.0,0.0,0.0,0.0,0.7051660028161899,0.4051155287561089,0.3137915355224336,0.3714260410134784,wait:0.000000
26,175:18,175,no_addition,False,0.14285714285714285,0.0,0.14285714285714285,0.0,0.14285714285714285,0.0,1.0,0.0,1.0,1.0,0.38679535399817594,0.44205992872410627,0.3719594307985315,0.4457602991062814,wait:0.000000;d:-0.023718;e:-0.047763;d+e:-0.230080
26,176:6,176,no_addition,False,0.0,0.0,0.0,0.0,0.0,0.0,1.0,0.0,0.0,1.0,0.649507682724739,0.5157044978695166,0.29667236080361553,0.19039524472284738,wait:0.000000
26,178:0,178,no_addition,False,0.0,0.0,0.0,0.0,0.0,0.0,0.0,0.0,1.0,0.0,0.17326396658445267,0.6128680806839006,0.30242028894009604,0.26244031453647154,wait:0.000000
26,181:12,181,no_addition,False,0.0,0.0,0.0,0.0,0.0,0.0,0.0,0.0,0.0,0.0,0.7946355321921084,0.42162272232813014,0.39624013053372786,0.3667363039972709,wait:0.000000
26,184:12,184,no_addition,False,0.0,0.0,0.0,0.0,0.0,0.0,1.0,1.0,0.0,0.0,0.5441898131361663,0.5096081459085375,0.3329551098625529,0.29829461350477027,wait:0.475155
26,187:6,187,no_addition,False,0.0,0.0,0.0,0.0,0.0,0.0,1.0,0.0,0.0,0.0,0.5248273348424907,0.5554585001628527,0.362124988748831,0.3298573274808079,wait:0.489346
26,199:6,199,no_addition,False,0.0,0.0,0.0,0.0,0.0,0.0,0.0,0.0,0.0,0.0,0.4127684488429389,0.7572765500424592,0.33328785511729253,0.39501652679189125,wait:0.000000
26,201:0,201,no_addition,False,0.0,0.0,0.0,0.0,0.0,0.0,0.0,0.0,1.0,1.0,0.17278913059741755,0.2654302902035843,0.20072772104470216,0.20987555220806772,wait:0.000000
26,202:24,202,d,False,0.0,0.0,0.0,0.0,0.0,0.0,0.0,0.0,0.0,0.0,0.7207754921652623,0.21672926048736668,0.28961011207828935,0.25946474351074944,wait:0.000000;d:0.359322;e:-0.064338;d+e:0.148360
26,203:18,203,no_addition,False,0.0,0.0,0.0,0.0,0.0,0.0,2.0,0.0,0.0,0.0,0.8199360253870338,0.5135264455480919,0.411197420235476,0.35280032812438555,wait:0.000000
26,207:0,207,no_addition,False,0.0,0.0,0.0,0.0,0.0,0.0,0.0,0.0,1.0,0.0,0.44688686604406513,0.4328621151935302,0.22389468572080504,0.4123575006396421,wait:0.000000
26,208:18,208,no_addition,False,0.0,0.0,0.0,0.0,0.0,0.0,1.0,0.0,0.0,0.0,0.5181053835434617,0.6719454342725899,0.3859596365912661,0.34099353141222527,wait:0.000000
26,214:6,214,no_addition,False,0.0,0.0,0.0,0.0,0.0,0.0,0.0,0.0,1.0,0.0,0.4881644289819055,0.6322656244963211,0.443590841096819,0.2925123474407271,wait:0.000000
26,218:0,218,no_addition,False,0.16666666666666666,0.0,0.0,0.0,0.16666666666666666,0.0,1.0,1.0,1.0,1.0,0.5287084951530193,0.6172394554547704,0.21655548978379674,0.387614879129818,wait:0.000000
26,221:12,221,no_addition,False,0.0,0.0,0.0,0.0,0.0,0.0,1.0,0.0,1.0,1.0,0.5854773497786949,0.25355016332485286,0.309422400651154,0.2701802264111867,wait:0.000000;e:-0.061903
26,227:0,227,no_addition,False,0.0,0.0,0.0,0.0,0.0,0.0,0.0,0.0,1.0,0.0,0.21252970006963917,0.47420316210613983,0.28280812642659486,0.19354397946438265,wait:0.000000;d:-0.091462
26,230:24,230,no_addition,False,0.0,0.0,0.0,0.0,0.0,0.0,0.0,0.0,1.0,1.0,0.21259604598067658,0.4341089998498922,0.3394288452220377,0.2584575639361246,wait:0.000000;d:-0.148023
27,1:24,1,no_addition,False,0.0,0.0,0.0,0.0,0.0,0.0,0.0,0.0,0.0,0.0,0.28830790495000835,0.27554244235247455,0.2708586019998547,0.3956222126258251,wait:0.000000;d:-0.011288;e:-0.147545;d+e:-0.243226
27,5:6,5,no_addition,False,0.02857142857142857,0.02857142857142857,0.02857142857142857,0.02857142857142857,0.02857142857142857,0.02857142857142857,4.0,2.0,3.0,2.0,0.5073808053624524,0.5254663686216438,0.1852133071321838,0.433845016108466,wait:0.000000
27,22:12,22,no_addition,False,0.041666666666666664,0.0,0.041666666666666664,0.0,0.041666666666666664,0.0,5.0,0.0,0.0,1.0,0.6287195894776713,0.5267773685722134,0.1853591411064211,0.31450094045556126,wait:0.000000
27,34:6,34,no_addition,False,0.0,0.0,0.0,0.0,0.0,0.0,2.0,0.0,1.0,1.0,0.4663935522706131,0.33119318925138685,0.41646186055116163,0.2610662765689028,wait:0.000000
27,36:0,36,no_addition,False,0.043478260869565216,0.0,0.043478260869565216,0.0,0.043478260869565216,0.0,2.0,1.0,0.0,0.0,0.7614766649635166,0.5685676611274928,0.40512906552507616,0.41900053739797377,wait:0.000000
27,40:6,40,no_addition,False,0.0,0.0,0.0,0.0,0.0,0.0,0.0,0.0,3.0,1.0,0.23488076073491815,0.33738971473005974,0.40979428068998186,0.24866690722000864,wait:0.000000;d:-0.218325
27,42:0,42,no_addition,False,0.125,0.0,0.125,0.0,0.125,0.0,0.0,0.0,0.0,1.0,0.5815746493370327,0.1625907032458429,0.3285991343959113,0.2534510171764107,wait:0.000000;e:-0.127067
27,48:24,48,e,False,0.0,0.0,0.0,0.0,0.0,0.0,1.0,1.0,2.0,1.0,0.43949467310754153,0.6273927977394479,0.23270128367522036,0.17352168835775697,wait:0.000000;d:0.162987;e:0.391335;d+e:0.310815
27,50:24,50,d,False,0.07142857142857142,0.0,0.07142857142857142,0.0,0.07142857142857142,0.0,1.0,0.0,2.0,2.0,0.4778041613049498,0.19924893580765113,0.2623525363125461,0.44946089757694324,wait:0.000000;d:0.167826;e:-0.270072;d+e:-0.199415
27,55:0,55,no_addition,False,0.0,0.0,0.0,0.0,0.0,0.0,1.0,0.0,1.0,1.0,0.47450897074081755,0.40423984377293115,0.27604848689772193,0.21149207820782978,wait:0.000000
27,57:18,57,no_addition,False,0.0,0.0,0.0,0.0,0.0,0.0,1.0,0.0,0.0,2.0,0.4892381622335288,0.14788359668430087,0.3472400286318625,0.32934013747717866,wait:0.000000
27,58:0,58,no_addition,False,0.0,0.0,0.0,0.0,0.0,0.0,1.0,0.0,0.0,1.0,0.8101585836098503,0.22182246306368564,0.22916244037719172,0.25204918347217453,wait:0.000000
27,79:24,79,d,False,0.1,0.0,0.1,0.0,0.1,0.0,2.0,0.0,3.0,1.0,0.3450257691454046,0.2581661602353693,0.23419149112968604,0.2980342670728797,wait:0.000000;d:0.076444;e:-0.065601;d+e:-0.081359
27,87:18,87,no_addition,False,0.0,0.0,0.0,0.0,0.0,0.0,2.0,0.0,2.0,0.0,0.5656774837354734,0.30842208455731873,0.20279804993293035,0.35065675570046845,wait:0.000000;e:-0.092977
27,93:24,93,no_addition,False,0.09090909090909091,0.09090909090909091,0.09090909090909091,0.09090909090909091,0.09090909090909091,0.09090909090909091,1.0,1.0,2.0,2.0,0.32805931165859703,0.4198386547515379,0.29764636062821376,0.4066144104121977,wait:0.000000;d:-0.002287;e:-0.028623;d+e:-0.162553
27,94:18,94,no_addition,False,0.0,0.0,0.0,0.0,0.0,0.0,1.0,1.0,1.0,0.0,0.3582242051835522,0.7036935890645399,0.21800924687211456,0.38576636836737893,wait:0.000000
27,95:6,95,no_addition,False,0.0,0.0,0.0,0.0,0.0,0.0,0.0,1.0,0.0,0.0,0.23538061248263192,0.49136601723325085,0.3797239704460827,0.26511376606491255,wait:0.000000;d:-0.187805
27,97:24,97,e,False,0.0,0.0,0.0,0.0,0.0,0.0,3.0,2.0,1.0,0.0,0.5261552123861609,0.7596231899972028,0.30224413357827734,0.19373823302790918,wait:0.000000;d:0.171466;e:0.490169;d+e:0.317661
27,101:24,101,no_addition,False,0.0,0.0,0.0,0.0,0.0,0.0,0.0,0.0,0.0,0.0,0.7015815953158333,0.4732736835763851,0.18242635862309015,0.3435037370818977,wait:0.677451;e:0.451385
27,107:18,107,no_addition,False,0.0,0.0,0.0,0.0,0.0,0.0,1.0,1.0,2.0,0.0,0.3001254076838217,0.5521756330374521,0.3467836357187902,0.3787669519245653,wait:0.000000;d:-0.076573
27,108:0,108,no_addition,False,0.0,0.0,0.0,0.0,0.0,0.0,1.0,0.0,2.0,0.0,0.34565096118165267,0.5585858136843243,0.4051152694937241,0.34700663599438875,wait:0.000000;d:-0.113917
27,117:12,117,no_addition,False,0.0,0.0,0.0,0.0,0.0,0.0,1.0,1.0,1.0,1.0,0.6635416711322443,0.5277526787508983,0.22248103607028888,0.2401405260341156,wait:0.000000
27,125:0,125,no_addition,False,0.0,0.0,0.0,0.0,0.0,0.0,1.0,0.0,1.0,1.0,0.40184114205649724,0.34874461770778453,0.3253573236434573,0.3975528526902157,wait:0.000000
27,131:12,131,no_addition,False,0.0,0.0,0.0,0.0,0.0,0.0,0.0,0.0,0.0,0.0,0.3563602311849474,0.5871447970231283,0.37985692616415667,0.3889506118451608,wait:0.000000;d:-0.079017
27,153:6,153,no_addition,False,0.0,0.0,0.0,0.0,0.0,0.0,1.0,0.0,0.0,1.0,0.6466890283161553,0.5059503814108773,0.25663317833606647,0.3716738497836488,wait:0.000000
27,159:0,159,no_addition,False,0.0,0.0,0.0,0.0,0.0,0.0,0.0,0.0,0.0,0.0,0.7820446497530293,0.7545088473815509,0.3379496723410936,0.4064367469037631,wait:0.000000
27,168:0,168,no_addition,False,0.125,0.125,0.125,0.0,0.125,0.125,1.0,0.0,0.0,1.0,0.5048410562484783,0.5002810804162031,0.20714872409089208,0.33486870740334074,wait:0.000000
27,170:0,170,no_addition,False,0.0,0.0,0.0,0.0,0.0,0.0,2.0,0.0,0.0,0.0,0.7051660028161899,0.4051155287561089,0.3137915355224336,0.3714260410134784,wait:0.000000
27,175:18,175,no_addition,False,0.14285714285714285,0.14285714285714285,0.14285714285714285,0.14285714285714285,0.14285714285714285,0.14285714285714285,1.0,0.0,1.0,1.0,0.38679535399817594,0.44205992872410627,0.3719594307985315,0.43302429056038766,wait:0.000000;d:-0.023718;e:-0.035027;d+e:-0.217344
27,176:6,176,no_addition,False,0.0,0.0,0.0,0.0,0.0,0.0,1.0,0.0,0.0,1.0,0.649507682724739,0.5157044978695166,0.29667236080361553,0.19039524472284738,wait:0.000000
27,178:0,178,no_addition,False,0.0,0.0,0.0,0.0,0.0,0.0,0.0,0.0,1.0,0.0,0.17326396658445267,0.6128680806839006,0.30242028894009604,0.26244031453647154,wait:0.000000
27,181:12,181,no_addition,False,0.16666666666666666,0.0,0.16666666666666666,0.0,0.16666666666666666,0.0,0.0,0.0,0.0,0.0,0.7946355321921084,0.42162272232813014,0.3830321261826036,0.3667363039972709,wait:0.000000
27,184:12,184,no_addition,False,0.0,0.0,0.0,0.0,0.0,0.0,1.0,1.0,0.0,0.0,0.5441898131361663,0.5096081459085375,0.3329551098625529,0.29829461350477027,wait:0.492080
27,187:6,187,no_addition,False,0.0,0.0,0.0,0.0,0.0,0.0,1.0,0.0,0.0,0.0,0.5248273348424907,0.5554585001628527,0.362124988748831,0.3298573274808079,wait:0.506776
27,195:24,195,no_addition,False,0.125,0.0,0.125,0.0,0.125,0.0,1.0,0.0,0.0,0.0,0.7779774510804991,0.471756307499771,0.41349375335437544,0.3991320901019059,wait:0.751219;e:0.437753
27,197:24,197,d,False,0.0,0.0,0.0,0.0,0.0,0.0,3.0,0.0,1.0,1.0,0.5877324387802426,0.393167365994375,0.19688231088167402,0.34557495756149265,wait:0.000000;d:0.332268;e:0.008403;d+e:0.133363
27,199:6,199,no_addition,False,0.0,0.0,0.0,0.0,0.0,0.0,0.0,0.0,0.0,0.0,0.4127684488429389,0.7572765500424592,0.33328785511729253,0.39501652679189125,wait:0.000000
27,201:0,201,no_addition,False,0.0,0.0,0.0,0.0,0.0,0.0,0.0,0.0,1.0,1.0,0.17278913059741755,0.2654302902035843,0.20072772104470216,0.20987555220806772,wait:0.000000
27,203:18,203,no_addition,False,0.0,0.0,0.0,0.0,0.0,0.0,2.0,0.0,0.0,0.0,0.8199360253870338,0.5135264455480919,0.411197420235476,0.35280032812438555,wait:0.000000
27,207:0,207,no_addition,False,0.0,0.0,0.0,0.0,0.0,0.0,0.0,0.0,1.0,0.0,0.44688686604406513,0.4328621151935302,0.22389468572080504,0.4123575006396421,wait:0.000000
27,208:18,208,no_addition,False,0.0,0.0,0.0,0.0,0.0,0.0,1.0,0.0,0.0,0.0,0.5181053835434617,0.6719454342725899,0.3859596365912661,0.34099353141222527,wait:0.000000
27,214:6,214,no_addition,False,0.0,0.0,0.0,0.0,0.0,0.0,0.0,0.0,1.0,0.0,0.4881644289819055,0.6322656244963211,0.443590841096819,0.2925123474407271,wait:0.000000
27,215:24,215,d,False,0.0,0.0,0.0,0.0,0.0,0.0,2.0,0.0,0.0,0.0,0.5894646450959999,0.37994453684031615,0.4330328298258135,0.2810765607108209,wait:0.000000;d:0.077677
27,218:0,218,no_addition,False,0.0,0.0,0.0,0.0,0.0,0.0,1.0,1.0,1.0,0.0,0.5287084951530193,0.7867793646972321,0.22402292046599662,0.387614879129818,wait:0.000000
27,221:12,221,no_addition,False,0.0,0.0,0.0,0.0,0.0,0.0,1.0,0.0,1.0,1.0,0.5854773497786949,0.25355016332485286,0.309422400651154,0.2701802264111867,wait:0.000000;e:-0.061903
27,227:0,227,no_addition,False,0.16666666666666666,0.0,0.16666666666666666,0.0,0.16666666666666666,0.0,0.0,0.0,1.0,0.0,0.21252970006963917,0.47420316210613983,0.2733811888790417,0.19354397946438265,wait:0.000000;d:-0.082035
27,230:24,230,no_addition,False,0.0,0.0,0.0,0.0,0.0,0.0,0.0,0.0,1.0,1.0,0.21259604598067658,0.4341089998498922,0.3394288452220377,0.2584575639361246,wait:0.000000;d:-0.148023
28,1:24,1,no_addition,False,0.0,0.0,0.0,0.0,0.0,0.0,0.0,0.0,0.0,0.0,0.28830790495000835,0.27554244235247455,0.2708586019998547,0.3956222126258251,wait:0.000000;d:-0.011288;e:-0.147545;d+e:-0.243226
28,5:6,5,no_addition,False,0.05714285714285714,0.02857142857142857,0.05714285714285714,0.02857142857142857,0.05714285714285714,0.02857142857142857,4.0,2.0,2.0,1.0,0.5549157107465679,0.6019355821959693,0.1841488628383207,0.433845016108466,wait:0.000000
28,22:12,22,no_addition,False,0.08333333333333333,0.0,0.08333333333333333,0.0,0.08333333333333333,0.0,5.0,0.0,0.0,1.0,0.6287195894776713,0.5267773685722134,0.18380150126519065,0.31450094045556126,wait:0.000000
28,34:6,34,no_addition,False,0.07407407407407407,0.0,0.07407407407407407,0.0,0.07407407407407407,0.0,2.0,0.0,1.0,1.0,0.4663935522706131,0.33119318925138685,0.41029205520966294,0.2610662765689028,wait:0.000000
28,36:0,36,no_addition,False,0.043478260869565216,0.0,0.043478260869565216,0.0,0.043478260869565216,0.0,2.0,1.0,0.0,0.0,0.7614766649635166,0.5685676611274928,0.40512906552507616,0.41900053739797377,wait:0.000000
28,40:6,40,no_addition,False,0.0,0.0,0.0,0.0,0.0,0.0,0.0,0.0,3.0,1.0,0.23488076073491815,0.33738971473005974,0.40979428068998186,0.24866690722000864,wait:0.000000;d:-0.218325
28,42:0,42,no_addition,False,0.125,0.0,0.125,0.0,0.125,0.0,0.0,0.0,0.0,0.0,0.5815746493370327,0.232272433208347,0.3285991343959113,0.2534510171764107,wait:0.000000;e:-0.064330
28,55:0,55,no_addition,False,0.0,0.0,0.0,0.0,0.0,0.0,1.0,0.0,1.0,1.0,0.47450897074081755,0.40423984377293115,0.27604848689772193,0.21149207820782978,wait:0.000000
28,57:18,57,no_addition,False,0.0,0.0,0.0,0.0,0.0,0.0,1.0,0.0,0.0,1.0,0.4892381622335288,0.172530862798351,0.3472400286318625,0.32934013747717866,wait:0.000000
28,58:0,58,no_addition,False,0.0,0.0,0.0,0.0,0.0,0.0,1.0,0.0,0.0,1.0,0.8101585836098503,0.22182246306368564,0.22916244037719172,0.25204918347217453,wait:0.000000
28,87:18,87,no_addition,False,0.0,0.0,0.0,0.0,0.0,0.0,2.0,0.0,2.0,0.0,0.5656774837354734,0.30842208455731873,0.20279804993293035,0.35065675570046845,wait:0.000000;e:-0.092977
28,88:24,88,no_addition,False,0.0,0.0,0.0,0.0,0.0,0.0,3.0,1.0,0.0,0.0,0.5748481098474112,0.6037708903521869,0.39659420517047966,0.3730679206252907,wait:0.583004;d:0.382226
28,93:24,93,no_addition,False,0.09090909090909091,0.09090909090909091,0.0,0.09090909090909091,0.09090909090909091,0.09090909090909091,1.0,1.0,3.0,2.0,0.2883469855681281,0.4198386547515379,0.29764636062821376,0.4066144104121977,wait:0.000000;d:-0.038040;e:-0.028623;d+e:-0.184793
28,94:18,94,no_addition,False,0.0,0.0,0.0,0.0,0.0,0.0,1.0,1.0,1.0,0.0,0.3582242051835522,0.7036935890645399,0.21800924687211456,0.38576636836737893,wait:0.000000
28,95:6,95,no_addition,False,0.0,0.0,0.0,0.0,0.0,0.0,0.0,1.0,0.0,0.0,0.23538061248263192,0.49136601723325085,0.3797239704460827,0.26511376606491255,wait:0.000000;d:-0.187805
28,107:18,107,no_addition,False,0.0,0.0,0.0,0.0,0.0,0.0,1.0,1.0,2.0,0.0,0.3001254076838217,0.5521756330374521,0.3467836357187902,0.3787669519245653,wait:0.000000;d:-0.076573
28,108:0,108,no_addition,False,0.0,0.0,0.0,0.0,0.0,0.0,1.0,0.0,2.0,0.0,0.34565096118165267,0.5585858136843243,0.4051152694937241,0.34700663599438875,wait:0.000000;d:-0.113917
28,117:12,117,no_addition,False,0.0,0.0,0.0,0.0,0.0,0.0,1.0,1.0,1.0,1.0,0.6635416711322443,0.5277526787508983,0.22248103607028888,0.2401405260341156,wait:0.000000
28,125:0,125,no_addition,False,0.125,0.0,0.125,0.0,0.125,0.0,1.0,0.0,1.0,1.0,0.40184114205649724,0.34874461770778453,0.31722339055237087,0.3975528526902157,wait:0.000000
28,131:12,131,no_addition,False,0.0,0.0,0.0,0.0,0.0,0.0,0.0,0.0,0.0,0.0,0.3563602311849474,0.5871447970231283,0.37985692616415667,0.3889506118451608,wait:0.000000;d:-0.079017
28,135:24,135,no_addition,False,0.0,0.0,0.0,0.0,0.0,0.0,0.0,1.0,0.0,0.0,0.4366730319091619,0.8335024570586032,0.3247811586874708,0.3209657128824279,wait:0.421654
28,153:6,153,no_addition,False,0.0,0.0,0.0,0.0,0.0,0.0,1.0,0.0,0.0,0.0,0.6466890283161553,0.7227862591583962,0.25663317833606647,0.3716738497836488,wait:0.000000
28,159:0,159,no_addition,False,0.0,0.0,0.0,0.0,0.0,0.0,0.0,0.0,0.0,0.0,0.7820446497530293,0.7545088473815509,0.3379496723410936,0.4064367469037631,wait:0.000000
28,168:0,168,no_addition,False,0.25,0.0,0.25,0.0,0.25,0.0,1.0,0.0,0.0,1.0,0.5048410562484783,0.5002810804162031,0.20183721834497176,0.3434550845162469,wait:0.000000
28,170:0,170,no_addition,False,0.0,0.0,0.0,0.0,0.0,0.0,2.0,0.0,0.0,0.0,0.7051660028161899,0.4051155287561089,0.3137915355224336,0.3714260410134784,wait:0.000000
28,175:18,175,no_addition,False,0.14285714285714285,0.14285714285714285,0.14285714285714285,0.14285714285714285,0.14285714285714285,0.14285714285714285,1.0,0.0,1.0,1.0,0.38679535399817594,0.44205992872410627,0.3719594307985315,0.43302429056038766,wait:0.000000;d:-0.023718;e:-0.035027;d+e:-0.217344
28,176:6,176,no_addition,False,0.0,0.0,0.0,0.0,0.0,0.0,1.0,0.0,0.0,1.0,0.649507682724739,0.5157044978695166,0.29667236080361553,0.19039524472284738,wait:0.000000
28,178:0,178,no_addition,False,0.0,0.0,0.0,0.0,0.0,0.0,0.0,0.0,1.0,0.0,0.17326396658445267,0.6128680806839006,0.30242028894009604,0.26244031453647154,wait:0.000000
28,181:12,181,no_addition,False,0.16666666666666666,0.0,0.16666666666666666,0.0,0.16666666666666666,0.0,0.0,0.0,0.0,0.0,0.7946355321921084,0.42162272232813014,0.3830321261826036,0.3667363039972709,wait:0.000000
28,184:12,184,no_addition,False,0.0,0.0,0.0,0.0,0.0,0.0,1.0,1.0,0.0,0.0,0.5441898131361663,0.5096081459085375,0.3329551098625529,0.29829461350477027,wait:0.000000
28,187:6,187,no_addition,False,0.0,0.0,0.0,0.0,0.0,0.0,1.0,0.0,0.0,0.0,0.5248273348424907,0.5554585001628527,0.362124988748831,0.3298573274808079,wait:0.000000
28,199:6,199,no_addition,False,0.14285714285714285,0.0,0.14285714285714285,0.0,0.14285714285714285,0.0,0.0,0.0,0.0,0.0,0.4127684488429389,0.7572765500424592,0.32376534497108417,0.39501652679189125,wait:0.000000
28,201:0,201,no_addition,False,0.0,0.0,0.0,0.0,0.0,0.0,0.0,0.0,1.0,1.0,0.17278913059741755,0.2654302902035843,0.20072772104470216,0.20987555220806772,wait:0.000000
28,203:18,203,no_addition,False,0.0,0.0,0.0,0.0,0.0,0.0,2.0,0.0,0.0,0.0,0.8199360253870338,0.5135264455480919,0.411197420235476,0.35280032812438555,wait:0.000000
28,207:0,207,no_addition,False,0.0,0.0,0.0,0.0,0.0,0.0,0.0,0.0,1.0,0.0,0.44688686604406513,0.4328621151935302,0.22389468572080504,0.4123575006396421,wait:0.000000
28,208:18,208,no_addition,False,0.0,0.16666666666666666,0.0,0.16666666666666666,0.0,0.16666666666666666,1.0,0.0,0.0,0.0,0.5181053835434617,0.6719454342725899,0.3859596365912661,0.3296270803651511,wait:0.000000
28,214:6,214,no_addition,False,0.0,0.0,0.0,0.0,0.0,0.0,0.0,0.0,1.0,0.0,0.4881644289819055,0.6322656244963211,0.443590841096819,0.2925123474407271,wait:0.000000
28,215:24,215,no_addition,False,0.0,0.0,0.0,0.0,0.0,0.0,2.0,0.0,0.0,0.0,0.5894646450959999,0.37994453684031615,0.4330328298258135,0.2810765607108209,wait:0.549613
28,218:0,218,no_addition,False,0.0,0.0,0.0,0.0,0.0,0.0,1.0,1.0,1.0,0.0,0.5287084951530193,0.7867793646972321,0.22402292046599662,0.387614879129818,wait:0.000000
28,221:12,221,no_addition,False,0.0,0.0,0.0,0.0,0.0,0.0,1.0,0.0,1.0,1.0,0.5854773497786949,0.25355016332485286,0.309422400651154,0.2701802264111867,wait:0.000000;e:-0.061903
28,226:24,226,no_addition,False,0.0,0.0,0.0,0.0,0.0,0.0,1.0,0.0,0.0,0.0,0.7176018552625807,0.2631240059745964,0.418531778998168,0.19678267089584336,wait:0.692920
28,227:0,227,no_addition,False,0.16666666666666666,0.0,0.16666666666666666,0.0,0.16666666666666666,0.0,0.0,0.0,1.0,0.0,0.21252970006963917,0.47420316210613983,0.2733811888790417,0.19354397946438265,wait:0.000000;d:-0.082035
28,230:24,230,no_addition,False,0.0,0.0,0.0,0.0,0.0,0.0,0.0,0.0,1.0,1.0,0.21259604598067658,0.4341089998498922,0.3394288452220377,0.2584575639361246,wait:0.000000;d:-0.148023
29,1:24,1,no_addition,False,0.0,0.0,0.0,0.0,0.0,0.0,0.0,0.0,0.0,0.0,0.28830790495000835,0.27554244235247455,0.2708586019998547,0.3956222126258251,wait:0.000000;d:-0.011288;e:-0.147545;d+e:-0.243226
29,5:6,5,no_addition,False,0.05714285714285714,0.02857142857142857,0.02857142857142857,0.02857142857142857,0.05714285714285714,0.02857142857142857,4.0,2.0,2.0,1.0,0.5549157107465679,0.6019355821959693,0.1841488628383207,0.433845016108466,wait:0.000000
29,22:12,22,no_addition,False,0.08333333333333333,0.0,0.041666666666666664,0.0,0.08333333333333333,0.0,4.0,0.0,1.0,1.0,0.5287195894776714,0.5267773685722134,0.18380150126519065,0.31450094045556126,wait:0.000000
29,23:24,23,no_addition,False,0.0,0.0,0.0,0.0,0.0,0.0,3.0,0.0,2.0,1.0,0.636884042051669,0.3303784738750793,0.3297613636665448,0.35952554001985937,wait:0.000000;e:-0.082078
29,28:24,28,no_addition,False,0.0,0.0,0.0,0.0,0.0,0.0,3.0,0.0,0.0,1.0,0.604004517850059,0.21329360253934568,0.2206044920108324,0.3311898819821935,wait:0.000000;e:-0.159156
29,34:6,34,no_addition,False,0.07407407407407407,0.0,0.07407407407407407,0.0,0.07407407407407407,0.0,2.0,0.0,1.0,1.0,0.4663935522706131,0.33119318925138685,0.41029205520966294,0.2610662765689028,wait:0.000000
29,36:0,36,no_addition,False,0.043478260869565216,0.0,0.0,0.0,0.043478260869565216,0.0,2.0,0.0,1.0,0.0,0.6313536095498903,0.3836680873249898,0.40512906552507616,0.41900053739797377,wait:0.000000
29,40:6,40,no_addition,False,0.0,0.0,0.0,0.0,0.0,0.0,0.0,0.0,2.0,1.0,0.2562335571653653,0.33738971473005974,0.40979428068998186,0.24866690722000864,wait:0.000000;d:-0.199101
29,42:0,42,no_addition,False,0.125,0.0,0.0,0.0,0.125,0.0,0.0,0.0,1.0,0.0,0.4071022545359229,0.232272433208347,0.3285991343959113,0.2534510171764107,wait:0.000000;e:-0.064330
29,53:24,53,no_addition,False,0.0,0.0,0.0,0.0,0.0,0.0,3.0,2.0,0.0,0.0,0.8080689337768641,0.7893465977104352,0.3688458950649383,0.30974991015849823,wait:0.762197;d:0.546359
29,55:0,55,no_addition,False,0.0,0.0,0.0,0.0,0.0,0.0,1.0,0.0,1.0,1.0,0.47450897074081755,0.40423984377293115,0.27604848689772193,0.21149207820782978,wait:0.000000
29,57:18,57,no_addition,False,0.0,0.0,0.0,0.0,0.0,0.0,1.0,0.0,0.0,1.0,0.4892381622335288,0.172530862798351,0.3472400286318625,0.32934013747717866,wait:0.000000
29,58:0,58,no_addition,False,0.0,0.0,0.0,0.0,0.0,0.0,1.0,0.0,0.0,1.0,0.8101585836098503,0.22182246306368564,0.22916244037719172,0.25204918347217453,wait:0.000000
29,87:18,87,no_addition,False,0.0,0.0,0.0,0.0,0.0,0.0,2.0,0.0,1.0,0.0,0.6444665693355969,0.30842208455731873,0.20279804993293035,0.35065675570046845,wait:0.000000;e:-0.092977
29,88:24,88,d,False,0.0,0.0,0.0,0.0,0.0,0.0,3.0,1.0,0.0,0.0,0.5748481098474112,0.6037708903521869,0.39659420517047966,0.3730679206252907,wait:0.000000;d:0.100956
29,93:24,93,no_addition,False,0.0,0.0,0.0,0.0,0.0,0.0,0.0,1.0,2.0,2.0,0.19424652180937857,0.4198386547515379,0.30315833026947697,0.4141443069013125,wait:0.000000;d:-0.128273;e:-0.036153;d+e:-0.250532
29,94:18,94,no_addition,False,0.0,0.0,0.0,0.0,0.0,0.0,1.0,1.0,0.0,0.0,0.48459490604747757,0.7036935890645399,0.21800924687211456,0.38576636836737893,wait:0.000000
29,95:6,95,no_addition,False,0.0,0.0,0.0,0.0,0.0,0.0,0.0,1.0,0.0,0.0,0.23538061248263192,0.49136601723325085,0.3797239704460827,0.26511376606491255,wait:0.000000;d:-0.187805
29,107:18,107,no_addition,False,0.0,0.0,0.0,0.0,0.0,0.0,0.0,1.0,0.0,0.0,0.2729552866978575,0.5521756330374521,0.3467836357187902,0.3787669519245653,wait:0.000000;d:-0.101035
29,108:0,108,no_addition,False,0.0,0.0,0.0,0.0,0.0,0.0,1.0,0.0,1.0,0.0,0.41343741219816654,0.5585858136843243,0.4051152694937241,0.34700663599438875,wait:0.000000;d:-0.052887
29,117:12,117,no_addition,False,0.0,0.0,0.0,0.0,0.0,0.0,1.0,0.0,1.0,1.0,0.6635416711322443,0.3823781252093813,0.22248103607028888,0.2401405260341156,wait:0.000000
29,125:0,125,no_addition,False,0.125,0.0,0.125,0.0,0.125,0.0,1.0,0.0,1.0,1.0,0.40184114205649724,0.34874461770778453,0.31722339055237087,0.3975528526902157,wait:0.000000
29,131:12,131,no_addition,False,0.0,0.0,0.0,0.0,0.0,0.0,0.0,0.0,0.0,0.0,0.3563602311849474,0.5871447970231283,0.37985692616415667,0.3889506118451608,wait:0.000000;d:-0.079017
29,153:6,153,no_addition,False,0.0,0.0,0.0,0.0,0.0,0.0,1.0,0.0,0.0,0.0,0.6466890283161553,0.7227862591583962,0.25663317833606647,0.3716738497836488,wait:0.000000
29,159:0,159,no_addition,False,0.0,0.0,0.0,0.0,0.0,0.0,0.0,0.0,0.0,0.0,0.7820446497530293,0.7545088473815509,0.3379496723410936,0.4064367469037631,wait:0.000000
29,162:24,162,no_addition,False,0.16666666666666666,0.0,0.16666666666666666,0.0,0.16666666666666666,0.0,3.0,0.0,0.0,1.0,0.8449309003792108,0.43767679617420796,0.1475900684836953,0.22620422795171236,wait:0.815870;e:0.642222
29,168:0,168,no_addition,False,0.25,0.0,0.125,0.0,0.25,0.0,1.0,0.0,1.0,1.0,0.3755780482129814,0.5002810804162031,0.20183721834497176,0.3434550845162469,wait:0.000000
29,170:0,170,no_addition,False,0.0,0.0,0.0,0.0,0.0,0.0,2.0,0.0,0.0,0.0,0.7051660028161899,0.4051155287561089,0.3137915355224336,0.3714260410134784,wait:0.000000
29,175:18,175,d,False,0.0,0.14285714285714285,0.0,0.14285714285714285,0.0,0.14285714285714285,2.0,0.0,1.0,1.0,0.47122907449832796,0.44205992872410627,0.3828994140573118,0.43302429056038766,wait:0.000000;d:0.041360;e:-0.035027;d+e:-0.182521
29,176:6,176,no_addition,False,0.0,0.0,0.0,0.0,0.0,0.0,1.0,0.0,0.0,1.0,0.649507682724739,0.5157044978695166,0.29667236080361553,0.19039524472284738,wait:0.000000
29,178:0,178,no_addition,False,0.0,0.0,0.0,0.0,0.0,0.0,0.0,0.0,0.0,0.0,0.24751995226350382,0.6128680806839006,0.30242028894009604,0.26244031453647154,wait:0.000000
29,181:12,181,no_addition,False,0.16666666666666666,0.0,0.0,0.0,0.16666666666666666,0.0,0.0,0.0,1.0,0.0,0.5562448725344759,0.42162272232813014,0.3830321261826036,0.3667363039972709,wait:0.000000
29,184:12,184,no_addition,False,0.0,0.0,0.0,0.0,0.0,0.0,1.0,1.0,0.0,0.0,0.5441898131361663,0.5096081459085375,0.3329551098625529,0.29829461350477027,wait:0.000000
29,187:6,187,no_addition,False,0.0,0.0,0.0,0.0,0.0,0.0,1.0,0.0,0.0,0.0,0.5248273348424907,0.5554585001628527,0.362124988748831,0.3298573274808079,wait:0.000000
29,199:6,199,no_addition,False,0.14285714285714285,0.0,0.14285714285714285,0.0,0.14285714285714285,0.0,0.0,0.0,0.0,0.0,0.4127684488429389,0.7572765500424592,0.32376534497108417,0.39501652679189125,wait:0.000000
29,201:0,201,no_addition,False,0.0,0.0,0.0,0.0,0.0,0.0,0.0,0.0,1.0,1.0,0.17278913059741755,0.2654302902035843,0.20072772104470216,0.20987555220806772,wait:0.000000
29,202:24,202,no_addition,False,0.16666666666666666,0.0,0.16666666666666666,0.0,0.16666666666666666,0.0,0.0,0.0,0.0,0.0,0.7207754921652623,0.21672926048736668,0.27995644167567973,0.25946474351074944,wait:0.000000;e:-0.084338
29,203:18,203,no_addition,False,0.0,0.0,0.0,0.0,0.0,0.0,1.0,0.0,0.0,0.0,0.7899253629515395,0.5135264455480919,0.411197420235476,0.35280032812438555,wait:0.000000
29,207:0,207,no_addition,False,0.0,0.0,0.0,0.0,0.0,0.0,0.0,0.0,0.0,0.0,0.6384098086343788,0.4328621151935302,0.22389468572080504,0.4123575006396421,wait:0.000000
29,208:18,208,no_addition,False,0.0,0.16666666666666666,0.0,0.16666666666666666,0.0,0.16666666666666666,1.0,0.0,0.0,0.0,0.5181053835434617,0.6719454342725899,0.3859596365912661,0.3296270803651511,wait:0.000000
29,214:6,214,no_addition,False,0.0,0.0,0.0,0.0,0.0,0.0,0.0,0.0,1.0,0.0,0.4881644289819055,0.6322656244963211,0.443590841096819,0.2925123474407271,wait:0.000000
29,215:24,215,no_addition,False,0.0,0.0,0.0,0.0,0.0,0.0,2.0,0.0,0.0,0.0,0.5894646450959999,0.37994453684031615,0.4330328298258135,0.2810765607108209,wait:0.569190
29,218:0,218,no_addition,False,0.0,0.0,0.0,0.0,0.0,0.0,1.0,1.0,1.0,0.0,0.5287084951530193,0.7867793646972321,0.22402292046599662,0.387614879129818,wait:0.000000
29,221:12,221,no_addition,False,0.0,0.0,0.0,0.0,0.0,0.0,1.0,0.0,1.0,1.0,0.5854773497786949,0.25355016332485286,0.309422400651154,0.2701802264111867,wait:0.000000;e:-0.061903
29,227:0,227,no_addition,False,0.16666666666666666,0.0,0.0,0.0,0.16666666666666666,0.0,0.0,0.0,2.0,0.0,0.182168314345405,0.47420316210613983,0.2733811888790417,0.19354397946438265,wait:0.000000;d:-0.109371
29,230:24,230,no_addition,False,0.0,0.0,0.0,0.0,0.0,0.0,0.0,0.0,1.0,1.0,0.21259604598067658,0.4341089998498922,0.3394288452220377,0.2584575639361246,wait:0.000000;d:-0.148023
30,1:24,1,no_addition,False,0.0,0.0,0.0,0.0,0.0,0.0,0.0,0.0,0.0,0.0,0.28830790495000835,0.27554244235247455,0.2708586019998547,0.3956222126258251,wait:0.000000;d:-0.011288;e:-0.147545;d+e:-0.243226
30,5:6,5,no_addition,False,0.02857142857142857,0.0,0.0,0.0,0.02857142857142857,0.0,4.0,3.0,3.0,1.0,0.5073808053624524,0.6454663686216437,0.1852133071321838,0.4363383782700089,wait:0.000000
30,17:30,17,d,False,0.027777777777777776,0.0,0.0,0.0,0.027777777777777776,0.0,3.0,1.0,1.0,2.0,0.7480968453128901,0.45347051250671133,0.39102448426558717,0.19506039435618563,wait:0.000000;d:0.282505;e:0.213210;d+e:0.200733
30,18:30,18,d,False,0.0625,0.0,0.0625,0.0,0.0625,0.0,2.0,1.0,0.0,1.0,0.8737571316438802,0.38966204903560653,0.3181585800077742,0.32129346926806296,wait:0.000000;d:0.468506;e:0.029529;d+e:0.202056
30,22:12,22,no_addition,False,0.041666666666666664,0.0,0.0,0.0,0.041666666666666664,0.0,4.0,0.0,2.0,1.0,0.4678990297783093,0.5267773685722134,0.1853591411064211,0.31450094045556126,wait:0.000000
30,23:24,23,no_addition,False,0.0,0.0,0.0,0.0,0.0,0.0,3.0,0.0,2.0,1.0,0.636884042051669,0.3303784738750793,0.3297613636665448,0.35952554001985937,wait:0.000000;e:-0.082078
30,28:24,28,no_addition,False,0.0,0.0,0.0,0.0,0.0,0.0,3.0,0.0,0.0,1.0,0.604004517850059,0.21329360253934568,0.2206044920108324,0.3311898819821935,wait:0.000000;e:-0.159156
30,34:6,34,no_addition,False,0.1111111111111111,0.0,0.037037037037037035,0.0,0.1111111111111111,0.0,2.0,0.0,3.0,1.0,0.3512668657005573,0.33119318925138685,0.4072071525389136,0.2610662765689028,wait:0.000000
30,36:0,36,no_addition,False,0.0,0.0,0.0,0.0,0.0,0.0,2.0,0.0,1.0,0.0,0.6313536095498903,0.3836680873249898,0.40868282925775223,0.41900053739797377,wait:0.000000
30,40:6,40,no_addition,False,0.0,0.0,0.0,0.0,0.0,0.0,0.0,0.0,2.0,0.0,0.2562335571653653,0.48198530675722817,0.40979428068998186,0.24866690722000864,wait:0.000000;d:-0.199101
30,42:0,42,no_addition,False,0.0,0.0,0.0,0.0,0.0,0.0,0.0,0.0,1.0,0.0,0.4071022545359229,0.232272433208347,0.3370247532265757,0.2534510171764107,wait:0.000000;e:-0.064330
30,48:24,48,no_addition,False,0.0,0.0,0.0,0.0,0.0,0.0,1.0,1.0,1.0,1.0,0.5158123706627725,0.6273927977394479,0.23270128367522036,0.17352168835775697,wait:0.605814;d:0.536172
30,50:24,50,no_addition,False,0.0,0.0,0.0,0.0,0.0,0.0,1.0,0.0,3.0,1.0,0.4299239343246798,0.23245709177559298,0.2661547469837424,0.44946089757694324,wait:0.000000;e:-0.260174
30,55:0,55,no_addition,False,0.0,0.0,0.0,0.0,0.0,0.0,1.0,0.0,1.0,1.0,0.47450897074081755,0.40423984377293115,0.27604848689772193,0.21149207820782978,wait:0.000000
30,57:18,57,no_addition,False,0.0,0.0,0.0,0.0,0.0,0.0,1.0,0.0,0.0,0.0,0.4892381622335288,0.24647266114050143,0.3472400286318625,0.32934013747717866,wait:0.000000
30,58:0,58,no_addition,False,0.0,0.0,0.0,0.0,0.0,0.0,1.0,0.0,0.0,1.0,0.8101585836098503,0.22182246306368564,0.22916244037719172,0.25204918347217453,wait:0.000000
30,79:24,79,e,False,0.0,0.0,0.0,0.0,0.0,0.0,3.0,0.0,4.0,0.0,0.36277448068813434,0.3688088003362419,0.23897090931600617,0.2980342670728797,wait:0.000000;e:0.014013
30,87:18,87,no_addition,False,0.0,0.0,0.0,0.0,0.0,0.0,1.0,0.0,1.0,0.0,0.5757817120024694,0.30842208455731873,0.20279804993293035,0.35065675570046845,wait:0.000000;e:-0.092977
30,88:24,88,no_addition,False,0.0,0.0,0.0,0.0,0.0,0.0,3.0,1.0,0.0,0.0,0.5748481098474112,0.6037708903521869,0.39659420517047966,0.3730679206252907,wait:0.535985
30,93:24,93,no_addition,False,0.09090909090909091,0.0,0.09090909090909091,0.0,0.09090909090909091,0.0,0.0,1.0,2.0,2.0,0.19424652180937857,0.4198386547515379,0.29764636062821376,0.4141443069013125,wait:0.000000;d:-0.122761;e:-0.036153;d+e:-0.245020
30,94:18,94,no_addition,False,0.0,0.0,0.0,0.0,0.0,0.0,1.0,1.0,0.0,0.0,0.48459490604747757,0.7036935890645399,0.21800924687211456,0.38576636836737893,wait:0.000000
30,95:6,95,no_addition,False,0.0,0.0,0.0,0.0,0.0,0.0,0.0,1.0,0.0,0.0,0.23538061248263192,0.49136601723325085,0.3797239704460827,0.26511376606491255,wait:0.000000;d:-0.187805
30,97:24,97,d,False,0.0,0.0,0.0,0.0,0.0,0.0,2.0,2.0,0.0,0.0,0.5917175527532625,0.7596231899972028,0.30224413357827734,0.19373823302790918,wait:0.000000;d:0.210494
30,107:18,107,no_addition,False,0.0,0.0,0.0,0.0,0.0,0.0,0.0,1.0,0.0,0.0,0.2729552866978575,0.5521756330374521,0.3467836357187902,0.3787669519245653,wait:0.000000;d:-0.101035
30,108:0,108,no_addition,False,0.0,0.0,0.0,0.0,0.0,0.0,1.0,0.0,1.0,0.0,0.41343741219816654,0.5585858136843243,0.4051152694937241,0.34700663599438875,wait:0.000000;d:-0.052887
30,117:12,117,no_addition,False,0.0,0.0,0.0,0.0,0.0,0.0,1.0,0.0,1.0,0.0,0.6635416711322443,0.5462544645848304,0.22248103607028888,0.2401405260341156,wait:0.000000
30,125:0,125,no_addition,False,0.125,0.0,0.0,0.0,0.125,0.0,0.0,0.0,1.0,1.0,0.2354813323992468,0.34874461770778453,0.31722339055237087,0.3975528526902157,wait:0.000000
30,128:30,128,d,False,0.0,0.0,0.0,0.0,0.0,0.0,0.0,0.0,1.0,0.0,0.5380039694383583,0.2303076525957629,0.33817959240936535,0.3162655808194294,wait:0.000000;d:0.146199;e:-0.108914;d+e:-0.083152
30,131:12,131,no_addition,False,0.0,0.0,0.0,0.0,0.0,0.0,0.0,0.0,0.0,0.0,0.3563602311849474,0.5871447970231283,0.37985692616415667,0.3889506118451608,wait:0.000000;d:-0.079017
30,153:6,153,no_addition,False,0.0,0.0,0.0,0.0,0.0,0.0,1.0,0.0,0.0,0.0,0.6466890283161553,0.7227862591583962,0.25663317833606647,0.3716738497836488,wait:0.000000
30,159:0,159,no_addition,False,0.0,0.0,0.0,0.0,0.0,0.0,0.0,0.0,0.0,0.0,0.7820446497530293,0.7545088473815509,0.3379496723410936,0.4064367469037631,wait:0.000000
30,162:24,162,e,False,0.16666666666666666,0.0,0.0,0.0,0.16666666666666666,0.0,3.0,0.0,1.0,1.0,0.7333892149039811,0.43767679617420796,0.1475900684836953,0.22620422795171236,wait:0.000000;e:0.147847
30,164:30,164,no_addition,False,0.0,0.0,0.0,0.0,0.0,0.0,0.0,0.0,1.0,2.0,0.28800537381185065,0.13998303352712393,0.2900040903492713,0.4084117408635823,wait:0.000000;d:-0.030706;e:-0.282382;d+e:-0.365767
30,168:0,168,no_addition,False,0.125,0.0,0.0,0.0,0.125,0.0,1.0,0.0,2.0,1.0,0.31094654419523293,0.5002810804162031,0.20714872409089208,0.3434550845162469,wait:0.000000
30,170:0,170,no_addition,False,0.0,0.0,0.0,0.0,0.0,0.0,2.0,0.0,0.0,0.0,0.7051660028161899,0.4051155287561089,0.3137915355224336,0.3714260410134784,wait:0.000000
30,176:6,176,no_addition,False,0.0,0.0,0.0,0.0,0.0,0.0,1.0,0.0,0.0,1.0,0.649507682724739,0.5157044978695166,0.29667236080361553,0.19039524472284738,wait:0.000000
30,178:0,178,no_addition,False,0.0,0.0,0.0,0.0,0.0,0.0,0.0,0.0,0.0,0.0,0.24751995226350382,0.6128680806839006,0.30242028894009604,0.26244031453647154,wait:0.000000
30,181:12,181,no_addition,False,0.0,0.0,0.0,0.0,0.0,0.0,0.0,0.0,1.0,0.0,0.5562448725344759,0.42162272232813014,0.39624013053372786,0.3667363039972709,wait:0.000000
30,184:12,184,no_addition,False,0.0,0.0,0.0,0.0,0.0,0.0,0.0,1.0,0.0,0.0,0.34884259019452324,0.5096081459085375,0.3329551098625529,0.29829461350477027,wait:0.000000
30,187:6,187,no_addition,False,0.0,0.0,0.0,0.0,0.0,0.0,1.0,0.0,0.0,0.0,0.5248273348424907,0.5554585001628527,0.362124988748831,0.3298573274808079,wait:0.000000
30,197:24,197,no_addition,False,0.0,0.0,0.0,0.0,0.0,0.0,3.0,0.0,0.0,1.0,0.690870848709872,0.393167365994375,0.19688231088167402,0.34557495756149265,wait:0.000000;e:-0.011597
30,199:6,199,no_addition,False,0.14285714285714285,0.0,0.0,0.0,0.14285714285714285,0.0,0.0,0.0,1.0,0.0,0.2889379141900572,0.7572765500424592,0.32376534497108417,0.39501652679189125,wait:0.000000
30,201:0,201,no_addition,False,0.0,0.0,0.0,0.0,0.0,0.0,0.0,0.0,1.0,1.0,0.17278913059741755,0.2654302902035843,0.20072772104470216,0.20987555220806772,wait:0.000000
30,202:24,202,no_addition,False,0.16666666666666666,0.0,0.0,0.0,0.16666666666666666,0.0,0.0,0.0,1.0,0.0,0.5045428445156837,0.21672926048736668,0.27995644167567973,0.25946474351074944,wait:0.000000;e:-0.084338
30,203:18,203,no_addition,False,0.0,0.0,0.0,0.0,0.0,0.0,1.0,0.0,0.0,0.0,0.7899253629515395,0.5135264455480919,0.411197420235476,0.35280032812438555,wait:0.000000
30,207:0,207,no_addition,False,0.0,0.0,0.0,0.0,0.0,0.0,0.0,0.0,0.0,0.0,0.6384098086343788,0.4328621151935302,0.22389468572080504,0.4123575006396421,wait:0.000000
30,208:18,208,no_addition,False,0.0,0.16666666666666666,0.0,0.16666666666666666,0.0,0.16666666666666666,1.0,0.0,0.0,0.0,0.5181053835434617,0.6719454342725899,0.3859596365912661,0.3296270803651511,wait:0.000000
30,214:6,214,no_addition,False,0.0,0.0,0.0,0.0,0.0,0.0,0.0,0.0,1.0,0.0,0.4881644289819055,0.6322656244963211,0.443590841096819,0.2925123474407271,wait:0.000000
30,215:24,215,no_addition,False,0.0,0.0,0.0,0.0,0.0,0.0,2.0,0.0,0.0,0.0,0.5894646450959999,0.37994453684031615,0.4330328298258135,0.2810765607108209,wait:0.000000
30,216:30,216,no_addition,False,0.0,0.0,0.0,0.0,0.0,0.0,0.0,0.0,0.0,0.0,0.3175768374614446,0.37755529813170224,0.3716142051303562,0.3663120173657725,wait:0.000000;d:-0.085692;e:-0.026390;d+e:-0.229273
30,218:0,218,no_addition,False,0.0,0.0,0.0,0.0,0.0,0.0,1.0,1.0,1.0,0.0,0.5287084951530193,0.7867793646972321,0.22402292046599662,0.387614879129818,wait:0.000000
30,221:12,221,e,False,0.0,0.0,0.0,0.0,0.0,0.0,1.0,0.0,1.0,0.0,0.5854773497786949,0.36221451903550406,0.309422400651154,0.2701802264111867,wait:0.000000;e:0.035930
30,227:0,227,no_addition,False,0.0,0.0,0.0,0.0,0.0,0.0,0.0,0.0,2.0,0.0,0.182168314345405,0.47420316210613983,0.28280812642659486,0.19354397946438265,wait:0.000000;d:-0.118798
30,230:24,230,no_addition,False,0.0,0.0,0.0,0.0,0.0,0.0,0.0,0.0,1.0,1.0,0.21259604598067658,0.4341089998498922,0.3394288452220377,0.2584575639361246,wait:0.000000;d:-0.148023
31,1:24,1,no_addition,False,0.125,0.0,0.125,0.0,0.125,0.0,0.0,0.0,0.0,0.0,0.28830790495000835,0.27554244235247455,0.2640871369498583,0.3956222126258251,wait:0.000000;d:-0.004516;e:-0.147545;d+e:-0.236455
31,5:6,5,no_addition,False,0.0,0.0,0.0,0.0,0.0,0.0,4.0,3.0,3.0,1.0,0.5073808053624524,0.6454663686216437,0.18627775142604694,0.4363383782700089,wait:0.000000
31,22:12,22,no_addition,False,0.0,0.0,0.0,0.0,0.0,0.0,4.0,0.0,2.0,1.0,0.4678990297783093,0.5267773685722134,0.18691678094765152,0.31450094045556126,wait:0.000000
31,23:24,23,no_addition,False,0.0,0.0,0.0,0.0,0.0,0.0,3.0,0.0,2.0,1.0,0.636884042051669,0.3303784738750793,0.3297613636665448,0.35952554001985937,wait:0.000000;e:-0.082078
31,28:24,28,no_addition,False,0.043478260869565216,0.0,0.043478260869565216,0.0,0.043478260869565216,0.0,3.0,0.0,0.0,1.0,0.604004517850059,0.21329360253934568,0.21868619208030343,0.3311898819821935,wait:0.000000;e:-0.159156
31,34:6,34,no_addition,False,0.037037037037037035,0.037037037037037035,0.037037037037037035,0.037037037037037035,0.037037037037037035,0.037037037037037035,2.0,0.0,3.0,1.0,0.3512668657005573,0.33119318925138685,0.4133769578804123,0.259132452298022,wait:0.000000
31,36:0,36,no_addition,False,0.0,0.0,0.0,0.0,0.0,0.0,2.0,0.0,1.0,0.0,0.6313536095498903,0.3836680873249898,0.40868282925775223,0.41900053739797377,wait:0.000000
31,40:6,40,no_addition,False,0.0,0.0,0.0,0.0,0.0,0.0,0.0,0.0,2.0,0.0,0.2562335571653653,0.48198530675722817,0.40979428068998186,0.24866690722000864,wait:0.000000;d:-0.199101
31,42:0,42,no_addition,False,0.0,0.0,0.0,0.0,0.0,0.0,0.0,0.0,1.0,0.0,0.4071022545359229,0.232272433208347,0.3370247532265757,0.2534510171764107,wait:0.000000;e:-0.064330
31,50:24,50,no_addition,False,0.0,0.0,0.0,0.0,0.0,0.0,1.0,0.0,3.0,1.0,0.4299239343246798,0.23245709177559298,0.2661547469837424,0.44946089757694324,wait:0.000000;e:-0.260174
31,55:0,55,no_addition,False,0.07692307692307693,0.0,0.07692307692307693,0.0,0.07692307692307693,0.0,1.0,0.0,1.0,1.0,0.47450897074081755,0.40423984377293115,0.27180158709929547,0.21149207820782978,wait:0.000000
31,57:18,57,no_addition,False,0.0,0.0,0.0,0.0,0.0,0.0,1.0,0.0,0.0,0.0,0.4892381622335288,0.24647266114050143,0.3472400286318625,0.32934013747717866,wait:0.000000
31,58:0,58,no_addition,False,0.0,0.0,0.0,0.0,0.0,0.0,1.0,0.0,0.0,1.0,0.8101585836098503,0.22182246306368564,0.22916244037719172,0.25204918347217453,wait:0.000000
31,79:24,79,no_addition,False,0.05,0.05,0.05,0.05,0.05,0.05,3.0,0.0,4.0,0.0,0.36277448068813434,0.3688088003362419,0.23658120022284612,0.29505392440215095,wait:0.343875
31,87:18,87,no_addition,False,0.0,0.1,0.0,0.1,0.0,0.1,1.0,0.0,1.0,0.0,0.5757817120024694,0.30842208455731873,0.20279804993293035,0.3436436205864591,wait:0.000000;e:-0.085964
31,88:24,88,no_addition,False,0.08333333333333333,0.0,0.08333333333333333,0.0,0.08333333333333333,0.0,3.0,1.0,0.0,0.0,0.5748481098474112,0.6037708903521869,0.38998430175097165,0.3730679206252907,wait:0.555076
31,93:24,93,no_addition,False,0.09090909090909091,0.0,0.09090909090909091,0.0,0.09090909090909091,0.0,0.0,1.0,2.0,2.0,0.19424652180937857,0.4198386547515379,0.29764636062821376,0.4141443069013125,wait:0.000000;d:-0.122761;e:-0.036153;d+e:-0.245020
31,94:18,94,no_addition,False,0.0,0.0,0.0,0.0,0.0,0.0,1.0,1.0,0.0,0.0,0.48459490604747757,0.7036935890645399,0.21800924687211456,0.38576636836737893,wait:0.000000
31,95:6,95,no_addition,False,0.09090909090909091,0.0,0.09090909090909091,0.0,0.09090909090909091,0.0,0.0,1.0,0.0,0.0,0.23538061248263192,0.49136601723325085,0.3728198982561539,0.26511376606491255,wait:0.000000;d:-0.180901
31,97:24,97,no_addition,False,0.0,0.0,0.0,0.0,0.0,0.0,2.0,2.0,0.0,0.0,0.5917175527532625,0.7596231899972028,0.30224413357827734,0.19373823302790918,wait:0.551714
31,102:30,102,d,False,0.0,0.0,0.0,0.0,0.0,0.0,0.0,0.0,0.0,0.0,0.5257130117572961,0.6091195365216056,0.3401296872350168,0.333526900464516,wait:0.000000;d:0.133183
31,107:18,107,no_addition,False,0.0,0.0,0.0,0.0,0.0,0.0,0.0,1.0,0.0,0.0,0.2729552866978575,0.5521756330374521,0.3467836357187902,0.3787669519245653,wait:0.000000;d:-0.101035
31,108:0,108,no_addition,False,0.125,0.0,0.125,0.0,0.125,0.0,1.0,0.0,1.0,0.0,0.41343741219816654,0.5585858136843243,0.394987387756381,0.34700663599438875,wait:0.000000;d:-0.042760
31,117:12,117,no_addition,False,0.0,0.0,0.0,0.0,0.0,0.0,1.0,0.0,1.0,0.0,0.6635416711322443,0.5462544645848304,0.22248103607028888,0.2401405260341156,wait:0.000000
31,125:0,125,no_addition,False,0.0,0.125,0.0,0.125,0.0,0.125,0.0,0.0,1.0,1.0,0.2354813323992468,0.34874461770778453,0.3253573236434573,0.3876140313729603,wait:0.000000
31,127:30,127,d,False,0.0,0.0,0.0,0.0,0.0,0.0,2.0,0.0,0.0,0.0,0.722482330198004,0.25290151827080815,0.33325650609545837,0.1548902362264321,wait:0.000000;d:0.317212;e:0.072803;d+e:0.221908
31,131:12,131,no_addition,False,0.0,0.0,0.0,0.0,0.0,0.0,0.0,0.0,0.0,0.0,0.3563602311849474,0.5871447970231283,0.37985692616415667,0.3889506118451608,wait:0.000000;d:-0.079017
31,153:6,153,no_addition,False,0.0,0.0,0.0,0.0,0.0,0.0,1.0,0.0,0.0,0.0,0.6466890283161553,0.7227862591583962,0.25663317833606647,0.3716738497836488,wait:0.000000
31,159:0,159,no_addition,False,0.1111111111111111,0.0,0.1111111111111111,0.0,0.1111111111111111,0.0,0.0,0.0,0.0,0.0,0.7820446497530293,0.7545088473815509,0.3304396796224026,0.4064367469037631,wait:0.000000
31,162:24,162,no_addition,False,0.0,0.16666666666666666,0.0,0.16666666666666666,0.0,0.16666666666666666,3.0,0.0,1.0,1.0,0.7333892149039811,0.43767679617420796,0.1526793811900296,0.2186640870199886,wait:0.408087
31,164:30,164,no_addition,False,0.0,0.0,0.0,0.0,0.0,0.0,0.0,0.0,1.0,2.0,0.28800537381185065,0.13998303352712393,0.2900040903492713,0.4084117408635823,wait:0.000000;d:-0.030706;e:-0.282382;d+e:-0.365767
31,168:0,168,no_addition,False,0.0,0.0,0.0,0.0,0.0,0.0,1.0,0.0,2.0,1.0,0.31094654419523293,0.5002810804162031,0.2124602298368124,0.3434550845162469,wait:0.000000
31,170:0,170,no_addition,False,0.0,0.0,0.0,0.0,0.0,0.0,2.0,0.0,0.0,0.0,0.7051660028161899,0.4051155287561089,0.3137915355224336,0.3714260410134784,wait:0.000000
31,176:6,176,no_addition,False,0.0,0.0,0.0,0.0,0.0,0.0,1.0,0.0,0.0,1.0,0.649507682724739,0.5157044978695166,0.29667236080361553,0.19039524472284738,wait:0.000000
31,178:0,178,no_addition,False,0.0,0.0,0.0,0.0,0.0,0.0,0.0,0.0,0.0,0.0,0.24751995226350382,0.6128680806839006,0.30242028894009604,0.26244031453647154,wait:0.000000
31,181:12,181,no_addition,False,0.0,0.0,0.0,0.0,0.0,0.0,0.0,0.0,1.0,0.0,0.5562448725344759,0.42162272232813014,0.39624013053372786,0.3667363039972709,wait:0.000000
31,184:12,184,no_addition,False,0.0,0.0,0.0,0.0,0.0,0.0,0.0,1.0,0.0,0.0,0.34884259019452324,0.5096081459085375,0.3329551098625529,0.29829461350477027,wait:0.000000
31,187:6,187,no_addition,False,0.0,0.0,0.0,0.0,0.0,0.0,1.0,0.0,0.0,0.0,0.5248273348424907,0.5554585001628527,0.362124988748831,0.3298573274808079,wait:0.000000
31,197:24,197,no_addition,False,0.0,0.0,0.0,0.0,0.0,0.0,3.0,0.0,0.0,1.0,0.690870848709872,0.393167365994375,0.19688231088167402,0.34557495756149265,wait:0.000000;e:-0.011597
31,199:6,199,no_addition,False,0.0,0.14285714285714285,0.0,0.14285714285714285,0.0,0.14285714285714285,0.0,0.0,1.0,0.0,0.2889379141900572,0.7572765500424592,0.33328785511729253,0.38373034031212294,wait:0.000000
31,201:0,201,no_addition,False,0.0,0.0,0.0,0.0,0.0,0.0,0.0,0.0,1.0,1.0,0.17278913059741755,0.2654302902035843,0.20072772104470216,0.20987555220806772,wait:0.000000
31,202:24,202,no_addition,False,0.0,0.0,0.0,0.0,0.0,0.0,0.0,0.0,1.0,0.0,0.5045428445156837,0.21672926048736668,0.28961011207828935,0.25946474351074944,wait:0.000000;e:-0.084338
31,203:18,203,no_addition,False,0.0,0.0,0.0,0.0,0.0,0.0,1.0,0.0,0.0,0.0,0.7899253629515395,0.5135264455480919,0.411197420235476,0.35280032812438555,wait:0.000000
31,207:0,207,no_addition,False,0.0,0.0,0.0,0.0,0.0,0.0,0.0,0.0,0.0,0.0,0.6384098086343788,0.4328621151935302,0.22389468572080504,0.4123575006396421,wait:0.000000
31,208:18,208,no_addition,False,0.0,0.0,0.0,0.0,0.0,0.0,1.0,1.0,0.0,0.0,0.5181053835434617,0.7703618039908129,0.3859596365912661,0.34099353141222527,wait:0.000000
31,214:6,214,no_addition,False,0.0,0.0,0.0,0.0,0.0,0.0,0.0,0.0,1.0,0.0,0.4881644289819055,0.6322656244963211,0.443590841096819,0.2925123474407271,wait:0.000000
31,215:24,215,no_addition,False,0.0,0.0,0.0,0.0,0.0,0.0,2.0,0.0,0.0,0.0,0.5894646450959999,0.37994453684031615,0.4330328298258135,0.2810765607108209,wait:0.000000
31,216:30,216,no_addition,False,0.0,0.0,0.0,0.0,0.0,0.0,0.0,0.0,0.0,0.0,0.3175768374614446,0.37755529813170224,0.3716142051303562,0.3663120173657725,wait:0.000000;d:-0.085692;e:-0.026390;d+e:-0.229273
31,218:0,218,no_addition,False,0.0,0.0,0.0,0.0,0.0,0.0,1.0,1.0,1.0,0.0,0.5287084951530193,0.7867793646972321,0.22402292046599662,0.387614879129818,wait:0.000000
31,221:12,221,no_addition,False,0.0,0.0,0.0,0.0,0.0,0.0,1.0,0.0,1.0,0.0,0.5854773497786949,0.36221451903550406,0.309422400651154,0.2701802264111867,wait:0.337727
31,227:0,227,no_addition,False,0.0,0.0,0.0,0.0,0.0,0.0,0.0,0.0,2.0,0.0,0.182168314345405,0.47420316210613983,0.28280812642659486,0.19354397946438265,wait:0.000000;d:-0.118798
31,230:24,230,no_addition,False,0.0,0.0,0.0,0.0,0.0,0.0,0.0,0.0,1.0,1.0,0.21259604598067658,0.4341089998498922,0.3394288452220377,0.2584575639361246,wait:0.000000;d:-0.148023
32,1:24,1,d,False,0.25,0.0,0.25,0.0,0.25,0.0,0.0,0.0,0.0,0.0,0.28830790495000835,0.27554244235247455,0.25731567189986193,0.3956222126258251,wait:0.000000;d:0.002255;e:-0.147545;d+e:-0.229683
32,5:6,5,no_addition,False,0.02857142857142857,0.0,0.02857142857142857,0.0,0.02857142857142857,0.0,4.0,3.0,3.0,1.0,0.5073808053624524,0.6454663686216437,0.1852133071321838,0.4363383782700089,wait:0.000000
32,16:30,16,d,False,0.05,0.0,0.05,0.0,0.05,0.0,0.0,0.0,2.0,0.0,0.341157414125389,0.3149656051564844,0.2701688498258022,0.3551717717820044,wait:0.000000;d:0.036984
32,22:12,22,no_addition,False,0.0,0.0,0.0,0.0,0.0,0.0,4.0,0.0,2.0,1.0,0.4678990297783093,0.5267773685722134,0.18691678094765152,0.31450094045556126,wait:0.000000
32,23:24,23,no_addition,False,0.0,0.0,0.0,0.0,0.0,0.0,3.0,0.0,2.0,1.0,0.636884042051669,0.3303784738750793,0.3297613636665448,0.35952554001985937,wait:0.000000;e:-0.082078
32,28:24,28,no_addition,False,0.043478260869565216,0.0,0.043478260869565216,0.0,0.043478260869565216,0.0,3.0,0.0,0.0,0.0,0.604004517850059,0.30470514648477953,0.21868619208030343,0.3311898819821935,wait:0.000000;e:-0.076856
32,34:6,34,no_addition,False,0.037037037037037035,0.037037037037037035,0.037037037037037035,0.037037037037037035,0.037037037037037035,0.037037037037037035,2.0,0.0,3.0,1.0,0.3512668657005573,0.33119318925138685,0.4133769578804123,0.259132452298022,wait:0.000000
32,36:0,36,no_addition,False,0.0,0.0,0.0,0.0,0.0,0.0,2.0,0.0,1.0,0.0,0.6313536095498903,0.3836680873249898,0.40868282925775223,0.41900053739797377,wait:0.000000
32,40:6,40,no_addition,False,0.0,0.0,0.0,0.0,0.0,0.0,0.0,0.0,2.0,0.0,0.2562335571653653,0.48198530675722817,0.40979428068998186,0.24866690722000864,wait:0.000000;d:-0.199101
32,42:0,42,no_addition,False,0.0,0.0,0.0,0.0,0.0,0.0,0.0,0.0,1.0,0.0,0.4071022545359229,0.232272433208347,0.3370247532265757,0.2534510171764107,wait:0.000000;e:-0.064330
32,50:24,50,no_addition,False,0.0,0.0,0.0,0.0,0.0,0.0,1.0,0.0,3.0,1.0,0.4299239343246798,0.23245709177559298,0.2661547469837424,0.44946089757694324,wait:0.000000;e:-0.260174
32,55:0,55,no_addition,False,0.07692307692307693,0.0,0.07692307692307693,0.0,0.07692307692307693,0.0,1.0,0.0,1.0,1.0,0.47450897074081755,0.40423984377293115,0.27180158709929547,0.21149207820782978,wait:0.000000
32,57:18,57,no_addition,False,0.0,0.0,0.0,0.0,0.0,0.0,1.0,0.0,0.0,0.0,0.4892381622335288,0.24647266114050143,0.3472400286318625,0.32934013747717866,wait:0.000000
32,58:0,58,no_addition,False,0.0,0.0,0.0,0.0,0.0,0.0,1.0,0.0,0.0,1.0,0.8101585836098503,0.22182246306368564,0.22916244037719172,0.25204918347217453,wait:0.000000
32,79:24,79,no_addition,False,0.05,0.05,0.05,0.05,0.05,0.05,3.0,0.0,4.0,0.0,0.36277448068813434,0.3688088003362419,0.23658120022284612,0.29505392440215095,wait:0.356124
32,84:30,84,d,False,0.07692307692307693,0.0,0.07692307692307693,0.0,0.07692307692307693,0.0,1.0,1.0,1.0,0.0,0.6172354215365639,0.5961200056687408,0.23268199664017553,0.26391723968627046,wait:0.000000;d:0.323030;e:0.272784;d+e:0.277563
32,87:18,87,no_addition,False,0.0,0.1,0.0,0.1,0.0,0.1,1.0,0.0,1.0,0.0,0.5757817120024694,0.30842208455731873,0.20279804993293035,0.3436436205864591,wait:0.000000;e:-0.085964
32,88:24,88,no_addition,False,0.08333333333333333,0.0,0.08333333333333333,0.0,0.08333333333333333,0.0,3.0,0.0,0.0,0.0,0.5748481098474112,0.4339584147888384,0.38998430175097165,0.3730679206252907,wait:0.000000
32,93:24,93,no_addition,False,0.09090909090909091,0.0,0.0,0.0,0.09090909090909091,0.0,0.0,1.0,3.0,2.0,0.178059311658597,0.4198386547515379,0.29764636062821376,0.4141443069013125,wait:0.000000;d:-0.137335;e:-0.036153;d+e:-0.254085
32,94:18,94,no_addition,False,0.0,0.0,0.0,0.0,0.0,0.0,1.0,1.0,0.0,0.0,0.48459490604747757,0.7036935890645399,0.21800924687211456,0.38576636836737893,wait:0.000000
32,95:6,95,no_addition,False,0.09090909090909091,0.0,0.09090909090909091,0.0,0.09090909090909091,0.0,0.0,1.0,0.0,0.0,0.23538061248263192,0.49136601723325085,0.3728198982561539,0.26511376606491255,wait:0.000000;d:-0.180901
32,97:24,97,no_addition,False,0.0,0.0,0.0,0.0,0.0,0.0,2.0,2.0,0.0,0.0,0.5917175527532625,0.7596231899972028,0.30224413357827734,0.19373823302790918,wait:0.571366
32,107:18,107,no_addition,False,0.0,0.0,0.0,0.0,0.0,0.0,0.0,1.0,0.0,0.0,0.2729552866978575,0.5521756330374521,0.3467836357187902,0.3787669519245653,wait:0.000000;d:-0.101035
32,108:0,108,no_addition,False,0.125,0.0,0.125,0.0,0.125,0.0,1.0,0.0,1.0,0.0,0.41343741219816654,0.5585858136843243,0.394987387756381,0.34700663599438875,wait:0.000000;d:-0.042760
32,117:12,117,no_addition,False,0.0,0.0,0.0,0.0,0.0,0.0,1.0,0.0,1.0,0.0,0.6635416711322443,0.5462544645848304,0.22248103607028888,0.2401405260341156,wait:0.000000
32,125:0,125,no_addition,False,0.0,0.125,0.0,0.125,0.0,0.125,0.0,0.0,1.0,1.0,0.2354813323992468,0.34874461770778453,0.3253573236434573,0.3876140313729603,wait:0.000000
32,131:12,131,no_addition,False,0.0,0.0,0.0,0.0,0.0,0.0,0.0,0.0,0.0,0.0,0.3563602311849474,0.5871447970231283,0.37985692616415667,0.3889506118451608,wait:0.000000;d:-0.079017
32,149:30,149,e,False,0.0,0.0,0.0,0.0,0.0,0.0,0.0,0.0,0.0,0.0,0.2713909454604943,0.6541471651235125,0.19879566477615832,0.2377602708974282,wait:0.000000;d:0.045544;e:0.351184;d+e:0.232826
32,153:6,153,no_addition,False,0.0,0.0,0.0,0.0,0.0,0.0,1.0,0.0,0.0,0.0,0.6466890283161553,0.7227862591583962,0.25663317833606647,0.3716738497836488,wait:0.000000
32,159:0,159,no_addition,False,0.1111111111111111,0.0,0.1111111111111111,0.0,0.1111111111111111,0.0,0.0,0.0,0.0,0.0,0.7820446497530293,0.7545088473815509,0.3304396796224026,0.4064367469037631,wait:0.000000
32,162:24,162,no_addition,False,0.0,0.16666666666666666,0.0,0.16666666666666666,0.0,0.16666666666666666,3.0,0.0,1.0,1.0,0.7333892149039811,0.43767679617420796,0.1526793811900296,0.2186640870199886,wait:0.422623
32,164:30,164,no_addition,False,0.0,0.0,0.0,0.0,0.0,0.0,0.0,0.0,1.0,1.0,0.28800537381185065,0.16331353911497792,0.2900040903492713,0.4084117408635823,wait:0.000000;d:-0.030706;e:-0.261377;d+e:-0.350208
32,168:0,168,no_addition,False,0.0,0.0,0.0,0.0,0.0,0.0,1.0,0.0,2.0,1.0,0.31094654419523293,0.5002810804162031,0.2124602298368124,0.3434550845162469,wait:0.000000
32,170:0,170,no_addition,False,0.16666666666666666,0.0,0.16666666666666666,0.0,0.16666666666666666,0.0,2.0,0.0,0.0,0.0,0.7051660028161899,0.4051155287561089,0.3033318176716858,0.3714260410134784,wait:0.000000
32,175:18,175,no_addition,False,0.0,0.0,0.0,0.0,0.0,0.0,2.0,1.0,1.0,0.0,0.47122907449832796,0.7420599287241063,0.3828994140573118,0.4457602991062814,wait:0.455021;e:0.353358
32,176:6,176,no_addition,False,0.0,0.0,0.0,0.0,0.0,0.0,1.0,0.0,0.0,1.0,0.649507682724739,0.5157044978695166,0.29667236080361553,0.19039524472284738,wait:0.000000
32,178:0,178,no_addition,False,0.0,0.0,0.0,0.0,0.0,0.0,0.0,0.0,0.0,0.0,0.24751995226350382,0.6128680806839006,0.30242028894009604,0.26244031453647154,wait:0.000000
32,181:12,181,no_addition,False,0.0,0.0,0.0,0.0,0.0,0.0,0.0,0.0,1.0,0.0,0.5562448725344759,0.42162272232813014,0.39624013053372786,0.3667363039972709,wait:0.000000
32,184:12,184,no_addition,False,0.0,0.0,0.0,0.0,0.0,0.0,0.0,1.0,0.0,0.0,0.34884259019452324,0.5096081459085375,0.3329551098625529,0.29829461350477027,wait:0.000000
32,187:6,187,no_addition,False,0.0,0.0,0.0,0.0,0.0,0.0,1.0,0.0,0.0,0.0,0.5248273348424907,0.5554585001628527,0.362124988748831,0.3298573274808079,wait:0.000000
32,197:24,197,no_addition,False,0.0,0.0,0.0,0.0,0.0,0.0,3.0,0.0,0.0,1.0,0.690870848709872,0.393167365994375,0.19688231088167402,0.34557495756149265,wait:0.000000;e:-0.011597
32,199:6,199,no_addition,False,0.0,0.14285714285714285,0.0,0.14285714285714285,0.0,0.14285714285714285,0.0,0.0,1.0,0.0,0.2889379141900572,0.7572765500424592,0.33328785511729253,0.38373034031212294,wait:0.000000
32,201:0,201,no_addition,False,0.0,0.0,0.0,0.0,0.0,0.0,0.0,0.0,1.0,1.0,0.17278913059741755,0.2654302902035843,0.20072772104470216,0.20987555220806772,wait:0.000000
32,202:24,202,no_addition,False,0.0,0.0,0.0,0.0,0.0,0.0,0.0,0.0,1.0,0.0,0.5045428445156837,0.21672926048736668,0.28961011207828935,0.25946474351074944,wait:0.000000;e:-0.084338
32,203:18,203,no_addition,False,0.0,0.0,0.0,0.0,0.0,0.0,1.0,0.0,0.0,0.0,0.7899253629515395,0.5135264455480919,0.411197420235476,0.35280032812438555,wait:0.000000
32,207:0,207,no_addition,False,0.0,0.0,0.0,0.0,0.0,0.0,0.0,0.0,0.0,0.0,0.6384098086343788,0.4328621151935302,0.22389468572080504,0.4123575006396421,wait:0.000000
32,208:18,208,no_addition,False,0.0,0.0,0.0,0.0,0.0,0.0,1.0,1.0,0.0,0.0,0.5181053835434617,0.7703618039908129,0.3859596365912661,0.34099353141222527,wait:0.000000
32,210:30,210,d,False,0.0,0.0,0.0,0.0,0.0,0.0,3.0,0.0,0.0,0.0,0.563739628143854,0.7220389447621924,0.2334915451941302,0.4483397378262869,wait:0.000000;d:0.274057;e:0.201730;d+e:0.125845
32,214:6,214,no_addition,False,0.0,0.0,0.0,0.0,0.0,0.0,0.0,0.0,1.0,0.0,0.4881644289819055,0.6322656244963211,0.443590841096819,0.2925123474407271,wait:0.000000
32,215:24,215,no_addition,False,0.0,0.0,0.0,0.0,0.0,0.0,2.0,0.0,0.0,0.0,0.5894646450959999,0.37994453684031615,0.4330328298258135,0.2810765607108209,wait:0.000000
32,216:30,216,no_addition,False,0.0,0.0,0.0,0.0,0.0,0.0,0.0,0.0,0.0,0.0,0.3175768374614446,0.37755529813170224,0.3716142051303562,0.3663120173657725,wait:0.000000;d:-0.085692;e:-0.026390;d+e:-0.229273
32,218:0,218,no_addition,False,0.0,0.0,0.0,0.0,0.0,0.0,1.0,1.0,1.0,0.0,0.5287084951530193,0.7867793646972321,0.22402292046599662,0.387614879129818,wait:0.000000
32,219:30,219,d,False,0.0,0.0,0.0,0.0,0.0,0.0,1.0,0.0,0.0,1.0,0.562703187645301,0.1788221467071392,0.2189030648837487,0.1653723697381658,wait:0.000000;d:0.287712;e:-0.004374;d+e:0.181774
32,221:12,221,no_addition,False,0.0,0.0,0.0,0.0,0.0,0.0,1.0,0.0,1.0,0.0,0.5854773497786949,0.36221451903550406,0.309422400651154,0.2701802264111867,wait:0.349756
32,227:0,227,no_addition,False,0.0,0.0,0.0,0.0,0.0,0.0,0.0,0.0,2.0,0.0,0.182168314345405,0.47420316210613983,0.28280812642659486,0.19354397946438265,wait:0.000000;d:-0.118798
32,230:24,230,no_addition,False,0.0,0.0,0.0,0.0,0.0,0.0,0.0,0.0,1.0,0.0,0.21259604598067658,0.6201557140712746,0.3394288452220377,0.2584575639361246,wait:0.000000;d:-0.148023
33,5:6,5,no_addition,False,0.02857142857142857,0.0,0.02857142857142857,0.0,0.02857142857142857,0.0,4.0,2.0,3.0,1.0,0.5073808053624524,0.6019355821959693,0.1852133071321838,0.4363383782700089,wait:0.000000
33,17:30,17,e,False,0.05555555555555555,0.027777777777777776,0.05555555555555555,0.027777777777777776,0.05555555555555555,0.027777777777777776,3.0,1.0,1.0,2.0,0.7480968453128901,0.45347051250671133,0.38883998994008107,0.19397672549865128,wait:0.000000;e:0.194294
33,18:30,18,no_addition,False,0.0,0.0,0.0,0.0,0.0,0.0,2.0,0.0,1.0,1.0,0.7342773706735568,0.22127239054154096,0.32218590380534096,0.32129346926806296,wait:0.000000;e:-0.142077
33,22:12,22,no_addition,False,0.0,0.0,0.0,0.0,0.0,0.0,4.0,0.0,2.0,1.0,0.4678990297783093,0.5267773685722134,0.18691678094765152,0.31450094045556126,wait:0.000000
33,23:24,23,e,False,0.0,0.0,0.0,0.0,0.0,0.0,3.0,0.0,2.0,0.0,0.636884042051669,0.4719692483929704,0.3297613636665448,0.35952554001985937,wait:0.000000;e:0.045400
33,28:24,28,no_addition,False,0.08695652173913043,0.0,0.08695652173913043,0.0,0.08695652173913043,0.0,3.0,0.0,0.0,0.0,0.604004517850059,0.30470514648477953,0.21676789214977443,0.3311898819821935,wait:0.000000;e:-0.076856
33,34:6,34,no_addition,False,0.037037037037037035,0.037037037037037035,0.037037037037037035,0.037037037037037035,0.037037037037037035,0.037037037037037035,3.0,0.0,3.0,1.0,0.4040878123948271,0.33119318925138685,0.4133769578804123,0.259132452298022,wait:0.000000
33,36:0,36,no_addition,False,0.0,0.0,0.0,0.0,0.0,0.0,2.0,0.0,1.0,0.0,0.6313536095498903,0.3836680873249898,0.40868282925775223,0.41900053739797377,wait:0.000000
33,40:6,40,no_addition,False,0.0,0.0,0.0,0.0,0.0,0.0,0.0,0.0,1.0,0.0,0.2989391500262595,0.48198530675722817,0.40979428068998186,0.24866690722000864,wait:0.000000;d:-0.160652
33,42:0,42,no_addition,False,0.0,0.0,0.0,0.0,0.0,0.0,0.0,0.0,1.0,0.0,0.4071022545359229,0.232272433208347,0.3370247532265757,0.2534510171764107,wait:0.000000;e:-0.064330
33,50:24,50,no_addition,False,0.0,0.0,0.0,0.0,0.0,0.0,1.0,0.0,2.0,0.0,0.4778041613049498,0.33208155967941855,0.2661547469837424,0.44946089757694324,wait:0.000000;e:-0.170480
33,55:0,55,no_addition,False,0.15384615384615385,0.0,0.07692307692307693,0.0,0.15384615384615385,0.0,1.0,0.0,2.0,1.0,0.40163322317908273,0.40423984377293115,0.26755468730086895,0.21149207820782978,wait:0.000000
33,57:18,57,no_addition,False,0.0,0.0,0.0,0.0,0.0,0.0,1.0,0.0,0.0,0.0,0.4892381622335288,0.24647266114050143,0.3472400286318625,0.32934013747717866,wait:0.000000
33,58:0,58,no_addition,False,0.09090909090909091,0.0,0.09090909090909091,0.0,0.09090909090909091,0.0,1.0,0.0,0.0,1.0,0.8101585836098503,0.22182246306368564,0.22499585055215188,0.25204918347217453,wait:0.000000
33,69:30,69,e,False,0.09090909090909091,0.0,0.09090909090909091,0.0,0.09090909090909091,0.0,0.0,1.0,0.0,0.0,0.3174003294421141,0.6013065238526594,0.24214979297568046,0.2942416708512183,wait:0.000000;d:0.043614;e:0.247129;d+e:0.116039
33,79:24,79,no_addition,False,0.05,0.05,0.0,0.05,0.05,0.05,3.0,0.0,3.0,0.0,0.39802503288410734,0.3688088003362419,0.23658120022284612,0.29505392440215095,wait:0.356124
33,87:18,87,no_addition,False,0.1,0.1,0.1,0.0,0.1,0.1,1.0,0.0,1.0,1.0,0.5757817120024694,0.21589545919012312,0.19874208893427175,0.3436436205864591,wait:0.000000;e:-0.169268
33,88:24,88,no_addition,False,0.08333333333333333,0.0,0.0,0.0,0.08333333333333333,0.0,3.0,0.0,1.0,0.0,0.4780382129466433,0.4339584147888384,0.38998430175097165,0.3730679206252907,wait:0.000000
33,93:24,93,no_addition,False,0.0,0.0,0.0,0.0,0.0,0.0,0.0,0.0,3.0,1.0,0.178059311658597,0.34343101513832097,0.30315833026947697,0.4141443069013125,wait:0.000000;d:-0.142847;e:-0.104945;d+e:-0.317360
33,94:18,94,no_addition,False,0.0,0.0,0.0,0.0,0.0,0.0,1.0,0.0,0.0,0.0,0.48459490604747757,0.5767051272350571,0.21800924687211456,0.38576636836737893,wait:0.000000
33,95:6,95,no_addition,False,0.09090909090909091,0.0,0.0,0.0,0.09090909090909091,0.0,0.0,1.0,1.0,0.0,0.16476642873784236,0.49136601723325085,0.3728198982561539,0.26511376606491255,wait:0.000000;d:-0.244477
33,97:24,97,no_addition,False,0.0,0.0,0.0,0.0,0.0,0.0,2.0,1.0,0.0,0.0,0.5917175527532625,0.7195603883300699,0.30224413357827734,0.19373823302790918,wait:0.000000
33,107:18,107,no_addition,False,0.0,0.0,0.0,0.0,0.0,0.0,0.0,0.0,0.0,0.0,0.2729552866978575,0.3602509043392173,0.3467836357187902,0.3787669519245653,wait:0.000000;d:-0.101035
33,108:0,108,no_addition,False,0.125,0.0,0.0,0.0,0.125,0.0,1.0,0.0,2.0,0.0,0.34565096118165267,0.5585858136843243,0.394987387756381,0.34700663599438875,wait:0.000000;d:-0.103789
33,117:12,117,no_addition,False,0.0,0.0,0.0,0.0,0.0,0.0,1.0,0.0,0.0,0.0,0.8407986163209518,0.5462544645848304,0.22248103607028888,0.2401405260341156,wait:0.000000
33,125:0,125,no_addition,False,0.0,0.125,0.0,0.125,0.0,0.125,0.0,0.0,1.0,0.0,0.2354813323992468,0.49820659672540646,0.3253573236434573,0.3876140313729603,wait:0.000000
33,128:30,128,no_addition,False,0.2857142857142857,0.0,0.14285714285714285,0.0,0.2857142857142857,0.0,0.0,0.0,2.0,0.0,0.4611462595185928,0.2303076525957629,0.3188550442716873,0.3162655808194294,wait:0.445285;e:0.224041
33,131:12,131,no_addition,False,0.0,0.0,0.0,0.0,0.0,0.0,0.0,0.0,0.0,0.0,0.3563602311849474,0.5871447970231283,0.37985692616415667,0.3889506118451608,wait:0.000000;d:-0.079017
33,153:6,153,no_addition,False,0.0,0.0,0.0,0.0,0.0,0.0,1.0,0.0,0.0,0.0,0.6466890283161553,0.7227862591583962,0.25663317833606647,0.3716738497836488,wait:0.000000
33,159:0,159,no_addition,False,0.1111111111111111,0.0,0.0,0.0,0.1111111111111111,0.0,0.0,0.0,1.0,0.0,0.5474312548271205,0.7545088473815509,0.3304396796224026,0.4064367469037631,wait:0.000000
33,162:24,162,no_addition,False,0.0,0.16666666666666666,0.0,0.16666666666666666,0.0,0.16666666666666666,3.0,0.0,1.0,1.0,0.7333892149039811,0.43767679617420796,0.1526793811900296,0.2186640870199886,wait:0.422623
33,164:30,164,d,False,0.14285714285714285,0.0,0.14285714285714285,0.0,0.14285714285714285,0.0,0.0,0.0,0.0,1.0,0.4114362483026438,0.16331353911497792,0.281718259196435,0.4084117408635823,wait:0.000000;d:0.088708;e:-0.261377;d+e:-0.247134
33,168:0,168,no_addition,False,0.0,0.0,0.0,0.0,0.0,0.0,1.0,0.0,2.0,1.0,0.31094654419523293,0.5002810804162031,0.2124602298368124,0.3434550845162469,wait:0.000000
33,170:0,170,no_addition,False,0.16666666666666666,0.0,0.16666666666666666,0.0,0.16666666666666666,0.0,2.0,0.0,0.0,0.0,0.7051660028161899,0.4051155287561089,0.3033318176716858,0.3714260410134784,wait:0.000000
33,176:6,176,no_addition,False,0.0,0.0,0.0,0.0,0.0,0.0,1.0,0.0,0.0,1.0,0.649507682724739,0.5157044978695166,0.29667236080361553,0.19039524472284738,wait:0.000000
33,178:0,178,no_addition,False,0.0,0.0,0.0,0.0,0.0,0.0,0.0,0.0,0.0,0.0,0.24751995226350382,0.6128680806839006,0.30242028894009604,0.26244031453647154,wait:0.000000
33,181:12,181,no_addition,False,0.0,0.0,0.0,0.0,0.0,0.0,0.0,0.0,1.0,0.0,0.5562448725344759,0.42162272232813014,0.39624013053372786,0.3667363039972709,wait:0.000000
33,184:12,184,no_addition,False,0.0,0.0,0.0,0.0,0.0,0.0,0.0,1.0,0.0,0.0,0.34884259019452324,0.5096081459085375,0.3329551098625529,0.29829461350477027,wait:0.000000
33,187:6,187,no_addition,False,0.0,0.0,0.0,0.0,0.0,0.0,1.0,0.0,0.0,0.0,0.5248273348424907,0.5554585001628527,0.362124988748831,0.3298573274808079,wait:0.000000
33,197:24,197,no_addition,False,0.0,0.0,0.0,0.0,0.0,0.0,3.0,0.0,0.0,1.0,0.690870848709872,0.393167365994375,0.19688231088167402,0.34557495756149265,wait:0.000000;e:-0.011597
33,199:6,199,no_addition,False,0.0,0.14285714285714285,0.0,0.14285714285714285,0.0,0.14285714285714285,0.0,0.0,1.0,0.0,0.2889379141900572,0.7572765500424592,0.33328785511729253,0.38373034031212294,wait:0.000000
33,201:0,201,no_addition,False,0.0,0.0,0.0,0.0,0.0,0.0,0.0,0.0,1.0,1.0,0.17278913059741755,0.2654302902035843,0.20072772104470216,0.20987555220806772,wait:0.000000
33,202:24,202,no_addition,False,0.0,0.0,0.0,0.0,0.0,0.0,0.0,0.0,1.0,0.0,0.5045428445156837,0.21672926048736668,0.28961011207828935,0.25946474351074944,wait:0.000000;e:-0.084338
33,203:18,203,no_addition,False,0.0,0.0,0.0,0.0,0.0,0.0,1.0,0.0,0.0,0.0,0.7899253629515395,0.5135264455480919,0.411197420235476,0.35280032812438555,wait:0.000000
33,207:0,207,no_addition,False,0.0,0.0,0.0,0.0,0.0,0.0,0.0,0.0,0.0,0.0,0.6384098086343788,0.4328621151935302,0.22389468572080504,0.4123575006396421,wait:0.000000
33,208:18,208,no_addition,False,0.0,0.0,0.0,0.0,0.0,0.0,1.0,1.0,0.0,0.0,0.5181053835434617,0.7703618039908129,0.3859596365912661,0.34099353141222527,wait:0.000000
33,209:30,209,e,False,0.0,0.0,0.0,0.0,0.0,0.0,1.0,1.0,0.0,0.0,0.8183541028715768,0.8292678743721746,0.4313723783566484,0.41400289907302135,wait:0.000000;d:0.305412;e:0.332607;d+e:0.067929
33,214:6,214,no_addition,False,0.0,0.0,0.0,0.0,0.0,0.0,0.0,0.0,0.0,0.0,0.6973777556884364,0.6322656244963211,0.443590841096819,0.2925123474407271,wait:0.000000
33,215:24,215,no_addition,False,0.0,0.0,0.0,0.0,0.0,0.0,2.0,0.0,0.0,0.0,0.5894646450959999,0.37994453684031615,0.4330328298258135,0.2810765607108209,wait:0.000000
33,216:30,216,no_addition,False,0.0,0.0,0.0,0.0,0.0,0.0,0.0,0.0,0.0,0.0,0.3175768374614446,0.37755529813170224,0.3716142051303562,0.3663120173657725,wait:0.000000;d:-0.085692;e:-0.026390;d+e:-0.229273
33,218:0,218,no_addition,False,0.0,0.0,0.0,0.0,0.0,0.0,1.0,1.0,1.0,0.0,0.5287084951530193,0.7867793646972321,0.22402292046599662,0.387614879129818,wait:0.000000
33,221:12,221,no_addition,False,0.0,0.0,0.0,0.0,0.0,0.0,1.0,0.0,1.0,0.0,0.5854773497786949,0.36221451903550406,0.309422400651154,0.2701802264111867,wait:0.000000
33,227:0,227,no_addition,False,0.0,0.0,0.0,0.0,0.0,0.0,0.0,0.0,2.0,0.0,0.182168314345405,0.47420316210613983,0.28280812642659486,0.19354397946438265,wait:0.000000;d:-0.118798
33,230:24,230,no_addition,False,0.0,0.0,0.0,0.0,0.0,0.0,0.0,0.0,1.0,0.0,0.21259604598067658,0.6201557140712746,0.3394288452220377,0.2584575639361246,wait:0.000000;d:-0.148023
34,5:6,5,no_addition,False,0.02857142857142857,0.0,0.02857142857142857,0.0,0.02857142857142857,0.0,3.0,2.0,3.0,1.0,0.4692014250322822,0.6019355821959693,0.1852133071321838,0.4363383782700089,wait:0.000000
34,17:30,17,no_addition,False,0.027777777777777776,0.0,0.027777777777777776,0.0,0.027777777777777776,0.0,3.0,1.0,1.0,3.0,0.7480968453128901,0.40691757546089075,0.39102448426558717,0.19506039435618563,wait:0.379407
34,18:30,18,no_addition,False,0.0,0.0,0.0,0.0,0.0,0.0,1.0,0.0,1.0,1.0,0.6737571316438802,0.22127239054154096,0.32218590380534096,0.32129346926806296,wait:0.000000;e:-0.142077
34,22:12,22,no_addition,False,0.0,0.041666666666666664,0.0,0.041666666666666664,0.0,0.041666666666666664,3.0,0.0,2.0,1.0,0.4287195894776714,0.5267773685722134,0.18691678094765152,0.31188009928509824,wait:0.000000
34,23:24,23,no_addition,False,0.0,0.0,0.0,0.0,0.0,0.0,3.0,0.0,1.0,0.0,0.7103594037337357,0.4719692483929704,0.3297613636665448,0.35952554001985937,wait:0.440061
34,28:24,28,no_addition,False,0.043478260869565216,0.0,0.043478260869565216,0.0,0.043478260869565216,0.0,4.0,0.0,0.0,0.0,0.625604271421874,0.30470514648477953,0.21868619208030343,0.3311898819821935,wait:0.000000;e:-0.076856
34,34:6,34,no_addition,False,0.07407407407407407,0.0,0.07407407407407407,0.0,0.07407407407407407,0.0,2.0,0.0,3.0,2.0,0.3512668657005573,0.2838798765011888,0.41029205520966294,0.2610662765689028,wait:0.000000
34,36:0,36,no_addition,False,0.043478260869565216,0.0,0.043478260869565216,0.0,0.043478260869565216,0.0,1.0,0.0,1.0,0.0,0.5614766649635168,0.3836680873249898,0.40512906552507616,0.41900053739797377,wait:0.000000
34,40:6,40,no_addition,False,0.0,0.0,0.0,0.0,0.0,0.0,0.0,0.0,1.0,0.0,0.2989391500262595,0.48198530675722817,0.40979428068998186,0.24866690722000864,wait:0.000000;d:-0.160652
34,42:0,42,no_addition,False,0.0,0.125,0.0,0.125,0.0,0.125,0.0,0.0,1.0,0.0,0.4071022545359229,0.232272433208347,0.3370247532265757,0.24711474174700043,wait:0.000000;e:-0.057994
34,50:24,50,no_addition,False,0.0,0.0,0.0,0.0,0.0,0.0,1.0,0.0,2.0,0.0,0.4778041613049498,0.33208155967941855,0.2661547469837424,0.44946089757694324,wait:0.000000;e:-0.170480
34,55:0,55,no_addition,False,0.07692307692307693,0.0,0.07692307692307693,0.0,0.07692307692307693,0.0,1.0,0.0,2.0,1.0,0.40163322317908273,0.40423984377293115,0.27180158709929547,0.21149207820782978,wait:0.000000
34,57:18,57,no_addition,False,0.0,0.0,0.0,0.0,0.0,0.0,0.0,0.0,0.0,0.0,0.27034023176218397,0.24647266114050143,0.3472400286318625,0.32934013747717866,wait:0.000000
34,58:0,58,no_addition,False,0.09090909090909091,0.0,0.09090909090909091,0.0,0.09090909090909091,0.0,1.0,0.0,0.0,1.0,0.8101585836098503,0.22182246306368564,0.22499585055215188,0.25204918347217453,wait:0.000000
34,79:24,79,no_addition,False,0.0,0.05,0.0,0.05,0.0,0.05,3.0,1.0,3.0,0.0,0.39802503288410734,0.5581661602353694,0.23897090931600617,0.29505392440215095,wait:0.000000
34,87:18,87,no_addition,False,0.1,0.0,0.1,0.0,0.1,0.0,1.0,0.0,0.0,1.0,0.7384119973362143,0.21589545919012312,0.19874208893427175,0.35065675570046845,wait:0.000000;e:-0.176281
34,88:24,88,no_addition,False,0.0,0.0,0.0,0.0,0.0,0.0,3.0,0.0,1.0,0.0,0.4780382129466433,0.4339584147888384,0.39659420517047966,0.3730679206252907,wait:0.000000
34,93:24,93,no_addition,False,0.0,0.0,0.0,0.0,0.0,0.0,0.0,0.0,3.0,1.0,0.178059311658597,0.34343101513832097,0.30315833026947697,0.4141443069013125,wait:0.000000;d:-0.142847;e:-0.104945;d+e:-0.317360
34,94:18,94,no_addition,False,0.0,0.0,0.0,0.0,0.0,0.0,0.0,0.0,0.0,0.0,0.2637070086392537,0.5767051272350571,0.21800924687211456,0.38576636836737893,wait:0.000000
34,95:6,95,no_addition,False,0.09090909090909091,0.09090909090909091,0.09090909090909091,0.09090909090909091,0.09090909090909091,0.09090909090909091,0.0,1.0,1.0,0.0,0.16476642873784236,0.49136601723325085,0.3728198982561539,0.2602935157728232,wait:0.000000;d:-0.244477
34,97:24,97,no_addition,False,0.0,0.0,0.0,0.0,0.0,0.0,2.0,1.0,0.0,0.0,0.5917175527532625,0.7195603883300699,0.30224413357827734,0.19373823302790918,wait:0.000000
34,102:30,102,no_addition,False,0.125,0.0,0.125,0.0,0.125,0.0,0.0,0.0,0.0,0.0,0.5257130117572961,0.6091195365216056,0.33162644505414135,0.333526900464516,wait:0.507631
34,107:18,107,no_addition,False,0.0,0.0,0.0,0.0,0.0,0.0,0.0,0.0,0.0,0.0,0.2729552866978575,0.3602509043392173,0.3467836357187902,0.3787669519245653,wait:0.000000;d:-0.101035
34,108:0,108,no_addition,False,0.0,0.125,0.0,0.125,0.0,0.125,1.0,0.0,2.0,0.0,0.34565096118165267,0.5585858136843243,0.4051152694937241,0.338331470094529,wait:0.000000;d:-0.113917
34,117:12,117,no_addition,False,0.0,0.0,0.0,0.0,0.0,0.0,0.0,0.0,0.0,0.0,0.7725694518870738,0.5462544645848304,0.22248103607028888,0.2401405260341156,wait:0.000000
34,125:0,125,no_addition,False,0.0,0.0,0.0,0.0,0.0,0.0,0.0,0.0,1.0,1.0,0.2354813323992468,0.34874461770778453,0.3253573236434573,0.3975528526902157,wait:0.000000
34,127:30,127,no_addition,False,0.125,0.0,0.125,0.0,0.125,0.0,2.0,0.0,0.0,0.0,0.722482330198004,0.25290151827080815,0.3249250934430719,0.1548902362264321,wait:0.697633;e:0.591590
34,131:12,131,no_addition,False,0.0,0.0,0.0,0.0,0.0,0.0,0.0,0.0,0.0,0.0,0.3563602311849474,0.5871447970231283,0.37985692616415667,0.3889506118451608,wait:0.000000;d:-0.079017
34,153:6,153,no_addition,False,0.0,0.0,0.0,0.0,0.0,0.0,1.0,0.0,0.0,0.0,0.6466890283161553,0.7227862591583962,0.25663317833606647,0.3716738497836488,wait:0.000000
34,159:0,159,no_addition,False,0.0,0.1111111111111111,0.0,0.1111111111111111,0.0,0.1111111111111111,0.0,0.0,1.0,0.0,0.5474312548271205,0.7545088473815509,0.3379496723410936,0.39740481919479054,wait:0.000000
34,168:0,168,no_addition,False,0.0,0.125,0.0,0.125,0.0,0.125,1.0,0.0,2.0,1.0,0.31094654419523293,0.5002810804162031,0.2124602298368124,0.33486870740334074,wait:0.000000
34,170:0,170,no_addition,False,0.3333333333333333,0.0,0.3333333333333333,0.0,0.3333333333333333,0.0,2.0,0.0,0.0,0.0,0.7051660028161899,0.4051155287561089,0.29287209982093804,0.3714260410134784,wait:0.000000
34,176:6,176,no_addition,False,0.0,0.0,0.0,0.0,0.0,0.0,1.0,0.0,0.0,1.0,0.649507682724739,0.5157044978695166,0.29667236080361553,0.19039524472284738,wait:0.000000
34,178:0,178,no_addition,False,0.0,0.0,0.0,0.0,0.0,0.0,0.0,0.0,0.0,0.0,0.24751995226350382,0.6128680806839006,0.30242028894009604,0.26244031453647154,wait:0.000000
34,181:12,181,no_addition,False,0.0,0.16666666666666666,0.0,0.16666666666666666,0.0,0.16666666666666666,0.0,0.0,1.0,0.0,0.5562448725344759,0.42162272232813014,0.39624013053372786,0.3545117605306952,wait:0.000000
34,184:12,184,no_addition,False,0.0,0.0,0.0,0.0,0.0,0.0,0.0,1.0,0.0,0.0,0.34884259019452324,0.5096081459085375,0.3329551098625529,0.29829461350477027,wait:0.000000
34,187:6,187,no_addition,False,0.0,0.0,0.0,0.0,0.0,0.0,1.0,0.0,0.0,0.0,0.5248273348424907,0.5554585001628527,0.362124988748831,0.3298573274808079,wait:0.000000
34,197:24,197,no_addition,False,0.0,0.0,0.0,0.0,0.0,0.0,1.0,0.0,0.0,1.0,0.606562898358019,0.393167365994375,0.19688231088167402,0.34557495756149265,wait:0.000000;e:-0.011597
34,199:6,199,no_addition,False,0.0,0.0,0.0,0.0,0.0,0.0,0.0,0.0,1.0,1.0,0.2889379141900572,0.5300935850297215,0.33328785511729253,0.39501652679189125,wait:0.000000
34,201:0,201,no_addition,False,0.0,0.0,0.0,0.0,0.0,0.0,0.0,0.0,1.0,1.0,0.17278913059741755,0.2654302902035843,0.20072772104470216,0.20987555220806772,wait:0.000000
34,202:24,202,no_addition,False,0.0,0.0,0.0,0.0,0.0,0.0,0.0,0.0,1.0,0.0,0.5045428445156837,0.21672926048736668,0.28961011207828935,0.25946474351074944,wait:0.000000;e:-0.084338
34,203:18,203,no_addition,False,0.0,0.0,0.0,0.0,0.0,0.0,1.0,0.0,0.0,0.0,0.7899253629515395,0.5135264455480919,0.411197420235476,0.35280032812438555,wait:0.000000
34,207:0,207,no_addition,False,0.0,0.0,0.0,0.0,0.0,0.0,0.0,0.0,0.0,0.0,0.6384098086343788,0.4328621151935302,0.22389468572080504,0.4123575006396421,wait:0.000000
34,208:18,208,no_addition,False,0.0,0.0,0.0,0.0,0.0,0.0,0.0,1.0,0.0,0.0,0.31157911934780236,0.7703618039908129,0.3859596365912661,0.34099353141222527,wait:0.000000
34,214:6,214,no_addition,False,0.0,0.0,0.0,0.0,0.0,0.0,0.0,0.0,0.0,0.0,0.6973777556884364,0.6322656244963211,0.443590841096819,0.2925123474407271,wait:0.000000
34,215:24,215,no_addition,False,0.0,0.0,0.0,0.0,0.0,0.0,1.0,0.0,0.0,0.0,0.5210420859453333,0.37994453684031615,0.4330328298258135,0.2810765607108209,wait:0.000000
34,216:30,216,no_addition,False,0.0,0.0,0.0,0.0,0.0,0.0,0.0,0.0,0.0,0.0,0.3175768374614446,0.37755529813170224,0.3716142051303562,0.3663120173657725,wait:0.000000;d:-0.085692;e:-0.026390;d+e:-0.229273
34,218:0,218,no_addition,False,0.0,0.0,0.0,0.0,0.0,0.0,1.0,1.0,1.0,0.0,0.5287084951530193,0.7867793646972321,0.22402292046599662,0.387614879129818,wait:0.000000
34,221:12,221,no_addition,False,0.0,0.0,0.0,0.0,0.0,0.0,0.0,0.0,1.0,0.0,0.4497235747418107,0.36221451903550406,0.309422400651154,0.2701802264111867,wait:0.000000
34,227:0,227,no_addition,False,0.0,0.0,0.0,0.0,0.0,0.0,0.0,0.0,2.0,0.0,0.182168314345405,0.47420316210613983,0.28280812642659486,0.19354397946438265,wait:0.000000;d:-0.118798
34,230:24,230,no_addition,False,0.0,0.0,0.0,0.0,0.0,0.0,0.0,0.0,1.0,0.0,0.21259604598067658,0.6201557140712746,0.3394288452220377,0.2584575639361246,wait:0.000000;d:-0.148023
35,1:24,1,no_addition,False,0.0,0.0,0.0,0.0,0.0,0.0,2.0,0.0,0.0,0.0,0.572984742970005,0.27554244235247455,0.2708586019998547,0.3956222126258251,wait:0.553277;e:0.248477
35,5:6,5,no_addition,False,0.0,0.0,0.0,0.0,0.0,0.0,3.0,2.0,3.0,0.0,0.4692014250322822,0.729384271486512,0.18627775142604694,0.4363383782700089,wait:0.000000
35,16:30,16,no_addition,False,0.0,0.05,0.0,0.05,0.0,0.05,0.0,0.0,2.0,0.0,0.341157414125389,0.3149656051564844,0.2728978281068709,0.35162005406418434,wait:0.000000
35,17:30,17,no_addition,False,0.027777777777777776,0.0,0.0,0.0,0.027777777777777776,0.0,3.0,1.0,2.0,2.0,0.6731700435700867,0.45347051250671133,0.39102448426558717,0.19506039435618563,wait:0.437874
35,18:30,18,no_addition,False,0.0,0.0,0.0,0.0,0.0,0.0,1.0,0.0,1.0,1.0,0.6737571316438802,0.22127239054154096,0.32218590380534096,0.32129346926806296,wait:0.000000;e:-0.142077
35,22:12,22,no_addition,False,0.0,0.041666666666666664,0.0,0.041666666666666664,0.0,0.041666666666666664,2.0,0.0,2.0,0.0,0.3738683730567782,0.7525390979603048,0.18691678094765152,0.31188009928509824,wait:0.000000
35,23:24,23,no_addition,False,0.0,0.0,0.0,0.0,0.0,0.0,2.0,0.0,1.0,0.0,0.6705724462568359,0.4719692483929704,0.3297613636665448,0.35952554001985937,wait:0.455736
35,28:24,28,no_addition,False,0.043478260869565216,0.0,0.0,0.0,0.043478260869565216,0.0,4.0,0.0,1.0,0.0,0.5400041071364173,0.30470514648477953,0.21868619208030343,0.3311898819821935,wait:0.000000;e:-0.076856
35,34:6,34,no_addition,False,0.07407407407407407,0.0,0.037037037037037035,0.0,0.07407407407407407,0.0,2.0,0.0,4.0,2.0,0.3183735266805414,0.2838798765011888,0.41029205520966294,0.2610662765689028,wait:0.000000
35,36:0,36,no_addition,False,0.043478260869565216,0.0,0.043478260869565216,0.0,0.043478260869565216,0.0,1.0,0.0,1.0,0.0,0.5614766649635168,0.3836680873249898,0.40512906552507616,0.41900053739797377,wait:0.000000
35,40:6,40,no_addition,False,0.0,0.0,0.0,0.0,0.0,0.0,0.0,0.0,1.0,0.0,0.2989391500262595,0.48198530675722817,0.40979428068998186,0.24866690722000864,wait:0.000000;d:-0.160652
35,42:0,42,no_addition,False,0.0,0.125,0.0,0.125,0.0,0.125,0.0,0.0,1.0,0.0,0.4071022545359229,0.232272433208347,0.3370247532265757,0.24711474174700043,wait:0.000000;e:-0.057994
35,50:24,50,no_addition,False,0.0,0.0,0.0,0.0,0.0,0.0,1.0,0.0,2.0,0.0,0.4778041613049498,0.33208155967941855,0.2661547469837424,0.44946089757694324,wait:0.000000;e:-0.170480
35,55:0,55,no_addition,False,0.07692307692307693,0.0,0.0,0.0,0.07692307692307693,0.0,1.0,0.0,3.0,1.0,0.3579077746420418,0.40423984377293115,0.27180158709929547,0.21149207820782978,wait:0.000000
35,57:18,57,no_addition,False,0.0,0.0,0.0,0.0,0.0,0.0,0.0,0.0,0.0,0.0,0.27034023176218397,0.24647266114050143,0.3472400286318625,0.32934013747717866,wait:0.000000
35,58:0,58,no_addition,False,0.09090909090909091,0.0,0.0,0.0,0.09090909090909091,0.0,1.0,0.0,1.0,0.0,0.6372787859513003,0.3168892329481223,0.22499585055215188,0.25204918347217453,wait:0.000000
35,79:24,79,no_addition,False,0.0,0.05,0.0,0.05,0.0,0.05,2.0,1.0,3.0,0.0,0.3450257691454046,0.5581661602353694,0.23897090931600617,0.29505392440215095,wait:0.000000
35,84:30,84,e,False,0.07692307692307693,0.0,0.07692307692307693,0.0,0.07692307692307693,0.0,2.0,1.0,1.0,0.0,0.6824658030751836,0.5961200056687408,0.23268199664017553,0.26391723968627046,wait:0.000000;e:0.252784
35,87:18,87,no_addition,False,0.1,0.0,0.0,0.0,0.1,0.0,1.0,0.0,1.0,1.0,0.5757817120024694,0.21589545919012312,0.19874208893427175,0.35065675570046845,wait:0.000000;e:-0.176281
35,88:24,88,no_addition,False,0.0,0.0,0.0,0.0,0.0,0.0,3.0,0.0,1.0,0.0,0.4780382129466433,0.4339584147888384,0.39659420517047966,0.3730679206252907,wait:0.000000
35,93:24,93,no_addition,False,0.0,0.0,0.0,0.0,0.0,0.0,0.0,0.0,3.0,1.0,0.178059311658597,0.34343101513832097,0.30315833026947697,0.4141443069013125,wait:0.000000;d:-0.142847;e:-0.104945;d+e:-0.317360
35,94:18,94,no_addition,False,0.0,0.0,0.0,0.0,0.0,0.0,0.0,0.0,0.0,0.0,0.2637070086392537,0.5767051272350571,0.21800924687211456,0.38576636836737893,wait:0.000000
35,95:6,95,no_addition,False,0.09090909090909091,0.09090909090909091,0.09090909090909091,0.09090909090909091,0.09090909090909091,0.09090909090909091,0.0,1.0,1.0,0.0,0.16476642873784236,0.49136601723325085,0.3728198982561539,0.2602935157728232,wait:0.000000;d:-0.244477
35,97:24,97,no_addition,False,0.0,0.0,0.0,0.0,0.0,0.0,1.0,1.0,0.0,0.0,0.5236704782121396,0.7195603883300699,0.30224413357827734,0.19373823302790918,wait:0.000000
35,107:18,107,no_addition,False,0.0,0.0,0.0,0.0,0.0,0.0,0.0,0.0,0.0,0.0,0.2729552866978575,0.3602509043392173,0.3467836357187902,0.3787669519245653,wait:0.000000;d:-0.101035
35,108:0,108,no_addition,False,0.0,0.125,0.0,0.125,0.0,0.125,1.0,0.0,2.0,0.0,0.34565096118165267,0.5585858136843243,0.4051152694937241,0.338331470094529,wait:0.000000;d:-0.113917
35,117:12,117,no_addition,False,0.0,0.0,0.0,0.0,0.0,0.0,0.0,0.0,0.0,0.0,0.7725694518870738,0.5462544645848304,0.22248103607028888,0.2401405260341156,wait:0.000000
35,125:0,125,no_addition,False,0.0,0.0,0.0,0.0,0.0,0.0,0.0,0.0,1.0,1.0,0.2354813323992468,0.34874461770778453,0.3253573236434573,0.3975528526902157,wait:0.000000
35,131:12,131,no_addition,False,0.0,0.0,0.0,0.0,0.0,0.0,0.0,0.0,0.0,0.0,0.3563602311849474,0.5871447970231283,0.37985692616415667,0.3889506118451608,wait:0.000000;d:-0.079017
35,149:30,149,d,False,0.0,0.0,0.0,0.0,0.0,0.0,0.0,0.0,0.0,0.0,0.2713909454604943,0.6541471651235125,0.19879566477615832,0.2377602708974282,wait:0.000000;d:0.025544
35,153:6,153,no_addition,False,0.0,0.0,0.0,0.0,0.0,0.0,0.0,0.0,0.0,0.0,0.49527004045165035,0.7227862591583962,0.25663317833606647,0.3716738497836488,wait:0.000000
35,159:0,159,no_addition,False,0.0,0.1111111111111111,0.0,0.1111111111111111,0.0,0.1111111111111111,0.0,0.0,1.0,0.0,0.5474312548271205,0.7545088473815509,0.3379496723410936,0.39740481919479054,wait:0.000000
35,168:0,168,no_addition,False,0.0,0.125,0.0,0.125,0.0,0.125,1.0,0.0,2.0,1.0,0.31094654419523293,0.5002810804162031,0.2124602298368124,0.33486870740334074,wait:0.000000
35,170:0,170,no_addition,False,0.16666666666666666,0.0,0.16666666666666666,0.0,0.16666666666666666,0.0,3.0,0.0,0.0,0.0,0.7297355025815075,0.4051155287561089,0.3033318176716858,0.3714260410134784,wait:0.000000
35,176:6,176,no_addition,False,0.0,0.0,0.0,0.0,0.0,0.0,1.0,0.0,0.0,0.0,0.649507682724739,0.7367207112421665,0.29667236080361553,0.19039524472284738,wait:0.000000
35,178:0,178,no_addition,False,0.0,0.0,0.0,0.0,0.0,0.0,0.0,0.0,0.0,0.0,0.24751995226350382,0.6128680806839006,0.30242028894009604,0.26244031453647154,wait:0.000000
35,181:12,181,no_addition,False,0.0,0.16666666666666666,0.0,0.16666666666666666,0.0,0.16666666666666666,0.0,0.0,1.0,0.0,0.5562448725344759,0.42162272232813014,0.39624013053372786,0.3545117605306952,wait:0.000000
35,184:12,184,no_addition,False,0.0,0.0,0.0,0.0,0.0,0.0,0.0,1.0,0.0,0.0,0.34884259019452324,0.5096081459085375,0.3329551098625529,0.29829461350477027,wait:0.000000
35,187:6,187,no_addition,False,0.0,0.0,0.0,0.0,0.0,0.0,1.0,0.0,0.0,0.0,0.5248273348424907,0.5554585001628527,0.362124988748831,0.3298573274808079,wait:0.000000
35,197:24,197,e,False,0.0,0.0,0.0,0.0,0.0,0.0,1.0,0.0,0.0,0.0,0.606562898358019,0.56166766570625,0.19688231088167402,0.34557495756149265,wait:0.000000;e:0.140108
35,199:6,199,no_addition,False,0.0,0.0,0.0,0.0,0.0,0.0,0.0,0.0,1.0,1.0,0.2889379141900572,0.5300935850297215,0.33328785511729253,0.39501652679189125,wait:0.000000
35,201:0,201,no_addition,False,0.0,0.0,0.0,0.0,0.0,0.0,0.0,0.0,1.0,1.0,0.17278913059741755,0.2654302902035843,0.20072772104470216,0.20987555220806772,wait:0.000000
35,202:24,202,no_addition,False,0.0,0.0,0.0,0.0,0.0,0.0,0.0,0.0,1.0,0.0,0.5045428445156837,0.21672926048736668,0.28961011207828935,0.25946474351074944,wait:0.000000;e:-0.084338
35,203:18,203,no_addition,False,0.0,0.0,0.0,0.0,0.0,0.0,1.0,0.0,0.0,0.0,0.7899253629515395,0.5135264455480919,0.411197420235476,0.35280032812438555,wait:0.000000
35,207:0,207,no_addition,False,0.0,0.0,0.0,0.0,0.0,0.0,0.0,0.0,0.0,0.0,0.6384098086343788,0.4328621151935302,0.22389468572080504,0.4123575006396421,wait:0.000000
35,208:18,208,no_addition,False,0.0,0.0,0.0,0.0,0.0,0.0,0.0,1.0,0.0,0.0,0.31157911934780236,0.7703618039908129,0.3859596365912661,0.34099353141222527,wait:0.000000
35,210:30,210,e,False,0.0,0.16666666666666666,0.0,0.16666666666666666,0.0,0.16666666666666666,2.0,0.0,0.0,0.0,0.5240795943387497,0.7220389447621924,0.2334915451941302,0.433395079898744,wait:0.000000;e:0.196674
35,214:6,214,no_addition,False,0.0,0.0,0.0,0.0,0.0,0.0,0.0,0.0,0.0,0.0,0.6973777556884364,0.6322656244963211,0.443590841096819,0.2925123474407271,wait:0.000000
35,215:24,215,no_addition,False,0.0,0.0,0.0,0.0,0.0,0.0,1.0,0.0,0.0,0.0,0.5210420859453333,0.37994453684031615,0.4330328298258135,0.2810765607108209,wait:0.000000
35,216:30,216,no_addition,False,0.0,0.0,0.0,0.0,0.0,0.0,0.0,0.0,0.0,0.0,0.3175768374614446,0.37755529813170224,0.3716142051303562,0.3663120173657725,wait:0.000000;d:-0.085692;e:-0.026390;d+e:-0.229273
35,218:0,218,no_addition,False,0.0,0.0,0.0,0.0,0.0,0.0,0.0,1.0,1.0,0.0,0.38349324434518917,0.7867793646972321,0.22402292046599662,0.387614879129818,wait:0.000000
35,219:30,219,e,False,0.0,0.0,0.0,0.0,0.0,0.0,1.0,0.0,0.0,0.0,0.562703187645301,0.2554602095816274,0.2189030648837487,0.1653723697381658,wait:0.000000;e:0.044625
35,221:12,221,no_addition,False,0.0,0.0,0.0,0.0,0.0,0.0,0.0,0.0,1.0,0.0,0.4497235747418107,0.36221451903550406,0.309422400651154,0.2701802264111867,wait:0.000000
35,227:0,227,no_addition,False,0.0,0.0,0.0,0.0,0.0,0.0,0.0,0.0,2.0,0.0,0.182168314345405,0.47420316210613983,0.28280812642659486,0.19354397946438265,wait:0.000000;d:-0.118798
35,230:24,230,no_addition,False,0.0,0.0,0.0,0.0,0.0,0.0,0.0,0.0,1.0,0.0,0.21259604598067658,0.6201557140712746,0.3394288452220377,0.2584575639361246,wait:0.000000;d:-0.148023
36,5:6,5,no_addition,False,0.0,0.02857142857142857,0.0,0.02857142857142857,0.0,0.02857142857142857,1.0,2.0,3.0,0.0,0.3470274079757374,0.729384271486512,0.18627775142604694,0.433845016108466,wait:0.000000
36,16:30,16,no_addition,False,0.0,0.05,0.0,0.0,0.0,0.05,0.0,0.0,2.0,1.0,0.341157414125389,0.2204759236095391,0.2728978281068709,0.35162005406418434,wait:0.000000
36,17:30,17,no_addition,False,0.0,0.0,0.0,0.0,0.0,0.0,1.0,1.0,2.0,2.0,0.5604870479270954,0.45347051250671133,0.3932089785910932,0.19506039435618563,wait:0.000000
36,18:30,18,no_addition,False,0.0,0.0,0.0,0.0,0.0,0.0,1.0,0.0,1.0,1.0,0.6737571316438802,0.22127239054154096,0.32218590380534096,0.32129346926806296,wait:0.000000;e:-0.142077
36,22:12,22,no_addition,False,0.0,0.041666666666666664,0.0,0.0,0.0,0.041666666666666664,0.0,0.0,2.0,1.0,0.1544635073732056,0.5267773685722134,0.18691678094765152,0.31188009928509824,wait:0.000000
36,23:24,23,no_addition,False,0.0,0.0,0.0,0.0,0.0,0.0,1.0,0.0,0.0,0.0,0.7716376588723366,0.4719692483929704,0.3297613636665448,0.35952554001985937,wait:0.000000
36,27:36,27,e,False,0.0,0.0,0.0,0.0,0.0,0.0,2.0,0.0,1.0,0.0,0.5342821820042749,0.7144330381749335,0.2987843698533837,0.19427169431111702,wait:0.000000;d:0.182243;e:0.448950;d+e:0.301786
36,28:24,28,no_addition,False,0.0,0.0,0.0,0.0,0.0,0.0,3.0,0.0,1.0,0.0,0.505604271421874,0.30470514648477953,0.2206044920108324,0.3311898819821935,wait:0.000000;e:-0.076856
36,34:6,34,no_addition,False,0.037037037037037035,0.0,0.0,0.0,0.037037037037037035,0.0,2.0,0.0,4.0,2.0,0.3183735266805414,0.2838798765011888,0.4133769578804123,0.2610662765689028,wait:0.000000
36,36:0,36,no_addition,False,0.043478260869565216,0.0,0.0,0.0,0.043478260869565216,0.0,1.0,0.0,2.0,0.0,0.48135360954989026,0.3836680873249898,0.40512906552507616,0.41900053739797377,wait:0.000000
36,40:6,40,no_addition,False,0.0,0.0,0.0,0.0,0.0,0.0,0.0,0.0,1.0,0.0,0.2989391500262595,0.48198530675722817,0.40979428068998186,0.24866690722000864,wait:0.000000;d:-0.160652
36,42:0,42,no_addition,False,0.0,0.125,0.0,0.0,0.0,0.125,0.0,0.0,1.0,1.0,0.4071022545359229,0.1625907032458429,0.3370247532265757,0.24711474174700043,wait:0.000000;e:-0.120730
36,47:36,47,d,False,0.0,0.0,0.0,0.0,0.0,0.0,1.0,0.0,2.0,0.0,0.43597038617050254,0.37419668178960197,0.26250270115202495,0.34677176322672726,wait:0.000000;d:0.130012;e:-0.009873;d+e:-0.032099
36,50:24,50,no_addition,False,0.0,0.0,0.0,0.0,0.0,0.0,1.0,0.0,1.0,0.0,0.5576045396053998,0.33208155967941855,0.2661547469837424,0.44946089757694324,wait:0.000000;e:-0.170480
36,55:0,55,no_addition,False,0.0,0.0,0.0,0.0,0.0,0.0,1.0,0.0,2.0,1.0,0.40163322317908273,0.40423984377293115,0.27604848689772193,0.21149207820782978,wait:0.000000
36,57:18,57,no_addition,False,0.0,0.0,0.0,0.0,0.0,0.0,0.0,0.0,0.0,0.0,0.27034023176218397,0.24647266114050143,0.3472400286318625,0.32934013747717866,wait:0.000000
36,58:0,58,no_addition,False,0.0,0.09090909090909091,0.0,0.09090909090909091,0.0,0.09090909090909091,0.0,0.0,1.0,0.0,0.5101585836098503,0.3168892329481223,0.22916244037719172,0.24746647104540773,wait:0.000000
36,59:36,59,d,False,0.0,0.0,0.0,0.0,0.0,0.0,0.0,0.0,0.0,1.0,0.6836481830001345,0.5350891402586853,0.18865587008690207,0.2654424298365809,wait:0.000000;d:0.426849;e:0.216311;d+e:0.326639
36,68:36,68,d,False,0.0,0.0,0.0,0.0,0.0,0.0,1.0,0.0,3.0,1.0,0.5209006352822925,0.35630815206719274,0.37828963099935786,0.33186452277655243,wait:0.000000;d:0.090690;e:-0.011072;d+e:-0.090827
36,69:30,69,no_addition,False,0.0,0.09090909090909091,0.0,0.09090909090909091,0.0,0.09090909090909091,0.0,0.0,1.0,0.0,0.2221802306094799,0.43043789121808484,0.24663404840115602,0.28889182229028704,wait:0.000000;d:-0.066600
36,79:24,79,no_addition,False,0.0,0.05,0.0,0.0,0.0,0.05,2.0,1.0,3.0,1.0,0.3450257691454046,0.42128528020174516,0.23897090931600617,0.29505392440215095,wait:0.000000
36,84:30,84,no_addition,False,0.07692307692307693,0.0,0.0,0.0,0.07692307692307693,0.0,2.0,1.0,2.0,0.0,0.6016040319983553,0.5961200056687408,0.23268199664017553,0.26391723968627046,wait:0.555819
36,87:18,87,no_addition,False,0.0,0.1,0.0,0.1,0.0,0.1,1.0,0.0,1.0,1.0,0.5757817120024694,0.21589545919012312,0.20279804993293035,0.3436436205864591,wait:0.000000;e:-0.169268
36,88:24,88,no_addition,False,0.0,0.0,0.0,0.0,0.0,0.0,2.0,0.0,1.0,0.0,0.4248481098474112,0.4339584147888384,0.39659420517047966,0.3730679206252907,wait:0.000000
36,93:24,93,no_addition,False,0.0,0.0,0.0,0.0,0.0,0.0,0.0,0.0,2.0,1.0,0.19424652180937857,0.34343101513832097,0.30315833026947697,0.4141443069013125,wait:0.000000;d:-0.128273;e:-0.104945;d+e:-0.307293
36,94:18,94,no_addition,False,0.0,0.0,0.0,0.0,0.0,0.0,0.0,0.0,0.0,0.0,0.2637070086392537,0.5767051272350571,0.21800924687211456,0.38576636836737893,wait:0.000000
36,95:6,95,no_addition,False,0.09090909090909091,0.09090909090909091,0.0,0.0,0.09090909090909091,0.09090909090909091,0.0,0.0,2.0,1.0,0.14122836748957915,0.19136601723325086,0.3728198982561539,0.2602935157728232,wait:0.000000;d:-0.265669
36,97:24,97,no_addition,False,0.0,0.0,0.0,0.0,0.0,0.0,1.0,1.0,0.0,0.0,0.5236704782121396,0.7195603883300699,0.30224413357827734,0.19373823302790918,wait:0.000000
36,107:18,107,no_addition,False,0.0,0.0,0.0,0.0,0.0,0.0,0.0,0.0,0.0,0.0,0.2729552866978575,0.3602509043392173,0.3467836357187902,0.3787669519245653,wait:0.000000;d:-0.101035
36,108:0,108,no_addition,False,0.0,0.125,0.0,0.0,0.0,0.125,1.0,0.0,2.0,1.0,0.34565096118165267,0.39101006957902695,0.4051152694937241,0.338331470094529,wait:0.000000;d:-0.113917
36,117:12,117,no_addition,False,0.0,0.0,0.0,0.0,0.0,0.0,0.0,0.0,0.0,0.0,0.7725694518870738,0.5462544645848304,0.22248103607028888,0.2401405260341156,wait:0.000000
36,125:0,125,no_addition,False,0.0,0.0,0.0,0.0,0.0,0.0,0.0,0.0,1.0,1.0,0.2354813323992468,0.34874461770778453,0.3253573236434573,0.3975528526902157,wait:0.000000
36,131:12,131,no_addition,False,0.0,0.0,0.0,0.0,0.0,0.0,0.0,0.0,0.0,0.0,0.3563602311849474,0.5871447970231283,0.37985692616415667,0.3889506118451608,wait:0.000000;d:-0.079017
36,149:30,149,no_addition,False,0.0,0.0,0.0,0.0,0.0,0.0,0.0,0.0,0.0,0.0,0.2713909454604943,0.6541471651235125,0.19879566477615832,0.2377602708974282,wait:0.253043
36,153:6,153,no_addition,False,0.0,0.0,0.0,0.0,0.0,0.0,0.0,0.0,0.0,0.0,0.49527004045165035,0.7227862591583962,0.25663317833606647,0.3716738497836488,wait:0.000000
36,159:0,159,no_addition,False,0.0,0.1111111111111111,0.0,0.0,0.0,0.1111111111111111,0.0,0.0,1.0,1.0,0.5474312548271205,0.5281561931670856,0.3379496723410936,0.39740481919479054,wait:0.000000
36,164:30,164,no_addition,False,0.0,0.14285714285714285,0.0,0.14285714285714285,0.0,0.14285714285714285,0.0,0.0,1.0,1.0,0.28800537381185065,0.16331353911497792,0.2900040903492713,0.39674283398176563,wait:0.000000;e:-0.269708
36,168:0,168,no_addition,False,0.0,0.125,0.0,0.0,0.0,0.125,0.0,0.0,2.0,2.0,0.1755780482129814,0.4288123546424598,0.2124602298368124,0.33486870740334074,wait:0.000000
36,170:0,170,no_addition,False,0.16666666666666666,0.0,0.0,0.0,0.16666666666666666,0.0,3.0,0.0,1.0,0.0,0.6244772024406979,0.4051155287561089,0.3033318176716858,0.3714260410134784,wait:0.000000
36,176:6,176,no_addition,False,0.0,0.0,0.0,0.0,0.0,0.0,0.0,0.0,0.0,0.0,0.4992966896067701,0.7367207112421665,0.29667236080361553,0.19039524472284738,wait:0.000000
36,178:0,178,no_addition,False,0.0,0.0,0.0,0.0,0.0,0.0,0.0,0.0,0.0,0.0,0.24751995226350382,0.6128680806839006,0.30242028894009604,0.26244031453647154,wait:0.000000
36,181:12,181,no_addition,False,0.0,0.16666666666666666,0.0,0.0,0.0,0.16666666666666666,0.0,0.0,1.0,1.0,0.5562448725344759,0.2951359056296911,0.39624013053372786,0.3545117605306952,wait:0.000000
36,182:36,182,e,False,0.0,0.0,0.0,0.0,0.0,0.0,1.0,0.0,0.0,0.0,0.5734529697422133,0.7245626961659868,0.3398390417362852,0.30938004879238773,wait:0.000000;d:0.176455;e:0.342962;d+e:0.162616
36,184:12,184,no_addition,False,0.0,0.0,0.0,0.0,0.0,0.0,0.0,1.0,0.0,0.0,0.34884259019452324,0.5096081459085375,0.3329551098625529,0.29829461350477027,wait:0.000000
36,187:6,187,no_addition,False,0.0,0.0,0.0,0.0,0.0,0.0,1.0,0.0,0.0,0.0,0.5248273348424907,0.5554585001628527,0.362124988748831,0.3298573274808079,wait:0.000000
36,197:24,197,no_addition,False,0.0,0.0,0.0,0.0,0.0,0.0,0.0,0.0,0.0,0.0,0.4379469976543129,0.56166766570625,0.19688231088167402,0.34557495756149265,wait:0.523695
36,199:6,199,no_addition,False,0.0,0.0,0.0,0.0,0.0,0.0,0.0,0.0,1.0,1.0,0.2889379141900572,0.5300935850297215,0.33328785511729253,0.39501652679189125,wait:0.000000
36,201:0,201,no_addition,False,0.0,0.0,0.0,0.0,0.0,0.0,0.0,0.0,0.0,1.0,0.2468416151391679,0.2654302902035843,0.20072772104470216,0.20987555220806772,wait:0.000000
36,202:24,202,no_addition,False,0.0,0.0,0.0,0.0,0.0,0.0,0.0,0.0,1.0,0.0,0.5045428445156837,0.21672926048736668,0.28961011207828935,0.25946474351074944,wait:0.000000;e:-0.084338
36,203:18,203,no_addition,False,0.0,0.0,0.0,0.0,0.0,0.0,0.0,0.0,0.0,0.0,0.6998933756450564,0.5135264455480919,0.411197420235476,0.35280032812438555,wait:0.000000
36,207:0,207,no_addition,False,0.0,0.0,0.0,0.0,0.0,0.0,0.0,0.0,0.0,0.0,0.6384098086343788,0.4328621151935302,0.22389468572080504,0.4123575006396421,wait:0.000000
36,208:18,208,no_addition,False,0.0,0.0,0.0,0.0,0.0,0.0,0.0,1.0,0.0,0.0,0.31157911934780236,0.7703618039908129,0.3859596365912661,0.34099353141222527,wait:0.000000
36,209:30,209,d,False,0.0,0.0,0.0,0.0,0.0,0.0,0.0,1.0,0.0,0.0,0.7405058612451096,0.8292678743721746,0.4313723783566484,0.41400289907302135,wait:0.000000;d:0.215323
36,210:30,210,no_addition,False,0.0,0.16666666666666666,0.0,0.0,0.0,0.16666666666666666,2.0,0.0,0.0,1.0,0.5240795943387497,0.5054272613335347,0.2334915451941302,0.433395079898744,wait:0.471257
36,214:6,214,no_addition,False,0.0,0.0,0.0,0.0,0.0,0.0,0.0,0.0,0.0,0.0,0.6973777556884364,0.6322656244963211,0.443590841096819,0.2925123474407271,wait:0.000000
36,215:24,215,no_addition,False,0.0,0.0,0.0,0.0,0.0,0.0,1.0,0.0,0.0,0.0,0.5210420859453333,0.37994453684031615,0.4330328298258135,0.2810765607108209,wait:0.000000
36,216:30,216,no_addition,False,0.0,0.0,0.0,0.0,0.0,0.0,0.0,0.0,0.0,0.0,0.3175768374614446,0.37755529813170224,0.3716142051303562,0.3663120173657725,wait:0.000000;d:-0.085692;e:-0.026390;d+e:-0.229273
36,218:0,218,no_addition,False,0.0,0.0,0.0,0.0,0.0,0.0,0.0,1.0,1.0,0.0,0.38349324434518917,0.7867793646972321,0.22402292046599662,0.387614879129818,wait:0.000000
36,219:30,219,no_addition,False,0.0,0.0,0.0,0.0,0.0,0.0,0.0,0.0,0.0,0.0,0.3752902680647157,0.2554602095816274,0.2189030648837487,0.1653723697381658,wait:0.238190
36,221:12,221,no_addition,False,0.0,0.0,0.0,0.0,0.0,0.0,0.0,0.0,1.0,0.0,0.4497235747418107,0.36221451903550406,0.309422400651154,0.2701802264111867,wait:0.000000
36,227:0,227,no_addition,False,0.0,0.0,0.0,0.0,0.0,0.0,0.0,0.0,2.0,0.0,0.182168314345405,0.47420316210613983,0.28280812642659486,0.19354397946438265,wait:0.000000;d:-0.118798
36,230:24,230,no_addition,False,0.0,0.0,0.0,0.0,0.0,0.0,0.0,0.0,1.0,0.0,0.21259604598067658,0.6201557140712746,0.3394288452220377,0.2584575639361246,wait:0.000000;d:-0.148023
37,5:6,5,no_addition,False,0.0,0.02857142857142857,0.0,0.02857142857142857,0.0,0.02857142857142857,1.0,2.0,3.0,0.0,0.3470274079757374,0.729384271486512,0.18627775142604694,0.433845016108466,wait:0.000000
37,16:30,16,no_addition,False,0.0,0.0,0.0,0.0,0.0,0.0,0.0,0.0,2.0,1.0,0.341157414125389,0.2204759236095391,0.2728978281068709,0.3551717717820044,wait:0.000000
37,17:30,17,no_addition,False,0.0,0.0,0.0,0.0,0.0,0.0,1.0,1.0,2.0,2.0,0.5604870479270954,0.45347051250671133,0.3932089785910932,0.19506039435618563,wait:0.000000
37,18:30,18,no_addition,False,0.0,0.0,0.0,0.0,0.0,0.0,1.0,0.0,1.0,1.0,0.6737571316438802,0.22127239054154096,0.32218590380534096,0.32129346926806296,wait:0.000000;e:-0.142077
37,22:12,22,no_addition,False,0.041666666666666664,0.0,0.041666666666666664,0.0,0.041666666666666664,0.0,0.0,0.0,2.0,1.0,0.1544635073732056,0.5267773685722134,0.1853591411064211,0.31450094045556126,wait:0.000000
37,23:24,23,no_addition,False,0.0,0.0,0.0,0.0,0.0,0.0,1.0,0.0,0.0,0.0,0.7716376588723366,0.4719692483929704,0.3297613636665448,0.35952554001985937,wait:0.000000
37,28:24,28,no_addition,False,0.08695652173913043,0.0,0.08695652173913043,0.0,0.08695652173913043,0.0,3.0,0.0,1.0,0.0,0.505604271421874,0.30470514648477953,0.21676789214977443,0.3311898819821935,wait:0.000000;e:-0.076856
37,34:6,34,no_addition,False,0.037037037037037035,0.0,0.037037037037037035,0.0,0.037037037037037035,0.0,2.0,0.0,4.0,2.0,0.3183735266805414,0.2838798765011888,0.4133769578804123,0.2610662765689028,wait:0.000000
37,36:0,36,no_addition,False,0.08695652173913043,0.0,0.08695652173913043,0.0,0.08695652173913043,0.0,1.0,0.0,2.0,0.0,0.48135360954989026,0.3836680873249898,0.40157530179240003,0.41900053739797377,wait:0.000000
37,40:6,40,no_addition,False,0.0,0.0,0.0,0.0,0.0,0.0,0.0,0.0,1.0,0.0,0.2989391500262595,0.48198530675722817,0.40979428068998186,0.24866690722000864,wait:0.000000;d:-0.160652
37,42:0,42,no_addition,False,0.0,0.0,0.0,0.0,0.0,0.0,0.0,0.0,1.0,1.0,0.4071022545359229,0.1625907032458429,0.3370247532265757,0.2534510171764107,wait:0.000000;e:-0.127067
37,50:24,50,no_addition,False,0.0,0.0,0.0,0.0,0.0,0.0,1.0,0.0,1.0,0.0,0.5576045396053998,0.33208155967941855,0.2661547469837424,0.44946089757694324,wait:0.000000;e:-0.170480
37,55:0,55,no_addition,False,0.0,0.0,0.0,0.0,0.0,0.0,1.0,0.0,2.0,1.0,0.40163322317908273,0.40423984377293115,0.27604848689772193,0.21149207820782978,wait:0.000000
37,57:18,57,no_addition,False,0.0,0.0,0.0,0.0,0.0,0.0,0.0,0.0,0.0,0.0,0.27034023176218397,0.24647266114050143,0.3472400286318625,0.32934013747717866,wait:0.000000
37,58:0,58,no_addition,False,0.0,0.09090909090909091,0.0,0.09090909090909091,0.0,0.09090909090909091,0.0,0.0,1.0,0.0,0.5101585836098503,0.3168892329481223,0.22916244037719172,0.24746647104540773,wait:0.000000
37,66:36,66,d,False,0.08333333333333333,0.0,0.08333333333333333,0.0,0.08333333333333333,0.0,2.0,0.0,3.0,3.0,0.48678406273925223,0.11490632806636139,0.34615791012598973,0.26907731313463046,wait:0.000000;d:0.092106;e:-0.165624;d+e:-0.138858
37,69:30,69,no_addition,False,0.0,0.09090909090909091,0.0,0.09090909090909091,0.0,0.09090909090909091,0.0,0.0,1.0,0.0,0.2221802306094799,0.43043789121808484,0.24663404840115602,0.28889182229028704,wait:0.000000;d:-0.066600
37,79:24,79,no_addition,False,0.0,0.0,0.0,0.0,0.0,0.0,2.0,1.0,3.0,1.0,0.3450257691454046,0.42128528020174516,0.23897090931600617,0.2980342670728797,wait:0.000000
37,84:30,84,no_addition,False,0.0,0.0,0.0,0.0,0.0,0.0,2.0,1.0,2.0,0.0,0.6016040319983553,0.5961200056687408,0.23631765283767825,0.26391723968627046,wait:0.575617
37,87:18,87,no_addition,False,0.0,0.1,0.0,0.1,0.0,0.1,1.0,0.0,1.0,1.0,0.5757817120024694,0.21589545919012312,0.20279804993293035,0.3436436205864591,wait:0.000000;e:-0.169268
37,88:24,88,no_addition,False,0.0,0.0,0.0,0.0,0.0,0.0,1.0,0.0,1.0,0.0,0.3361979380153577,0.4339584147888384,0.39659420517047966,0.3730679206252907,wait:0.000000
37,93:24,93,no_addition,False,0.0,0.0,0.0,0.0,0.0,0.0,0.0,0.0,2.0,1.0,0.19424652180937857,0.34343101513832097,0.30315833026947697,0.4141443069013125,wait:0.000000;d:-0.128273;e:-0.104945;d+e:-0.307293
37,94:18,94,no_addition,False,0.0,0.07692307692307693,0.0,0.07692307692307693,0.0,0.07692307692307693,0.0,0.0,0.0,0.0,0.2637070086392537,0.5767051272350571,0.21800924687211456,0.379831501161727,wait:0.000000
37,95:6,95,no_addition,False,0.09090909090909091,0.0,0.09090909090909091,0.0,0.09090909090909091,0.0,0.0,0.0,2.0,1.0,0.14122836748957915,0.19136601723325086,0.3728198982561539,0.26511376606491255,wait:0.000000;d:-0.265669
37,97:24,97,no_addition,False,0.0,0.0,0.0,0.0,0.0,0.0,1.0,1.0,0.0,0.0,0.5236704782121396,0.7195603883300699,0.30224413357827734,0.19373823302790918,wait:0.000000
37,107:18,107,no_addition,False,0.0,0.0,0.0,0.0,0.0,0.0,0.0,0.0,0.0,0.0,0.2729552866978575,0.3602509043392173,0.3467836357187902,0.3787669519245653,wait:0.000000;d:-0.101035
37,108:0,108,no_addition,False,0.0,0.125,0.0,0.125,0.0,0.125,0.0,0.0,2.0,1.0,0.21343741219816653,0.39101006957902695,0.4051152694937241,0.338331470094529,wait:0.000000;d:-0.232952
37,117:12,117,no_addition,False,0.0,0.0,0.0,0.0,0.0,0.0,0.0,0.0,0.0,0.0,0.7725694518870738,0.5462544645848304,0.22248103607028888,0.2401405260341156,wait:0.000000
37,124:36,124,d,False,0.08333333333333333,0.16666666666666666,0.08333333333333333,0.16666666666666666,0.08333333333333333,0.16666666666666666,1.0,0.0,1.0,0.0,0.6285958196150037,0.7237800823536895,0.28269525967027936,0.42564871240929797,wait:0.000000;d:0.283245;e:0.225988;d+e:0.120446
37,125:0,125,no_addition,False,0.0,0.0,0.0,0.0,0.0,0.0,0.0,0.0,1.0,1.0,0.2354813323992468,0.34874461770778453,0.3253573236434573,0.3975528526902157,wait:0.000000
37,131:12,131,no_addition,False,0.0,0.0,0.0,0.0,0.0,0.0,0.0,0.0,0.0,0.0,0.3563602311849474,0.5871447970231283,0.37985692616415667,0.3889506118451608,wait:0.000000;d:-0.079017
37,149:30,149,no_addition,False,0.0,0.0,0.0,0.0,0.0,0.0,0.0,0.0,0.0,0.0,0.2713909454604943,0.6541471651235125,0.19879566477615832,0.2377602708974282,wait:0.262057
37,153:6,153,no_addition,False,0.0,0.0,0.0,0.0,0.0,0.0,0.0,0.0,0.0,0.0,0.49527004045165035,0.7227862591583962,0.25663317833606647,0.3716738497836488,wait:0.000000
37,159:0,159,no_addition,False,0.0,0.0,0.0,0.0,0.0,0.0,0.0,0.0,1.0,1.0,0.5474312548271205,0.5281561931670856,0.3379496723410936,0.4064367469037631,wait:0.000000
37,164:30,164,no_addition,False,0.0,0.14285714285714285,0.0,0.14285714285714285,0.0,0.14285714285714285,0.0,0.0,1.0,1.0,0.28800537381185065,0.16331353911497792,0.2900040903492713,0.39674283398176563,wait:0.000000;e:-0.269708
37,168:0,168,no_addition,False,0.0,0.0,0.0,0.0,0.0,0.0,0.0,0.0,2.0,2.0,0.1755780482129814,0.4288123546424598,0.2124602298368124,0.3434550845162469,wait:0.000000
37,170:0,170,no_addition,False,0.0,0.0,0.0,0.0,0.0,0.0,3.0,0.0,1.0,0.0,0.6244772024406979,0.4051155287561089,0.3137915355224336,0.3714260410134784,wait:0.000000
37,176:6,176,no_addition,False,0.0,0.0,0.0,0.0,0.0,0.0,0.0,0.0,0.0,0.0,0.4992966896067701,0.7367207112421665,0.29667236080361553,0.19039524472284738,wait:0.000000
37,178:0,178,no_addition,False,0.14285714285714285,0.0,0.14285714285714285,0.0,0.14285714285714285,0.0,0.0,0.0,0.0,0.0,0.24751995226350382,0.6128680806839006,0.2937797092560933,0.26244031453647154,wait:0.000000
37,181:12,181,no_addition,False,0.0,0.0,0.0,0.0,0.0,0.0,0.0,0.0,1.0,1.0,0.5562448725344759,0.2951359056296911,0.39624013053372786,0.3667363039972709,wait:0.000000
37,184:12,184,no_addition,False,0.14285714285714285,0.0,0.14285714285714285,0.0,0.14285714285714285,0.0,0.0,1.0,0.0,0.0,0.34884259019452324,0.5096081459085375,0.3234421067236228,0.29829461350477027,wait:0.000000
37,187:6,187,no_addition,False,0.16666666666666666,0.0,0.16666666666666666,0.0,0.16666666666666666,0.0,1.0,0.0,0.0,0.0,0.5248273348424907,0.5554585001628527,0.3500541557905366,0.3298573274808079,wait:0.000000
37,197:24,197,no_addition,False,0.0,0.0,0.0,0.0,0.0,0.0,0.0,0.0,0.0,0.0,0.4379469976543129,0.56166766570625,0.19688231088167402,0.34557495756149265,wait:0.542349
37,199:6,199,no_addition,False,0.14285714285714285,0.0,0.14285714285714285,0.0,0.14285714285714285,0.0,0.0,0.0,1.0,1.0,0.2889379141900572,0.5300935850297215,0.32376534497108417,0.39501652679189125,wait:0.000000
37,201:0,201,no_addition,False,0.0,0.0,0.0,0.0,0.0,0.0,0.0,0.0,0.0,1.0,0.2468416151391679,0.2654302902035843,0.20072772104470216,0.20987555220806772,wait:0.000000
37,202:24,202,no_addition,False,0.0,0.0,0.0,0.0,0.0,0.0,0.0,0.0,1.0,0.0,0.5045428445156837,0.21672926048736668,0.28961011207828935,0.25946474351074944,wait:0.000000;e:-0.084338
37,203:18,203,no_addition,False,0.0,0.0,0.0,0.0,0.0,0.0,0.0,0.0,0.0,0.0,0.6998933756450564,0.5135264455480919,0.411197420235476,0.35280032812438555,wait:0.000000
37,207:0,207,no_addition,False,0.0,0.0,0.0,0.0,0.0,0.0,0.0,0.0,0.0,0.0,0.6384098086343788,0.4328621151935302,0.22389468572080504,0.4123575006396421,wait:0.000000
37,208:18,208,no_addition,False,0.0,0.0,0.0,0.0,0.0,0.0,0.0,1.0,0.0,0.0,0.31157911934780236,0.7703618039908129,0.3859596365912661,0.34099353141222527,wait:0.000000
37,209:30,209,no_addition,False,0.0,0.0,0.0,0.0,0.0,0.0,0.0,1.0,0.0,0.0,0.7405058612451096,0.8292678743721746,0.4313723783566484,0.41400289907302135,wait:0.690443
37,210:30,210,no_addition,False,0.0,0.0,0.0,0.0,0.0,0.0,2.0,0.0,0.0,1.0,0.5240795943387497,0.5054272613335347,0.2334915451941302,0.4483397378262869,wait:0.488043
37,214:6,214,no_addition,False,0.0,0.0,0.0,0.0,0.0,0.0,0.0,0.0,0.0,0.0,0.6973777556884364,0.6322656244963211,0.443590841096819,0.2925123474407271,wait:0.000000
37,215:24,215,no_addition,False,0.0,0.0,0.0,0.0,0.0,0.0,1.0,0.0,0.0,0.0,0.5210420859453333,0.37994453684031615,0.4330328298258135,0.2810765607108209,wait:0.000000
37,216:30,216,no_addition,False,0.16666666666666666,0.0,0.16666666666666666,0.0,0.16666666666666666,0.0,0.0,0.0,0.0,0.0,0.3175768374614446,0.37755529813170224,0.3592270649593443,0.3663120173657725,wait:0.000000;d:-0.073305;e:-0.026390;d+e:-0.216886
37,218:0,218,no_addition,False,0.0,0.0,0.0,0.0,0.0,0.0,0.0,1.0,1.0,0.0,0.38349324434518917,0.7867793646972321,0.22402292046599662,0.387614879129818,wait:0.000000
37,219:30,219,no_addition,False,0.0,0.0,0.0,0.0,0.0,0.0,0.0,0.0,0.0,0.0,0.3752902680647157,0.2554602095816274,0.2189030648837487,0.1653723697381658,wait:0.246674
37,221:12,221,no_addition,False,0.0,0.0,0.0,0.0,0.0,0.0,0.0,0.0,1.0,0.0,0.4497235747418107,0.36221451903550406,0.309422400651154,0.2701802264111867,wait:0.000000
37,227:0,227,no_addition,False,0.0,0.0,0.0,0.0,0.0,0.0,0.0,0.0,2.0,0.0,0.182168314345405,0.47420316210613983,0.28280812642659486,0.19354397946438265,wait:0.000000;d:-0.118798
37,230:24,230,no_addition,False,0.16666666666666666,0.0,0.16666666666666666,0.0,0.16666666666666666,0.0,0.0,0.0,1.0,0.0,0.21259604598067658,0.6201557140712746,0.3281145503813031,0.2584575639361246,wait:0.000000;d:-0.136709
37,233:36,233,e,False,0.0,0.0,0.0,0.0,0.0,0.0,1.0,0.0,1.0,1.0,0.3730093791686039,0.3961549763047208,0.3661647897859952,0.15654664075523303,wait:0.000000;d:-0.030335;e:0.200121;d+e:0.030006
38,5:6,5,no_addition,False,0.02857142857142857,0.02857142857142857,0.02857142857142857,0.02857142857142857,0.02857142857142857,0.02857142857142857,1.0,2.0,3.0,0.0,0.3470274079757374,0.729384271486512,0.1852133071321838,0.433845016108466,wait:0.000000
38,16:30,16,no_addition,False,0.0,0.0,0.0,0.0,0.0,0.0,0.0,0.0,2.0,1.0,0.341157414125389,0.2204759236095391,0.2728978281068709,0.3551717717820044,wait:0.000000
38,17:30,17,no_addition,False,0.027777777777777776,0.0,0.027777777777777776,0.0,0.027777777777777776,0.0,1.0,1.0,2.0,2.0,0.5604870479270954,0.45347051250671133,0.39102448426558717,0.19506039435618563,wait:0.000000
38,18:30,18,no_addition,False,0.0,0.0,0.0,0.0,0.0,0.0,1.0,0.0,1.0,1.0,0.6737571316438802,0.22127239054154096,0.32218590380534096,0.32129346926806296,wait:0.000000;e:-0.142077
38,22:12,22,no_addition,False,0.041666666666666664,0.0,0.041666666666666664,0.0,0.041666666666666664,0.0,0.0,0.0,2.0,1.0,0.1544635073732056,0.5267773685722134,0.1853591411064211,0.31450094045556126,wait:0.000000
38,23:24,23,no_addition,False,0.06666666666666667,0.0,0.06666666666666667,0.0,0.06666666666666667,0.0,1.0,0.0,0.0,0.0,0.7716376588723366,0.4719692483929704,0.3253645454843242,0.35952554001985937,wait:0.000000
38,28:24,28,no_addition,False,0.13043478260869565,0.0,0.13043478260869565,0.0,0.13043478260869565,0.0,3.0,0.0,1.0,0.0,0.505604271421874,0.30470514648477953,0.2148495922192455,0.3311898819821935,wait:0.000000;e:-0.076856
38,34:6,34,no_addition,False,0.037037037037037035,0.037037037037037035,0.037037037037037035,0.037037037037037035,0.037037037037037035,0.037037037037037035,2.0,0.0,4.0,2.0,0.3183735266805414,0.2838798765011888,0.4133769578804123,0.259132452298022,wait:0.000000
38,36:0,36,no_addition,False,0.08695652173913043,0.0,0.08695652173913043,0.0,0.08695652173913043,0.0,1.0,0.0,2.0,0.0,0.48135360954989026,0.3836680873249898,0.40157530179240003,0.41900053739797377,wait:0.000000
38,40:6,40,no_addition,False,0.0,0.0,0.0,0.0,0.0,0.0,0.0,0.0,1.0,0.0,0.2989391500262595,0.48198530675722817,0.40979428068998186,0.24866690722000864,wait:0.000000;d:-0.160652
38,42:0,42,no_addition,False,0.0,0.0,0.0,0.0,0.0,0.0,0.0,0.0,1.0,1.0,0.4071022545359229,0.1625907032458429,0.3370247532265757,0.2534510171764107,wait:0.000000;e:-0.127067
38,50:24,50,no_addition,False,0.0,0.0,0.0,0.0,0.0,0.0,1.0,0.0,1.0,0.0,0.5576045396053998,0.33208155967941855,0.2661547469837424,0.44946089757694324,wait:0.000000;e:-0.170480
38,55:0,55,no_addition,False,0.0,0.0,0.0,0.0,0.0,0.0,1.0,0.0,2.0,1.0,0.40163322317908273,0.40423984377293115,0.27604848689772193,0.21149207820782978,wait:0.000000
38,57:18,57,no_addition,False,0.0,0.0,0.0,0.0,0.0,0.0,0.0,0.0,0.0,0.0,0.27034023176218397,0.24647266114050143,0.3472400286318625,0.32934013747717866,wait:0.000000
38,58:0,58,no_addition,False,0.0,0.09090909090909091,0.0,0.0,0.0,0.09090909090909091,0.0,0.0,1.0,1.0,0.5101585836098503,0.22182246306368564,0.22916244037719172,0.24746647104540773,wait:0.000000
38,69:30,69,no_addition,False,0.0,0.09090909090909091,0.0,0.0,0.0,0.09090909090909091,0.0,0.0,1.0,1.0,0.2221802306094799,0.3013065238526594,0.24663404840115602,0.28889182229028704,wait:0.000000;d:-0.066600
38,79:24,79,no_addition,False,0.0,0.05,0.0,0.05,0.0,0.05,2.0,1.0,3.0,1.0,0.3450257691454046,0.42128528020174516,0.23897090931600617,0.29505392440215095,wait:0.000000
38,84:30,84,no_addition,False,0.0,0.0,0.0,0.0,0.0,0.0,2.0,1.0,2.0,0.0,0.6016040319983553,0.5961200056687408,0.23631765283767825,0.26391723968627046,wait:0.000000
38,87:18,87,no_addition,False,0.0,0.1,0.0,0.0,0.0,0.1,1.0,0.0,1.0,2.0,0.5757817120024694,0.18505325073439124,0.20279804993293035,0.3436436205864591,wait:0.000000;e:-0.197036
38,88:24,88,no_addition,False,0.0,0.0,0.0,0.0,0.0,0.0,1.0,0.0,1.0,0.0,0.3361979380153577,0.4339584147888384,0.39659420517047966,0.3730679206252907,wait:0.000000
38,93:24,93,no_addition,False,0.0,0.0,0.0,0.0,0.0,0.0,0.0,0.0,2.0,1.0,0.19424652180937857,0.34343101513832097,0.30315833026947697,0.4141443069013125,wait:0.000000;d:-0.128273;e:-0.104945;d+e:-0.307293
38,94:18,94,no_addition,False,0.0,0.07692307692307693,0.0,0.07692307692307693,0.0,0.07692307692307693,0.0,0.0,0.0,0.0,0.2637070086392537,0.5767051272350571,0.21800924687211456,0.379831501161727,wait:0.000000
38,95:6,95,no_addition,False,0.09090909090909091,0.0,0.09090909090909091,0.0,0.09090909090909091,0.0,0.0,0.0,2.0,1.0,0.14122836748957915,0.19136601723325086,0.3728198982561539,0.26511376606491255,wait:0.000000;d:-0.265669
38,97:24,97,no_addition,False,0.0,0.0,0.0,0.0,0.0,0.0,1.0,1.0,0.0,0.0,0.5236704782121396,0.7195603883300699,0.30224413357827734,0.19373823302790918,wait:0.000000
38,106:36,106,no_addition,False,0.1,0.0,0.1,0.0,0.1,0.0,1.0,0.0,2.0,1.0,0.39688897036428905,0.18935037582352687,0.4286850163443111,0.27225987399715035,wait:0.000000;d:-0.071356
38,107:18,107,no_addition,False,0.0,0.0,0.0,0.0,0.0,0.0,0.0,0.0,0.0,0.0,0.2729552866978575,0.3602509043392173,0.3467836357187902,0.3787669519245653,wait:0.000000;d:-0.101035
38,108:0,108,no_addition,False,0.0,0.125,0.0,0.125,0.0,0.125,0.0,0.0,2.0,1.0,0.21343741219816653,0.39101006957902695,0.4051152694937241,0.338331470094529,wait:0.000000;d:-0.232952
38,117:12,117,no_addition,False,0.0,0.0,0.0,0.0,0.0,0.0,0.0,0.0,0.0,0.0,0.7725694518870738,0.5462544645848304,0.22248103607028888,0.2401405260341156,wait:0.000000
38,125:0,125,no_addition,False,0.0,0.0,0.0,0.0,0.0,0.0,0.0,0.0,1.0,1.0,0.2354813323992468,0.34874461770778453,0.3253573236434573,0.3975528526902157,wait:0.000000
38,130:36,130,e,False,0.0,0.0,0.0,0.0,0.0,0.0,0.0,0.0,2.0,2.0,0.4367858318107173,0.35795364386982575,0.4230493057485234,0.17740609687068634,wait:0.000000;d:-0.029800;e:0.144868;d+e:-0.031666
38,131:12,131,no_addition,False,0.0,0.0,0.0,0.0,0.0,0.0,0.0,0.0,0.0,0.0,0.3563602311849474,0.5871447970231283,0.37985692616415667,0.3889506118451608,wait:0.000000;d:-0.079017
38,149:30,149,no_addition,False,0.0,0.0,0.0,0.0,0.0,0.0,0.0,0.0,0.0,0.0,0.2713909454604943,0.6541471651235125,0.19879566477615832,0.2377602708974282,wait:0.000000
38,153:6,153,no_addition,False,0.0,0.0,0.0,0.0,0.0,0.0,0.0,0.0,0.0,0.0,0.49527004045165035,0.7227862591583962,0.25663317833606647,0.3716738497836488,wait:0.000000
38,154:36,154,d,False,0.0,0.0,0.0,0.0,0.0,0.0,2.0,0.0,0.0,0.0,0.8116746763837428,0.5885642396252133,0.18289054626186424,0.24507216669016907,wait:0.000000;d:0.547880;e:0.284827;d+e:0.425472
38,159:0,159,no_addition,False,0.0,0.0,0.0,0.0,0.0,0.0,0.0,0.0,1.0,1.0,0.5474312548271205,0.5281561931670856,0.3379496723410936,0.4064367469037631,wait:0.000000
38,164:30,164,no_addition,False,0.0,0.14285714285714285,0.0,0.0,0.0,0.14285714285714285,0.0,0.0,1.0,2.0,0.28800537381185065,0.13998303352712393,0.2900040903492713,0.39674283398176563,wait:0.000000;e:-0.290713
38,168:0,168,no_addition,False,0.0,0.0,0.0,0.0,0.0,0.0,0.0,0.0,2.0,2.0,0.1755780482129814,0.4288123546424598,0.2124602298368124,0.3434550845162469,wait:0.000000
38,170:0,170,no_addition,False,0.0,0.0,0.0,0.0,0.0,0.0,3.0,0.0,1.0,0.0,0.6244772024406979,0.4051155287561089,0.3137915355224336,0.3714260410134784,wait:0.000000
38,176:6,176,no_addition,False,0.0,0.0,0.0,0.0,0.0,0.0,0.0,0.0,0.0,0.0,0.4992966896067701,0.7367207112421665,0.29667236080361553,0.19039524472284738,wait:0.000000
38,178:0,178,no_addition,False,0.14285714285714285,0.0,0.14285714285714285,0.0,0.14285714285714285,0.0,0.0,0.0,0.0,0.0,0.24751995226350382,0.6128680806839006,0.2937797092560933,0.26244031453647154,wait:0.000000
38,181:12,181,no_addition,False,0.0,0.0,0.0,0.0,0.0,0.0,0.0,0.0,1.0,1.0,0.5562448725344759,0.2951359056296911,0.39624013053372786,0.3667363039972709,wait:0.000000
38,184:12,184,no_addition,False,0.14285714285714285,0.0,0.14285714285714285,0.0,0.14285714285714285,0.0,0.0,1.0,0.0,0.0,0.34884259019452324,0.5096081459085375,0.3234421067236228,0.29829461350477027,wait:0.000000
38,187:6,187,no_addition,False,0.16666666666666666,0.0,0.16666666666666666,0.0,0.16666666666666666,0.0,1.0,0.0,0.0,0.0,0.5248273348424907,0.5554585001628527,0.3500541557905366,0.3298573274808079,wait:0.000000
38,197:24,197,no_addition,False,0.16666666666666666,0.0,0.16666666666666666,0.0,0.16666666666666666,0.0,0.0,0.0,0.0,0.0,0.4379469976543129,0.56166766570625,0.1903195671856182,0.34557495756149265,wait:0.542349
38,199:6,199,no_addition,False,0.14285714285714285,0.0,0.14285714285714285,0.0,0.14285714285714285,0.0,0.0,0.0,1.0,1.0,0.2889379141900572,0.5300935850297215,0.32376534497108417,0.39501652679189125,wait:0.000000
38,201:0,201,no_addition,False,0.0,0.0,0.0,0.0,0.0,0.0,0.0,0.0,0.0,1.0,0.2468416151391679,0.2654302902035843,0.20072772104470216,0.20987555220806772,wait:0.000000
38,202:24,202,no_addition,False,0.0,0.0,0.0,0.0,0.0,0.0,0.0,0.0,1.0,0.0,0.5045428445156837,0.21672926048736668,0.28961011207828935,0.25946474351074944,wait:0.000000;e:-0.084338
38,203:18,203,no_addition,False,0.0,0.0,0.0,0.0,0.0,0.0,0.0,0.0,0.0,0.0,0.6998933756450564,0.5135264455480919,0.411197420235476,0.35280032812438555,wait:0.000000
38,207:0,207,no_addition,False,0.0,0.0,0.0,0.0,0.0,0.0,0.0,0.0,0.0,0.0,0.6384098086343788,0.4328621151935302,0.22389468572080504,0.4123575006396421,wait:0.000000
38,208:18,208,no_addition,False,0.0,0.0,0.0,0.0,0.0,0.0,0.0,1.0,0.0,0.0,0.31157911934780236,0.7703618039908129,0.3859596365912661,0.34099353141222527,wait:0.000000
38,209:30,209,no_addition,False,0.16666666666666666,0.0,0.16666666666666666,0.0,0.16666666666666666,0.0,0.0,1.0,0.0,0.0,0.7405058612451096,0.8292678743721746,0.41699329907809346,0.41400289907302135,wait:0.715036
38,210:30,210,no_addition,False,0.0,0.0,0.0,0.0,0.0,0.0,2.0,0.0,0.0,1.0,0.5240795943387497,0.5054272613335347,0.2334915451941302,0.4483397378262869,wait:0.000000
38,214:6,214,no_addition,False,0.0,0.0,0.0,0.0,0.0,0.0,0.0,0.0,0.0,0.0,0.6973777556884364,0.6322656244963211,0.443590841096819,0.2925123474407271,wait:0.000000
38,215:24,215,no_addition,False,0.0,0.0,0.0,0.0,0.0,0.0,1.0,0.0,0.0,0.0,0.5210420859453333,0.37994453684031615,0.4330328298258135,0.2810765607108209,wait:0.000000
38,216:30,216,no_addition,False,0.16666666666666666,0.0,0.16666666666666666,0.0,0.16666666666666666,0.0,0.0,0.0,0.0,0.0,0.3175768374614446,0.37755529813170224,0.3592270649593443,0.3663120173657725,wait:0.000000;d:-0.073305;e:-0.026390;d+e:-0.216886
38,218:0,218,no_addition,False,0.0,0.0,0.0,0.0,0.0,0.0,0.0,1.0,1.0,0.0,0.38349324434518917,0.7867793646972321,0.22402292046599662,0.387614879129818,wait:0.000000
38,219:30,219,no_addition,False,0.0,0.0,0.0,0.0,0.0,0.0,0.0,0.0,0.0,0.0,0.3752902680647157,0.2554602095816274,0.2189030648837487,0.1653723697381658,wait:0.246674
38,221:12,221,no_addition,False,0.0,0.0,0.0,0.0,0.0,0.0,0.0,0.0,1.0,0.0,0.4497235747418107,0.36221451903550406,0.309422400651154,0.2701802264111867,wait:0.000000
38,224:36,224,e,False,0.0,0.16666666666666666,0.0,0.16666666666666666,0.0,0.16666666666666666,0.0,0.0,2.0,1.0,0.13768458979724676,0.3897922588418409,0.22111542484713326,0.22687027313574393,wait:0.000000;d:-0.097155;e:0.124069;d+e:-0.036588
38,227:0,227,no_addition,False,0.0,0.0,0.0,0.0,0.0,0.0,0.0,0.0,2.0,0.0,0.182168314345405,0.47420316210613983,0.28280812642659486,0.19354397946438265,wait:0.000000;d:-0.118798
38,230:24,230,no_addition,False,0.3333333333333333,0.0,0.3333333333333333,0.0,0.3333333333333333,0.0,0.0,0.0,1.0,0.0,0.21259604598067658,0.6201557140712746,0.3168002555405685,0.2584575639361246,wait:0.000000;d:-0.125395
39,5:6,5,no_addition,False,0.02857142857142857,0.0,0.02857142857142857,0.0,0.02857142857142857,0.0,1.0,2.0,3.0,1.0,0.3470274079757374,0.6019355821959693,0.1852133071321838,0.4363383782700089,wait:0.000000
39,16:30,16,no_addition,False,0.0,0.05,0.0,0.05,0.0,0.05,0.0,0.0,2.0,1.0,0.341157414125389,0.2204759236095391,0.2728978281068709,0.35162005406418434,wait:0.000000
39,17:30,17,no_addition,False,0.027777777777777776,0.0,0.027777777777777776,0.0,0.027777777777777776,0.0,1.0,1.0,2.0,1.0,0.5604870479270954,0.5310587409164124,0.39102448426558717,0.19506039435618563,wait:0.000000
39,18:30,18,no_addition,False,0.0,0.0625,0.0,0.0625,0.0,0.0625,1.0,0.0,1.0,1.0,0.6737571316438802,0.22127239054154096,0.32218590380534096,0.3172773009022122,wait:0.000000;e:-0.138060
39,22:12,22,no_addition,False,0.041666666666666664,0.0,0.0,0.0,0.041666666666666664,0.0,0.0,0.0,3.0,1.0,0.14159154842543847,0.5267773685722134,0.1853591411064211,0.31450094045556126,wait:0.000000
39,23:24,23,no_addition,False,0.06666666666666667,0.0,0.06666666666666667,0.0,0.06666666666666667,0.0,1.0,0.0,0.0,0.0,0.7716376588723366,0.4719692483929704,0.3253645454843242,0.35952554001985937,wait:0.000000
39,27:36,27,d,False,0.0,0.043478260869565216,0.0,0.043478260869565216,0.0,0.043478260869565216,0.0,0.0,0.0,0.0,0.4259676036441362,0.7144330381749335,0.2987843698533837,0.1925823752301508,wait:0.000000;d:0.064725
39,28:24,28,no_addition,False,0.13043478260869565,0.0,0.08695652173913043,0.0,0.13043478260869565,0.0,3.0,0.0,2.0,0.0,0.44000410713641736,0.30470514648477953,0.2148495922192455,0.3311898819821935,wait:0.000000;e:-0.076856
39,34:6,34,no_addition,False,0.037037037037037035,0.037037037037037035,0.0,0.037037037037037035,0.037037037037037035,0.037037037037037035,2.0,0.0,5.0,2.0,0.29370352241552944,0.2838798765011888,0.4133769578804123,0.259132452298022,wait:0.000000
39,36:0,36,no_addition,False,0.08695652173913043,0.0,0.0,0.0,0.08695652173913043,0.0,0.0,0.0,4.0,0.0,0.3132797763017145,0.3836680873249898,0.40157530179240003,0.41900053739797377,wait:0.000000
39,40:6,40,no_addition,False,0.0,0.0,0.0,0.0,0.0,0.0,0.0,0.0,1.0,0.0,0.2989391500262595,0.48198530675722817,0.40979428068998186,0.24866690722000864,wait:0.000000;d:-0.160652
39,42:0,42,no_addition,False,0.0,0.0,0.0,0.0,0.0,0.0,0.0,0.0,1.0,1.0,0.4071022545359229,0.1625907032458429,0.3370247532265757,0.2534510171764107,wait:0.000000;e:-0.127067
39,47:36,47,no_addition,False,0.0,0.0,0.0,0.0,0.0,0.0,1.0,0.0,2.0,0.0,0.43597038617050254,0.37419668178960197,0.26250270115202495,0.34677176322672726,wait:0.000000;e:-0.029873
39,50:24,50,no_addition,False,0.0,0.0,0.0,0.0,0.0,0.0,1.0,0.0,1.0,0.0,0.5576045396053998,0.33208155967941855,0.2661547469837424,0.44946089757694324,wait:0.000000;e:-0.170480
39,55:0,55,no_addition,False,0.0,0.0,0.0,0.0,0.0,0.0,1.0,0.0,2.0,0.0,0.40163322317908273,0.5774854911041873,0.27604848689772193,0.21149207820782978,wait:0.000000
39,57:18,57,no_addition,False,0.0,0.0,0.0,0.0,0.0,0.0,0.0,0.0,0.0,0.0,0.27034023176218397,0.24647266114050143,0.3472400286318625,0.32934013747717866,wait:0.000000
39,58:0,58,no_addition,False,0.0,0.0,0.0,0.0,0.0,0.0,0.0,0.0,1.0,1.0,0.5101585836098503,0.22182246306368564,0.22916244037719172,0.25204918347217453,wait:0.000000
39,59:36,59,e,False,0.0,0.0,0.0,0.0,0.0,0.0,0.0,0.0,0.0,0.0,0.6836481830001345,0.7644130575124075,0.18865587008690207,0.2654424298365809,wait:0.000000;e:0.402777
39,67:36,67,d,False,0.0,0.0,0.0,0.0,0.0,0.0,2.0,0.0,1.0,1.0,0.7223650069362132,0.4035113983532035,0.2185329716196229,0.28206926117262876,wait:0.000000;d:0.431830;e:0.081222;d+e:0.256781
39,68:36,68,no_addition,False,0.05,0.0,0.05,0.0,0.05,0.0,1.0,0.0,2.0,1.0,0.5740295180870401,0.35630815206719274,0.3745067346893643,0.33186452277655243,wait:0.554286;e:0.345403
39,69:30,69,no_addition,False,0.0,0.0,0.0,0.0,0.0,0.0,0.0,0.0,1.0,1.0,0.2221802306094799,0.3013065238526594,0.24663404840115602,0.2942416708512183,wait:0.000000;d:-0.066600
39,79:24,79,no_addition,False,0.0,0.1,0.0,0.1,0.0,0.1,2.0,1.0,3.0,1.0,0.3450257691454046,0.42128528020174516,0.23897090931600617,0.2920735817314221,wait:0.000000
39,83:36,83,d,False,0.0,0.0,0.0,0.0,0.0,0.0,0.0,0.0,2.0,2.0,0.46050477541980084,0.1948725504054551,0.23823259958918622,0.3571275347972728,wait:0.000000;d:0.176371;e:-0.181679;d+e:-0.098049
39,84:30,84,no_addition,False,0.0,0.0,0.0,0.0,0.0,0.0,2.0,1.0,2.0,0.0,0.6016040319983553,0.5961200056687408,0.23631765283767825,0.26391723968627046,wait:0.000000
39,87:18,87,no_addition,False,0.0,0.0,0.0,0.0,0.0,0.0,1.0,0.0,1.0,2.0,0.5757817120024694,0.18505325073439124,0.20279804993293035,0.35065675570046845,wait:0.000000;e:-0.204049
39,88:24,88,no_addition,False,0.0,0.08333333333333333,0.0,0.08333333333333333,0.0,0.08333333333333333,1.0,0.0,1.0,0.0,0.3361979380153577,0.4339584147888384,0.39659420517047966,0.3668501219482025,wait:0.000000
39,93:24,93,no_addition,False,0.0,0.0,0.0,0.0,0.0,0.0,0.0,0.0,2.0,1.0,0.19424652180937857,0.34343101513832097,0.30315833026947697,0.4141443069013125,wait:0.000000;d:-0.128273;e:-0.104945;d+e:-0.307293
39,94:18,94,no_addition,False,0.0,0.07692307692307693,0.0,0.0,0.0,0.07692307692307693,0.0,0.0,0.0,1.0,0.2637070086392537,0.40369358906453995,0.21800924687211456,0.379831501161727,wait:0.000000
39,95:6,95,no_addition,False,0.09090909090909091,0.09090909090909091,0.0,0.09090909090909091,0.09090909090909091,0.09090909090909091,0.0,0.0,3.0,1.0,0.12945933686544756,0.19136601723325086,0.3728198982561539,0.2602935157728232,wait:0.000000;d:-0.276264
39,97:24,97,no_addition,False,0.0,0.0,0.0,0.0,0.0,0.0,0.0,1.0,0.0,0.0,0.31952925458877096,0.7195603883300699,0.30224413357827734,0.19373823302790918,wait:0.000000
39,106:36,106,no_addition,False,0.1,0.0,0.1,0.0,0.1,0.0,1.0,0.0,2.0,1.0,0.39688897036428905,0.18935037582352687,0.4286850163443111,0.27225987399715035,wait:0.000000;d:-0.071356
39,107:18,107,no_addition,False,0.0,0.0,0.0,0.0,0.0,0.0,0.0,0.0,0.0,0.0,0.2729552866978575,0.3602509043392173,0.3467836357187902,0.3787669519245653,wait:0.000000;d:-0.101035
39,108:0,108,no_addition,False,0.0,0.125,0.0,0.0,0.0,0.125,0.0,0.0,1.0,2.0,0.2490103142311943,0.33515148821059454,0.4051152694937241,0.338331470094529,wait:0.000000;d:-0.200925
39,117:12,117,no_addition,False,0.0,0.0,0.0,0.0,0.0,0.0,0.0,0.0,0.0,0.0,0.7725694518870738,0.5462544645848304,0.22248103607028888,0.2401405260341156,wait:0.000000
39,125:0,125,no_addition,False,0.0,0.0,0.0,0.0,0.0,0.0,0.0,0.0,1.0,1.0,0.2354813323992468,0.34874461770778453,0.3253573236434573,0.3975528526902157,wait:0.000000
39,131:12,131,no_addition,False,0.0,0.0,0.0,0.0,0.0,0.0,0.0,0.0,0.0,0.0,0.3563602311849474,0.5871447970231283,0.37985692616415667,0.3889506118451608,wait:0.000000;d:-0.079017
39,149:30,149,no_addition,False,0.0,0.0,0.0,0.0,0.0,0.0,0.0,0.0,0.0,0.0,0.2713909454604943,0.6541471651235125,0.19879566477615832,0.2377602708974282,wait:0.000000
39,153:6,153,no_addition,False,0.0,0.0,0.0,0.0,0.0,0.0,0.0,0.0,0.0,0.0,0.49527004045165035,0.7227862591583962,0.25663317833606647,0.3716738497836488,wait:0.000000
39,159:0,159,no_addition,False,0.0,0.0,0.0,0.0,0.0,0.0,0.0,0.0,1.0,1.0,0.5474312548271205,0.5281561931670856,0.3379496723410936,0.4064367469037631,wait:0.000000
39,164:30,164,no_addition,False,0.0,0.0,0.0,0.0,0.0,0.0,0.0,0.0,1.0,1.0,0.28800537381185065,0.16331353911497792,0.2900040903492713,0.4084117408635823,wait:0.000000;e:-0.281377
39,166:36,166,d,False,0.0,0.0,0.0,0.0,0.0,0.0,0.0,0.0,1.0,2.0,0.439033625892273,0.23259867380349097,0.3641580210834067,0.3930939441210525,wait:0.000000;d:0.031115;e:-0.183680;d+e:-0.255341
39,168:0,168,no_addition,False,0.0,0.0,0.0,0.0,0.0,0.0,0.0,0.0,2.0,2.0,0.1755780482129814,0.4288123546424598,0.2124602298368124,0.3434550845162469,wait:0.000000
39,170:0,170,no_addition,False,0.0,0.0,0.0,0.0,0.0,0.0,3.0,0.0,1.0,0.0,0.6244772024406979,0.4051155287561089,0.3137915355224336,0.3714260410134784,wait:0.000000
39,176:6,176,no_addition,False,0.0,0.0,0.0,0.0,0.0,0.0,0.0,0.0,0.0,0.0,0.4992966896067701,0.7367207112421665,0.29667236080361553,0.19039524472284738,wait:0.000000
39,178:0,178,no_addition,False,0.14285714285714285,0.0,0.14285714285714285,0.0,0.14285714285714285,0.0,0.0,0.0,0.0,0.0,0.24751995226350382,0.6128680806839006,0.2937797092560933,0.26244031453647154,wait:0.000000
39,181:12,181,no_addition,False,0.0,0.0,0.0,0.0,0.0,0.0,0.0,0.0,1.0,1.0,0.5562448725344759,0.2951359056296911,0.39624013053372786,0.3667363039972709,wait:0.000000
39,182:36,182,d,False,0.1111111111111111,0.0,0.1111111111111111,0.0,0.1111111111111111,0.0,1.0,0.0,0.0,0.0,0.5734529697422133,0.7245626961659868,0.3322870630310344,0.30938004879238773,wait:0.000000;d:0.164007
39,184:12,184,no_addition,False,0.14285714285714285,0.0,0.14285714285714285,0.0,0.14285714285714285,0.0,0.0,1.0,0.0,0.0,0.34884259019452324,0.5096081459085375,0.3234421067236228,0.29829461350477027,wait:0.000000
39,187:6,187,no_addition,False,0.16666666666666666,0.0,0.0,0.0,0.16666666666666666,0.0,1.0,0.0,1.0,0.0,0.39270914415070635,0.5554585001628527,0.3500541557905366,0.3298573274808079,wait:0.000000
39,193:36,193,e,False,0.0,0.0,0.0,0.0,0.0,0.0,1.0,0.0,2.0,0.0,0.48940594315615327,0.6452657660816854,0.19398710184657295,0.3302248422986202,wait:0.000000;d:0.246637;e:0.250724;d+e:0.221381
39,197:24,197,no_addition,False,0.16666666666666666,0.0,0.16666666666666666,0.0,0.16666666666666666,0.0,0.0,0.0,0.0,0.0,0.4379469976543129,0.56166766570625,0.1903195671856182,0.34557495756149265,wait:0.000000
39,199:6,199,no_addition,False,0.14285714285714285,0.0,0.14285714285714285,0.0,0.14285714285714285,0.0,0.0,0.0,1.0,1.0,0.2889379141900572,0.5300935850297215,0.32376534497108417,0.39501652679189125,wait:0.000000
39,201:0,201,no_addition,False,0.0,0.0,0.0,0.0,0.0,0.0,0.0,0.0,0.0,1.0,0.2468416151391679,0.2654302902035843,0.20072772104470216,0.20987555220806772,wait:0.000000
39,202:24,202,no_addition,False,0.0,0.0,0.0,0.0,0.0,0.0,0.0,0.0,1.0,0.0,0.5045428445156837,0.21672926048736668,0.28961011207828935,0.25946474351074944,wait:0.000000;e:-0.084338
39,203:18,203,no_addition,False,0.0,0.0,0.0,0.0,0.0,0.0,0.0,0.0,0.0,0.0,0.6998933756450564,0.5135264455480919,0.411197420235476,0.35280032812438555,wait:0.000000
39,204:36,204,d,False,0.0,0.125,0.0,0.0,0.0,0.125,0.0,0.0,0.0,1.0,0.5373873626323591,0.3885883315603059,0.1637093864547491,0.17679580186239627,wait:0.000000;d:0.320114;e:0.173060;d+e:0.303905
39,205:36,205,e,False,0.0,0.16666666666666666,0.0,0.0,0.0,0.16666666666666666,0.0,0.0,0.0,1.0,0.43285328084793884,0.47037263045655686,0.37383117714299735,0.2885603835884282,wait:0.000000;d:0.015877;e:0.134928;d+e:-0.034232
39,207:0,207,no_addition,False,0.0,0.0,0.0,0.0,0.0,0.0,0.0,0.0,0.0,0.0,0.6384098086343788,0.4328621151935302,0.22389468572080504,0.4123575006396421,wait:0.000000
39,208:18,208,no_addition,False,0.0,0.0,0.0,0.0,0.0,0.0,0.0,1.0,0.0,0.0,0.31157911934780236,0.7703618039908129,0.3859596365912661,0.34099353141222527,wait:0.000000
39,209:30,209,no_addition,False,0.16666666666666666,0.0,0.16666666666666666,0.0,0.16666666666666666,0.0,0.0,1.0,0.0,0.0,0.7405058612451096,0.8292678743721746,0.41699329907809346,0.41400289907302135,wait:0.715036
39,210:30,210,no_addition,False,0.0,0.0,0.0,0.0,0.0,0.0,1.0,0.0,0.0,1.0,0.44475952672854147,0.5054272613335347,0.2334915451941302,0.4483397378262869,wait:0.000000
39,214:6,214,no_addition,False,0.0,0.0,0.0,0.0,0.0,0.0,0.0,0.0,0.0,0.0,0.6973777556884364,0.6322656244963211,0.443590841096819,0.2925123474407271,wait:0.000000
39,215:24,215,no_addition,False,0.0,0.0,0.0,0.0,0.0,0.0,1.0,0.0,0.0,0.0,0.5210420859453333,0.37994453684031615,0.4330328298258135,0.2810765607108209,wait:0.000000
39,216:30,216,no_addition,False,0.16666666666666666,0.0,0.16666666666666666,0.0,0.16666666666666666,0.0,0.0,0.0,0.0,0.0,0.3175768374614446,0.37755529813170224,0.3592270649593443,0.3663120173657725,wait:0.000000;d:-0.073305;e:-0.026390;d+e:-0.216886
39,218:0,218,no_addition,False,0.0,0.0,0.0,0.0,0.0,0.0,0.0,1.0,1.0,0.0,0.38349324434518917,0.7867793646972321,0.22402292046599662,0.387614879129818,wait:0.000000
39,219:30,219,no_addition,False,0.0,0.0,0.0,0.0,0.0,0.0,0.0,0.0,0.0,0.0,0.3752902680647157,0.2554602095816274,0.2189030648837487,0.1653723697381658,wait:0.000000
39,221:12,221,no_addition,False,0.0,0.0,0.0,0.0,0.0,0.0,0.0,0.0,1.0,0.0,0.4497235747418107,0.36221451903550406,0.309422400651154,0.2701802264111867,wait:0.000000
39,223:36,223,e,False,0.0,0.0,0.0,0.0,0.0,0.0,0.0,0.0,1.0,1.0,0.27408932591805646,0.4564614860193994,0.3980764321907358,0.23046662342288557,wait:0.000000;d:-0.151307;e:0.180497;d+e:-0.092223
39,227:0,227,no_addition,False,0.0,0.0,0.0,0.0,0.0,0.0,0.0,0.0,1.0,0.0,0.21252970006963917,0.47420316210613983,0.28280812642659486,0.19354397946438265,wait:0.000000;d:-0.091462
39,230:24,230,no_addition,False,0.3333333333333333,0.0,0.3333333333333333,0.0,0.3333333333333333,0.0,0.0,0.0,1.0,0.0,0.21259604598067658,0.6201557140712746,0.3168002555405685,0.2584575639361246,wait:0.000000;d:-0.125395
39,231:36,231,d,False,0.0,0.0,0.0,0.0,0.0,0.0,0.0,0.0,0.0,0.0,0.7842242737997023,0.5604957527389772,0.25578729250303844,0.3627356548725506,wait:0.000000;d:0.450269;e:0.141892;d+e:0.215866
40,5:6,5,no_addition,False,0.02857142857142857,0.02857142857142857,0.0,0.02857142857142857,0.02857142857142857,0.02857142857142857,1.0,2.0,4.0,1.0,0.3182955845920552,0.6019355821959693,0.1852133071321838,0.433845016108466,wait:0.000000
40,16:30,16,no_addition,False,0.0,0.1,0.0,0.1,0.0,0.1,0.0,0.0,2.0,1.0,0.341157414125389,0.2204759236095391,0.2728978281068709,0.3480683363463643,wait:0.000000
40,17:30,17,no_addition,False,0.1111111111111111,0.0,0.08333333333333333,0.0,0.1111111111111111,0.0,1.0,1.0,3.0,1.0,0.5080968453128901,0.5310587409164124,0.3844710012890689,0.19506039435618563,wait:0.000000
40,18:30,18,no_addition,False,0.0,0.0625,0.0,0.0625,0.0,0.0625,1.0,0.0,1.0,1.0,0.6737571316438802,0.22127239054154096,0.32218590380534096,0.3172773009022122,wait:0.000000;e:-0.138060
40,22:12,22,no_addition,False,0.0,0.0,0.0,0.0,0.0,0.0,0.0,0.0,3.0,1.0,0.14159154842543847,0.5267773685722134,0.18691678094765152,0.31450094045556126,wait:0.000000
40,23:24,23,no_addition,False,0.06666666666666667,0.0,0.0,0.0,0.06666666666666667,0.0,1.0,0.0,1.0,0.0,0.6042608504620028,0.4719692483929704,0.3253645454843242,0.35952554001985937,wait:0.000000
40,27:36,27,no_addition,False,0.043478260869565216,0.08695652173913043,0.043478260869565216,0.08695652173913043,0.043478260869565216,0.08695652173913043,0.0,0.0,0.0,0.0,0.4259676036441362,0.7144330381749335,0.2961862448981369,0.19089305614918453,wait:0.397170
40,28:24,28,no_addition,False,0.043478260869565216,0.043478260869565216,0.0,0.043478260869565216,0.043478260869565216,0.043478260869565216,4.0,0.0,3.0,0.0,0.43300390177959647,0.30470514648477953,0.21868619208030343,0.32830996996495704,wait:0.000000;e:-0.073976
40,34:6,34,no_addition,False,0.0,0.037037037037037035,0.0,0.0,0.0,0.037037037037037035,2.0,0.0,5.0,2.0,0.29370352241552944,0.2838798765011888,0.41646186055116163,0.259132452298022,wait:0.000000
40,36:0,36,no_addition,False,0.08695652173913043,0.043478260869565216,0.08695652173913043,0.043478260869565216,0.08695652173913043,0.043478260869565216,0.0,0.0,4.0,0.0,0.3132797763017145,0.3836680873249898,0.40157530179240003,0.4153570544640784,wait:0.000000
40,40:6,40,no_addition,False,0.0,0.0,0.0,0.0,0.0,0.0,0.0,0.0,1.0,0.0,0.2989391500262595,0.48198530675722817,0.40979428068998186,0.24866690722000864,wait:0.000000;d:-0.160652
40,42:0,42,no_addition,False,0.0,0.0,0.0,0.0,0.0,0.0,0.0,0.0,1.0,1.0,0.4071022545359229,0.1625907032458429,0.3370247532265757,0.2534510171764107,wait:0.000000;e:-0.127067
40,47:36,47,no_addition,False,0.0,0.0,0.0,0.0,0.0,0.0,1.0,0.0,2.0,0.0,0.43597038617050254,0.37419668178960197,0.26250270115202495,0.34677176322672726,wait:0.000000;e:-0.029873
40,50:24,50,no_addition,False,0.0,0.0,0.0,0.0,0.0,0.0,1.0,0.0,1.0,0.0,0.5576045396053998,0.33208155967941855,0.2661547469837424,0.44946089757694324,wait:0.000000;e:-0.170480
40,55:0,55,no_addition,False,0.0,0.0,0.0,0.0,0.0,0.0,1.0,0.0,2.0,0.0,0.40163322317908273,0.5774854911041873,0.27604848689772193,0.21149207820782978,wait:0.000000
40,57:18,57,no_addition,False,0.0,0.0,0.0,0.0,0.0,0.0,0.0,0.0,0.0,0.0,0.27034023176218397,0.24647266114050143,0.3472400286318625,0.32934013747717866,wait:0.000000
40,58:0,58,no_addition,False,0.09090909090909091,0.0,0.09090909090909091,0.0,0.09090909090909091,0.0,0.0,0.0,1.0,1.0,0.5101585836098503,0.22182246306368564,0.22499585055215188,0.25204918347217453,wait:0.000000
40,59:36,59,no_addition,False,0.0,0.0,0.0,0.0,0.0,0.0,0.0,0.0,0.0,0.0,0.6836481830001345,0.7644130575124075,0.18865587008690207,0.2654424298365809,wait:0.712734
40,66:36,66,no_addition,False,0.0,0.0,0.0,0.0,0.0,0.0,2.0,0.0,3.0,3.0,0.48678406273925223,0.11490632806636139,0.35202499334846415,0.26907731313463046,wait:0.000000;e:-0.185624
40,69:30,69,no_addition,False,0.0,0.0,0.0,0.0,0.0,0.0,0.0,0.0,1.0,1.0,0.2221802306094799,0.3013065238526594,0.24663404840115602,0.2942416708512183,wait:0.000000;d:-0.066600
40,79:24,79,no_addition,False,0.0,0.1,0.0,0.05,0.0,0.1,2.0,1.0,3.0,2.0,0.3450257691454046,0.35284484018493306,0.23897090931600617,0.2920735817314221,wait:0.000000
40,84:30,84,no_addition,False,0.0,0.0,0.0,0.0,0.0,0.0,2.0,1.0,2.0,0.0,0.6016040319983553,0.5961200056687408,0.23631765283767825,0.26391723968627046,wait:0.000000
40,87:18,87,no_addition,False,0.0,0.0,0.0,0.0,0.0,0.0,1.0,0.0,1.0,2.0,0.5757817120024694,0.18505325073439124,0.20279804993293035,0.35065675570046845,wait:0.000000;e:-0.204049
40,88:24,88,no_addition,False,0.0,0.16666666666666666,0.0,0.16666666666666666,0.0,0.16666666666666666,0.0,0.0,1.0,0.0,0.15889759435125067,0.4339584147888384,0.39659420517047966,0.36063232327111433,wait:0.000000
40,93:24,93,no_addition,False,0.0,0.09090909090909091,0.0,0.09090909090909091,0.0,0.09090909090909091,0.0,0.0,2.0,1.0,0.19424652180937857,0.34343101513832097,0.30315833026947697,0.4066144104121977,wait:0.000000;d:-0.128273;e:-0.097415;d+e:-0.299763
40,94:18,94,no_addition,False,0.15384615384615385,0.0,0.15384615384615385,0.0,0.15384615384615385,0.0,0.0,0.0,0.0,1.0,0.2637070086392537,0.40369358906453995,0.21130127004528027,0.38576636836737893,wait:0.000000
40,95:6,95,no_addition,False,0.0,0.18181818181818182,0.0,0.18181818181818182,0.0,0.18181818181818182,0.0,0.0,3.0,1.0,0.12945933686544756,0.19136601723325086,0.3797239704460827,0.2554732654807339,wait:0.000000;d:-0.283169
40,97:24,97,no_addition,False,0.0,0.0,0.0,0.0,0.0,0.0,0.0,1.0,0.0,0.0,0.31952925458877096,0.7195603883300699,0.30224413357827734,0.19373823302790918,wait:0.000000
40,106:36,106,no_addition,False,0.0,0.0,0.0,0.0,0.0,0.0,2.0,0.0,2.0,1.0,0.47342229925350965,0.18935037582352687,0.43743369014725625,0.27225987399715035,wait:0.000000;d:-0.011200
40,107:18,107,no_addition,False,0.0,0.0,0.0,0.0,0.0,0.0,0.0,0.0,0.0,0.0,0.2729552866978575,0.3602509043392173,0.3467836357187902,0.3787669519245653,wait:0.000000;d:-0.101035
40,108:0,108,no_addition,False,0.125,0.0,0.125,0.0,0.125,0.0,0.0,0.0,1.0,2.0,0.2490103142311943,0.33515148821059454,0.394987387756381,0.34700663599438875,wait:0.000000;d:-0.190797
40,117:12,117,no_addition,False,0.0,0.0,0.0,0.0,0.0,0.0,0.0,0.0,0.0,0.0,0.7725694518870738,0.5462544645848304,0.22248103607028888,0.2401405260341156,wait:0.000000
40,124:36,124,no_addition,False,0.08333333333333333,0.0,0.08333333333333333,0.0,0.08333333333333333,0.0,1.0,0.0,1.0,2.0,0.6285958196150037,0.43426804941221375,0.28269525967027936,0.4403262542165151,wait:0.000000;e:-0.069344
40,125:0,125,no_addition,False,0.0,0.0,0.0,0.0,0.0,0.0,0.0,0.0,1.0,1.0,0.2354813323992468,0.34874461770778453,0.3253573236434573,0.3975528526902157,wait:0.000000
40,131:12,131,no_addition,False,0.0,0.0,0.0,0.0,0.0,0.0,0.0,0.0,0.0,0.0,0.3563602311849474,0.5871447970231283,0.37985692616415667,0.3889506118451608,wait:0.000000;d:-0.079017
40,149:30,149,no_addition,False,0.0,0.0,0.0,0.0,0.0,0.0,0.0,0.0,0.0,0.0,0.2713909454604943,0.6541471651235125,0.19879566477615832,0.2377602708974282,wait:0.000000
40,153:6,153,no_addition,False,0.0,0.0,0.0,0.0,0.0,0.0,0.0,0.0,0.0,0.0,0.49527004045165035,0.7227862591583962,0.25663317833606647,0.3716738497836488,wait:0.000000
40,159:0,159,no_addition,False,0.0,0.0,0.0,0.0,0.0,0.0,0.0,0.0,1.0,1.0,0.5474312548271205,0.5281561931670856,0.3379496723410936,0.4064367469037631,wait:0.000000
40,164:30,164,no_addition,False,0.0,0.0,0.0,0.0,0.0,0.0,0.0,0.0,1.0,1.0,0.28800537381185065,0.16331353911497792,0.2900040903492713,0.4084117408635823,wait:0.000000;e:-0.281377
40,168:0,168,no_addition,False,0.0,0.0,0.0,0.0,0.0,0.0,0.0,0.0,2.0,2.0,0.1755780482129814,0.4288123546424598,0.2124602298368124,0.3434550845162469,wait:0.000000
40,170:0,170,no_addition,False,0.0,0.0,0.0,0.0,0.0,0.0,2.0,0.0,1.0,0.0,0.5797355025815074,0.4051155287561089,0.3137915355224336,0.3714260410134784,wait:0.000000
40,176:6,176,no_addition,False,0.16666666666666666,0.0,0.16666666666666666,0.0,0.16666666666666666,0.0,0.0,0.0,0.0,0.0,0.4992966896067701,0.7367207112421665,0.2867832821101617,0.19039524472284738,wait:0.000000
40,178:0,178,no_addition,False,0.0,0.14285714285714285,0.0,0.14285714285714285,0.0,0.14285714285714285,1.0,0.0,0.0,0.0,0.4732639665844527,0.6128680806839006,0.30242028894009604,0.25494201983542947,wait:0.000000
40,181:12,181,no_addition,False,0.0,0.0,0.0,0.0,0.0,0.0,0.0,0.0,1.0,1.0,0.5562448725344759,0.2951359056296911,0.39624013053372786,0.3667363039972709,wait:0.000000
40,182:36,182,no_addition,False,0.1111111111111111,0.0,0.0,0.0,0.1111111111111111,0.0,1.0,0.0,1.0,0.0,0.4343882597790399,0.7245626961659868,0.3322870630310344,0.30938004879238773,wait:0.405021
40,184:12,184,no_addition,False,0.14285714285714285,0.0,0.14285714285714285,0.0,0.14285714285714285,0.0,1.0,1.0,0.0,0.0,0.5441898131361663,0.5096081459085375,0.3234421067236228,0.29829461350477027,wait:0.000000
40,187:6,187,no_addition,False,0.0,0.0,0.0,0.0,0.0,0.0,1.0,0.0,1.0,0.0,0.39270914415070635,0.5554585001628527,0.362124988748831,0.3298573274808079,wait:0.000000
40,197:24,197,no_addition,False,0.16666666666666666,0.0,0.0,0.0,0.16666666666666666,0.0,0.0,0.0,1.0,0.0,0.306562898358019,0.56166766570625,0.1903195671856182,0.34557495756149265,wait:0.000000
40,199:6,199,no_addition,False,0.0,0.0,0.0,0.0,0.0,0.0,1.0,0.0,1.0,1.0,0.4476610693057633,0.5300935850297215,0.33328785511729253,0.39501652679189125,wait:0.000000
40,201:0,201,no_addition,False,0.0,0.0,0.0,0.0,0.0,0.0,0.0,0.0,0.0,0.0,0.2468416151391679,0.3791861288622632,0.20072772104470216,0.20987555220806772,wait:0.000000
40,202:24,202,no_addition,False,0.0,0.0,0.0,0.0,0.0,0.0,0.0,0.0,1.0,0.0,0.5045428445156837,0.21672926048736668,0.28961011207828935,0.25946474351074944,wait:0.000000;e:-0.084338
40,203:18,203,no_addition,False,0.0,0.0,0.0,0.0,0.0,0.0,0.0,0.0,0.0,0.0,0.6998933756450564,0.5135264455480919,0.411197420235476,0.35280032812438555,wait:0.000000
40,207:0,207,no_addition,False,0.0,0.14285714285714285,0.0,0.14285714285714285,0.0,0.14285714285714285,0.0,0.0,0.0,0.0,0.6384098086343788,0.4328621151935302,0.22389468572080504,0.4005758577642238,wait:0.000000
40,208:18,208,no_addition,False,0.0,0.0,0.0,0.0,0.0,0.0,0.0,1.0,0.0,0.0,0.31157911934780236,0.7703618039908129,0.3859596365912661,0.34099353141222527,wait:0.000000
40,210:30,210,no_addition,False,0.0,0.0,0.0,0.0,0.0,0.0,1.0,0.0,0.0,1.0,0.44475952672854147,0.5054272613335347,0.2334915451941302,0.4483397378262869,wait:0.000000
40,214:6,214,no_addition,False,0.0,0.0,0.0,0.0,0.0,0.0,0.0,0.0,0.0,0.0,0.6973777556884364,0.6322656244963211,0.443590841096819,0.2925123474407271,wait:0.000000
40,215:24,215,no_addition,False,0.16666666666666666,0.0,0.16666666666666666,0.0,0.16666666666666666,0.0,1.0,0.0,0.0,0.0,0.5210420859453333,0.37994453684031615,0.41859840216495303,0.2810765607108209,wait:0.000000
40,216:30,216,d,False,0.0,0.0,0.0,0.0,0.0,0.0,1.0,0.0,0.0,0.0,0.5223037862230111,0.37755529813170224,0.3716142051303562,0.3663120173657725,wait:0.000000;d:0.098629;e:-0.026390;d+e:-0.107607
40,218:0,218,no_addition,False,0.0,0.0,0.0,0.0,0.0,0.0,0.0,1.0,1.0,0.0,0.38349324434518917,0.7867793646972321,0.22402292046599662,0.387614879129818,wait:0.000000
40,219:30,219,no_addition,False,0.0,0.0,0.0,0.0,0.0,0.0,0.0,0.0,0.0,0.0,0.3752902680647157,0.2554602095816274,0.2189030648837487,0.1653723697381658,wait:0.000000
40,221:12,221,no_addition,False,0.0,0.0,0.0,0.0,0.0,0.0,0.0,0.0,1.0,0.0,0.4497235747418107,0.36221451903550406,0.309422400651154,0.2701802264111867,wait:0.000000
40,227:0,227,no_addition,False,0.0,0.0,0.0,0.0,0.0,0.0,0.0,0.0,1.0,0.0,0.21252970006963917,0.47420316210613983,0.28280812642659486,0.19354397946438265,wait:0.000000;d:-0.091462
40,230:24,230,no_addition,False,0.16666666666666666,0.0,0.0,0.0,0.16666666666666666,0.0,1.0,0.0,2.0,0.0,0.3170397504133887,0.6201557140712746,0.3281145503813031,0.2584575639361246,wait:0.000000;d:-0.042676
40,233:36,233,no_addition,False,0.0,0.0,0.0,0.0,0.0,0.0,1.0,0.0,1.0,1.0,0.3730093791686039,0.3961549763047208,0.3661647897859952,0.15654664075523303,wait:0.000000;d:-0.050335
41,5:6,5,no_addition,False,0.0,0.02857142857142857,0.0,0.02857142857142857,0.0,0.02857142857142857,1.0,1.0,4.0,1.0,0.3182955845920552,0.529384271486512,0.18627775142604694,0.433845016108466,wait:0.000000
41,16:30,16,no_addition,False,0.0,0.1,0.0,0.05,0.0,0.1,0.0,0.0,2.0,2.0,0.341157414125389,0.18897936309389063,0.2728978281068709,0.3480683363463643,wait:0.000000
41,17:30,17,no_addition,False,0.08333333333333333,0.0,0.08333333333333333,0.0,0.08333333333333333,0.0,1.0,1.0,3.0,1.0,0.5080968453128901,0.5310587409164124,0.38665549561457496,0.19506039435618563,wait:0.000000
41,18:30,18,no_addition,False,0.0,0.0625,0.0,0.0,0.0,0.0625,1.0,0.0,1.0,2.0,0.6737571316438802,0.18966204903560657,0.32218590380534096,0.3172773009022122,wait:0.000000;e:-0.166520
41,22:12,22,no_addition,False,0.0,0.0,0.0,0.0,0.0,0.0,0.0,0.0,3.0,1.0,0.14159154842543847,0.5267773685722134,0.18691678094765152,0.31450094045556126,wait:0.000000
41,23:24,23,no_addition,False,0.0,0.0,0.0,0.0,0.0,0.0,0.0,0.0,1.0,0.0,0.4716376588723366,0.4719692483929704,0.3297613636665448,0.35952554001985937,wait:0.000000
41,27:36,27,no_addition,False,0.043478260869565216,0.08695652173913043,0.043478260869565216,0.043478260869565216,0.043478260869565216,0.08695652173913043,0.0,0.0,0.0,1.0,0.4259676036441362,0.5001031267224535,0.2961862448981369,0.19089305614918453,wait:0.411317
41,28:24,28,no_addition,False,0.0,0.043478260869565216,0.0,0.043478260869565216,0.0,0.043478260869565216,4.0,0.0,3.0,0.0,0.43300390177959647,0.30470514648477953,0.2206044920108324,0.32830996996495704,wait:0.000000;e:-0.073976
41,34:6,34,no_addition,False,0.0,0.0,0.0,0.0,0.0,0.0,2.0,0.0,5.0,2.0,0.29370352241552944,0.2838798765011888,0.41646186055116163,0.2610662765689028,wait:0.000000
41,36:0,36,no_addition,False,0.08695652173913043,0.043478260869565216,0.08695652173913043,0.043478260869565216,0.08695652173913043,0.043478260869565216,0.0,0.0,4.0,0.0,0.3132797763017145,0.3836680873249898,0.40157530179240003,0.4153570544640784,wait:0.000000
41,40:6,40,no_addition,False,0.0,0.0,0.0,0.0,0.0,0.0,0.0,0.0,0.0,0.0,0.42705592860894204,0.48198530675722817,0.40979428068998186,0.24866690722000864,wait:0.000000;d:-0.045305
41,42:0,42,no_addition,False,0.0,0.0,0.0,0.0,0.0,0.0,0.0,0.0,1.0,1.0,0.4071022545359229,0.1625907032458429,0.3370247532265757,0.2534510171764107,wait:0.000000;e:-0.127067
41,47:36,47,no_addition,False,0.0,0.0,0.0,0.0,0.0,0.0,1.0,0.0,2.0,0.0,0.43597038617050254,0.37419668178960197,0.26250270115202495,0.34677176322672726,wait:0.000000;e:-0.029873
41,50:24,50,no_addition,False,0.0,0.0,0.0,0.0,0.0,0.0,0.0,0.0,1.0,0.0,0.41720529620629976,0.33208155967941855,0.2661547469837424,0.44946089757694324,wait:0.000000;e:-0.170480
41,55:0,55,no_addition,False,0.0,0.0,0.0,0.0,0.0,0.0,0.0,0.0,2.0,0.0,0.27450897074081754,0.5774854911041873,0.27604848689772193,0.21149207820782978,wait:0.000000
41,57:18,57,no_addition,False,0.0,0.0,0.0,0.0,0.0,0.0,0.0,0.0,0.0,0.0,0.27034023176218397,0.24647266114050143,0.3472400286318625,0.32934013747717866,wait:0.000000
41,58:0,58,no_addition,False,0.09090909090909091,0.0,0.09090909090909091,0.0,0.09090909090909091,0.0,0.0,0.0,1.0,1.0,0.5101585836098503,0.22182246306368564,0.22499585055215188,0.25204918347217453,wait:0.000000
41,59:36,59,no_addition,False,0.0,0.0,0.0,0.0,0.0,0.0,0.0,0.0,0.0,0.0,0.6836481830001345,0.7644130575124075,0.18865587008690207,0.2654424298365809,wait:0.738121
41,66:36,66,no_addition,False,0.0,0.0,0.0,0.0,0.0,0.0,2.0,0.0,3.0,3.0,0.48678406273925223,0.11490632806636139,0.35202499334846415,0.26907731313463046,wait:0.000000;e:-0.185624
41,69:30,69,no_addition,False,0.0,0.0,0.0,0.0,0.0,0.0,0.0,0.0,1.0,1.0,0.2221802306094799,0.3013065238526594,0.24663404840115602,0.2942416708512183,wait:0.000000;d:-0.066600
41,79:24,79,no_addition,False,0.0,0.05,0.0,0.0,0.0,0.05,2.0,1.0,3.0,3.0,0.3450257691454046,0.3117805761748458,0.23897090931600617,0.29505392440215095,wait:0.000000
41,84:30,84,no_addition,False,0.0,0.0,0.0,0.0,0.0,0.0,2.0,1.0,2.0,0.0,0.6016040319983553,0.5961200056687408,0.23631765283767825,0.26391723968627046,wait:0.000000
41,87:18,87,no_addition,False,0.0,0.0,0.0,0.0,0.0,0.0,1.0,0.0,1.0,2.0,0.5757817120024694,0.18505325073439124,0.20279804993293035,0.35065675570046845,wait:0.000000;e:-0.204049
41,88:24,88,no_addition,False,0.0,0.16666666666666666,0.0,0.08333333333333333,0.0,0.16666666666666666,0.0,0.0,1.0,1.0,0.15889759435125067,0.30377089035218685,0.39659420517047966,0.36063232327111433,wait:0.000000
41,93:24,93,no_addition,False,0.0,0.09090909090909091,0.0,0.09090909090909091,0.0,0.09090909090909091,0.0,0.0,2.0,1.0,0.19424652180937857,0.34343101513832097,0.30315833026947697,0.4066144104121977,wait:0.000000;d:-0.128273;e:-0.097415;d+e:-0.299763
41,94:18,94,no_addition,False,0.15384615384615385,0.0,0.15384615384615385,0.0,0.15384615384615385,0.0,0.0,0.0,0.0,1.0,0.2637070086392537,0.40369358906453995,0.21130127004528027,0.38576636836737893,wait:0.000000
41,95:6,95,no_addition,False,0.0,0.18181818181818182,0.0,0.09090909090909091,0.0,0.18181818181818182,0.0,0.0,3.0,2.0,0.12945933686544756,0.1640280147713579,0.3797239704460827,0.2554732654807339,wait:0.000000;d:-0.283169
41,97:24,97,no_addition,False,0.0,0.0,0.0,0.0,0.0,0.0,0.0,0.0,0.0,0.0,0.31952925458877096,0.5993719833286713,0.30224413357827734,0.19373823302790918,wait:0.000000
41,106:36,106,no_addition,False,0.0,0.0,0.0,0.0,0.0,0.0,2.0,0.0,2.0,1.0,0.47342229925350965,0.18935037582352687,0.43743369014725625,0.27225987399715035,wait:0.000000;d:-0.011200
41,107:18,107,no_addition,False,0.0,0.0,0.0,0.0,0.0,0.0,0.0,0.0,0.0,0.0,0.2729552866978575,0.3602509043392173,0.3467836357187902,0.3787669519245653,wait:0.000000;d:-0.101035
41,108:0,108,no_addition,False,0.125,0.0,0.125,0.0,0.125,0.0,0.0,0.0,1.0,2.0,0.2490103142311943,0.33515148821059454,0.394987387756381,0.34700663599438875,wait:0.000000;d:-0.190797
41,117:12,117,no_addition,False,0.0,0.0,0.0,0.0,0.0,0.0,0.0,0.0,0.0,0.0,0.7725694518870738,0.5462544645848304,0.22248103607028888,0.2401405260341156,wait:0.000000
41,124:36,124,no_addition,False,0.08333333333333333,0.0,0.08333333333333333,0.0,0.08333333333333333,0.0,1.0,0.0,1.0,2.0,0.6285958196150037,0.43426804941221375,0.28269525967027936,0.4403262542165151,wait:0.000000;e:-0.069344
41,125:0,125,no_addition,False,0.0,0.0,0.0,0.0,0.0,0.0,0.0,0.0,1.0,1.0,0.2354813323992468,0.34874461770778453,0.3253573236434573,0.3975528526902157,wait:0.000000
41,130:36,130,no_addition,False,0.0,0.0,0.0,0.0,0.0,0.0,0.0,0.0,2.0,1.0,0.4367858318107173,0.4176125845147967,0.4230493057485234,0.17740609687068634,wait:0.000000;d:-0.049800
41,131:12,131,no_addition,False,0.0,0.0,0.0,0.0,0.0,0.0,0.0,0.0,0.0,0.0,0.3563602311849474,0.5871447970231283,0.37985692616415667,0.3889506118451608,wait:0.000000;d:-0.079017
41,149:30,149,no_addition,False,0.0,0.0,0.0,0.0,0.0,0.0,0.0,0.0,0.0,0.0,0.2713909454604943,0.6541471651235125,0.19879566477615832,0.2377602708974282,wait:0.000000
41,153:6,153,no_addition,False,0.0,0.0,0.0,0.0,0.0,0.0,0.0,0.0,0.0,0.0,0.49527004045165035,0.7227862591583962,0.25663317833606647,0.3716738497836488,wait:0.000000
41,154:36,154,no_addition,False,0.0,0.0,0.0,0.0,0.0,0.0,1.0,0.0,0.0,0.0,0.7802871224477002,0.5885642396252133,0.18289054626186424,0.24507216669016907,wait:0.753449;e:0.619024
41,159:0,159,no_addition,False,0.0,0.0,0.0,0.0,0.0,0.0,0.0,0.0,1.0,1.0,0.5474312548271205,0.5281561931670856,0.3379496723410936,0.4064367469037631,wait:0.000000
41,164:30,164,no_addition,False,0.0,0.0,0.0,0.0,0.0,0.0,0.0,0.0,1.0,1.0,0.28800537381185065,0.16331353911497792,0.2900040903492713,0.4084117408635823,wait:0.000000;e:-0.281377
41,168:0,168,no_addition,False,0.0,0.0,0.0,0.0,0.0,0.0,0.0,0.0,2.0,2.0,0.1755780482129814,0.4288123546424598,0.2124602298368124,0.3434550845162469,wait:0.000000
41,170:0,170,no_addition,False,0.0,0.0,0.0,0.0,0.0,0.0,2.0,0.0,1.0,0.0,0.5797355025815074,0.4051155287561089,0.3137915355224336,0.3714260410134784,wait:0.000000
41,176:6,176,no_addition,False,0.16666666666666666,0.0,0.16666666666666666,0.0,0.16666666666666666,0.0,0.0,0.0,0.0,0.0,0.4992966896067701,0.7367207112421665,0.2867832821101617,0.19039524472284738,wait:0.000000
41,178:0,178,no_addition,False,0.0,0.14285714285714285,0.0,0.14285714285714285,0.0,0.14285714285714285,1.0,0.0,0.0,0.0,0.4732639665844527,0.6128680806839006,0.30242028894009604,0.25494201983542947,wait:0.000000
41,181:12,181,no_addition,False,0.0,0.0,0.0,0.0,0.0,0.0,0.0,0.0,1.0,1.0,0.5562448725344759,0.2951359056296911,0.39624013053372786,0.3667363039972709,wait:0.000000
41,182:36,182,no_addition,False,0.0,0.0,0.0,0.0,0.0,0.0,1.0,0.0,1.0,0.0,0.4343882597790399,0.7245626961659868,0.3398390417362852,0.30938004879238773,wait:0.419448
41,184:12,184,no_addition,False,0.14285714285714285,0.0,0.14285714285714285,0.0,0.14285714285714285,0.0,1.0,1.0,0.0,0.0,0.5441898131361663,0.5096081459085375,0.3234421067236228,0.29829461350477027,wait:0.000000
41,187:6,187,no_addition,False,0.0,0.0,0.0,0.0,0.0,0.0,1.0,0.0,1.0,0.0,0.39270914415070635,0.5554585001628527,0.362124988748831,0.3298573274808079,wait:0.000000
41,197:24,197,no_addition,False,0.0,0.0,0.0,0.0,0.0,0.0,0.0,0.0,1.0,0.0,0.306562898358019,0.56166766570625,0.19688231088167402,0.34557495756149265,wait:0.000000
41,199:6,199,no_addition,False,0.0,0.0,0.0,0.0,0.0,0.0,1.0,0.0,1.0,1.0,0.4476610693057633,0.5300935850297215,0.33328785511729253,0.39501652679189125,wait:0.000000
41,201:0,201,no_addition,False,0.0,0.0,0.0,0.0,0.0,0.0,0.0,0.0,0.0,0.0,0.2468416151391679,0.3791861288622632,0.20072772104470216,0.20987555220806772,wait:0.000000
41,202:24,202,no_addition,False,0.0,0.0,0.0,0.0,0.0,0.0,0.0,0.0,1.0,0.0,0.5045428445156837,0.21672926048736668,0.28961011207828935,0.25946474351074944,wait:0.000000;e:-0.084338
41,203:18,203,no_addition,False,0.0,0.0,0.0,0.0,0.0,0.0,0.0,0.0,0.0,0.0,0.6998933756450564,0.5135264455480919,0.411197420235476,0.35280032812438555,wait:0.000000
41,207:0,207,no_addition,False,0.0,0.14285714285714285,0.0,0.14285714285714285,0.0,0.14285714285714285,0.0,0.0,0.0,0.0,0.6384098086343788,0.4328621151935302,0.22389468572080504,0.4005758577642238,wait:0.000000
41,208:18,208,no_addition,False,0.0,0.0,0.0,0.0,0.0,0.0,0.0,1.0,0.0,0.0,0.31157911934780236,0.7703618039908129,0.3859596365912661,0.34099353141222527,wait:0.000000
41,210:30,210,no_addition,False,0.0,0.0,0.0,0.0,0.0,0.0,1.0,0.0,0.0,1.0,0.44475952672854147,0.5054272613335347,0.2334915451941302,0.4483397378262869,wait:0.000000
41,214:6,214,no_addition,False,0.0,0.0,0.0,0.0,0.0,0.0,0.0,0.0,0.0,0.0,0.6973777556884364,0.6322656244963211,0.443590841096819,0.2925123474407271,wait:0.000000
41,215:24,215,no_addition,False,0.16666666666666666,0.0,0.16666666666666666,0.0,0.16666666666666666,0.0,1.0,0.0,0.0,0.0,0.5210420859453333,0.37994453684031615,0.41859840216495303,0.2810765607108209,wait:0.000000
41,218:0,218,no_addition,False,0.0,0.0,0.0,0.0,0.0,0.0,0.0,0.0,1.0,0.0,0.38349324434518917,0.6953990924246174,0.22402292046599662,0.387614879129818,wait:0.000000
41,219:30,219,no_addition,False,0.0,0.0,0.0,0.0,0.0,0.0,0.0,0.0,0.0,0.0,0.3752902680647157,0.2554602095816274,0.2189030648837487,0.1653723697381658,wait:0.000000
41,221:12,221,no_addition,False,0.0,0.0,0.0,0.0,0.0,0.0,0.0,0.0,1.0,0.0,0.4497235747418107,0.36221451903550406,0.309422400651154,0.2701802264111867,wait:0.000000
41,224:36,224,no_addition,False,0.16666666666666666,0.0,0.16666666666666666,0.0,0.16666666666666666,0.0,0.0,0.0,2.0,2.0,0.13768458979724676,0.3341076504358636,0.21374491068556215,0.2346933860024937,wait:0.000000;d:-0.109784
41,227:0,227,no_addition,False,0.0,0.0,0.0,0.0,0.0,0.0,0.0,0.0,1.0,0.0,0.21252970006963917,0.47420316210613983,0.28280812642659486,0.19354397946438265,wait:0.000000;d:-0.091462
41,230:24,230,no_addition,False,0.0,0.0,0.0,0.0,0.0,0.0,1.0,0.0,2.0,0.0,0.3170397504133887,0.6201557140712746,0.3394288452220377,0.2584575639361246,wait:0.000000;d:-0.053990
41,233:36,233,no_addition,False,0.0,0.0,0.0,0.0,0.0,0.0,1.0,0.0,1.0,1.0,0.3730093791686039,0.3961549763047208,0.3661647897859952,0.15654664075523303,wait:0.000000;d:-0.050335
42,5:6,5,no_addition,False,0.0,0.02857142857142857,0.0,0.0,0.0,0.02857142857142857,1.0,1.0,3.0,2.0,0.3470274079757374,0.45193558219596935,0.18627775142604694,0.433845016108466,wait:0.000000
42,8:42,8,e,False,0.016129032258064516,0.016129032258064516,0.0,0.016129032258064516,0.016129032258064516,0.016129032258064516,6.0,1.0,6.0,5.0,0.3772128997194909,0.3674123298423152,0.4415690133473186,0.32454049269799173,wait:0.000000;d:-0.101955;e:0.006250;d+e:-0.228046
42,16:30,16,no_addition,False,0.0,0.05,0.0,0.0,0.0,0.05,0.0,0.0,2.0,3.0,0.341157414125389,0.17323108283606642,0.2728978281068709,0.35162005406418434,wait:0.000000
42,17:30,17,no_addition,False,0.08333333333333333,0.0,0.027777777777777776,0.0,0.08333333333333333,0.0,1.0,1.0,5.0,1.0,0.4482223280395128,0.5310587409164124,0.38665549561457496,0.19506039435618563,wait:0.000000
42,18:30,18,no_addition,False,0.0,0.0,0.0,0.0,0.0,0.0,1.0,0.0,1.0,2.0,0.6737571316438802,0.18966204903560657,0.32218590380534096,0.32129346926806296,wait:0.000000;e:-0.170536
42,22:12,22,no_addition,False,0.0,0.0,0.0,0.0,0.0,0.0,0.0,0.0,3.0,1.0,0.14159154842543847,0.5267773685722134,0.18691678094765152,0.31450094045556126,wait:0.000000
42,23:24,23,no_addition,False,0.0,0.0,0.0,0.0,0.0,0.0,0.0,0.0,1.0,0.0,0.4716376588723366,0.4719692483929704,0.3297613636665448,0.35952554001985937,wait:0.000000
42,27:36,27,no_addition,False,0.043478260869565216,0.043478260869565216,0.043478260869565216,0.0,0.043478260869565216,0.043478260869565216,0.0,0.0,0.0,2.0,0.4259676036441362,0.4286598229049601,0.2961862448981369,0.1925823752301508,wait:0.000000
42,28:24,28,no_addition,False,0.0,0.043478260869565216,0.0,0.0,0.0,0.043478260869565216,3.0,0.0,3.0,1.0,0.39314684693251967,0.21329360253934568,0.2206044920108324,0.32830996996495704,wait:0.000000;e:-0.156277
42,34:6,34,no_addition,False,0.0,0.0,0.0,0.0,0.0,0.0,2.0,0.0,5.0,2.0,0.29370352241552944,0.2838798765011888,0.41646186055116163,0.2610662765689028,wait:0.000000
42,36:0,36,no_addition,False,0.08695652173913043,0.043478260869565216,0.043478260869565216,0.043478260869565216,0.08695652173913043,0.043478260869565216,0.0,0.0,5.0,0.0,0.30123055413626393,0.3836680873249898,0.40157530179240003,0.4153570544640784,wait:0.000000
42,40:6,40,no_addition,False,0.0,0.0,0.0,0.0,0.0,0.0,0.0,0.0,0.0,0.0,0.42705592860894204,0.48198530675722817,0.40979428068998186,0.24866690722000864,wait:0.000000;d:-0.045305
42,42:0,42,no_addition,False,0.0,0.0,0.0,0.0,0.0,0.0,0.0,0.0,1.0,1.0,0.4071022545359229,0.1625907032458429,0.3370247532265757,0.2534510171764107,wait:0.000000;e:-0.127067
42,47:36,47,no_addition,False,0.0,0.0,0.0,0.0,0.0,0.0,1.0,0.0,2.0,0.0,0.43597038617050254,0.37419668178960197,0.26250270115202495,0.34677176322672726,wait:0.000000;e:-0.029873
42,50:24,50,no_addition,False,0.0,0.0,0.0,0.0,0.0,0.0,0.0,0.0,1.0,0.0,0.41720529620629976,0.33208155967941855,0.2661547469837424,0.44946089757694324,wait:0.000000;e:-0.170480
42,55:0,55,no_addition,False,0.0,0.0,0.0,0.0,0.0,0.0,0.0,0.0,2.0,0.0,0.27450897074081754,0.5774854911041873,0.27604848689772193,0.21149207820782978,wait:0.000000
42,57:18,57,no_addition,False,0.0,0.0,0.0,0.0,0.0,0.0,0.0,0.0,0.0,0.0,0.27034023176218397,0.24647266114050143,0.3472400286318625,0.32934013747717866,wait:0.000000
42,58:0,58,no_addition,False,0.09090909090909091,0.0,0.0,0.0,0.09090909090909091,0.0,0.0,0.0,2.0,1.0,0.4372787859513002,0.22182246306368564,0.22499585055215188,0.25204918347217453,wait:0.000000
42,59:36,59,no_addition,False,0.0,0.0,0.0,0.0,0.0,0.0,0.0,0.0,0.0,0.0,0.6836481830001345,0.7644130575124075,0.18865587008690207,0.2654424298365809,wait:0.738121
42,61:42,61,e,False,0.0,0.0,0.0,0.0,0.0,0.0,0.0,1.0,1.0,0.0,0.39951301073619944,0.7285330426047184,0.18580561164042628,0.4120812043284913,wait:0.000000;d:0.173886;e:0.243835;d+e:0.161793
42,66:36,66,no_addition,False,0.0,0.0,0.0,0.0,0.0,0.0,1.0,0.0,3.0,3.0,0.4182554252488223,0.11490632806636139,0.35202499334846415,0.26907731313463046,wait:0.000000;e:-0.185624
42,67:36,67,e,False,0.0,0.0,0.0,0.0,0.0,0.0,2.0,0.0,1.0,1.0,0.7223650069362132,0.4035113983532035,0.2185329716196229,0.28206926117262876,wait:0.000000;e:0.061222
42,69:30,69,no_addition,False,0.0,0.0,0.0,0.0,0.0,0.0,0.0,0.0,1.0,1.0,0.2221802306094799,0.3013065238526594,0.24663404840115602,0.2942416708512183,wait:0.000000;d:-0.066600
42,77:42,77,e,False,0.0,0.0,0.0,0.0,0.0,0.0,1.0,0.0,0.0,0.0,0.6441656922833027,0.6219717754372014,0.3366534083233555,0.2973670533494849,wait:0.000000;d:0.243305;e:0.262609;d+e:0.161151
42,79:24,79,no_addition,False,0.0,0.0,0.0,0.0,0.0,0.0,2.0,1.0,3.0,3.0,0.3450257691454046,0.3117805761748458,0.23897090931600617,0.2980342670728797,wait:0.000000
42,83:36,83,no_addition,False,0.0,0.0,0.0,0.0,0.0,0.0,0.0,0.0,2.0,2.0,0.46050477541980084,0.1948725504054551,0.23823259958918622,0.3571275347972728,wait:0.000000;e:-0.201679
42,84:30,84,no_addition,False,0.0,0.0,0.0,0.0,0.0,0.0,2.0,1.0,1.0,0.0,0.6824658030751836,0.5961200056687408,0.23631765283767825,0.26391723968627046,wait:0.000000
42,87:18,87,no_addition,False,0.0,0.0,0.0,0.0,0.0,0.0,1.0,0.0,1.0,2.0,0.5757817120024694,0.18505325073439124,0.20279804993293035,0.35065675570046845,wait:0.000000;e:-0.204049
42,88:24,88,no_addition,False,0.0,0.08333333333333333,0.0,0.08333333333333333,0.0,0.08333333333333333,0.0,0.0,1.0,1.0,0.15889759435125067,0.30377089035218685,0.39659420517047966,0.3668501219482025,wait:0.000000
42,93:24,93,no_addition,False,0.0,0.09090909090909091,0.0,0.09090909090909091,0.0,0.09090909090909091,0.0,0.0,2.0,1.0,0.19424652180937857,0.34343101513832097,0.30315833026947697,0.4066144104121977,wait:0.000000;d:-0.128273;e:-0.097415;d+e:-0.299763
42,94:18,94,no_addition,False,0.15384615384615385,0.0,0.07692307692307693,0.0,0.15384615384615385,0.0,0.0,0.0,1.0,1.0,0.1845949060474776,0.40369358906453995,0.21130127004528027,0.38576636836737893,wait:0.000000
42,95:6,95,no_addition,False,0.0,0.09090909090909091,0.0,0.09090909090909091,0.0,0.09090909090909091,0.0,0.0,3.0,2.0,0.12945933686544756,0.1640280147713579,0.3797239704460827,0.2602935157728232,wait:0.000000;d:-0.283169
42,97:24,97,no_addition,False,0.0,0.0,0.0,0.0,0.0,0.0,0.0,0.0,0.0,0.0,0.31952925458877096,0.5993719833286713,0.30224413357827734,0.19373823302790918,wait:0.000000
42,106:36,106,no_addition,False,0.0,0.0,0.0,0.0,0.0,0.0,2.0,0.0,2.0,1.0,0.47342229925350965,0.18935037582352687,0.43743369014725625,0.27225987399715035,wait:0.000000;d:-0.011200
42,107:18,107,no_addition,False,0.0,0.0,0.0,0.0,0.0,0.0,0.0,0.0,0.0,0.0,0.2729552866978575,0.3602509043392173,0.3467836357187902,0.3787669519245653,wait:0.000000;d:-0.101035
42,108:0,108,no_addition,False,0.125,0.0,0.0,0.0,0.125,0.0,0.0,0.0,2.0,2.0,0.21343741219816653,0.33515148821059454,0.394987387756381,0.34700663599438875,wait:0.000000;d:-0.222824
42,117:12,117,no_addition,False,0.0,0.0,0.0,0.0,0.0,0.0,0.0,0.0,0.0,0.0,0.7725694518870738,0.5462544645848304,0.22248103607028888,0.2401405260341156,wait:0.000000
42,118:42,118,d,False,0.14285714285714285,0.0,0.14285714285714285,0.0,0.14285714285714285,0.0,0.0,0.0,1.0,1.0,0.4463110241337116,0.20907728796526515,0.35876977426340073,0.32448104313922976,wait:0.000000;d:0.043055;e:-0.136244;d+e:-0.188827
42,124:36,124,no_addition,False,0.08333333333333333,0.0,0.08333333333333333,0.0,0.08333333333333333,0.0,1.0,0.0,1.0,2.0,0.6285958196150037,0.43426804941221375,0.28269525967027936,0.4403262542165151,wait:0.000000;e:-0.069344
42,125:0,125,no_addition,False,0.0,0.0,0.0,0.0,0.0,0.0,0.0,0.0,1.0,1.0,0.2354813323992468,0.34874461770778453,0.3253573236434573,0.3975528526902157,wait:0.000000
42,130:36,130,no_addition,False,0.0,0.0,0.0,0.0,0.0,0.0,0.0,0.0,2.0,1.0,0.4367858318107173,0.4176125845147967,0.4230493057485234,0.17740609687068634,wait:0.000000;d:-0.049800
42,131:12,131,no_addition,False,0.0,0.0,0.0,0.0,0.0,0.0,0.0,0.0,0.0,0.0,0.3563602311849474,0.5871447970231283,0.37985692616415667,0.3889506118451608,wait:0.000000;d:-0.079017
42,149:30,149,no_addition,False,0.0,0.0,0.0,0.0,0.0,0.0,0.0,0.0,0.0,0.0,0.2713909454604943,0.6541471651235125,0.19879566477615832,0.2377602708974282,wait:0.000000
42,153:6,153,no_addition,False,0.0,0.0,0.0,0.0,0.0,0.0,0.0,0.0,0.0,0.0,0.49527004045165035,0.7227862591583962,0.25663317833606647,0.3716738497836488,wait:0.000000
42,159:0,159,no_addition,False,0.0,0.0,0.0,0.0,0.0,0.0,0.0,0.0,1.0,1.0,0.5474312548271205,0.5281561931670856,0.3379496723410936,0.4064367469037631,wait:0.000000
42,164:30,164,no_addition,False,0.0,0.0,0.0,0.0,0.0,0.0,0.0,0.0,1.0,1.0,0.28800537381185065,0.16331353911497792,0.2900040903492713,0.4084117408635823,wait:0.000000;e:-0.281377
42,166:36,166,no_addition,False,0.1111111111111111,0.0,0.1111111111111111,0.0,0.1111111111111111,0.0,0.0,0.0,1.0,2.0,0.439033625892273,0.23259867380349097,0.35606562061488656,0.3930939441210525,wait:0.423933;e:0.131476
42,168:0,168,no_addition,False,0.0,0.0,0.0,0.0,0.0,0.0,0.0,0.0,2.0,2.0,0.1755780482129814,0.4288123546424598,0.2124602298368124,0.3434550845162469,wait:0.000000
42,170:0,170,no_addition,False,0.0,0.0,0.0,0.0,0.0,0.0,2.0,0.0,1.0,0.0,0.5797355025815074,0.4051155287561089,0.3137915355224336,0.3714260410134784,wait:0.000000
42,176:6,176,no_addition,False,0.16666666666666666,0.0,0.16666666666666666,0.0,0.16666666666666666,0.0,0.0,0.0,0.0,0.0,0.4992966896067701,0.7367207112421665,0.2867832821101617,0.19039524472284738,wait:0.000000
42,178:0,178,no_addition,False,0.0,0.14285714285714285,0.0,0.0,0.0,0.14285714285714285,1.0,0.0,0.0,1.0,0.4732639665844527,0.42900765647873046,0.30242028894009604,0.25494201983542947,wait:0.000000
42,181:12,181,no_addition,False,0.0,0.0,0.0,0.0,0.0,0.0,0.0,0.0,1.0,1.0,0.5562448725344759,0.2951359056296911,0.39624013053372786,0.3667363039972709,wait:0.000000
42,182:36,182,no_addition,False,0.0,0.0,0.0,0.0,0.0,0.0,1.0,0.0,1.0,0.0,0.4343882597790399,0.7245626961659868,0.3398390417362852,0.30938004879238773,wait:0.419448
42,183:42,183,d,False,0.16666666666666666,0.0,0.0,0.0,0.16666666666666666,0.0,1.0,0.0,1.0,1.0,0.6091400934865921,0.3688887812128361,0.23245732174787007,0.24744972533897125,wait:0.000000;d:0.315966;e:0.084670;d+e:0.198494
42,184:12,184,no_addition,False,0.14285714285714285,0.0,0.14285714285714285,0.0,0.14285714285714285,0.0,1.0,1.0,0.0,0.0,0.5441898131361663,0.5096081459085375,0.3234421067236228,0.29829461350477027,wait:0.000000
42,187:6,187,no_addition,False,0.0,0.0,0.0,0.0,0.0,0.0,1.0,0.0,1.0,0.0,0.39270914415070635,0.5554585001628527,0.362124988748831,0.3298573274808079,wait:0.000000
42,193:36,193,d,False,0.0,0.0,0.0,0.0,0.0,0.0,1.0,0.0,2.0,0.0,0.48940594315615327,0.6452657660816854,0.19398710184657295,0.3302248422986202,wait:0.000000;d:0.226637
42,197:24,197,no_addition,False,0.0,0.0,0.0,0.0,0.0,0.0,0.0,0.0,1.0,0.0,0.306562898358019,0.56166766570625,0.19688231088167402,0.34557495756149265,wait:0.000000
42,199:6,199,no_addition,False,0.0,0.0,0.0,0.0,0.0,0.0,1.0,0.0,1.0,1.0,0.4476610693057633,0.5300935850297215,0.33328785511729253,0.39501652679189125,wait:0.000000
42,201:0,201,no_addition,False,0.0,0.0,0.0,0.0,0.0,0.0,0.0,0.0,0.0,0.0,0.2468416151391679,0.3791861288622632,0.20072772104470216,0.20987555220806772,wait:0.000000
42,202:24,202,no_addition,False,0.0,0.0,0.0,0.0,0.0,0.0,0.0,0.0,1.0,0.0,0.5045428445156837,0.21672926048736668,0.28961011207828935,0.25946474351074944,wait:0.000000;e:-0.084338
42,203:18,203,no_addition,False,0.0,0.0,0.0,0.0,0.0,0.0,0.0,0.0,0.0,0.0,0.6998933756450564,0.5135264455480919,0.411197420235476,0.35280032812438555,wait:0.000000
42,204:36,204,e,False,0.125,0.0,0.0,0.0,0.125,0.0,0.0,0.0,1.0,1.0,0.3761711538426514,0.3885883315603059,0.1596166517933804,0.18132902755117566,wait:0.363233;e:0.384680
42,205:36,205,no_addition,False,0.16666666666666666,0.0,0.0,0.0,0.16666666666666666,0.0,0.0,0.0,1.0,1.0,0.3029972965935572,0.47037263045655686,0.3613701379048974,0.2985107416432016,wait:0.000000;d:-0.108574
42,207:0,207,no_addition,False,0.0,0.14285714285714285,0.0,0.14285714285714285,0.0,0.14285714285714285,0.0,0.0,0.0,0.0,0.6384098086343788,0.4328621151935302,0.22389468572080504,0.4005758577642238,wait:0.000000
42,208:18,208,no_addition,False,0.0,0.0,0.0,0.0,0.0,0.0,0.0,1.0,0.0,0.0,0.31157911934780236,0.7703618039908129,0.3859596365912661,0.34099353141222527,wait:0.000000
42,210:30,210,no_addition,False,0.0,0.0,0.0,0.0,0.0,0.0,1.0,0.0,0.0,1.0,0.44475952672854147,0.5054272613335347,0.2334915451941302,0.4483397378262869,wait:0.000000
42,214:6,214,no_addition,False,0.0,0.0,0.0,0.0,0.0,0.0,0.0,0.0,0.0,0.0,0.6973777556884364,0.6322656244963211,0.443590841096819,0.2925123474407271,wait:0.000000
42,215:24,215,no_addition,False,0.16666666666666666,0.0,0.0,0.0,0.16666666666666666,0.0,1.0,0.0,1.0,0.0,0.389464645096,0.37994453684031615,0.41859840216495303,0.2810765607108209,wait:0.000000
42,218:0,218,no_addition,False,0.0,0.0,0.0,0.0,0.0,0.0,0.0,0.0,1.0,0.0,0.38349324434518917,0.6953990924246174,0.22402292046599662,0.387614879129818,wait:0.000000
42,219:30,219,no_addition,False,0.0,0.0,0.0,0.0,0.0,0.0,0.0,0.0,0.0,0.0,0.3752902680647157,0.2554602095816274,0.2189030648837487,0.1653723697381658,wait:0.000000
42,221:12,221,no_addition,False,0.0,0.0,0.0,0.0,0.0,0.0,0.0,0.0,0.0,0.0,0.642462249631158,0.36221451903550406,0.309422400651154,0.2701802264111867,wait:0.000000
42,223:36,223,no_addition,False,0.0,0.0,0.0,0.0,0.0,0.0,0.0,0.0,1.0,1.0,0.27408932591805646,0.4564614860193994,0.3980764321907358,0.23046662342288557,wait:0.440762;d:0.160688
42,224:36,224,no_addition,False,0.16666666666666666,0.0,0.0,0.0,0.16666666666666666,0.0,0.0,0.0,3.0,2.0,0.12621087398080955,0.3341076504358636,0.21374491068556215,0.2346933860024937,wait:0.000000;d:-0.120114
42,227:0,227,no_addition,False,0.0,0.0,0.0,0.0,0.0,0.0,0.0,0.0,1.0,0.0,0.21252970006963917,0.47420316210613983,0.28280812642659486,0.19354397946438265,wait:0.000000;d:-0.091462
42,230:24,230,d,False,0.0,0.0,0.0,0.0,0.0,0.0,1.0,0.0,1.0,0.0,0.3822251822691513,0.6201557140712746,0.3394288452220377,0.2584575639361246,wait:0.000000;d:0.004698
42,231:36,231,no_addition,False,0.16666666666666666,0.0,0.16666666666666666,0.0,0.16666666666666666,0.0,0.0,0.0,0.0,0.0,0.7842242737997023,0.5604957527389772,0.24726104941960383,0.3627356548725506,wait:0.757251;e:0.497013
42,233:36,233,no_addition,False,0.0,0.0,0.0,0.0,0.0,0.0,1.0,0.0,1.0,1.0,0.3730093791686039,0.3961549763047208,0.3661647897859952,0.15654664075523303,wait:0.000000;d:-0.050335
42,238:42,238,e,False,0.0,0.0,0.0,0.0,0.0,0.0,0.0,0.0,0.0,0.0,0.44148802370075735,0.8200127207815411,0.42039594827363097,0.35010745305190616,wait:0.000000;d:-0.022913;e:0.388170;d+e:0.051804
43,5:6,5,no_addition,False,0.05714285714285714,0.02857142857142857,0.05714285714285714,0.02857142857142857,0.05714285714285714,0.02857142857142857,1.0,1.0,3.0,2.0,0.3470274079757374,0.45193558219596935,0.1841488628383207,0.433845016108466,wait:0.000000
43,16:30,16,no_addition,False,0.05,0.05,0.05,0.05,0.05,0.05,0.0,0.0,2.0,3.0,0.341157414125389,0.17323108283606642,0.2701688498258022,0.35162005406418434,wait:0.000000
43,17:30,17,no_addition,False,0.0,0.027777777777777776,0.0,0.027777777777777776,0.0,0.027777777777777776,2.0,1.0,5.0,1.0,0.5045115413915824,0.5310587409164124,0.3932089785910932,0.19397672549865128,wait:0.000000
43,18:30,18,no_addition,False,0.0,0.0,0.0,0.0,0.0,0.0,1.0,0.0,1.0,2.0,0.6737571316438802,0.18966204903560657,0.32218590380534096,0.32129346926806296,wait:0.000000;e:-0.170536
43,22:12,22,no_addition,False,0.0,0.08333333333333333,0.0,0.08333333333333333,0.0,0.08333333333333333,0.0,0.0,3.0,1.0,0.14159154842543847,0.5267773685722134,0.18691678094765152,0.3092592581146352,wait:0.000000
43,23:24,23,no_addition,False,0.0,0.0,0.0,0.0,0.0,0.0,0.0,0.0,1.0,0.0,0.4716376588723366,0.4719692483929704,0.3297613636665448,0.35952554001985937,wait:0.000000
43,27:36,27,no_addition,False,0.043478260869565216,0.08695652173913043,0.043478260869565216,0.043478260869565216,0.043478260869565216,0.08695652173913043,1.0,0.0,0.0,2.0,0.5981773225508953,0.4286598229049601,0.2961862448981369,0.19089305614918453,wait:0.000000
43,28:24,28,no_addition,False,0.043478260869565216,0.0,0.043478260869565216,0.0,0.043478260869565216,0.0,2.0,0.0,3.0,1.0,0.3400041071364174,0.21329360253934568,0.21868619208030343,0.3311898819821935,wait:0.000000;e:-0.159156
43,34:6,34,no_addition,False,0.037037037037037035,0.037037037037037035,0.037037037037037035,0.037037037037037035,0.037037037037037035,0.037037037037037035,1.0,0.0,5.0,2.0,0.23265924096625568,0.2838798765011888,0.4133769578804123,0.259132452298022,wait:0.000000
43,36:0,36,no_addition,False,0.043478260869565216,0.043478260869565216,0.043478260869565216,0.043478260869565216,0.043478260869565216,0.043478260869565216,1.0,1.0,5.0,0.0,0.3783382525895135,0.5685676611274928,0.40512906552507616,0.4153570544640784,wait:0.000000
43,40:6,40,no_addition,False,0.0,0.08333333333333333,0.0,0.08333333333333333,0.0,0.08333333333333333,0.0,0.0,0.0,0.0,0.42705592860894204,0.48198530675722817,0.40979428068998186,0.24452245876634182,wait:0.000000;d:-0.045305
43,42:0,42,no_addition,False,0.0,0.125,0.0,0.125,0.0,0.125,0.0,0.0,1.0,1.0,0.4071022545359229,0.1625907032458429,0.3370247532265757,0.24711474174700043,wait:0.000000;e:-0.120730
43,47:36,47,no_addition,False,0.0,0.0,0.0,0.0,0.0,0.0,1.0,0.0,2.0,0.0,0.43597038617050254,0.37419668178960197,0.26250270115202495,0.34677176322672726,wait:0.000000;e:-0.029873
43,50:24,50,no_addition,False,0.0,0.0,0.0,0.0,0.0,0.0,0.0,0.0,1.0,0.0,0.41720529620629976,0.33208155967941855,0.2661547469837424,0.44946089757694324,wait:0.000000;e:-0.170480
43,55:0,55,no_addition,False,0.0,0.07692307692307693,0.0,0.07692307692307693,0.0,0.07692307692307693,0.0,0.0,2.0,0.0,0.27450897074081754,0.5774854911041873,0.27604848689772193,0.20823835392770934,wait:0.000000
43,57:18,57,no_addition,False,0.0,0.125,0.0,0.125,0.0,0.125,0.0,0.0,0.0,0.0,0.27034023176218397,0.24647266114050143,0.3472400286318625,0.3211066340402492,wait:0.000000
43,58:0,58,no_addition,False,0.0,0.09090909090909091,0.0,0.09090909090909091,0.0,0.09090909090909091,0.0,0.0,2.0,1.0,0.4372787859513002,0.22182246306368564,0.22916244037719172,0.24746647104540773,wait:0.000000
43,66:36,66,no_addition,False,0.0,0.0,0.0,0.0,0.0,0.0,1.0,0.0,3.0,3.0,0.4182554252488223,0.11490632806636139,0.35202499334846415,0.26907731313463046,wait:0.000000;e:-0.185624
43,67:36,67,no_addition,False,0.0,0.0,0.0,0.0,0.0,0.0,0.0,0.0,1.0,1.0,0.5375554633733622,0.4035113983532035,0.2185329716196229,0.28206926117262876,wait:0.376232
43,69:30,69,no_addition,False,0.0,0.09090909090909091,0.0,0.09090909090909091,0.0,0.09090909090909091,0.0,0.0,1.0,1.0,0.2221802306094799,0.3013065238526594,0.24663404840115602,0.28889182229028704,wait:0.000000;d:-0.066600
43,79:24,79,no_addition,False,0.0,0.0,0.0,0.0,0.0,0.0,1.0,1.0,3.0,3.0,0.27082679991122083,0.3117805761748458,0.23897090931600617,0.2980342670728797,wait:0.000000
43,83:36,83,no_addition,False,0.0,0.0,0.0,0.0,0.0,0.0,0.0,0.0,2.0,2.0,0.46050477541980084,0.1948725504054551,0.23823259958918622,0.3571275347972728,wait:0.000000;e:-0.201679
43,84:30,84,no_addition,False,0.07692307692307693,0.0,0.07692307692307693,0.0,0.07692307692307693,0.0,2.0,1.0,1.0,0.0,0.6824658030751836,0.5961200056687408,0.23268199664017553,0.26391723968627046,wait:0.000000
43,87:18,87,no_addition,False,0.1,0.0,0.1,0.0,0.1,0.0,0.0,0.0,1.0,2.0,0.4384119973362143,0.18505325073439124,0.19874208893427175,0.35065675570046845,wait:0.000000;e:-0.204049
43,88:24,88,no_addition,False,0.0,0.0,0.0,0.0,0.0,0.0,0.0,0.0,1.0,2.0,0.15889759435125067,0.26037504887330304,0.39659420517047966,0.3730679206252907,wait:0.000000
43,92:42,92,e,False,0.0,0.0,0.0,0.0,0.0,0.0,0.0,0.0,1.0,1.0,0.35560673224742106,0.26960635110747183,0.3858598466874202,0.1918431630110436,wait:0.000000;d:-0.065698;e:0.050890;d+e:-0.112522
43,93:24,93,no_addition,False,0.0,0.0,0.0,0.0,0.0,0.0,0.0,0.0,2.0,2.0,0.19424652180937857,0.2943694415471323,0.30315833026947697,0.4141443069013125,wait:0.000000;d:-0.128273;e:-0.149116;d+e:-0.343739
43,94:18,94,no_addition,False,0.07692307692307693,0.07692307692307693,0.07692307692307693,0.07692307692307693,0.07692307692307693,0.07692307692307693,1.0,0.0,1.0,1.0,0.3582242051835522,0.40369358906453995,0.21465525845869743,0.379831501161727,wait:0.000000
43,95:6,95,no_addition,False,0.0,0.0,0.0,0.0,0.0,0.0,0.0,1.0,3.0,2.0,0.12945933686544756,0.3003590135404114,0.3797239704460827,0.26511376606491255,wait:0.000000;d:-0.283169
43,97:24,97,no_addition,False,0.0,0.07142857142857142,0.0,0.07142857142857142,0.0,0.07142857142857142,0.0,0.0,0.0,0.0,0.31952925458877096,0.5993719833286713,0.30224413357827734,0.19097054398465335,wait:0.000000
43,106:36,106,no_addition,False,0.0,0.2,0.0,0.2,0.0,0.2,2.0,0.0,2.0,1.0,0.47342229925350965,0.18935037582352687,0.43743369014725625,0.2613694790372643,wait:0.000000;d:-0.011200
43,107:18,107,no_addition,False,0.0,0.42857142857142855,0.0,0.42857142857142855,0.0,0.42857142857142855,0.0,0.0,0.0,0.0,0.2729552866978575,0.3602509043392173,0.3467836357187902,0.346301213188174,wait:0.000000;d:-0.101035
43,108:0,108,no_addition,False,0.0,0.0,0.0,0.0,0.0,0.0,0.0,0.0,2.0,2.0,0.21343741219816653,0.33515148821059454,0.4051152694937241,0.34700663599438875,wait:0.000000;d:-0.232952
43,112:42,112,d,False,0.0,0.125,0.0,0.125,0.0,0.125,1.0,0.0,1.0,0.0,0.35757173350848565,0.28540965535272256,0.22254415227644214,0.19776679324359578,wait:0.000000;d:0.099386
43,114:42,114,d,False,0.0,0.1111111111111111,0.0,0.1111111111111111,0.0,0.1111111111111111,0.0,0.0,0.0,1.0,0.27519872472770845,0.18639272009574784,0.17453490026389828,0.2866203647482569,wait:0.000000;d:0.073233;e:-0.118806;d+e:-0.107152
43,117:12,117,no_addition,False,0.0,0.0,0.0,0.0,0.0,0.0,0.0,0.0,0.0,0.0,0.7725694518870738,0.5462544645848304,0.22248103607028888,0.2401405260341156,wait:0.000000
43,124:36,124,no_addition,False,0.08333333333333333,0.0,0.08333333333333333,0.0,0.08333333333333333,0.0,2.0,0.0,1.0,2.0,0.6928795013137534,0.43426804941221375,0.28269525967027936,0.4403262542165151,wait:0.000000;e:-0.069344
43,125:0,125,no_addition,False,0.0,0.0,0.0,0.0,0.0,0.0,0.0,0.0,1.0,1.0,0.2354813323992468,0.34874461770778453,0.3253573236434573,0.3975528526902157,wait:0.000000
43,130:36,130,no_addition,False,0.0,0.0,0.0,0.0,0.0,0.0,0.0,0.0,2.0,1.0,0.4367858318107173,0.4176125845147967,0.4230493057485234,0.17740609687068634,wait:0.000000;d:-0.049800
43,131:12,131,no_addition,False,0.0,0.0,0.0,0.0,0.0,0.0,0.0,0.0,0.0,0.0,0.3563602311849474,0.5871447970231283,0.37985692616415667,0.3889506118451608,wait:0.000000;d:-0.079017
43,149:30,149,no_addition,False,0.0,0.16666666666666666,0.0,0.16666666666666666,0.0,0.16666666666666666,0.0,0.0,0.0,0.0,0.2713909454604943,0.6541471651235125,0.19879566477615832,0.2298349285341806,wait:0.000000
43,153:6,153,no_addition,False,0.0,0.0,0.0,0.0,0.0,0.0,0.0,0.0,0.0,0.0,0.49527004045165035,0.7227862591583962,0.25663317833606647,0.3716738497836488,wait:0.000000
43,159:0,159,no_addition,False,0.0,0.1111111111111111,0.0,0.1111111111111111,0.0,0.1111111111111111,0.0,0.0,1.0,1.0,0.5474312548271205,0.5281561931670856,0.3379496723410936,0.39740481919479054,wait:0.000000
43,164:30,164,no_addition,False,0.0,0.0,0.0,0.0,0.0,0.0,0.0,0.0,1.0,1.0,0.28800537381185065,0.16331353911497792,0.2900040903492713,0.4084117408635823,wait:0.000000;e:-0.281377
43,168:0,168,no_addition,False,0.0,0.0,0.0,0.0,0.0,0.0,0.0,0.0,2.0,2.0,0.1755780482129814,0.4288123546424598,0.2124602298368124,0.3434550845162469,wait:0.000000
43,169:42,169,d,False,0.0,0.0,0.0,0.0,0.0,0.0,1.0,0.0,2.0,3.0,0.4514709960578943,0.17408461323896815,0.32831279278468456,0.35255123439538055,wait:0.000000;d:0.078158;e:-0.195819;d+e:-0.201368
43,170:0,170,no_addition,False,0.0,0.0,0.0,0.0,0.0,0.0,1.0,0.0,1.0,0.0,0.50516600281619,0.4051155287561089,0.3137915355224336,0.3714260410134784,wait:0.000000
43,176:6,176,no_addition,False,0.0,0.0,0.0,0.0,0.0,0.0,1.0,0.0,0.0,0.0,0.649507682724739,0.7367207112421665,0.29667236080361553,0.19039524472284738,wait:0.000000
43,178:0,178,no_addition,False,0.0,0.0,0.0,0.0,0.0,0.0,1.0,0.0,0.0,1.0,0.4732639665844527,0.42900765647873046,0.30242028894009604,0.26244031453647154,wait:0.000000
43,181:12,181,no_addition,False,0.0,0.0,0.0,0.0,0.0,0.0,0.0,0.0,1.0,1.0,0.5562448725344759,0.2951359056296911,0.39624013053372786,0.3667363039972709,wait:0.000000
43,184:12,184,no_addition,False,0.0,0.0,0.0,0.0,0.0,0.0,2.0,0.0,0.0,0.0,0.6093055541167139,0.2994402084407679,0.3329551098625529,0.29829461350477027,wait:0.000000
43,187:6,187,no_addition,False,0.0,0.16666666666666666,0.0,0.16666666666666666,0.0,0.16666666666666666,0.0,0.0,1.0,0.0,0.22482733484249073,0.5554585001628527,0.362124988748831,0.31886208323144766,wait:0.000000
43,190:42,190,d,False,0.0,0.0,0.0,0.0,0.0,0.0,1.0,0.0,0.0,0.0,0.5672903645035177,0.21070133607559938,0.2462220142384974,0.43170014863589884,wait:0.000000;d:0.264523;e:-0.242001;d+e:-0.094365
43,193:36,193,no_addition,False,0.0,0.0,0.0,0.0,0.0,0.0,1.0,0.0,2.0,0.0,0.48940594315615327,0.6452657660816854,0.19398710184657295,0.3302248422986202,wait:0.456319
43,197:24,197,no_addition,False,0.0,0.0,0.0,0.0,0.0,0.0,0.0,0.0,1.0,0.0,0.306562898358019,0.56166766570625,0.19688231088167402,0.34557495756149265,wait:0.000000
43,199:6,199,no_addition,False,0.0,0.0,0.0,0.0,0.0,0.0,1.0,0.0,1.0,1.0,0.4476610693057633,0.5300935850297215,0.33328785511729253,0.39501652679189125,wait:0.000000
43,201:0,201,no_addition,False,0.0,0.16666666666666666,0.0,0.16666666666666666,0.0,0.16666666666666666,0.0,0.0,0.0,0.0,0.2468416151391679,0.3791861288622632,0.20072772104470216,0.2028797004677988,wait:0.000000
43,202:24,202,no_addition,False,0.0,0.0,0.0,0.0,0.0,0.0,0.0,0.0,1.0,0.0,0.5045428445156837,0.21672926048736668,0.28961011207828935,0.25946474351074944,wait:0.000000;e:-0.084338
43,203:18,203,no_addition,False,0.0,0.0,0.0,0.0,0.0,0.0,0.0,0.0,0.0,0.0,0.6998933756450564,0.5135264455480919,0.411197420235476,0.35280032812438555,wait:0.000000
43,205:36,205,no_addition,False,0.0,0.0,0.0,0.0,0.0,0.0,0.0,0.0,1.0,1.0,0.3029972965935572,0.47037263045655686,0.37383117714299735,0.2985107416432016,wait:0.000000;d:-0.121035
43,207:0,207,no_addition,False,0.0,0.14285714285714285,0.0,0.14285714285714285,0.0,0.14285714285714285,0.0,0.0,0.0,1.0,0.6384098086343788,0.3030034806354711,0.22389468572080504,0.4005758577642238,wait:0.000000
43,208:18,208,no_addition,False,0.0,0.0,0.0,0.0,0.0,0.0,0.0,1.0,0.0,0.0,0.31157911934780236,0.7703618039908129,0.3859596365912661,0.34099353141222527,wait:0.000000
43,210:30,210,no_addition,False,0.0,0.0,0.0,0.0,0.0,0.0,0.0,0.0,0.0,1.0,0.2067993238979164,0.5054272613335347,0.2334915451941302,0.4483397378262869,wait:0.000000
43,214:6,214,no_addition,False,0.0,0.0,0.0,0.0,0.0,0.0,0.0,0.0,0.0,0.0,0.6973777556884364,0.6322656244963211,0.443590841096819,0.2925123474407271,wait:0.000000
43,215:24,215,no_addition,False,0.0,0.0,0.0,0.0,0.0,0.0,0.0,0.0,1.0,0.0,0.2210420859453333,0.37994453684031615,0.4330328298258135,0.2810765607108209,wait:0.000000
43,216:30,216,no_addition,False,0.0,0.0,0.0,0.0,0.0,0.0,1.0,0.0,0.0,0.0,0.5223037862230111,0.37755529813170224,0.3716142051303562,0.3663120173657725,wait:0.000000;e:-0.046390
43,218:0,218,no_addition,False,0.0,0.0,0.0,0.0,0.0,0.0,0.0,0.0,1.0,0.0,0.38349324434518917,0.6953990924246174,0.22402292046599662,0.387614879129818,wait:0.000000
43,219:30,219,no_addition,False,0.0,0.0,0.0,0.0,0.0,0.0,0.0,0.0,0.0,0.0,0.3752902680647157,0.2554602095816274,0.2189030648837487,0.1653723697381658,wait:0.000000
43,221:12,221,no_addition,False,0.0,0.0,0.0,0.0,0.0,0.0,0.0,0.0,0.0,0.0,0.642462249631158,0.36221451903550406,0.309422400651154,0.2701802264111867,wait:0.000000
43,223:36,223,no_addition,False,0.0,0.0,0.0,0.0,0.0,0.0,0.0,0.0,1.0,1.0,0.27408932591805646,0.4564614860193994,0.3980764321907358,0.23046662342288557,wait:0.000000;d:-0.171307
43,224:36,224,no_addition,False,0.0,0.16666666666666666,0.0,0.16666666666666666,0.0,0.16666666666666666,0.0,0.0,3.0,2.0,0.12621087398080955,0.3341076504358636,0.22111542484713326,0.22687027313574393,wait:0.000000;d:-0.127485
43,227:0,227,no_addition,False,0.0,0.16666666666666666,0.0,0.16666666666666666,0.0,0.16666666666666666,0.0,0.0,1.0,0.0,0.21252970006963917,0.47420316210613983,0.28280812642659486,0.18709251348223657,wait:0.000000;d:-0.091462
43,231:36,231,no_addition,False,0.16666666666666666,0.0,0.16666666666666666,0.0,0.16666666666666666,0.0,1.0,0.0,0.0,0.0,0.8489569916597917,0.5604957527389772,0.24726104941960383,0.3627356548725506,wait:0.727060;e:0.482057
43,233:36,233,no_addition,False,0.0,0.0,0.0,0.0,0.0,0.0,0.0,0.0,1.0,1.0,0.20184427569670454,0.3961549763047208,0.3661647897859952,0.15654664075523303,wait:0.000000;d:-0.204439
43,235:42,235,d,False,0.0,0.0,0.0,0.0,0.0,0.0,1.0,0.0,1.0,0.0,0.6640474842929618,0.34421760689047476,0.38555152318005487,0.4069681172668978,wait:0.000000;d:0.212307;e:-0.097061;d+e:-0.090035
43,237:42,237,e,False,0.0,0.16666666666666666,0.0,0.16666666666666666,0.0,0.16666666666666666,0.0,0.0,0.0,0.0,0.382901564545861,0.6176370446032488,0.3982392250083961,0.3538913616781983,wait:0.000000;d:-0.053504;e:0.202182;d+e:-0.063020
44,5:6,5,no_addition,False,0.08571428571428572,0.02857142857142857,0.08571428571428572,0.02857142857142857,0.08571428571428572,0.02857142857142857,1.0,1.0,3.0,2.0,0.3470274079757374,0.45193558219596935,0.18308441854445756,0.433845016108466,wait:0.000000
44,16:30,16,no_addition,False,0.05,0.05,0.05,0.05,0.05,0.05,0.0,0.0,2.0,3.0,0.341157414125389,0.17323108283606642,0.2701688498258022,0.35162005406418434,wait:0.000000
44,17:30,17,no_addition,False,0.0,0.027777777777777776,0.0,0.027777777777777776,0.0,0.027777777777777776,2.0,1.0,5.0,1.0,0.5045115413915824,0.5310587409164124,0.3932089785910932,0.19397672549865128,wait:0.000000
44,18:30,18,no_addition,False,0.0,0.0,0.0,0.0,0.0,0.0,1.0,0.0,1.0,2.0,0.6737571316438802,0.18966204903560657,0.32218590380534096,0.32129346926806296,wait:0.000000;e:-0.170536
44,20:42,20,e,False,0.0,0.0,0.0,0.0,0.0,0.0,1.0,1.0,3.0,2.0,0.31452970184430223,0.4874992407905472,0.4184763919932643,0.4272570148610409,wait:0.000000;d:-0.135298;e:0.011651;d+e:-0.267936
44,22:12,22,no_addition,False,0.0,0.125,0.0,0.125,0.0,0.125,0.0,0.0,3.0,1.0,0.14159154842543847,0.5267773685722134,0.18691678094765152,0.3066384169441722,wait:0.000000
44,23:24,23,no_addition,False,0.06666666666666667,0.0,0.06666666666666667,0.0,0.06666666666666667,0.0,0.0,0.0,1.0,0.0,0.4716376588723366,0.4719692483929704,0.3253645454843242,0.35952554001985937,wait:0.000000
44,27:36,27,no_addition,False,0.043478260869565216,0.08695652173913043,0.043478260869565216,0.043478260869565216,0.043478260869565216,0.08695652173913043,1.0,0.0,0.0,2.0,0.5981773225508953,0.4286598229049601,0.2961862448981369,0.19089305614918453,wait:0.000000
44,28:24,28,no_addition,False,0.043478260869565216,0.0,0.043478260869565216,0.0,0.043478260869565216,0.0,2.0,0.0,3.0,1.0,0.3400041071364174,0.21329360253934568,0.21868619208030343,0.3311898819821935,wait:0.000000;e:-0.159156
44,34:6,34,no_addition,False,0.07407407407407407,0.037037037037037035,0.07407407407407407,0.037037037037037035,0.07407407407407407,0.037037037037037035,1.0,0.0,5.0,2.0,0.23265924096625568,0.2838798765011888,0.41029205520966294,0.259132452298022,wait:0.000000
44,36:0,36,no_addition,False,0.043478260869565216,0.08695652173913043,0.043478260869565216,0.08695652173913043,0.043478260869565216,0.08695652173913043,1.0,1.0,5.0,0.0,0.3783382525895135,0.5685676611274928,0.40512906552507616,0.4117135715301829,wait:0.000000
44,40:6,40,no_addition,False,0.0,0.08333333333333333,0.0,0.08333333333333333,0.0,0.08333333333333333,0.0,0.0,0.0,0.0,0.42705592860894204,0.48198530675722817,0.40979428068998186,0.24452245876634182,wait:0.000000;d:-0.045305
44,42:0,42,no_addition,False,0.0,0.25,0.0,0.25,0.0,0.25,0.0,0.0,1.0,1.0,0.4071022545359229,0.1625907032458429,0.3370247532265757,0.24077846631759017,wait:0.000000;e:-0.114394
44,47:36,47,no_addition,False,0.0,0.0,0.0,0.0,0.0,0.0,1.0,0.0,2.0,0.0,0.43597038617050254,0.37419668178960197,0.26250270115202495,0.34677176322672726,wait:0.000000;e:-0.029873
44,50:24,50,no_addition,False,0.0,0.0,0.0,0.0,0.0,0.0,0.0,0.0,1.0,0.0,0.41720529620629976,0.33208155967941855,0.2661547469837424,0.44946089757694324,wait:0.000000;e:-0.170480
44,55:0,55,no_addition,False,0.0,0.07692307692307693,0.0,0.07692307692307693,0.0,0.07692307692307693,0.0,0.0,2.0,0.0,0.27450897074081754,0.5774854911041873,0.27604848689772193,0.20823835392770934,wait:0.000000
44,57:18,57,no_addition,False,0.0,0.125,0.0,0.125,0.0,0.125,0.0,0.0,0.0,0.0,0.27034023176218397,0.24647266114050143,0.3472400286318625,0.3211066340402492,wait:0.000000
44,58:0,58,no_addition,False,0.0,0.09090909090909091,0.0,0.09090909090909091,0.0,0.09090909090909091,0.0,0.0,2.0,1.0,0.4372787859513002,0.22182246306368564,0.22916244037719172,0.24746647104540773,wait:0.000000
44,66:36,66,no_addition,False,0.08333333333333333,0.0,0.08333333333333333,0.0,0.08333333333333333,0.0,1.0,0.0,3.0,3.0,0.4182554252488223,0.11490632806636139,0.34615791012598973,0.26907731313463046,wait:0.000000;e:-0.185624
44,67:36,67,no_addition,False,0.0,0.0,0.0,0.0,0.0,0.0,0.0,0.0,1.0,1.0,0.5375554633733622,0.4035113983532035,0.2185329716196229,0.28206926117262876,wait:0.389633
44,69:30,69,no_addition,False,0.0,0.09090909090909091,0.0,0.09090909090909091,0.0,0.09090909090909091,0.0,0.0,1.0,1.0,0.2221802306094799,0.3013065238526594,0.24663404840115602,0.28889182229028704,wait:0.000000;d:-0.066600
44,79:24,79,no_addition,False,0.0,0.0,0.0,0.0,0.0,0.0,1.0,1.0,2.0,3.0,0.30952834605994506,0.3117805761748458,0.23897090931600617,0.2980342670728797,wait:0.000000
44,83:36,83,no_addition,False,0.09090909090909091,0.0,0.09090909090909091,0.0,0.09090909090909091,0.0,0.0,0.0,2.0,2.0,0.46050477541980084,0.1948725504054551,0.23390109777847373,0.3571275347972728,wait:0.000000;e:-0.201679
44,84:30,84,no_addition,False,0.07692307692307693,0.0,0.07692307692307693,0.0,0.07692307692307693,0.0,2.0,1.0,1.0,0.0,0.6824658030751836,0.5961200056687408,0.23268199664017553,0.26391723968627046,wait:0.000000
44,87:18,87,no_addition,False,0.1,0.1,0.1,0.1,0.1,0.1,0.0,0.0,1.0,2.0,0.4384119973362143,0.18505325073439124,0.19874208893427175,0.3436436205864591,wait:0.000000;e:-0.197036
44,88:24,88,no_addition,False,0.0,0.08333333333333333,0.0,0.08333333333333333,0.0,0.08333333333333333,0.0,0.0,1.0,2.0,0.15889759435125067,0.26037504887330304,0.39659420517047966,0.3668501219482025,wait:0.000000
44,93:24,93,no_addition,False,0.0,0.0,0.0,0.0,0.0,0.0,0.0,0.0,2.0,2.0,0.19424652180937857,0.2943694415471323,0.30315833026947697,0.4141443069013125,wait:0.000000;d:-0.128273;e:-0.149116;d+e:-0.343739
44,94:18,94,no_addition,False,0.15384615384615385,0.07692307692307693,0.15384615384615385,0.07692307692307693,0.15384615384615385,0.07692307692307693,1.0,0.0,1.0,1.0,0.3582242051835522,0.40369358906453995,0.21130127004528027,0.379831501161727,wait:0.000000
44,95:6,95,no_addition,False,0.0,0.0,0.0,0.0,0.0,0.0,0.0,1.0,3.0,2.0,0.12945933686544756,0.3003590135404114,0.3797239704460827,0.26511376606491255,wait:0.000000;d:-0.283169
44,97:24,97,no_addition,False,0.07142857142857142,0.07142857142857142,0.07142857142857142,0.07142857142857142,0.07142857142857142,0.07142857142857142,0.0,0.0,0.0,0.0,0.31952925458877096,0.5993719833286713,0.2979263602414448,0.19097054398465335,wait:0.000000
44,100:42,100,d,False,0.09090909090909091,0.0,0.09090909090909091,0.0,0.09090909090909091,0.0,0.0,0.0,2.0,1.0,0.40464526130422973,0.20321080325748414,0.36208358752758024,0.3520160664731562,wait:0.000000;d:0.002228
44,106:36,106,no_addition,False,0.0,0.2,0.0,0.2,0.0,0.2,2.0,0.0,2.0,1.0,0.47342229925350965,0.18935037582352687,0.43743369014725625,0.2613694790372643,wait:0.000000;d:-0.011200
44,107:18,107,no_addition,False,0.0,0.42857142857142855,0.0,0.42857142857142855,0.0,0.42857142857142855,0.0,0.0,0.0,0.0,0.2729552866978575,0.3602509043392173,0.3467836357187902,0.346301213188174,wait:0.000000;d:-0.101035
44,108:0,108,no_addition,False,0.0,0.125,0.0,0.125,0.0,0.125,0.0,0.0,2.0,2.0,0.21343741219816653,0.33515148821059454,0.4051152694937241,0.338331470094529,wait:0.000000;d:-0.232952
44,117:12,117,no_addition,False,0.125,0.0,0.125,0.0,0.125,0.0,0.0,0.0,0.0,0.0,0.7725694518870738,0.5462544645848304,0.21691901016853166,0.2401405260341156,wait:0.000000
44,124:36,124,no_addition,False,0.08333333333333333,0.0,0.08333333333333333,0.0,0.08333333333333333,0.0,2.0,0.0,1.0,2.0,0.6928795013137534,0.43426804941221375,0.28269525967027936,0.4403262542165151,wait:0.000000;e:-0.069344
44,125:0,125,no_addition,False,0.0,0.0,0.0,0.0,0.0,0.0,0.0,0.0,1.0,1.0,0.2354813323992468,0.34874461770778453,0.3253573236434573,0.3975528526902157,wait:0.000000
44,126:42,126,e,False,0.0,0.0,0.0,0.0,0.0,0.0,0.0,0.0,2.0,1.0,0.2275260028114076,0.5425223569266017,0.1817981979992302,0.4042363712280874,wait:0.000000;d:0.023049;e:0.084210;d+e:-0.012798
44,130:36,130,no_addition,False,0.0,0.0,0.0,0.0,0.0,0.0,0.0,0.0,2.0,1.0,0.4367858318107173,0.4176125845147967,0.4230493057485234,0.17740609687068634,wait:0.000000;d:-0.049800
44,131:12,131,no_addition,False,0.0,0.0,0.0,0.0,0.0,0.0,0.0,0.0,0.0,0.0,0.3563602311849474,0.5871447970231283,0.37985692616415667,0.3889506118451608,wait:0.000000;d:-0.079017
44,149:30,149,no_addition,False,0.0,0.16666666666666666,0.0,0.16666666666666666,0.0,0.16666666666666666,0.0,0.0,0.0,0.0,0.2713909454604943,0.6541471651235125,0.19879566477615832,0.2298349285341806,wait:0.000000
44,153:6,153,no_addition,False,0.0,0.0,0.0,0.0,0.0,0.0,0.0,0.0,0.0,0.0,0.49527004045165035,0.7227862591583962,0.25663317833606647,0.3716738497836488,wait:0.000000
44,158:42,158,e,False,0.0,0.0,0.0,0.0,0.0,0.0,0.0,0.0,1.0,1.0,0.2490548747069049,0.39278223579759997,0.3266494878981025,0.2520914027207791,wait:0.000000;d:-0.102419;e:0.101540;d+e:-0.100174
44,159:0,159,no_addition,False,0.0,0.1111111111111111,0.0,0.1111111111111111,0.0,0.1111111111111111,0.0,0.0,1.0,1.0,0.5474312548271205,0.5281561931670856,0.3379496723410936,0.39740481919479054,wait:0.000000
44,164:30,164,no_addition,False,0.0,0.0,0.0,0.0,0.0,0.0,0.0,0.0,1.0,1.0,0.28800537381185065,0.16331353911497792,0.2900040903492713,0.4084117408635823,wait:0.000000;e:-0.281377
44,168:0,168,no_addition,False,0.0,0.0,0.0,0.0,0.0,0.0,0.0,0.0,2.0,2.0,0.1755780482129814,0.4288123546424598,0.2124602298368124,0.3434550845162469,wait:0.000000
44,170:0,170,no_addition,False,0.0,0.0,0.0,0.0,0.0,0.0,1.0,0.0,1.0,0.0,0.50516600281619,0.4051155287561089,0.3137915355224336,0.3714260410134784,wait:0.000000
44,176:6,176,no_addition,False,0.0,0.0,0.0,0.0,0.0,0.0,1.0,0.0,0.0,0.0,0.649507682724739,0.7367207112421665,0.29667236080361553,0.19039524472284738,wait:0.000000
44,178:0,178,no_addition,False,0.0,0.0,0.0,0.0,0.0,0.0,1.0,0.0,0.0,1.0,0.4732639665844527,0.42900765647873046,0.30242028894009604,0.26244031453647154,wait:0.000000
44,181:12,181,no_addition,False,0.0,0.0,0.0,0.0,0.0,0.0,0.0,0.0,1.0,1.0,0.5562448725344759,0.2951359056296911,0.39624013053372786,0.3667363039972709,wait:0.000000
44,184:12,184,no_addition,False,0.0,0.0,0.0,0.0,0.0,0.0,2.0,0.0,0.0,0.0,0.6093055541167139,0.2994402084407679,0.3329551098625529,0.29829461350477027,wait:0.000000
44,187:6,187,no_addition,False,0.0,0.16666666666666666,0.0,0.16666666666666666,0.0,0.16666666666666666,0.0,0.0,1.0,0.0,0.22482733484249073,0.5554585001628527,0.362124988748831,0.31886208323144766,wait:0.000000
44,192:42,192,d,False,0.0,0.16666666666666666,0.0,0.16666666666666666,0.0,0.16666666666666666,0.0,0.0,0.0,0.0,0.7386437690821652,0.5000678583309333,0.3856497150898863,0.1997838245598072,wait:0.000000;d:0.279369
44,193:36,193,no_addition,False,0.0,0.0,0.0,0.0,0.0,0.0,1.0,0.0,2.0,0.0,0.48940594315615327,0.6452657660816854,0.19398710184657295,0.3302248422986202,wait:0.472573
44,197:24,197,no_addition,False,0.0,0.0,0.0,0.0,0.0,0.0,0.0,0.0,1.0,0.0,0.306562898358019,0.56166766570625,0.19688231088167402,0.34557495756149265,wait:0.000000
44,199:6,199,no_addition,False,0.0,0.0,0.0,0.0,0.0,0.0,1.0,0.0,1.0,1.0,0.4476610693057633,0.5300935850297215,0.33328785511729253,0.39501652679189125,wait:0.000000
44,201:0,201,no_addition,False,0.0,0.16666666666666666,0.0,0.16666666666666666,0.0,0.16666666666666666,0.0,0.0,0.0,0.0,0.2468416151391679,0.3791861288622632,0.20072772104470216,0.2028797004677988,wait:0.000000
44,202:24,202,no_addition,False,0.0,0.0,0.0,0.0,0.0,0.0,0.0,0.0,1.0,0.0,0.5045428445156837,0.21672926048736668,0.28961011207828935,0.25946474351074944,wait:0.000000;e:-0.084338
44,203:18,203,no_addition,False,0.0,0.0,0.0,0.0,0.0,0.0,0.0,0.0,0.0,0.0,0.6998933756450564,0.5135264455480919,0.411197420235476,0.35280032812438555,wait:0.000000
44,205:36,205,no_addition,False,0.0,0.0,0.0,0.0,0.0,0.0,0.0,0.0,1.0,1.0,0.3029972965935572,0.47037263045655686,0.37383117714299735,0.2985107416432016,wait:0.000000;d:-0.121035
44,207:0,207,no_addition,False,0.0,0.14285714285714285,0.0,0.14285714285714285,0.0,0.14285714285714285,0.0,0.0,0.0,1.0,0.6384098086343788,0.3030034806354711,0.22389468572080504,0.4005758577642238,wait:0.000000
44,208:18,208,no_addition,False,0.0,0.0,0.0,0.0,0.0,0.0,0.0,1.0,0.0,0.0,0.31157911934780236,0.7703618039908129,0.3859596365912661,0.34099353141222527,wait:0.000000
44,210:30,210,no_addition,False,0.0,0.0,0.0,0.0,0.0,0.0,0.0,0.0,0.0,1.0,0.2067993238979164,0.5054272613335347,0.2334915451941302,0.4483397378262869,wait:0.000000
44,214:6,214,no_addition,False,0.0,0.0,0.0,0.0,0.0,0.0,0.0,0.0,0.0,0.0,0.6973777556884364,0.6322656244963211,0.443590841096819,0.2925123474407271,wait:0.000000
44,215:24,215,no_addition,False,0.0,0.0,0.0,0.0,0.0,0.0,0.0,0.0,1.0,0.0,0.2210420859453333,0.37994453684031615,0.4330328298258135,0.2810765607108209,wait:0.000000
44,216:30,216,no_addition,False,0.0,0.0,0.0,0.0,0.0,0.0,1.0,0.0,0.0,0.0,0.5223037862230111,0.37755529813170224,0.3716142051303562,0.3663120173657725,wait:0.000000;e:-0.046390
44,218:0,218,no_addition,False,0.0,0.0,0.0,0.0,0.0,0.0,0.0,0.0,0.0,0.0,0.5478474919216988,0.6953990924246174,0.22402292046599662,0.387614879129818,wait:0.000000
44,219:30,219,no_addition,False,0.0,0.0,0.0,0.0,0.0,0.0,0.0,0.0,0.0,0.0,0.3752902680647157,0.2554602095816274,0.2189030648837487,0.1653723697381658,wait:0.000000
44,221:12,221,no_addition,False,0.16666666666666666,0.0,0.16666666666666666,0.0,0.16666666666666666,0.0,0.0,0.0,0.0,0.0,0.642462249631158,0.36221451903550406,0.29910832062944887,0.2701802264111867,wait:0.000000
44,223:36,223,no_addition,False,0.16666666666666666,0.0,0.16666666666666666,0.0,0.16666666666666666,0.0,0.0,0.0,1.0,1.0,0.27408932591805646,0.4564614860193994,0.38480721778437793,0.23046662342288557,wait:0.000000;d:-0.158038
44,224:36,224,no_addition,False,0.0,0.16666666666666666,0.0,0.16666666666666666,0.0,0.16666666666666666,0.0,0.0,3.0,2.0,0.12621087398080955,0.3341076504358636,0.22111542484713326,0.22687027313574393,wait:0.000000;d:-0.127485
44,227:0,227,no_addition,False,0.0,0.16666666666666666,0.0,0.16666666666666666,0.0,0.16666666666666666,0.0,0.0,1.0,0.0,0.21252970006963917,0.47420316210613983,0.28280812642659486,0.18709251348223657,wait:0.000000;d:-0.091462
44,233:36,233,no_addition,False,0.0,0.0,0.0,0.0,0.0,0.0,0.0,0.0,1.0,1.0,0.20184427569670454,0.3961549763047208,0.3661647897859952,0.15654664075523303,wait:0.000000;d:-0.204439
45,4:42,4,d,False,0.029411764705882353,0.029411764705882353,0.029411764705882353,0.029411764705882353,0.029411764705882353,0.029411764705882353,1.0,0.0,3.0,3.0,0.3893100012923151,0.3994775618150332,0.27926556319004636,0.35464408666162095,wait:0.000000;d:0.071240;e:0.005015;d+e:-0.069807
45,5:6,5,no_addition,False,0.08571428571428572,0.02857142857142857,0.08571428571428572,0.02857142857142857,0.08571428571428572,0.02857142857142857,1.0,1.0,3.0,2.0,0.3470274079757374,0.45193558219596935,0.18308441854445756,0.433845016108466,wait:0.000000
45,8:42,8,no_addition,False,0.04838709677419355,0.016129032258064516,0.04838709677419355,0.016129032258064516,0.04838709677419355,0.016129032258064516,5.0,2.0,6.0,5.0,0.3511543902343141,0.42548411668402875,0.43871096148099287,0.32454049269799173,wait:0.410850;d:0.138400
45,16:30,16,no_addition,False,0.05,0.15,0.05,0.15,0.05,0.15,0.0,0.0,2.0,3.0,0.341157414125389,0.17323108283606642,0.2701688498258022,0.3445166186285442,wait:0.000000
45,17:30,17,no_addition,False,0.0,0.05555555555555555,0.0,0.05555555555555555,0.0,0.05555555555555555,2.0,1.0,5.0,1.0,0.5045115413915824,0.5310587409164124,0.3932089785910932,0.19289305664111692,wait:0.000000
45,18:30,18,no_addition,False,0.0,0.0,0.0,0.0,0.0,0.0,1.0,0.0,1.0,2.0,0.6737571316438802,0.18966204903560657,0.32218590380534096,0.32129346926806296,wait:0.000000;e:-0.170536
45,22:12,22,no_addition,False,0.0,0.125,0.0,0.125,0.0,0.125,0.0,0.0,3.0,1.0,0.14159154842543847,0.5267773685722134,0.18691678094765152,0.3066384169441722,wait:0.000000
45,23:24,23,no_addition,False,0.06666666666666667,0.0,0.06666666666666667,0.0,0.06666666666666667,0.0,0.0,0.0,1.0,0.0,0.4716376588723366,0.4719692483929704,0.3253645454843242,0.35952554001985937,wait:0.000000
45,27:36,27,no_addition,False,0.08695652173913043,0.08695652173913043,0.043478260869565216,0.043478260869565216,0.08695652173913043,0.08695652173913043,1.0,0.0,1.0,2.0,0.45558056218648174,0.4286598229049601,0.2935881199428901,0.19089305614918453,wait:0.000000
45,28:24,28,no_addition,False,0.08695652173913043,0.0,0.08695652173913043,0.0,0.08695652173913043,0.0,2.0,0.0,3.0,1.0,0.3400041071364174,0.21329360253934568,0.21676789214977443,0.3311898819821935,wait:0.000000;e:-0.159156
45,34:6,34,no_addition,False,0.07407407407407407,0.037037037037037035,0.037037037037037035,0.037037037037037035,0.07407407407407407,0.037037037037037035,1.0,0.0,6.0,2.0,0.21870352241552946,0.2838798765011888,0.41029205520966294,0.259132452298022,wait:0.000000
45,36:0,36,no_addition,False,0.043478260869565216,0.08695652173913043,0.043478260869565216,0.08695652173913043,0.043478260869565216,0.08695652173913043,1.0,1.0,5.0,0.0,0.3783382525895135,0.5685676611274928,0.40512906552507616,0.4117135715301829,wait:0.000000
45,40:6,40,no_addition,False,0.0,0.08333333333333333,0.0,0.08333333333333333,0.0,0.08333333333333333,0.0,0.0,0.0,0.0,0.42705592860894204,0.48198530675722817,0.40979428068998186,0.24452245876634182,wait:0.000000;d:-0.045305
45,42:0,42,no_addition,False,0.0,0.25,0.0,0.25,0.0,0.25,0.0,0.0,1.0,1.0,0.4071022545359229,0.1625907032458429,0.3370247532265757,0.24077846631759017,wait:0.000000;e:-0.114394
45,47:36,47,no_addition,False,0.0,0.0,0.0,0.0,0.0,0.0,1.0,0.0,2.0,0.0,0.43597038617050254,0.37419668178960197,0.26250270115202495,0.34677176322672726,wait:0.000000;e:-0.029873
45,50:24,50,no_addition,False,0.0,0.07142857142857142,0.0,0.07142857142857142,0.0,0.07142857142857142,0.0,0.0,1.0,0.0,0.41720529620629976,0.33208155967941855,0.2661547469837424,0.44304002761155836,wait:0.000000;e:-0.164059
45,55:0,55,no_addition,False,0.0,0.15384615384615385,0.0,0.15384615384615385,0.0,0.15384615384615385,0.0,0.0,2.0,0.0,0.27450897074081754,0.5774854911041873,0.27604848689772193,0.20498462964758887,wait:0.000000
45,57:18,57,no_addition,False,0.0,0.125,0.0,0.125,0.0,0.125,0.0,0.0,0.0,0.0,0.27034023176218397,0.24647266114050143,0.3472400286318625,0.3211066340402492,wait:0.000000
45,58:0,58,no_addition,False,0.0,0.09090909090909091,0.0,0.09090909090909091,0.0,0.09090909090909091,0.0,0.0,2.0,1.0,0.4372787859513002,0.22182246306368564,0.22916244037719172,0.24746647104540773,wait:0.000000
45,61:42,61,no_addition,False,0.0,0.0,0.0,0.0,0.0,0.0,0.0,1.0,1.0,0.0,0.39951301073619944,0.7285330426047184,0.18580561164042628,0.4120812043284913,wait:0.703475;d:0.604327
45,66:36,66,no_addition,False,0.08333333333333333,0.0,0.08333333333333333,0.0,0.08333333333333333,0.0,1.0,0.0,3.0,3.0,0.4182554252488223,0.11490632806636139,0.34615791012598973,0.26907731313463046,wait:0.000000;e:-0.185624
45,67:36,67,no_addition,False,0.0,0.0,0.0,0.0,0.0,0.0,0.0,0.0,1.0,1.0,0.5375554633733622,0.4035113983532035,0.2185329716196229,0.28206926117262876,wait:0.389633
45,69:30,69,no_addition,False,0.0,0.18181818181818182,0.0,0.18181818181818182,0.0,0.18181818181818182,0.0,0.0,1.0,1.0,0.2221802306094799,0.3013065238526594,0.24663404840115602,0.2835419737293558,wait:0.000000;d:-0.066600
45,77:42,77,no_addition,False,0.0,0.0,0.0,0.0,0.0,0.0,1.0,0.0,0.0,0.0,0.6441656922833027,0.6219717754372014,0.3366534083233555,0.2973670533494849,wait:0.600579;d:0.475573
45,78:42,78,no_addition,False,0.0,0.1111111111111111,0.0,0.1111111111111111,0.0,0.1111111111111111,1.0,0.0,2.0,1.0,0.4532183377283181,0.47524749568166086,0.4290343540047506,0.4147612448852134,wait:0.000000;d:-0.020991
45,79:24,79,no_addition,False,0.0,0.05,0.0,0.05,0.0,0.05,1.0,1.0,2.0,3.0,0.30952834605994506,0.3117805761748458,0.23897090931600617,0.29505392440215095,wait:0.000000
45,83:36,83,no_addition,False,0.09090909090909091,0.0,0.09090909090909091,0.0,0.09090909090909091,0.0,0.0,0.0,2.0,1.0,0.46050477541980084,0.22735130880636428,0.23390109777847373,0.3571275347972728,wait:0.000000;e:-0.172438
45,84:30,84,no_addition,False,0.07692307692307693,0.0,0.07692307692307693,0.0,0.07692307692307693,0.0,2.0,1.0,1.0,0.0,0.6824658030751836,0.5961200056687408,0.23268199664017553,0.26391723968627046,wait:0.000000
45,87:18,87,no_addition,False,0.1,0.1,0.1,0.1,0.1,0.1,0.0,0.0,1.0,2.0,0.4384119973362143,0.18505325073439124,0.19874208893427175,0.3436436205864591,wait:0.000000;e:-0.197036
45,88:24,88,no_addition,False,0.0,0.08333333333333333,0.0,0.08333333333333333,0.0,0.08333333333333333,0.0,0.0,1.0,2.0,0.15889759435125067,0.26037504887330304,0.39659420517047966,0.3668501219482025,wait:0.000000
45,93:24,93,no_addition,False,0.0,0.0,0.0,0.0,0.0,0.0,0.0,0.0,2.0,2.0,0.19424652180937857,0.2943694415471323,0.30315833026947697,0.4141443069013125,wait:0.000000;d:-0.128273;e:-0.149116;d+e:-0.343739
45,94:18,94,no_addition,False,0.15384615384615385,0.07692307692307693,0.07692307692307693,0.07692307692307693,0.15384615384615385,0.07692307692307693,1.0,0.0,2.0,1.0,0.29503885475158953,0.40369358906453995,0.21130127004528027,0.379831501161727,wait:0.000000
45,95:6,95,no_addition,False,0.0,0.0,0.0,0.0,0.0,0.0,0.0,1.0,3.0,2.0,0.12945933686544756,0.3003590135404114,0.3797239704460827,0.26511376606491255,wait:0.000000;d:-0.283169
45,97:24,97,no_addition,False,0.07142857142857142,0.07142857142857142,0.07142857142857142,0.07142857142857142,0.07142857142857142,0.07142857142857142,0.0,0.0,0.0,0.0,0.31952925458877096,0.5993719833286713,0.2979263602414448,0.19097054398465335,wait:0.000000
45,106:36,106,no_addition,False,0.0,0.2,0.0,0.1,0.0,0.2,2.0,0.0,2.0,2.0,0.47342229925350965,0.1623003221344516,0.43743369014725625,0.2613694790372643,wait:0.000000;d:-0.011200
45,107:18,107,no_addition,False,0.0,0.42857142857142855,0.0,0.2857142857142857,0.0,0.42857142857142855,0.0,0.0,0.0,1.0,0.2729552866978575,0.2521756330374521,0.3467836357187902,0.346301213188174,wait:0.000000;d:-0.101035
45,108:0,108,no_addition,False,0.0,0.125,0.0,0.125,0.0,0.125,0.0,0.0,2.0,2.0,0.21343741219816653,0.33515148821059454,0.4051152694937241,0.338331470094529,wait:0.000000;d:-0.232952
45,117:12,117,no_addition,False,0.125,0.0,0.125,0.0,0.125,0.0,0.0,0.0,0.0,0.0,0.7725694518870738,0.5462544645848304,0.21691901016853166,0.2401405260341156,wait:0.000000
45,118:42,118,no_addition,False,0.0,0.0,0.0,0.0,0.0,0.0,1.0,0.0,1.0,1.0,0.5825523064003242,0.20907728796526515,0.3693218264476184,0.32448104313922976,wait:0.562516;e:0.300386
45,120:42,120,d,False,0.0,0.0,0.0,0.0,0.0,0.0,0.0,0.0,1.0,1.0,0.5314145921470848,0.2628473415611705,0.203130339038933,0.3923393420191187,wait:0.000000;d:0.275315
45,124:36,124,no_addition,False,0.08333333333333333,0.08333333333333333,0.08333333333333333,0.08333333333333333,0.08333333333333333,0.08333333333333333,2.0,0.0,1.0,2.0,0.6928795013137534,0.43426804941221375,0.28269525967027936,0.4329874833129065,wait:0.000000;e:-0.062005
45,125:0,125,no_addition,False,0.0,0.0,0.0,0.0,0.0,0.0,0.0,0.0,1.0,1.0,0.2354813323992468,0.34874461770778453,0.3253573236434573,0.3975528526902157,wait:0.000000
45,130:36,130,no_addition,False,0.0,0.0,0.0,0.0,0.0,0.0,0.0,0.0,2.0,1.0,0.4367858318107173,0.4176125845147967,0.4230493057485234,0.17740609687068634,wait:0.000000;d:-0.049800
45,131:12,131,no_addition,False,0.125,0.0,0.125,0.0,0.125,0.0,0.0,0.0,0.0,0.0,0.3563602311849474,0.5871447970231283,0.37036050301005274,0.3889506118451608,wait:0.000000;d:-0.069521
45,143:42,143,e,False,0.0,0.1111111111111111,0.0,0.1111111111111111,0.0,0.1111111111111111,0.0,0.0,1.0,0.0,0.36588712245170646,0.24838345990718685,0.4442587311751047,0.18100586543027986,wait:0.000000;d:-0.114842;e:0.042620;d+e:-0.165888
45,149:30,149,no_addition,False,0.0,0.16666666666666666,0.0,0.16666666666666666,0.0,0.16666666666666666,0.0,0.0,0.0,0.0,0.2713909454604943,0.6541471651235125,0.19879566477615832,0.2298349285341806,wait:0.000000
45,151:42,151,d,False,0.2222222222222222,0.0,0.2222222222222222,0.0,0.2222222222222222,0.0,0.0,0.0,1.0,2.0,0.2903567814722691,0.33351473331447895,0.15189419655477474,0.28845448924404354,wait:0.000000;d:0.109521
45,153:6,153,no_addition,False,0.0,0.0,0.0,0.0,0.0,0.0,0.0,0.0,0.0,0.0,0.49527004045165035,0.7227862591583962,0.25663317833606647,0.3716738497836488,wait:0.000000
45,159:0,159,no_addition,False,0.1111111111111111,0.1111111111111111,0.1111111111111111,0.1111111111111111,0.1111111111111111,0.1111111111111111,0.0,0.0,1.0,1.0,0.5474312548271205,0.5281561931670856,0.3304396796224026,0.39740481919479054,wait:0.000000
45,164:30,164,no_addition,False,0.0,0.0,0.0,0.0,0.0,0.0,0.0,0.0,1.0,1.0,0.28800537381185065,0.16331353911497792,0.2900040903492713,0.4084117408635823,wait:0.000000;e:-0.281377
45,168:0,168,no_addition,False,0.125,0.0,0.125,0.0,0.125,0.0,0.0,0.0,2.0,1.0,0.1755780482129814,0.5002810804162031,0.20714872409089208,0.3434550845162469,wait:0.000000
45,170:0,170,no_addition,False,0.0,0.0,0.0,0.0,0.0,0.0,1.0,0.0,1.0,0.0,0.50516600281619,0.4051155287561089,0.3137915355224336,0.3714260410134784,wait:0.000000
45,176:6,176,no_addition,False,0.0,0.0,0.0,0.0,0.0,0.0,1.0,0.0,0.0,0.0,0.649507682724739,0.7367207112421665,0.29667236080361553,0.19039524472284738,wait:0.000000
45,178:0,178,no_addition,False,0.0,0.14285714285714285,0.0,0.14285714285714285,0.0,0.14285714285714285,1.0,0.0,0.0,1.0,0.4732639665844527,0.42900765647873046,0.30242028894009604,0.25494201983542947,wait:0.000000
45,181:12,181,no_addition,False,0.0,0.0,0.0,0.0,0.0,0.0,0.0,0.0,1.0,1.0,0.5562448725344759,0.2951359056296911,0.39624013053372786,0.3667363039972709,wait:0.000000
45,183:42,183,e,False,0.0,0.0,0.0,0.0,0.0,0.0,0.0,0.0,1.0,1.0,0.4773301090676908,0.3688887812128361,0.24047309146331386,0.24744972533897125,wait:0.000000;e:0.064670
45,184:12,184,no_addition,False,0.0,0.0,0.0,0.0,0.0,0.0,2.0,0.0,0.0,0.0,0.6093055541167139,0.2994402084407679,0.3329551098625529,0.29829461350477027,wait:0.000000
45,187:6,187,no_addition,False,0.0,0.16666666666666666,0.0,0.16666666666666666,0.0,0.16666666666666666,0.0,0.0,1.0,0.0,0.22482733484249073,0.5554585001628527,0.362124988748831,0.31886208323144766,wait:0.000000
45,193:36,193,no_addition,False,0.0,0.0,0.0,0.0,0.0,0.0,1.0,0.0,2.0,0.0,0.48940594315615327,0.6452657660816854,0.19398710184657295,0.3302248422986202,wait:0.472573
45,197:24,197,no_addition,False,0.0,0.0,0.0,0.0,0.0,0.0,0.0,0.0,1.0,0.0,0.306562898358019,0.56166766570625,0.19688231088167402,0.34557495756149265,wait:0.000000
45,199:6,199,no_addition,False,0.0,0.0,0.0,0.0,0.0,0.0,1.0,0.0,1.0,1.0,0.4476610693057633,0.5300935850297215,0.33328785511729253,0.39501652679189125,wait:0.000000
45,201:0,201,no_addition,False,0.0,0.16666666666666666,0.0,0.16666666666666666,0.0,0.16666666666666666,0.0,0.0,0.0,0.0,0.2468416151391679,0.3791861288622632,0.20072772104470216,0.2028797004677988,wait:0.000000
45,202:24,202,no_addition,False,0.0,0.0,0.0,0.0,0.0,0.0,0.0,0.0,1.0,0.0,0.5045428445156837,0.21672926048736668,0.28961011207828935,0.25946474351074944,wait:0.000000;e:-0.084338
45,203:18,203,no_addition,False,0.0,0.0,0.0,0.0,0.0,0.0,0.0,0.0,0.0,0.0,0.6998933756450564,0.5135264455480919,0.411197420235476,0.35280032812438555,wait:0.000000
45,205:36,205,no_addition,False,0.0,0.0,0.0,0.0,0.0,0.0,0.0,0.0,1.0,1.0,0.3029972965935572,0.47037263045655686,0.37383117714299735,0.2985107416432016,wait:0.000000;d:-0.121035
45,207:0,207,no_addition,False,0.0,0.14285714285714285,0.0,0.14285714285714285,0.0,0.14285714285714285,0.0,0.0,0.0,1.0,0.6384098086343788,0.3030034806354711,0.22389468572080504,0.4005758577642238,wait:0.000000
45,208:18,208,no_addition,False,0.0,0.0,0.0,0.0,0.0,0.0,0.0,1.0,0.0,0.0,0.31157911934780236,0.7703618039908129,0.3859596365912661,0.34099353141222527,wait:0.000000
45,210:30,210,no_addition,False,0.0,0.0,0.0,0.0,0.0,0.0,0.0,0.0,0.0,1.0,0.2067993238979164,0.5054272613335347,0.2334915451941302,0.4483397378262869,wait:0.000000
45,214:6,214,no_addition,False,0.0,0.0,0.0,0.0,0.0,0.0,0.0,0.0,0.0,0.0,0.6973777556884364,0.6322656244963211,0.443590841096819,0.2925123474407271,wait:0.000000
45,215:24,215,no_addition,False,0.0,0.0,0.0,0.0,0.0,0.0,0.0,0.0,1.0,0.0,0.2210420859453333,0.37994453684031615,0.4330328298258135,0.2810765607108209,wait:0.000000
45,216:30,216,no_addition,False,0.0,0.0,0.0,0.0,0.0,0.0,1.0,0.0,0.0,0.0,0.5223037862230111,0.37755529813170224,0.3716142051303562,0.3663120173657725,wait:0.000000;e:-0.046390
45,218:0,218,no_addition,False,0.0,0.0,0.0,0.0,0.0,0.0,0.0,0.0,0.0,0.0,0.5478474919216988,0.6953990924246174,0.22402292046599662,0.387614879129818,wait:0.000000
45,219:30,219,no_addition,False,0.0,0.0,0.0,0.0,0.0,0.0,0.0,0.0,0.0,0.0,0.3752902680647157,0.2554602095816274,0.2189030648837487,0.1653723697381658,wait:0.000000
45,221:12,221,no_addition,False,0.16666666666666666,0.0,0.16666666666666666,0.0,0.16666666666666666,0.0,0.0,0.0,0.0,0.0,0.642462249631158,0.36221451903550406,0.29910832062944887,0.2701802264111867,wait:0.000000
45,223:36,223,no_addition,False,0.16666666666666666,0.0,0.16666666666666666,0.0,0.16666666666666666,0.0,0.0,0.0,1.0,1.0,0.27408932591805646,0.4564614860193994,0.38480721778437793,0.23046662342288557,wait:0.000000;d:-0.158038
45,224:36,224,no_addition,False,0.0,0.16666666666666666,0.0,0.16666666666666666,0.0,0.16666666666666666,0.0,0.0,3.0,2.0,0.12621087398080955,0.3341076504358636,0.22111542484713326,0.22687027313574393,wait:0.000000;d:-0.127485
45,227:0,227,no_addition,False,0.0,0.3333333333333333,0.0,0.3333333333333333,0.0,0.3333333333333333,0.0,0.0,1.0,0.0,0.21252970006963917,0.47420316210613983,0.28280812642659486,0.18064104750009047,wait:0.000000;d:-0.091462
45,230:24,230,no_addition,False,0.0,0.0,0.0,0.0,0.0,0.0,1.0,0.0,1.0,0.0,0.3822251822691513,0.6201557140712746,0.3394288452220377,0.2584575639361246,wait:0.369079
45,233:36,233,no_addition,False,0.0,0.0,0.0,0.0,0.0,0.0,0.0,0.0,1.0,1.0,0.20184427569670454,0.3961549763047208,0.3661647897859952,0.15654664075523303,wait:0.000000;d:-0.204439
45,238:42,238,no_addition,False,0.0,0.0,0.0,0.0,0.0,0.0,0.0,0.0,0.0,0.0,0.44148802370075735,0.8200127207815411,0.42039594827363097,0.35010745305190616,wait:0.000000;d:-0.042913
46,5:6,5,no_addition,False,0.02857142857142857,0.02857142857142857,0.0,0.02857142857142857,0.02857142857142857,0.02857142857142857,3.0,2.0,4.0,2.0,0.43238080536245244,0.5254663686216438,0.1852133071321838,0.433845016108466,wait:0.000000
46,16:30,16,no_addition,False,0.0,0.1,0.0,0.1,0.0,0.1,1.0,1.0,2.0,3.0,0.46272762961493996,0.28378211468137193,0.2728978281068709,0.3480683363463643,wait:0.000000
46,17:30,17,no_addition,False,0.027777777777777776,0.027777777777777776,0.027777777777777776,0.027777777777777776,0.027777777777777776,0.027777777777777776,2.0,2.0,5.0,1.0,0.5045115413915824,0.6034705125067114,0.39102448426558717,0.19397672549865128,wait:0.000000
46,18:30,18,no_addition,False,0.0,0.0,0.0,0.0,0.0,0.0,0.0,0.0,1.0,2.0,0.5527166535845269,0.18966204903560657,0.32218590380534096,0.32129346926806296,wait:0.000000;e:-0.170536
46,22:12,22,no_addition,False,0.041666666666666664,0.08333333333333333,0.041666666666666664,0.08333333333333333,0.041666666666666664,0.08333333333333333,0.0,2.0,3.0,1.0,0.14159154842543847,0.7138965038781677,0.1853591411064211,0.3092592581146352,wait:0.000000
46,23:24,23,no_addition,False,0.13333333333333333,0.0,0.06666666666666667,0.0,0.13333333333333333,0.0,0.0,0.0,2.0,0.0,0.4042608504620028,0.4719692483929704,0.3209677273021036,0.35952554001985937,wait:0.000000
46,27:36,27,no_addition,False,0.043478260869565216,0.043478260869565216,0.043478260869565216,0.043478260869565216,0.043478260869565216,0.043478260869565216,1.0,1.0,1.0,2.0,0.45558056218648174,0.5429381709962134,0.2961862448981369,0.1925823752301508,wait:0.000000
46,28:24,28,no_addition,False,0.043478260869565216,0.0,0.043478260869565216,0.0,0.043478260869565216,0.0,3.0,0.0,3.0,1.0,0.39314684693251967,0.21329360253934568,0.21868619208030343,0.3311898819821935,wait:0.000000;e:-0.159156
46,34:6,34,no_addition,False,0.037037037037037035,0.037037037037037035,0.0,0.037037037037037035,0.037037037037037035,0.037037037037037035,1.0,1.0,7.0,2.0,0.2078490746538535,0.4102232201260897,0.4133769578804123,0.259132452298022,wait:0.000000
46,36:0,36,no_addition,False,0.0,0.043478260869565216,0.0,0.043478260869565216,0.0,0.043478260869565216,2.0,2.0,5.0,0.0,0.4361690264294507,0.6302008523949939,0.40868282925775223,0.4153570544640784,wait:0.000000
46,40:6,40,no_addition,False,0.0,0.0,0.0,0.0,0.0,0.0,0.0,1.0,0.0,0.0,0.42705592860894204,0.6373897147300597,0.40979428068998186,0.24866690722000864,wait:0.000000;d:-0.045305
46,42:0,42,e,False,0.0,0.125,0.0,0.125,0.0,0.125,0.0,1.0,1.0,1.0,0.4071022545359229,0.3393634599250082,0.3370247532265757,0.24711474174700043,wait:0.000000;e:0.038423
46,47:36,47,no_addition,False,0.0,0.0,0.0,0.0,0.0,0.0,1.0,0.0,1.0,0.0,0.5119676940041846,0.37419668178960197,0.26250270115202495,0.34677176322672726,wait:0.000000;e:-0.029873
46,50:24,50,no_addition,False,0.0,0.07142857142857142,0.0,0.07142857142857142,0.0,0.07142857142857142,0.0,0.0,1.0,0.0,0.41720529620629976,0.33208155967941855,0.2661547469837424,0.44304002761155836,wait:0.000000;e:-0.164059
46,55:0,55,no_addition,False,0.0,0.07692307692307693,0.0,0.07692307692307693,0.0,0.07692307692307693,0.0,1.0,2.0,0.0,0.27450897074081754,0.7042398437729311,0.27604848689772193,0.20823835392770934,wait:0.000000
46,57:18,57,no_addition,False,0.125,0.0,0.125,0.0,0.125,0.0,0.0,1.0,0.0,0.0,0.27034023176218397,0.472530862798351,0.3385590279160659,0.32934013747717866,wait:0.000000
46,58:0,58,no_addition,False,0.0,0.0,0.0,0.0,0.0,0.0,0.0,1.0,2.0,1.0,0.4372787859513002,0.3901335397688733,0.22916244037719172,0.25204918347217453,wait:0.000000
46,66:36,66,no_addition,False,0.08333333333333333,0.0,0.0,0.0,0.08333333333333333,0.0,1.0,0.0,4.0,3.0,0.3867840627392522,0.11490632806636139,0.34615791012598973,0.26907731313463046,wait:0.000000;e:-0.185624
46,69:30,69,no_addition,False,0.0,0.09090909090909091,0.0,0.09090909090909091,0.0,0.09090909090909091,0.0,1.0,1.0,1.0,0.2221802306094799,0.4582627347308509,0.24663404840115602,0.28889182229028704,wait:0.000000;d:-0.066600
46,77:42,77,d,False,0.0,0.0,0.0,0.0,0.0,0.0,1.0,0.0,0.0,0.0,0.6441656922833027,0.6219717754372014,0.3366534083233555,0.2973670533494849,wait:0.000000;d:0.223305
46,78:42,78,no_addition,False,0.0,0.1111111111111111,0.0,0.1111111111111111,0.0,0.1111111111111111,1.0,0.0,2.0,1.0,0.4532183377283181,0.47524749568166086,0.4290343540047506,0.4147612448852134,wait:0.000000;d:-0.020991
46,79:24,79,no_addition,False,0.0,0.05,0.0,0.05,0.0,0.05,0.0,1.0,2.0,3.0,0.17403092297448552,0.3117805761748458,0.23897090931600617,0.29505392440215095,wait:0.000000
46,83:36,83,no_addition,False,0.09090909090909091,0.0,0.0,0.0,0.09090909090909091,0.0,0.0,0.0,3.0,1.0,0.42212937746815077,0.22735130880636428,0.23390109777847373,0.3571275347972728,wait:0.000000;e:-0.172438
46,84:30,84,no_addition,False,0.07692307692307693,0.0,0.07692307692307693,0.0,0.07692307692307693,0.0,3.0,1.0,1.0,0.0,0.7216040319983554,0.5961200056687408,0.23268199664017553,0.26391723968627046,wait:0.000000
46,87:18,87,no_addition,False,0.0,0.1,0.0,0.0,0.0,0.1,1.0,0.0,1.0,3.0,0.5757817120024694,0.1696321465065253,0.20279804993293035,0.3436436205864591,wait:0.000000;e:-0.210920
46,88:24,88,no_addition,False,0.0,0.08333333333333333,0.0,0.08333333333333333,0.0,0.08333333333333333,0.0,0.0,1.0,2.0,0.15889759435125067,0.26037504887330304,0.39659420517047966,0.3668501219482025,wait:0.000000
46,92:42,92,no_addition,False,0.0,0.0,0.0,0.0,0.0,0.0,0.0,0.0,1.0,1.0,0.35560673224742106,0.26960635110747183,0.3858598466874202,0.1918431630110436,wait:0.260333;d:0.091286
46,93:24,93,no_addition,False,0.0,0.09090909090909091,0.0,0.09090909090909091,0.0,0.09090909090909091,0.0,0.0,1.0,2.0,0.22662094211094166,0.2943694415471323,0.30315833026947697,0.4066144104121977,wait:0.000000;d:-0.099126;e:-0.141586;d+e:-0.314787
46,94:18,94,no_addition,False,0.07692307692307693,0.07692307692307693,0.0,0.07692307692307693,0.07692307692307693,0.07692307692307693,1.0,1.0,3.0,1.0,0.25712764449241193,0.5460230763410343,0.21465525845869743,0.379831501161727,wait:0.000000
46,95:6,95,no_addition,False,0.09090909090909091,0.0,0.09090909090909091,0.0,0.09090909090909091,0.0,0.0,1.0,3.0,2.0,0.12945933686544756,0.3003590135404114,0.3728198982561539,0.26511376606491255,wait:0.000000;d:-0.276264
46,97:24,97,no_addition,False,0.21428571428571427,0.0,0.14285714285714285,0.0,0.21428571428571427,0.0,0.0,1.0,1.0,0.0,0.22367047821213967,0.7195603883300699,0.28929081356777975,0.19373823302790918,wait:0.000000
46,106:36,106,no_addition,False,0.0,0.0,0.0,0.0,0.0,0.0,2.0,1.0,2.0,2.0,0.47342229925350965,0.298775295289914,0.43743369014725625,0.27225987399715035,wait:0.000000;d:-0.011200
46,107:18,107,no_addition,False,0.0,0.0,0.0,0.0,0.0,0.0,0.0,2.0,0.0,1.0,0.2729552866978575,0.4981379973865695,0.3467836357187902,0.3787669519245653,wait:0.000000;d:-0.101035
46,108:0,108,no_addition,False,0.0,0.125,0.0,0.0,0.0,0.125,0.0,0.0,2.0,3.0,0.21343741219816653,0.30722219752637836,0.4051152694937241,0.338331470094529,wait:0.000000;d:-0.232952
46,112:42,112,no_addition,False,0.25,0.0,0.25,0.0,0.25,0.0,1.0,1.0,1.0,0.0,0.35757173350848565,0.4997867587469058,0.21141694466262004,0.20283773666009824,wait:0.000000
46,114:42,114,e,False,0.1111111111111111,0.0,0.1111111111111111,0.0,0.1111111111111111,0.0,0.0,1.0,0.0,1.0,0.27519872472770845,0.35976518865349816,0.17065634692470055,0.2931344639470809,wait:0.000000;e:0.010771
46,117:12,117,no_addition,False,0.125,0.0,0.0,0.0,0.125,0.0,0.0,0.0,1.0,0.0,0.5407986163209517,0.5462544645848304,0.21691901016853166,0.2401405260341156,wait:0.000000
46,124:36,124,no_addition,False,0.0,0.16666666666666666,0.0,0.16666666666666666,0.0,0.16666666666666666,3.0,0.0,1.0,2.0,0.7314497103330031,0.43426804941221375,0.28748670474943666,0.42564871240929797,wait:0.000000;e:-0.054667
46,125:0,125,no_addition,False,0.0,0.0,0.0,0.0,0.0,0.0,0.0,0.0,1.0,1.0,0.2354813323992468,0.34874461770778453,0.3253573236434573,0.3975528526902157,wait:0.000000
46,130:36,130,no_addition,False,0.0,0.0,0.0,0.0,0.0,0.0,0.0,0.0,2.0,1.0,0.4367858318107173,0.4176125845147967,0.4230493057485234,0.17740609687068634,wait:0.000000;d:-0.049800
46,131:12,131,no_addition,False,0.125,0.0,0.125,0.0,0.125,0.0,0.0,0.0,0.0,0.0,0.3563602311849474,0.5871447970231283,0.37036050301005274,0.3889506118451608,wait:0.000000;d:-0.069521
46,149:30,149,no_addition,False,0.0,0.0,0.0,0.0,0.0,0.0,0.0,1.0,0.0,0.0,0.2713909454604943,0.7579030155864587,0.19879566477615832,0.2377602708974282,wait:0.000000
46,153:6,153,no_addition,False,0.0,0.0,0.0,0.0,0.0,0.0,0.0,0.0,0.0,0.0,0.49527004045165035,0.7227862591583962,0.25663317833606647,0.3716738497836488,wait:0.000000
46,159:0,159,no_addition,False,0.1111111111111111,0.0,0.1111111111111111,0.0,0.1111111111111111,0.0,0.0,1.0,1.0,1.0,0.5474312548271205,0.6527053084289305,0.3304396796224026,0.4064367469037631,wait:0.000000
46,164:30,164,no_addition,False,0.0,0.0,0.0,0.0,0.0,0.0,0.0,0.0,1.0,1.0,0.28800537381185065,0.16331353911497792,0.2900040903492713,0.4084117408635823,wait:0.000000;e:-0.281377
46,168:0,168,no_addition,False,0.25,0.0,0.25,0.0,0.25,0.0,0.0,0.0,2.0,1.0,0.1755780482129814,0.5002810804162031,0.20183721834497176,0.3434550845162469,wait:0.000000
46,169:42,169,no_addition,False,0.125,0.0,0.125,0.0,0.125,0.0,1.0,0.0,2.0,3.0,0.4514709960578943,0.17408461323896815,0.32010497296506746,0.35255123439538055,wait:0.000000;e:-0.215819
46,170:0,170,no_addition,False,0.0,0.0,0.0,0.0,0.0,0.0,1.0,0.0,1.0,0.0,0.50516600281619,0.4051155287561089,0.3137915355224336,0.3714260410134784,wait:0.000000
46,176:6,176,no_addition,False,0.0,0.0,0.0,0.0,0.0,0.0,1.0,0.0,0.0,0.0,0.649507682724739,0.7367207112421665,0.29667236080361553,0.19039524472284738,wait:0.000000
46,178:0,178,no_addition,False,0.0,0.14285714285714285,0.0,0.14285714285714285,0.0,0.14285714285714285,1.0,0.0,0.0,1.0,0.4732639665844527,0.42900765647873046,0.30242028894009604,0.25494201983542947,wait:0.000000
46,181:12,181,no_addition,False,0.0,0.0,0.0,0.0,0.0,0.0,0.0,0.0,1.0,1.0,0.5562448725344759,0.2951359056296911,0.39624013053372786,0.3667363039972709,wait:0.000000
46,183:42,183,no_addition,False,0.0,0.0,0.0,0.0,0.0,0.0,0.0,0.0,1.0,1.0,0.4773301090676908,0.3688887812128361,0.24047309146331386,0.24744972533897125,wait:0.343950
46,184:12,184,no_addition,False,0.0,0.0,0.0,0.0,0.0,0.0,2.0,0.0,0.0,0.0,0.6093055541167139,0.2994402084407679,0.3329551098625529,0.29829461350477027,wait:0.000000
46,187:6,187,no_addition,False,0.0,0.0,0.0,0.0,0.0,0.0,0.0,1.0,1.0,0.0,0.22482733484249073,0.6888209501139968,0.362124988748831,0.3298573274808079,wait:0.000000
46,190:42,190,no_addition,False,0.0,0.0,0.0,0.0,0.0,0.0,1.0,0.0,0.0,0.0,0.5672903645035177,0.21070133607559938,0.2462220142384974,0.43170014863589884,wait:0.547779;e:0.181865
46,197:24,197,no_addition,False,0.0,0.0,0.0,0.0,0.0,0.0,0.0,0.0,1.0,0.0,0.306562898358019,0.56166766570625,0.19688231088167402,0.34557495756149265,wait:0.000000
46,199:6,199,no_addition,False,0.0,0.0,0.0,0.0,0.0,0.0,1.0,0.0,1.0,1.0,0.4476610693057633,0.5300935850297215,0.33328785511729253,0.39501652679189125,wait:0.000000
46,201:0,201,no_addition,False,0.0,0.0,0.0,0.0,0.0,0.0,0.0,1.0,0.0,0.0,0.2468416151391679,0.5654302902035843,0.20072772104470216,0.20987555220806772,wait:0.000000
46,202:24,202,no_addition,False,0.0,0.0,0.0,0.0,0.0,0.0,0.0,0.0,1.0,0.0,0.5045428445156837,0.21672926048736668,0.28961011207828935,0.25946474351074944,wait:0.000000;e:-0.084338
46,203:18,203,no_addition,False,0.0,0.0,0.0,0.0,0.0,0.0,0.0,0.0,0.0,0.0,0.6998933756450564,0.5135264455480919,0.411197420235476,0.35280032812438555,wait:0.000000
46,205:36,205,no_addition,False,0.0,0.0,0.0,0.0,0.0,0.0,0.0,0.0,1.0,1.0,0.3029972965935572,0.47037263045655686,0.37383117714299735,0.2985107416432016,wait:0.000000;d:-0.121035
46,207:0,207,no_addition,False,0.0,0.0,0.0,0.0,0.0,0.0,0.0,1.0,0.0,1.0,0.6384098086343788,0.4597172691161181,0.22389468572080504,0.4123575006396421,wait:0.000000
46,208:18,208,no_addition,False,0.16666666666666666,0.0,0.16666666666666666,0.0,0.16666666666666666,0.0,0.0,1.0,0.0,0.0,0.31157911934780236,0.7703618039908129,0.37309431537155724,0.34099353141222527,wait:0.000000
46,210:30,210,no_addition,False,0.0,0.0,0.0,0.0,0.0,0.0,0.0,0.0,0.0,1.0,0.2067993238979164,0.5054272613335347,0.2334915451941302,0.4483397378262869,wait:0.000000
46,214:6,214,no_addition,False,0.0,0.0,0.0,0.0,0.0,0.0,0.0,0.0,0.0,0.0,0.6973777556884364,0.6322656244963211,0.443590841096819,0.2925123474407271,wait:0.000000
46,215:24,215,no_addition,False,0.0,0.0,0.0,0.0,0.0,0.0,0.0,0.0,1.0,0.0,0.2210420859453333,0.37994453684031615,0.4330328298258135,0.2810765607108209,wait:0.000000
46,216:30,216,no_addition,False,0.0,0.0,0.0,0.0,0.0,0.0,1.0,0.0,0.0,0.0,0.5223037862230111,0.37755529813170224,0.3716142051303562,0.3663120173657725,wait:0.000000;e:-0.046390
46,218:0,218,no_addition,False,0.0,0.0,0.0,0.0,0.0,0.0,0.0,0.0,0.0,0.0,0.5478474919216988,0.6953990924246174,0.22402292046599662,0.387614879129818,wait:0.000000
46,219:30,219,no_addition,False,0.0,0.0,0.0,0.0,0.0,0.0,0.0,0.0,0.0,0.0,0.3752902680647157,0.2554602095816274,0.2189030648837487,0.1653723697381658,wait:0.000000
46,221:12,221,no_addition,False,0.3333333333333333,0.0,0.16666666666666666,0.0,0.3333333333333333,0.0,0.0,0.0,1.0,0.0,0.4497235747418107,0.36221451903550406,0.2887942406077437,0.2701802264111867,wait:0.000000
46,223:36,223,no_addition,False,0.16666666666666666,0.0,0.0,0.0,0.16666666666666666,0.0,0.0,0.0,2.0,1.0,0.2349337079297627,0.4564614860193994,0.38480721778437793,0.23046662342288557,wait:0.000000;d:-0.193291
46,224:36,224,no_addition,False,0.0,0.0,0.0,0.0,0.0,0.0,0.0,1.0,3.0,2.0,0.12621087398080955,0.45626534623287496,0.22111542484713326,0.2346933860024937,wait:0.000000;d:-0.127485
46,227:0,227,no_addition,False,0.0,0.16666666666666666,0.0,0.16666666666666666,0.0,0.16666666666666666,0.0,1.0,1.0,0.0,0.21252970006963917,0.6319422134742978,0.28280812642659486,0.18709251348223657,wait:0.000000;d:-0.091462
46,233:36,233,no_addition,False,0.0,0.0,0.0,0.0,0.0,0.0,0.0,0.0,1.0,1.0,0.20184427569670454,0.3961549763047208,0.3661647897859952,0.15654664075523303,wait:0.000000;d:-0.204439
46,235:42,235,no_addition,False,0.0,0.0,0.0,0.0,0.0,0.0,1.0,0.0,1.0,0.0,0.6640474842929618,0.34421760689047476,0.38555152318005487,0.4069681172668978,wait:0.000000;e:-0.117061
46,237:42,237,no_addition,False,0.0,0.0,0.0,0.0,0.0,0.0,0.0,1.0,0.0,0.0,0.382901564545861,0.7323459312222742,0.3982392250083961,0.3660945120808948,wait:0.000000;d:-0.073504
46,238:42,238,no_addition,False,0.0,0.0,0.0,0.0,0.0,0.0,0.0,0.0,0.0,0.0,0.44148802370075735,0.8200127207815411,0.42039594827363097,0.35010745305190616,wait:0.000000;d:-0.042913
47,5:6,5,no_addition,False,0.0,0.05714285714285714,0.0,0.05714285714285714,0.0,0.05714285714285714,3.0,2.0,3.0,2.0,0.4692014250322822,0.5254663686216438,0.18627775142604694,0.43135165394692304,wait:0.000000
47,16:30,16,no_addition,False,0.0,0.1,0.0,0.0,0.0,0.1,1.0,1.0,1.0,5.0,0.541157414125389,0.23869757964743527,0.2728978281068709,0.3480683363463643,wait:0.000000
47,17:30,17,no_addition,False,0.027777777777777776,0.027777777777777776,0.027777777777777776,0.027777777777777776,0.027777777777777776,0.027777777777777776,2.0,2.0,5.0,1.0,0.5045115413915824,0.6034705125067114,0.39102448426558717,0.19397672549865128,wait:0.000000
47,18:30,18,no_addition,False,0.0,0.0,0.0,0.0,0.0,0.0,0.0,0.0,1.0,1.0,0.5527166535845269,0.22127239054154096,0.32218590380534096,0.32129346926806296,wait:0.000000;e:-0.142077
47,20:42,20,no_addition,False,0.05555555555555555,0.05555555555555555,0.05555555555555555,0.05555555555555555,0.05555555555555555,0.05555555555555555,1.0,1.0,3.0,2.0,0.31452970184430223,0.4874992407905472,0.41382665430445026,0.42250971469591825,wait:0.000000;d:-0.150648
47,22:12,22,no_addition,False,0.041666666666666664,0.041666666666666664,0.041666666666666664,0.041666666666666664,0.041666666666666664,0.041666666666666664,0.0,3.0,2.0,1.0,0.1544635073732056,0.7513203309393585,0.1853591411064211,0.31188009928509824,wait:0.000000
47,23:24,23,no_addition,False,0.06666666666666667,0.06666666666666667,0.06666666666666667,0.06666666666666667,0.06666666666666667,0.06666666666666667,0.0,0.0,2.0,0.0,0.4042608504620028,0.4719692483929704,0.3253645454843242,0.3547318661529279,wait:0.000000
47,27:36,27,no_addition,False,0.043478260869565216,0.043478260869565216,0.043478260869565216,0.043478260869565216,0.043478260869565216,0.043478260869565216,1.0,1.0,1.0,2.0,0.45558056218648174,0.5429381709962134,0.2961862448981369,0.1925823752301508,wait:0.000000
47,28:24,28,no_addition,False,0.043478260869565216,0.0,0.043478260869565216,0.0,0.043478260869565216,0.0,3.0,0.0,3.0,1.0,0.39314684693251967,0.21329360253934568,0.21868619208030343,0.3311898819821935,wait:0.000000;e:-0.159156
47,34:6,34,no_addition,False,0.0,0.07407407407407407,0.0,0.07407407407407407,0.0,0.07407407407407407,1.0,1.0,7.0,2.0,0.2078490746538535,0.4102232201260897,0.41646186055116163,0.2571986280271413,wait:0.000000
47,36:0,36,no_addition,False,0.0,0.0,0.0,0.0,0.0,0.0,2.0,3.0,4.0,0.0,0.4640525383037992,0.6610174480287444,0.40868282925775223,0.41900053739797377,wait:0.000000
47,40:6,40,no_addition,False,0.0,0.08333333333333333,0.0,0.08333333333333333,0.0,0.08333333333333333,0.0,1.0,0.0,0.0,0.42705592860894204,0.6373897147300597,0.40979428068998186,0.24452245876634182,wait:0.000000;d:-0.045305
47,42:0,42,no_addition,False,0.0,0.0,0.0,0.0,0.0,0.0,0.0,2.0,0.0,1.0,0.5815746493370327,0.42774983826459084,0.3370247532265757,0.2534510171764107,wait:0.398831
47,47:36,47,no_addition,False,0.0,0.0,0.0,0.0,0.0,0.0,0.0,0.0,0.0,0.0,0.519946156673641,0.37419668178960197,0.26250270115202495,0.34677176322672726,wait:0.000000;e:-0.029873
47,50:24,50,no_addition,False,0.0,0.07142857142857142,0.0,0.0,0.0,0.07142857142857142,0.0,0.0,0.0,1.0,0.5960075660089996,0.23245709177559298,0.2661547469837424,0.44304002761155836,wait:0.000000;e:-0.253753
47,55:0,55,no_addition,False,0.0,0.07692307692307693,0.0,0.07692307692307693,0.0,0.07692307692307693,0.0,1.0,2.0,0.0,0.27450897074081754,0.7042398437729311,0.27604848689772193,0.20823835392770934,wait:0.000000
47,57:18,57,no_addition,False,0.125,0.0,0.125,0.0,0.125,0.0,0.0,1.0,0.0,0.0,0.27034023176218397,0.472530862798351,0.3385590279160659,0.32934013747717866,wait:0.000000
47,58:0,58,no_addition,False,0.0,0.0,0.0,0.0,0.0,0.0,0.0,1.0,2.0,1.0,0.4372787859513002,0.3901335397688733,0.22916244037719172,0.25204918347217453,wait:0.000000
47,66:36,66,no_addition,False,0.0,0.0,0.0,0.0,0.0,0.0,1.0,0.0,2.0,3.0,0.46546246901317745,0.11490632806636139,0.35202499334846415,0.26907731313463046,wait:0.000000;e:-0.185624
47,69:30,69,no_addition,False,0.0,0.09090909090909091,0.0,0.0,0.0,0.09090909090909091,0.0,1.0,1.0,2.0,0.2221802306094799,0.3867408401699467,0.24663404840115602,0.28889182229028704,wait:0.000000;d:-0.066600
47,77:42,77,no_addition,False,0.0,0.0,0.0,0.0,0.0,0.0,0.0,0.0,0.0,0.0,0.4916652746904324,0.6219717754372014,0.3366534083233555,0.2973670533494849,wait:0.458426
47,78:42,78,no_addition,False,0.0,0.1111111111111111,0.0,0.0,0.0,0.1111111111111111,0.0,0.0,2.0,2.0,0.3307836411581652,0.4073549962985664,0.4290343540047506,0.4147612448852134,wait:0.000000;d:-0.131222
47,79:24,79,no_addition,False,0.0,0.05,0.0,0.0,0.0,0.05,0.0,1.0,2.0,4.0,0.17403092297448552,0.28440440016812096,0.23897090931600617,0.29505392440215095,wait:0.000000
47,83:36,83,no_addition,False,0.0,0.0,0.0,0.0,0.0,0.0,0.0,0.0,3.0,1.0,0.42212937746815077,0.22735130880636428,0.23823259958918622,0.3571275347972728,wait:0.000000;e:-0.172438
47,84:30,84,no_addition,False,0.07692307692307693,0.0,0.07692307692307693,0.0,0.07692307692307693,0.0,2.0,1.0,1.0,0.0,0.6824658030751836,0.5961200056687408,0.23268199664017553,0.26391723968627046,wait:0.000000
47,87:18,87,no_addition,False,0.0,0.0,0.0,0.0,0.0,0.0,1.0,0.0,1.0,3.0,0.5757817120024694,0.1696321465065253,0.20279804993293035,0.35065675570046845,wait:0.000000;e:-0.217933
47,88:24,88,no_addition,False,0.0,0.0,0.0,0.0,0.0,0.0,0.0,1.0,1.0,2.0,0.15889759435125067,0.3886771281338611,0.39659420517047966,0.3730679206252907,wait:0.000000
47,93:24,93,no_addition,False,0.0,0.09090909090909091,0.0,0.09090909090909091,0.0,0.09090909090909091,0.0,0.0,1.0,1.0,0.22662094211094166,0.34343101513832097,0.30315833026947697,0.4066144104121977,wait:0.000000;d:-0.099126;e:-0.097415;d+e:-0.279628
47,94:18,94,no_addition,False,0.0,0.07692307692307693,0.0,0.07692307692307693,0.0,0.07692307692307693,1.0,1.0,3.0,1.0,0.25712764449241193,0.5460230763410343,0.21800924687211456,0.379831501161727,wait:0.000000
47,95:6,95,no_addition,False,0.09090909090909091,0.0,0.09090909090909091,0.0,0.09090909090909091,0.0,0.0,1.0,3.0,2.0,0.12945933686544756,0.3003590135404114,0.3728198982561539,0.26511376606491255,wait:0.000000;d:-0.276264
47,97:24,97,no_addition,False,0.14285714285714285,0.0,0.14285714285714285,0.0,0.14285714285714285,0.0,0.0,1.0,1.0,0.0,0.22367047821213967,0.7195603883300699,0.2936085869046123,0.19373823302790918,wait:0.000000
47,100:42,100,no_addition,False,0.0,0.09090909090909091,0.0,0.0,0.0,0.09090909090909091,0.0,0.0,2.0,2.0,0.40464526130422973,0.174180688506415,0.36878883914846133,0.3456157743554624,wait:0.390728
47,106:36,106,no_addition,False,0.0,0.0,0.0,0.0,0.0,0.0,2.0,1.0,2.0,2.0,0.47342229925350965,0.298775295289914,0.43743369014725625,0.27225987399715035,wait:0.000000;d:-0.011200
47,107:18,107,no_addition,False,0.0,0.0,0.0,0.0,0.0,0.0,0.0,2.0,0.0,1.0,0.2729552866978575,0.4981379973865695,0.3467836357187902,0.3787669519245653,wait:0.000000;d:-0.101035
47,108:0,108,no_addition,False,0.0,0.0,0.0,0.0,0.0,0.0,0.0,0.0,2.0,3.0,0.21343741219816653,0.30722219752637836,0.4051152694937241,0.34700663599438875,wait:0.000000;d:-0.232952
47,112:42,112,no_addition,False,0.25,0.0,0.25,0.0,0.25,0.0,1.0,1.0,1.0,0.0,0.35757173350848565,0.4997867587469058,0.21141694466262004,0.20283773666009824,wait:0.000000
47,114:42,114,no_addition,False,0.1111111111111111,0.0,0.1111111111111111,0.0,0.1111111111111111,0.0,0.0,1.0,0.0,1.0,0.27519872472770845,0.35976518865349816,0.17065634692470055,0.2931344639470809,wait:0.335443
47,117:12,117,no_addition,False,0.0,0.125,0.0,0.125,0.0,0.125,0.0,0.0,1.0,0.0,0.5407986163209517,0.5462544645848304,0.22248103607028888,0.2341370128832627,wait:0.000000
47,124:36,124,no_addition,False,0.0,0.16666666666666666,0.0,0.08333333333333333,0.0,0.16666666666666666,3.0,0.0,1.0,3.0,0.7314497103330031,0.39807904529452925,0.28748670474943666,0.42564871240929797,wait:0.000000;e:-0.087248
47,125:0,125,no_addition,False,0.0,0.0,0.0,0.0,0.0,0.0,0.0,0.0,1.0,1.0,0.2354813323992468,0.34874461770778453,0.3253573236434573,0.3975528526902157,wait:0.000000
47,126:42,126,d,False,0.0,0.0,0.0,0.0,0.0,0.0,0.0,0.0,2.0,1.0,0.2275260028114076,0.5425223569266017,0.1817981979992302,0.4042363712280874,wait:0.000000;d:0.003049
47,130:36,130,no_addition,False,0.0,0.0,0.0,0.0,0.0,0.0,0.0,0.0,2.0,1.0,0.4367858318107173,0.4176125845147967,0.4230493057485234,0.17740609687068634,wait:0.000000;d:-0.049800
47,131:12,131,no_addition,False,0.125,0.0,0.125,0.0,0.125,0.0,0.0,0.0,0.0,0.0,0.3563602311849474,0.5871447970231283,0.37036050301005274,0.3889506118451608,wait:0.000000;d:-0.069521
47,149:30,149,no_addition,False,0.0,0.0,0.0,0.0,0.0,0.0,0.0,1.0,0.0,0.0,0.2713909454604943,0.7579030155864587,0.19879566477615832,0.2377602708974282,wait:0.000000
47,153:6,153,no_addition,False,0.0,0.0,0.0,0.0,0.0,0.0,0.0,0.0,0.0,0.0,0.49527004045165035,0.7227862591583962,0.25663317833606647,0.3716738497836488,wait:0.000000
47,158:42,158,no_addition,False,0.0,0.0,0.0,0.0,0.0,0.0,0.0,0.0,1.0,1.0,0.2490548747069049,0.39278223579759997,0.3266494878981025,0.2520914027207791,wait:0.379273;d:0.171809
47,159:0,159,no_addition,False,0.1111111111111111,0.0,0.1111111111111111,0.0,0.1111111111111111,0.0,0.0,1.0,1.0,1.0,0.5474312548271205,0.6527053084289305,0.3304396796224026,0.4064367469037631,wait:0.000000
47,164:30,164,no_addition,False,0.0,0.0,0.0,0.0,0.0,0.0,0.0,0.0,1.0,1.0,0.28800537381185065,0.16331353911497792,0.2900040903492713,0.4084117408635823,wait:0.000000;e:-0.281377
47,168:0,168,no_addition,False,0.25,0.0,0.25,0.0,0.25,0.0,0.0,0.0,1.0,1.0,0.20484105624847831,0.5002810804162031,0.20183721834497176,0.3434550845162469,wait:0.000000
47,169:42,169,no_addition,False,0.125,0.0,0.125,0.0,0.125,0.0,1.0,0.0,1.0,3.0,0.5288774502449756,0.17408461323896815,0.32010497296506746,0.35255123439538055,wait:0.000000;e:-0.215819
47,170:0,170,no_addition,False,0.0,0.0,0.0,0.0,0.0,0.0,1.0,0.0,1.0,0.0,0.50516600281619,0.4051155287561089,0.3137915355224336,0.3714260410134784,wait:0.000000
47,176:6,176,no_addition,False,0.0,0.0,0.0,0.0,0.0,0.0,1.0,0.0,0.0,0.0,0.649507682724739,0.7367207112421665,0.29667236080361553,0.19039524472284738,wait:0.000000
47,178:0,178,no_addition,False,0.0,0.14285714285714285,0.0,0.0,0.0,0.14285714285714285,1.0,0.0,0.0,2.0,0.4732639665844527,0.36772084841034036,0.30242028894009604,0.25494201983542947,wait:0.000000
47,181:12,181,no_addition,False,0.0,0.0,0.0,0.0,0.0,0.0,0.0,0.0,0.0,1.0,0.7946355321921084,0.2951359056296911,0.39624013053372786,0.3667363039972709,wait:0.000000
47,183:42,183,no_addition,False,0.0,0.0,0.0,0.0,0.0,0.0,0.0,0.0,1.0,1.0,0.4773301090676908,0.3688887812128361,0.24047309146331386,0.24744972533897125,wait:0.356201
47,184:12,184,no_addition,False,0.0,0.0,0.0,0.0,0.0,0.0,2.0,0.0,0.0,0.0,0.6093055541167139,0.2994402084407679,0.3329551098625529,0.29829461350477027,wait:0.000000
47,187:6,187,no_addition,False,0.0,0.0,0.0,0.0,0.0,0.0,0.0,1.0,1.0,0.0,0.22482733484249073,0.6888209501139968,0.362124988748831,0.3298573274808079,wait:0.000000
47,192:42,192,no_addition,False,0.0,0.0,0.0,0.0,0.0,0.0,0.0,1.0,0.0,0.0,0.7386437690821652,0.6500475008316533,0.3856497150898863,0.20667292195842124,wait:0.713238
47,197:24,197,no_addition,False,0.0,0.0,0.0,0.0,0.0,0.0,0.0,0.0,1.0,0.0,0.306562898358019,0.56166766570625,0.19688231088167402,0.34557495756149265,wait:0.000000
47,199:6,199,no_addition,False,0.0,0.0,0.0,0.0,0.0,0.0,1.0,0.0,1.0,1.0,0.4476610693057633,0.5300935850297215,0.33328785511729253,0.39501652679189125,wait:0.000000
47,201:0,201,no_addition,False,0.0,0.0,0.0,0.0,0.0,0.0,0.0,1.0,0.0,0.0,0.2468416151391679,0.5654302902035843,0.20072772104470216,0.20987555220806772,wait:0.000000
47,202:24,202,no_addition,False,0.0,0.0,0.0,0.0,0.0,0.0,0.0,0.0,1.0,0.0,0.5045428445156837,0.21672926048736668,0.28961011207828935,0.25946474351074944,wait:0.000000;e:-0.084338
47,203:18,203,no_addition,False,0.0,0.0,0.0,0.0,0.0,0.0,0.0,0.0,0.0,0.0,0.6998933756450564,0.5135264455480919,0.411197420235476,0.35280032812438555,wait:0.000000
47,205:36,205,no_addition,False,0.0,0.0,0.0,0.0,0.0,0.0,0.0,0.0,1.0,1.0,0.3029972965935572,0.47037263045655686,0.37383117714299735,0.2985107416432016,wait:0.000000;d:-0.121035
47,207:0,207,no_addition,False,0.0,0.0,0.0,0.0,0.0,0.0,0.0,1.0,0.0,1.0,0.6384098086343788,0.4597172691161181,0.22389468572080504,0.4123575006396421,wait:0.000000
47,208:18,208,no_addition,False,0.16666666666666666,0.0,0.16666666666666666,0.0,0.16666666666666666,0.0,0.0,1.0,0.0,0.0,0.31157911934780236,0.7703618039908129,0.37309431537155724,0.34099353141222527,wait:0.000000
47,210:30,210,no_addition,False,0.0,0.0,0.0,0.0,0.0,0.0,0.0,0.0,0.0,1.0,0.2067993238979164,0.5054272613335347,0.2334915451941302,0.4483397378262869,wait:0.000000
47,214:6,214,no_addition,False,0.0,0.0,0.0,0.0,0.0,0.0,0.0,0.0,0.0,0.0,0.6973777556884364,0.6322656244963211,0.443590841096819,0.2925123474407271,wait:0.000000
47,215:24,215,no_addition,False,0.0,0.0,0.0,0.0,0.0,0.0,0.0,0.0,1.0,0.0,0.2210420859453333,0.37994453684031615,0.4330328298258135,0.2810765607108209,wait:0.000000
47,216:30,216,no_addition,False,0.0,0.0,0.0,0.0,0.0,0.0,1.0,0.0,0.0,0.0,0.5223037862230111,0.37755529813170224,0.3716142051303562,0.3663120173657725,wait:0.000000;e:-0.046390
47,218:0,218,no_addition,False,0.0,0.0,0.0,0.0,0.0,0.0,0.0,0.0,0.0,0.0,0.5478474919216988,0.6953990924246174,0.22402292046599662,0.387614879129818,wait:0.000000
47,219:30,219,no_addition,False,0.0,0.0,0.0,0.0,0.0,0.0,0.0,0.0,0.0,0.0,0.3752902680647157,0.2554602095816274,0.2189030648837487,0.1653723697381658,wait:0.000000
47,221:12,221,no_addition,False,0.16666666666666666,0.16666666666666666,0.16666666666666666,0.16666666666666666,0.16666666666666666,0.16666666666666666,0.0,0.0,1.0,0.0,0.4497235747418107,0.36221451903550406,0.29910832062944887,0.26117421886414716,wait:0.000000
47,223:36,223,no_addition,False,0.0,0.0,0.0,0.0,0.0,0.0,0.0,0.0,2.0,0.0,0.2349337079297627,0.6520878371705706,0.3980764321907358,0.23046662342288557,wait:0.000000;d:-0.206560
47,224:36,224,no_addition,False,0.0,0.0,0.0,0.0,0.0,0.0,0.0,1.0,3.0,1.0,0.12621087398080955,0.5341076504358636,0.22111542484713326,0.2346933860024937,wait:0.000000;d:-0.127485
47,227:0,227,no_addition,False,0.0,0.16666666666666666,0.0,0.0,0.0,0.16666666666666666,0.0,1.0,0.0,1.0,0.3036138572423417,0.4845218972636839,0.28280812642659486,0.18709251348223657,wait:0.000000;d:-0.009457
47,233:36,233,no_addition,False,0.0,0.0,0.0,0.0,0.0,0.0,0.0,0.0,1.0,1.0,0.20184427569670454,0.3961549763047208,0.3661647897859952,0.15654664075523303,wait:0.000000;d:-0.204439
47,235:42,235,no_addition,False,0.0,0.0,0.0,0.0,0.0,0.0,1.0,0.0,1.0,0.0,0.6640474842929618,0.34421760689047476,0.38555152318005487,0.4069681172668978,wait:0.000000;e:-0.117061
47,237:42,237,no_addition,False,0.0,0.0,0.0,0.0,0.0,0.0,0.0,1.0,0.0,0.0,0.382901564545861,0.7323459312222742,0.3982392250083961,0.3660945120808948,wait:0.000000;d:-0.073504
47,238:42,238,no_addition,False,0.0,0.0,0.0,0.0,0.0,0.0,0.0,0.0,0.0,0.0,0.44148802370075735,0.8200127207815411,0.42039594827363097,0.35010745305190616,wait:0.000000;d:-0.042913
48,4:42,4,no_addition,False,0.0,0.0,0.0,0.0,0.0,0.0,0.0,1.0,3.0,3.0,0.2848471167514871,0.49768787662512226,0.2809180221438336,0.3567425723815122,wait:0.275050;e:0.223143
48,5:6,5,no_addition,False,0.0,0.05714285714285714,0.0,0.02857142857142857,0.0,0.05714285714285714,3.0,1.0,2.0,3.0,0.5182955845920552,0.40546636862164376,0.18627775142604694,0.43135165394692304,wait:0.000000
48,16:30,16,no_addition,False,0.05,0.0,0.05,0.0,0.05,0.0,1.0,1.0,1.0,5.0,0.541157414125389,0.23869757964743527,0.2701688498258022,0.3551717717820044,wait:0.000000
48,17:30,17,no_addition,False,0.027777777777777776,0.0,0.027777777777777776,0.0,0.027777777777777776,0.0,2.0,2.0,4.0,1.0,0.5339366137537984,0.6034705125067114,0.39102448426558717,0.19506039435618563,wait:0.000000
48,18:30,18,no_addition,False,0.0,0.0,0.0,0.0,0.0,0.0,0.0,0.0,1.0,1.0,0.5527166535845269,0.22127239054154096,0.32218590380534096,0.32129346926806296,wait:0.000000;e:-0.142077
48,20:42,20,no_addition,False,0.0,0.05555555555555555,0.0,0.0,0.0,0.05555555555555555,1.0,1.0,3.0,3.0,0.31452970184430223,0.43909019129288096,0.4184763919932643,0.42250971469591825,wait:0.000000;d:-0.155298
48,22:12,22,no_addition,False,0.041666666666666664,0.041666666666666664,0.041666666666666664,0.0,0.041666666666666664,0.041666666666666664,0.0,3.0,1.0,2.0,0.1802074252687399,0.6762695489801525,0.1853591411064211,0.31188009928509824,wait:0.000000
48,23:24,23,no_addition,False,0.06666666666666667,0.06666666666666667,0.06666666666666667,0.06666666666666667,0.06666666666666667,0.06666666666666667,0.0,0.0,2.0,0.0,0.4042608504620028,0.4719692483929704,0.3253645454843242,0.3547318661529279,wait:0.000000
48,27:36,27,no_addition,False,0.0,0.043478260869565216,0.0,0.043478260869565216,0.0,0.043478260869565216,1.0,1.0,2.0,2.0,0.3842821820042749,0.5429381709962134,0.2987843698533837,0.1925823752301508,wait:0.000000
48,28:24,28,no_addition,False,0.0,0.0,0.0,0.0,0.0,0.0,3.0,0.0,4.0,1.0,0.3580039017795965,0.21329360253934568,0.2206044920108324,0.3311898819821935,wait:0.000000;e:-0.159156
48,34:6,34,no_addition,False,0.0,0.07407407407407407,0.0,0.07407407407407407,0.0,0.07407407407407407,1.0,1.0,5.0,2.0,0.23265924096625568,0.4102232201260897,0.41646186055116163,0.2571986280271413,wait:0.000000
48,36:0,36,no_addition,False,0.0,0.0,0.0,0.0,0.0,0.0,2.0,3.0,4.0,0.0,0.4640525383037992,0.6610174480287444,0.40868282925775223,0.41900053739797377,wait:0.000000
48,40:6,40,no_addition,False,0.0,0.08333333333333333,0.0,0.08333333333333333,0.0,0.08333333333333333,0.0,1.0,0.0,0.0,0.42705592860894204,0.6373897147300597,0.40979428068998186,0.24452245876634182,wait:0.000000;d:-0.045305
48,42:0,42,no_addition,False,0.0,0.0,0.0,0.0,0.0,0.0,0.0,2.0,0.0,1.0,0.5815746493370327,0.42774983826459084,0.3370247532265757,0.2534510171764107,wait:0.413038
48,47:36,47,no_addition,False,0.0,0.0,0.0,0.0,0.0,0.0,0.0,0.0,0.0,0.0,0.519946156673641,0.37419668178960197,0.26250270115202495,0.34677176322672726,wait:0.000000;e:-0.029873
48,50:24,50,no_addition,False,0.0,0.0,0.0,0.0,0.0,0.0,0.0,0.0,0.0,1.0,0.5960075660089996,0.23245709177559298,0.2661547469837424,0.44946089757694324,wait:0.000000;e:-0.260174
48,55:0,55,no_addition,False,0.0,0.0,0.0,0.0,0.0,0.0,0.0,2.0,2.0,0.0,0.27450897074081754,0.7464912946625124,0.27604848689772193,0.21149207820782978,wait:0.000000
48,57:18,57,no_addition,False,0.125,0.0,0.125,0.0,0.125,0.0,0.0,1.0,0.0,0.0,0.27034023176218397,0.472530862798351,0.3385590279160659,0.32934013747717866,wait:0.000000
48,58:0,58,no_addition,False,0.0,0.0,0.0,0.0,0.0,0.0,0.0,1.0,2.0,1.0,0.4372787859513002,0.3901335397688733,0.22916244037719172,0.25204918347217453,wait:0.000000
48,66:36,66,no_addition,False,0.0,0.0,0.0,0.0,0.0,0.0,1.0,0.0,2.0,3.0,0.46546246901317745,0.11490632806636139,0.35202499334846415,0.26907731313463046,wait:0.000000;e:-0.185624
48,69:30,69,no_addition,False,0.0,0.0,0.0,0.0,0.0,0.0,0.0,1.0,1.0,2.0,0.2221802306094799,0.3867408401699467,0.24663404840115602,0.2942416708512183,wait:0.000000;d:-0.066600
48,77:42,77,no_addition,False,0.0,0.0,0.0,0.0,0.0,0.0,0.0,0.0,0.0,0.0,0.4916652746904324,0.6219717754372014,0.3366534083233555,0.2973670533494849,wait:0.474755
48,78:42,78,no_addition,False,0.0,0.0,0.0,0.0,0.0,0.0,0.0,0.0,1.0,2.0,0.3859142480178594,0.4073549962985664,0.4290343540047506,0.4241876368144228,wait:0.000000;d:-0.081586
48,79:24,79,no_addition,False,0.05,0.0,0.05,0.0,0.05,0.0,0.0,1.0,1.0,4.0,0.20303607680356645,0.28440440016812096,0.23658120022284612,0.2980342670728797,wait:0.000000
48,83:36,83,no_addition,False,0.0,0.0,0.0,0.0,0.0,0.0,0.0,0.0,2.0,1.0,0.46050477541980084,0.22735130880636428,0.23823259958918622,0.3571275347972728,wait:0.000000;e:-0.172438
48,84:30,84,no_addition,False,0.07692307692307693,0.0,0.07692307692307693,0.0,0.07692307692307693,0.0,2.0,0.0,1.0,0.0,0.6824658030751836,0.42302857952677253,0.23268199664017553,0.26391723968627046,wait:0.000000
48,87:18,87,no_addition,False,0.0,0.0,0.0,0.0,0.0,0.0,1.0,0.0,1.0,3.0,0.5757817120024694,0.1696321465065253,0.20279804993293035,0.35065675570046845,wait:0.000000;e:-0.217933
48,88:24,88,no_addition,False,0.0,0.0,0.0,0.0,0.0,0.0,0.0,1.0,1.0,2.0,0.15889759435125067,0.3886771281338611,0.39659420517047966,0.3730679206252907,wait:0.000000
48,93:24,93,no_addition,False,0.0,0.09090909090909091,0.0,0.0,0.0,0.09090909090909091,0.0,0.0,1.0,2.0,0.22662094211094166,0.2943694415471323,0.30315833026947697,0.4066144104121977,wait:0.000000;d:-0.099126;e:-0.141586;d+e:-0.314787
48,94:18,94,no_addition,False,0.0,0.07692307692307693,0.0,0.07692307692307693,0.0,0.07692307692307693,1.0,1.0,3.0,1.0,0.25712764449241193,0.5460230763410343,0.21800924687211456,0.379831501161727,wait:0.000000
48,95:6,95,no_addition,False,0.09090909090909091,0.0,0.0,0.0,0.09090909090909091,0.0,0.0,1.0,4.0,2.0,0.12239791849096861,0.3003590135404114,0.3728198982561539,0.26511376606491255,wait:0.000000;d:-0.282622
48,97:24,97,no_addition,False,0.14285714285714285,0.0,0.07142857142857142,0.0,0.14285714285714285,0.0,0.0,1.0,2.0,0.0,0.19171755275326258,0.7195603883300699,0.2936085869046123,0.19373823302790918,wait:0.000000
48,100:42,100,no_addition,False,0.0,0.0,0.0,0.0,0.0,0.0,0.0,0.0,2.0,2.0,0.40464526130422973,0.174180688506415,0.36878883914846133,0.3520160664731562,wait:0.000000
48,106:36,106,d,False,0.0,0.0,0.0,0.0,0.0,0.0,2.0,1.0,1.0,2.0,0.546888970364289,0.298775295289914,0.43743369014725625,0.27225987399715035,wait:0.000000;d:0.054944
48,107:18,107,no_addition,False,0.0,0.0,0.0,0.0,0.0,0.0,0.0,2.0,0.0,1.0,0.2729552866978575,0.4981379973865695,0.3467836357187902,0.3787669519245653,wait:0.000000;d:-0.101035
48,108:0,108,no_addition,False,0.0,0.0,0.0,0.0,0.0,0.0,0.0,0.0,2.0,3.0,0.21343741219816653,0.30722219752637836,0.4051152694937241,0.34700663599438875,wait:0.000000;d:-0.232952
48,112:42,112,no_addition,False,0.125,0.0,0.125,0.0,0.125,0.0,1.0,1.0,2.0,0.0,0.29444075571611183,0.4997867587469058,0.21698054846953108,0.20283773666009824,wait:0.000000
48,114:42,114,no_addition,False,0.1111111111111111,0.0,0.1111111111111111,0.0,0.1111111111111111,0.0,0.0,1.0,0.0,1.0,0.27519872472770845,0.35976518865349816,0.17065634692470055,0.2931344639470809,wait:0.347391
48,117:12,117,no_addition,False,0.0,0.125,0.0,0.125,0.0,0.125,0.0,0.0,1.0,0.0,0.5407986163209517,0.5462544645848304,0.22248103607028888,0.2341370128832627,wait:0.000000
48,120:42,120,no_addition,False,0.0,0.0,0.0,0.0,0.0,0.0,0.0,0.0,1.0,0.0,0.5314145921470848,0.3754962022302436,0.203130339038933,0.3923393420191187,wait:0.000000
48,124:36,124,no_addition,False,0.0,0.08333333333333333,0.0,0.0,0.0,0.08333333333333333,3.0,0.0,0.0,4.0,0.8428795013137533,0.37636564282391854,0.28748670474943666,0.4329874833129065,wait:0.000000;e:-0.114136
48,125:0,125,no_addition,False,0.0,0.0,0.0,0.0,0.0,0.0,0.0,0.0,0.0,1.0,0.33640190342749543,0.34874461770778453,0.3253573236434573,0.3975528526902157,wait:0.000000
48,126:42,126,no_addition,False,0.0,0.0,0.0,0.0,0.0,0.0,0.0,0.0,1.0,1.0,0.26544700327997556,0.5425223569266017,0.1817981979992302,0.4042363712280874,wait:0.247501
48,130:36,130,d,False,0.0,0.0,0.0,0.0,0.0,0.0,0.0,0.0,1.0,1.0,0.5095834704458369,0.4176125845147967,0.4230493057485234,0.17740609687068634,wait:0.000000;d:0.015741
48,131:12,131,no_addition,False,0.0,0.0,0.0,0.0,0.0,0.0,0.0,0.0,1.0,0.0,0.2494521618294632,0.5871447970231283,0.37985692616415667,0.3889506118451608,wait:0.000000;d:-0.175269
48,143:42,143,no_addition,False,0.0,0.0,0.0,0.0,0.0,0.0,0.0,0.0,1.0,1.0,0.36588712245170646,0.1738684219350308,0.4442587311751047,0.18511963509914986,wait:0.000000;d:-0.134842
48,149:30,149,no_addition,False,0.0,0.0,0.0,0.0,0.0,0.0,0.0,1.0,0.0,0.0,0.2713909454604943,0.7579030155864587,0.19879566477615832,0.2377602708974282,wait:0.000000
48,151:42,151,no_addition,False,0.0,0.1111111111111111,0.0,0.1111111111111111,0.0,0.1111111111111111,0.0,0.0,3.0,1.0,0.2281374711567829,0.38910052220022545,0.1589590429061596,0.2820443894830648,wait:0.220291
48,153:6,153,no_addition,False,0.0,0.0,0.0,0.0,0.0,0.0,0.0,0.0,0.0,0.0,0.49527004045165035,0.7227862591583962,0.25663317833606647,0.3716738497836488,wait:0.000000
48,159:0,159,no_addition,False,0.0,0.0,0.0,0.0,0.0,0.0,1.0,1.0,1.0,1.0,0.6692267898518176,0.6527053084289305,0.3379496723410936,0.4064367469037631,wait:0.000000
48,164:30,164,no_addition,False,0.0,0.0,0.0,0.0,0.0,0.0,0.0,0.0,1.0,1.0,0.28800537381185065,0.16331353911497792,0.2900040903492713,0.4084117408635823,wait:0.000000;e:-0.281377
48,168:0,168,no_addition,False,0.125,0.0,0.125,0.0,0.125,0.0,0.0,0.0,1.0,1.0,0.20484105624847831,0.5002810804162031,0.20714872409089208,0.3434550845162469,wait:0.000000
48,169:42,169,no_addition,False,0.125,0.0,0.125,0.0,0.125,0.0,1.0,0.0,1.0,2.0,0.5288774502449756,0.18991048716978343,0.32010497296506746,0.35255123439538055,wait:0.000000;e:-0.201570
48,170:0,170,no_addition,False,0.0,0.0,0.0,0.0,0.0,0.0,1.0,0.0,1.0,0.0,0.50516600281619,0.4051155287561089,0.3137915355224336,0.3714260410134784,wait:0.000000
48,176:6,176,no_addition,False,0.0,0.0,0.0,0.0,0.0,0.0,1.0,0.0,0.0,0.0,0.649507682724739,0.7367207112421665,0.29667236080361553,0.19039524472284738,wait:0.000000
48,178:0,178,no_addition,False,0.14285714285714285,0.0,0.14285714285714285,0.0,0.14285714285714285,0.0,1.0,0.0,0.0,2.0,0.4732639665844527,0.36772084841034036,0.2937797092560933,0.26244031453647154,wait:0.000000
48,181:12,181,no_addition,False,0.0,0.0,0.0,0.0,0.0,0.0,0.0,0.0,0.0,1.0,0.7946355321921084,0.2951359056296911,0.39624013053372786,0.3667363039972709,wait:0.000000
48,183:42,183,no_addition,False,0.0,0.0,0.0,0.0,0.0,0.0,0.0,0.0,1.0,1.0,0.4773301090676908,0.3688887812128361,0.24047309146331386,0.24744972533897125,wait:0.356201
48,184:12,184,no_addition,False,0.0,0.0,0.0,0.0,0.0,0.0,2.0,0.0,0.0,0.0,0.6093055541167139,0.2994402084407679,0.3329551098625529,0.29829461350477027,wait:0.000000
48,187:6,187,no_addition,False,0.0,0.0,0.0,0.0,0.0,0.0,0.0,1.0,1.0,0.0,0.22482733484249073,0.6888209501139968,0.362124988748831,0.3298573274808079,wait:0.000000
48,197:24,197,no_addition,False,0.0,0.0,0.0,0.0,0.0,0.0,0.0,0.0,1.0,0.0,0.306562898358019,0.56166766570625,0.19688231088167402,0.34557495756149265,wait:0.000000
48,199:6,199,no_addition,False,0.0,0.0,0.0,0.0,0.0,0.0,1.0,0.0,0.0,1.0,0.5889379141900573,0.5300935850297215,0.33328785511729253,0.39501652679189125,wait:0.000000
48,201:0,201,no_addition,False,0.0,0.0,0.0,0.0,0.0,0.0,0.0,1.0,0.0,0.0,0.2468416151391679,0.5654302902035843,0.20072772104470216,0.20987555220806772,wait:0.000000
48,202:24,202,no_addition,False,0.0,0.0,0.0,0.0,0.0,0.0,0.0,0.0,0.0,0.0,0.7207754921652623,0.21672926048736668,0.28961011207828935,0.25946474351074944,wait:0.000000;e:-0.084338
48,203:18,203,no_addition,False,0.0,0.0,0.0,0.0,0.0,0.0,0.0,0.0,0.0,0.0,0.6998933756450564,0.5135264455480919,0.411197420235476,0.35280032812438555,wait:0.000000
48,205:36,205,no_addition,False,0.0,0.0,0.0,0.0,0.0,0.0,0.0,0.0,1.0,1.0,0.3029972965935572,0.47037263045655686,0.37383117714299735,0.2985107416432016,wait:0.000000;d:-0.121035
48,207:0,207,no_addition,False,0.0,0.0,0.0,0.0,0.0,0.0,0.0,1.0,0.0,1.0,0.6384098086343788,0.4597172691161181,0.22389468572080504,0.4123575006396421,wait:0.000000
48,208:18,208,no_addition,False,0.16666666666666666,0.0,0.16666666666666666,0.0,0.16666666666666666,0.0,0.0,1.0,0.0,0.0,0.31157911934780236,0.7703618039908129,0.37309431537155724,0.34099353141222527,wait:0.000000
48,210:30,210,no_addition,False,0.0,0.0,0.0,0.0,0.0,0.0,0.0,0.0,0.0,1.0,0.2067993238979164,0.5054272613335347,0.2334915451941302,0.4483397378262869,wait:0.000000
48,214:6,214,no_addition,False,0.0,0.0,0.0,0.0,0.0,0.0,0.0,0.0,0.0,0.0,0.6973777556884364,0.6322656244963211,0.443590841096819,0.2925123474407271,wait:0.000000
48,215:24,215,no_addition,False,0.0,0.0,0.0,0.0,0.0,0.0,0.0,0.0,1.0,0.0,0.2210420859453333,0.37994453684031615,0.4330328298258135,0.2810765607108209,wait:0.000000
48,216:30,216,no_addition,False,0.0,0.0,0.0,0.0,0.0,0.0,1.0,0.0,0.0,0.0,0.5223037862230111,0.37755529813170224,0.3716142051303562,0.3663120173657725,wait:0.000000;e:-0.046390
48,218:0,218,no_addition,False,0.0,0.0,0.0,0.0,0.0,0.0,0.0,0.0,0.0,0.0,0.5478474919216988,0.6953990924246174,0.22402292046599662,0.387614879129818,wait:0.000000
48,219:30,219,no_addition,False,0.0,0.0,0.0,0.0,0.0,0.0,0.0,0.0,0.0,0.0,0.3752902680647157,0.2554602095816274,0.2189030648837487,0.1653723697381658,wait:0.000000
48,221:12,221,no_addition,False,0.16666666666666666,0.16666666666666666,0.16666666666666666,0.16666666666666666,0.16666666666666666,0.16666666666666666,0.0,0.0,1.0,0.0,0.4497235747418107,0.36221451903550406,0.29910832062944887,0.26117421886414716,wait:0.000000
48,223:36,223,no_addition,False,0.0,0.0,0.0,0.0,0.0,0.0,0.0,0.0,2.0,0.0,0.2349337079297627,0.6520878371705706,0.3980764321907358,0.23046662342288557,wait:0.000000;d:-0.206560
48,224:36,224,no_addition,False,0.0,0.0,0.0,0.0,0.0,0.0,0.0,1.0,3.0,1.0,0.12621087398080955,0.5341076504358636,0.22111542484713326,0.2346933860024937,wait:0.000000;d:-0.127485
48,227:0,227,no_addition,False,0.0,0.0,0.0,0.0,0.0,0.0,0.0,1.0,0.0,1.0,0.3036138572423417,0.4845218972636839,0.28280812642659486,0.19354397946438265,wait:0.000000;d:-0.009457
48,233:36,233,no_addition,False,0.0,0.0,0.0,0.0,0.0,0.0,0.0,0.0,0.0,1.0,0.2883489652810065,0.3961549763047208,0.3661647897859952,0.15654664075523303,wait:0.000000;d:-0.126557
48,235:42,235,no_addition,False,0.0,0.0,0.0,0.0,0.0,0.0,1.0,0.0,1.0,0.0,0.6640474842929618,0.34421760689047476,0.38555152318005487,0.4069681172668978,wait:0.000000;e:-0.117061
48,237:42,237,no_addition,False,0.0,0.0,0.0,0.0,0.0,0.0,0.0,1.0,0.0,0.0,0.382901564545861,0.7323459312222742,0.3982392250083961,0.3660945120808948,wait:0.000000;d:-0.073504
48,238:42,238,no_addition,False,0.0,0.0,0.0,0.0,0.0,0.0,0.0,0.0,0.0,0.0,0.44148802370075735,0.8200127207815411,0.42039594827363097,0.35010745305190616,wait:0.000000;d:-0.042913
49,5:6,5,no_addition,False,0.0,0.02857142857142857,0.0,0.02857142857142857,0.0,0.02857142857142857,3.0,1.0,2.0,3.0,0.5182955845920552,0.40546636862164376,0.18627775142604694,0.433845016108466,wait:0.000000
49,16:30,16,no_addition,False,0.1,0.0,0.1,0.0,0.1,0.0,1.0,1.0,1.0,5.0,0.541157414125389,0.23869757964743527,0.2674398715447335,0.3551717717820044,wait:0.000000
49,17:30,17,no_addition,False,0.027777777777777776,0.0,0.027777777777777776,0.0,0.027777777777777776,0.0,3.0,2.0,4.0,1.0,0.5795115413915823,0.6034705125067114,0.39102448426558717,0.19506039435618563,wait:0.000000
49,18:30,18,no_addition,False,0.0,0.0,0.0,0.0,0.0,0.0,0.0,0.0,1.0,1.0,0.5527166535845269,0.22127239054154096,0.32218590380534096,0.32129346926806296,wait:0.000000;e:-0.142077
49,20:42,20,no_addition,False,0.0,0.0,0.0,0.0,0.0,0.0,1.0,0.0,3.0,3.0,0.31452970184430223,0.3374992407905472,0.4184763919932643,0.4272570148610409,wait:0.000000;d:-0.155298
49,22:12,22,no_addition,False,0.0,0.0,0.0,0.0,0.0,0.0,1.0,3.0,1.0,2.0,0.35446350737320564,0.6762695489801525,0.18691678094765152,0.31450094045556126,wait:0.000000
49,23:24,23,no_addition,False,0.0,0.06666666666666667,0.0,0.0,0.0,0.06666666666666667,1.0,0.0,2.0,1.0,0.520572446256836,0.3303784738750793,0.3297613636665448,0.3547318661529279,wait:0.000000
49,27:36,27,no_addition,False,0.0,0.0,0.0,0.0,0.0,0.0,1.0,2.0,2.0,2.0,0.3842821820042749,0.6115051798509654,0.2987843698533837,0.19427169431111702,wait:0.000000
49,28:24,28,no_addition,False,0.0,0.0,0.0,0.0,0.0,0.0,3.0,0.0,4.0,1.0,0.3580039017795965,0.21329360253934568,0.2206044920108324,0.3311898819821935,wait:0.000000;e:-0.159156
49,34:6,34,no_addition,False,0.0,0.037037037037037035,0.0,0.037037037037037035,0.0,0.037037037037037035,1.0,2.0,5.0,2.0,0.23265924096625568,0.4860292263010303,0.41646186055116163,0.259132452298022,wait:0.000000
49,36:0,36,no_addition,False,0.0,0.0,0.0,0.0,0.0,0.0,2.0,3.0,4.0,0.0,0.4640525383037992,0.6610174480287444,0.40868282925775223,0.41900053739797377,wait:0.000000
49,40:6,40,no_addition,False,0.0,0.08333333333333333,0.0,0.0,0.0,0.08333333333333333,0.0,1.0,0.0,1.0,0.42705592860894204,0.4891911840543369,0.40979428068998186,0.24452245876634182,wait:0.000000;d:-0.045305
49,42:0,42,no_addition,False,0.0,0.0,0.0,0.0,0.0,0.0,0.0,2.0,0.0,1.0,0.5815746493370327,0.42774983826459084,0.3370247532265757,0.2534510171764107,wait:0.000000
49,47:36,47,no_addition,False,0.0,0.0,0.0,0.0,0.0,0.0,0.0,0.0,0.0,0.0,0.519946156673641,0.37419668178960197,0.26250270115202495,0.34677176322672726,wait:0.000000;e:-0.029873
49,50:24,50,no_addition,False,0.07142857142857142,0.0,0.07142857142857142,0.0,0.07142857142857142,0.0,0.0,0.0,0.0,1.0,0.5960075660089996,0.23245709177559298,0.2623525363125461,0.44946089757694324,wait:0.000000;e:-0.260174
49,55:0,55,no_addition,False,0.0,0.0,0.0,0.0,0.0,0.0,0.0,2.0,2.0,0.0,0.27450897074081754,0.7464912946625124,0.27604848689772193,0.21149207820782978,wait:0.000000
49,57:18,57,no_addition,False,0.0,0.0,0.0,0.0,0.0,0.0,1.0,1.0,0.0,0.0,0.4892381622335288,0.472530862798351,0.3472400286318625,0.32934013747717866,wait:0.000000
49,58:0,58,no_addition,False,0.0,0.0,0.0,0.0,0.0,0.0,0.0,1.0,2.0,1.0,0.4372787859513002,0.3901335397688733,0.22916244037719172,0.25204918347217453,wait:0.000000
49,66:36,66,no_addition,False,0.0,0.0,0.0,0.0,0.0,0.0,1.0,0.0,2.0,3.0,0.46546246901317745,0.11490632806636139,0.35202499334846415,0.26907731313463046,wait:0.000000;e:-0.185624
49,69:30,69,no_addition,False,0.0,0.0,0.0,0.0,0.0,0.0,0.0,1.0,1.0,2.0,0.2221802306094799,0.3867408401699467,0.24663404840115602,0.2942416708512183,wait:0.000000;d:-0.066600
49,77:42,77,no_addition,False,0.0,0.0,0.0,0.0,0.0,0.0,0.0,0.0,0.0,0.0,0.4916652746904324,0.6219717754372014,0.3366534083233555,0.2973670533494849,wait:0.000000
49,78:42,78,no_addition,False,0.0,0.0,0.0,0.0,0.0,0.0,0.0,0.0,1.0,2.0,0.3859142480178594,0.4073549962985664,0.4290343540047506,0.4241876368144228,wait:0.000000;d:-0.081586
49,79:24,79,no_addition,False,0.1,0.0,0.1,0.0,0.1,0.0,0.0,1.0,1.0,4.0,0.20303607680356645,0.28440440016812096,0.23419149112968604,0.2980342670728797,wait:0.000000
49,83:36,83,no_addition,False,0.0,0.0,0.0,0.0,0.0,0.0,0.0,0.0,2.0,1.0,0.46050477541980084,0.22735130880636428,0.23823259958918622,0.3571275347972728,wait:0.000000;e:-0.172438
49,84:30,84,no_addition,False,0.0,0.0,0.0,0.0,0.0,0.0,3.0,0.0,1.0,0.0,0.7216040319983554,0.42302857952677253,0.23631765283767825,0.26391723968627046,wait:0.000000
49,87:18,87,no_addition,False,0.0,0.0,0.0,0.0,0.0,0.0,1.0,0.0,1.0,3.0,0.5757817120024694,0.1696321465065253,0.20279804993293035,0.35065675570046845,wait:0.000000;e:-0.217933
49,88:24,88,no_addition,False,0.0,0.0,0.0,0.0,0.0,0.0,0.0,1.0,1.0,2.0,0.15889759435125067,0.3886771281338611,0.39659420517047966,0.3730679206252907,wait:0.000000
49,93:24,93,no_addition,False,0.0,0.0,0.0,0.0,0.0,0.0,0.0,0.0,1.0,2.0,0.22662094211094166,0.2943694415471323,0.30315833026947697,0.4141443069013125,wait:0.000000;d:-0.099126;e:-0.149116;d+e:-0.322317
49,94:18,94,no_addition,False,0.0,0.0,0.0,0.0,0.0,0.0,1.0,2.0,3.0,1.0,0.25712764449241193,0.6171878199792814,0.21800924687211456,0.38576636836737893,wait:0.000000
49,95:6,95,no_addition,False,0.09090909090909091,0.0,0.09090909090909091,0.0,0.09090909090909091,0.0,0.0,1.0,4.0,2.0,0.12239791849096861,0.3003590135404114,0.3728198982561539,0.26511376606491255,wait:0.000000;d:-0.282622
49,97:24,97,no_addition,False,0.0,0.0,0.0,0.0,0.0,0.0,1.0,1.0,2.0,0.0,0.325741090023824,0.7195603883300699,0.30224413357827734,0.19373823302790918,wait:0.000000
49,100:42,100,no_addition,False,0.0,0.0,0.0,0.0,0.0,0.0,0.0,0.0,2.0,2.0,0.40464526130422973,0.174180688506415,0.36878883914846133,0.3520160664731562,wait:0.000000
49,107:18,107,no_addition,False,0.0,0.0,0.0,0.0,0.0,0.0,0.0,2.0,0.0,1.0,0.2729552866978575,0.4981379973865695,0.3467836357187902,0.3787669519245653,wait:0.000000;d:-0.101035
49,108:0,108,no_addition,False,0.0,0.0,0.0,0.0,0.0,0.0,0.0,0.0,2.0,3.0,0.21343741219816653,0.30722219752637836,0.4051152694937241,0.34700663599438875,wait:0.000000;d:-0.232952
49,112:42,112,no_addition,False,0.0,0.0,0.0,0.0,0.0,0.0,2.0,1.0,2.0,0.0,0.37656216904068757,0.4997867587469058,0.22254415227644214,0.20283773666009824,wait:0.000000
49,114:42,114,no_addition,False,0.0,0.0,0.0,0.0,0.0,0.0,1.0,1.0,0.0,1.0,0.492639107309396,0.35976518865349816,0.17453490026389828,0.2931344639470809,wait:0.347391
49,117:12,117,no_addition,False,0.0,0.125,0.0,0.125,0.0,0.125,0.0,0.0,1.0,0.0,0.5407986163209517,0.5462544645848304,0.22248103607028888,0.2341370128832627,wait:0.000000
49,120:42,120,no_addition,False,0.0,0.0,0.0,0.0,0.0,0.0,0.0,0.0,1.0,0.0,0.5314145921470848,0.3754962022302436,0.203130339038933,0.3923393420191187,wait:0.000000
49,124:36,124,no_addition,False,0.0,0.0,0.0,0.0,0.0,0.0,3.0,0.0,0.0,4.0,0.8428795013137533,0.37636564282391854,0.28748670474943666,0.4403262542165151,wait:0.000000;e:-0.121475
49,125:0,125,no_addition,False,0.0,0.0,0.0,0.0,0.0,0.0,0.0,0.0,0.0,1.0,0.33640190342749543,0.34874461770778453,0.3253573236434573,0.3975528526902157,wait:0.000000
49,126:42,126,no_addition,False,0.0,0.0,0.0,0.0,0.0,0.0,0.0,0.0,1.0,1.0,0.26544700327997556,0.5425223569266017,0.1817981979992302,0.4042363712280874,wait:0.256317
49,130:36,130,no_addition,False,0.0,0.0,0.0,0.0,0.0,0.0,0.0,0.0,1.0,1.0,0.5095834704458369,0.4176125845147967,0.4230493057485234,0.17740609687068634,wait:0.475132
49,131:12,131,no_addition,False,0.0,0.0,0.0,0.0,0.0,0.0,0.0,0.0,1.0,0.0,0.2494521618294632,0.5871447970231283,0.37985692616415667,0.3889506118451608,wait:0.000000;d:-0.175269
49,143:42,143,no_addition,False,0.0,0.0,0.0,0.0,0.0,0.0,0.0,0.0,1.0,1.0,0.36588712245170646,0.1738684219350308,0.4442587311751047,0.18511963509914986,wait:0.000000;d:-0.134842
49,149:30,149,no_addition,False,0.0,0.0,0.0,0.0,0.0,0.0,0.0,1.0,0.0,0.0,0.2713909454604943,0.7579030155864587,0.19879566477615832,0.2377602708974282,wait:0.000000
49,153:6,153,no_addition,False,0.0,0.0,0.0,0.0,0.0,0.0,0.0,0.0,0.0,0.0,0.49527004045165035,0.7227862591583962,0.25663317833606647,0.3716738497836488,wait:0.000000
49,159:0,159,no_addition,False,0.0,0.0,0.0,0.0,0.0,0.0,1.0,1.0,1.0,1.0,0.6692267898518176,0.6527053084289305,0.3379496723410936,0.4064367469037631,wait:0.000000
49,164:30,164,no_addition,False,0.0,0.0,0.0,0.0,0.0,0.0,0.0,0.0,1.0,1.0,0.28800537381185065,0.16331353911497792,0.2900040903492713,0.4084117408635823,wait:0.000000;e:-0.281377
49,168:0,168,no_addition,False,0.0,0.0,0.0,0.0,0.0,0.0,1.0,0.0,1.0,1.0,0.3755780482129814,0.5002810804162031,0.2124602298368124,0.3434550845162469,wait:0.000000
49,169:42,169,no_addition,False,0.0,0.0,0.0,0.0,0.0,0.0,2.0,0.0,1.0,2.0,0.6014709960578943,0.18991048716978343,0.32831279278468456,0.35255123439538055,wait:0.000000;e:-0.201570
49,170:0,170,no_addition,False,0.0,0.0,0.0,0.0,0.0,0.0,1.0,0.0,1.0,0.0,0.50516600281619,0.4051155287561089,0.3137915355224336,0.3714260410134784,wait:0.000000
49,176:6,176,no_addition,False,0.0,0.0,0.0,0.0,0.0,0.0,1.0,0.0,0.0,0.0,0.649507682724739,0.7367207112421665,0.29667236080361553,0.19039524472284738,wait:0.000000
49,178:0,178,no_addition,False,0.14285714285714285,0.0,0.14285714285714285,0.0,0.14285714285714285,0.0,1.0,0.0,0.0,2.0,0.4732639665844527,0.36772084841034036,0.2937797092560933,0.26244031453647154,wait:0.000000
49,181:12,181,no_addition,False,0.0,0.0,0.0,0.0,0.0,0.0,0.0,0.0,0.0,1.0,0.7946355321921084,0.2951359056296911,0.39624013053372786,0.3667363039972709,wait:0.000000
49,184:12,184,no_addition,False,0.0,0.0,0.0,0.0,0.0,0.0,2.0,0.0,0.0,0.0,0.6093055541167139,0.2994402084407679,0.3329551098625529,0.29829461350477027,wait:0.000000
49,187:6,187,no_addition,False,0.0,0.0,0.0,0.0,0.0,0.0,0.0,1.0,1.0,0.0,0.22482733484249073,0.6888209501139968,0.362124988748831,0.3298573274808079,wait:0.000000
49,197:24,197,no_addition,False,0.0,0.0,0.0,0.0,0.0,0.0,0.0,0.0,1.0,0.0,0.306562898358019,0.56166766570625,0.19688231088167402,0.34557495756149265,wait:0.000000
49,199:6,199,no_addition,False,0.0,0.0,0.0,0.0,0.0,0.0,1.0,0.0,0.0,1.0,0.5889379141900573,0.5300935850297215,0.33328785511729253,0.39501652679189125,wait:0.000000
49,201:0,201,no_addition,False,0.0,0.0,0.0,0.0,0.0,0.0,0.0,1.0,0.0,0.0,0.2468416151391679,0.5654302902035843,0.20072772104470216,0.20987555220806772,wait:0.000000
49,202:24,202,no_addition,False,0.0,0.0,0.0,0.0,0.0,0.0,0.0,0.0,0.0,0.0,0.7207754921652623,0.21672926048736668,0.28961011207828935,0.25946474351074944,wait:0.000000;e:-0.084338
49,203:18,203,no_addition,False,0.0,0.0,0.0,0.0,0.0,0.0,0.0,0.0,0.0,0.0,0.6998933756450564,0.5135264455480919,0.411197420235476,0.35280032812438555,wait:0.000000
49,205:36,205,no_addition,False,0.0,0.0,0.0,0.0,0.0,0.0,0.0,0.0,1.0,1.0,0.3029972965935572,0.47037263045655686,0.37383117714299735,0.2985107416432016,wait:0.000000;d:-0.121035
49,207:0,207,no_addition,False,0.0,0.0,0.0,0.0,0.0,0.0,0.0,1.0,0.0,1.0,0.6384098086343788,0.4597172691161181,0.22389468572080504,0.4123575006396421,wait:0.000000
49,208:18,208,no_addition,False,0.0,0.0,0.0,0.0,0.0,0.0,1.0,0.0,0.0,0.0,0.5181053835434617,0.6719454342725899,0.3859596365912661,0.34099353141222527,wait:0.000000
49,210:30,210,no_addition,False,0.0,0.0,0.0,0.0,0.0,0.0,0.0,0.0,0.0,1.0,0.2067993238979164,0.5054272613335347,0.2334915451941302,0.4483397378262869,wait:0.000000
49,214:6,214,no_addition,False,0.0,0.0,0.0,0.0,0.0,0.0,0.0,0.0,0.0,0.0,0.6973777556884364,0.6322656244963211,0.443590841096819,0.2925123474407271,wait:0.000000
49,215:24,215,no_addition,False,0.0,0.0,0.0,0.0,0.0,0.0,0.0,0.0,1.0,0.0,0.2210420859453333,0.37994453684031615,0.4330328298258135,0.2810765607108209,wait:0.000000
49,216:30,216,no_addition,False,0.0,0.0,0.0,0.0,0.0,0.0,1.0,0.0,0.0,0.0,0.5223037862230111,0.37755529813170224,0.3716142051303562,0.3663120173657725,wait:0.000000;e:-0.046390
49,218:0,218,no_addition,False,0.0,0.0,0.0,0.0,0.0,0.0,0.0,0.0,0.0,0.0,0.5478474919216988,0.6953990924246174,0.22402292046599662,0.387614879129818,wait:0.000000
49,219:30,219,no_addition,False,0.0,0.0,0.0,0.0,0.0,0.0,0.0,0.0,0.0,0.0,0.3752902680647157,0.2554602095816274,0.2189030648837487,0.1653723697381658,wait:0.000000
49,221:12,221,no_addition,False,0.0,0.16666666666666666,0.0,0.16666666666666666,0.0,0.16666666666666666,1.0,0.0,1.0,0.0,0.5854773497786949,0.36221451903550406,0.309422400651154,0.26117421886414716,wait:0.000000
49,223:36,223,no_addition,False,0.0,0.0,0.0,0.0,0.0,0.0,0.0,0.0,2.0,0.0,0.2349337079297627,0.6520878371705706,0.3980764321907358,0.23046662342288557,wait:0.000000;d:-0.206560
49,224:36,224,no_addition,False,0.0,0.0,0.0,0.0,0.0,0.0,0.0,1.0,3.0,1.0,0.12621087398080955,0.5341076504358636,0.22111542484713326,0.2346933860024937,wait:0.000000;d:-0.127485
49,227:0,227,no_addition,False,0.0,0.0,0.0,0.0,0.0,0.0,0.0,1.0,0.0,1.0,0.3036138572423417,0.4845218972636839,0.28280812642659486,0.19354397946438265,wait:0.000000;d:-0.009457
49,233:36,233,no_addition,False,0.0,0.0,0.0,0.0,0.0,0.0,0.0,0.0,0.0,1.0,0.2883489652810065,0.3961549763047208,0.3661647897859952,0.15654664075523303,wait:0.000000;d:-0.126557
49,235:42,235,no_addition,False,0.0,0.0,0.0,0.0,0.0,0.0,1.0,0.0,1.0,0.0,0.6640474842929618,0.34421760689047476,0.38555152318005487,0.4069681172668978,wait:0.000000;e:-0.117061
49,237:42,237,no_addition,False,0.0,0.0,0.0,0.0,0.0,0.0,0.0,1.0,0.0,0.0,0.382901564545861,0.7323459312222742,0.3982392250083961,0.3660945120808948,wait:0.000000;d:-0.073504
49,238:42,238,no_addition,False,0.16666666666666666,0.0,0.16666666666666666,0.0,0.16666666666666666,0.0,0.0,0.0,0.0,0.0,0.44148802370075735,0.8200127207815411,0.4063827499978433,0.35010745305190616,wait:0.000000;d:-0.028900
50,5:6,5,no_addition,False,0.0,0.0,0.0,0.0,0.0,0.0,3.0,2.0,2.0,3.0,0.5182955845920552,0.47448689290542667,0.18627775142604694,0.4363383782700089,wait:0.000000
50,16:30,16,no_addition,False,0.1,0.0,0.05,0.0,0.1,0.0,1.0,1.0,2.0,5.0,0.46272762961493996,0.23869757964743527,0.2674398715447335,0.3551717717820044,wait:0.000000
50,17:30,17,no_addition,False,0.027777777777777776,0.0,0.027777777777777776,0.0,0.027777777777777776,0.0,3.0,2.0,4.0,1.0,0.5795115413915823,0.6034705125067114,0.39102448426558717,0.19506039435618563,wait:0.000000
50,18:30,18,no_addition,False,0.0,0.0,0.0,0.0,0.0,0.0,0.0,0.0,0.0,1.0,0.789595219406467,0.22127239054154096,0.32218590380534096,0.32129346926806296,wait:0.000000;e:-0.142077
50,20:42,20,no_addition,False,0.0,0.0,0.0,0.0,0.0,0.0,1.0,0.0,3.0,3.0,0.31452970184430223,0.3374992407905472,0.4184763919932643,0.4272570148610409,wait:0.000000;d:-0.155298
50,22:12,22,no_addition,False,0.0,0.0,0.0,0.0,0.0,0.0,1.0,3.0,1.0,2.0,0.35446350737320564,0.6762695489801525,0.18691678094765152,0.31450094045556126,wait:0.000000
50,23:24,23,no_addition,False,0.0,0.0,0.0,0.0,0.0,0.0,1.0,0.0,2.0,1.0,0.520572446256836,0.3303784738750793,0.3297613636665448,0.35952554001985937,wait:0.000000
50,27:36,27,no_addition,False,0.0,0.0,0.0,0.0,0.0,0.0,1.0,2.0,2.0,2.0,0.3842821820042749,0.6115051798509654,0.2987843698533837,0.19427169431111702,wait:0.000000
50,28:24,28,no_addition,False,0.0,0.0,0.0,0.0,0.0,0.0,3.0,0.0,4.0,1.0,0.3580039017795965,0.21329360253934568,0.2206044920108324,0.3311898819821935,wait:0.000000;e:-0.159156
50,34:6,34,no_addition,False,0.0,0.0,0.0,0.0,0.0,0.0,1.0,3.0,5.0,2.0,0.23265924096625568,0.5365665637509907,0.41646186055116163,0.2610662765689028,wait:0.000000
50,36:0,36,no_addition,False,0.0,0.0,0.0,0.0,0.0,0.0,2.0,3.0,4.0,0.0,0.4640525383037992,0.6610174480287444,0.40868282925775223,0.41900053739797377,wait:0.000000
50,40:6,40,no_addition,False,0.0,0.0,0.0,0.0,0.0,0.0,0.0,1.0,0.0,1.0,0.42705592860894204,0.4891911840543369,0.40979428068998186,0.24866690722000864,wait:0.000000;d:-0.045305
50,42:0,42,no_addition,False,0.0,0.0,0.0,0.0,0.0,0.0,0.0,2.0,0.0,1.0,0.5815746493370327,0.42774983826459084,0.3370247532265757,0.2534510171764107,wait:0.000000
50,47:36,47,no_addition,False,0.0,0.0,0.0,0.0,0.0,0.0,0.0,0.0,0.0,0.0,0.519946156673641,0.37419668178960197,0.26250270115202495,0.34677176322672726,wait:0.000000;e:-0.029873
50,50:24,50,no_addition,False,0.07142857142857142,0.0,0.07142857142857142,0.0,0.07142857142857142,0.0,0.0,0.0,0.0,1.0,0.5960075660089996,0.23245709177559298,0.2623525363125461,0.44946089757694324,wait:0.000000;e:-0.260174
50,55:0,55,no_addition,False,0.0,0.0,0.0,0.0,0.0,0.0,0.0,2.0,2.0,0.0,0.27450897074081754,0.7464912946625124,0.27604848689772193,0.21149207820782978,wait:0.000000
50,57:18,57,no_addition,False,0.0,0.0,0.0,0.0,0.0,0.0,1.0,1.0,0.0,0.0,0.4892381622335288,0.472530862798351,0.3472400286318625,0.32934013747717866,wait:0.000000
50,58:0,58,no_addition,False,0.0,0.0,0.0,0.0,0.0,0.0,0.0,1.0,2.0,1.0,0.4372787859513002,0.3901335397688733,0.22916244037719172,0.25204918347217453,wait:0.000000
50,66:36,66,no_addition,False,0.0,0.0,0.0,0.0,0.0,0.0,1.0,0.0,2.0,3.0,0.46546246901317745,0.11490632806636139,0.35202499334846415,0.26907731313463046,wait:0.000000;e:-0.185624
50,69:30,69,no_addition,False,0.0,0.0,0.0,0.0,0.0,0.0,0.0,1.0,1.0,2.0,0.2221802306094799,0.3867408401699467,0.24663404840115602,0.2942416708512183,wait:0.000000;d:-0.066600
50,77:42,77,no_addition,False,0.0,0.0,0.0,0.0,0.0,0.0,0.0,0.0,0.0,0.0,0.4916652746904324,0.6219717754372014,0.3366534083233555,0.2973670533494849,wait:0.000000
50,78:42,78,no_addition,False,0.0,0.0,0.0,0.0,0.0,0.0,0.0,0.0,1.0,2.0,0.3859142480178594,0.4073549962985664,0.4290343540047506,0.4241876368144228,wait:0.000000;d:-0.081586
50,79:24,79,no_addition,False,0.1,0.0,0.05,0.0,0.1,0.0,0.0,1.0,2.0,4.0,0.17403092297448552,0.28440440016812096,0.23419149112968604,0.2980342670728797,wait:0.000000
50,83:36,83,no_addition,False,0.0,0.0,0.0,0.0,0.0,0.0,0.0,0.0,2.0,1.0,0.46050477541980084,0.22735130880636428,0.23823259958918622,0.3571275347972728,wait:0.000000;e:-0.172438
50,84:30,84,no_addition,False,0.0,0.0,0.0,0.0,0.0,0.0,3.0,0.0,1.0,0.0,0.7216040319983554,0.42302857952677253,0.23631765283767825,0.26391723968627046,wait:0.000000
50,87:18,87,no_addition,False,0.0,0.0,0.0,0.0,0.0,0.0,1.0,0.0,1.0,3.0,0.5757817120024694,0.1696321465065253,0.20279804993293035,0.35065675570046845,wait:0.000000;e:-0.217933
50,88:24,88,no_addition,False,0.0,0.0,0.0,0.0,0.0,0.0,0.0,1.0,1.0,2.0,0.15889759435125067,0.3886771281338611,0.39659420517047966,0.3730679206252907,wait:0.000000
50,93:24,93,no_addition,False,0.0,0.0,0.0,0.0,0.0,0.0,0.0,0.0,0.0,2.0,0.32374420301563095,0.2943694415471323,0.30315833026947697,0.4141443069013125,wait:0.000000;d:-0.011683;e:-0.149116;d+e:-0.258049
50,94:18,94,no_addition,False,0.0,0.0,0.0,0.0,0.0,0.0,1.0,2.0,3.0,1.0,0.25712764449241193,0.6171878199792814,0.21800924687211456,0.38576636836737893,wait:0.000000
50,95:6,95,no_addition,False,0.09090909090909091,0.0,0.09090909090909091,0.0,0.09090909090909091,0.0,0.0,1.0,4.0,2.0,0.12239791849096861,0.3003590135404114,0.3728198982561539,0.26511376606491255,wait:0.000000;d:-0.282622
50,97:24,97,no_addition,False,0.0,0.0,0.0,0.0,0.0,0.0,1.0,1.0,2.0,0.0,0.325741090023824,0.7195603883300699,0.30224413357827734,0.19373823302790918,wait:0.000000
50,100:42,100,no_addition,False,0.0,0.0,0.0,0.0,0.0,0.0,0.0,0.0,2.0,2.0,0.40464526130422973,0.174180688506415,0.36878883914846133,0.3520160664731562,wait:0.000000
50,107:18,107,no_addition,False,0.0,0.0,0.0,0.0,0.0,0.0,0.0,2.0,0.0,1.0,0.2729552866978575,0.4981379973865695,0.3467836357187902,0.3787669519245653,wait:0.000000;d:-0.101035
50,108:0,108,no_addition,False,0.0,0.0,0.0,0.0,0.0,0.0,0.0,0.0,2.0,3.0,0.21343741219816653,0.30722219752637836,0.4051152694937241,0.34700663599438875,wait:0.000000;d:-0.232952
50,112:42,112,no_addition,False,0.0,0.0,0.0,0.0,0.0,0.0,2.0,1.0,2.0,0.0,0.37656216904068757,0.4997867587469058,0.22254415227644214,0.20283773666009824,wait:0.000000
50,117:12,117,no_addition,False,0.0,0.0,0.0,0.0,0.0,0.0,0.0,1.0,1.0,0.0,0.5407986163209517,0.6823781252093812,0.22248103607028888,0.2401405260341156,wait:0.000000
50,120:42,120,no_addition,False,0.0,0.0,0.0,0.0,0.0,0.0,0.0,0.0,1.0,0.0,0.5314145921470848,0.3754962022302436,0.203130339038933,0.3923393420191187,wait:0.000000
50,124:36,124,no_addition,False,0.0,0.0,0.0,0.0,0.0,0.0,3.0,0.0,0.0,4.0,0.8428795013137533,0.37636564282391854,0.28748670474943666,0.4403262542165151,wait:0.000000;e:-0.121475
50,125:0,125,no_addition,False,0.0,0.0,0.0,0.0,0.0,0.0,0.0,0.0,0.0,1.0,0.33640190342749543,0.34874461770778453,0.3253573236434573,0.3975528526902157,wait:0.000000
50,126:42,126,no_addition,False,0.0,0.0,0.0,0.0,0.0,0.0,0.0,0.0,1.0,1.0,0.26544700327997556,0.5425223569266017,0.1817981979992302,0.4042363712280874,wait:0.000000
50,130:36,130,no_addition,False,0.0,0.0,0.0,0.0,0.0,0.0,0.0,0.0,1.0,1.0,0.5095834704458369,0.4176125845147967,0.4230493057485234,0.17740609687068634,wait:0.492057
50,131:12,131,no_addition,False,0.0,0.0,0.0,0.0,0.0,0.0,0.0,0.0,1.0,0.0,0.2494521618294632,0.5871447970231283,0.37985692616415667,0.3889506118451608,wait:0.000000;d:-0.175269
50,143:42,143,no_addition,False,0.0,0.0,0.0,0.0,0.0,0.0,0.0,0.0,1.0,1.0,0.36588712245170646,0.1738684219350308,0.4442587311751047,0.18511963509914986,wait:0.000000;d:-0.134842
50,149:30,149,no_addition,False,0.0,0.0,0.0,0.0,0.0,0.0,0.0,1.0,0.0,0.0,0.2713909454604943,0.7579030155864587,0.19879566477615832,0.2377602708974282,wait:0.000000
50,153:6,153,no_addition,False,0.0,0.0,0.0,0.0,0.0,0.0,0.0,0.0,0.0,0.0,0.49527004045165035,0.7227862591583962,0.25663317833606647,0.3716738497836488,wait:0.000000
50,159:0,159,no_addition,False,0.0,0.0,0.0,0.0,0.0,0.0,1.0,1.0,1.0,1.0,0.6692267898518176,0.6527053084289305,0.3379496723410936,0.4064367469037631,wait:0.000000
50,164:30,164,no_addition,False,0.0,0.0,0.0,0.0,0.0,0.0,0.0,0.0,1.0,1.0,0.28800537381185065,0.16331353911497792,0.2900040903492713,0.4084117408635823,wait:0.000000;e:-0.281377
50,168:0,168,no_addition,False,0.0,0.0,0.0,0.0,0.0,0.0,1.0,0.0,1.0,1.0,0.3755780482129814,0.5002810804162031,0.2124602298368124,0.3434550845162469,wait:0.000000
50,169:42,169,no_addition,False,0.0,0.0,0.0,0.0,0.0,0.0,2.0,0.0,1.0,2.0,0.6014709960578943,0.18991048716978343,0.32831279278468456,0.35255123439538055,wait:0.000000;e:-0.201570
50,170:0,170,no_addition,False,0.0,0.0,0.0,0.0,0.0,0.0,1.0,0.0,1.0,0.0,0.50516600281619,0.4051155287561089,0.3137915355224336,0.3714260410134784,wait:0.000000
50,176:6,176,no_addition,False,0.0,0.0,0.0,0.0,0.0,0.0,1.0,0.0,0.0,0.0,0.649507682724739,0.7367207112421665,0.29667236080361553,0.19039524472284738,wait:0.000000
50,178:0,178,no_addition,False,0.14285714285714285,0.0,0.0,0.0,0.14285714285714285,0.0,1.0,0.0,1.0,2.0,0.3485119713581023,0.36772084841034036,0.2937797092560933,0.26244031453647154,wait:0.000000
50,181:12,181,no_addition,False,0.0,0.0,0.0,0.0,0.0,0.0,0.0,0.0,0.0,1.0,0.7946355321921084,0.2951359056296911,0.39624013053372786,0.3667363039972709,wait:0.000000
50,184:12,184,no_addition,False,0.0,0.0,0.0,0.0,0.0,0.0,2.0,0.0,0.0,0.0,0.6093055541167139,0.2994402084407679,0.3329551098625529,0.29829461350477027,wait:0.000000
50,187:6,187,no_addition,False,0.0,0.0,0.0,0.0,0.0,0.0,0.0,1.0,1.0,0.0,0.22482733484249073,0.6888209501139968,0.362124988748831,0.3298573274808079,wait:0.000000
50,197:24,197,no_addition,False,0.0,0.0,0.0,0.0,0.0,0.0,0.0,0.0,1.0,0.0,0.306562898358019,0.56166766570625,0.19688231088167402,0.34557495756149265,wait:0.000000
50,199:6,199,no_addition,False,0.0,0.0,0.0,0.0,0.0,0.0,1.0,0.0,0.0,1.0,0.5889379141900573,0.5300935850297215,0.33328785511729253,0.39501652679189125,wait:0.000000
50,201:0,201,no_addition,False,0.0,0.0,0.0,0.0,0.0,0.0,0.0,1.0,0.0,0.0,0.2468416151391679,0.5654302902035843,0.20072772104470216,0.20987555220806772,wait:0.000000
50,202:24,202,no_addition,False,0.0,0.0,0.0,0.0,0.0,0.0,0.0,0.0,0.0,0.0,0.7207754921652623,0.21672926048736668,0.28961011207828935,0.25946474351074944,wait:0.000000;e:-0.084338
50,203:18,203,no_addition,False,0.0,0.0,0.0,0.0,0.0,0.0,0.0,0.0,0.0,0.0,0.6998933756450564,0.5135264455480919,0.411197420235476,0.35280032812438555,wait:0.000000
50,205:36,205,no_addition,False,0.0,0.0,0.0,0.0,0.0,0.0,0.0,0.0,1.0,1.0,0.3029972965935572,0.47037263045655686,0.37383117714299735,0.2985107416432016,wait:0.000000;d:-0.121035
50,207:0,207,no_addition,False,0.0,0.0,0.0,0.0,0.0,0.0,0.0,1.0,0.0,1.0,0.6384098086343788,0.4597172691161181,0.22389468572080504,0.4123575006396421,wait:0.000000
50,208:18,208,no_addition,False,0.0,0.0,0.0,0.0,0.0,0.0,1.0,0.0,0.0,0.0,0.5181053835434617,0.6719454342725899,0.3859596365912661,0.34099353141222527,wait:0.000000
50,210:30,210,no_addition,False,0.0,0.0,0.0,0.0,0.0,0.0,0.0,0.0,0.0,1.0,0.2067993238979164,0.5054272613335347,0.2334915451941302,0.4483397378262869,wait:0.000000
50,214:6,214,no_addition,False,0.0,0.0,0.0,0.0,0.0,0.0,0.0,0.0,0.0,0.0,0.6973777556884364,0.6322656244963211,0.443590841096819,0.2925123474407271,wait:0.000000
50,215:24,215,no_addition,False,0.0,0.0,0.0,0.0,0.0,0.0,0.0,0.0,1.0,0.0,0.2210420859453333,0.37994453684031615,0.4330328298258135,0.2810765607108209,wait:0.000000
50,216:30,216,no_addition,False,0.0,0.0,0.0,0.0,0.0,0.0,1.0,0.0,0.0,0.0,0.5223037862230111,0.37755529813170224,0.3716142051303562,0.3663120173657725,wait:0.000000;e:-0.046390
50,218:0,218,no_addition,False,0.0,0.0,0.0,0.0,0.0,0.0,0.0,0.0,0.0,0.0,0.5478474919216988,0.6953990924246174,0.22402292046599662,0.387614879129818,wait:0.000000
50,219:30,219,no_addition,False,0.0,0.0,0.0,0.0,0.0,0.0,0.0,0.0,0.0,0.0,0.3752902680647157,0.2554602095816274,0.2189030648837487,0.1653723697381658,wait:0.000000
50,221:12,221,no_addition,False,0.0,0.0,0.0,0.0,0.0,0.0,1.0,1.0,1.0,0.0,0.5854773497786949,0.5535501633248529,0.309422400651154,0.2701802264111867,wait:0.000000
50,223:36,223,no_addition,False,0.0,0.0,0.0,0.0,0.0,0.0,0.0,0.0,1.0,0.0,0.27408932591805646,0.6520878371705706,0.3980764321907358,0.23046662342288557,wait:0.000000;d:-0.171307
50,224:36,224,no_addition,False,0.0,0.0,0.0,0.0,0.0,0.0,0.0,1.0,2.0,1.0,0.13768458979724676,0.5341076504358636,0.22111542484713326,0.2346933860024937,wait:0.000000;d:-0.117155
50,227:0,227,no_addition,False,0.0,0.0,0.0,0.0,0.0,0.0,0.0,1.0,0.0,1.0,0.3036138572423417,0.4845218972636839,0.28280812642659486,0.19354397946438265,wait:0.000000;d:-0.009457
50,233:36,233,no_addition,False,0.0,0.0,0.0,0.0,0.0,0.0,0.0,0.0,0.0,1.0,0.2883489652810065,0.3961549763047208,0.3661647897859952,0.15654664075523303,wait:0.000000;d:-0.126557
50,235:42,235,no_addition,False,0.0,0.0,0.0,0.0,0.0,0.0,1.0,0.0,1.0,0.0,0.6640474842929618,0.34421760689047476,0.38555152318005487,0.4069681172668978,wait:0.000000;e:-0.117061
50,237:42,237,no_addition,False,0.0,0.0,0.0,0.0,0.0,0.0,0.0,1.0,0.0,0.0,0.382901564545861,0.7323459312222742,0.3982392250083961,0.3660945120808948,wait:0.000000;d:-0.073504
50,238:42,238,no_addition,False,0.16666666666666666,0.0,0.16666666666666666,0.0,0.16666666666666666,0.0,0.0,0.0,0.0,0.0,0.44148802370075735,0.8200127207815411,0.4063827499978433,0.35010745305190616,wait:0.000000;d:-0.028900
51,5:6,5,no_addition,False,0.0,0.0,0.0,0.0,0.0,0.0,3.0,2.0,2.0,3.0,0.5182955845920552,0.47448689290542667,0.18627775142604694,0.4363383782700089,wait:0.000000
51,16:30,16,no_addition,False,0.05,0.0,0.05,0.0,0.05,0.0,1.0,1.0,1.0,5.0,0.541157414125389,0.23869757964743527,0.2701688498258022,0.3551717717820044,wait:0.000000
51,17:30,17,no_addition,False,0.027777777777777776,0.0,0.027777777777777776,0.0,0.027777777777777776,0.0,3.0,2.0,4.0,1.0,0.5795115413915823,0.6034705125067114,0.39102448426558717,0.19506039435618563,wait:0.000000
51,18:30,18,no_addition,False,0.0,0.0,0.0,0.0,0.0,0.0,0.0,0.0,0.0,1.0,0.789595219406467,0.22127239054154096,0.32218590380534096,0.32129346926806296,wait:0.000000;e:-0.142077
51,20:42,20,no_addition,False,0.0,0.0,0.0,0.0,0.0,0.0,1.0,0.0,3.0,3.0,0.31452970184430223,0.3374992407905472,0.4184763919932643,0.4272570148610409,wait:0.000000;d:-0.155298
51,22:12,22,no_addition,False,0.0,0.0,0.0,0.0,0.0,0.0,1.0,3.0,1.0,2.0,0.35446350737320564,0.6762695489801525,0.18691678094765152,0.31450094045556126,wait:0.000000
51,23:24,23,no_addition,False,0.0,0.0,0.0,0.0,0.0,0.0,1.0,0.0,2.0,1.0,0.520572446256836,0.3303784738750793,0.3297613636665448,0.35952554001985937,wait:0.000000
51,27:36,27,no_addition,False,0.0,0.0,0.0,0.0,0.0,0.0,1.0,2.0,2.0,2.0,0.3842821820042749,0.6115051798509654,0.2987843698533837,0.19427169431111702,wait:0.000000
51,28:24,28,no_addition,False,0.0,0.0,0.0,0.0,0.0,0.0,3.0,0.0,4.0,1.0,0.3580039017795965,0.21329360253934568,0.2206044920108324,0.3311898819821935,wait:0.000000;e:-0.159156
51,34:6,34,no_addition,False,0.0,0.0,0.0,0.0,0.0,0.0,0.0,3.0,5.0,2.0,0.1512668657005573,0.5365665637509907,0.41646186055116163,0.2610662765689028,wait:0.000000
51,36:0,36,no_addition,False,0.0,0.0,0.0,0.0,0.0,0.0,2.0,3.0,4.0,0.0,0.4640525383037992,0.6610174480287444,0.40868282925775223,0.41900053739797377,wait:0.000000
51,40:6,40,no_addition,False,0.0,0.0,0.0,0.0,0.0,0.0,0.0,1.0,0.0,1.0,0.42705592860894204,0.4891911840543369,0.40979428068998186,0.24866690722000864,wait:0.000000;d:-0.045305
51,42:0,42,no_addition,False,0.0,0.0,0.0,0.0,0.0,0.0,0.0,2.0,0.0,1.0,0.5815746493370327,0.42774983826459084,0.3370247532265757,0.2534510171764107,wait:0.000000
51,47:36,47,no_addition,False,0.0,0.0,0.0,0.0,0.0,0.0,0.0,0.0,0.0,0.0,0.519946156673641,0.37419668178960197,0.26250270115202495,0.34677176322672726,wait:0.000000;e:-0.029873
51,50:24,50,no_addition,False,0.07142857142857142,0.0,0.07142857142857142,0.0,0.07142857142857142,0.0,0.0,0.0,0.0,1.0,0.5960075660089996,0.23245709177559298,0.2623525363125461,0.44946089757694324,wait:0.000000;e:-0.260174
51,55:0,55,no_addition,False,0.0,0.0,0.0,0.0,0.0,0.0,0.0,2.0,1.0,0.0,0.32026046586428714,0.7464912946625124,0.27604848689772193,0.21149207820782978,wait:0.000000
51,57:18,57,no_addition,False,0.0,0.0,0.0,0.0,0.0,0.0,1.0,1.0,0.0,0.0,0.4892381622335288,0.472530862798351,0.3472400286318625,0.32934013747717866,wait:0.000000
51,58:0,58,no_addition,False,0.0,0.0,0.0,0.0,0.0,0.0,0.0,1.0,2.0,1.0,0.4372787859513002,0.3901335397688733,0.22916244037719172,0.25204918347217453,wait:0.000000
51,66:36,66,no_addition,False,0.0,0.0,0.0,0.0,0.0,0.0,1.0,0.0,1.0,3.0,0.5441408752871026,0.11490632806636139,0.35202499334846415,0.26907731313463046,wait:0.000000;e:-0.185624
51,69:30,69,no_addition,False,0.0,0.0,0.0,0.0,0.0,0.0,0.0,1.0,1.0,2.0,0.2221802306094799,0.3867408401699467,0.24663404840115602,0.2942416708512183,wait:0.000000;d:-0.066600
51,77:42,77,no_addition,False,0.0,0.0,0.0,0.0,0.0,0.0,0.0,0.0,0.0,0.0,0.4916652746904324,0.6219717754372014,0.3366534083233555,0.2973670533494849,wait:0.000000
51,78:42,78,no_addition,False,0.0,0.0,0.0,0.0,0.0,0.0,0.0,0.0,1.0,2.0,0.3859142480178594,0.4073549962985664,0.4290343540047506,0.4241876368144228,wait:0.000000;d:-0.081586
51,79:24,79,no_addition,False,0.05,0.0,0.05,0.0,0.05,0.0,0.0,1.0,1.0,4.0,0.20303607680356645,0.28440440016812096,0.23658120022284612,0.2980342670728797,wait:0.000000
51,83:36,83,no_addition,False,0.0,0.0,0.0,0.0,0.0,0.0,0.0,0.0,1.0,1.0,0.537255571323101,0.22735130880636428,0.23823259958918622,0.3571275347972728,wait:0.000000;e:-0.172438
51,84:30,84,no_addition,False,0.0,0.0,0.0,0.0,0.0,0.0,3.0,0.0,1.0,0.0,0.7216040319983554,0.42302857952677253,0.23631765283767825,0.26391723968627046,wait:0.000000
51,87:18,87,no_addition,False,0.0,0.0,0.0,0.0,0.0,0.0,1.0,0.0,1.0,2.0,0.5757817120024694,0.18505325073439124,0.20279804993293035,0.35065675570046845,wait:0.000000;e:-0.204049
51,88:24,88,no_addition,False,0.0,0.0,0.0,0.0,0.0,0.0,0.0,1.0,0.0,2.0,0.22699656335892954,0.3886771281338611,0.39659420517047966,0.3730679206252907,wait:0.000000
51,93:24,93,no_addition,False,0.0,0.0,0.0,0.0,0.0,0.0,0.0,0.0,0.0,2.0,0.32374420301563095,0.2943694415471323,0.30315833026947697,0.4141443069013125,wait:0.000000;d:-0.011683;e:-0.149116;d+e:-0.258049
51,94:18,94,no_addition,False,0.0,0.0,0.0,0.0,0.0,0.0,1.0,2.0,3.0,1.0,0.25712764449241193,0.6171878199792814,0.21800924687211456,0.38576636836737893,wait:0.000000
51,95:6,95,no_addition,False,0.09090909090909091,0.0,0.09090909090909091,0.0,0.09090909090909091,0.0,0.0,1.0,3.0,2.0,0.12945933686544756,0.3003590135404114,0.3728198982561539,0.26511376606491255,wait:0.000000;d:-0.276264
51,97:24,97,no_addition,False,0.0,0.0,0.0,0.0,0.0,0.0,1.0,1.0,2.0,0.0,0.325741090023824,0.7195603883300699,0.30224413357827734,0.19373823302790918,wait:0.000000
51,100:42,100,no_addition,False,0.0,0.0,0.0,0.0,0.0,0.0,0.0,0.0,2.0,2.0,0.40464526130422973,0.174180688506415,0.36878883914846133,0.3520160664731562,wait:0.000000
51,106:36,106,no_addition,False,0.0,0.0,0.0,0.0,0.0,0.0,1.0,1.0,0.0,2.0,0.614222325918186,0.298775295289914,0.43743369014725625,0.27225987399715035,wait:0.593096
51,107:18,107,no_addition,False,0.0,0.0,0.0,0.0,0.0,0.0,0.0,2.0,0.0,1.0,0.2729552866978575,0.4981379973865695,0.3467836357187902,0.3787669519245653,wait:0.000000;d:-0.101035
51,108:0,108,no_addition,False,0.0,0.0,0.0,0.0,0.0,0.0,0.0,0.0,1.0,3.0,0.2490103142311943,0.30722219752637836,0.4051152694937241,0.34700663599438875,wait:0.000000;d:-0.200925
51,112:42,112,no_addition,False,0.0,0.0,0.0,0.0,0.0,0.0,2.0,1.0,2.0,0.0,0.37656216904068757,0.4997867587469058,0.22254415227644214,0.20283773666009824,wait:0.000000
51,117:12,117,no_addition,False,0.0,0.0,0.0,0.0,0.0,0.0,0.0,1.0,1.0,0.0,0.5407986163209517,0.6823781252093812,0.22248103607028888,0.2401405260341156,wait:0.000000
51,120:42,120,no_addition,False,0.0,0.0,0.0,0.0,0.0,0.0,0.0,0.0,0.0,0.0,0.759163703067264,0.3754962022302436,0.203130339038933,0.3923393420191187,wait:0.000000
51,124:36,124,no_addition,False,0.0,0.0,0.0,0.0,0.0,0.0,3.0,0.0,0.0,4.0,0.8428795013137533,0.37636564282391854,0.28748670474943666,0.4403262542165151,wait:0.000000;e:-0.121475
51,125:0,125,no_addition,False,0.0,0.0,0.0,0.0,0.0,0.0,0.0,0.0,0.0,1.0,0.33640190342749543,0.34874461770778453,0.3253573236434573,0.3975528526902157,wait:0.000000
51,126:42,126,no_addition,False,0.0,0.0,0.0,0.0,0.0,0.0,0.0,0.0,1.0,1.0,0.26544700327997556,0.5425223569266017,0.1817981979992302,0.4042363712280874,wait:0.000000
51,130:36,130,no_addition,False,0.0,0.0,0.0,0.0,0.0,0.0,0.0,0.0,1.0,1.0,0.5095834704458369,0.4176125845147967,0.4230493057485234,0.17740609687068634,wait:0.492057
51,131:12,131,no_addition,False,0.0,0.0,0.0,0.0,0.0,0.0,0.0,0.0,1.0,0.0,0.2494521618294632,0.5871447970231283,0.37985692616415667,0.3889506118451608,wait:0.000000;d:-0.175269
51,143:42,143,no_addition,False,0.0,0.0,0.0,0.0,0.0,0.0,0.0,0.0,1.0,1.0,0.36588712245170646,0.1738684219350308,0.4442587311751047,0.18511963509914986,wait:0.000000;d:-0.134842
51,149:30,149,no_addition,False,0.0,0.0,0.0,0.0,0.0,0.0,0.0,1.0,0.0,0.0,0.2713909454604943,0.7579030155864587,0.19879566477615832,0.2377602708974282,wait:0.000000
51,153:6,153,no_addition,False,0.0,0.0,0.0,0.0,0.0,0.0,0.0,0.0,0.0,0.0,0.49527004045165035,0.7227862591583962,0.25663317833606647,0.3716738497836488,wait:0.000000
51,159:0,159,no_addition,False,0.0,0.0,0.0,0.0,0.0,0.0,1.0,1.0,0.0,1.0,0.8474312548271206,0.6527053084289305,0.3379496723410936,0.4064367469037631,wait:0.000000
51,164:30,164,no_addition,False,0.0,0.0,0.0,0.0,0.0,0.0,0.0,0.0,1.0,1.0,0.28800537381185065,0.16331353911497792,0.2900040903492713,0.4084117408635823,wait:0.000000;e:-0.281377
51,168:0,168,no_addition,False,0.0,0.0,0.0,0.0,0.0,0.0,1.0,0.0,1.0,1.0,0.3755780482129814,0.5002810804162031,0.2124602298368124,0.3434550845162469,wait:0.000000
51,169:42,169,no_addition,False,0.0,0.0,0.0,0.0,0.0,0.0,2.0,0.0,0.0,2.0,0.7288774502449756,0.18991048716978343,0.32831279278468456,0.35255123439538055,wait:0.000000;e:-0.201570
51,170:0,170,no_addition,False,0.0,0.0,0.0,0.0,0.0,0.0,1.0,0.0,1.0,0.0,0.50516600281619,0.4051155287561089,0.3137915355224336,0.3714260410134784,wait:0.000000
51,176:6,176,no_addition,False,0.0,0.0,0.0,0.0,0.0,0.0,1.0,0.0,0.0,0.0,0.649507682724739,0.7367207112421665,0.29667236080361553,0.19039524472284738,wait:0.000000
51,178:0,178,no_addition,False,0.0,0.0,0.0,0.0,0.0,0.0,1.0,0.0,1.0,2.0,0.3485119713581023,0.36772084841034036,0.30242028894009604,0.26244031453647154,wait:0.000000
51,181:12,181,no_addition,False,0.0,0.0,0.0,0.0,0.0,0.0,0.0,0.0,0.0,1.0,0.7946355321921084,0.2951359056296911,0.39624013053372786,0.3667363039972709,wait:0.000000
51,184:12,184,no_addition,False,0.0,0.0,0.0,0.0,0.0,0.0,2.0,0.0,0.0,0.0,0.6093055541167139,0.2994402084407679,0.3329551098625529,0.29829461350477027,wait:0.000000
51,187:6,187,no_addition,False,0.0,0.0,0.0,0.0,0.0,0.0,0.0,1.0,1.0,0.0,0.22482733484249073,0.6888209501139968,0.362124988748831,0.3298573274808079,wait:0.000000
51,197:24,197,no_addition,False,0.0,0.0,0.0,0.0,0.0,0.0,0.0,0.0,1.0,0.0,0.306562898358019,0.56166766570625,0.19688231088167402,0.34557495756149265,wait:0.000000
51,199:6,199,no_addition,False,0.0,0.0,0.0,0.0,0.0,0.0,1.0,0.0,0.0,1.0,0.5889379141900573,0.5300935850297215,0.33328785511729253,0.39501652679189125,wait:0.000000
51,201:0,201,no_addition,False,0.0,0.0,0.0,0.0,0.0,0.0,0.0,1.0,0.0,0.0,0.2468416151391679,0.5654302902035843,0.20072772104470216,0.20987555220806772,wait:0.000000
51,202:24,202,no_addition,False,0.0,0.0,0.0,0.0,0.0,0.0,0.0,0.0,0.0,0.0,0.7207754921652623,0.21672926048736668,0.28961011207828935,0.25946474351074944,wait:0.000000;e:-0.084338
51,203:18,203,no_addition,False,0.0,0.0,0.0,0.0,0.0,0.0,0.0,0.0,0.0,0.0,0.6998933756450564,0.5135264455480919,0.411197420235476,0.35280032812438555,wait:0.000000
51,205:36,205,no_addition,False,0.0,0.0,0.0,0.0,0.0,0.0,0.0,0.0,1.0,1.0,0.3029972965935572,0.47037263045655686,0.37383117714299735,0.2985107416432016,wait:0.000000;d:-0.121035
51,207:0,207,no_addition,False,0.0,0.0,0.0,0.0,0.0,0.0,0.0,1.0,0.0,1.0,0.6384098086343788,0.4597172691161181,0.22389468572080504,0.4123575006396421,wait:0.000000
51,208:18,208,no_addition,False,0.0,0.0,0.0,0.0,0.0,0.0,1.0,0.0,0.0,0.0,0.5181053835434617,0.6719454342725899,0.3859596365912661,0.34099353141222527,wait:0.000000
51,210:30,210,no_addition,False,0.0,0.0,0.0,0.0,0.0,0.0,0.0,0.0,0.0,1.0,0.2067993238979164,0.5054272613335347,0.2334915451941302,0.4483397378262869,wait:0.000000
51,214:6,214,no_addition,False,0.0,0.0,0.0,0.0,0.0,0.0,0.0,0.0,0.0,0.0,0.6973777556884364,0.6322656244963211,0.443590841096819,0.2925123474407271,wait:0.000000
51,215:24,215,no_addition,False,0.0,0.0,0.0,0.0,0.0,0.0,0.0,0.0,1.0,0.0,0.2210420859453333,0.37994453684031615,0.4330328298258135,0.2810765607108209,wait:0.000000
51,216:30,216,no_addition,False,0.0,0.0,0.0,0.0,0.0,0.0,1.0,0.0,0.0,0.0,0.5223037862230111,0.37755529813170224,0.3716142051303562,0.3663120173657725,wait:0.000000;e:-0.046390
51,218:0,218,no_addition,False,0.0,0.0,0.0,0.0,0.0,0.0,0.0,0.0,0.0,0.0,0.5478474919216988,0.6953990924246174,0.22402292046599662,0.387614879129818,wait:0.000000
51,219:30,219,no_addition,False,0.0,0.0,0.0,0.0,0.0,0.0,0.0,0.0,0.0,0.0,0.3752902680647157,0.2554602095816274,0.2189030648837487,0.1653723697381658,wait:0.000000
51,221:12,221,no_addition,False,0.0,0.0,0.0,0.0,0.0,0.0,1.0,1.0,1.0,0.0,0.5854773497786949,0.5535501633248529,0.309422400651154,0.2701802264111867,wait:0.000000
51,223:36,223,no_addition,False,0.0,0.0,0.0,0.0,0.0,0.0,0.0,0.0,1.0,0.0,0.27408932591805646,0.6520878371705706,0.3980764321907358,0.23046662342288557,wait:0.000000;d:-0.171307
51,224:36,224,no_addition,False,0.0,0.0,0.0,0.0,0.0,0.0,0.0,1.0,1.0,1.0,0.16063202143012123,0.5341076504358636,0.22111542484713326,0.2346933860024937,wait:0.000000;d:-0.096494
51,227:0,227,no_addition,False,0.0,0.0,0.0,0.0,0.0,0.0,0.0,1.0,0.0,1.0,0.3036138572423417,0.4845218972636839,0.28280812642659486,0.19354397946438265,wait:0.000000;d:-0.009457
51,233:36,233,no_addition,False,0.0,0.0,0.0,0.0,0.0,0.0,0.0,0.0,0.0,1.0,0.2883489652810065,0.3961549763047208,0.3661647897859952,0.15654664075523303,wait:0.000000;d:-0.126557
51,235:42,235,no_addition,False,0.0,0.0,0.0,0.0,0.0,0.0,1.0,0.0,1.0,0.0,0.6640474842929618,0.34421760689047476,0.38555152318005487,0.4069681172668978,wait:0.000000;e:-0.117061
51,237:42,237,no_addition,False,0.0,0.0,0.0,0.0,0.0,0.0,0.0,1.0,0.0,0.0,0.382901564545861,0.7323459312222742,0.3982392250083961,0.3660945120808948,wait:0.000000;d:-0.073504
51,238:42,238,no_addition,False,0.16666666666666666,0.0,0.16666666666666666,0.0,0.16666666666666666,0.0,0.0,0.0,0.0,0.0,0.44148802370075735,0.8200127207815411,0.4063827499978433,0.35010745305190616,wait:0.000000;d:-0.028900
52,5:6,5,no_addition,False,0.0,0.0,0.0,0.0,0.0,0.0,3.0,2.0,2.0,3.0,0.5182955845920552,0.47448689290542667,0.18627775142604694,0.4363383782700089,wait:0.000000
52,16:30,16,no_addition,False,0.0,0.0,0.0,0.0,0.0,0.0,2.0,1.0,1.0,5.0,0.61272762961494,0.23869757964743527,0.2728978281068709,0.3551717717820044,wait:0.000000
52,17:30,17,no_addition,False,0.0,0.0,0.0,0.0,0.0,0.0,3.0,2.0,4.0,0.0,0.5795115413915823,0.7310587409164123,0.3932089785910932,0.19506039435618563,wait:0.000000
52,18:30,18,no_addition,False,0.0,0.0,0.0,0.0,0.0,0.0,0.0,0.0,0.0,1.0,0.789595219406467,0.22127239054154096,0.32218590380534096,0.32129346926806296,wait:0.000000;e:-0.142077
52,20:42,20,no_addition,False,0.0,0.0,0.0,0.0,0.0,0.0,1.0,0.0,3.0,3.0,0.31452970184430223,0.3374992407905472,0.4184763919932643,0.4272570148610409,wait:0.000000;d:-0.155298
52,22:12,22,no_addition,False,0.0,0.0,0.0,0.0,0.0,0.0,1.0,3.0,1.0,2.0,0.35446350737320564,0.6762695489801525,0.18691678094765152,0.31450094045556126,wait:0.000000
52,23:24,23,no_addition,False,0.0,0.0,0.0,0.0,0.0,0.0,1.0,0.0,2.0,1.0,0.520572446256836,0.3303784738750793,0.3297613636665448,0.35952554001985937,wait:0.000000
52,27:36,27,no_addition,False,0.0,0.0,0.0,0.0,0.0,0.0,1.0,2.0,2.0,2.0,0.3842821820042749,0.6115051798509654,0.2987843698533837,0.19427169431111702,wait:0.000000
52,28:24,28,no_addition,False,0.0,0.0,0.0,0.0,0.0,0.0,2.0,0.0,4.0,1.0,0.30743256121823404,0.21329360253934568,0.2206044920108324,0.3311898819821935,wait:0.000000;e:-0.159156
52,34:6,34,no_addition,False,0.0,0.0,0.0,0.0,0.0,0.0,0.0,3.0,5.0,1.0,0.1512668657005573,0.6060292263010303,0.41646186055116163,0.2610662765689028,wait:0.000000
52,36:0,36,no_addition,False,0.0,0.0,0.0,0.0,0.0,0.0,2.0,3.0,4.0,0.0,0.4640525383037992,0.6610174480287444,0.40868282925775223,0.41900053739797377,wait:0.000000
52,40:6,40,no_addition,False,0.0,0.0,0.0,0.0,0.0,0.0,0.0,1.0,0.0,1.0,0.42705592860894204,0.4891911840543369,0.40979428068998186,0.24866690722000864,wait:0.000000;d:-0.045305
52,42:0,42,no_addition,False,0.0,0.0,0.0,0.0,0.0,0.0,0.0,2.0,0.0,1.0,0.5815746493370327,0.42774983826459084,0.3370247532265757,0.2534510171764107,wait:0.000000
52,47:36,47,no_addition,False,0.0,0.0,0.0,0.0,0.0,0.0,0.0,0.0,0.0,0.0,0.519946156673641,0.37419668178960197,0.26250270115202495,0.34677176322672726,wait:0.000000;e:-0.029873
52,50:24,50,no_addition,False,0.0,0.0,0.0,0.0,0.0,0.0,1.0,0.0,0.0,1.0,0.7172052962062997,0.23245709177559298,0.2661547469837424,0.44946089757694324,wait:0.000000;e:-0.260174
52,55:0,55,no_addition,False,0.0,0.0,0.0,0.0,0.0,0.0,0.0,2.0,1.0,0.0,0.32026046586428714,0.7464912946625124,0.27604848689772193,0.21149207820782978,wait:0.000000
52,57:18,57,no_addition,False,0.0,0.0,0.0,0.0,0.0,0.0,1.0,1.0,0.0,0.0,0.4892381622335288,0.472530862798351,0.3472400286318625,0.32934013747717866,wait:0.000000
52,58:0,58,no_addition,False,0.0,0.0,0.0,0.0,0.0,0.0,0.0,1.0,2.0,1.0,0.4372787859513002,0.3901335397688733,0.22916244037719172,0.25204918347217453,wait:0.000000
52,66:36,66,no_addition,False,0.0,0.0,0.0,0.0,0.0,0.0,1.0,0.0,1.0,3.0,0.5441408752871026,0.11490632806636139,0.35202499334846415,0.26907731313463046,wait:0.000000;e:-0.185624
52,69:30,69,no_addition,False,0.0,0.0,0.0,0.0,0.0,0.0,0.0,1.0,1.0,2.0,0.2221802306094799,0.3867408401699467,0.24663404840115602,0.2942416708512183,wait:0.000000;d:-0.066600
52,77:42,77,no_addition,False,0.0,0.0,0.0,0.0,0.0,0.0,0.0,0.0,0.0,0.0,0.4916652746904324,0.6219717754372014,0.3366534083233555,0.2973670533494849,wait:0.000000
52,78:42,78,no_addition,False,0.0,0.0,0.0,0.0,0.0,0.0,0.0,0.0,1.0,2.0,0.3859142480178594,0.4073549962985664,0.4290343540047506,0.4241876368144228,wait:0.000000;d:-0.081586
52,79:24,79,no_addition,False,0.0,0.0,0.0,0.0,0.0,0.0,1.0,0.0,1.0,4.0,0.37403092297448554,0.19178057617484578,0.23897090931600617,0.2980342670728797,wait:0.000000
52,83:36,83,no_addition,False,0.0,0.0,0.0,0.0,0.0,0.0,0.0,0.0,1.0,1.0,0.537255571323101,0.22735130880636428,0.23823259958918622,0.3571275347972728,wait:0.000000;e:-0.172438
52,84:30,84,no_addition,False,0.0,0.0,0.0,0.0,0.0,0.0,3.0,0.0,1.0,0.0,0.7216040319983554,0.42302857952677253,0.23631765283767825,0.26391723968627046,wait:0.000000
52,87:18,87,no_addition,False,0.0,0.0,0.0,0.0,0.0,0.0,1.0,0.0,1.0,2.0,0.5757817120024694,0.18505325073439124,0.20279804993293035,0.35065675570046845,wait:0.000000;e:-0.204049
52,88:24,88,no_addition,False,0.0,0.0,0.0,0.0,0.0,0.0,0.0,1.0,0.0,2.0,0.22699656335892954,0.3886771281338611,0.39659420517047966,0.3730679206252907,wait:0.000000
52,93:24,93,no_addition,False,0.0,0.0,0.0,0.0,0.0,0.0,0.0,0.0,0.0,2.0,0.32374420301563095,0.2943694415471323,0.30315833026947697,0.4141443069013125,wait:0.000000;d:-0.011683;e:-0.149116;d+e:-0.258049
52,94:18,94,no_addition,False,0.0,0.0,0.0,0.0,0.0,0.0,1.0,2.0,3.0,1.0,0.25712764449241193,0.6171878199792814,0.21800924687211456,0.38576636836737893,wait:0.000000
52,95:6,95,no_addition,False,0.0,0.0,0.0,0.0,0.0,0.0,1.0,1.0,3.0,2.0,0.2423979184909686,0.3003590135404114,0.3797239704460827,0.26511376606491255,wait:0.000000;d:-0.181487
52,97:24,97,no_addition,False,0.0,0.0,0.0,0.0,0.0,0.0,1.0,1.0,2.0,0.0,0.325741090023824,0.7195603883300699,0.30224413357827734,0.19373823302790918,wait:0.000000
52,100:42,100,no_addition,False,0.0,0.0,0.0,0.0,0.0,0.0,0.0,0.0,2.0,2.0,0.40464526130422973,0.174180688506415,0.36878883914846133,0.3520160664731562,wait:0.000000
52,107:18,107,no_addition,False,0.0,0.0,0.0,0.0,0.0,0.0,0.0,2.0,0.0,1.0,0.2729552866978575,0.4981379973865695,0.3467836357187902,0.3787669519245653,wait:0.000000;d:-0.101035
52,108:0,108,no_addition,False,0.0,0.0,0.0,0.0,0.0,0.0,0.0,0.0,1.0,3.0,0.2490103142311943,0.30722219752637836,0.4051152694937241,0.34700663599438875,wait:0.000000;d:-0.200925
52,112:42,112,no_addition,False,0.0,0.0,0.0,0.0,0.0,0.0,2.0,1.0,2.0,0.0,0.37656216904068757,0.4997867587469058,0.22254415227644214,0.20283773666009824,wait:0.000000
52,117:12,117,no_addition,False,0.0,0.0,0.0,0.0,0.0,0.0,0.0,1.0,1.0,0.0,0.5407986163209517,0.6823781252093812,0.22248103607028888,0.2401405260341156,wait:0.000000
52,120:42,120,no_addition,False,0.0,0.0,0.0,0.0,0.0,0.0,0.0,0.0,0.0,0.0,0.759163703067264,0.3754962022302436,0.203130339038933,0.3923393420191187,wait:0.000000
52,124:36,124,no_addition,False,0.0,0.0,0.0,0.0,0.0,0.0,3.0,0.0,0.0,4.0,0.8428795013137533,0.37636564282391854,0.28748670474943666,0.4403262542165151,wait:0.000000;e:-0.121475
52,125:0,125,no_addition,False,0.0,0.0,0.0,0.0,0.0,0.0,0.0,0.0,0.0,0.0,0.33640190342749543,0.49820659672540646,0.3253573236434573,0.3975528526902157,wait:0.000000
52,126:42,126,no_addition,False,0.0,0.0,0.0,0.0,0.0,0.0,0.0,0.0,1.0,0.0,0.26544700327997556,0.7750319384665738,0.1817981979992302,0.4042363712280874,wait:0.000000
52,131:12,131,no_addition,False,0.0,0.0,0.0,0.0,0.0,0.0,0.0,0.0,1.0,0.0,0.2494521618294632,0.5871447970231283,0.37985692616415667,0.3889506118451608,wait:0.000000;d:-0.175269
52,143:42,143,no_addition,False,0.0,0.0,0.0,0.0,0.0,0.0,0.0,0.0,1.0,1.0,0.36588712245170646,0.1738684219350308,0.4442587311751047,0.18511963509914986,wait:0.000000;d:-0.134842
52,149:30,149,no_addition,False,0.0,0.0,0.0,0.0,0.0,0.0,0.0,1.0,0.0,0.0,0.2713909454604943,0.7579030155864587,0.19879566477615832,0.2377602708974282,wait:0.000000
52,153:6,153,no_addition,False,0.0,0.0,0.0,0.0,0.0,0.0,0.0,0.0,0.0,0.0,0.49527004045165035,0.7227862591583962,0.25663317833606647,0.3716738497836488,wait:0.000000
52,159:0,159,no_addition,False,0.0,0.0,0.0,0.0,0.0,0.0,1.0,1.0,0.0,1.0,0.8474312548271206,0.6527053084289305,0.3379496723410936,0.4064367469037631,wait:0.000000
52,164:30,164,no_addition,False,0.0,0.0,0.0,0.0,0.0,0.0,0.0,0.0,1.0,1.0,0.28800537381185065,0.16331353911497792,0.2900040903492713,0.4084117408635823,wait:0.000000;e:-0.281377
52,168:0,168,no_addition,False,0.0,0.0,0.0,0.0,0.0,0.0,1.0,0.0,1.0,1.0,0.3755780482129814,0.5002810804162031,0.2124602298368124,0.3434550845162469,wait:0.000000
52,169:42,169,no_addition,False,0.0,0.0,0.0,0.0,0.0,0.0,2.0,0.0,0.0,2.0,0.7288774502449756,0.18991048716978343,0.32831279278468456,0.35255123439538055,wait:0.000000;e:-0.201570
52,170:0,170,no_addition,False,0.0,0.0,0.0,0.0,0.0,0.0,1.0,0.0,1.0,0.0,0.50516600281619,0.4051155287561089,0.3137915355224336,0.3714260410134784,wait:0.000000
52,176:6,176,no_addition,False,0.0,0.0,0.0,0.0,0.0,0.0,1.0,0.0,0.0,0.0,0.649507682724739,0.7367207112421665,0.29667236080361553,0.19039524472284738,wait:0.000000
52,178:0,178,no_addition,False,0.0,0.0,0.0,0.0,0.0,0.0,1.0,0.0,1.0,2.0,0.3485119713581023,0.36772084841034036,0.30242028894009604,0.26244031453647154,wait:0.000000
52,181:12,181,no_addition,False,0.0,0.0,0.0,0.0,0.0,0.0,0.0,0.0,0.0,1.0,0.7946355321921084,0.2951359056296911,0.39624013053372786,0.3667363039972709,wait:0.000000
52,184:12,184,no_addition,False,0.0,0.0,0.0,0.0,0.0,0.0,2.0,0.0,0.0,0.0,0.6093055541167139,0.2994402084407679,0.3329551098625529,0.29829461350477027,wait:0.000000
52,187:6,187,no_addition,False,0.0,0.0,0.0,0.0,0.0,0.0,0.0,1.0,1.0,0.0,0.22482733484249073,0.6888209501139968,0.362124988748831,0.3298573274808079,wait:0.000000
52,197:24,197,no_addition,False,0.0,0.0,0.0,0.0,0.0,0.0,0.0,0.0,1.0,0.0,0.306562898358019,0.56166766570625,0.19688231088167402,0.34557495756149265,wait:0.000000
52,199:6,199,no_addition,False,0.0,0.0,0.0,0.0,0.0,0.0,1.0,0.0,0.0,0.0,0.5889379141900573,0.7572765500424592,0.33328785511729253,0.39501652679189125,wait:0.000000
52,201:0,201,no_addition,False,0.0,0.0,0.0,0.0,0.0,0.0,0.0,1.0,0.0,0.0,0.2468416151391679,0.5654302902035843,0.20072772104470216,0.20987555220806772,wait:0.000000
52,202:24,202,no_addition,False,0.0,0.0,0.0,0.0,0.0,0.0,0.0,0.0,0.0,0.0,0.7207754921652623,0.21672926048736668,0.28961011207828935,0.25946474351074944,wait:0.000000;e:-0.084338
52,203:18,203,no_addition,False,0.0,0.0,0.0,0.0,0.0,0.0,0.0,0.0,0.0,0.0,0.6998933756450564,0.5135264455480919,0.411197420235476,0.35280032812438555,wait:0.000000
52,205:36,205,no_addition,False,0.0,0.0,0.0,0.0,0.0,0.0,0.0,0.0,1.0,1.0,0.3029972965935572,0.47037263045655686,0.37383117714299735,0.2985107416432016,wait:0.000000;d:-0.121035
52,207:0,207,no_addition,False,0.0,0.0,0.0,0.0,0.0,0.0,0.0,1.0,0.0,1.0,0.6384098086343788,0.4597172691161181,0.22389468572080504,0.4123575006396421,wait:0.000000
52,208:18,208,no_addition,False,0.0,0.0,0.0,0.0,0.0,0.0,1.0,0.0,0.0,0.0,0.5181053835434617,0.6719454342725899,0.3859596365912661,0.34099353141222527,wait:0.000000
52,210:30,210,no_addition,False,0.0,0.0,0.0,0.0,0.0,0.0,0.0,0.0,0.0,1.0,0.2067993238979164,0.5054272613335347,0.2334915451941302,0.4483397378262869,wait:0.000000
52,214:6,214,no_addition,False,0.0,0.0,0.0,0.0,0.0,0.0,0.0,0.0,0.0,0.0,0.6973777556884364,0.6322656244963211,0.443590841096819,0.2925123474407271,wait:0.000000
52,215:24,215,no_addition,False,0.0,0.0,0.0,0.0,0.0,0.0,0.0,0.0,1.0,0.0,0.2210420859453333,0.37994453684031615,0.4330328298258135,0.2810765607108209,wait:0.000000
52,216:30,216,no_addition,False,0.0,0.0,0.0,0.0,0.0,0.0,1.0,0.0,0.0,0.0,0.5223037862230111,0.37755529813170224,0.3716142051303562,0.3663120173657725,wait:0.000000;e:-0.046390
52,218:0,218,no_addition,False,0.0,0.0,0.0,0.0,0.0,0.0,0.0,0.0,0.0,0.0,0.5478474919216988,0.6953990924246174,0.22402292046599662,0.387614879129818,wait:0.000000
52,219:30,219,no_addition,False,0.0,0.0,0.0,0.0,0.0,0.0,0.0,0.0,0.0,0.0,0.3752902680647157,0.2554602095816274,0.2189030648837487,0.1653723697381658,wait:0.000000
52,221:12,221,no_addition,False,0.0,0.0,0.0,0.0,0.0,0.0,1.0,1.0,1.0,0.0,0.5854773497786949,0.5535501633248529,0.309422400651154,0.2701802264111867,wait:0.000000
52,223:36,223,no_addition,False,0.0,0.0,0.0,0.0,0.0,0.0,0.0,0.0,1.0,0.0,0.27408932591805646,0.6520878371705706,0.3980764321907358,0.23046662342288557,wait:0.000000;d:-0.171307
52,224:36,224,no_addition,False,0.0,0.0,0.0,0.0,0.0,0.0,0.0,1.0,1.0,1.0,0.16063202143012123,0.5341076504358636,0.22111542484713326,0.2346933860024937,wait:0.000000;d:-0.096494
52,227:0,227,no_addition,False,0.0,0.0,0.0,0.0,0.0,0.0,0.0,1.0,0.0,1.0,0.3036138572423417,0.4845218972636839,0.28280812642659486,0.19354397946438265,wait:0.000000;d:-0.009457
52,233:36,233,no_addition,False,0.0,0.0,0.0,0.0,0.0,0.0,0.0,0.0,0.0,0.0,0.2883489652810065,0.5659356804353154,0.3661647897859952,0.15654664075523303,wait:0.000000;d:-0.126557
52,235:42,235,no_addition,False,0.0,0.0,0.0,0.0,0.0,0.0,1.0,0.0,1.0,0.0,0.6640474842929618,0.34421760689047476,0.38555152318005487,0.4069681172668978,wait:0.000000;e:-0.117061
52,237:42,237,no_addition,False,0.0,0.0,0.0,0.0,0.0,0.0,0.0,1.0,0.0,0.0,0.382901564545861,0.7323459312222742,0.3982392250083961,0.3660945120808948,wait:0.000000;d:-0.073504
52,238:42,238,d,False,0.0,0.0,0.0,0.0,0.0,0.0,1.0,0.0,0.0,0.0,0.6090416165905302,0.8200127207815411,0.42039594827363097,0.35010745305190616,wait:0.000000;d:0.107939
53,5:6,5,no_addition,False,0.0,0.0,0.0,0.0,0.0,0.0,2.0,2.0,2.0,3.0,0.4670274079757374,0.47448689290542667,0.18627775142604694,0.4363383782700089,wait:0.000000
53,16:30,16,no_addition,False,0.0,0.0,0.0,0.0,0.0,0.0,2.0,1.0,1.0,5.0,0.61272762961494,0.23869757964743527,0.2728978281068709,0.3551717717820044,wait:0.000000
53,17:30,17,no_addition,False,0.0,0.0,0.0,0.0,0.0,0.0,3.0,2.0,3.0,0.0,0.6196508994680843,0.7310587409164123,0.3932089785910932,0.19506039435618563,wait:0.000000
53,18:30,18,no_addition,False,0.0,0.0,0.0,0.0,0.0,0.0,0.0,0.0,0.0,1.0,0.789595219406467,0.22127239054154096,0.32218590380534096,0.32129346926806296,wait:0.000000;e:-0.142077
53,20:42,20,no_addition,False,0.0,0.0,0.0,0.0,0.0,0.0,1.0,0.0,2.0,3.0,0.3557525692583966,0.3374992407905472,0.4184763919932643,0.4272570148610409,wait:0.000000;d:-0.118184
53,22:12,22,no_addition,False,0.0,0.0,0.0,0.0,0.0,0.0,1.0,3.0,1.0,2.0,0.35446350737320564,0.6762695489801525,0.18691678094765152,0.31450094045556126,wait:0.000000
53,23:24,23,no_addition,False,0.0,0.0,0.0,0.0,0.0,0.0,1.0,0.0,2.0,1.0,0.520572446256836,0.3303784738750793,0.3297613636665448,0.35952554001985937,wait:0.000000
53,27:36,27,no_addition,False,0.0,0.0,0.0,0.0,0.0,0.0,1.0,2.0,2.0,2.0,0.3842821820042749,0.6115051798509654,0.2987843698533837,0.19427169431111702,wait:0.000000
53,28:24,28,no_addition,False,0.0,0.0,0.0,0.0,0.0,0.0,2.0,0.0,3.0,1.0,0.3400041071364174,0.21329360253934568,0.2206044920108324,0.3311898819821935,wait:0.000000;e:-0.159156
53,34:6,34,no_addition,False,0.0,0.0,0.0,0.0,0.0,0.0,0.0,3.0,4.0,1.0,0.1573175403285796,0.6060292263010303,0.41646186055116163,0.2610662765689028,wait:0.000000
53,36:0,36,no_addition,False,0.0,0.0,0.0,0.0,0.0,0.0,2.0,3.0,4.0,0.0,0.4640525383037992,0.6610174480287444,0.40868282925775223,0.41900053739797377,wait:0.000000
53,40:6,40,no_addition,False,0.0,0.0,0.0,0.0,0.0,0.0,0.0,1.0,0.0,1.0,0.42705592860894204,0.4891911840543369,0.40979428068998186,0.24866690722000864,wait:0.000000;d:-0.045305
53,42:0,42,no_addition,False,0.0,0.0,0.0,0.0,0.0,0.0,0.0,2.0,0.0,1.0,0.5815746493370327,0.42774983826459084,0.3370247532265757,0.2534510171764107,wait:0.000000
53,47:36,47,no_addition,False,0.0,0.0,0.0,0.0,0.0,0.0,0.0,0.0,0.0,0.0,0.519946156673641,0.37419668178960197,0.26250270115202495,0.34677176322672726,wait:0.000000;e:-0.029873
53,50:24,50,no_addition,False,0.0,0.0,0.0,0.0,0.0,0.0,1.0,0.0,0.0,1.0,0.7172052962062997,0.23245709177559298,0.2661547469837424,0.44946089757694324,wait:0.000000;e:-0.260174
53,55:0,55,no_addition,False,0.0,0.0,0.0,0.0,0.0,0.0,0.0,2.0,0.0,0.0,0.4575149512346959,0.7464912946625124,0.27604848689772193,0.21149207820782978,wait:0.000000
53,57:18,57,no_addition,False,0.0,0.0,0.0,0.0,0.0,0.0,1.0,1.0,0.0,0.0,0.4892381622335288,0.472530862798351,0.3472400286318625,0.32934013747717866,wait:0.000000
53,58:0,58,no_addition,False,0.0,0.0,0.0,0.0,0.0,0.0,0.0,1.0,1.0,1.0,0.5101585836098503,0.3901335397688733,0.22916244037719172,0.25204918347217453,wait:0.000000
53,66:36,66,no_addition,False,0.0,0.0,0.0,0.0,0.0,0.0,1.0,0.0,1.0,3.0,0.5441408752871026,0.11490632806636139,0.35202499334846415,0.26907731313463046,wait:0.000000;e:-0.185624
53,69:30,69,d,False,0.0,0.0,0.0,0.0,0.0,0.0,0.0,1.0,0.0,2.0,0.3174003294421141,0.3867408401699467,0.24663404840115602,0.2942416708512183,wait:0.000000;d:0.019129
53,77:42,77,no_addition,False,0.0,0.0,0.0,0.0,0.0,0.0,0.0,0.0,0.0,0.0,0.4916652746904324,0.6219717754372014,0.3366534083233555,0.2973670533494849,wait:0.000000
53,78:42,78,no_addition,False,0.0,0.0,0.0,0.0,0.0,0.0,0.0,0.0,1.0,2.0,0.3859142480178594,0.4073549962985664,0.4290343540047506,0.4241876368144228,wait:0.000000;d:-0.081586
53,79:24,79,no_addition,False,0.0,0.0,0.0,0.0,0.0,0.0,1.0,0.0,1.0,4.0,0.37403092297448554,0.19178057617484578,0.23897090931600617,0.2980342670728797,wait:0.000000
53,83:36,83,no_addition,False,0.0,0.0,0.0,0.0,0.0,0.0,0.0,0.0,1.0,1.0,0.537255571323101,0.22735130880636428,0.23823259958918622,0.3571275347972728,wait:0.000000;e:-0.172438
53,84:30,84,no_addition,False,0.0,0.0,0.0,0.0,0.0,0.0,2.0,0.0,1.0,0.0,0.6824658030751836,0.42302857952677253,0.23631765283767825,0.26391723968627046,wait:0.000000
53,87:18,87,no_addition,False,0.0,0.0,0.0,0.0,0.0,0.0,1.0,0.0,0.0,2.0,0.7384119973362143,0.18505325073439124,0.20279804993293035,0.35065675570046845,wait:0.000000;e:-0.204049
53,88:24,88,no_addition,False,0.0,0.0,0.0,0.0,0.0,0.0,0.0,1.0,0.0,2.0,0.22699656335892954,0.3886771281338611,0.39659420517047966,0.3730679206252907,wait:0.000000
53,93:24,93,no_addition,False,0.0,0.0,0.0,0.0,0.0,0.0,0.0,0.0,0.0,2.0,0.32374420301563095,0.2943694415471323,0.30315833026947697,0.4141443069013125,wait:0.000000;d:-0.011683;e:-0.149116;d+e:-0.258049
53,94:18,94,no_addition,False,0.0,0.0,0.0,0.0,0.0,0.0,1.0,2.0,3.0,1.0,0.25712764449241193,0.6171878199792814,0.21800924687211456,0.38576636836737893,wait:0.000000
53,95:6,95,no_addition,False,0.0,0.0,0.0,0.0,0.0,0.0,1.0,1.0,3.0,2.0,0.2423979184909686,0.3003590135404114,0.3797239704460827,0.26511376606491255,wait:0.000000;d:-0.181487
53,97:24,97,no_addition,False,0.0,0.0,0.0,0.0,0.0,0.0,1.0,1.0,2.0,0.0,0.325741090023824,0.7195603883300699,0.30224413357827734,0.19373823302790918,wait:0.000000
53,100:42,100,no_addition,False,0.0,0.0,0.0,0.0,0.0,0.0,0.0,0.0,2.0,2.0,0.40464526130422973,0.174180688506415,0.36878883914846133,0.3520160664731562,wait:0.000000
53,107:18,107,no_addition,False,0.14285714285714285,0.0,0.14285714285714285,0.0,0.14285714285714285,0.0,0.0,2.0,0.0,1.0,0.2729552866978575,0.4981379973865695,0.33687553184111046,0.3787669519245653,wait:0.000000;d:-0.091127
53,108:0,108,no_addition,False,0.0,0.0,0.0,0.0,0.0,0.0,0.0,0.0,1.0,3.0,0.2490103142311943,0.30722219752637836,0.4051152694937241,0.34700663599438875,wait:0.000000;d:-0.200925
53,112:42,112,no_addition,False,0.0,0.0,0.0,0.0,0.0,0.0,2.0,1.0,2.0,0.0,0.37656216904068757,0.4997867587469058,0.22254415227644214,0.20283773666009824,wait:0.000000
53,117:12,117,no_addition,False,0.0,0.0,0.0,0.0,0.0,0.0,0.0,1.0,1.0,0.0,0.5407986163209517,0.6823781252093812,0.22248103607028888,0.2401405260341156,wait:0.000000
53,120:42,120,no_addition,False,0.0,0.0,0.0,0.0,0.0,0.0,0.0,0.0,0.0,0.0,0.759163703067264,0.3754962022302436,0.203130339038933,0.3923393420191187,wait:0.000000
53,124:36,124,no_addition,False,0.0,0.0,0.0,0.0,0.0,0.0,3.0,0.0,0.0,4.0,0.8428795013137533,0.37636564282391854,0.28748670474943666,0.4403262542165151,wait:0.000000;e:-0.121475
53,125:0,125,no_addition,False,0.0,0.0,0.0,0.0,0.0,0.0,0.0,0.0,0.0,0.0,0.33640190342749543,0.49820659672540646,0.3253573236434573,0.3975528526902157,wait:0.000000
53,126:42,126,no_addition,False,0.0,0.0,0.0,0.0,0.0,0.0,0.0,0.0,0.0,0.0,0.37921000468567934,0.7750319384665738,0.1817981979992302,0.4042363712280874,wait:0.000000
53,131:12,131,no_addition,False,0.0,0.0,0.0,0.0,0.0,0.0,0.0,0.0,1.0,0.0,0.2494521618294632,0.5871447970231283,0.37985692616415667,0.3889506118451608,wait:0.000000;d:-0.175269
53,143:42,143,no_addition,False,0.0,0.0,0.0,0.0,0.0,0.0,0.0,0.0,1.0,1.0,0.36588712245170646,0.1738684219350308,0.4442587311751047,0.18511963509914986,wait:0.000000;d:-0.134842
53,149:30,149,no_addition,False,0.0,0.0,0.0,0.0,0.0,0.0,0.0,1.0,0.0,0.0,0.2713909454604943,0.7579030155864587,0.19879566477615832,0.2377602708974282,wait:0.000000
53,153:6,153,no_addition,False,0.0,0.0,0.0,0.0,0.0,0.0,0.0,0.0,0.0,0.0,0.49527004045165035,0.7227862591583962,0.25663317833606647,0.3716738497836488,wait:0.000000
53,159:0,159,no_addition,False,0.0,0.0,0.0,0.0,0.0,0.0,1.0,1.0,0.0,1.0,0.8474312548271206,0.6527053084289305,0.3379496723410936,0.4064367469037631,wait:0.000000
53,164:30,164,no_addition,False,0.0,0.0,0.0,0.0,0.0,0.0,0.0,0.0,0.0,1.0,0.4114362483026438,0.16331353911497792,0.2900040903492713,0.4084117408635823,wait:0.000000;e:-0.281377
53,168:0,168,no_addition,False,0.0,0.0,0.0,0.0,0.0,0.0,1.0,0.0,1.0,1.0,0.3755780482129814,0.5002810804162031,0.2124602298368124,0.3434550845162469,wait:0.000000
53,169:42,169,no_addition,False,0.0,0.0,0.0,0.0,0.0,0.0,2.0,0.0,0.0,2.0,0.7288774502449756,0.18991048716978343,0.32831279278468456,0.35255123439538055,wait:0.000000;e:-0.201570
53,170:0,170,no_addition,False,0.0,0.0,0.0,0.0,0.0,0.0,0.0,0.0,1.0,0.0,0.3560270032855549,0.4051155287561089,0.3137915355224336,0.3714260410134784,wait:0.000000
53,176:6,176,no_addition,False,0.0,0.0,0.0,0.0,0.0,0.0,1.0,0.0,0.0,0.0,0.649507682724739,0.7367207112421665,0.29667236080361553,0.19039524472284738,wait:0.000000
53,178:0,178,no_addition,False,0.0,0.0,0.0,0.0,0.0,0.0,1.0,0.0,1.0,2.0,0.3485119713581023,0.36772084841034036,0.30242028894009604,0.26244031453647154,wait:0.000000
53,181:12,181,no_addition,False,0.0,0.0,0.0,0.0,0.0,0.0,0.0,0.0,0.0,1.0,0.7946355321921084,0.2951359056296911,0.39624013053372786,0.3667363039972709,wait:0.000000
53,184:12,184,no_addition,False,0.0,0.0,0.0,0.0,0.0,0.0,2.0,0.0,0.0,0.0,0.6093055541167139,0.2994402084407679,0.3329551098625529,0.29829461350477027,wait:0.000000
53,187:6,187,no_addition,False,0.0,0.0,0.0,0.0,0.0,0.0,0.0,1.0,1.0,0.0,0.22482733484249073,0.6888209501139968,0.362124988748831,0.3298573274808079,wait:0.000000
53,197:24,197,no_addition,False,0.0,0.0,0.0,0.0,0.0,0.0,0.0,0.0,1.0,0.0,0.306562898358019,0.56166766570625,0.19688231088167402,0.34557495756149265,wait:0.000000
53,199:6,199,no_addition,False,0.0,0.0,0.0,0.0,0.0,0.0,1.0,0.0,0.0,0.0,0.5889379141900573,0.7572765500424592,0.33328785511729253,0.39501652679189125,wait:0.000000
53,201:0,201,no_addition,False,0.0,0.0,0.0,0.0,0.0,0.0,0.0,1.0,0.0,0.0,0.2468416151391679,0.5654302902035843,0.20072772104470216,0.20987555220806772,wait:0.000000
53,202:24,202,no_addition,False,0.0,0.0,0.0,0.0,0.0,0.0,0.0,0.0,0.0,0.0,0.7207754921652623,0.21672926048736668,0.28961011207828935,0.25946474351074944,wait:0.000000;e:-0.084338
53,203:18,203,no_addition,False,0.0,0.0,0.0,0.0,0.0,0.0,0.0,0.0,0.0,0.0,0.6998933756450564,0.5135264455480919,0.411197420235476,0.35280032812438555,wait:0.000000
53,205:36,205,no_addition,False,0.0,0.0,0.0,0.0,0.0,0.0,0.0,0.0,1.0,1.0,0.3029972965935572,0.47037263045655686,0.37383117714299735,0.2985107416432016,wait:0.000000;d:-0.121035
53,207:0,207,no_addition,False,0.0,0.0,0.0,0.0,0.0,0.0,0.0,1.0,0.0,1.0,0.6384098086343788,0.4597172691161181,0.22389468572080504,0.4123575006396421,wait:0.000000
53,208:18,208,no_addition,False,0.0,0.0,0.0,0.0,0.0,0.0,1.0,0.0,0.0,0.0,0.5181053835434617,0.6719454342725899,0.3859596365912661,0.34099353141222527,wait:0.000000
53,210:30,210,no_addition,False,0.0,0.0,0.0,0.0,0.0,0.0,0.0,0.0,0.0,1.0,0.2067993238979164,0.5054272613335347,0.2334915451941302,0.4483397378262869,wait:0.000000
53,214:6,214,no_addition,False,0.0,0.0,0.0,0.0,0.0,0.0,0.0,0.0,0.0,0.0,0.6973777556884364,0.6322656244963211,0.443590841096819,0.2925123474407271,wait:0.000000
53,215:24,215,no_addition,False,0.0,0.0,0.0,0.0,0.0,0.0,0.0,0.0,1.0,0.0,0.2210420859453333,0.37994453684031615,0.4330328298258135,0.2810765607108209,wait:0.000000
53,216:30,216,no_addition,False,0.0,0.0,0.0,0.0,0.0,0.0,1.0,0.0,0.0,0.0,0.5223037862230111,0.37755529813170224,0.3716142051303562,0.3663120173657725,wait:0.000000;e:-0.046390
53,218:0,218,no_addition,False,0.0,0.0,0.0,0.0,0.0,0.0,0.0,0.0,0.0,0.0,0.5478474919216988,0.6953990924246174,0.22402292046599662,0.387614879129818,wait:0.000000
53,219:30,219,no_addition,False,0.0,0.0,0.0,0.0,0.0,0.0,0.0,0.0,0.0,0.0,0.3752902680647157,0.2554602095816274,0.2189030648837487,0.1653723697381658,wait:0.000000
53,221:12,221,no_addition,False,0.0,0.0,0.0,0.0,0.0,0.0,1.0,1.0,1.0,0.0,0.5854773497786949,0.5535501633248529,0.309422400651154,0.2701802264111867,wait:0.000000
53,223:36,223,no_addition,False,0.0,0.0,0.0,0.0,0.0,0.0,0.0,0.0,1.0,0.0,0.27408932591805646,0.6520878371705706,0.3980764321907358,0.23046662342288557,wait:0.000000;d:-0.171307
53,224:36,224,no_addition,False,0.0,0.0,0.0,0.0,0.0,0.0,0.0,1.0,1.0,1.0,0.16063202143012123,0.5341076504358636,0.22111542484713326,0.2346933860024937,wait:0.000000;d:-0.096494
53,227:0,227,no_addition,False,0.0,0.0,0.0,0.0,0.0,0.0,0.0,1.0,0.0,1.0,0.3036138572423417,0.4845218972636839,0.28280812642659486,0.19354397946438265,wait:0.000000;d:-0.009457
53,233:36,233,no_addition,False,0.0,0.0,0.0,0.0,0.0,0.0,0.0,0.0,0.0,0.0,0.2883489652810065,0.5659356804353154,0.3661647897859952,0.15654664075523303,wait:0.000000;d:-0.126557
53,235:42,235,no_addition,False,0.0,0.0,0.0,0.0,0.0,0.0,1.0,0.0,1.0,0.0,0.6640474842929618,0.34421760689047476,0.38555152318005487,0.4069681172668978,wait:0.000000;e:-0.117061
53,237:42,237,no_addition,False,0.0,0.0,0.0,0.0,0.0,0.0,0.0,1.0,0.0,0.0,0.382901564545861,0.7323459312222742,0.3982392250083961,0.3660945120808948,wait:0.000000;d:-0.073504
53,238:42,238,no_addition,False,0.0,0.0,0.0,0.0,0.0,0.0,1.0,0.0,0.0,0.0,0.6090416165905302,0.8200127207815411,0.42039594827363097,0.35010745305190616,wait:0.567867
54,5:6,5,no_addition,False,0.0,0.0,0.0,0.0,0.0,0.0,2.0,2.0,2.0,3.0,0.4670274079757374,0.47448689290542667,0.18627775142604694,0.4363383782700089,wait:0.000000
54,16:30,16,no_addition,False,0.0,0.0,0.0,0.0,0.0,0.0,2.0,1.0,1.0,4.0,0.61272762961494,0.2574828025782422,0.2728978281068709,0.3551717717820044,wait:0.000000
54,17:30,17,no_addition,False,0.0,0.0,0.0,0.0,0.0,0.0,3.0,2.0,3.0,0.0,0.6196508994680843,0.7310587409164123,0.3932089785910932,0.19506039435618563,wait:0.000000
54,18:30,18,no_addition,False,0.0,0.0,0.0,0.0,0.0,0.0,0.0,0.0,0.0,1.0,0.789595219406467,0.22127239054154096,0.32218590380534096,0.32129346926806296,wait:0.000000;e:-0.142077
54,20:42,20,no_addition,False,0.05555555555555555,0.0,0.05555555555555555,0.0,0.05555555555555555,0.0,1.0,0.0,2.0,2.0,0.3557525692583966,0.3681809899533242,0.41382665430445026,0.4272570148610409,wait:0.000000;d:-0.113534
54,22:12,22,no_addition,False,0.0,0.0,0.0,0.0,0.0,0.0,1.0,3.0,1.0,1.0,0.35446350737320564,0.7513203309393585,0.18691678094765152,0.31450094045556126,wait:0.000000
54,23:24,23,no_addition,False,0.0,0.0,0.0,0.0,0.0,0.0,1.0,0.0,2.0,1.0,0.520572446256836,0.3303784738750793,0.3297613636665448,0.35952554001985937,wait:0.000000
54,27:36,27,no_addition,False,0.0,0.0,0.0,0.0,0.0,0.0,1.0,2.0,2.0,2.0,0.3842821820042749,0.6115051798509654,0.2987843698533837,0.19427169431111702,wait:0.000000
54,28:24,28,no_addition,False,0.0,0.0,0.0,0.0,0.0,0.0,2.0,0.0,3.0,1.0,0.3400041071364174,0.21329360253934568,0.2206044920108324,0.3311898819821935,wait:0.000000;e:-0.159156
54,34:6,34,no_addition,False,0.0,0.0,0.0,0.0,0.0,0.0,0.0,3.0,3.0,1.0,0.16639355227061303,0.6060292263010303,0.41646186055116163,0.2610662765689028,wait:0.000000
54,36:0,36,no_addition,False,0.0,0.0,0.0,0.0,0.0,0.0,2.0,3.0,3.0,0.0,0.5012305541362638,0.6610174480287444,0.40868282925775223,0.41900053739797377,wait:0.000000
54,40:6,40,no_addition,False,0.0,0.0,0.0,0.0,0.0,0.0,0.0,1.0,0.0,1.0,0.42705592860894204,0.4891911840543369,0.40979428068998186,0.24866690722000864,wait:0.000000;d:-0.045305
54,42:0,42,no_addition,False,0.0,0.0,0.0,0.0,0.0,0.0,0.0,2.0,0.0,0.0,0.5815746493370327,0.5393634599250082,0.3370247532265757,0.2534510171764107,wait:0.000000
54,47:36,47,no_addition,False,0.0,0.0,0.0,0.0,0.0,0.0,0.0,0.0,0.0,0.0,0.519946156673641,0.37419668178960197,0.26250270115202495,0.34677176322672726,wait:0.000000;e:-0.029873
54,50:24,50,no_addition,False,0.0,0.0,0.0,0.0,0.0,0.0,1.0,0.0,0.0,1.0,0.7172052962062997,0.23245709177559298,0.2661547469837424,0.44946089757694324,wait:0.000000;e:-0.260174
54,55:0,55,no_addition,False,0.0,0.0,0.0,0.0,0.0,0.0,0.0,2.0,0.0,0.0,0.4575149512346959,0.7464912946625124,0.27604848689772193,0.21149207820782978,wait:0.000000
54,57:18,57,no_addition,False,0.0,0.0,0.0,0.0,0.0,0.0,1.0,1.0,0.0,0.0,0.4892381622335288,0.472530862798351,0.3472400286318625,0.32934013747717866,wait:0.000000
54,58:0,58,no_addition,False,0.0,0.0,0.0,0.0,0.0,0.0,0.0,1.0,1.0,1.0,0.5101585836098503,0.3901335397688733,0.22916244037719172,0.25204918347217453,wait:0.000000
54,66:36,66,no_addition,False,0.0,0.0,0.0,0.0,0.0,0.0,1.0,0.0,1.0,0.0,0.5441408752871026,0.20892059648429345,0.35202499334846415,0.26907731313463046,wait:0.000000;e:-0.100981
54,69:30,69,no_addition,False,0.0,0.0,0.0,0.0,0.0,0.0,0.0,1.0,0.0,2.0,0.3174003294421141,0.3867408401699467,0.24663404840115602,0.2942416708512183,wait:0.295942
54,77:42,77,no_addition,False,0.0,0.0,0.0,0.0,0.0,0.0,0.0,0.0,0.0,0.0,0.4916652746904324,0.6219717754372014,0.3366534083233555,0.2973670533494849,wait:0.000000
54,78:42,78,no_addition,False,0.0,0.0,0.0,0.0,0.0,0.0,0.0,0.0,1.0,2.0,0.3859142480178594,0.4073549962985664,0.4290343540047506,0.4241876368144228,wait:0.000000;d:-0.081586
54,79:24,79,no_addition,False,0.0,0.0,0.0,0.0,0.0,0.0,1.0,0.0,1.0,3.0,0.37403092297448554,0.20284484018493304,0.23897090931600617,0.2980342670728797,wait:0.000000
54,83:36,83,no_addition,False,0.0,0.0,0.0,0.0,0.0,0.0,0.0,0.0,1.0,0.0,0.537255571323101,0.3247875840090918,0.23823259958918622,0.3571275347972728,wait:0.000000;e:-0.084713
54,84:30,84,no_addition,False,0.0,0.0,0.0,0.0,0.0,0.0,2.0,0.0,0.0,0.0,0.8172354215365639,0.42302857952677253,0.23631765283767825,0.26391723968627046,wait:0.000000
54,87:18,87,no_addition,False,0.0,0.0,0.0,0.0,0.0,0.0,1.0,0.0,0.0,2.0,0.7384119973362143,0.18505325073439124,0.20279804993293035,0.35065675570046845,wait:0.000000;e:-0.204049
54,88:24,88,no_addition,False,0.0,0.0,0.0,0.0,0.0,0.0,0.0,1.0,0.0,2.0,0.22699656335892954,0.3886771281338611,0.39659420517047966,0.3730679206252907,wait:0.000000
54,93:24,93,no_addition,False,0.0,0.0,0.0,0.0,0.0,0.0,0.0,0.0,0.0,2.0,0.32374420301563095,0.2943694415471323,0.30315833026947697,0.4141443069013125,wait:0.000000;d:-0.011683;e:-0.149116;d+e:-0.258049
54,94:18,94,no_addition,False,0.0,0.0,0.0,0.0,0.0,0.0,1.0,2.0,3.0,1.0,0.25712764449241193,0.6171878199792814,0.21800924687211456,0.38576636836737893,wait:0.000000
54,95:6,95,no_addition,False,0.0,0.0,0.0,0.0,0.0,0.0,1.0,1.0,2.0,1.0,0.27945933686544755,0.3640280147713579,0.3797239704460827,0.26511376606491255,wait:0.000000;d:-0.148120
54,97:24,97,no_addition,False,0.0,0.0,0.0,0.0,0.0,0.0,1.0,1.0,2.0,0.0,0.325741090023824,0.7195603883300699,0.30224413357827734,0.19373823302790918,wait:0.000000
54,100:42,100,no_addition,False,0.0,0.0,0.0,0.0,0.0,0.0,0.0,0.0,2.0,2.0,0.40464526130422973,0.174180688506415,0.36878883914846133,0.3520160664731562,wait:0.000000
54,107:18,107,no_addition,False,0.14285714285714285,0.0,0.14285714285714285,0.0,0.14285714285714285,0.0,0.0,2.0,0.0,1.0,0.2729552866978575,0.4981379973865695,0.33687553184111046,0.3787669519245653,wait:0.000000;d:-0.091127
54,108:0,108,no_addition,False,0.0,0.0,0.0,0.0,0.0,0.0,0.0,0.0,1.0,2.0,0.2490103142311943,0.33515148821059454,0.4051152694937241,0.34700663599438875,wait:0.000000;d:-0.200925
54,112:42,112,no_addition,False,0.0,0.0,0.0,0.0,0.0,0.0,2.0,1.0,2.0,0.0,0.37656216904068757,0.4997867587469058,0.22254415227644214,0.20283773666009824,wait:0.000000
54,117:12,117,no_addition,False,0.0,0.0,0.0,0.0,0.0,0.0,0.0,1.0,1.0,0.0,0.5407986163209517,0.6823781252093812,0.22248103607028888,0.2401405260341156,wait:0.000000
54,120:42,120,no_addition,False,0.0,0.0,0.0,0.0,0.0,0.0,0.0,0.0,0.0,0.0,0.759163703067264,0.3754962022302436,0.203130339038933,0.3923393420191187,wait:0.000000
54,124:36,124,no_addition,False,0.0,0.0,0.0,0.0,0.0,0.0,3.0,0.0,0.0,4.0,0.8428795013137533,0.37636564282391854,0.28748670474943666,0.4403262542165151,wait:0.000000;e:-0.121475
54,125:0,125,no_addition,False,0.0,0.0,0.0,0.0,0.0,0.0,0.0,0.0,0.0,0.0,0.33640190342749543,0.49820659672540646,0.3253573236434573,0.3975528526902157,wait:0.000000
54,126:42,126,no_addition,False,0.0,0.0,0.0,0.0,0.0,0.0,0.0,0.0,0.0,0.0,0.37921000468567934,0.7750319384665738,0.1817981979992302,0.4042363712280874,wait:0.000000
54,131:12,131,no_addition,False,0.0,0.0,0.0,0.0,0.0,0.0,0.0,0.0,1.0,0.0,0.2494521618294632,0.5871447970231283,0.37985692616415667,0.3889506118451608,wait:0.000000;d:-0.175269
54,143:42,143,no_addition,False,0.0,0.0,0.0,0.0,0.0,0.0,0.0,0.0,1.0,1.0,0.36588712245170646,0.1738684219350308,0.4442587311751047,0.18511963509914986,wait:0.000000;d:-0.134842
54,149:30,149,no_addition,False,0.0,0.0,0.0,0.0,0.0,0.0,0.0,1.0,0.0,0.0,0.2713909454604943,0.7579030155864587,0.19879566477615832,0.2377602708974282,wait:0.000000
54,153:6,153,no_addition,False,0.0,0.0,0.0,0.0,0.0,0.0,0.0,0.0,0.0,0.0,0.49527004045165035,0.7227862591583962,0.25663317833606647,0.3716738497836488,wait:0.000000
54,159:0,159,no_addition,False,0.0,0.0,0.0,0.0,0.0,0.0,1.0,1.0,0.0,0.0,0.8474312548271206,0.8281561931670856,0.3379496723410936,0.4064367469037631,wait:0.000000
54,164:30,164,no_addition,False,0.0,0.0,0.0,0.0,0.0,0.0,0.0,0.0,0.0,1.0,0.4114362483026438,0.16331353911497792,0.2900040903492713,0.4084117408635823,wait:0.000000;e:-0.281377
54,168:0,168,no_addition,False,0.0,0.0,0.0,0.0,0.0,0.0,1.0,0.0,1.0,0.0,0.3755780482129814,0.714687257737433,0.2124602298368124,0.3434550845162469,wait:0.000000
54,169:42,169,no_addition,False,0.0,0.0,0.0,0.0,0.0,0.0,2.0,0.0,0.0,1.0,0.7288774502449756,0.22156223503141398,0.32831279278468456,0.35255123439538055,wait:0.000000;e:-0.173073
54,170:0,170,no_addition,False,0.0,0.0,0.0,0.0,0.0,0.0,0.0,0.0,0.0,0.0,0.5086100046936499,0.4051155287561089,0.3137915355224336,0.3714260410134784,wait:0.000000
54,176:6,176,no_addition,False,0.0,0.0,0.0,0.0,0.0,0.0,1.0,0.0,0.0,0.0,0.649507682724739,0.7367207112421665,0.29667236080361553,0.19039524472284738,wait:0.000000
54,178:0,178,no_addition,False,0.0,0.0,0.0,0.0,0.0,0.0,1.0,0.0,1.0,2.0,0.3485119713581023,0.36772084841034036,0.30242028894009604,0.26244031453647154,wait:0.000000
54,181:12,181,no_addition,False,0.0,0.0,0.0,0.0,0.0,0.0,0.0,0.0,0.0,0.0,0.7946355321921084,0.42162272232813014,0.39624013053372786,0.3667363039972709,wait:0.000000
54,184:12,184,no_addition,False,0.0,0.0,0.0,0.0,0.0,0.0,2.0,0.0,0.0,0.0,0.6093055541167139,0.2994402084407679,0.3329551098625529,0.29829461350477027,wait:0.000000
54,187:6,187,no_addition,False,0.0,0.0,0.0,0.0,0.0,0.0,0.0,1.0,1.0,0.0,0.22482733484249073,0.6888209501139968,0.362124988748831,0.3298573274808079,wait:0.000000
54,197:24,197,no_addition,False,0.0,0.0,0.0,0.0,0.0,0.0,0.0,0.0,1.0,0.0,0.306562898358019,0.56166766570625,0.19688231088167402,0.34557495756149265,wait:0.000000
54,199:6,199,no_addition,False,0.0,0.0,0.0,0.0,0.0,0.0,1.0,0.0,0.0,0.0,0.5889379141900573,0.7572765500424592,0.33328785511729253,0.39501652679189125,wait:0.000000
54,201:0,201,no_addition,False,0.0,0.0,0.0,0.0,0.0,0.0,0.0,1.0,0.0,0.0,0.2468416151391679,0.5654302902035843,0.20072772104470216,0.20987555220806772,wait:0.000000
54,202:24,202,no_addition,False,0.0,0.0,0.0,0.0,0.0,0.0,0.0,0.0,0.0,0.0,0.7207754921652623,0.21672926048736668,0.28961011207828935,0.25946474351074944,wait:0.000000;e:-0.084338
54,203:18,203,no_addition,False,0.0,0.0,0.0,0.0,0.0,0.0,0.0,0.0,0.0,0.0,0.6998933756450564,0.5135264455480919,0.411197420235476,0.35280032812438555,wait:0.000000
54,205:36,205,no_addition,False,0.0,0.0,0.0,0.0,0.0,0.0,0.0,0.0,1.0,1.0,0.3029972965935572,0.47037263045655686,0.37383117714299735,0.2985107416432016,wait:0.000000;d:-0.121035
54,207:0,207,no_addition,False,0.0,0.0,0.0,0.0,0.0,0.0,0.0,1.0,0.0,1.0,0.6384098086343788,0.4597172691161181,0.22389468572080504,0.4123575006396421,wait:0.000000
54,208:18,208,no_addition,False,0.0,0.0,0.0,0.0,0.0,0.0,1.0,0.0,0.0,0.0,0.5181053835434617,0.6719454342725899,0.3859596365912661,0.34099353141222527,wait:0.000000
54,210:30,210,no_addition,False,0.16666666666666666,0.0,0.16666666666666666,0.0,0.16666666666666666,0.0,0.0,0.0,0.0,0.0,0.2067993238979164,0.7220389447621924,0.2257084936876592,0.4483397378262869,wait:0.000000
54,214:6,214,no_addition,False,0.0,0.0,0.0,0.0,0.0,0.0,0.0,0.0,0.0,0.0,0.6973777556884364,0.6322656244963211,0.443590841096819,0.2925123474407271,wait:0.000000
54,215:24,215,no_addition,False,0.0,0.0,0.0,0.0,0.0,0.0,0.0,0.0,1.0,0.0,0.2210420859453333,0.37994453684031615,0.4330328298258135,0.2810765607108209,wait:0.000000
54,216:30,216,no_addition,False,0.0,0.0,0.0,0.0,0.0,0.0,1.0,0.0,0.0,0.0,0.5223037862230111,0.37755529813170224,0.3716142051303562,0.3663120173657725,wait:0.000000;e:-0.046390
54,218:0,218,no_addition,False,0.0,0.0,0.0,0.0,0.0,0.0,0.0,0.0,0.0,0.0,0.5478474919216988,0.6953990924246174,0.22402292046599662,0.387614879129818,wait:0.000000
54,219:30,219,no_addition,False,0.0,0.0,0.0,0.0,0.0,0.0,0.0,0.0,0.0,0.0,0.3752902680647157,0.2554602095816274,0.2189030648837487,0.1653723697381658,wait:0.000000
54,221:12,221,no_addition,False,0.0,0.0,0.0,0.0,0.0,0.0,1.0,1.0,1.0,0.0,0.5854773497786949,0.5535501633248529,0.309422400651154,0.2701802264111867,wait:0.000000
54,223:36,223,no_addition,False,0.0,0.0,0.0,0.0,0.0,0.0,0.0,0.0,1.0,0.0,0.27408932591805646,0.6520878371705706,0.3980764321907358,0.23046662342288557,wait:0.000000;d:-0.171307
54,224:36,224,no_addition,False,0.0,0.0,0.0,0.0,0.0,0.0,0.0,1.0,1.0,1.0,0.16063202143012123,0.5341076504358636,0.22111542484713326,0.2346933860024937,wait:0.000000;d:-0.096494
54,227:0,227,no_addition,False,0.0,0.0,0.0,0.0,0.0,0.0,0.0,1.0,0.0,1.0,0.3036138572423417,0.4845218972636839,0.28280812642659486,0.19354397946438265,wait:0.000000;d:-0.009457
54,233:36,233,no_addition,False,0.0,0.0,0.0,0.0,0.0,0.0,0.0,0.0,0.0,0.0,0.2883489652810065,0.5659356804353154,0.3661647897859952,0.15654664075523303,wait:0.000000;d:-0.126557
54,235:42,235,no_addition,False,0.0,0.0,0.0,0.0,0.0,0.0,1.0,0.0,1.0,0.0,0.6640474842929618,0.34421760689047476,0.38555152318005487,0.4069681172668978,wait:0.000000;e:-0.117061
54,237:42,237,no_addition,False,0.0,0.0,0.0,0.0,0.0,0.0,0.0,1.0,0.0,0.0,0.382901564545861,0.7323459312222742,0.3982392250083961,0.3660945120808948,wait:0.000000;d:-0.073504
54,238:42,238,no_addition,False,0.0,0.0,0.0,0.0,0.0,0.0,1.0,0.0,0.0,0.0,0.6090416165905302,0.8200127207815411,0.42039594827363097,0.35010745305190616,wait:0.588094
55,5:6,5,no_addition,False,0.0,0.0,0.0,0.0,0.0,0.0,2.0,2.0,2.0,3.0,0.4670274079757374,0.47448689290542667,0.18627775142604694,0.4363383782700089,wait:0.000000
55,16:30,16,no_addition,False,0.0,0.0,0.0,0.0,0.0,0.0,2.0,1.0,1.0,4.0,0.61272762961494,0.2574828025782422,0.2728978281068709,0.3551717717820044,wait:0.000000
55,17:30,17,no_addition,False,0.0,0.0,0.0,0.0,0.0,0.0,3.0,2.0,3.0,0.0,0.6196508994680843,0.7310587409164123,0.3932089785910932,0.19506039435618563,wait:0.000000
55,18:30,18,no_addition,False,0.0,0.0,0.0,0.0,0.0,0.0,0.0,0.0,0.0,1.0,0.789595219406467,0.22127239054154096,0.32218590380534096,0.32129346926806296,wait:0.000000;e:-0.142077
55,20:42,20,no_addition,False,0.05555555555555555,0.0,0.05555555555555555,0.0,0.05555555555555555,0.0,1.0,0.0,2.0,2.0,0.3557525692583966,0.3681809899533242,0.41382665430445026,0.4272570148610409,wait:0.000000;d:-0.113534
55,22:12,22,no_addition,False,0.0,0.0,0.0,0.0,0.0,0.0,1.0,3.0,1.0,1.0,0.35446350737320564,0.7513203309393585,0.18691678094765152,0.31450094045556126,wait:0.000000
55,23:24,23,no_addition,False,0.0,0.0,0.0,0.0,0.0,0.0,1.0,0.0,2.0,1.0,0.520572446256836,0.3303784738750793,0.3297613636665448,0.35952554001985937,wait:0.000000
55,27:36,27,no_addition,False,0.0,0.0,0.0,0.0,0.0,0.0,1.0,2.0,2.0,2.0,0.3842821820042749,0.6115051798509654,0.2987843698533837,0.19427169431111702,wait:0.000000
55,28:24,28,no_addition,False,0.0,0.0,0.0,0.0,0.0,0.0,2.0,0.0,3.0,1.0,0.3400041071364174,0.21329360253934568,0.2206044920108324,0.3311898819821935,wait:0.000000;e:-0.159156
55,34:6,34,no_addition,False,0.0,0.0,0.0,0.0,0.0,0.0,0.0,3.0,3.0,1.0,0.16639355227061303,0.6060292263010303,0.41646186055116163,0.2610662765689028,wait:0.000000
55,36:0,36,no_addition,False,0.0,0.0,0.0,0.0,0.0,0.0,2.0,3.0,3.0,0.0,0.5012305541362638,0.6610174480287444,0.40868282925775223,0.41900053739797377,wait:0.000000
55,40:6,40,no_addition,False,0.0,0.0,0.0,0.0,0.0,0.0,0.0,1.0,0.0,1.0,0.42705592860894204,0.4891911840543369,0.40979428068998186,0.24866690722000864,wait:0.000000;d:-0.045305
55,42:0,42,no_addition,False,0.0,0.0,0.0,0.0,0.0,0.0,0.0,2.0,0.0,0.0,0.5815746493370327,0.5393634599250082,0.3370247532265757,0.2534510171764107,wait:0.000000
55,47:36,47,no_addition,False,0.0,0.0,0.0,0.0,0.0,0.0,0.0,0.0,0.0,0.0,0.519946156673641,0.37419668178960197,0.26250270115202495,0.34677176322672726,wait:0.000000;e:-0.029873
55,50:24,50,no_addition,False,0.0,0.0,0.0,0.0,0.0,0.0,1.0,0.0,0.0,1.0,0.7172052962062997,0.23245709177559298,0.2661547469837424,0.44946089757694324,wait:0.000000;e:-0.260174
55,55:0,55,no_addition,False,0.0,0.0,0.0,0.0,0.0,0.0,0.0,2.0,0.0,0.0,0.4575149512346959,0.7464912946625124,0.27604848689772193,0.21149207820782978,wait:0.000000
55,57:18,57,no_addition,False,0.0,0.0,0.0,0.0,0.0,0.0,1.0,1.0,0.0,0.0,0.4892381622335288,0.472530862798351,0.3472400286318625,0.32934013747717866,wait:0.000000
55,58:0,58,no_addition,False,0.0,0.0,0.0,0.0,0.0,0.0,0.0,1.0,1.0,1.0,0.5101585836098503,0.3901335397688733,0.22916244037719172,0.25204918347217453,wait:0.000000
55,66:36,66,no_addition,False,0.0,0.0,0.0,0.0,0.0,0.0,1.0,0.0,1.0,0.0,0.5441408752871026,0.20892059648429345,0.35202499334846415,0.26907731313463046,wait:0.000000;e:-0.100981
55,69:30,69,no_addition,False,0.0,0.0,0.0,0.0,0.0,0.0,0.0,1.0,0.0,2.0,0.3174003294421141,0.3867408401699467,0.24663404840115602,0.2942416708512183,wait:0.306483
55,77:42,77,no_addition,False,0.0,0.0,0.0,0.0,0.0,0.0,0.0,0.0,0.0,0.0,0.4916652746904324,0.6219717754372014,0.3366534083233555,0.2973670533494849,wait:0.000000
55,78:42,78,no_addition,False,0.0,0.0,0.0,0.0,0.0,0.0,0.0,0.0,1.0,2.0,0.3859142480178594,0.4073549962985664,0.4290343540047506,0.4241876368144228,wait:0.000000;d:-0.081586
55,79:24,79,no_addition,False,0.0,0.0,0.0,0.0,0.0,0.0,1.0,0.0,1.0,3.0,0.37403092297448554,0.20284484018493304,0.23897090931600617,0.2980342670728797,wait:0.000000
55,83:36,83,no_addition,False,0.0,0.0,0.0,0.0,0.0,0.0,0.0,0.0,1.0,0.0,0.537255571323101,0.3247875840090918,0.23823259958918622,0.3571275347972728,wait:0.000000;e:-0.084713
55,84:30,84,no_addition,False,0.0,0.0,0.0,0.0,0.0,0.0,2.0,0.0,0.0,0.0,0.8172354215365639,0.42302857952677253,0.23631765283767825,0.26391723968627046,wait:0.000000
55,87:18,87,no_addition,False,0.0,0.0,0.0,0.0,0.0,0.0,1.0,0.0,0.0,2.0,0.7384119973362143,0.18505325073439124,0.20279804993293035,0.35065675570046845,wait:0.000000;e:-0.204049
55,88:24,88,no_addition,False,0.0,0.0,0.0,0.0,0.0,0.0,0.0,1.0,0.0,2.0,0.22699656335892954,0.3886771281338611,0.39659420517047966,0.3730679206252907,wait:0.000000
55,93:24,93,no_addition,False,0.0,0.0,0.0,0.0,0.0,0.0,0.0,0.0,0.0,2.0,0.32374420301563095,0.2943694415471323,0.30315833026947697,0.4141443069013125,wait:0.000000;d:-0.011683;e:-0.149116;d+e:-0.258049
55,94:18,94,no_addition,False,0.0,0.0,0.0,0.0,0.0,0.0,1.0,2.0,3.0,1.0,0.25712764449241193,0.6171878199792814,0.21800924687211456,0.38576636836737893,wait:0.000000
55,95:6,95,no_addition,False,0.0,0.0,0.0,0.0,0.0,0.0,1.0,1.0,2.0,1.0,0.27945933686544755,0.3640280147713579,0.3797239704460827,0.26511376606491255,wait:0.000000;d:-0.148120
55,97:24,97,no_addition,False,0.0,0.0,0.0,0.0,0.0,0.0,1.0,1.0,2.0,0.0,0.325741090023824,0.7195603883300699,0.30224413357827734,0.19373823302790918,wait:0.000000
55,100:42,100,no_addition,False,0.0,0.0,0.0,0.0,0.0,0.0,0.0,0.0,2.0,2.0,0.40464526130422973,0.174180688506415,0.36878883914846133,0.3520160664731562,wait:0.000000
55,107:18,107,no_addition,False,0.14285714285714285,0.0,0.0,0.0,0.14285714285714285,0.0,0.0,2.0,1.0,1.0,0.19106870068850026,0.4981379973865695,0.33687553184111046,0.3787669519245653,wait:0.000000;d:-0.164852
55,108:0,108,no_addition,False,0.0,0.0,0.0,0.0,0.0,0.0,0.0,0.0,1.0,2.0,0.2490103142311943,0.33515148821059454,0.4051152694937241,0.34700663599438875,wait:0.000000;d:-0.200925
55,112:42,112,no_addition,False,0.0,0.0,0.0,0.0,0.0,0.0,2.0,1.0,2.0,0.0,0.37656216904068757,0.4997867587469058,0.22254415227644214,0.20283773666009824,wait:0.000000
55,117:12,117,no_addition,False,0.0,0.0,0.0,0.0,0.0,0.0,0.0,1.0,1.0,0.0,0.5407986163209517,0.6823781252093812,0.22248103607028888,0.2401405260341156,wait:0.000000
55,120:42,120,no_addition,False,0.0,0.0,0.0,0.0,0.0,0.0,0.0,0.0,0.0,0.0,0.759163703067264,0.3754962022302436,0.203130339038933,0.3923393420191187,wait:0.000000
55,124:36,124,no_addition,False,0.0,0.0,0.0,0.0,0.0,0.0,3.0,0.0,0.0,4.0,0.8428795013137533,0.37636564282391854,0.28748670474943666,0.4403262542165151,wait:0.000000;e:-0.121475
55,125:0,125,no_addition,False,0.0,0.0,0.0,0.0,0.0,0.0,0.0,0.0,0.0,0.0,0.33640190342749543,0.49820659672540646,0.3253573236434573,0.3975528526902157,wait:0.000000
55,126:42,126,no_addition,False,0.0,0.0,0.0,0.0,0.0,0.0,0.0,0.0,0.0,0.0,0.37921000468567934,0.7750319384665738,0.1817981979992302,0.4042363712280874,wait:0.000000
55,131:12,131,no_addition,False,0.0,0.0,0.0,0.0,0.0,0.0,0.0,0.0,1.0,0.0,0.2494521618294632,0.5871447970231283,0.37985692616415667,0.3889506118451608,wait:0.000000;d:-0.175269
55,143:42,143,no_addition,False,0.0,0.0,0.0,0.0,0.0,0.0,0.0,0.0,1.0,1.0,0.36588712245170646,0.1738684219350308,0.4442587311751047,0.18511963509914986,wait:0.000000;d:-0.134842
55,149:30,149,no_addition,False,0.0,0.0,0.0,0.0,0.0,0.0,0.0,1.0,0.0,0.0,0.2713909454604943,0.7579030155864587,0.19879566477615832,0.2377602708974282,wait:0.000000
55,153:6,153,no_addition,False,0.0,0.0,0.0,0.0,0.0,0.0,0.0,0.0,0.0,0.0,0.49527004045165035,0.7227862591583962,0.25663317833606647,0.3716738497836488,wait:0.000000
55,159:0,159,no_addition,False,0.0,0.0,0.0,0.0,0.0,0.0,1.0,1.0,0.0,0.0,0.8474312548271206,0.8281561931670856,0.3379496723410936,0.4064367469037631,wait:0.000000
55,164:30,164,no_addition,False,0.0,0.0,0.0,0.0,0.0,0.0,0.0,0.0,0.0,1.0,0.4114362483026438,0.16331353911497792,0.2900040903492713,0.4084117408635823,wait:0.000000;e:-0.281377
55,168:0,168,no_addition,False,0.0,0.0,0.0,0.0,0.0,0.0,1.0,0.0,1.0,0.0,0.3755780482129814,0.714687257737433,0.2124602298368124,0.3434550845162469,wait:0.000000
55,169:42,169,no_addition,False,0.0,0.0,0.0,0.0,0.0,0.0,2.0,0.0,0.0,1.0,0.7288774502449756,0.22156223503141398,0.32831279278468456,0.35255123439538055,wait:0.000000;e:-0.173073
55,170:0,170,no_addition,False,0.0,0.0,0.0,0.0,0.0,0.0,0.0,0.0,0.0,0.0,0.5086100046936499,0.4051155287561089,0.3137915355224336,0.3714260410134784,wait:0.000000
55,176:6,176,no_addition,False,0.0,0.0,0.0,0.0,0.0,0.0,1.0,0.0,0.0,0.0,0.649507682724739,0.7367207112421665,0.29667236080361553,0.19039524472284738,wait:0.000000
55,178:0,178,no_addition,False,0.0,0.0,0.0,0.0,0.0,0.0,1.0,0.0,1.0,2.0,0.3485119713581023,0.36772084841034036,0.30242028894009604,0.26244031453647154,wait:0.000000
55,181:12,181,no_addition,False,0.0,0.0,0.0,0.0,0.0,0.0,0.0,0.0,0.0,0.0,0.7946355321921084,0.42162272232813014,0.39624013053372786,0.3667363039972709,wait:0.000000
55,184:12,184,no_addition,False,0.0,0.0,0.0,0.0,0.0,0.0,2.0,0.0,0.0,0.0,0.6093055541167139,0.2994402084407679,0.3329551098625529,0.29829461350477027,wait:0.000000
55,187:6,187,no_addition,False,0.0,0.0,0.0,0.0,0.0,0.0,0.0,1.0,1.0,0.0,0.22482733484249073,0.6888209501139968,0.362124988748831,0.3298573274808079,wait:0.000000
55,197:24,197,no_addition,False,0.0,0.0,0.0,0.0,0.0,0.0,0.0,0.0,1.0,0.0,0.306562898358019,0.56166766570625,0.19688231088167402,0.34557495756149265,wait:0.000000
55,199:6,199,no_addition,False,0.0,0.0,0.0,0.0,0.0,0.0,1.0,0.0,0.0,0.0,0.5889379141900573,0.7572765500424592,0.33328785511729253,0.39501652679189125,wait:0.000000
55,201:0,201,no_addition,False,0.0,0.0,0.0,0.0,0.0,0.0,0.0,1.0,0.0,0.0,0.2468416151391679,0.5654302902035843,0.20072772104470216,0.20987555220806772,wait:0.000000
55,202:24,202,no_addition,False,0.0,0.0,0.0,0.0,0.0,0.0,0.0,0.0,0.0,0.0,0.7207754921652623,0.21672926048736668,0.28961011207828935,0.25946474351074944,wait:0.000000;e:-0.084338
55,203:18,203,no_addition,False,0.0,0.0,0.0,0.0,0.0,0.0,0.0,0.0,0.0,0.0,0.6998933756450564,0.5135264455480919,0.411197420235476,0.35280032812438555,wait:0.000000
55,205:36,205,no_addition,False,0.0,0.0,0.0,0.0,0.0,0.0,0.0,0.0,1.0,1.0,0.3029972965935572,0.47037263045655686,0.37383117714299735,0.2985107416432016,wait:0.000000;d:-0.121035
55,207:0,207,no_addition,False,0.0,0.0,0.0,0.0,0.0,0.0,0.0,1.0,0.0,1.0,0.6384098086343788,0.4597172691161181,0.22389468572080504,0.4123575006396421,wait:0.000000
55,208:18,208,no_addition,False,0.0,0.0,0.0,0.0,0.0,0.0,1.0,0.0,0.0,0.0,0.5181053835434617,0.6719454342725899,0.3859596365912661,0.34099353141222527,wait:0.000000
55,210:30,210,no_addition,False,0.16666666666666666,0.0,0.16666666666666666,0.0,0.16666666666666666,0.0,0.0,0.0,0.0,0.0,0.2067993238979164,0.7220389447621924,0.2257084936876592,0.4483397378262869,wait:0.000000
55,214:6,214,no_addition,False,0.0,0.0,0.0,0.0,0.0,0.0,0.0,0.0,0.0,0.0,0.6973777556884364,0.6322656244963211,0.443590841096819,0.2925123474407271,wait:0.000000
55,215:24,215,no_addition,False,0.0,0.0,0.0,0.0,0.0,0.0,0.0,0.0,1.0,0.0,0.2210420859453333,0.37994453684031615,0.4330328298258135,0.2810765607108209,wait:0.000000
55,216:30,216,no_addition,False,0.0,0.0,0.0,0.0,0.0,0.0,1.0,0.0,0.0,0.0,0.5223037862230111,0.37755529813170224,0.3716142051303562,0.3663120173657725,wait:0.000000;e:-0.046390
55,218:0,218,no_addition,False,0.0,0.0,0.0,0.0,0.0,0.0,0.0,0.0,0.0,0.0,0.5478474919216988,0.6953990924246174,0.22402292046599662,0.387614879129818,wait:0.000000
55,219:30,219,no_addition,False,0.0,0.0,0.0,0.0,0.0,0.0,0.0,0.0,0.0,0.0,0.3752902680647157,0.2554602095816274,0.2189030648837487,0.1653723697381658,wait:0.000000
55,221:12,221,no_addition,False,0.0,0.0,0.0,0.0,0.0,0.0,1.0,1.0,1.0,0.0,0.5854773497786949,0.5535501633248529,0.309422400651154,0.2701802264111867,wait:0.000000
55,223:36,223,no_addition,False,0.0,0.0,0.0,0.0,0.0,0.0,0.0,0.0,1.0,0.0,0.27408932591805646,0.6520878371705706,0.3980764321907358,0.23046662342288557,wait:0.000000;d:-0.171307
55,224:36,224,no_addition,False,0.0,0.0,0.0,0.0,0.0,0.0,0.0,1.0,1.0,1.0,0.16063202143012123,0.5341076504358636,0.22111542484713326,0.2346933860024937,wait:0.000000;d:-0.096494
55,227:0,227,no_addition,False,0.0,0.0,0.0,0.0,0.0,0.0,0.0,1.0,0.0,1.0,0.3036138572423417,0.4845218972636839,0.28280812642659486,0.19354397946438265,wait:0.000000;d:-0.009457
55,233:36,233,no_addition,False,0.0,0.0,0.0,0.0,0.0,0.0,0.0,0.0,0.0,0.0,0.2883489652810065,0.5659356804353154,0.3661647897859952,0.15654664075523303,wait:0.000000;d:-0.126557
55,235:42,235,no_addition,False,0.0,0.0,0.0,0.0,0.0,0.0,1.0,0.0,1.0,0.0,0.6640474842929618,0.34421760689047476,0.38555152318005487,0.4069681172668978,wait:0.000000;e:-0.117061
55,237:42,237,no_addition,False,0.0,0.0,0.0,0.0,0.0,0.0,0.0,1.0,0.0,0.0,0.382901564545861,0.7323459312222742,0.3982392250083961,0.3660945120808948,wait:0.000000;d:-0.073504
55,238:42,238,no_addition,False,0.0,0.0,0.0,0.0,0.0,0.0,1.0,0.0,0.0,0.0,0.6090416165905302,0.8200127207815411,0.42039594827363097,0.35010745305190616,wait:0.000000
56,5:6,5,no_addition,False,0.0,0.0,0.0,0.0,0.0,0.0,2.0,2.0,2.0,3.0,0.4670274079757374,0.47448689290542667,0.18627775142604694,0.4363383782700089,wait:0.000000
56,16:30,16,no_addition,False,0.0,0.0,0.0,0.0,0.0,0.0,2.0,1.0,1.0,4.0,0.61272762961494,0.2574828025782422,0.2728978281068709,0.3551717717820044,wait:0.000000
56,17:30,17,no_addition,False,0.0,0.0,0.0,0.0,0.0,0.0,3.0,2.0,3.0,0.0,0.6196508994680843,0.7310587409164123,0.3932089785910932,0.19506039435618563,wait:0.000000
56,18:30,18,no_addition,False,0.0,0.0,0.0,0.0,0.0,0.0,0.0,0.0,0.0,1.0,0.789595219406467,0.22127239054154096,0.32218590380534096,0.32129346926806296,wait:0.000000;e:-0.142077
56,20:42,20,no_addition,False,0.05555555555555555,0.0,0.05555555555555555,0.0,0.05555555555555555,0.0,1.0,0.0,2.0,2.0,0.3557525692583966,0.3681809899533242,0.41382665430445026,0.4272570148610409,wait:0.000000;d:-0.113534
56,22:12,22,no_addition,False,0.0,0.0,0.0,0.0,0.0,0.0,1.0,3.0,1.0,1.0,0.35446350737320564,0.7513203309393585,0.18691678094765152,0.31450094045556126,wait:0.000000
56,23:24,23,no_addition,False,0.0,0.0,0.0,0.0,0.0,0.0,1.0,0.0,2.0,1.0,0.520572446256836,0.3303784738750793,0.3297613636665448,0.35952554001985937,wait:0.000000
56,27:36,27,no_addition,False,0.0,0.0,0.0,0.0,0.0,0.0,1.0,2.0,2.0,2.0,0.3842821820042749,0.6115051798509654,0.2987843698533837,0.19427169431111702,wait:0.000000
56,28:24,28,no_addition,False,0.0,0.0,0.0,0.0,0.0,0.0,2.0,0.0,3.0,1.0,0.3400041071364174,0.21329360253934568,0.2206044920108324,0.3311898819821935,wait:0.000000;e:-0.159156
56,34:6,34,no_addition,False,0.0,0.0,0.0,0.0,0.0,0.0,0.0,3.0,3.0,1.0,0.16639355227061303,0.6060292263010303,0.41646186055116163,0.2610662765689028,wait:0.000000
56,36:0,36,no_addition,False,0.0,0.0,0.0,0.0,0.0,0.0,2.0,3.0,3.0,0.0,0.5012305541362638,0.6610174480287444,0.40868282925775223,0.41900053739797377,wait:0.000000
56,40:6,40,no_addition,False,0.0,0.0,0.0,0.0,0.0,0.0,0.0,1.0,0.0,1.0,0.42705592860894204,0.4891911840543369,0.40979428068998186,0.24866690722000864,wait:0.000000;d:-0.045305
56,42:0,42,no_addition,False,0.0,0.0,0.0,0.0,0.0,0.0,0.0,2.0,0.0,0.0,0.5815746493370327,0.5393634599250082,0.3370247532265757,0.2534510171764107,wait:0.000000
56,47:36,47,no_addition,False,0.0,0.0,0.0,0.0,0.0,0.0,0.0,0.0,0.0,0.0,0.519946156673641,0.37419668178960197,0.26250270115202495,0.34677176322672726,wait:0.000000;e:-0.029873
56,50:24,50,no_addition,False,0.0,0.0,0.0,0.0,0.0,0.0,1.0,0.0,0.0,1.0,0.7172052962062997,0.23245709177559298,0.2661547469837424,0.44946089757694324,wait:0.000000;e:-0.260174
56,55:0,55,no_addition,False,0.0,0.0,0.0,0.0,0.0,0.0,0.0,2.0,0.0,0.0,0.4575149512346959,0.7464912946625124,0.27604848689772193,0.21149207820782978,wait:0.000000
56,57:18,57,no_addition,False,0.0,0.0,0.0,0.0,0.0,0.0,1.0,1.0,0.0,0.0,0.4892381622335288,0.472530862798351,0.3472400286318625,0.32934013747717866,wait:0.000000
56,58:0,58,no_addition,False,0.0,0.0,0.0,0.0,0.0,0.0,0.0,1.0,1.0,0.0,0.5101585836098503,0.5218224630636856,0.22916244037719172,0.25204918347217453,wait:0.000000
56,66:36,66,no_addition,False,0.0,0.0,0.0,0.0,0.0,0.0,1.0,0.0,1.0,0.0,0.5441408752871026,0.20892059648429345,0.35202499334846415,0.26907731313463046,wait:0.000000;e:-0.100981
56,69:30,69,no_addition,False,0.0,0.0,0.0,0.0,0.0,0.0,0.0,1.0,0.0,1.0,0.3174003294421141,0.4582627347308509,0.24663404840115602,0.2942416708512183,wait:0.306483
56,77:42,77,no_addition,False,0.0,0.0,0.0,0.0,0.0,0.0,0.0,0.0,0.0,0.0,0.4916652746904324,0.6219717754372014,0.3366534083233555,0.2973670533494849,wait:0.000000
56,78:42,78,no_addition,False,0.0,0.0,0.0,0.0,0.0,0.0,0.0,0.0,1.0,2.0,0.3859142480178594,0.4073549962985664,0.4290343540047506,0.4241876368144228,wait:0.000000;d:-0.081586
56,79:24,79,no_addition,False,0.0,0.0,0.0,0.0,0.0,0.0,1.0,0.0,1.0,3.0,0.37403092297448554,0.20284484018493304,0.23897090931600617,0.2980342670728797,wait:0.000000
56,83:36,83,no_addition,False,0.0,0.0,0.0,0.0,0.0,0.0,0.0,0.0,1.0,0.0,0.537255571323101,0.3247875840090918,0.23823259958918622,0.3571275347972728,wait:0.000000;e:-0.084713
56,84:30,84,no_addition,False,0.0,0.0,0.0,0.0,0.0,0.0,2.0,0.0,0.0,0.0,0.8172354215365639,0.42302857952677253,0.23631765283767825,0.26391723968627046,wait:0.000000
56,87:18,87,no_addition,False,0.0,0.0,0.0,0.0,0.0,0.0,1.0,0.0,0.0,1.0,0.7384119973362143,0.21589545919012312,0.20279804993293035,0.35065675570046845,wait:0.000000;e:-0.176281
56,88:24,88,no_addition,False,0.0,0.0,0.0,0.0,0.0,0.0,0.0,1.0,0.0,2.0,0.22699656335892954,0.3886771281338611,0.39659420517047966,0.3730679206252907,wait:0.000000
56,93:24,93,no_addition,False,0.0,0.0,0.0,0.0,0.0,0.0,0.0,0.0,0.0,2.0,0.32374420301563095,0.2943694415471323,0.30315833026947697,0.4141443069013125,wait:0.000000;d:-0.011683;e:-0.149116;d+e:-0.258049
56,94:18,94,no_addition,False,0.0,0.0,0.0,0.0,0.0,0.0,1.0,2.0,3.0,1.0,0.25712764449241193,0.6171878199792814,0.21800924687211456,0.38576636836737893,wait:0.000000
56,95:6,95,no_addition,False,0.0,0.0,0.0,0.0,0.0,0.0,1.0,1.0,2.0,1.0,0.27945933686544755,0.3640280147713579,0.3797239704460827,0.26511376606491255,wait:0.000000;d:-0.148120
56,97:24,97,no_addition,False,0.0,0.0,0.0,0.0,0.0,0.0,1.0,1.0,2.0,0.0,0.325741090023824,0.7195603883300699,0.30224413357827734,0.19373823302790918,wait:0.000000
56,100:42,100,no_addition,False,0.0,0.0,0.0,0.0,0.0,0.0,0.0,0.0,2.0,2.0,0.40464526130422973,0.174180688506415,0.36878883914846133,0.3520160664731562,wait:0.000000
56,107:18,107,no_addition,False,0.0,0.0,0.0,0.0,0.0,0.0,0.0,2.0,1.0,1.0,0.19106870068850026,0.4981379973865695,0.3467836357187902,0.3787669519245653,wait:0.000000;d:-0.174760
56,108:0,108,no_addition,False,0.0,0.0,0.0,0.0,0.0,0.0,0.0,0.0,1.0,2.0,0.2490103142311943,0.33515148821059454,0.4051152694937241,0.34700663599438875,wait:0.000000;d:-0.200925
56,112:42,112,no_addition,False,0.0,0.0,0.0,0.0,0.0,0.0,2.0,1.0,2.0,0.0,0.37656216904068757,0.4997867587469058,0.22254415227644214,0.20283773666009824,wait:0.000000
56,117:12,117,no_addition,False,0.0,0.0,0.0,0.0,0.0,0.0,0.0,1.0,1.0,0.0,0.5407986163209517,0.6823781252093812,0.22248103607028888,0.2401405260341156,wait:0.000000
56,120:42,120,no_addition,False,0.0,0.0,0.0,0.0,0.0,0.0,0.0,0.0,0.0,0.0,0.759163703067264,0.3754962022302436,0.203130339038933,0.3923393420191187,wait:0.000000
56,124:36,124,no_addition,False,0.0,0.0,0.0,0.0,0.0,0.0,3.0,0.0,0.0,4.0,0.8428795013137533,0.37636564282391854,0.28748670474943666,0.4403262542165151,wait:0.000000;e:-0.121475
56,125:0,125,no_addition,False,0.0,0.0,0.0,0.0,0.0,0.0,0.0,0.0,0.0,0.0,0.33640190342749543,0.49820659672540646,0.3253573236434573,0.3975528526902157,wait:0.000000
56,126:42,126,no_addition,False,0.0,0.0,0.0,0.0,0.0,0.0,0.0,0.0,0.0,0.0,0.37921000468567934,0.7750319384665738,0.1817981979992302,0.4042363712280874,wait:0.000000
56,131:12,131,no_addition,False,0.0,0.0,0.0,0.0,0.0,0.0,0.0,0.0,1.0,0.0,0.2494521618294632,0.5871447970231283,0.37985692616415667,0.3889506118451608,wait:0.000000;d:-0.175269
56,143:42,143,no_addition,False,0.0,0.0,0.0,0.0,0.0,0.0,0.0,0.0,1.0,1.0,0.36588712245170646,0.1738684219350308,0.4442587311751047,0.18511963509914986,wait:0.000000;d:-0.134842
56,149:30,149,no_addition,False,0.0,0.0,0.0,0.0,0.0,0.0,0.0,1.0,0.0,0.0,0.2713909454604943,0.7579030155864587,0.19879566477615832,0.2377602708974282,wait:0.000000
56,153:6,153,no_addition,False,0.0,0.0,0.0,0.0,0.0,0.0,0.0,0.0,0.0,0.0,0.49527004045165035,0.7227862591583962,0.25663317833606647,0.3716738497836488,wait:0.000000
56,159:0,159,no_addition,False,0.0,0.0,0.0,0.0,0.0,0.0,1.0,1.0,0.0,0.0,0.8474312548271206,0.8281561931670856,0.3379496723410936,0.4064367469037631,wait:0.000000
56,164:30,164,no_addition,False,0.0,0.0,0.0,0.0,0.0,0.0,0.0,0.0,0.0,0.0,0.4114362483026438,0.2333050558785399,0.2900040903492713,0.4084117408635823,wait:0.000000;e:-0.218361
56,168:0,168,no_addition,False,0.0,0.0,0.0,0.0,0.0,0.0,1.0,0.0,1.0,0.0,0.3755780482129814,0.714687257737433,0.2124602298368124,0.3434550845162469,wait:0.000000
56,169:42,169,no_addition,False,0.0,0.0,0.0,0.0,0.0,0.0,2.0,0.0,0.0,1.0,0.7288774502449756,0.22156223503141398,0.32831279278468456,0.35255123439538055,wait:0.000000;e:-0.173073
56,170:0,170,no_addition,False,0.0,0.0,0.0,0.0,0.0,0.0,0.0,0.0,0.0,0.0,0.5086100046936499,0.4051155287561089,0.3137915355224336,0.3714260410134784,wait:0.000000
56,176:6,176,no_addition,False,0.0,0.0,0.0,0.0,0.0,0.0,1.0,0.0,0.0,0.0,0.649507682724739,0.7367207112421665,0.29667236080361553,0.19039524472284738,wait:0.000000
56,178:0,178,no_addition,False,0.0,0.0,0.0,0.0,0.0,0.0,1.0,0.0,1.0,2.0,0.3485119713581023,0.36772084841034036,0.30242028894009604,0.26244031453647154,wait:0.000000
56,181:12,181,no_addition,False,0.0,0.0,0.0,0.0,0.0,0.0,0.0,0.0,0.0,0.0,0.7946355321921084,0.42162272232813014,0.39624013053372786,0.3667363039972709,wait:0.000000
56,184:12,184,no_addition,False,0.0,0.0,0.0,0.0,0.0,0.0,2.0,0.0,0.0,0.0,0.6093055541167139,0.2994402084407679,0.3329551098625529,0.29829461350477027,wait:0.000000
56,187:6,187,no_addition,False,0.0,0.0,0.0,0.0,0.0,0.0,0.0,1.0,1.0,0.0,0.22482733484249073,0.6888209501139968,0.362124988748831,0.3298573274808079,wait:0.000000
56,197:24,197,no_addition,False,0.0,0.0,0.0,0.0,0.0,0.0,0.0,0.0,1.0,0.0,0.306562898358019,0.56166766570625,0.19688231088167402,0.34557495756149265,wait:0.000000
56,199:6,199,no_addition,False,0.0,0.0,0.0,0.0,0.0,0.0,1.0,0.0,0.0,0.0,0.5889379141900573,0.7572765500424592,0.33328785511729253,0.39501652679189125,wait:0.000000
56,201:0,201,no_addition,False,0.0,0.0,0.0,0.0,0.0,0.0,0.0,1.0,0.0,0.0,0.2468416151391679,0.5654302902035843,0.20072772104470216,0.20987555220806772,wait:0.000000
56,202:24,202,no_addition,False,0.0,0.0,0.0,0.0,0.0,0.0,0.0,0.0,0.0,0.0,0.7207754921652623,0.21672926048736668,0.28961011207828935,0.25946474351074944,wait:0.000000;e:-0.084338
56,203:18,203,no_addition,False,0.0,0.0,0.0,0.0,0.0,0.0,0.0,0.0,0.0,0.0,0.6998933756450564,0.5135264455480919,0.411197420235476,0.35280032812438555,wait:0.000000
56,205:36,205,no_addition,False,0.0,0.0,0.0,0.0,0.0,0.0,0.0,0.0,1.0,1.0,0.3029972965935572,0.47037263045655686,0.37383117714299735,0.2985107416432016,wait:0.000000;d:-0.121035
56,207:0,207,no_addition,False,0.0,0.0,0.0,0.0,0.0,0.0,0.0,1.0,0.0,1.0,0.6384098086343788,0.4597172691161181,0.22389468572080504,0.4123575006396421,wait:0.000000
56,208:18,208,no_addition,False,0.0,0.0,0.0,0.0,0.0,0.0,1.0,0.0,0.0,0.0,0.5181053835434617,0.6719454342725899,0.3859596365912661,0.34099353141222527,wait:0.000000
56,210:30,210,no_addition,False,0.16666666666666666,0.0,0.16666666666666666,0.0,0.16666666666666666,0.0,0.0,0.0,0.0,0.0,0.2067993238979164,0.7220389447621924,0.2257084936876592,0.4483397378262869,wait:0.000000
56,214:6,214,no_addition,False,0.0,0.0,0.0,0.0,0.0,0.0,0.0,0.0,0.0,0.0,0.6973777556884364,0.6322656244963211,0.443590841096819,0.2925123474407271,wait:0.000000
56,215:24,215,no_addition,False,0.0,0.0,0.0,0.0,0.0,0.0,0.0,0.0,1.0,0.0,0.2210420859453333,0.37994453684031615,0.4330328298258135,0.2810765607108209,wait:0.000000
56,216:30,216,no_addition,False,0.0,0.0,0.0,0.0,0.0,0.0,1.0,0.0,0.0,0.0,0.5223037862230111,0.37755529813170224,0.3716142051303562,0.3663120173657725,wait:0.000000;e:-0.046390
56,218:0,218,no_addition,False,0.0,0.0,0.0,0.0,0.0,0.0,0.0,0.0,0.0,0.0,0.5478474919216988,0.6953990924246174,0.22402292046599662,0.387614879129818,wait:0.000000
56,219:30,219,no_addition,False,0.0,0.0,0.0,0.0,0.0,0.0,0.0,0.0,0.0,0.0,0.3752902680647157,0.2554602095816274,0.2189030648837487,0.1653723697381658,wait:0.000000
56,221:12,221,no_addition,False,0.0,0.0,0.0,0.0,0.0,0.0,1.0,1.0,1.0,0.0,0.5854773497786949,0.5535501633248529,0.309422400651154,0.2701802264111867,wait:0.000000
56,223:36,223,no_addition,False,0.0,0.0,0.0,0.0,0.0,0.0,0.0,0.0,1.0,0.0,0.27408932591805646,0.6520878371705706,0.3980764321907358,0.23046662342288557,wait:0.000000;d:-0.171307
56,224:36,224,no_addition,False,0.0,0.0,0.0,0.0,0.0,0.0,0.0,1.0,1.0,1.0,0.16063202143012123,0.5341076504358636,0.22111542484713326,0.2346933860024937,wait:0.000000;d:-0.096494
56,227:0,227,no_addition,False,0.0,0.0,0.0,0.0,0.0,0.0,0.0,1.0,0.0,1.0,0.3036138572423417,0.4845218972636839,0.28280812642659486,0.19354397946438265,wait:0.000000;d:-0.009457
56,233:36,233,no_addition,False,0.0,0.0,0.0,0.0,0.0,0.0,0.0,0.0,0.0,0.0,0.2883489652810065,0.5659356804353154,0.3661647897859952,0.15654664075523303,wait:0.000000;d:-0.126557
56,235:42,235,no_addition,False,0.0,0.0,0.0,0.0,0.0,0.0,1.0,0.0,1.0,0.0,0.6640474842929618,0.34421760689047476,0.38555152318005487,0.4069681172668978,wait:0.000000;e:-0.117061
56,237:42,237,no_addition,False,0.0,0.0,0.0,0.0,0.0,0.0,0.0,1.0,0.0,0.0,0.382901564545861,0.7323459312222742,0.3982392250083961,0.3660945120808948,wait:0.000000;d:-0.073504
56,238:42,238,no_addition,False,0.0,0.0,0.0,0.0,0.0,0.0,1.0,0.0,0.0,0.0,0.6090416165905302,0.8200127207815411,0.42039594827363097,0.35010745305190616,wait:0.000000
57,5:6,5,no_addition,False,0.0,0.0,0.0,0.0,0.0,0.0,2.0,2.0,2.0,2.0,0.4670274079757374,0.5254663686216438,0.18627775142604694,0.4363383782700089,wait:0.000000
57,16:30,16,no_addition,False,0.0,0.0,0.0,0.0,0.0,0.0,2.0,1.0,1.0,4.0,0.61272762961494,0.2574828025782422,0.2728978281068709,0.3551717717820044,wait:0.000000
57,17:30,17,no_addition,False,0.0,0.0,0.0,0.0,0.0,0.0,3.0,2.0,3.0,0.0,0.6196508994680843,0.7310587409164123,0.3932089785910932,0.19506039435618563,wait:0.000000
57,18:30,18,no_addition,False,0.0,0.0,0.0,0.0,0.0,0.0,0.0,0.0,0.0,1.0,0.789595219406467,0.22127239054154096,0.32218590380534096,0.32129346926806296,wait:0.000000;e:-0.142077
57,20:42,20,no_addition,False,0.0,0.0,0.0,0.0,0.0,0.0,2.0,0.0,2.0,1.0,0.4345297018443022,0.42954448827887826,0.4184763919932643,0.4272570148610409,wait:0.000000;d:-0.047259
57,22:12,22,no_addition,False,0.0,0.0,0.0,0.0,0.0,0.0,1.0,3.0,0.0,1.0,0.48020742526873994,0.7513203309393585,0.18691678094765152,0.31450094045556126,wait:0.000000
57,23:24,23,no_addition,False,0.0,0.0,0.0,0.0,0.0,0.0,1.0,0.0,2.0,1.0,0.520572446256836,0.3303784738750793,0.3297613636665448,0.35952554001985937,wait:0.000000
57,27:36,27,no_addition,False,0.0,0.0,0.0,0.0,0.0,0.0,1.0,2.0,2.0,2.0,0.3842821820042749,0.6115051798509654,0.2987843698533837,0.19427169431111702,wait:0.000000
57,28:24,28,no_addition,False,0.0,0.0,0.0,0.0,0.0,0.0,2.0,0.0,2.0,1.0,0.38560427142187403,0.21329360253934568,0.2206044920108324,0.3311898819821935,wait:0.000000;e:-0.159156
57,34:6,34,no_addition,False,0.0,0.0,0.0,0.0,0.0,0.0,0.0,3.0,2.0,1.0,0.18152023884066879,0.6060292263010303,0.41646186055116163,0.2610662765689028,wait:0.000000
57,36:0,36,no_addition,False,0.0,0.0,0.0,0.0,0.0,0.0,2.0,3.0,1.0,0.0,0.6313536095498903,0.6610174480287444,0.40868282925775223,0.41900053739797377,wait:0.000000
57,40:6,40,no_addition,False,0.0,0.0,0.0,0.0,0.0,0.0,0.0,1.0,0.0,1.0,0.42705592860894204,0.4891911840543369,0.40979428068998186,0.24866690722000864,wait:0.000000;d:-0.045305
57,42:0,42,no_addition,False,0.0,0.0,0.0,0.0,0.0,0.0,0.0,2.0,0.0,0.0,0.5815746493370327,0.5393634599250082,0.3370247532265757,0.2534510171764107,wait:0.000000
57,47:36,47,no_addition,False,0.0,0.0,0.0,0.0,0.0,0.0,0.0,0.0,0.0,0.0,0.519946156673641,0.37419668178960197,0.26250270115202495,0.34677176322672726,wait:0.000000;e:-0.029873
57,50:24,50,no_addition,False,0.0,0.0,0.0,0.0,0.0,0.0,1.0,0.0,0.0,1.0,0.7172052962062997,0.23245709177559298,0.2661547469837424,0.44946089757694324,wait:0.000000;e:-0.260174
57,55:0,55,no_addition,False,0.0,0.0,0.0,0.0,0.0,0.0,0.0,2.0,0.0,0.0,0.4575149512346959,0.7464912946625124,0.27604848689772193,0.21149207820782978,wait:0.000000
57,57:18,57,no_addition,False,0.0,0.0,0.0,0.0,0.0,0.0,1.0,1.0,0.0,0.0,0.4892381622335288,0.472530862798351,0.3472400286318625,0.32934013747717866,wait:0.000000
57,58:0,58,no_addition,False,0.0,0.0,0.0,0.0,0.0,0.0,0.0,1.0,1.0,0.0,0.5101585836098503,0.5218224630636856,0.22916244037719172,0.25204918347217453,wait:0.000000
57,66:36,66,no_addition,False,0.0,0.0,0.0,0.0,0.0,0.0,1.0,0.0,1.0,0.0,0.5441408752871026,0.20892059648429345,0.35202499334846415,0.26907731313463046,wait:0.000000;e:-0.100981
57,77:42,77,no_addition,False,0.0,0.0,0.0,0.0,0.0,0.0,0.0,0.0,0.0,0.0,0.4916652746904324,0.6219717754372014,0.3366534083233555,0.2973670533494849,wait:0.000000
57,78:42,78,no_addition,False,0.0,0.0,0.0,0.0,0.0,0.0,0.0,0.0,1.0,1.0,0.3859142480178594,0.47524749568166086,0.4290343540047506,0.4241876368144228,wait:0.000000;d:-0.081586
57,79:24,79,no_addition,False,0.0,0.0,0.0,0.0,0.0,0.0,1.0,0.0,1.0,3.0,0.37403092297448554,0.20284484018493304,0.23897090931600617,0.2980342670728797,wait:0.000000
57,83:36,83,no_addition,False,0.0,0.0,0.0,0.0,0.0,0.0,0.0,0.0,1.0,0.0,0.537255571323101,0.3247875840090918,0.23823259958918622,0.3571275347972728,wait:0.000000;e:-0.084713
57,84:30,84,no_addition,False,0.0,0.0,0.0,0.0,0.0,0.0,2.0,0.0,0.0,0.0,0.8172354215365639,0.42302857952677253,0.23631765283767825,0.26391723968627046,wait:0.000000
57,87:18,87,no_addition,False,0.0,0.0,0.0,0.0,0.0,0.0,1.0,0.0,0.0,1.0,0.7384119973362143,0.21589545919012312,0.20279804993293035,0.35065675570046845,wait:0.000000;e:-0.176281
57,88:24,88,no_addition,False,0.0,0.0,0.0,0.0,0.0,0.0,0.0,1.0,0.0,2.0,0.22699656335892954,0.3886771281338611,0.39659420517047966,0.3730679206252907,wait:0.000000
57,93:24,93,no_addition,False,0.0,0.0,0.0,0.0,0.0,0.0,0.0,0.0,0.0,2.0,0.32374420301563095,0.2943694415471323,0.30315833026947697,0.4141443069013125,wait:0.000000;d:-0.011683;e:-0.149116;d+e:-0.258049
57,94:18,94,no_addition,False,0.0,0.0,0.0,0.0,0.0,0.0,1.0,2.0,3.0,0.0,0.25712764449241193,0.7460230763410343,0.21800924687211456,0.38576636836737893,wait:0.000000
57,95:6,95,no_addition,False,0.0,0.0,0.0,0.0,0.0,0.0,1.0,1.0,1.0,1.0,0.34122836748957913,0.3640280147713579,0.3797239704460827,0.26511376606491255,wait:0.000000;d:-0.092508
57,97:24,97,no_addition,False,0.0,0.0,0.0,0.0,0.0,0.0,1.0,1.0,2.0,0.0,0.325741090023824,0.7195603883300699,0.30224413357827734,0.19373823302790918,wait:0.000000
57,100:42,100,no_addition,False,0.0,0.0,0.0,0.0,0.0,0.0,0.0,0.0,2.0,1.0,0.40464526130422973,0.20321080325748414,0.36878883914846133,0.3520160664731562,wait:0.000000
57,107:18,107,no_addition,False,0.0,0.0,0.0,0.0,0.0,0.0,0.0,2.0,1.0,1.0,0.19106870068850026,0.4981379973865695,0.3467836357187902,0.3787669519245653,wait:0.000000;d:-0.174760
57,108:0,108,no_addition,False,0.0,0.0,0.0,0.0,0.0,0.0,0.0,0.0,1.0,1.0,0.2490103142311943,0.39101006957902695,0.4051152694937241,0.34700663599438875,wait:0.000000;d:-0.200925
57,112:42,112,no_addition,False,0.0,0.0,0.0,0.0,0.0,0.0,2.0,1.0,2.0,0.0,0.37656216904068757,0.4997867587469058,0.22254415227644214,0.20283773666009824,wait:0.000000
57,117:12,117,no_addition,False,0.0,0.0,0.0,0.0,0.0,0.0,0.0,1.0,1.0,0.0,0.5407986163209517,0.6823781252093812,0.22248103607028888,0.2401405260341156,wait:0.000000
57,120:42,120,no_addition,False,0.0,0.0,0.0,0.0,0.0,0.0,0.0,0.0,0.0,0.0,0.759163703067264,0.3754962022302436,0.203130339038933,0.3923393420191187,wait:0.000000
57,124:36,124,no_addition,False,0.0,0.0,0.0,0.0,0.0,0.0,3.0,0.0,0.0,2.0,0.8428795013137533,0.43426804941221375,0.28748670474943666,0.4403262542165151,wait:0.000000;e:-0.069344
57,125:0,125,no_addition,False,0.0,0.0,0.0,0.0,0.0,0.0,0.0,0.0,0.0,0.0,0.33640190342749543,0.49820659672540646,0.3253573236434573,0.3975528526902157,wait:0.000000
57,126:42,126,no_addition,False,0.0,0.0,0.0,0.0,0.0,0.0,0.0,0.0,0.0,0.0,0.37921000468567934,0.7750319384665738,0.1817981979992302,0.4042363712280874,wait:0.000000
57,131:12,131,no_addition,False,0.0,0.0,0.0,0.0,0.0,0.0,0.0,0.0,1.0,0.0,0.2494521618294632,0.5871447970231283,0.37985692616415667,0.3889506118451608,wait:0.000000;d:-0.175269
57,143:42,143,no_addition,False,0.0,0.0,0.0,0.0,0.0,0.0,0.0,0.0,1.0,1.0,0.36588712245170646,0.1738684219350308,0.4442587311751047,0.18511963509914986,wait:0.000000;d:-0.134842
57,149:30,149,no_addition,False,0.0,0.0,0.0,0.0,0.0,0.0,0.0,1.0,0.0,0.0,0.2713909454604943,0.7579030155864587,0.19879566477615832,0.2377602708974282,wait:0.000000
57,153:6,153,no_addition,False,0.0,0.0,0.0,0.0,0.0,0.0,0.0,0.0,0.0,0.0,0.49527004045165035,0.7227862591583962,0.25663317833606647,0.3716738497836488,wait:0.000000
57,159:0,159,no_addition,False,0.0,0.0,0.0,0.0,0.0,0.0,1.0,1.0,0.0,0.0,0.8474312548271206,0.8281561931670856,0.3379496723410936,0.4064367469037631,wait:0.000000
57,164:30,164,no_addition,False,0.0,0.0,0.0,0.0,0.0,0.0,0.0,0.0,0.0,0.0,0.4114362483026438,0.2333050558785399,0.2900040903492713,0.4084117408635823,wait:0.000000;e:-0.218361
57,168:0,168,no_addition,False,0.0,0.0,0.0,0.0,0.0,0.0,1.0,0.0,1.0,0.0,0.3755780482129814,0.714687257737433,0.2124602298368124,0.3434550845162469,wait:0.000000
57,169:42,169,no_addition,False,0.0,0.0,0.0,0.0,0.0,0.0,2.0,0.0,0.0,1.0,0.7288774502449756,0.22156223503141398,0.32831279278468456,0.35255123439538055,wait:0.000000;e:-0.173073
57,170:0,170,no_addition,False,0.0,0.0,0.0,0.0,0.0,0.0,0.0,0.0,0.0,0.0,0.5086100046936499,0.4051155287561089,0.3137915355224336,0.3714260410134784,wait:0.000000
57,176:6,176,no_addition,False,0.0,0.0,0.0,0.0,0.0,0.0,1.0,0.0,0.0,0.0,0.649507682724739,0.7367207112421665,0.29667236080361553,0.19039524472284738,wait:0.000000
57,178:0,178,no_addition,False,0.0,0.0,0.0,0.0,0.0,0.0,1.0,0.0,1.0,2.0,0.3485119713581023,0.36772084841034036,0.30242028894009604,0.26244031453647154,wait:0.000000
57,181:12,181,no_addition,False,0.0,0.0,0.0,0.0,0.0,0.0,0.0,0.0,0.0,0.0,0.7946355321921084,0.42162272232813014,0.39624013053372786,0.3667363039972709,wait:0.000000
57,184:12,184,no_addition,False,0.0,0.0,0.0,0.0,0.0,0.0,2.0,0.0,0.0,0.0,0.6093055541167139,0.2994402084407679,0.3329551098625529,0.29829461350477027,wait:0.000000
57,187:6,187,no_addition,False,0.0,0.0,0.0,0.0,0.0,0.0,0.0,1.0,0.0,0.0,0.3211819069178439,0.6888209501139968,0.362124988748831,0.3298573274808079,wait:0.000000
57,197:24,197,no_addition,False,0.0,0.0,0.0,0.0,0.0,0.0,0.0,0.0,1.0,0.0,0.306562898358019,0.56166766570625,0.19688231088167402,0.34557495756149265,wait:0.000000
57,199:6,199,no_addition,False,0.0,0.0,0.0,0.0,0.0,0.0,1.0,0.0,0.0,0.0,0.5889379141900573,0.7572765500424592,0.33328785511729253,0.39501652679189125,wait:0.000000
57,201:0,201,no_addition,False,0.0,0.0,0.0,0.0,0.0,0.0,0.0,1.0,0.0,0.0,0.2468416151391679,0.5654302902035843,0.20072772104470216,0.20987555220806772,wait:0.000000
57,202:24,202,no_addition,False,0.0,0.0,0.0,0.0,0.0,0.0,0.0,0.0,0.0,0.0,0.7207754921652623,0.21672926048736668,0.28961011207828935,0.25946474351074944,wait:0.000000;e:-0.084338
57,203:18,203,no_addition,False,0.0,0.0,0.0,0.0,0.0,0.0,0.0,0.0,0.0,0.0,0.6998933756450564,0.5135264455480919,0.411197420235476,0.35280032812438555,wait:0.000000
57,205:36,205,no_addition,False,0.0,0.0,0.0,0.0,0.0,0.0,0.0,0.0,1.0,0.0,0.3029972965935572,0.6719609006522241,0.37383117714299735,0.2985107416432016,wait:0.000000;d:-0.121035
57,207:0,207,no_addition,False,0.0,0.0,0.0,0.0,0.0,0.0,0.0,1.0,0.0,1.0,0.6384098086343788,0.4597172691161181,0.22389468572080504,0.4123575006396421,wait:0.000000
57,208:18,208,no_addition,False,0.0,0.0,0.0,0.0,0.0,0.0,1.0,0.0,0.0,0.0,0.5181053835434617,0.6719454342725899,0.3859596365912661,0.34099353141222527,wait:0.000000
57,210:30,210,no_addition,False,0.0,0.0,0.0,0.0,0.0,0.0,1.0,0.0,0.0,0.0,0.44475952672854147,0.7220389447621924,0.2334915451941302,0.4483397378262869,wait:0.000000
57,214:6,214,no_addition,False,0.0,0.0,0.0,0.0,0.0,0.0,0.0,0.0,0.0,0.0,0.6973777556884364,0.6322656244963211,0.443590841096819,0.2925123474407271,wait:0.000000
57,215:24,215,no_addition,False,0.0,0.0,0.0,0.0,0.0,0.0,0.0,0.0,1.0,0.0,0.2210420859453333,0.37994453684031615,0.4330328298258135,0.2810765607108209,wait:0.000000
57,216:30,216,no_addition,False,0.0,0.0,0.0,0.0,0.0,0.0,1.0,0.0,0.0,0.0,0.5223037862230111,0.37755529813170224,0.3716142051303562,0.3663120173657725,wait:0.000000;e:-0.046390
57,218:0,218,no_addition,False,0.0,0.0,0.0,0.0,0.0,0.0,0.0,0.0,0.0,0.0,0.5478474919216988,0.6953990924246174,0.22402292046599662,0.387614879129818,wait:0.000000
57,219:30,219,no_addition,False,0.0,0.0,0.0,0.0,0.0,0.0,0.0,0.0,0.0,0.0,0.3752902680647157,0.2554602095816274,0.2189030648837487,0.1653723697381658,wait:0.000000
57,221:12,221,no_addition,False,0.0,0.0,0.0,0.0,0.0,0.0,1.0,1.0,1.0,0.0,0.5854773497786949,0.5535501633248529,0.309422400651154,0.2701802264111867,wait:0.000000
57,223:36,223,no_addition,False,0.0,0.0,0.0,0.0,0.0,0.0,0.0,0.0,1.0,0.0,0.27408932591805646,0.6520878371705706,0.3980764321907358,0.23046662342288557,wait:0.000000;d:-0.171307
57,224:36,224,no_addition,False,0.0,0.0,0.0,0.0,0.0,0.0,0.0,1.0,1.0,0.0,0.16063202143012123,0.6897922588418408,0.22111542484713326,0.2346933860024937,wait:0.000000;d:-0.096494
57,227:0,227,no_addition,False,0.0,0.0,0.0,0.0,0.0,0.0,0.0,1.0,0.0,1.0,0.3036138572423417,0.4845218972636839,0.28280812642659486,0.19354397946438265,wait:0.000000;d:-0.009457
57,233:36,233,no_addition,False,0.0,0.0,0.0,0.0,0.0,0.0,0.0,0.0,0.0,0.0,0.2883489652810065,0.5659356804353154,0.3661647897859952,0.15654664075523303,wait:0.000000;d:-0.126557
57,235:42,235,no_addition,False,0.0,0.0,0.0,0.0,0.0,0.0,1.0,0.0,1.0,0.0,0.6640474842929618,0.34421760689047476,0.38555152318005487,0.4069681172668978,wait:0.000000;e:-0.117061
57,237:42,237,no_addition,False,0.0,0.0,0.0,0.0,0.0,0.0,0.0,1.0,0.0,0.0,0.382901564545861,0.7323459312222742,0.3982392250083961,0.3660945120808948,wait:0.000000;d:-0.073504
57,238:42,238,no_addition,False,0.0,0.0,0.0,0.0,0.0,0.0,1.0,0.0,0.0,0.0,0.6090416165905302,0.8200127207815411,0.42039594827363097,0.35010745305190616,wait:0.000000
58,5:6,5,no_addition,False,0.0,0.0,0.0,0.0,0.0,0.0,2.0,2.0,1.0,2.0,0.5401251430512607,0.5254663686216438,0.18627775142604694,0.4363383782700089,wait:0.000000
58,16:30,16,no_addition,False,0.0,0.0,0.0,0.0,0.0,0.0,2.0,1.0,1.0,4.0,0.61272762961494,0.2574828025782422,0.2728978281068709,0.3551717717820044,wait:0.000000
58,17:30,17,no_addition,False,0.0,0.0,0.0,0.0,0.0,0.0,3.0,2.0,2.0,0.0,0.6731700435700867,0.7310587409164123,0.3932089785910932,0.19506039435618563,wait:0.000000
58,18:30,18,no_addition,False,0.0,0.0,0.0,0.0,0.0,0.0,0.0,0.0,0.0,1.0,0.789595219406467,0.22127239054154096,0.32218590380534096,0.32129346926806296,wait:0.000000;e:-0.142077
58,20:42,20,d,False,0.0,0.0,0.0,0.0,0.0,0.0,2.0,0.0,1.0,1.0,0.5057525692583965,0.42954448827887826,0.4184763919932643,0.4272570148610409,wait:0.000000;d:0.016865
58,22:12,22,no_addition,False,0.0,0.0,0.0,0.0,0.0,0.0,1.0,3.0,0.0,1.0,0.48020742526873994,0.7513203309393585,0.18691678094765152,0.31450094045556126,wait:0.000000
58,23:24,23,no_addition,False,0.0,0.0,0.0,0.0,0.0,0.0,1.0,0.0,1.0,1.0,0.6042608504620028,0.3303784738750793,0.3297613636665448,0.35952554001985937,wait:0.000000
58,27:36,27,no_addition,False,0.0,0.0,0.0,0.0,0.0,0.0,1.0,2.0,2.0,2.0,0.3842821820042749,0.6115051798509654,0.2987843698533837,0.19427169431111702,wait:0.000000
58,28:24,28,no_addition,False,0.0,0.0,0.0,0.0,0.0,0.0,1.0,0.0,1.0,1.0,0.3680049285637008,0.21329360253934568,0.2206044920108324,0.3311898819821935,wait:0.000000;e:-0.159156
58,34:6,34,no_addition,False,0.0,0.0,0.0,0.0,0.0,0.0,0.0,3.0,2.0,0.0,0.18152023884066879,0.7102232201260896,0.41646186055116163,0.2610662765689028,wait:0.000000
58,36:0,36,no_addition,False,0.0,0.0,0.0,0.0,0.0,0.0,2.0,3.0,1.0,0.0,0.6313536095498903,0.6610174480287444,0.40868282925775223,0.41900053739797377,wait:0.000000
58,40:6,40,no_addition,False,0.0,0.0,0.0,0.0,0.0,0.0,0.0,1.0,0.0,1.0,0.42705592860894204,0.4891911840543369,0.40979428068998186,0.24866690722000864,wait:0.000000;d:-0.045305
58,42:0,42,no_addition,False,0.0,0.0,0.0,0.0,0.0,0.0,0.0,2.0,0.0,0.0,0.5815746493370327,0.5393634599250082,0.3370247532265757,0.2534510171764107,wait:0.000000
58,47:36,47,no_addition,False,0.0,0.0,0.0,0.0,0.0,0.0,0.0,0.0,0.0,0.0,0.519946156673641,0.37419668178960197,0.26250270115202495,0.34677176322672726,wait:0.000000;e:-0.029873
58,50:24,50,no_addition,False,0.0,0.0,0.0,0.0,0.0,0.0,1.0,0.0,0.0,1.0,0.7172052962062997,0.23245709177559298,0.2661547469837424,0.44946089757694324,wait:0.000000;e:-0.260174
58,55:0,55,no_addition,False,0.0,0.0,0.0,0.0,0.0,0.0,0.0,2.0,0.0,0.0,0.4575149512346959,0.7464912946625124,0.27604848689772193,0.21149207820782978,wait:0.000000
58,57:18,57,no_addition,False,0.0,0.0,0.0,0.0,0.0,0.0,1.0,1.0,0.0,0.0,0.4892381622335288,0.472530862798351,0.3472400286318625,0.32934013747717866,wait:0.000000
58,58:0,58,no_addition,False,0.0,0.0,0.0,0.0,0.0,0.0,0.0,1.0,1.0,0.0,0.5101585836098503,0.5218224630636856,0.22916244037719172,0.25204918347217453,wait:0.000000
58,66:36,66,no_addition,False,0.0,0.0,0.0,0.0,0.0,0.0,0.0,0.0,1.0,0.0,0.4014976878349531,0.20892059648429345,0.35202499334846415,0.26907731313463046,wait:0.000000;e:-0.100981
58,77:42,77,no_addition,False,0.0,0.0,0.0,0.0,0.0,0.0,0.0,0.0,0.0,0.0,0.4916652746904324,0.6219717754372014,0.3366534083233555,0.2973670533494849,wait:0.000000
58,78:42,78,no_addition,False,0.0,0.0,0.0,0.0,0.0,0.0,0.0,0.0,1.0,1.0,0.3859142480178594,0.47524749568166086,0.4290343540047506,0.4241876368144228,wait:0.000000;d:-0.081586
58,79:24,79,no_addition,False,0.0,0.0,0.0,0.0,0.0,0.0,1.0,0.0,1.0,2.0,0.37403092297448554,0.22128528020174515,0.23897090931600617,0.2980342670728797,wait:0.000000
58,83:36,83,no_addition,False,0.0,0.0,0.0,0.0,0.0,0.0,0.0,0.0,1.0,0.0,0.537255571323101,0.3247875840090918,0.23823259958918622,0.3571275347972728,wait:0.000000;e:-0.084713
58,84:30,84,no_addition,False,0.0,0.0,0.0,0.0,0.0,0.0,2.0,0.0,0.0,0.0,0.8172354215365639,0.42302857952677253,0.23631765283767825,0.26391723968627046,wait:0.000000
58,87:18,87,no_addition,False,0.0,0.0,0.0,0.0,0.0,0.0,1.0,0.0,0.0,1.0,0.7384119973362143,0.21589545919012312,0.20279804993293035,0.35065675570046845,wait:0.000000;e:-0.176281
58,88:24,88,no_addition,False,0.0,0.0,0.0,0.0,0.0,0.0,0.0,1.0,0.0,2.0,0.22699656335892954,0.3886771281338611,0.39659420517047966,0.3730679206252907,wait:0.000000
58,93:24,93,no_addition,False,0.0,0.0,0.0,0.0,0.0,0.0,0.0,0.0,0.0,2.0,0.32374420301563095,0.2943694415471323,0.30315833026947697,0.4141443069013125,wait:0.000000;d:-0.011683;e:-0.149116;d+e:-0.258049
58,94:18,94,no_addition,False,0.0,0.0,0.0,0.0,0.0,0.0,1.0,2.0,3.0,0.0,0.25712764449241193,0.7460230763410343,0.21800924687211456,0.38576636836737893,wait:0.000000
58,95:6,95,no_addition,False,0.0,0.0,0.0,0.0,0.0,0.0,1.0,1.0,1.0,1.0,0.34122836748957913,0.3640280147713579,0.3797239704460827,0.26511376606491255,wait:0.000000;d:-0.092508
58,97:24,97,no_addition,False,0.0,0.0,0.0,0.0,0.0,0.0,1.0,1.0,2.0,0.0,0.325741090023824,0.7195603883300699,0.30224413357827734,0.19373823302790918,wait:0.000000
58,100:42,100,no_addition,False,0.0,0.0,0.0,0.0,0.0,0.0,0.0,0.0,2.0,1.0,0.40464526130422973,0.20321080325748414,0.36878883914846133,0.3520160664731562,wait:0.000000
58,107:18,107,no_addition,False,0.0,0.0,0.0,0.0,0.0,0.0,0.0,2.0,1.0,1.0,0.19106870068850026,0.4981379973865695,0.3467836357187902,0.3787669519245653,wait:0.000000;d:-0.174760
58,108:0,108,no_addition,False,0.0,0.0,0.0,0.0,0.0,0.0,0.0,0.0,1.0,1.0,0.2490103142311943,0.39101006957902695,0.4051152694937241,0.34700663599438875,wait:0.000000;d:-0.200925
58,112:42,112,no_addition,False,0.0,0.0,0.0,0.0,0.0,0.0,2.0,1.0,1.0,0.0,0.44444075571611186,0.4997867587469058,0.22254415227644214,0.20283773666009824,wait:0.000000
58,117:12,117,no_addition,False,0.0,0.0,0.0,0.0,0.0,0.0,0.0,1.0,1.0,0.0,0.5407986163209517,0.6823781252093812,0.22248103607028888,0.2401405260341156,wait:0.000000
58,120:42,120,no_addition,False,0.0,0.0,0.0,0.0,0.0,0.0,0.0,0.0,0.0,0.0,0.759163703067264,0.3754962022302436,0.203130339038933,0.3923393420191187,wait:0.000000
58,124:36,124,no_addition,False,0.0,0.0,0.0,0.0,0.0,0.0,2.0,0.0,0.0,2.0,0.8285958196150036,0.43426804941221375,0.28748670474943666,0.4403262542165151,wait:0.000000;e:-0.069344
58,125:0,125,no_addition,False,0.0,0.0,0.0,0.0,0.0,0.0,0.0,0.0,0.0,0.0,0.33640190342749543,0.49820659672540646,0.3253573236434573,0.3975528526902157,wait:0.000000
58,126:42,126,no_addition,False,0.0,0.0,0.0,0.0,0.0,0.0,0.0,0.0,0.0,0.0,0.37921000468567934,0.7750319384665738,0.1817981979992302,0.4042363712280874,wait:0.000000
58,131:12,131,no_addition,False,0.0,0.0,0.0,0.0,0.0,0.0,0.0,0.0,1.0,0.0,0.2494521618294632,0.5871447970231283,0.37985692616415667,0.3889506118451608,wait:0.000000;d:-0.175269
58,143:42,143,d,False,0.0,0.0,0.0,0.0,0.0,0.0,0.0,0.0,0.0,1.0,0.5226958892167235,0.1738684219350308,0.4442587311751047,0.18511963509914986,wait:0.000000;d:0.006337
58,149:30,149,no_addition,False,0.0,0.0,0.0,0.0,0.0,0.0,0.0,1.0,0.0,0.0,0.2713909454604943,0.7579030155864587,0.19879566477615832,0.2377602708974282,wait:0.000000
58,153:6,153,no_addition,False,0.0,0.0,0.0,0.0,0.0,0.0,0.0,0.0,0.0,0.0,0.49527004045165035,0.7227862591583962,0.25663317833606647,0.3716738497836488,wait:0.000000
58,159:0,159,no_addition,False,0.0,0.0,0.0,0.0,0.0,0.0,1.0,1.0,0.0,0.0,0.8474312548271206,0.8281561931670856,0.3379496723410936,0.4064367469037631,wait:0.000000
58,164:30,164,no_addition,False,0.0,0.0,0.0,0.0,0.0,0.0,0.0,0.0,0.0,0.0,0.4114362483026438,0.2333050558785399,0.2900040903492713,0.4084117408635823,wait:0.000000;e:-0.218361
58,168:0,168,no_addition,False,0.0,0.0,0.0,0.0,0.0,0.0,1.0,0.0,1.0,0.0,0.3755780482129814,0.714687257737433,0.2124602298368124,0.3434550845162469,wait:0.000000
58,169:42,169,no_addition,False,0.0,0.0,0.0,0.0,0.0,0.0,1.0,0.0,0.0,1.0,0.6836903586191382,0.22156223503141398,0.32831279278468456,0.35255123439538055,wait:0.000000;e:-0.173073
58,170:0,170,no_addition,False,0.0,0.0,0.0,0.0,0.0,0.0,0.0,0.0,0.0,0.0,0.5086100046936499,0.4051155287561089,0.3137915355224336,0.3714260410134784,wait:0.000000
58,176:6,176,no_addition,False,0.0,0.0,0.0,0.0,0.0,0.0,1.0,0.0,0.0,0.0,0.649507682724739,0.7367207112421665,0.29667236080361553,0.19039524472284738,wait:0.000000
58,178:0,178,no_addition,False,0.0,0.0,0.0,0.0,0.0,0.0,0.0,0.0,1.0,2.0,0.17326396658445267,0.36772084841034036,0.30242028894009604,0.26244031453647154,wait:0.000000
58,181:12,181,no_addition,False,0.0,0.0,0.0,0.0,0.0,0.0,0.0,0.0,0.0,0.0,0.7946355321921084,0.42162272232813014,0.39624013053372786,0.3667363039972709,wait:0.000000
58,184:12,184,no_addition,False,0.0,0.0,0.0,0.0,0.0,0.0,1.0,0.0,0.0,0.0,0.5441898131361663,0.2994402084407679,0.3329551098625529,0.29829461350477027,wait:0.000000
58,187:6,187,no_addition,False,0.0,0.0,0.0,0.0,0.0,0.0,0.0,1.0,0.0,0.0,0.3211819069178439,0.6888209501139968,0.362124988748831,0.3298573274808079,wait:0.000000
58,197:24,197,no_addition,False,0.0,0.0,0.0,0.0,0.0,0.0,0.0,0.0,0.0,0.0,0.4379469976543129,0.56166766570625,0.19688231088167402,0.34557495756149265,wait:0.000000
58,199:6,199,no_addition,False,0.0,0.0,0.0,0.0,0.0,0.0,0.0,0.0,0.0,0.0,0.4127684488429389,0.7572765500424592,0.33328785511729253,0.39501652679189125,wait:0.000000
58,201:0,201,no_addition,False,0.0,0.0,0.0,0.0,0.0,0.0,0.0,1.0,0.0,0.0,0.2468416151391679,0.5654302902035843,0.20072772104470216,0.20987555220806772,wait:0.000000
58,202:24,202,no_addition,False,0.0,0.0,0.0,0.0,0.0,0.0,0.0,0.0,0.0,0.0,0.7207754921652623,0.21672926048736668,0.28961011207828935,0.25946474351074944,wait:0.000000;e:-0.084338
58,203:18,203,no_addition,False,0.0,0.0,0.0,0.0,0.0,0.0,0.0,0.0,0.0,0.0,0.6998933756450564,0.5135264455480919,0.411197420235476,0.35280032812438555,wait:0.000000
58,205:36,205,no_addition,False,0.0,0.0,0.0,0.0,0.0,0.0,0.0,0.0,1.0,0.0,0.3029972965935572,0.6719609006522241,0.37383117714299735,0.2985107416432016,wait:0.000000;d:-0.121035
58,207:0,207,no_addition,False,0.0,0.0,0.0,0.0,0.0,0.0,0.0,1.0,0.0,1.0,0.6384098086343788,0.4597172691161181,0.22389468572080504,0.4123575006396421,wait:0.000000
58,208:18,208,no_addition,False,0.0,0.0,0.0,0.0,0.0,0.0,1.0,0.0,0.0,0.0,0.5181053835434617,0.6719454342725899,0.3859596365912661,0.34099353141222527,wait:0.000000
58,210:30,210,no_addition,False,0.0,0.0,0.0,0.0,0.0,0.0,1.0,0.0,0.0,0.0,0.44475952672854147,0.7220389447621924,0.2334915451941302,0.4483397378262869,wait:0.000000
58,214:6,214,no_addition,False,0.0,0.0,0.0,0.0,0.0,0.0,0.0,0.0,0.0,0.0,0.6973777556884364,0.6322656244963211,0.443590841096819,0.2925123474407271,wait:0.000000
58,215:24,215,no_addition,False,0.0,0.0,0.0,0.0,0.0,0.0,0.0,0.0,1.0,0.0,0.2210420859453333,0.37994453684031615,0.4330328298258135,0.2810765607108209,wait:0.000000
58,216:30,216,no_addition,False,0.0,0.0,0.0,0.0,0.0,0.0,0.0,0.0,0.0,0.0,0.3175768374614446,0.37755529813170224,0.3716142051303562,0.3663120173657725,wait:0.000000;e:-0.046390
58,218:0,218,no_addition,False,0.0,0.0,0.0,0.0,0.0,0.0,0.0,0.0,0.0,0.0,0.5478474919216988,0.6953990924246174,0.22402292046599662,0.387614879129818,wait:0.000000
58,219:30,219,no_addition,False,0.0,0.0,0.0,0.0,0.0,0.0,0.0,0.0,0.0,0.0,0.3752902680647157,0.2554602095816274,0.2189030648837487,0.1653723697381658,wait:0.000000
58,221:12,221,no_addition,False,0.0,0.0,0.0,0.0,0.0,0.0,1.0,1.0,1.0,0.0,0.5854773497786949,0.5535501633248529,0.309422400651154,0.2701802264111867,wait:0.000000
58,223:36,223,no_addition,False,0.0,0.0,0.0,0.0,0.0,0.0,0.0,0.0,1.0,0.0,0.27408932591805646,0.6520878371705706,0.3980764321907358,0.23046662342288557,wait:0.000000;d:-0.171307
58,224:36,224,no_addition,False,0.0,0.0,0.0,0.0,0.0,0.0,0.0,1.0,1.0,0.0,0.16063202143012123,0.6897922588418408,0.22111542484713326,0.2346933860024937,wait:0.000000;d:-0.096494
58,227:0,227,no_addition,False,0.0,0.0,0.0,0.0,0.0,0.0,0.0,1.0,0.0,1.0,0.3036138572423417,0.4845218972636839,0.28280812642659486,0.19354397946438265,wait:0.000000;d:-0.009457
58,233:36,233,no_addition,False,0.0,0.0,0.0,0.0,0.0,0.0,0.0,0.0,0.0,0.0,0.2883489652810065,0.5659356804353154,0.3661647897859952,0.15654664075523303,wait:0.000000;d:-0.126557
58,235:42,235,no_addition,False,0.0,0.0,0.0,0.0,0.0,0.0,1.0,0.0,1.0,0.0,0.6640474842929618,0.34421760689047476,0.38555152318005487,0.4069681172668978,wait:0.000000;e:-0.117061
58,237:42,237,no_addition,False,0.0,0.0,0.0,0.0,0.0,0.0,0.0,1.0,0.0,0.0,0.382901564545861,0.7323459312222742,0.3982392250083961,0.3660945120808948,wait:0.000000;d:-0.073504
58,238:42,238,no_addition,False,0.0,0.0,0.0,0.0,0.0,0.0,1.0,0.0,0.0,0.0,0.6090416165905302,0.8200127207815411,0.42039594827363097,0.35010745305190616,wait:0.000000
59,5:6,5,no_addition,False,0.02857142857142857,0.0,0.02857142857142857,0.0,0.02857142857142857,0.0,2.0,2.0,1.0,2.0,0.5401251430512607,0.5254663686216438,0.1852133071321838,0.4363383782700089,wait:0.000000
59,16:30,16,no_addition,False,0.05,0.0,0.05,0.0,0.05,0.0,2.0,1.0,1.0,3.0,0.61272762961494,0.28378211468137193,0.2701688498258022,0.3551717717820044,wait:0.000000
59,17:30,17,no_addition,False,0.0,0.0,0.0,0.0,0.0,0.0,3.0,2.0,2.0,0.0,0.6731700435700867,0.7310587409164123,0.3932089785910932,0.19506039435618563,wait:0.000000
59,18:30,18,no_addition,False,0.0,0.0,0.0,0.0,0.0,0.0,0.0,0.0,0.0,0.0,0.789595219406467,0.31610341505934425,0.32218590380534096,0.32129346926806296,wait:0.000000;e:-0.056698
59,20:42,20,no_addition,False,0.05555555555555555,0.0,0.05555555555555555,0.0,0.05555555555555555,0.0,2.0,0.0,1.0,1.0,0.5057525692583965,0.42954448827887826,0.41382665430445026,0.4272570148610409,wait:0.471561
59,22:12,22,no_addition,False,0.041666666666666664,0.0,0.041666666666666664,0.0,0.041666666666666664,0.0,1.0,3.0,0.0,1.0,0.48020742526873994,0.7513203309393585,0.1853591411064211,0.31450094045556126,wait:0.000000
59,23:24,23,no_addition,False,0.0,0.0,0.0,0.0,0.0,0.0,1.0,0.0,1.0,1.0,0.6042608504620028,0.3303784738750793,0.3297613636665448,0.35952554001985937,wait:0.000000
59,27:36,27,no_addition,False,0.0,0.0,0.0,0.0,0.0,0.0,1.0,2.0,2.0,1.0,0.3842821820042749,0.6929381709962135,0.2987843698533837,0.19427169431111702,wait:0.000000
59,28:24,28,no_addition,False,0.0,0.0,0.0,0.0,0.0,0.0,1.0,0.0,1.0,1.0,0.3680049285637008,0.21329360253934568,0.2206044920108324,0.3311898819821935,wait:0.000000;e:-0.159156
59,34:6,34,no_addition,False,0.0,0.0,0.0,0.0,0.0,0.0,0.0,3.0,2.0,0.0,0.18152023884066879,0.7102232201260896,0.41646186055116163,0.2610662765689028,wait:0.000000
59,36:0,36,no_addition,False,0.0,0.0,0.0,0.0,0.0,0.0,2.0,3.0,1.0,0.0,0.6313536095498903,0.6610174480287444,0.40868282925775223,0.41900053739797377,wait:0.000000
59,40:6,40,no_addition,False,0.0,0.0,0.0,0.0,0.0,0.0,0.0,1.0,0.0,1.0,0.42705592860894204,0.4891911840543369,0.40979428068998186,0.24866690722000864,wait:0.000000;d:-0.045305
59,42:0,42,no_addition,False,0.0,0.0,0.0,0.0,0.0,0.0,0.0,2.0,0.0,0.0,0.5815746493370327,0.5393634599250082,0.3370247532265757,0.2534510171764107,wait:0.000000
59,47:36,47,no_addition,False,0.0,0.0,0.0,0.0,0.0,0.0,0.0,0.0,0.0,0.0,0.519946156673641,0.37419668178960197,0.26250270115202495,0.34677176322672726,wait:0.000000;e:-0.029873
59,50:24,50,no_addition,False,0.07142857142857142,0.0,0.07142857142857142,0.0,0.07142857142857142,0.0,1.0,0.0,0.0,1.0,0.7172052962062997,0.23245709177559298,0.2623525363125461,0.44946089757694324,wait:0.000000;e:-0.260174
59,55:0,55,no_addition,False,0.0,0.0,0.0,0.0,0.0,0.0,0.0,2.0,0.0,0.0,0.4575149512346959,0.7464912946625124,0.27604848689772193,0.21149207820782978,wait:0.000000
59,57:18,57,no_addition,False,0.0,0.0,0.0,0.0,0.0,0.0,1.0,1.0,0.0,0.0,0.4892381622335288,0.472530862798351,0.3472400286318625,0.32934013747717866,wait:0.000000
59,58:0,58,no_addition,False,0.0,0.0,0.0,0.0,0.0,0.0,0.0,1.0,1.0,0.0,0.5101585836098503,0.5218224630636856,0.22916244037719172,0.25204918347217453,wait:0.000000
59,66:36,66,no_addition,False,0.0,0.0,0.0,0.0,0.0,0.0,0.0,0.0,1.0,0.0,0.4014976878349531,0.20892059648429345,0.35202499334846415,0.26907731313463046,wait:0.000000;e:-0.100981
59,77:42,77,no_addition,False,0.0,0.0,0.0,0.0,0.0,0.0,0.0,0.0,0.0,0.0,0.4916652746904324,0.6219717754372014,0.3366534083233555,0.2973670533494849,wait:0.000000
59,78:42,78,no_addition,False,0.1111111111111111,0.0,0.1111111111111111,0.0,0.1111111111111111,0.0,0.0,0.0,1.0,1.0,0.3859142480178594,0.47524749568166086,0.41950025724908946,0.4241876368144228,wait:0.000000;d:-0.072052
59,79:24,79,no_addition,False,0.0,0.0,0.0,0.0,0.0,0.0,1.0,0.0,1.0,1.0,0.37403092297448554,0.2581661602353693,0.23897090931600617,0.2980342670728797,wait:0.000000
59,83:36,83,no_addition,False,0.0,0.0,0.0,0.0,0.0,0.0,0.0,0.0,1.0,0.0,0.537255571323101,0.3247875840090918,0.23823259958918622,0.3571275347972728,wait:0.000000;e:-0.084713
59,84:30,84,no_addition,False,0.0,0.0,0.0,0.0,0.0,0.0,2.0,0.0,0.0,0.0,0.8172354215365639,0.42302857952677253,0.23631765283767825,0.26391723968627046,wait:0.000000
59,87:18,87,no_addition,False,0.0,0.0,0.0,0.0,0.0,0.0,1.0,0.0,0.0,1.0,0.7384119973362143,0.21589545919012312,0.20279804993293035,0.35065675570046845,wait:0.000000;e:-0.176281
59,88:24,88,no_addition,False,0.0,0.0,0.0,0.0,0.0,0.0,0.0,1.0,0.0,1.0,0.22699656335892954,0.46037504887330305,0.39659420517047966,0.3730679206252907,wait:0.000000
59,93:24,93,no_addition,False,0.09090909090909091,0.0,0.09090909090909091,0.0,0.09090909090909091,0.0,0.0,0.0,0.0,2.0,0.32374420301563095,0.2943694415471323,0.29764636062821376,0.4141443069013125,wait:0.000000;d:-0.006172;e:-0.149116;d+e:-0.252537
59,94:18,94,no_addition,False,0.0,0.0,0.0,0.0,0.0,0.0,1.0,2.0,3.0,0.0,0.25712764449241193,0.7460230763410343,0.21800924687211456,0.38576636836737893,wait:0.000000
59,95:6,95,no_addition,False,0.0,0.0,0.0,0.0,0.0,0.0,1.0,1.0,1.0,0.0,0.34122836748957913,0.49136601723325085,0.3797239704460827,0.26511376606491255,wait:0.000000;d:-0.092508
59,97:24,97,no_addition,False,0.0,0.0,0.0,0.0,0.0,0.0,1.0,1.0,2.0,0.0,0.325741090023824,0.7195603883300699,0.30224413357827734,0.19373823302790918,wait:0.000000
59,100:42,100,no_addition,False,0.09090909090909091,0.0,0.09090909090909091,0.0,0.09090909090909091,0.0,0.0,0.0,2.0,1.0,0.40464526130422973,0.20321080325748414,0.36208358752758024,0.3520160664731562,wait:0.000000
59,107:18,107,no_addition,False,0.0,0.0,0.0,0.0,0.0,0.0,0.0,2.0,1.0,1.0,0.19106870068850026,0.4981379973865695,0.3467836357187902,0.3787669519245653,wait:0.000000;d:-0.174760
59,108:0,108,no_addition,False,0.0,0.0,0.0,0.0,0.0,0.0,0.0,0.0,1.0,1.0,0.2490103142311943,0.39101006957902695,0.4051152694937241,0.34700663599438875,wait:0.000000;d:-0.200925
59,112:42,112,no_addition,False,0.0,0.0,0.0,0.0,0.0,0.0,2.0,1.0,1.0,0.0,0.44444075571611186,0.4997867587469058,0.22254415227644214,0.20283773666009824,wait:0.000000
59,117:12,117,no_addition,False,0.0,0.0,0.0,0.0,0.0,0.0,0.0,1.0,1.0,0.0,0.5407986163209517,0.6823781252093812,0.22248103607028888,0.2401405260341156,wait:0.000000
59,120:42,120,no_addition,False,0.0,0.0,0.0,0.0,0.0,0.0,0.0,0.0,0.0,0.0,0.759163703067264,0.3754962022302436,0.203130339038933,0.3923393420191187,wait:0.000000
59,124:36,124,no_addition,False,0.16666666666666666,0.0,0.16666666666666666,0.0,0.16666666666666666,0.0,2.0,0.0,0.0,2.0,0.8285958196150036,0.43426804941221375,0.2779038145911221,0.4403262542165151,wait:0.000000;e:-0.069344
59,125:0,125,no_addition,False,0.0,0.0,0.0,0.0,0.0,0.0,0.0,0.0,0.0,0.0,0.33640190342749543,0.49820659672540646,0.3253573236434573,0.3975528526902157,wait:0.000000
59,126:42,126,no_addition,False,0.0,0.0,0.0,0.0,0.0,0.0,0.0,0.0,0.0,0.0,0.37921000468567934,0.7750319384665738,0.1817981979992302,0.4042363712280874,wait:0.000000
59,131:12,131,no_addition,False,0.0,0.0,0.0,0.0,0.0,0.0,0.0,0.0,1.0,0.0,0.2494521618294632,0.5871447970231283,0.37985692616415667,0.3889506118451608,wait:0.000000;d:-0.175269
59,143:42,143,no_addition,False,0.1111111111111111,0.0,0.1111111111111111,0.0,0.1111111111111111,0.0,0.0,0.0,0.0,1.0,0.5226958892167235,0.1738684219350308,0.43438631492676905,0.18511963509914986,wait:0.487358
59,149:30,149,no_addition,False,0.0,0.0,0.0,0.0,0.0,0.0,0.0,1.0,0.0,0.0,0.2713909454604943,0.7579030155864587,0.19879566477615832,0.2377602708974282,wait:0.000000
59,153:6,153,no_addition,False,0.0,0.0,0.0,0.0,0.0,0.0,0.0,0.0,0.0,0.0,0.49527004045165035,0.7227862591583962,0.25663317833606647,0.3716738497836488,wait:0.000000
59,159:0,159,no_addition,False,0.0,0.0,0.0,0.0,0.0,0.0,1.0,1.0,0.0,0.0,0.8474312548271206,0.8281561931670856,0.3379496723410936,0.4064367469037631,wait:0.000000
59,164:30,164,no_addition,False,0.0,0.0,0.0,0.0,0.0,0.0,0.0,0.0,0.0,0.0,0.4114362483026438,0.2333050558785399,0.2900040903492713,0.4084117408635823,wait:0.000000;e:-0.218361
59,168:0,168,no_addition,False,0.0,0.0,0.0,0.0,0.0,0.0,1.0,0.0,1.0,0.0,0.3755780482129814,0.714687257737433,0.2124602298368124,0.3434550845162469,wait:0.000000
59,169:42,169,no_addition,False,0.0,0.0,0.0,0.0,0.0,0.0,1.0,0.0,0.0,1.0,0.6836903586191382,0.22156223503141398,0.32831279278468456,0.35255123439538055,wait:0.000000;e:-0.173073
59,170:0,170,no_addition,False,0.0,0.0,0.0,0.0,0.0,0.0,0.0,0.0,0.0,0.0,0.5086100046936499,0.4051155287561089,0.3137915355224336,0.3714260410134784,wait:0.000000
59,176:6,176,no_addition,False,0.0,0.0,0.0,0.0,0.0,0.0,1.0,0.0,0.0,0.0,0.649507682724739,0.7367207112421665,0.29667236080361553,0.19039524472284738,wait:0.000000
59,178:0,178,no_addition,False,0.0,0.0,0.0,0.0,0.0,0.0,0.0,0.0,1.0,2.0,0.17326396658445267,0.36772084841034036,0.30242028894009604,0.26244031453647154,wait:0.000000
59,181:12,181,no_addition,False,0.0,0.0,0.0,0.0,0.0,0.0,0.0,0.0,0.0,0.0,0.7946355321921084,0.42162272232813014,0.39624013053372786,0.3667363039972709,wait:0.000000
59,184:12,184,no_addition,False,0.0,0.0,0.0,0.0,0.0,0.0,1.0,0.0,0.0,0.0,0.5441898131361663,0.2994402084407679,0.3329551098625529,0.29829461350477027,wait:0.000000
59,187:6,187,no_addition,False,0.0,0.0,0.0,0.0,0.0,0.0,0.0,1.0,0.0,0.0,0.3211819069178439,0.6888209501139968,0.362124988748831,0.3298573274808079,wait:0.000000
59,197:24,197,no_addition,False,0.0,0.0,0.0,0.0,0.0,0.0,0.0,0.0,0.0,0.0,0.4379469976543129,0.56166766570625,0.19688231088167402,0.34557495756149265,wait:0.000000
59,199:6,199,no_addition,False,0.0,0.0,0.0,0.0,0.0,0.0,0.0,0.0,0.0,0.0,0.4127684488429389,0.7572765500424592,0.33328785511729253,0.39501652679189125,wait:0.000000
59,201:0,201,no_addition,False,0.0,0.0,0.0,0.0,0.0,0.0,0.0,1.0,0.0,0.0,0.2468416151391679,0.5654302902035843,0.20072772104470216,0.20987555220806772,wait:0.000000
59,202:24,202,no_addition,False,0.0,0.0,0.0,0.0,0.0,0.0,0.0,0.0,0.0,0.0,0.7207754921652623,0.21672926048736668,0.28961011207828935,0.25946474351074944,wait:0.000000;e:-0.084338
59,203:18,203,no_addition,False,0.0,0.0,0.0,0.0,0.0,0.0,0.0,0.0,0.0,0.0,0.6998933756450564,0.5135264455480919,0.411197420235476,0.35280032812438555,wait:0.000000
59,205:36,205,no_addition,False,0.0,0.0,0.0,0.0,0.0,0.0,0.0,0.0,1.0,0.0,0.3029972965935572,0.6719609006522241,0.37383117714299735,0.2985107416432016,wait:0.000000;d:-0.121035
59,207:0,207,no_addition,False,0.0,0.0,0.0,0.0,0.0,0.0,0.0,1.0,0.0,1.0,0.6384098086343788,0.4597172691161181,0.22389468572080504,0.4123575006396421,wait:0.000000
59,208:18,208,no_addition,False,0.0,0.0,0.0,0.0,0.0,0.0,1.0,0.0,0.0,0.0,0.5181053835434617,0.6719454342725899,0.3859596365912661,0.34099353141222527,wait:0.000000
59,210:30,210,no_addition,False,0.0,0.0,0.0,0.0,0.0,0.0,1.0,0.0,0.0,0.0,0.44475952672854147,0.7220389447621924,0.2334915451941302,0.4483397378262869,wait:0.000000
59,214:6,214,no_addition,False,0.0,0.0,0.0,0.0,0.0,0.0,0.0,0.0,0.0,0.0,0.6973777556884364,0.6322656244963211,0.443590841096819,0.2925123474407271,wait:0.000000
59,215:24,215,no_addition,False,0.0,0.0,0.0,0.0,0.0,0.0,0.0,0.0,1.0,0.0,0.2210420859453333,0.37994453684031615,0.4330328298258135,0.2810765607108209,wait:0.000000
59,216:30,216,no_addition,False,0.0,0.0,0.0,0.0,0.0,0.0,0.0,0.0,0.0,0.0,0.3175768374614446,0.37755529813170224,0.3716142051303562,0.3663120173657725,wait:0.000000;e:-0.046390
59,218:0,218,no_addition,False,0.0,0.0,0.0,0.0,0.0,0.0,0.0,0.0,0.0,0.0,0.5478474919216988,0.6953990924246174,0.22402292046599662,0.387614879129818,wait:0.000000
59,219:30,219,no_addition,False,0.0,0.0,0.0,0.0,0.0,0.0,0.0,0.0,0.0,0.0,0.3752902680647157,0.2554602095816274,0.2189030648837487,0.1653723697381658,wait:0.000000
59,221:12,221,no_addition,False,0.0,0.0,0.0,0.0,0.0,0.0,1.0,1.0,1.0,0.0,0.5854773497786949,0.5535501633248529,0.309422400651154,0.2701802264111867,wait:0.000000
59,223:36,223,no_addition,False,0.0,0.0,0.0,0.0,0.0,0.0,0.0,0.0,1.0,0.0,0.27408932591805646,0.6520878371705706,0.3980764321907358,0.23046662342288557,wait:0.000000;d:-0.171307
59,224:36,224,no_addition,False,0.0,0.0,0.0,0.0,0.0,0.0,0.0,1.0,1.0,0.0,0.16063202143012123,0.6897922588418408,0.22111542484713326,0.2346933860024937,wait:0.000000;d:-0.096494
59,227:0,227,no_addition,False,0.16666666666666666,0.0,0.16666666666666666,0.0,0.16666666666666666,0.0,0.0,1.0,0.0,1.0,0.3036138572423417,0.4845218972636839,0.2733811888790417,0.19354397946438265,wait:0.000000;d:-0.000030
59,233:36,233,no_addition,False,0.0,0.0,0.0,0.0,0.0,0.0,0.0,0.0,0.0,0.0,0.2883489652810065,0.5659356804353154,0.3661647897859952,0.15654664075523303,wait:0.000000;d:-0.126557
59,235:42,235,no_addition,False,0.0,0.0,0.0,0.0,0.0,0.0,1.0,0.0,1.0,0.0,0.6640474842929618,0.34421760689047476,0.38555152318005487,0.4069681172668978,wait:0.000000;e:-0.117061
59,237:42,237,no_addition,False,0.0,0.0,0.0,0.0,0.0,0.0,0.0,1.0,0.0,0.0,0.382901564545861,0.7323459312222742,0.3982392250083961,0.3660945120808948,wait:0.000000;d:-0.073504
59,238:42,238,no_addition,False,0.0,0.0,0.0,0.0,0.0,0.0,1.0,0.0,0.0,0.0,0.6090416165905302,0.8200127207815411,0.42039594827363097,0.35010745305190616,wait:0.000000
60,5:6,5,no_addition,False,0.02857142857142857,0.0,0.02857142857142857,0.0,0.02857142857142857,0.0,2.0,2.0,1.0,1.0,0.5401251430512607,0.6019355821959693,0.1852133071321838,0.4363383782700089,wait:0.000000
60,16:30,16,no_addition,False,0.05,0.0,0.05,0.0,0.05,0.0,2.0,1.0,1.0,2.0,0.61272762961494,0.3232310828360664,0.2701688498258022,0.3551717717820044,wait:0.000000
60,17:30,17,no_addition,False,0.0,0.0,0.0,0.0,0.0,0.0,3.0,2.0,0.0,0.0,0.8604870479270954,0.7310587409164123,0.3932089785910932,0.19506039435618563,wait:0.000000
60,18:30,18,no_addition,False,0.0,0.0,0.0,0.0,0.0,0.0,0.0,0.0,0.0,0.0,0.789595219406467,0.31610341505934425,0.32218590380534096,0.32129346926806296,wait:0.000000;e:-0.056698
60,20:42,20,no_addition,False,0.05555555555555555,0.0,0.05555555555555555,0.0,0.05555555555555555,0.0,2.0,0.0,1.0,1.0,0.5057525692583965,0.42954448827887826,0.41382665430445026,0.4272570148610409,wait:0.488357
60,22:12,22,no_addition,False,0.041666666666666664,0.0,0.041666666666666664,0.0,0.041666666666666664,0.0,1.0,3.0,0.0,1.0,0.48020742526873994,0.7513203309393585,0.1853591411064211,0.31450094045556126,wait:0.000000
60,23:24,23,no_addition,False,0.0,0.0,0.0,0.0,0.0,0.0,1.0,0.0,1.0,1.0,0.6042608504620028,0.3303784738750793,0.3297613636665448,0.35952554001985937,wait:0.000000
60,27:36,27,no_addition,False,0.0,0.0,0.0,0.0,0.0,0.0,1.0,2.0,2.0,0.0,0.3842821820042749,0.8286598229049602,0.2987843698533837,0.19427169431111702,wait:0.000000
60,28:24,28,no_addition,False,0.0,0.0,0.0,0.0,0.0,0.0,1.0,0.0,1.0,0.0,0.3680049285637008,0.30470514648477953,0.2206044920108324,0.3311898819821935,wait:0.000000;e:-0.076856
60,34:6,34,no_addition,False,0.0,0.0,0.0,0.0,0.0,0.0,0.0,3.0,2.0,0.0,0.18152023884066879,0.7102232201260896,0.41646186055116163,0.2610662765689028,wait:0.000000
60,36:0,36,no_addition,False,0.0,0.0,0.0,0.0,0.0,0.0,2.0,3.0,0.0,0.0,0.7614766649635166,0.6610174480287444,0.40868282925775223,0.41900053739797377,wait:0.000000
60,40:6,40,no_addition,False,0.0,0.0,0.0,0.0,0.0,0.0,0.0,1.0,0.0,1.0,0.42705592860894204,0.4891911840543369,0.40979428068998186,0.24866690722000864,wait:0.000000;d:-0.045305
60,42:0,42,no_addition,False,0.0,0.0,0.0,0.0,0.0,0.0,0.0,2.0,0.0,0.0,0.5815746493370327,0.5393634599250082,0.3370247532265757,0.2534510171764107,wait:0.000000
60,47:36,47,no_addition,False,0.0,0.0,0.0,0.0,0.0,0.0,0.0,0.0,0.0,0.0,0.519946156673641,0.37419668178960197,0.26250270115202495,0.34677176322672726,wait:0.000000;e:-0.029873
60,50:24,50,no_addition,False,0.07142857142857142,0.0,0.07142857142857142,0.0,0.07142857142857142,0.0,1.0,0.0,0.0,1.0,0.7172052962062997,0.23245709177559298,0.2623525363125461,0.44946089757694324,wait:0.000000;e:-0.260174
60,55:0,55,no_addition,False,0.0,0.0,0.0,0.0,0.0,0.0,0.0,2.0,0.0,0.0,0.4575149512346959,0.7464912946625124,0.27604848689772193,0.21149207820782978,wait:0.000000
60,57:18,57,no_addition,False,0.0,0.0,0.0,0.0,0.0,0.0,1.0,1.0,0.0,0.0,0.4892381622335288,0.472530862798351,0.3472400286318625,0.32934013747717866,wait:0.000000
60,58:0,58,no_addition,False,0.0,0.0,0.0,0.0,0.0,0.0,0.0,1.0,0.0,0.0,0.7287979765855004,0.5218224630636856,0.22916244037719172,0.25204918347217453,wait:0.000000
60,66:36,66,no_addition,False,0.0,0.0,0.0,0.0,0.0,0.0,0.0,0.0,1.0,0.0,0.4014976878349531,0.20892059648429345,0.35202499334846415,0.26907731313463046,wait:0.000000;e:-0.100981
60,77:42,77,no_addition,False,0.0,0.0,0.0,0.0,0.0,0.0,0.0,0.0,0.0,0.0,0.4916652746904324,0.6219717754372014,0.3366534083233555,0.2973670533494849,wait:0.000000
60,78:42,78,d,False,0.1111111111111111,0.0,0.1111111111111111,0.0,0.1111111111111111,0.0,0.0,0.0,0.0,1.0,0.551306068596942,0.47524749568166086,0.41950025724908946,0.4241876368144228,wait:0.000000;d:0.076854
60,79:24,79,no_addition,False,0.0,0.0,0.0,0.0,0.0,0.0,1.0,0.0,1.0,1.0,0.37403092297448554,0.2581661602353693,0.23897090931600617,0.2980342670728797,wait:0.000000
60,83:36,83,no_addition,False,0.0,0.0,0.0,0.0,0.0,0.0,0.0,0.0,1.0,0.0,0.537255571323101,0.3247875840090918,0.23823259958918622,0.3571275347972728,wait:0.000000;e:-0.084713
60,84:30,84,no_addition,False,0.0,0.0,0.0,0.0,0.0,0.0,2.0,0.0,0.0,0.0,0.8172354215365639,0.42302857952677253,0.23631765283767825,0.26391723968627046,wait:0.000000
60,87:18,87,no_addition,False,0.0,0.0,0.0,0.0,0.0,0.0,1.0,0.0,0.0,1.0,0.7384119973362143,0.21589545919012312,0.20279804993293035,0.35065675570046845,wait:0.000000;e:-0.176281
60,88:24,88,no_addition,False,0.0,0.0,0.0,0.0,0.0,0.0,0.0,1.0,0.0,1.0,0.22699656335892954,0.46037504887330305,0.39659420517047966,0.3730679206252907,wait:0.000000
60,93:24,93,no_addition,False,0.09090909090909091,0.0,0.09090909090909091,0.0,0.09090909090909091,0.0,0.0,0.0,0.0,2.0,0.32374420301563095,0.2943694415471323,0.29764636062821376,0.4141443069013125,wait:0.000000;d:-0.006172;e:-0.149116;d+e:-0.252537
60,94:18,94,no_addition,False,0.0,0.0,0.0,0.0,0.0,0.0,1.0,2.0,2.0,0.0,0.29503885475158953,0.7460230763410343,0.21800924687211456,0.38576636836737893,wait:0.000000
60,95:6,95,no_addition,False,0.0,0.0,0.0,0.0,0.0,0.0,1.0,1.0,1.0,0.0,0.34122836748957913,0.49136601723325085,0.3797239704460827,0.26511376606491255,wait:0.000000;d:-0.092508
60,97:24,97,no_addition,False,0.0,0.0,0.0,0.0,0.0,0.0,1.0,1.0,2.0,0.0,0.325741090023824,0.7195603883300699,0.30224413357827734,0.19373823302790918,wait:0.000000
60,100:42,100,no_addition,False,0.09090909090909091,0.0,0.09090909090909091,0.0,0.09090909090909091,0.0,0.0,0.0,1.0,1.0,0.47208613818826795,0.20321080325748414,0.36208358752758024,0.3520160664731562,wait:0.000000
60,107:18,107,no_addition,False,0.0,0.0,0.0,0.0,0.0,0.0,0.0,2.0,1.0,1.0,0.19106870068850026,0.4981379973865695,0.3467836357187902,0.3787669519245653,wait:0.000000;d:-0.174760
60,108:0,108,no_addition,False,0.0,0.0,0.0,0.0,0.0,0.0,0.0,0.0,0.0,1.0,0.35572902033027753,0.39101006957902695,0.4051152694937241,0.34700663599438875,wait:0.000000;d:-0.104844
60,112:42,112,no_addition,False,0.0,0.0,0.0,0.0,0.0,0.0,1.0,1.0,1.0,0.0,0.35757173350848565,0.4997867587469058,0.22254415227644214,0.20283773666009824,wait:0.000000
60,117:12,117,no_addition,False,0.0,0.0,0.0,0.0,0.0,0.0,0.0,1.0,1.0,0.0,0.5407986163209517,0.6823781252093812,0.22248103607028888,0.2401405260341156,wait:0.000000
60,120:42,120,no_addition,False,0.0,0.0,0.0,0.0,0.0,0.0,0.0,0.0,0.0,0.0,0.759163703067264,0.3754962022302436,0.203130339038933,0.3923393420191187,wait:0.000000
60,124:36,124,no_addition,False,0.16666666666666666,0.0,0.16666666666666666,0.0,0.16666666666666666,0.0,2.0,0.0,0.0,2.0,0.8285958196150036,0.43426804941221375,0.2779038145911221,0.4403262542165151,wait:0.000000;e:-0.069344
60,125:0,125,no_addition,False,0.0,0.0,0.0,0.0,0.0,0.0,0.0,0.0,0.0,0.0,0.33640190342749543,0.49820659672540646,0.3253573236434573,0.3975528526902157,wait:0.000000
60,126:42,126,no_addition,False,0.0,0.0,0.0,0.0,0.0,0.0,0.0,0.0,0.0,0.0,0.37921000468567934,0.7750319384665738,0.1817981979992302,0.4042363712280874,wait:0.000000
60,131:12,131,no_addition,False,0.0,0.0,0.0,0.0,0.0,0.0,0.0,0.0,1.0,0.0,0.2494521618294632,0.5871447970231283,0.37985692616415667,0.3889506118451608,wait:0.000000;d:-0.175269
60,143:42,143,no_addition,False,0.1111111111111111,0.0,0.1111111111111111,0.0,0.1111111111111111,0.0,0.0,0.0,0.0,1.0,0.5226958892167235,0.1738684219350308,0.43438631492676905,0.18511963509914986,wait:0.504718
60,149:30,149,no_addition,False,0.0,0.0,0.0,0.0,0.0,0.0,0.0,1.0,0.0,0.0,0.2713909454604943,0.7579030155864587,0.19879566477615832,0.2377602708974282,wait:0.000000
60,153:6,153,no_addition,False,0.0,0.0,0.0,0.0,0.0,0.0,0.0,0.0,0.0,0.0,0.49527004045165035,0.7227862591583962,0.25663317833606647,0.3716738497836488,wait:0.000000
60,159:0,159,no_addition,False,0.0,0.0,0.0,0.0,0.0,0.0,1.0,1.0,0.0,0.0,0.8474312548271206,0.8281561931670856,0.3379496723410936,0.4064367469037631,wait:0.000000
60,164:30,164,no_addition,False,0.0,0.0,0.0,0.0,0.0,0.0,0.0,0.0,0.0,0.0,0.4114362483026438,0.2333050558785399,0.2900040903492713,0.4084117408635823,wait:0.000000;e:-0.218361
60,168:0,168,no_addition,False,0.0,0.0,0.0,0.0,0.0,0.0,1.0,0.0,1.0,0.0,0.3755780482129814,0.714687257737433,0.2124602298368124,0.3434550845162469,wait:0.000000
60,169:42,169,no_addition,False,0.0,0.0,0.0,0.0,0.0,0.0,1.0,0.0,0.0,1.0,0.6836903586191382,0.22156223503141398,0.32831279278468456,0.35255123439538055,wait:0.000000;e:-0.173073
60,170:0,170,no_addition,False,0.0,0.0,0.0,0.0,0.0,0.0,0.0,0.0,0.0,0.0,0.5086100046936499,0.4051155287561089,0.3137915355224336,0.3714260410134784,wait:0.000000
60,176:6,176,no_addition,False,0.0,0.0,0.0,0.0,0.0,0.0,1.0,0.0,0.0,0.0,0.649507682724739,0.7367207112421665,0.29667236080361553,0.19039524472284738,wait:0.000000
60,178:0,178,no_addition,False,0.0,0.0,0.0,0.0,0.0,0.0,0.0,0.0,1.0,1.0,0.17326396658445267,0.42900765647873046,0.30242028894009604,0.26244031453647154,wait:0.000000
60,181:12,181,no_addition,False,0.0,0.0,0.0,0.0,0.0,0.0,0.0,0.0,0.0,0.0,0.7946355321921084,0.42162272232813014,0.39624013053372786,0.3667363039972709,wait:0.000000
60,184:12,184,no_addition,False,0.0,0.0,0.0,0.0,0.0,0.0,1.0,0.0,0.0,0.0,0.5441898131361663,0.2994402084407679,0.3329551098625529,0.29829461350477027,wait:0.000000
60,187:6,187,no_addition,False,0.0,0.0,0.0,0.0,0.0,0.0,0.0,1.0,0.0,0.0,0.3211819069178439,0.6888209501139968,0.362124988748831,0.3298573274808079,wait:0.000000
60,197:24,197,no_addition,False,0.0,0.0,0.0,0.0,0.0,0.0,0.0,0.0,0.0,0.0,0.4379469976543129,0.56166766570625,0.19688231088167402,0.34557495756149265,wait:0.000000
60,199:6,199,no_addition,False,0.0,0.0,0.0,0.0,0.0,0.0,0.0,0.0,0.0,0.0,0.4127684488429389,0.7572765500424592,0.33328785511729253,0.39501652679189125,wait:0.000000
60,201:0,201,no_addition,False,0.0,0.0,0.0,0.0,0.0,0.0,0.0,1.0,0.0,0.0,0.2468416151391679,0.5654302902035843,0.20072772104470216,0.20987555220806772,wait:0.000000
60,202:24,202,no_addition,False,0.0,0.0,0.0,0.0,0.0,0.0,0.0,0.0,0.0,0.0,0.7207754921652623,0.21672926048736668,0.28961011207828935,0.25946474351074944,wait:0.000000;e:-0.084338
60,203:18,203,no_addition,False,0.0,0.0,0.0,0.0,0.0,0.0,0.0,0.0,0.0,0.0,0.6998933756450564,0.5135264455480919,0.411197420235476,0.35280032812438555,wait:0.000000
60,205:36,205,no_addition,False,0.0,0.0,0.0,0.0,0.0,0.0,0.0,0.0,0.0,0.0,0.43285328084793884,0.6719609006522241,0.37383117714299735,0.2985107416432016,wait:0.000000;d:-0.004123
60,207:0,207,no_addition,False,0.0,0.0,0.0,0.0,0.0,0.0,0.0,1.0,0.0,1.0,0.6384098086343788,0.4597172691161181,0.22389468572080504,0.4123575006396421,wait:0.000000
60,208:18,208,no_addition,False,0.0,0.0,0.0,0.0,0.0,0.0,1.0,0.0,0.0,0.0,0.5181053835434617,0.6719454342725899,0.3859596365912661,0.34099353141222527,wait:0.000000
60,210:30,210,no_addition,False,0.0,0.0,0.0,0.0,0.0,0.0,1.0,0.0,0.0,0.0,0.44475952672854147,0.7220389447621924,0.2334915451941302,0.4483397378262869,wait:0.000000
60,214:6,214,no_addition,False,0.0,0.0,0.0,0.0,0.0,0.0,0.0,0.0,0.0,0.0,0.6973777556884364,0.6322656244963211,0.443590841096819,0.2925123474407271,wait:0.000000
60,215:24,215,no_addition,False,0.0,0.0,0.0,0.0,0.0,0.0,0.0,0.0,0.0,0.0,0.31577440849333327,0.37994453684031615,0.4330328298258135,0.2810765607108209,wait:0.000000
60,216:30,216,no_addition,False,0.0,0.0,0.0,0.0,0.0,0.0,0.0,0.0,0.0,0.0,0.3175768374614446,0.37755529813170224,0.3716142051303562,0.3663120173657725,wait:0.000000;e:-0.046390
60,218:0,218,no_addition,False,0.0,0.0,0.0,0.0,0.0,0.0,0.0,0.0,0.0,0.0,0.5478474919216988,0.6953990924246174,0.22402292046599662,0.387614879129818,wait:0.000000
60,219:30,219,no_addition,False,0.0,0.0,0.0,0.0,0.0,0.0,0.0,0.0,0.0,0.0,0.3752902680647157,0.2554602095816274,0.2189030648837487,0.1653723697381658,wait:0.000000
60,221:12,221,no_addition,False,0.0,0.0,0.0,0.0,0.0,0.0,1.0,1.0,1.0,0.0,0.5854773497786949,0.5535501633248529,0.309422400651154,0.2701802264111867,wait:0.000000
60,223:36,223,no_addition,False,0.0,0.0,0.0,0.0,0.0,0.0,0.0,0.0,1.0,0.0,0.27408932591805646,0.6520878371705706,0.3980764321907358,0.23046662342288557,wait:0.000000;d:-0.171307
60,224:36,224,no_addition,False,0.0,0.0,0.0,0.0,0.0,0.0,0.0,1.0,0.0,0.0,0.2294743163287446,0.6897922588418408,0.22111542484713326,0.2346933860024937,wait:0.000000;d:-0.034514
60,227:0,227,no_addition,False,0.16666666666666666,0.0,0.16666666666666666,0.0,0.16666666666666666,0.0,0.0,1.0,0.0,1.0,0.3036138572423417,0.4845218972636839,0.2733811888790417,0.19354397946438265,wait:0.000000;d:-0.000030
60,233:36,233,no_addition,False,0.0,0.0,0.0,0.0,0.0,0.0,0.0,0.0,0.0,0.0,0.2883489652810065,0.5659356804353154,0.3661647897859952,0.15654664075523303,wait:0.000000;d:-0.126557
60,235:42,235,no_addition,False,0.0,0.0,0.0,0.0,0.0,0.0,0.0,0.0,0.0,0.0,0.7734124738216028,0.34421760689047476,0.38555152318005487,0.4069681172668978,wait:0.000000;e:-0.117061
60,237:42,237,no_addition,False,0.0,0.0,0.0,0.0,0.0,0.0,0.0,1.0,0.0,0.0,0.382901564545861,0.7323459312222742,0.3982392250083961,0.3660945120808948,wait:0.000000;d:-0.073504
60,238:42,238,no_addition,False,0.0,0.0,0.0,0.0,0.0,0.0,1.0,0.0,0.0,0.0,0.6090416165905302,0.8200127207815411,0.42039594827363097,0.35010745305190616,wait:0.000000
61,5:6,5,no_addition,False,0.02857142857142857,0.0,0.02857142857142857,0.0,0.02857142857142857,0.0,2.0,2.0,1.0,1.0,0.5401251430512607,0.6019355821959693,0.1852133071321838,0.4363383782700089,wait:0.000000
61,16:30,16,no_addition,False,0.05,0.0,0.0,0.0,0.05,0.0,2.0,1.0,2.0,2.0,0.5356697589086705,0.3232310828360664,0.2701688498258022,0.3551717717820044,wait:0.000000
61,17:30,17,no_addition,False,0.0,0.0,0.0,0.0,0.0,0.0,2.0,2.0,0.0,0.0,0.8478040522841039,0.7310587409164123,0.3932089785910932,0.19506039435618563,wait:0.000000
61,18:30,18,no_addition,False,0.0,0.0,0.0,0.0,0.0,0.0,0.0,0.0,0.0,0.0,0.789595219406467,0.31610341505934425,0.32218590380534096,0.32129346926806296,wait:0.000000;e:-0.056698
61,20:42,20,no_addition,False,0.1111111111111111,0.0,0.1111111111111111,0.0,0.1111111111111111,0.0,1.0,0.0,1.0,1.0,0.4244573482818872,0.42954448827887826,0.4091769166156362,0.4272570148610409,wait:0.000000
61,22:12,22,no_addition,False,0.041666666666666664,0.0,0.041666666666666664,0.0,0.041666666666666664,0.0,1.0,3.0,0.0,1.0,0.48020742526873994,0.7513203309393585,0.1853591411064211,0.31450094045556126,wait:0.000000
61,23:24,23,no_addition,False,0.0,0.0,0.0,0.0,0.0,0.0,1.0,0.0,1.0,1.0,0.6042608504620028,0.3303784738750793,0.3297613636665448,0.35952554001985937,wait:0.000000
61,27:36,27,no_addition,False,0.043478260869565216,0.0,0.043478260869565216,0.0,0.043478260869565216,0.0,0.0,2.0,2.0,0.0,0.25558056218648173,0.8286598229049602,0.2961862448981369,0.19427169431111702,wait:0.000000
61,28:24,28,no_addition,False,0.0,0.0,0.0,0.0,0.0,0.0,1.0,0.0,1.0,0.0,0.3680049285637008,0.30470514648477953,0.2206044920108324,0.3311898819821935,wait:0.000000;e:-0.076856
61,34:6,34,no_addition,False,0.0,0.0,0.0,0.0,0.0,0.0,0.0,3.0,2.0,0.0,0.18152023884066879,0.7102232201260896,0.41646186055116163,0.2610662765689028,wait:0.000000
61,36:0,36,no_addition,False,0.0,0.0,0.0,0.0,0.0,0.0,1.0,2.0,0.0,0.0,0.7217227757907694,0.6302008523949939,0.40868282925775223,0.41900053739797377,wait:0.000000
61,40:6,40,no_addition,False,0.0,0.0,0.0,0.0,0.0,0.0,0.0,1.0,0.0,1.0,0.42705592860894204,0.4891911840543369,0.40979428068998186,0.24866690722000864,wait:0.000000;d:-0.045305
61,42:0,42,no_addition,False,0.0,0.0,0.0,0.0,0.0,0.0,0.0,2.0,0.0,0.0,0.5815746493370327,0.5393634599250082,0.3370247532265757,0.2534510171764107,wait:0.000000
61,47:36,47,no_addition,False,0.0,0.0,0.0,0.0,0.0,0.0,0.0,0.0,0.0,0.0,0.519946156673641,0.37419668178960197,0.26250270115202495,0.34677176322672726,wait:0.000000;e:-0.029873
61,50:24,50,no_addition,False,0.14285714285714285,0.0,0.07142857142857142,0.0,0.14285714285714285,0.0,1.0,0.0,1.0,1.0,0.5576045396053998,0.23245709177559298,0.2585503256413498,0.44946089757694324,wait:0.000000;e:-0.260174
61,55:0,55,no_addition,False,0.0,0.0,0.0,0.0,0.0,0.0,0.0,2.0,0.0,0.0,0.4575149512346959,0.7464912946625124,0.27604848689772193,0.21149207820782978,wait:0.000000
61,57:18,57,no_addition,False,0.0,0.0,0.0,0.0,0.0,0.0,1.0,1.0,0.0,0.0,0.4892381622335288,0.472530862798351,0.3472400286318625,0.32934013747717866,wait:0.000000
61,58:0,58,no_addition,False,0.0,0.0,0.0,0.0,0.0,0.0,0.0,1.0,0.0,0.0,0.7287979765855004,0.5218224630636856,0.22916244037719172,0.25204918347217453,wait:0.000000
61,66:36,66,no_addition,False,0.0,0.0,0.0,0.0,0.0,0.0,0.0,0.0,1.0,0.0,0.4014976878349531,0.20892059648429345,0.35202499334846415,0.26907731313463046,wait:0.000000;e:-0.100981
61,77:42,77,no_addition,False,0.0,0.0,0.0,0.0,0.0,0.0,0.0,0.0,0.0,0.0,0.4916652746904324,0.6219717754372014,0.3366534083233555,0.2973670533494849,wait:0.000000
61,79:24,79,no_addition,False,0.0,0.0,0.0,0.0,0.0,0.0,1.0,0.0,1.0,1.0,0.37403092297448554,0.2581661602353693,0.23897090931600617,0.2980342670728797,wait:0.000000
61,83:36,83,no_addition,False,0.0,0.0,0.0,0.0,0.0,0.0,0.0,0.0,1.0,0.0,0.537255571323101,0.3247875840090918,0.23823259958918622,0.3571275347972728,wait:0.000000;e:-0.084713
61,84:30,84,no_addition,False,0.0,0.0,0.0,0.0,0.0,0.0,2.0,0.0,0.0,0.0,0.8172354215365639,0.42302857952677253,0.23631765283767825,0.26391723968627046,wait:0.000000
61,87:18,87,no_addition,False,0.0,0.0,0.0,0.0,0.0,0.0,1.0,0.0,0.0,1.0,0.7384119973362143,0.21589545919012312,0.20279804993293035,0.35065675570046845,wait:0.000000;e:-0.176281
61,88:24,88,no_addition,False,0.0,0.0,0.0,0.0,0.0,0.0,0.0,1.0,0.0,0.0,0.22699656335892954,0.6037708903521869,0.39659420517047966,0.3730679206252907,wait:0.000000
61,93:24,93,no_addition,False,0.09090909090909091,0.0,0.09090909090909091,0.0,0.09090909090909091,0.0,0.0,0.0,0.0,1.0,0.32374420301563095,0.34343101513832097,0.29764636062821376,0.4141443069013125,wait:0.000000;d:-0.006172;e:-0.104945;d+e:-0.221240
61,94:18,94,no_addition,False,0.0,0.0,0.0,0.0,0.0,0.0,0.0,2.0,2.0,0.0,0.15822420518355224,0.7460230763410343,0.21800924687211456,0.38576636836737893,wait:0.000000
61,95:6,95,no_addition,False,0.0,0.0,0.0,0.0,0.0,0.0,1.0,0.0,1.0,0.0,0.34122836748957913,0.2733800246189298,0.3797239704460827,0.26511376606491255,wait:0.000000;d:-0.092508
61,97:24,97,no_addition,False,0.0,0.0,0.0,0.0,0.0,0.0,1.0,1.0,2.0,0.0,0.325741090023824,0.7195603883300699,0.30224413357827734,0.19373823302790918,wait:0.000000
61,100:42,100,no_addition,False,0.09090909090909091,0.0,0.0,0.0,0.09090909090909091,0.0,0.0,0.0,2.0,1.0,0.40464526130422973,0.20321080325748414,0.36208358752758024,0.3520160664731562,wait:0.000000
61,107:18,107,no_addition,False,0.0,0.0,0.0,0.0,0.0,0.0,0.0,2.0,1.0,1.0,0.19106870068850026,0.4981379973865695,0.3467836357187902,0.3787669519245653,wait:0.000000;d:-0.174760
61,108:0,108,no_addition,False,0.0,0.0,0.0,0.0,0.0,0.0,0.0,0.0,0.0,1.0,0.35572902033027753,0.39101006957902695,0.4051152694937241,0.34700663599438875,wait:0.000000;d:-0.104844
61,112:42,112,no_addition,False,0.0,0.0,0.0,0.0,0.0,0.0,1.0,1.0,1.0,0.0,0.35757173350848565,0.4997867587469058,0.22254415227644214,0.20283773666009824,wait:0.000000
61,117:12,117,no_addition,False,0.0,0.0,0.0,0.0,0.0,0.0,0.0,1.0,1.0,0.0,0.5407986163209517,0.6823781252093812,0.22248103607028888,0.2401405260341156,wait:0.000000
61,120:42,120,no_addition,False,0.0,0.0,0.0,0.0,0.0,0.0,0.0,0.0,0.0,0.0,0.759163703067264,0.3754962022302436,0.203130339038933,0.3923393420191187,wait:0.000000
61,124:36,124,no_addition,False,0.16666666666666666,0.0,0.08333333333333333,0.0,0.16666666666666666,0.0,1.0,0.0,1.0,2.0,0.6285958196150037,0.43426804941221375,0.2779038145911221,0.4403262542165151,wait:0.000000;e:-0.069344
61,125:0,125,no_addition,False,0.0,0.0,0.0,0.0,0.0,0.0,0.0,0.0,0.0,0.0,0.33640190342749543,0.49820659672540646,0.3253573236434573,0.3975528526902157,wait:0.000000
61,126:42,126,no_addition,False,0.0,0.0,0.0,0.0,0.0,0.0,0.0,0.0,0.0,0.0,0.37921000468567934,0.7750319384665738,0.1817981979992302,0.4042363712280874,wait:0.000000
61,131:12,131,no_addition,False,0.0,0.0,0.0,0.0,0.0,0.0,0.0,0.0,1.0,0.0,0.2494521618294632,0.5871447970231283,0.37985692616415667,0.3889506118451608,wait:0.000000;d:-0.175269
61,143:42,143,no_addition,False,0.1111111111111111,0.0,0.0,0.0,0.1111111111111111,0.0,0.0,0.0,1.0,1.0,0.36588712245170646,0.1738684219350308,0.43438631492676905,0.18511963509914986,wait:0.353303
61,149:30,149,no_addition,False,0.0,0.0,0.0,0.0,0.0,0.0,0.0,1.0,0.0,0.0,0.2713909454604943,0.7579030155864587,0.19879566477615832,0.2377602708974282,wait:0.000000
61,153:6,153,no_addition,False,0.0,0.0,0.0,0.0,0.0,0.0,0.0,0.0,0.0,0.0,0.49527004045165035,0.7227862591583962,0.25663317833606647,0.3716738497836488,wait:0.000000
61,159:0,159,no_addition,False,0.0,0.0,0.0,0.0,0.0,0.0,1.0,1.0,0.0,0.0,0.8474312548271206,0.8281561931670856,0.3379496723410936,0.4064367469037631,wait:0.000000
61,164:30,164,no_addition,False,0.0,0.0,0.0,0.0,0.0,0.0,0.0,0.0,0.0,0.0,0.4114362483026438,0.2333050558785399,0.2900040903492713,0.4084117408635823,wait:0.000000;e:-0.218361
61,168:0,168,no_addition,False,0.0,0.0,0.0,0.0,0.0,0.0,1.0,0.0,1.0,0.0,0.3755780482129814,0.714687257737433,0.2124602298368124,0.3434550845162469,wait:0.000000
61,169:42,169,no_addition,False,0.0,0.0,0.0,0.0,0.0,0.0,1.0,0.0,0.0,0.0,0.6836903586191382,0.3165174786163057,0.32831279278468456,0.35255123439538055,wait:0.000000;e:-0.087583
61,170:0,170,no_addition,False,0.0,0.0,0.0,0.0,0.0,0.0,0.0,0.0,0.0,0.0,0.5086100046936499,0.4051155287561089,0.3137915355224336,0.3714260410134784,wait:0.000000
61,176:6,176,no_addition,False,0.0,0.0,0.0,0.0,0.0,0.0,0.0,0.0,0.0,0.0,0.4992966896067701,0.7367207112421665,0.29667236080361553,0.19039524472284738,wait:0.000000
61,178:0,178,no_addition,False,0.0,0.0,0.0,0.0,0.0,0.0,0.0,0.0,1.0,1.0,0.17326396658445267,0.42900765647873046,0.30242028894009604,0.26244031453647154,wait:0.000000
61,181:12,181,no_addition,False,0.0,0.0,0.0,0.0,0.0,0.0,0.0,0.0,0.0,0.0,0.7946355321921084,0.42162272232813014,0.39624013053372786,0.3667363039972709,wait:0.000000
61,184:12,184,no_addition,False,0.0,0.0,0.0,0.0,0.0,0.0,0.0,0.0,0.0,0.0,0.34884259019452324,0.2994402084407679,0.3329551098625529,0.29829461350477027,wait:0.000000
61,187:6,187,no_addition,False,0.0,0.0,0.0,0.0,0.0,0.0,0.0,1.0,0.0,0.0,0.3211819069178439,0.6888209501139968,0.362124988748831,0.3298573274808079,wait:0.000000
61,197:24,197,no_addition,False,0.0,0.0,0.0,0.0,0.0,0.0,0.0,0.0,0.0,0.0,0.4379469976543129,0.56166766570625,0.19688231088167402,0.34557495756149265,wait:0.000000
61,199:6,199,no_addition,False,0.0,0.0,0.0,0.0,0.0,0.0,0.0,0.0,0.0,0.0,0.4127684488429389,0.7572765500424592,0.33328785511729253,0.39501652679189125,wait:0.000000
61,201:0,201,no_addition,False,0.0,0.0,0.0,0.0,0.0,0.0,0.0,1.0,0.0,0.0,0.2468416151391679,0.5654302902035843,0.20072772104470216,0.20987555220806772,wait:0.000000
61,202:24,202,no_addition,False,0.0,0.0,0.0,0.0,0.0,0.0,0.0,0.0,0.0,0.0,0.7207754921652623,0.21672926048736668,0.28961011207828935,0.25946474351074944,wait:0.000000;e:-0.084338
61,203:18,203,no_addition,False,0.0,0.0,0.0,0.0,0.0,0.0,0.0,0.0,0.0,0.0,0.6998933756450564,0.5135264455480919,0.411197420235476,0.35280032812438555,wait:0.000000
61,205:36,205,no_addition,False,0.0,0.0,0.0,0.0,0.0,0.0,0.0,0.0,0.0,0.0,0.43285328084793884,0.6719609006522241,0.37383117714299735,0.2985107416432016,wait:0.000000;d:-0.004123
61,207:0,207,no_addition,False,0.0,0.0,0.0,0.0,0.0,0.0,0.0,1.0,0.0,0.0,0.6384098086343788,0.6030034806354712,0.22389468572080504,0.4123575006396421,wait:0.000000
61,208:18,208,no_addition,False,0.0,0.0,0.0,0.0,0.0,0.0,1.0,0.0,0.0,0.0,0.5181053835434617,0.6719454342725899,0.3859596365912661,0.34099353141222527,wait:0.000000
61,210:30,210,no_addition,False,0.0,0.0,0.0,0.0,0.0,0.0,1.0,0.0,0.0,0.0,0.44475952672854147,0.7220389447621924,0.2334915451941302,0.4483397378262869,wait:0.000000
61,214:6,214,no_addition,False,0.0,0.0,0.0,0.0,0.0,0.0,0.0,0.0,0.0,0.0,0.6973777556884364,0.6322656244963211,0.443590841096819,0.2925123474407271,wait:0.000000
61,215:24,215,no_addition,False,0.0,0.0,0.0,0.0,0.0,0.0,0.0,0.0,0.0,0.0,0.31577440849333327,0.37994453684031615,0.4330328298258135,0.2810765607108209,wait:0.000000
61,216:30,216,no_addition,False,0.0,0.0,0.0,0.0,0.0,0.0,0.0,0.0,0.0,0.0,0.3175768374614446,0.37755529813170224,0.3716142051303562,0.3663120173657725,wait:0.000000;e:-0.046390
61,218:0,218,no_addition,False,0.0,0.0,0.0,0.0,0.0,0.0,0.0,0.0,0.0,0.0,0.5478474919216988,0.6953990924246174,0.22402292046599662,0.387614879129818,wait:0.000000
61,219:30,219,no_addition,False,0.0,0.0,0.0,0.0,0.0,0.0,0.0,0.0,0.0,0.0,0.3752902680647157,0.2554602095816274,0.2189030648837487,0.1653723697381658,wait:0.000000
61,221:12,221,no_addition,False,0.0,0.0,0.0,0.0,0.0,0.0,1.0,1.0,1.0,0.0,0.5854773497786949,0.5535501633248529,0.309422400651154,0.2701802264111867,wait:0.000000
61,223:36,223,no_addition,False,0.0,0.0,0.0,0.0,0.0,0.0,0.0,0.0,1.0,0.0,0.27408932591805646,0.6520878371705706,0.3980764321907358,0.23046662342288557,wait:0.000000;d:-0.171307
61,224:36,224,no_addition,False,0.0,0.0,0.0,0.0,0.0,0.0,0.0,1.0,0.0,0.0,0.2294743163287446,0.6897922588418408,0.22111542484713326,0.2346933860024937,wait:0.000000;d:-0.034514
61,227:0,227,no_addition,False,0.16666666666666666,0.0,0.0,0.0,0.16666666666666666,0.0,0.0,1.0,1.0,1.0,0.21252970006963917,0.4845218972636839,0.2733811888790417,0.19354397946438265,wait:0.000000;d:-0.082035
61,233:36,233,no_addition,False,0.0,0.0,0.0,0.0,0.0,0.0,0.0,0.0,0.0,0.0,0.2883489652810065,0.5659356804353154,0.3661647897859952,0.15654664075523303,wait:0.000000;d:-0.126557
61,235:42,235,no_addition,False,0.0,0.0,0.0,0.0,0.0,0.0,0.0,0.0,0.0,0.0,0.7734124738216028,0.34421760689047476,0.38555152318005487,0.4069681172668978,wait:0.000000;e:-0.117061
61,237:42,237,no_addition,False,0.0,0.0,0.0,0.0,0.0,0.0,0.0,1.0,0.0,0.0,0.382901564545861,0.7323459312222742,0.3982392250083961,0.3660945120808948,wait:0.000000;d:-0.073504
61,238:42,238,no_addition,False,0.0,0.0,0.0,0.0,0.0,0.0,1.0,0.0,0.0,0.0,0.6090416165905302,0.8200127207815411,0.42039594827363097,0.35010745305190616,wait:0.000000
62,5:6,5,no_addition,False,0.0,0.0,0.0,0.0,0.0,0.0,3.0,2.0,1.0,1.0,0.5870274079757374,0.6019355821959693,0.18627775142604694,0.4363383782700089,wait:0.000000
62,16:30,16,no_addition,False,0.0,0.0,0.0,0.0,0.0,0.0,2.0,1.0,2.0,2.0,0.5356697589086705,0.3232310828360664,0.2728978281068709,0.3551717717820044,wait:0.000000
62,17:30,17,no_addition,False,0.0,0.0,0.0,0.0,0.0,0.0,2.0,2.0,0.0,0.0,0.8478040522841039,0.7310587409164123,0.3932089785910932,0.19506039435618563,wait:0.000000
62,18:30,18,no_addition,False,0.0,0.0,0.0,0.0,0.0,0.0,0.0,0.0,0.0,0.0,0.789595219406467,0.31610341505934425,0.32218590380534096,0.32129346926806296,wait:0.000000;e:-0.056698
62,20:42,20,no_addition,False,0.05555555555555555,0.0,0.05555555555555555,0.0,0.05555555555555555,0.0,2.0,0.0,1.0,1.0,0.5057525692583965,0.42954448827887826,0.41382665430445026,0.4272570148610409,wait:0.000000
62,22:12,22,no_addition,False,0.0,0.0,0.0,0.0,0.0,0.0,2.0,3.0,0.0,1.0,0.5544635073732056,0.7513203309393585,0.18691678094765152,0.31450094045556126,wait:0.000000
62,23:24,23,no_addition,False,0.0,0.0,0.0,0.0,0.0,0.0,1.0,0.0,1.0,1.0,0.6042608504620028,0.3303784738750793,0.3297613636665448,0.35952554001985937,wait:0.000000
62,27:36,27,no_addition,False,0.043478260869565216,0.0,0.043478260869565216,0.0,0.043478260869565216,0.0,0.0,2.0,2.0,0.0,0.25558056218648173,0.8286598229049602,0.2961862448981369,0.19427169431111702,wait:0.000000
62,28:24,28,no_addition,False,0.0,0.0,0.0,0.0,0.0,0.0,1.0,0.0,1.0,0.0,0.3680049285637008,0.30470514648477953,0.2206044920108324,0.3311898819821935,wait:0.000000;e:-0.076856
62,34:6,34,no_addition,False,0.0,0.0,0.0,0.0,0.0,0.0,0.0,3.0,2.0,0.0,0.18152023884066879,0.7102232201260896,0.41646186055116163,0.2610662765689028,wait:0.000000
62,36:0,36,no_addition,False,0.0,0.0,0.0,0.0,0.0,0.0,1.0,2.0,0.0,0.0,0.7217227757907694,0.6302008523949939,0.40868282925775223,0.41900053739797377,wait:0.000000
62,40:6,40,no_addition,False,0.0,0.0,0.0,0.0,0.0,0.0,0.0,1.0,0.0,1.0,0.42705592860894204,0.4891911840543369,0.40979428068998186,0.24866690722000864,wait:0.000000;d:-0.045305
62,42:0,42,no_addition,False,0.0,0.0,0.0,0.0,0.0,0.0,0.0,2.0,0.0,0.0,0.5815746493370327,0.5393634599250082,0.3370247532265757,0.2534510171764107,wait:0.000000
62,47:36,47,no_addition,False,0.0,0.0,0.0,0.0,0.0,0.0,0.0,0.0,0.0,0.0,0.519946156673641,0.37419668178960197,0.26250270115202495,0.34677176322672726,wait:0.000000;e:-0.029873
62,50:24,50,no_addition,False,0.07142857142857142,0.0,0.07142857142857142,0.0,0.07142857142857142,0.0,1.0,0.0,1.0,1.0,0.5576045396053998,0.23245709177559298,0.2623525363125461,0.44946089757694324,wait:0.000000;e:-0.260174
62,55:0,55,no_addition,False,0.0,0.0,0.0,0.0,0.0,0.0,0.0,2.0,0.0,0.0,0.4575149512346959,0.7464912946625124,0.27604848689772193,0.21149207820782978,wait:0.000000
62,57:18,57,no_addition,False,0.0,0.0,0.0,0.0,0.0,0.0,1.0,1.0,0.0,0.0,0.4892381622335288,0.472530862798351,0.3472400286318625,0.32934013747717866,wait:0.000000
62,58:0,58,no_addition,False,0.0,0.0,0.0,0.0,0.0,0.0,0.0,1.0,0.0,0.0,0.7287979765855004,0.5218224630636856,0.22916244037719172,0.25204918347217453,wait:0.000000
62,66:36,66,no_addition,False,0.0,0.0,0.0,0.0,0.0,0.0,0.0,0.0,1.0,0.0,0.4014976878349531,0.20892059648429345,0.35202499334846415,0.26907731313463046,wait:0.000000;e:-0.100981
62,77:42,77,no_addition,False,0.0,0.0,0.0,0.0,0.0,0.0,0.0,0.0,0.0,0.0,0.4916652746904324,0.6219717754372014,0.3366534083233555,0.2973670533494849,wait:0.000000
62,79:24,79,no_addition,False,0.0,0.0,0.0,0.0,0.0,0.0,1.0,0.0,1.0,1.0,0.37403092297448554,0.2581661602353693,0.23897090931600617,0.2980342670728797,wait:0.000000
62,83:36,83,no_addition,False,0.0,0.0,0.0,0.0,0.0,0.0,0.0,0.0,1.0,0.0,0.537255571323101,0.3247875840090918,0.23823259958918622,0.3571275347972728,wait:0.000000;e:-0.084713
62,84:30,84,no_addition,False,0.0,0.0,0.0,0.0,0.0,0.0,2.0,0.0,0.0,0.0,0.8172354215365639,0.42302857952677253,0.23631765283767825,0.26391723968627046,wait:0.000000
62,87:18,87,no_addition,False,0.0,0.0,0.0,0.0,0.0,0.0,1.0,0.0,0.0,1.0,0.7384119973362143,0.21589545919012312,0.20279804993293035,0.35065675570046845,wait:0.000000;e:-0.176281
62,88:24,88,no_addition,False,0.0,0.0,0.0,0.0,0.0,0.0,0.0,1.0,0.0,0.0,0.22699656335892954,0.6037708903521869,0.39659420517047966,0.3730679206252907,wait:0.000000
62,93:24,93,d,False,0.0,0.0,0.0,0.0,0.0,0.0,1.0,0.0,0.0,1.0,0.5266209421109417,0.34343101513832097,0.30315833026947697,0.4141443069013125,wait:0.000000;d:0.170971;e:-0.104945;d+e:-0.100574
62,94:18,94,no_addition,False,0.0,0.0,0.0,0.0,0.0,0.0,0.0,2.0,2.0,0.0,0.15822420518355224,0.7460230763410343,0.21800924687211456,0.38576636836737893,wait:0.000000
62,95:6,95,no_addition,False,0.0,0.0,0.0,0.0,0.0,0.0,1.0,0.0,1.0,0.0,0.34122836748957913,0.2733800246189298,0.3797239704460827,0.26511376606491255,wait:0.000000;d:-0.092508
62,97:24,97,no_addition,False,0.0,0.0,0.0,0.0,0.0,0.0,1.0,1.0,2.0,0.0,0.325741090023824,0.7195603883300699,0.30224413357827734,0.19373823302790918,wait:0.000000
62,100:42,100,no_addition,False,0.0,0.0,0.0,0.0,0.0,0.0,0.0,0.0,2.0,1.0,0.40464526130422973,0.20321080325748414,0.36878883914846133,0.3520160664731562,wait:0.000000
62,107:18,107,no_addition,False,0.0,0.0,0.0,0.0,0.0,0.0,0.0,2.0,1.0,1.0,0.19106870068850026,0.4981379973865695,0.3467836357187902,0.3787669519245653,wait:0.000000;d:-0.174760
62,108:0,108,no_addition,False,0.0,0.0,0.0,0.0,0.0,0.0,0.0,0.0,0.0,1.0,0.35572902033027753,0.39101006957902695,0.4051152694937241,0.34700663599438875,wait:0.000000;d:-0.104844
62,112:42,112,no_addition,False,0.0,0.0,0.0,0.0,0.0,0.0,1.0,1.0,1.0,0.0,0.35757173350848565,0.4997867587469058,0.22254415227644214,0.20283773666009824,wait:0.000000
62,117:12,117,no_addition,False,0.0,0.0,0.0,0.0,0.0,0.0,0.0,1.0,1.0,0.0,0.5407986163209517,0.6823781252093812,0.22248103607028888,0.2401405260341156,wait:0.000000
62,120:42,120,no_addition,False,0.0,0.0,0.0,0.0,0.0,0.0,0.0,0.0,0.0,0.0,0.759163703067264,0.3754962022302436,0.203130339038933,0.3923393420191187,wait:0.000000
62,124:36,124,no_addition,False,0.0,0.0,0.0,0.0,0.0,0.0,2.0,0.0,1.0,2.0,0.6928795013137534,0.43426804941221375,0.28748670474943666,0.4403262542165151,wait:0.000000;e:-0.069344
62,125:0,125,no_addition,False,0.0,0.0,0.0,0.0,0.0,0.0,0.0,0.0,0.0,0.0,0.33640190342749543,0.49820659672540646,0.3253573236434573,0.3975528526902157,wait:0.000000
62,126:42,126,no_addition,False,0.0,0.0,0.0,0.0,0.0,0.0,0.0,0.0,0.0,0.0,0.37921000468567934,0.7750319384665738,0.1817981979992302,0.4042363712280874,wait:0.000000
62,131:12,131,no_addition,False,0.0,0.0,0.0,0.0,0.0,0.0,0.0,0.0,1.0,0.0,0.2494521618294632,0.5871447970231283,0.37985692616415667,0.3889506118451608,wait:0.000000;d:-0.175269
62,149:30,149,no_addition,False,0.0,0.0,0.0,0.0,0.0,0.0,0.0,1.0,0.0,0.0,0.2713909454604943,0.7579030155864587,0.19879566477615832,0.2377602708974282,wait:0.000000
62,153:6,153,no_addition,False,0.0,0.0,0.0,0.0,0.0,0.0,0.0,0.0,0.0,0.0,0.49527004045165035,0.7227862591583962,0.25663317833606647,0.3716738497836488,wait:0.000000
62,159:0,159,no_addition,False,0.0,0.0,0.0,0.0,0.0,0.0,1.0,1.0,0.0,0.0,0.8474312548271206,0.8281561931670856,0.3379496723410936,0.4064367469037631,wait:0.000000
62,164:30,164,no_addition,False,0.0,0.0,0.0,0.0,0.0,0.0,0.0,0.0,0.0,0.0,0.4114362483026438,0.2333050558785399,0.2900040903492713,0.4084117408635823,wait:0.000000;e:-0.218361
62,168:0,168,no_addition,False,0.0,0.0,0.0,0.0,0.0,0.0,1.0,0.0,1.0,0.0,0.3755780482129814,0.714687257737433,0.2124602298368124,0.3434550845162469,wait:0.000000
62,169:42,169,no_addition,False,0.0,0.0,0.0,0.0,0.0,0.0,1.0,0.0,0.0,0.0,0.6836903586191382,0.3165174786163057,0.32831279278468456,0.35255123439538055,wait:0.000000;e:-0.087583
62,170:0,170,no_addition,False,0.0,0.0,0.0,0.0,0.0,0.0,0.0,0.0,0.0,0.0,0.5086100046936499,0.4051155287561089,0.3137915355224336,0.3714260410134784,wait:0.000000
62,176:6,176,no_addition,False,0.0,0.0,0.0,0.0,0.0,0.0,0.0,0.0,0.0,0.0,0.4992966896067701,0.7367207112421665,0.29667236080361553,0.19039524472284738,wait:0.000000
62,178:0,178,no_addition,False,0.0,0.0,0.0,0.0,0.0,0.0,0.0,0.0,1.0,1.0,0.17326396658445267,0.42900765647873046,0.30242028894009604,0.26244031453647154,wait:0.000000
62,181:12,181,no_addition,False,0.0,0.0,0.0,0.0,0.0,0.0,0.0,0.0,0.0,0.0,0.7946355321921084,0.42162272232813014,0.39624013053372786,0.3667363039972709,wait:0.000000
62,184:12,184,no_addition,False,0.0,0.0,0.0,0.0,0.0,0.0,0.0,0.0,0.0,0.0,0.34884259019452324,0.2994402084407679,0.3329551098625529,0.29829461350477027,wait:0.000000
62,187:6,187,no_addition,False,0.0,0.0,0.0,0.0,0.0,0.0,0.0,1.0,0.0,0.0,0.3211819069178439,0.6888209501139968,0.362124988748831,0.3298573274808079,wait:0.000000
62,197:24,197,no_addition,False,0.0,0.0,0.0,0.0,0.0,0.0,0.0,0.0,0.0,0.0,0.4379469976543129,0.56166766570625,0.19688231088167402,0.34557495756149265,wait:0.000000
62,199:6,199,no_addition,False,0.0,0.0,0.0,0.0,0.0,0.0,0.0,0.0,0.0,0.0,0.4127684488429389,0.7572765500424592,0.33328785511729253,0.39501652679189125,wait:0.000000
62,201:0,201,no_addition,False,0.0,0.0,0.0,0.0,0.0,0.0,0.0,1.0,0.0,0.0,0.2468416151391679,0.5654302902035843,0.20072772104470216,0.20987555220806772,wait:0.000000
62,202:24,202,no_addition,False,0.0,0.0,0.0,0.0,0.0,0.0,0.0,0.0,0.0,0.0,0.7207754921652623,0.21672926048736668,0.28961011207828935,0.25946474351074944,wait:0.000000;e:-0.084338
62,203:18,203,no_addition,False,0.0,0.0,0.0,0.0,0.0,0.0,0.0,0.0,0.0,0.0,0.6998933756450564,0.5135264455480919,0.411197420235476,0.35280032812438555,wait:0.000000
62,205:36,205,no_addition,False,0.0,0.0,0.0,0.0,0.0,0.0,0.0,0.0,0.0,0.0,0.43285328084793884,0.6719609006522241,0.37383117714299735,0.2985107416432016,wait:0.000000;d:-0.004123
62,207:0,207,no_addition,False,0.0,0.0,0.0,0.0,0.0,0.0,0.0,1.0,0.0,0.0,0.6384098086343788,0.6030034806354712,0.22389468572080504,0.4123575006396421,wait:0.000000
62,208:18,208,no_addition,False,0.0,0.0,0.0,0.0,0.0,0.0,1.0,0.0,0.0,0.0,0.5181053835434617,0.6719454342725899,0.3859596365912661,0.34099353141222527,wait:0.000000
62,210:30,210,no_addition,False,0.0,0.0,0.0,0.0,0.0,0.0,1.0,0.0,0.0,0.0,0.44475952672854147,0.7220389447621924,0.2334915451941302,0.4483397378262869,wait:0.000000
62,214:6,214,no_addition,False,0.0,0.0,0.0,0.0,0.0,0.0,0.0,0.0,0.0,0.0,0.6973777556884364,0.6322656244963211,0.443590841096819,0.2925123474407271,wait:0.000000
62,215:24,215,no_addition,False,0.0,0.0,0.0,0.0,0.0,0.0,0.0,0.0,0.0,0.0,0.31577440849333327,0.37994453684031615,0.4330328298258135,0.2810765607108209,wait:0.000000
62,216:30,216,no_addition,False,0.0,0.0,0.0,0.0,0.0,0.0,0.0,0.0,0.0,0.0,0.3175768374614446,0.37755529813170224,0.3716142051303562,0.3663120173657725,wait:0.000000;e:-0.046390
62,218:0,218,no_addition,False,0.0,0.0,0.0,0.0,0.0,0.0,0.0,0.0,0.0,0.0,0.5478474919216988,0.6953990924246174,0.22402292046599662,0.387614879129818,wait:0.000000
62,219:30,219,no_addition,False,0.0,0.0,0.0,0.0,0.0,0.0,0.0,0.0,0.0,0.0,0.3752902680647157,0.2554602095816274,0.2189030648837487,0.1653723697381658,wait:0.000000
62,221:12,221,no_addition,False,0.0,0.0,0.0,0.0,0.0,0.0,1.0,1.0,1.0,0.0,0.5854773497786949,0.5535501633248529,0.309422400651154,0.2701802264111867,wait:0.000000
62,223:36,223,no_addition,False,0.0,0.0,0.0,0.0,0.0,0.0,0.0,0.0,1.0,0.0,0.27408932591805646,0.6520878371705706,0.3980764321907358,0.23046662342288557,wait:0.000000;d:-0.171307
62,224:36,224,no_addition,False,0.0,0.0,0.0,0.0,0.0,0.0,0.0,1.0,0.0,0.0,0.2294743163287446,0.6897922588418408,0.22111542484713326,0.2346933860024937,wait:0.000000;d:-0.034514
62,227:0,227,no_addition,False,0.0,0.0,0.0,0.0,0.0,0.0,0.0,1.0,1.0,1.0,0.21252970006963917,0.4845218972636839,0.28280812642659486,0.19354397946438265,wait:0.000000;d:-0.091462
62,233:36,233,no_addition,False,0.0,0.0,0.0,0.0,0.0,0.0,0.0,0.0,0.0,0.0,0.2883489652810065,0.5659356804353154,0.3661647897859952,0.15654664075523303,wait:0.000000;d:-0.126557
62,235:42,235,no_addition,False,0.0,0.0,0.0,0.0,0.0,0.0,0.0,0.0,0.0,0.0,0.7734124738216028,0.34421760689047476,0.38555152318005487,0.4069681172668978,wait:0.000000;e:-0.117061
62,237:42,237,no_addition,False,0.0,0.0,0.0,0.0,0.0,0.0,0.0,1.0,0.0,0.0,0.382901564545861,0.7323459312222742,0.3982392250083961,0.3660945120808948,wait:0.000000;d:-0.073504
62,238:42,238,no_addition,False,0.0,0.0,0.0,0.0,0.0,0.0,1.0,0.0,0.0,0.0,0.6090416165905302,0.8200127207815411,0.42039594827363097,0.35010745305190616,wait:0.000000
63,5:6,5,no_addition,False,0.0,0.0,0.0,0.0,0.0,0.0,3.0,2.0,1.0,1.0,0.5870274079757374,0.6019355821959693,0.18627775142604694,0.4363383782700089,wait:0.000000
63,16:30,16,no_addition,False,0.0,0.0,0.0,0.0,0.0,0.0,2.0,1.0,2.0,2.0,0.5356697589086705,0.3232310828360664,0.2728978281068709,0.3551717717820044,wait:0.000000
63,17:30,17,no_addition,False,0.0,0.0,0.0,0.0,0.0,0.0,2.0,2.0,0.0,0.0,0.8478040522841039,0.7310587409164123,0.3932089785910932,0.19506039435618563,wait:0.000000
63,18:30,18,no_addition,False,0.0,0.0,0.0,0.0,0.0,0.0,0.0,0.0,0.0,0.0,0.789595219406467,0.31610341505934425,0.32218590380534096,0.32129346926806296,wait:0.000000;e:-0.056698
63,20:42,20,no_addition,False,0.05555555555555555,0.0,0.0,0.0,0.05555555555555555,0.0,2.0,0.0,2.0,1.0,0.4345297018443022,0.42954448827887826,0.41382665430445026,0.4272570148610409,wait:0.000000
63,22:12,22,no_addition,False,0.041666666666666664,0.0,0.041666666666666664,0.0,0.041666666666666664,0.0,2.0,3.0,0.0,1.0,0.5544635073732056,0.7513203309393585,0.1853591411064211,0.31450094045556126,wait:0.000000
63,23:24,23,no_addition,False,0.0,0.0,0.0,0.0,0.0,0.0,1.0,0.0,1.0,1.0,0.6042608504620028,0.3303784738750793,0.3297613636665448,0.35952554001985937,wait:0.000000
63,27:36,27,no_addition,False,0.043478260869565216,0.0,0.0,0.0,0.043478260869565216,0.0,0.0,2.0,2.0,0.0,0.25558056218648173,0.8286598229049602,0.2961862448981369,0.19427169431111702,wait:0.000000
63,28:24,28,no_addition,False,0.0,0.0,0.0,0.0,0.0,0.0,1.0,0.0,1.0,0.0,0.3680049285637008,0.30470514648477953,0.2206044920108324,0.3311898819821935,wait:0.000000;e:-0.076856
63,34:6,34,no_addition,False,0.0,0.0,0.0,0.0,0.0,0.0,0.0,3.0,1.0,0.0,0.21177361198078024,0.7102232201260896,0.41646186055116163,0.2610662765689028,wait:0.000000
63,36:0,36,no_addition,False,0.0,0.0,0.0,0.0,0.0,0.0,1.0,2.0,0.0,0.0,0.7217227757907694,0.6302008523949939,0.40868282925775223,0.41900053739797377,wait:0.000000
63,40:6,40,no_addition,False,0.0,0.0,0.0,0.0,0.0,0.0,0.0,1.0,0.0,1.0,0.42705592860894204,0.4891911840543369,0.40979428068998186,0.24866690722000864,wait:0.000000;d:-0.045305
63,42:0,42,no_addition,False,0.0,0.0,0.0,0.0,0.0,0.0,0.0,2.0,0.0,0.0,0.5815746493370327,0.5393634599250082,0.3370247532265757,0.2534510171764107,wait:0.000000
63,47:36,47,no_addition,False,0.0,0.0,0.0,0.0,0.0,0.0,0.0,0.0,0.0,0.0,0.519946156673641,0.37419668178960197,0.26250270115202495,0.34677176322672726,wait:0.000000;e:-0.029873
63,50:24,50,no_addition,False,0.07142857142857142,0.0,0.0,0.0,0.07142857142857142,0.0,1.0,0.0,2.0,1.0,0.4778041613049498,0.23245709177559298,0.2623525363125461,0.44946089757694324,wait:0.000000;e:-0.260174
63,55:0,55,no_addition,False,0.0,0.0,0.0,0.0,0.0,0.0,0.0,2.0,0.0,0.0,0.4575149512346959,0.7464912946625124,0.27604848689772193,0.21149207820782978,wait:0.000000
63,57:18,57,no_addition,False,0.0,0.0,0.0,0.0,0.0,0.0,1.0,1.0,0.0,0.0,0.4892381622335288,0.472530862798351,0.3472400286318625,0.32934013747717866,wait:0.000000
63,58:0,58,no_addition,False,0.0,0.0,0.0,0.0,0.0,0.0,0.0,1.0,0.0,0.0,0.7287979765855004,0.5218224630636856,0.22916244037719172,0.25204918347217453,wait:0.000000
63,66:36,66,no_addition,False,0.0,0.0,0.0,0.0,0.0,0.0,0.0,0.0,1.0,0.0,0.4014976878349531,0.20892059648429345,0.35202499334846415,0.26907731313463046,wait:0.000000;e:-0.100981
63,77:42,77,no_addition,False,0.0,0.0,0.0,0.0,0.0,0.0,0.0,0.0,0.0,0.0,0.4916652746904324,0.6219717754372014,0.3366534083233555,0.2973670533494849,wait:0.000000
63,78:42,78,no_addition,False,0.0,0.0,0.0,0.0,0.0,0.0,0.0,0.0,1.0,1.0,0.3859142480178594,0.47524749568166086,0.4290343540047506,0.4241876368144228,wait:0.000000
63,79:24,79,no_addition,False,0.0,0.0,0.0,0.0,0.0,0.0,1.0,0.0,1.0,1.0,0.37403092297448554,0.2581661602353693,0.23897090931600617,0.2980342670728797,wait:0.000000
63,83:36,83,no_addition,False,0.0,0.0,0.0,0.0,0.0,0.0,0.0,0.0,1.0,0.0,0.537255571323101,0.3247875840090918,0.23823259958918622,0.3571275347972728,wait:0.000000;e:-0.084713
63,84:30,84,no_addition,False,0.0,0.0,0.0,0.0,0.0,0.0,2.0,0.0,0.0,0.0,0.8172354215365639,0.42302857952677253,0.23631765283767825,0.26391723968627046,wait:0.000000
63,87:18,87,no_addition,False,0.0,0.0,0.0,0.0,0.0,0.0,1.0,0.0,0.0,1.0,0.7384119973362143,0.21589545919012312,0.20279804993293035,0.35065675570046845,wait:0.000000;e:-0.176281
63,88:24,88,no_addition,False,0.08333333333333333,0.0,0.08333333333333333,0.0,0.08333333333333333,0.0,0.0,1.0,0.0,0.0,0.22699656335892954,0.6037708903521869,0.38998430175097165,0.3730679206252907,wait:0.000000
63,94:18,94,no_addition,False,0.0,0.0,0.0,0.0,0.0,0.0,0.0,2.0,1.0,0.0,0.1845949060474776,0.7460230763410343,0.21800924687211456,0.38576636836737893,wait:0.000000
63,95:6,95,no_addition,False,0.0,0.0,0.0,0.0,0.0,0.0,1.0,0.0,1.0,0.0,0.34122836748957913,0.2733800246189298,0.3797239704460827,0.26511376606491255,wait:0.000000;d:-0.092508
63,97:24,97,no_addition,False,0.0,0.0,0.0,0.0,0.0,0.0,1.0,1.0,2.0,0.0,0.325741090023824,0.7195603883300699,0.30224413357827734,0.19373823302790918,wait:0.000000
63,100:42,100,no_addition,False,0.0,0.0,0.0,0.0,0.0,0.0,0.0,0.0,2.0,1.0,0.40464526130422973,0.20321080325748414,0.36878883914846133,0.3520160664731562,wait:0.000000
63,107:18,107,no_addition,False,0.0,0.0,0.0,0.0,0.0,0.0,0.0,2.0,1.0,0.0,0.19106870068850026,0.6161505426035304,0.3467836357187902,0.3787669519245653,wait:0.000000;d:-0.174760
63,108:0,108,no_addition,False,0.0,0.0,0.0,0.0,0.0,0.0,0.0,0.0,0.0,1.0,0.35572902033027753,0.39101006957902695,0.4051152694937241,0.34700663599438875,wait:0.000000;d:-0.104844
63,112:42,112,no_addition,False,0.0,0.0,0.0,0.0,0.0,0.0,1.0,1.0,1.0,0.0,0.35757173350848565,0.4997867587469058,0.22254415227644214,0.20283773666009824,wait:0.000000
63,117:12,117,no_addition,False,0.0,0.0,0.0,0.0,0.0,0.0,0.0,1.0,1.0,0.0,0.5407986163209517,0.6823781252093812,0.22248103607028888,0.2401405260341156,wait:0.000000
63,120:42,120,no_addition,False,0.0,0.0,0.0,0.0,0.0,0.0,0.0,0.0,0.0,0.0,0.759163703067264,0.3754962022302436,0.203130339038933,0.3923393420191187,wait:0.000000
63,124:36,124,no_addition,False,0.0,0.0,0.0,0.0,0.0,0.0,2.0,0.0,1.0,2.0,0.6928795013137534,0.43426804941221375,0.28748670474943666,0.4403262542165151,wait:0.000000;e:-0.069344
63,125:0,125,no_addition,False,0.0,0.0,0.0,0.0,0.0,0.0,0.0,0.0,0.0,0.0,0.33640190342749543,0.49820659672540646,0.3253573236434573,0.3975528526902157,wait:0.000000
63,126:42,126,no_addition,False,0.0,0.0,0.0,0.0,0.0,0.0,0.0,0.0,0.0,0.0,0.37921000468567934,0.7750319384665738,0.1817981979992302,0.4042363712280874,wait:0.000000
63,131:12,131,no_addition,False,0.0,0.0,0.0,0.0,0.0,0.0,0.0,0.0,1.0,0.0,0.2494521618294632,0.5871447970231283,0.37985692616415667,0.3889506118451608,wait:0.000000;d:-0.175269
63,149:30,149,no_addition,False,0.0,0.0,0.0,0.0,0.0,0.0,0.0,1.0,0.0,0.0,0.2713909454604943,0.7579030155864587,0.19879566477615832,0.2377602708974282,wait:0.000000
63,153:6,153,no_addition,False,0.0,0.0,0.0,0.0,0.0,0.0,0.0,0.0,0.0,0.0,0.49527004045165035,0.7227862591583962,0.25663317833606647,0.3716738497836488,wait:0.000000
63,159:0,159,no_addition,False,0.0,0.0,0.0,0.0,0.0,0.0,1.0,1.0,0.0,0.0,0.8474312548271206,0.8281561931670856,0.3379496723410936,0.4064367469037631,wait:0.000000
63,164:30,164,no_addition,False,0.0,0.0,0.0,0.0,0.0,0.0,0.0,0.0,0.0,0.0,0.4114362483026438,0.2333050558785399,0.2900040903492713,0.4084117408635823,wait:0.000000;e:-0.218361
63,168:0,168,no_addition,False,0.0,0.0,0.0,0.0,0.0,0.0,1.0,0.0,1.0,0.0,0.3755780482129814,0.714687257737433,0.2124602298368124,0.3434550845162469,wait:0.000000
63,169:42,169,no_addition,False,0.0,0.0,0.0,0.0,0.0,0.0,1.0,0.0,0.0,0.0,0.6836903586191382,0.3165174786163057,0.32831279278468456,0.35255123439538055,wait:0.000000;e:-0.087583
63,170:0,170,no_addition,False,0.0,0.0,0.0,0.0,0.0,0.0,0.0,0.0,0.0,0.0,0.5086100046936499,0.4051155287561089,0.3137915355224336,0.3714260410134784,wait:0.000000
63,176:6,176,no_addition,False,0.0,0.0,0.0,0.0,0.0,0.0,0.0,0.0,0.0,0.0,0.4992966896067701,0.7367207112421665,0.29667236080361553,0.19039524472284738,wait:0.000000
63,178:0,178,no_addition,False,0.0,0.0,0.0,0.0,0.0,0.0,0.0,0.0,1.0,1.0,0.17326396658445267,0.42900765647873046,0.30242028894009604,0.26244031453647154,wait:0.000000
63,181:12,181,no_addition,False,0.0,0.0,0.0,0.0,0.0,0.0,0.0,0.0,0.0,0.0,0.7946355321921084,0.42162272232813014,0.39624013053372786,0.3667363039972709,wait:0.000000
63,184:12,184,no_addition,False,0.0,0.0,0.0,0.0,0.0,0.0,0.0,0.0,0.0,0.0,0.34884259019452324,0.2994402084407679,0.3329551098625529,0.29829461350477027,wait:0.000000
63,187:6,187,no_addition,False,0.16666666666666666,0.0,0.16666666666666666,0.0,0.16666666666666666,0.0,0.0,1.0,0.0,0.0,0.3211819069178439,0.6888209501139968,0.3500541557905366,0.3298573274808079,wait:0.000000
63,197:24,197,no_addition,False,0.0,0.0,0.0,0.0,0.0,0.0,0.0,0.0,0.0,0.0,0.4379469976543129,0.56166766570625,0.19688231088167402,0.34557495756149265,wait:0.000000
63,199:6,199,no_addition,False,0.0,0.0,0.0,0.0,0.0,0.0,0.0,0.0,0.0,0.0,0.4127684488429389,0.7572765500424592,0.33328785511729253,0.39501652679189125,wait:0.000000
63,201:0,201,no_addition,False,0.0,0.0,0.0,0.0,0.0,0.0,0.0,1.0,0.0,0.0,0.2468416151391679,0.5654302902035843,0.20072772104470216,0.20987555220806772,wait:0.000000
63,202:24,202,no_addition,False,0.0,0.0,0.0,0.0,0.0,0.0,0.0,0.0,0.0,0.0,0.7207754921652623,0.21672926048736668,0.28961011207828935,0.25946474351074944,wait:0.000000;e:-0.084338
63,203:18,203,no_addition,False,0.0,0.0,0.0,0.0,0.0,0.0,0.0,0.0,0.0,0.0,0.6998933756450564,0.5135264455480919,0.411197420235476,0.35280032812438555,wait:0.000000
63,205:36,205,no_addition,False,0.0,0.0,0.0,0.0,0.0,0.0,0.0,0.0,0.0,0.0,0.43285328084793884,0.6719609006522241,0.37383117714299735,0.2985107416432016,wait:0.000000;d:-0.004123
63,207:0,207,no_addition,False,0.0,0.0,0.0,0.0,0.0,0.0,0.0,1.0,0.0,0.0,0.6384098086343788,0.6030034806354712,0.22389468572080504,0.4123575006396421,wait:0.000000
63,208:18,208,no_addition,False,0.0,0.0,0.0,0.0,0.0,0.0,1.0,0.0,0.0,0.0,0.5181053835434617,0.6719454342725899,0.3859596365912661,0.34099353141222527,wait:0.000000
63,210:30,210,no_addition,False,0.0,0.0,0.0,0.0,0.0,0.0,1.0,0.0,0.0,0.0,0.44475952672854147,0.7220389447621924,0.2334915451941302,0.4483397378262869,wait:0.000000
63,214:6,214,no_addition,False,0.0,0.0,0.0,0.0,0.0,0.0,0.0,0.0,0.0,0.0,0.6973777556884364,0.6322656244963211,0.443590841096819,0.2925123474407271,wait:0.000000
63,215:24,215,no_addition,False,0.0,0.0,0.0,0.0,0.0,0.0,0.0,0.0,0.0,0.0,0.31577440849333327,0.37994453684031615,0.4330328298258135,0.2810765607108209,wait:0.000000
63,216:30,216,no_addition,False,0.0,0.0,0.0,0.0,0.0,0.0,0.0,0.0,0.0,0.0,0.3175768374614446,0.37755529813170224,0.3716142051303562,0.3663120173657725,wait:0.000000;e:-0.046390
63,218:0,218,no_addition,False,0.0,0.0,0.0,0.0,0.0,0.0,0.0,0.0,0.0,0.0,0.5478474919216988,0.6953990924246174,0.22402292046599662,0.387614879129818,wait:0.000000
63,219:30,219,no_addition,False,0.0,0.0,0.0,0.0,0.0,0.0,0.0,0.0,0.0,0.0,0.3752902680647157,0.2554602095816274,0.2189030648837487,0.1653723697381658,wait:0.000000
63,221:12,221,no_addition,False,0.0,0.0,0.0,0.0,0.0,0.0,1.0,1.0,1.0,0.0,0.5854773497786949,0.5535501633248529,0.309422400651154,0.2701802264111867,wait:0.000000
63,223:36,223,no_addition,False,0.16666666666666666,0.0,0.16666666666666666,0.0,0.16666666666666666,0.0,0.0,0.0,1.0,0.0,0.27408932591805646,0.6520878371705706,0.38480721778437793,0.23046662342288557,wait:0.000000;d:-0.158038
63,224:36,224,no_addition,False,0.0,0.0,0.0,0.0,0.0,0.0,0.0,1.0,0.0,0.0,0.2294743163287446,0.6897922588418408,0.22111542484713326,0.2346933860024937,wait:0.000000;d:-0.034514
63,227:0,227,no_addition,False,0.0,0.0,0.0,0.0,0.0,0.0,0.0,1.0,1.0,1.0,0.21252970006963917,0.4845218972636839,0.28280812642659486,0.19354397946438265,wait:0.000000;d:-0.091462
63,233:36,233,no_addition,False,0.0,0.0,0.0,0.0,0.0,0.0,0.0,0.0,0.0,0.0,0.2883489652810065,0.5659356804353154,0.3661647897859952,0.15654664075523303,wait:0.000000;d:-0.126557
63,235:42,235,no_addition,False,0.0,0.0,0.0,0.0,0.0,0.0,0.0,0.0,0.0,0.0,0.7734124738216028,0.34421760689047476,0.38555152318005487,0.4069681172668978,wait:0.000000;e:-0.117061
63,237:42,237,no_addition,False,0.0,0.0,0.0,0.0,0.0,0.0,0.0,1.0,0.0,0.0,0.382901564545861,0.7323459312222742,0.3982392250083961,0.3660945120808948,wait:0.000000;d:-0.073504
63,238:42,238,no_addition,False,0.0,0.0,0.0,0.0,0.0,0.0,1.0,0.0,0.0,0.0,0.6090416165905302,0.8200127207815411,0.42039594827363097,0.35010745305190616,wait:0.000000
64,5:6,5,no_addition,False,0.0,0.0,0.0,0.0,0.0,0.0,1.0,1.0,0.0,1.0,0.6056138184288773,0.529384271486512,0.18627775142604694,0.4363383782700089,wait:0.000000
64,16:30,16,no_addition,False,0.0,0.0,0.0,0.0,0.0,0.0,1.0,0.0,2.0,2.0,0.46272762961493996,0.18897936309389063,0.2728978281068709,0.3551717717820044,wait:0.000000
64,17:30,17,no_addition,False,0.0,0.0,0.0,0.0,0.0,0.0,2.0,1.0,0.0,0.0,0.8478040522841039,0.6862351977358144,0.3932089785910932,0.19506039435618563,wait:0.000000
64,18:30,18,no_addition,False,0.0,0.0,0.0,0.0,0.0,0.0,0.0,0.0,0.0,0.0,0.789595219406467,0.31610341505934425,0.32218590380534096,0.32129346926806296,wait:0.000000;e:-0.056698
64,20:42,20,no_addition,False,0.0,0.0,0.0,0.0,0.0,0.0,2.0,0.0,2.0,1.0,0.4345297018443022,0.42954448827887826,0.4184763919932643,0.4272570148610409,wait:0.000000
64,22:12,22,no_addition,False,0.041666666666666664,0.0,0.041666666666666664,0.0,0.041666666666666664,0.0,2.0,1.0,0.0,1.0,0.5544635073732056,0.6515234587761829,0.1853591411064211,0.31450094045556126,wait:0.000000
64,23:24,23,no_addition,False,0.0,0.0,0.0,0.0,0.0,0.0,1.0,0.0,0.0,1.0,0.7716376588723366,0.3303784738750793,0.3297613636665448,0.35952554001985937,wait:0.000000
64,27:36,27,no_addition,False,0.0,0.0,0.0,0.0,0.0,0.0,0.0,1.0,2.0,0.0,0.25558056218648173,0.8001031267224534,0.2987843698533837,0.19427169431111702,wait:0.000000
64,28:24,28,no_addition,False,0.0,0.0,0.0,0.0,0.0,0.0,0.0,0.0,1.0,0.0,0.1960057499909843,0.30470514648477953,0.2206044920108324,0.3311898819821935,wait:0.000000;e:-0.076856
64,34:6,34,no_addition,False,0.0,0.0,0.0,0.0,0.0,0.0,0.0,2.0,0.0,0.0,0.3025337314011146,0.6838798765011888,0.41646186055116163,0.2610662765689028,wait:0.000000
64,36:0,36,no_addition,False,0.0,0.0,0.0,0.0,0.0,0.0,0.0,1.0,0.0,0.0,0.6024611082725279,0.5685676611274928,0.40868282925775223,0.41900053739797377,wait:0.000000
64,40:6,40,no_addition,False,0.0,0.0,0.0,0.0,0.0,0.0,0.0,0.0,0.0,1.0,0.42705592860894204,0.33738971473005974,0.40979428068998186,0.24866690722000864,wait:0.000000;d:-0.045305
64,42:0,42,no_addition,False,0.0,0.0,0.0,0.0,0.0,0.0,0.0,1.0,0.0,0.0,0.5815746493370327,0.4625907032458429,0.3370247532265757,0.2534510171764107,wait:0.000000
64,47:36,47,no_addition,False,0.0,0.0,0.0,0.0,0.0,0.0,0.0,0.0,0.0,0.0,0.519946156673641,0.37419668178960197,0.26250270115202495,0.34677176322672726,wait:0.000000;e:-0.029873
64,50:24,50,no_addition,False,0.0,0.0,0.0,0.0,0.0,0.0,1.0,0.0,2.0,1.0,0.4778041613049498,0.23245709177559298,0.2661547469837424,0.44946089757694324,wait:0.000000;e:-0.260174
64,55:0,55,no_addition,False,0.0,0.0,0.0,0.0,0.0,0.0,0.0,1.0,0.0,0.0,0.4575149512346959,0.7042398437729311,0.27604848689772193,0.21149207820782978,wait:0.000000
64,57:18,57,no_addition,False,0.0,0.0,0.0,0.0,0.0,0.0,1.0,0.0,0.0,0.0,0.4892381622335288,0.24647266114050143,0.3472400286318625,0.32934013747717866,wait:0.000000
64,58:0,58,no_addition,False,0.0,0.0,0.0,0.0,0.0,0.0,0.0,0.0,0.0,0.0,0.7287979765855004,0.3168892329481223,0.22916244037719172,0.25204918347217453,wait:0.000000
64,66:36,66,no_addition,False,0.0,0.0,0.0,0.0,0.0,0.0,0.0,0.0,0.0,0.0,0.5735681254785044,0.20892059648429345,0.35202499334846415,0.26907731313463046,wait:0.000000;e:-0.100981
64,77:42,77,no_addition,False,0.0,0.0,0.0,0.0,0.0,0.0,0.0,0.0,0.0,0.0,0.4916652746904324,0.6219717754372014,0.3366534083233555,0.2973670533494849,wait:0.000000
64,78:42,78,no_addition,False,0.0,0.0,0.0,0.0,0.0,0.0,0.0,0.0,1.0,1.0,0.3859142480178594,0.47524749568166086,0.4290343540047506,0.4241876368144228,wait:0.000000
64,79:24,79,no_addition,False,0.0,0.0,0.0,0.0,0.0,0.0,1.0,0.0,1.0,1.0,0.37403092297448554,0.2581661602353693,0.23897090931600617,0.2980342670728797,wait:0.000000
64,83:36,83,no_addition,False,0.0,0.0,0.0,0.0,0.0,0.0,0.0,0.0,0.0,0.0,0.7675079590330014,0.3247875840090918,0.23823259958918622,0.3571275347972728,wait:0.000000;e:-0.084713
64,84:30,84,no_addition,False,0.0,0.0,0.0,0.0,0.0,0.0,1.0,0.0,0.0,0.0,0.7867746584593245,0.42302857952677253,0.23631765283767825,0.26391723968627046,wait:0.000000
64,87:18,87,no_addition,False,0.0,0.0,0.0,0.0,0.0,0.0,0.0,0.0,0.0,0.0,0.626302853337449,0.30842208455731873,0.20279804993293035,0.35065675570046845,wait:0.000000;e:-0.092977
64,88:24,88,no_addition,False,0.08333333333333333,0.0,0.08333333333333333,0.0,0.08333333333333333,0.0,0.0,1.0,0.0,0.0,0.22699656335892954,0.6037708903521869,0.38998430175097165,0.3730679206252907,wait:0.000000
64,94:18,94,no_addition,False,0.0,0.0,0.0,0.0,0.0,0.0,0.0,1.0,0.0,0.0,0.2637070086392537,0.7036935890645399,0.21800924687211456,0.38576636836737893,wait:0.000000
64,95:6,95,no_addition,False,0.0,0.0,0.0,0.0,0.0,0.0,1.0,0.0,1.0,0.0,0.34122836748957913,0.2733800246189298,0.3797239704460827,0.26511376606491255,wait:0.000000;d:-0.092508
64,97:24,97,no_addition,False,0.0,0.0,0.0,0.0,0.0,0.0,1.0,0.0,1.0,0.0,0.39171755275326253,0.5993719833286713,0.30224413357827734,0.19373823302790918,wait:0.000000
64,100:42,100,no_addition,False,0.0,0.0,0.0,0.0,0.0,0.0,0.0,0.0,1.0,1.0,0.47208613818826795,0.20321080325748414,0.36878883914846133,0.3520160664731562,wait:0.000000
64,107:18,107,no_addition,False,0.0,0.0,0.0,0.0,0.0,0.0,0.0,0.0,1.0,0.0,0.19106870068850026,0.3602509043392173,0.3467836357187902,0.3787669519245653,wait:0.000000;d:-0.174760
64,108:0,108,no_addition,False,0.0,0.0,0.0,0.0,0.0,0.0,0.0,0.0,0.0,0.0,0.35572902033027753,0.5585858136843243,0.4051152694937241,0.34700663599438875,wait:0.000000;d:-0.104844
64,112:42,112,no_addition,False,0.0,0.0,0.0,0.0,0.0,0.0,1.0,0.0,1.0,0.0,0.35757173350848565,0.28540965535272256,0.22254415227644214,0.20283773666009824,wait:0.000000
64,117:12,117,no_addition,False,0.0,0.0,0.0,0.0,0.0,0.0,0.0,1.0,0.0,0.0,0.7725694518870738,0.6823781252093812,0.22248103607028888,0.2401405260341156,wait:0.000000
64,120:42,120,no_addition,False,0.0,0.0,0.0,0.0,0.0,0.0,0.0,0.0,0.0,0.0,0.759163703067264,0.3754962022302436,0.203130339038933,0.3923393420191187,wait:0.000000
64,124:36,124,no_addition,False,0.0,0.0,0.0,0.0,0.0,0.0,1.0,0.0,1.0,2.0,0.6285958196150037,0.43426804941221375,0.28748670474943666,0.4403262542165151,wait:0.000000;e:-0.069344
64,125:0,125,no_addition,False,0.0,0.0,0.0,0.0,0.0,0.0,0.0,0.0,0.0,0.0,0.33640190342749543,0.49820659672540646,0.3253573236434573,0.3975528526902157,wait:0.000000
64,126:42,126,no_addition,False,0.0,0.0,0.0,0.0,0.0,0.0,0.0,0.0,0.0,0.0,0.37921000468567934,0.7750319384665738,0.1817981979992302,0.4042363712280874,wait:0.000000
64,131:12,131,no_addition,False,0.0,0.0,0.0,0.0,0.0,0.0,0.0,0.0,1.0,0.0,0.2494521618294632,0.5871447970231283,0.37985692616415667,0.3889506118451608,wait:0.000000;d:-0.175269
64,149:30,149,no_addition,False,0.0,0.0,0.0,0.0,0.0,0.0,0.0,0.0,0.0,0.0,0.2713909454604943,0.6541471651235125,0.19879566477615832,0.2377602708974282,wait:0.000000
64,153:6,153,no_addition,False,0.0,0.0,0.0,0.0,0.0,0.0,0.0,0.0,0.0,0.0,0.49527004045165035,0.7227862591583962,0.25663317833606647,0.3716738497836488,wait:0.000000
64,159:0,159,no_addition,False,0.0,0.0,0.0,0.0,0.0,0.0,1.0,0.0,0.0,0.0,0.8474312548271206,0.7545088473815509,0.3379496723410936,0.4064367469037631,wait:0.000000
64,164:30,164,no_addition,False,0.0,0.0,0.0,0.0,0.0,0.0,0.0,0.0,0.0,0.0,0.4114362483026438,0.2333050558785399,0.2900040903492713,0.4084117408635823,wait:0.000000;e:-0.218361
64,168:0,168,no_addition,False,0.0,0.0,0.0,0.0,0.0,0.0,1.0,0.0,1.0,0.0,0.3755780482129814,0.714687257737433,0.2124602298368124,0.3434550845162469,wait:0.000000
64,169:42,169,no_addition,False,0.0,0.0,0.0,0.0,0.0,0.0,1.0,0.0,0.0,0.0,0.6836903586191382,0.3165174786163057,0.32831279278468456,0.35255123439538055,wait:0.000000;e:-0.087583
64,170:0,170,no_addition,False,0.0,0.0,0.0,0.0,0.0,0.0,0.0,0.0,0.0,0.0,0.5086100046936499,0.4051155287561089,0.3137915355224336,0.3714260410134784,wait:0.000000
64,176:6,176,no_addition,False,0.0,0.0,0.0,0.0,0.0,0.0,0.0,0.0,0.0,0.0,0.4992966896067701,0.7367207112421665,0.29667236080361553,0.19039524472284738,wait:0.000000
64,178:0,178,no_addition,False,0.0,0.0,0.0,0.0,0.0,0.0,0.0,0.0,1.0,1.0,0.17326396658445267,0.42900765647873046,0.30242028894009604,0.26244031453647154,wait:0.000000
64,181:12,181,no_addition,False,0.0,0.0,0.0,0.0,0.0,0.0,0.0,0.0,0.0,0.0,0.7946355321921084,0.42162272232813014,0.39624013053372786,0.3667363039972709,wait:0.000000
64,184:12,184,no_addition,False,0.0,0.0,0.0,0.0,0.0,0.0,0.0,0.0,0.0,0.0,0.34884259019452324,0.2994402084407679,0.3329551098625529,0.29829461350477027,wait:0.000000
64,187:6,187,no_addition,False,0.16666666666666666,0.0,0.16666666666666666,0.0,0.16666666666666666,0.0,0.0,0.0,0.0,0.0,0.3211819069178439,0.5554585001628527,0.3500541557905366,0.3298573274808079,wait:0.000000
64,197:24,197,no_addition,False,0.0,0.0,0.0,0.0,0.0,0.0,0.0,0.0,0.0,0.0,0.4379469976543129,0.56166766570625,0.19688231088167402,0.34557495756149265,wait:0.000000
64,199:6,199,no_addition,False,0.0,0.0,0.0,0.0,0.0,0.0,0.0,0.0,0.0,0.0,0.4127684488429389,0.7572765500424592,0.33328785511729253,0.39501652679189125,wait:0.000000
64,201:0,201,no_addition,False,0.0,0.0,0.0,0.0,0.0,0.0,0.0,0.0,0.0,0.0,0.2468416151391679,0.3791861288622632,0.20072772104470216,0.20987555220806772,wait:0.000000
64,202:24,202,no_addition,False,0.0,0.0,0.0,0.0,0.0,0.0,0.0,0.0,0.0,0.0,0.7207754921652623,0.21672926048736668,0.28961011207828935,0.25946474351074944,wait:0.000000;e:-0.084338
64,203:18,203,no_addition,False,0.0,0.0,0.0,0.0,0.0,0.0,0.0,0.0,0.0,0.0,0.6998933756450564,0.5135264455480919,0.411197420235476,0.35280032812438555,wait:0.000000
64,205:36,205,no_addition,False,0.0,0.0,0.0,0.0,0.0,0.0,0.0,0.0,0.0,0.0,0.43285328084793884,0.6719609006522241,0.37383117714299735,0.2985107416432016,wait:0.000000;d:-0.004123
64,207:0,207,no_addition,False,0.0,0.0,0.0,0.0,0.0,0.0,0.0,0.0,0.0,0.0,0.6384098086343788,0.4328621151935302,0.22389468572080504,0.4123575006396421,wait:0.000000
64,208:18,208,no_addition,False,0.0,0.0,0.0,0.0,0.0,0.0,1.0,0.0,0.0,0.0,0.5181053835434617,0.6719454342725899,0.3859596365912661,0.34099353141222527,wait:0.000000
64,210:30,210,no_addition,False,0.0,0.0,0.0,0.0,0.0,0.0,1.0,0.0,0.0,0.0,0.44475952672854147,0.7220389447621924,0.2334915451941302,0.4483397378262869,wait:0.000000
64,214:6,214,no_addition,False,0.0,0.0,0.0,0.0,0.0,0.0,0.0,0.0,0.0,0.0,0.6973777556884364,0.6322656244963211,0.443590841096819,0.2925123474407271,wait:0.000000
64,215:24,215,no_addition,False,0.0,0.0,0.0,0.0,0.0,0.0,0.0,0.0,0.0,0.0,0.31577440849333327,0.37994453684031615,0.4330328298258135,0.2810765607108209,wait:0.000000
64,216:30,216,no_addition,False,0.0,0.0,0.0,0.0,0.0,0.0,0.0,0.0,0.0,0.0,0.3175768374614446,0.37755529813170224,0.3716142051303562,0.3663120173657725,wait:0.000000;e:-0.046390
64,218:0,218,no_addition,False,0.0,0.0,0.0,0.0,0.0,0.0,0.0,0.0,0.0,0.0,0.5478474919216988,0.6953990924246174,0.22402292046599662,0.387614879129818,wait:0.000000
64,219:30,219,no_addition,False,0.0,0.0,0.0,0.0,0.0,0.0,0.0,0.0,0.0,0.0,0.3752902680647157,0.2554602095816274,0.2189030648837487,0.1653723697381658,wait:0.000000
64,221:12,221,no_addition,False,0.0,0.0,0.0,0.0,0.0,0.0,1.0,1.0,0.0,0.0,0.7497235747418107,0.5535501633248529,0.309422400651154,0.2701802264111867,wait:0.000000
64,223:36,223,no_addition,False,0.16666666666666666,0.0,0.16666666666666666,0.0,0.16666666666666666,0.0,0.0,0.0,0.0,0.0,0.3915561798829378,0.6520878371705706,0.38480721778437793,0.23046662342288557,wait:0.000000;d:-0.052280
64,224:36,224,no_addition,False,0.0,0.0,0.0,0.0,0.0,0.0,0.0,0.0,0.0,0.0,0.2294743163287446,0.5568460840597727,0.22111542484713326,0.2346933860024937,wait:0.000000;d:-0.034514
64,227:0,227,no_addition,False,0.0,0.0,0.0,0.0,0.0,0.0,0.0,0.0,1.0,1.0,0.21252970006963917,0.33194221347429786,0.28280812642659486,0.19354397946438265,wait:0.000000;d:-0.091462
64,233:36,233,no_addition,False,0.0,0.0,0.0,0.0,0.0,0.0,0.0,0.0,0.0,0.0,0.2883489652810065,0.5659356804353154,0.3661647897859952,0.15654664075523303,wait:0.000000;d:-0.126557
64,235:42,235,no_addition,False,0.0,0.0,0.0,0.0,0.0,0.0,0.0,0.0,0.0,0.0,0.7734124738216028,0.34421760689047476,0.38555152318005487,0.4069681172668978,wait:0.000000;e:-0.117061
64,237:42,237,no_addition,False,0.0,0.0,0.0,0.0,0.0,0.0,0.0,0.0,0.0,0.0,0.382901564545861,0.6176370446032488,0.3982392250083961,0.3660945120808948,wait:0.000000;d:-0.073504
64,238:42,238,no_addition,False,0.0,0.0,0.0,0.0,0.0,0.0,1.0,0.0,0.0,0.0,0.6090416165905302,0.8200127207815411,0.42039594827363097,0.35010745305190616,wait:0.000000
65,5:6,5,no_addition,False,0.0,0.0,0.0,0.0,0.0,0.0,1.0,1.0,0.0,1.0,0.6056138184288773,0.529384271486512,0.18627775142604694,0.4363383782700089,wait:0.000000
65,16:30,16,no_addition,False,0.0,0.0,0.0,0.0,0.0,0.0,1.0,0.0,2.0,0.0,0.46272762961493996,0.3149656051564844,0.2728978281068709,0.3551717717820044,wait:0.000000
65,17:30,17,no_addition,False,0.0,0.0,0.0,0.0,0.0,0.0,2.0,1.0,0.0,0.0,0.8478040522841039,0.6862351977358144,0.3932089785910932,0.19506039435618563,wait:0.000000
65,18:30,18,no_addition,False,0.0,0.0,0.0,0.0,0.0,0.0,0.0,0.0,0.0,0.0,0.789595219406467,0.31610341505934425,0.32218590380534096,0.32129346926806296,wait:0.000000;e:-0.056698
65,20:42,20,no_addition,False,0.0,0.0,0.0,0.0,0.0,0.0,2.0,0.0,2.0,1.0,0.4345297018443022,0.42954448827887826,0.4184763919932643,0.4272570148610409,wait:0.000000
65,22:12,22,no_addition,False,0.041666666666666664,0.0,0.041666666666666664,0.0,0.041666666666666664,0.0,2.0,0.0,0.0,1.0,0.5544635073732056,0.5267773685722134,0.1853591411064211,0.31450094045556126,wait:0.000000
65,23:24,23,no_addition,False,0.0,0.0,0.0,0.0,0.0,0.0,1.0,0.0,0.0,1.0,0.7716376588723366,0.3303784738750793,0.3297613636665448,0.35952554001985937,wait:0.000000
65,27:36,27,no_addition,False,0.0,0.0,0.0,0.0,0.0,0.0,0.0,1.0,2.0,0.0,0.25558056218648173,0.8001031267224534,0.2987843698533837,0.19427169431111702,wait:0.000000
65,28:24,28,no_addition,False,0.0,0.0,0.0,0.0,0.0,0.0,0.0,0.0,1.0,0.0,0.1960057499909843,0.30470514648477953,0.2206044920108324,0.3311898819821935,wait:0.000000;e:-0.076856
65,34:6,34,no_addition,False,0.0,0.0,0.0,0.0,0.0,0.0,0.0,2.0,0.0,0.0,0.3025337314011146,0.6838798765011888,0.41646186055116163,0.2610662765689028,wait:0.000000
65,36:0,36,no_addition,False,0.0,0.0,0.0,0.0,0.0,0.0,0.0,0.0,0.0,0.0,0.6024611082725279,0.3836680873249898,0.40868282925775223,0.41900053739797377,wait:0.000000
65,40:6,40,no_addition,False,0.0,0.0,0.0,0.0,0.0,0.0,0.0,0.0,0.0,1.0,0.42705592860894204,0.33738971473005974,0.40979428068998186,0.24866690722000864,wait:0.000000;d:-0.045305
65,42:0,42,no_addition,False,0.0,0.0,0.0,0.0,0.0,0.0,0.0,0.0,0.0,0.0,0.5815746493370327,0.232272433208347,0.3370247532265757,0.2534510171764107,wait:0.000000
65,47:36,47,no_addition,False,0.0,0.0,0.0,0.0,0.0,0.0,0.0,0.0,0.0,0.0,0.519946156673641,0.37419668178960197,0.26250270115202495,0.34677176322672726,wait:0.000000;e:-0.029873
65,50:24,50,no_addition,False,0.0,0.0,0.0,0.0,0.0,0.0,1.0,0.0,2.0,0.0,0.4778041613049498,0.33208155967941855,0.2661547469837424,0.44946089757694324,wait:0.000000;e:-0.170480
65,55:0,55,no_addition,False,0.0,0.0,0.0,0.0,0.0,0.0,0.0,1.0,0.0,0.0,0.4575149512346959,0.7042398437729311,0.27604848689772193,0.21149207820782978,wait:0.000000
65,57:18,57,no_addition,False,0.0,0.0,0.0,0.0,0.0,0.0,1.0,0.0,0.0,0.0,0.4892381622335288,0.24647266114050143,0.3472400286318625,0.32934013747717866,wait:0.000000
65,58:0,58,no_addition,False,0.0,0.0,0.0,0.0,0.0,0.0,0.0,0.0,0.0,0.0,0.7287979765855004,0.3168892329481223,0.22916244037719172,0.25204918347217453,wait:0.000000
65,66:36,66,no_addition,False,0.0,0.0,0.0,0.0,0.0,0.0,0.0,0.0,0.0,0.0,0.5735681254785044,0.20892059648429345,0.35202499334846415,0.26907731313463046,wait:0.000000;e:-0.100981
65,77:42,77,no_addition,False,0.0,0.0,0.0,0.0,0.0,0.0,0.0,0.0,0.0,0.0,0.4916652746904324,0.6219717754372014,0.3366534083233555,0.2973670533494849,wait:0.000000
65,78:42,78,no_addition,False,0.0,0.0,0.0,0.0,0.0,0.0,0.0,0.0,1.0,0.0,0.3859142480178594,0.6789249938309441,0.4290343540047506,0.4241876368144228,wait:0.000000
65,79:24,79,no_addition,False,0.0,0.0,0.0,0.0,0.0,0.0,1.0,0.0,1.0,0.0,0.37403092297448554,0.3688088003362419,0.23897090931600617,0.2980342670728797,wait:0.000000
65,83:36,83,no_addition,False,0.0,0.0,0.0,0.0,0.0,0.0,0.0,0.0,0.0,0.0,0.7675079590330014,0.3247875840090918,0.23823259958918622,0.3571275347972728,wait:0.000000;e:-0.084713
65,84:30,84,no_addition,False,0.0,0.0,0.0,0.0,0.0,0.0,1.0,0.0,0.0,0.0,0.7867746584593245,0.42302857952677253,0.23631765283767825,0.26391723968627046,wait:0.000000
65,87:18,87,no_addition,False,0.0,0.0,0.0,0.0,0.0,0.0,0.0,0.0,0.0,0.0,0.626302853337449,0.30842208455731873,0.20279804993293035,0.35065675570046845,wait:0.000000;e:-0.092977
65,88:24,88,no_addition,False,0.08333333333333333,0.0,0.08333333333333333,0.0,0.08333333333333333,0.0,0.0,0.0,0.0,0.0,0.22699656335892954,0.4339584147888384,0.38998430175097165,0.3730679206252907,wait:0.000000
65,93:24,93,no_addition,False,0.0,0.0,0.0,0.0,0.0,0.0,1.0,0.0,0.0,1.0,0.5266209421109417,0.34343101513832097,0.30315833026947697,0.4141443069013125,wait:0.508508;e:0.226333
65,94:18,94,no_addition,False,0.0,0.0,0.0,0.0,0.0,0.0,0.0,1.0,0.0,0.0,0.2637070086392537,0.7036935890645399,0.21800924687211456,0.38576636836737893,wait:0.000000
65,95:6,95,no_addition,False,0.0,0.0,0.0,0.0,0.0,0.0,1.0,0.0,1.0,0.0,0.34122836748957913,0.2733800246189298,0.3797239704460827,0.26511376606491255,wait:0.000000;d:-0.092508
65,97:24,97,no_addition,False,0.0,0.0,0.0,0.0,0.0,0.0,1.0,0.0,1.0,0.0,0.39171755275326253,0.5993719833286713,0.30224413357827734,0.19373823302790918,wait:0.000000
65,100:42,100,no_addition,False,0.0,0.0,0.0,0.0,0.0,0.0,0.0,0.0,1.0,0.0,0.47208613818826795,0.29030114751069164,0.36878883914846133,0.3520160664731562,wait:0.000000
65,107:18,107,no_addition,False,0.0,0.0,0.0,0.0,0.0,0.0,0.0,0.0,1.0,0.0,0.19106870068850026,0.3602509043392173,0.3467836357187902,0.3787669519245653,wait:0.000000;d:-0.174760
65,108:0,108,no_addition,False,0.0,0.0,0.0,0.0,0.0,0.0,0.0,0.0,0.0,0.0,0.35572902033027753,0.5585858136843243,0.4051152694937241,0.34700663599438875,wait:0.000000;d:-0.104844
65,112:42,112,no_addition,False,0.0,0.0,0.0,0.0,0.0,0.0,1.0,0.0,1.0,0.0,0.35757173350848565,0.28540965535272256,0.22254415227644214,0.20283773666009824,wait:0.000000
65,117:12,117,no_addition,False,0.0,0.0,0.0,0.0,0.0,0.0,0.0,1.0,0.0,0.0,0.7725694518870738,0.6823781252093812,0.22248103607028888,0.2401405260341156,wait:0.000000
65,120:42,120,no_addition,False,0.0,0.0,0.0,0.0,0.0,0.0,0.0,0.0,0.0,0.0,0.759163703067264,0.3754962022302436,0.203130339038933,0.3923393420191187,wait:0.000000
65,124:36,124,no_addition,False,0.0,0.0,0.0,0.0,0.0,0.0,1.0,0.0,1.0,1.0,0.6285958196150037,0.5066460576475826,0.28748670474943666,0.4403262542165151,wait:0.000000;e:-0.004180
65,125:0,125,no_addition,False,0.0,0.0,0.0,0.0,0.0,0.0,0.0,0.0,0.0,0.0,0.33640190342749543,0.49820659672540646,0.3253573236434573,0.3975528526902157,wait:0.000000
65,126:42,126,no_addition,False,0.0,0.0,0.0,0.0,0.0,0.0,0.0,0.0,0.0,0.0,0.37921000468567934,0.7750319384665738,0.1817981979992302,0.4042363712280874,wait:0.000000
65,131:12,131,no_addition,False,0.0,0.0,0.0,0.0,0.0,0.0,0.0,0.0,1.0,0.0,0.2494521618294632,0.5871447970231283,0.37985692616415667,0.3889506118451608,wait:0.000000;d:-0.175269
65,149:30,149,no_addition,False,0.0,0.0,0.0,0.0,0.0,0.0,0.0,0.0,0.0,0.0,0.2713909454604943,0.6541471651235125,0.19879566477615832,0.2377602708974282,wait:0.000000
65,153:6,153,no_addition,False,0.0,0.0,0.0,0.0,0.0,0.0,0.0,0.0,0.0,0.0,0.49527004045165035,0.7227862591583962,0.25663317833606647,0.3716738497836488,wait:0.000000
65,159:0,159,no_addition,False,0.0,0.0,0.0,0.0,0.0,0.0,1.0,0.0,0.0,0.0,0.8474312548271206,0.7545088473815509,0.3379496723410936,0.4064367469037631,wait:0.000000
65,164:30,164,no_addition,False,0.0,0.0,0.0,0.0,0.0,0.0,0.0,0.0,0.0,0.0,0.4114362483026438,0.2333050558785399,0.2900040903492713,0.4084117408635823,wait:0.000000;e:-0.218361
65,168:0,168,no_addition,False,0.0,0.0,0.0,0.0,0.0,0.0,1.0,0.0,1.0,0.0,0.3755780482129814,0.714687257737433,0.2124602298368124,0.3434550845162469,wait:0.000000
65,169:42,169,no_addition,False,0.0,0.0,0.0,0.0,0.0,0.0,1.0,0.0,0.0,0.0,0.6836903586191382,0.3165174786163057,0.32831279278468456,0.35255123439538055,wait:0.000000;e:-0.087583
65,170:0,170,no_addition,False,0.0,0.0,0.0,0.0,0.0,0.0,0.0,0.0,0.0,0.0,0.5086100046936499,0.4051155287561089,0.3137915355224336,0.3714260410134784,wait:0.000000
65,176:6,176,no_addition,False,0.0,0.0,0.0,0.0,0.0,0.0,0.0,0.0,0.0,0.0,0.4992966896067701,0.7367207112421665,0.29667236080361553,0.19039524472284738,wait:0.000000
65,178:0,178,no_addition,False,0.0,0.0,0.0,0.0,0.0,0.0,0.0,0.0,1.0,0.0,0.17326396658445267,0.6128680806839006,0.30242028894009604,0.26244031453647154,wait:0.000000
65,181:12,181,no_addition,False,0.0,0.0,0.0,0.0,0.0,0.0,0.0,0.0,0.0,0.0,0.7946355321921084,0.42162272232813014,0.39624013053372786,0.3667363039972709,wait:0.000000
65,184:12,184,no_addition,False,0.0,0.0,0.0,0.0,0.0,0.0,0.0,0.0,0.0,0.0,0.34884259019452324,0.2994402084407679,0.3329551098625529,0.29829461350477027,wait:0.000000
65,187:6,187,no_addition,False,0.16666666666666666,0.0,0.16666666666666666,0.0,0.16666666666666666,0.0,0.0,0.0,0.0,0.0,0.3211819069178439,0.5554585001628527,0.3500541557905366,0.3298573274808079,wait:0.000000
65,197:24,197,no_addition,False,0.0,0.0,0.0,0.0,0.0,0.0,0.0,0.0,0.0,0.0,0.4379469976543129,0.56166766570625,0.19688231088167402,0.34557495756149265,wait:0.000000
65,199:6,199,no_addition,False,0.0,0.0,0.0,0.0,0.0,0.0,0.0,0.0,0.0,0.0,0.4127684488429389,0.7572765500424592,0.33328785511729253,0.39501652679189125,wait:0.000000
65,201:0,201,no_addition,False,0.0,0.0,0.0,0.0,0.0,0.0,0.0,0.0,0.0,0.0,0.2468416151391679,0.3791861288622632,0.20072772104470216,0.20987555220806772,wait:0.000000
65,202:24,202,no_addition,False,0.0,0.0,0.0,0.0,0.0,0.0,0.0,0.0,0.0,0.0,0.7207754921652623,0.21672926048736668,0.28961011207828935,0.25946474351074944,wait:0.000000;e:-0.084338
65,203:18,203,no_addition,False,0.0,0.0,0.0,0.0,0.0,0.0,0.0,0.0,0.0,0.0,0.6998933756450564,0.5135264455480919,0.411197420235476,0.35280032812438555,wait:0.000000
65,205:36,205,no_addition,False,0.0,0.0,0.0,0.0,0.0,0.0,0.0,0.0,0.0,0.0,0.43285328084793884,0.6719609006522241,0.37383117714299735,0.2985107416432016,wait:0.000000;d:-0.004123
65,207:0,207,no_addition,False,0.0,0.0,0.0,0.0,0.0,0.0,0.0,0.0,0.0,0.0,0.6384098086343788,0.4328621151935302,0.22389468572080504,0.4123575006396421,wait:0.000000
65,208:18,208,no_addition,False,0.0,0.0,0.0,0.0,0.0,0.0,1.0,0.0,0.0,0.0,0.5181053835434617,0.6719454342725899,0.3859596365912661,0.34099353141222527,wait:0.000000
65,210:30,210,no_addition,False,0.0,0.0,0.0,0.0,0.0,0.0,1.0,0.0,0.0,0.0,0.44475952672854147,0.7220389447621924,0.2334915451941302,0.4483397378262869,wait:0.000000
65,214:6,214,no_addition,False,0.0,0.0,0.0,0.0,0.0,0.0,0.0,0.0,0.0,0.0,0.6973777556884364,0.6322656244963211,0.443590841096819,0.2925123474407271,wait:0.000000
65,215:24,215,no_addition,False,0.0,0.0,0.0,0.0,0.0,0.0,0.0,0.0,0.0,0.0,0.31577440849333327,0.37994453684031615,0.4330328298258135,0.2810765607108209,wait:0.000000
65,216:30,216,no_addition,False,0.0,0.0,0.0,0.0,0.0,0.0,0.0,0.0,0.0,0.0,0.3175768374614446,0.37755529813170224,0.3716142051303562,0.3663120173657725,wait:0.000000;e:-0.046390
65,218:0,218,no_addition,False,0.0,0.0,0.0,0.0,0.0,0.0,0.0,0.0,0.0,0.0,0.5478474919216988,0.6953990924246174,0.22402292046599662,0.387614879129818,wait:0.000000
65,219:30,219,no_addition,False,0.0,0.0,0.0,0.0,0.0,0.0,0.0,0.0,0.0,0.0,0.3752902680647157,0.2554602095816274,0.2189030648837487,0.1653723697381658,wait:0.000000
65,221:12,221,no_addition,False,0.0,0.0,0.0,0.0,0.0,0.0,1.0,1.0,0.0,0.0,0.7497235747418107,0.5535501633248529,0.309422400651154,0.2701802264111867,wait:0.000000
65,223:36,223,no_addition,False,0.16666666666666666,0.0,0.16666666666666666,0.0,0.16666666666666666,0.0,0.0,0.0,0.0,0.0,0.3915561798829378,0.6520878371705706,0.38480721778437793,0.23046662342288557,wait:0.000000;d:-0.052280
65,224:36,224,no_addition,False,0.0,0.0,0.0,0.0,0.0,0.0,0.0,0.0,0.0,0.0,0.2294743163287446,0.5568460840597727,0.22111542484713326,0.2346933860024937,wait:0.000000;d:-0.034514
65,227:0,227,no_addition,False,0.0,0.0,0.0,0.0,0.0,0.0,0.0,0.0,1.0,0.0,0.21252970006963917,0.47420316210613983,0.28280812642659486,0.19354397946438265,wait:0.000000;d:-0.091462
65,233:36,233,no_addition,False,0.0,0.0,0.0,0.0,0.0,0.0,0.0,0.0,0.0,0.0,0.2883489652810065,0.5659356804353154,0.3661647897859952,0.15654664075523303,wait:0.000000;d:-0.126557
65,235:42,235,no_addition,False,0.0,0.0,0.0,0.0,0.0,0.0,0.0,0.0,0.0,0.0,0.7734124738216028,0.34421760689047476,0.38555152318005487,0.4069681172668978,wait:0.000000;e:-0.117061
65,237:42,237,no_addition,False,0.0,0.0,0.0,0.0,0.0,0.0,0.0,0.0,0.0,0.0,0.382901564545861,0.6176370446032488,0.3982392250083961,0.3660945120808948,wait:0.000000;d:-0.073504
65,238:42,238,no_addition,False,0.0,0.0,0.0,0.0,0.0,0.0,1.0,0.0,0.0,0.0,0.6090416165905302,0.8200127207815411,0.42039594827363097,0.35010745305190616,wait:0.000000
