block,seed,single,path_single,path_both,count,total,share
base,0,domestic_only,none,none,0,69,0.0
base,0,domestic_only,none,d_only,0,69,0.0
base,0,domestic_only,none,e_only,0,69,0.0
base,0,domestic_only,none,simultaneous,0,69,0.0
base,0,domestic_only,none,d_to_e,0,69,0.0
base,0,domestic_only,none,e_to_d,0,69,0.0
base,0,domestic_only,d_only,none,0,69,0.0
base,0,domestic_only,d_only,d_only,32,69,0.463768115942029
base,0,domestic_only,d_only,e_only,0,69,0.0
base,0,domestic_only,d_only,simultaneous,7,69,0.10144927536231885
base,0,domestic_only,d_only,d_to_e,24,69,0.34782608695652173
base,0,domestic_only,d_only,e_to_d,6,69,0.08695652173913043
base,0,domestic_only,e_only,none,0,69,0.0
base,0,domestic_only,e_only,d_only,0,69,0.0
base,0,domestic_only,e_only,e_only,0,69,0.0
base,0,domestic_only,e_only,simultaneous,0,69,0.0
base,0,domestic_only,e_only,d_to_e,0,69,0.0
base,0,domestic_only,e_only,e_to_d,0,69,0.0
base,0,domestic_only,simultaneous,none,0,69,0.0
base,0,domestic_only,simultaneous,d_only,0,69,0.0
base,0,domestic_only,simultaneous,e_only,0,69,0.0
base,0,domestic_only,simultaneous,simultaneous,0,69,0.0
base,0,domestic_only,simultaneous,d_to_e,0,69,0.0
base,0,domestic_only,simultaneous,e_to_d,0,69,0.0
base,0,domestic_only,d_to_e,none,0,69,0.0
base,0,domestic_only,d_to_e,d_only,0,69,0.0
base,0,domestic_only,d_to_e,e_only,0,69,0.0
base,0,domestic_only,d_to_e,simultaneous,0,69,0.0
base,0,domestic_only,d_to_e,d_to_e,0,69,0.0
base,0,domestic_only,d_to_e,e_to_d,0,69,0.0
base,0,domestic_only,e_to_d,none,0,69,0.0
base,0,domestic_only,e_to_d,d_only,0,69,0.0
base,0,domestic_only,e_to_d,e_only,0,69,0.0
base,0,domestic_only,e_to_d,simultaneous,0,69,0.0
base,0,domestic_only,e_to_d,d_to_e,0,69,0.0
base,0,domestic_only,e_to_d,e_to_d,0,69,0.0
base,0,customer_only,none,none,0,69,0.0
base,0,customer_only,none,d_only,15,69,0.21739130434782608
base,0,customer_only,none,e_only,0,69,0.0
base,0,customer_only,none,simultaneous,0,69,0.0
base,0,customer_only,none,d_to_e,0,69,0.0
base,0,customer_only,none,e_to_d,0,69,0.0
base,0,customer_only,d_only,none,0,69,0.0
base,0,customer_only,d_only,d_only,0,69,0.0
base,0,customer_only,d_only,e_only,0,69,0.0
base,0,customer_only,d_only,simultaneous,0,69,0.0
base,0,customer_only,d_only,d_to_e,0,69,0.0
base,0,customer_only,d_only,e_to_d,0,69,0.0
base,0,customer_only,e_only,none,0,69,0.0
base,0,customer_only,e_only,d_only,17,69,0.2463768115942029
base,0,customer_only,e_only,e_only,0,69,0.0
base,0,customer_only,e_only,simultaneous,7,69,0.10144927536231885
base,0,customer_only,e_only,d_to_e,24,69,0.34782608695652173
base,0,customer_only,e_only,e_to_d,6,69,0.08695652173913043
base,0,customer_only,simultaneous,none,0,69,0.0
base,0,customer_only,simultaneous,d_only,0,69,0.0
base,0,customer_only,simultaneous,e_only,0,69,0.0
base,0,customer_only,simultaneous,simultaneous,0,69,0.0
base,0,customer_only,simultaneous,d_to_e,0,69,0.0
base,0,customer_only,simultaneous,e_to_d,0,69,0.0
base,0,customer_only,d_to_e,none,0,69,0.0
base,0,customer_only,d_to_e,d_only,0,69,0.0
base,0,customer_only,d_to_e,e_only,0,69,0.0
base,0,customer_only,d_to_e,simultaneous,0,69,0.0
base,0,customer_only,d_to_e,d_to_e,0,69,0.0
base,0,customer_only,d_to_e,e_to_d,0,69,0.0
base,0,customer_only,e_to_d,none,0,69,0.0
base,0,customer_only,e_to_d,d_only,0,69,0.0
base,0,customer_only,e_to_d,e_only,0,69,0.0
base,0,customer_only,e_to_d,simultaneous,0,69,0.0
base,0,customer_only,e_to_d,d_to_e,0,69,0.0
base,0,customer_only,e_to_d,e_to_d,0,69,0.0
base,1,domestic_only,none,none,0,81,0.0
base,1,domestic_only,none,d_only,0,81,0.0
base,1,domestic_only,none,e_only,0,81,0.0
base,1,domestic_only,none,simultaneous,0,81,0.0
base,1,domestic_only,none,d_to_e,0,81,0.0
base,1,domestic_only,none,e_to_d,0,81,0.0
base,1,domestic_only,d_only,none,0,81,0.0
base,1,domestic_only,d_only,d_only,35,81,0.43209876543209874
base,1,domestic_only,d_only,e_only,1,81,0.012345679012345678
base,1,domestic_only,d_only,simultaneous,14,81,0.1728395061728395
base,1,domestic_only,d_only,d_to_e,29,81,0.35802469135802467
base,1,domestic_only,d_only,e_to_d,2,81,0.024691358024691357
base,1,domestic_only,e_only,none,0,81,0.0
base,1,domestic_only,e_only,d_only,0,81,0.0
base,1,domestic_only,e_only,e_only,0,81,0.0
base,1,domestic_only,e_only,simultaneous,0,81,0.0
base,1,domestic_only,e_only,d_to_e,0,81,0.0
base,1,domestic_only,e_only,e_to_d,0,81,0.0
base,1,domestic_only,simultaneous,none,0,81,0.0
base,1,domestic_only,simultaneous,d_only,0,81,0.0
base,1,domestic_only,simultaneous,e_only,0,81,0.0
base,1,domestic_only,simultaneous,simultaneous,0,81,0.0
base,1,domestic_only,simultaneous,d_to_e,0,81,0.0
base,1,domestic_only,simultaneous,e_to_d,0,81,0.0
base,1,domestic_only,d_to_e,none,0,81,0.0
base,1,domestic_only,d_to_e,d_only,0,81,0.0
base,1,domestic_only,d_to_e,e_only,0,81,0.0
base,1,domestic_only,d_to_e,simultaneous,0,81,0.0
base,1,domestic_only,d_to_e,d_to_e,0,81,0.0
base,1,domestic_only,d_to_e,e_to_d,0,81,0.0
base,1,domestic_only,e_to_d,none,0,81,0.0
base,1,domestic_only,e_to_d,d_only,0,81,0.0
base,1,domestic_only,e_to_d,e_only,0,81,0.0
base,1,domestic_only,e_to_d,simultaneous,0,81,0.0
base,1,domestic_only,e_to_d,d_to_e,0,81,0.0
base,1,domestic_only,e_to_d,e_to_d,0,81,0.0
base,1,customer_only,none,none,0,81,0.0
base,1,customer_only,none,d_only,22,81,0.2716049382716049
base,1,customer_only,none,e_only,0,81,0.0
base,1,customer_only,none,simultaneous,0,81,0.0
base,1,customer_only,none,d_to_e,0,81,0.0
base,1,customer_only,none,e_to_d,0,81,0.0
base,1,customer_only,d_only,none,0,81,0.0
base,1,customer_only,d_only,d_only,0,81,0.0
base,1,customer_only,d_only,e_only,0,81,0.0
base,1,customer_only,d_only,simultaneous,0,81,0.0
base,1,customer_only,d_only,d_to_e,0,81,0.0
base,1,customer_only,d_only,e_to_d,0,81,0.0
base,1,customer_only,e_only,none,0,81,0.0
base,1,customer_only,e_only,d_only,13,81,0.16049382716049382
base,1,customer_only,e_only,e_only,1,81,0.012345679012345678
base,1,customer_only,e_only,simultaneous,14,81,0.1728395061728395
base,1,customer_only,e_only,d_to_e,29,81,0.35802469135802467
base,1,customer_only,e_only,e_to_d,2,81,0.024691358024691357
base,1,customer_only,simultaneous,none,0,81,0.0
base,1,customer_only,simultaneous,d_only,0,81,0.0
base,1,customer_only,simultaneous,e_only,0,81,0.0
base,1,customer_only,simultaneous,simultaneous,0,81,0.0
base,1,customer_only,simultaneous,d_to_e,0,81,0.0
base,1,customer_only,simultaneous,e_to_d,0,81,0.0
base,1,customer_only,d_to_e,none,0,81,0.0
base,1,customer_only,d_to_e,d_only,0,81,0.0
base,1,customer_only,d_to_e,e_only,0,81,0.0
base,1,customer_only,d_to_e,simultaneous,0,81,0.0
base,1,customer_only,d_to_e,d_to_e,0,81,0.0
base,1,customer_only,d_to_e,e_to_d,0,81,0.0
base,1,customer_only,e_to_d,none,0,81,0.0
base,1,customer_only,e_to_d,d_only,0,81,0.0
base,1,customer_only,e_to_d,e_only,0,81,0.0
base,1,customer_only,e_to_d,simultaneous,0,81,0.0
base,1,customer_only,e_to_d,d_to_e,0,81,0.0
base,1,customer_only,e_to_d,e_to_d,0,81,0.0
base,2,domestic_only,none,none,0,75,0.0
base,2,domestic_only,none,d_only,0,75,0.0
base,2,domestic_only,none,e_only,0,75,0.0
base,2,domestic_only,none,simultaneous,0,75,0.0
base,2,domestic_only,none,d_to_e,0,75,0.0
base,2,domestic_only,none,e_to_d,0,75,0.0
base,2,domestic_only,d_only,none,0,75,0.0
base,2,domestic_only,d_only,d_only,41,75,0.5466666666666666
base,2,domestic_only,d_only,e_only,0,75,0.0
base,2,domestic_only,d_only,simultaneous,10,75,0.13333333333333333
base,2,domestic_only,d_only,d_to_e,20,75,0.26666666666666666
base,2,domestic_only,d_only,e_to_d,4,75,0.05333333333333334
base,2,domestic_only,e_only,none,0,75,0.0
base,2,domestic_only,e_only,d_only,0,75,0.0
base,2,domestic_only,e_only,e_only,0,75,0.0
base,2,domestic_only,e_only,simultaneous,0,75,0.0
base,2,domestic_only,e_only,d_to_e,0,75,0.0
base,2,domestic_only,e_only,e_to_d,0,75,0.0
base,2,domestic_only,simultaneous,none,0,75,0.0
base,2,domestic_only,simultaneous,d_only,0,75,0.0
base,2,domestic_only,simultaneous,e_only,0,75,0.0
base,2,domestic_only,simultaneous,simultaneous,0,75,0.0
base,2,domestic_only,simultaneous,d_to_e,0,75,0.0
base,2,domestic_only,simultaneous,e_to_d,0,75,0.0
base,2,domestic_only,d_to_e,none,0,75,0.0
base,2,domestic_only,d_to_e,d_only,0,75,0.0
base,2,domestic_only,d_to_e,e_only,0,75,0.0
base,2,domestic_only,d_to_e,simultaneous,0,75,0.0
base,2,domestic_only,d_to_e,d_to_e,0,75,0.0
base,2,domestic_only,d_to_e,e_to_d,0,75,0.0
base,2,domestic_only,e_to_d,none,0,75,0.0
base,2,domestic_only,e_to_d,d_only,0,75,0.0
base,2,domestic_only,e_to_d,e_only,0,75,0.0
base,2,domestic_only,e_to_d,simultaneous,0,75,0.0
base,2,domestic_only,e_to_d,d_to_e,0,75,0.0
base,2,domestic_only,e_to_d,e_to_d,0,75,0.0
base,2,customer_only,none,none,0,75,0.0
base,2,customer_only,none,d_only,27,75,0.36
base,2,customer_only,none,e_only,0,75,0.0
base,2,customer_only,none,simultaneous,0,75,0.0
base,2,customer_only,none,d_to_e,1,75,0.013333333333333334
base,2,customer_only,none,e_to_d,0,75,0.0
base,2,customer_only,d_only,none,0,75,0.0
base,2,customer_only,d_only,d_only,0,75,0.0
base,2,customer_only,d_only,e_only,0,75,0.0
base,2,customer_only,d_only,simultaneous,0,75,0.0
base,2,customer_only,d_only,d_to_e,0,75,0.0
base,2,customer_only,d_only,e_to_d,0,75,0.0
base,2,customer_only,e_only,none,0,75,0.0
base,2,customer_only,e_only,d_only,14,75,0.18666666666666668
base,2,customer_only,e_only,e_only,0,75,0.0
base,2,customer_only,e_only,simultaneous,10,75,0.13333333333333333
base,2,customer_only,e_only,d_to_e,19,75,0.25333333333333335
base,2,customer_only,e_only,e_to_d,4,75,0.05333333333333334
base,2,customer_only,simultaneous,none,0,75,0.0
base,2,customer_only,simultaneous,d_only,0,75,0.0
base,2,customer_only,simultaneous,e_only,0,75,0.0
base,2,customer_only,simultaneous,simultaneous,0,75,0.0
base,2,customer_only,simultaneous,d_to_e,0,75,0.0
base,2,customer_only,simultaneous,e_to_d,0,75,0.0
base,2,customer_only,d_to_e,none,0,75,0.0
base,2,customer_only,d_to_e,d_only,0,75,0.0
base,2,customer_only,d_to_e,e_only,0,75,0.0
base,2,customer_only,d_to_e,simultaneous,0,75,0.0
base,2,customer_only,d_to_e,d_to_e,0,75,0.0
base,2,customer_only,d_to_e,e_to_d,0,75,0.0
base,2,customer_only,e_to_d,none,0,75,0.0
base,2,customer_only,e_to_d,d_only,0,75,0.0
base,2,customer_only,e_to_d,e_only,0,75,0.0
base,2,customer_only,e_to_d,simultaneous,0,75,0.0
base,2,customer_only,e_to_d,d_to_e,0,75,0.0
base,2,customer_only,e_to_d,e_to_d,0,75,0.0
base,3,domestic_only,none,none,0,84,0.0
base,3,domestic_only,none,d_only,0,84,0.0
base,3,domestic_only,none,e_only,0,84,0.0
base,3,domestic_only,none,simultaneous,0,84,0.0
base,3,domestic_only,none,d_to_e,0,84,0.0
base,3,domestic_only,none,e_to_d,0,84,0.0
base,3,domestic_only,d_only,none,0,84,0.0
base,3,domestic_only,d_only,d_only,43,84,0.5119047619047619
base,3,domestic_only,d_only,e_only,4,84,0.047619047619047616
base,3,domestic_only,d_only,simultaneous,6,84,0.07142857142857142
base,3,domestic_only,d_only,d_to_e,29,84,0.34523809523809523
base,3,domestic_only,d_only,e_to_d,2,84,0.023809523809523808
base,3,domestic_only,e_only,none,0,84,0.0
base,3,domestic_only,e_only,d_only,0,84,0.0
base,3,domestic_only,e_only,e_only,0,84,0.0
base,3,domestic_only,e_only,simultaneous,0,84,0.0
base,3,domestic_only,e_only,d_to_e,0,84,0.0
base,3,domestic_only,e_only,e_to_d,0,84,0.0
base,3,domestic_only,simultaneous,none,0,84,0.0
base,3,domestic_only,simultaneous,d_only,0,84,0.0
base,3,domestic_only,simultaneous,e_only,0,84,0.0
base,3,domestic_only,simultaneous,simultaneous,0,84,0.0
base,3,domestic_only,simultaneous,d_to_e,0,84,0.0
base,3,domestic_only,simultaneous,e_to_d,0,84,0.0
base,3,domestic_only,d_to_e,none,0,84,0.0
base,3,domestic_only,d_to_e,d_only,0,84,0.0
base,3,domestic_only,d_to_e,e_only,0,84,0.0
base,3,domestic_only,d_to_e,simultaneous,0,84,0.0
base,3,domestic_only,d_to_e,d_to_e,0,84,0.0
base,3,domestic_only,d_to_e,e_to_d,0,84,0.0
base,3,domestic_only,e_to_d,none,0,84,0.0
base,3,domestic_only,e_to_d,d_only,0,84,0.0
base,3,domestic_only,e_to_d,e_only,0,84,0.0
base,3,domestic_only,e_to_d,simultaneous,0,84,0.0
base,3,domestic_only,e_to_d,d_to_e,0,84,0.0
base,3,domestic_only,e_to_d,e_to_d,0,84,0.0
base,3,customer_only,none,none,0,84,0.0
base,3,customer_only,none,d_only,28,84,0.3333333333333333
base,3,customer_only,none,e_only,0,84,0.0
base,3,customer_only,none,simultaneous,0,84,0.0
base,3,customer_only,none,d_to_e,0,84,0.0
base,3,customer_only,none,e_to_d,0,84,0.0
base,3,customer_only,d_only,none,0,84,0.0
base,3,customer_only,d_only,d_only,0,84,0.0
base,3,customer_only,d_only,e_only,0,84,0.0
base,3,customer_only,d_only,simultaneous,0,84,0.0
base,3,customer_only,d_only,d_to_e,0,84,0.0
base,3,customer_only,d_only,e_to_d,0,84,0.0
base,3,customer_only,e_only,none,0,84,0.0
base,3,customer_only,e_only,d_only,15,84,0.17857142857142858
base,3,customer_only,e_only,e_only,4,84,0.047619047619047616
base,3,customer_only,e_only,simultaneous,6,84,0.07142857142857142
base,3,customer_only,e_only,d_to_e,29,84,0.34523809523809523
base,3,customer_only,e_only,e_to_d,2,84,0.023809523809523808
base,3,customer_only,simultaneous,none,0,84,0.0
base,3,customer_only,simultaneous,d_only,0,84,0.0
base,3,customer_only,simultaneous,e_only,0,84,0.0
base,3,customer_only,simultaneous,simultaneous,0,84,0.0
base,3,customer_only,simultaneous,d_to_e,0,84,0.0
base,3,customer_only,simultaneous,e_to_d,0,84,0.0
base,3,customer_only,d_to_e,none,0,84,0.0
base,3,customer_only,d_to_e,d_only,0,84,0.0
base,3,customer_only,d_to_e,e_only,0,84,0.0
base,3,customer_only,d_to_e,simultaneous,0,84,0.0
base,3,customer_only,d_to_e,d_to_e,0,84,0.0
base,3,customer_only,d_to_e,e_to_d,0,84,0.0
base,3,customer_only,e_to_d,none,0,84,0.0
base,3,customer_only,e_to_d,d_only,0,84,0.0
base,3,customer_only,e_to_d,e_only,0,84,0.0
base,3,customer_only,e_to_d,simultaneous,0,84,0.0
base,3,customer_only,e_to_d,d_to_e,0,84,0.0
base,3,customer_only,e_to_d,e_to_d,0,84,0.0
base,4,domestic_only,none,none,0,82,0.0
base,4,domestic_only,none,d_only,0,82,0.0
base,4,domestic_only,none,e_only,0,82,0.0
base,4,domestic_only,none,simultaneous,0,82,0.0
base,4,domestic_only,none,d_to_e,0,82,0.0
base,4,domestic_only,none,e_to_d,0,82,0.0
base,4,domestic_only,d_only,none,0,82,0.0
base,4,domestic_only,d_only,d_only,52,82,0.6341463414634146
base,4,domestic_only,d_only,e_only,2,82,0.024390243902439025
base,4,domestic_only,d_only,simultaneous,5,82,0.06097560975609756
base,4,domestic_only,d_only,d_to_e,19,82,0.23170731707317074
base,4,domestic_only,d_only,e_to_d,4,82,0.04878048780487805
base,4,domestic_only,e_only,none,0,82,0.0
base,4,domestic_only,e_only,d_only,0,82,0.0
base,4,domestic_only,e_only,e_only,0,82,0.0
base,4,domestic_only,e_only,simultaneous,0,82,0.0
base,4,domestic_only,e_only,d_to_e,0,82,0.0
base,4,domestic_only,e_only,e_to_d,0,82,0.0
base,4,domestic_only,simultaneous,none,0,82,0.0
base,4,domestic_only,simultaneous,d_only,0,82,0.0
base,4,domestic_only,simultaneous,e_only,0,82,0.0
base,4,domestic_only,simultaneous,simultaneous,0,82,0.0
base,4,domestic_only,simultaneous,d_to_e,0,82,0.0
base,4,domestic_only,simultaneous,e_to_d,0,82,0.0
base,4,domestic_only,d_to_e,none,0,82,0.0
base,4,domestic_only,d_to_e,d_only,0,82,0.0
base,4,domestic_only,d_to_e,e_only,0,82,0.0
base,4,domestic_only,d_to_e,simultaneous,0,82,0.0
base,4,domestic_only,d_to_e,d_to_e,0,82,0.0
base,4,domestic_only,d_to_e,e_to_d,0,82,0.0
base,4,domestic_only,e_to_d,none,0,82,0.0
base,4,domestic_only,e_to_d,d_only,0,82,0.0
base,4,domestic_only,e_to_d,e_only,0,82,0.0
base,4,domestic_only,e_to_d,simultaneous,0,82,0.0
base,4,domestic_only,e_to_d,d_to_e,0,82,0.0
base,4,domestic_only,e_to_d,e_to_d,0,82,0.0
base,4,customer_only,none,none,0,82,0.0
base,4,customer_only,none,d_only,45,82,0.5487804878048781
base,4,customer_only,none,e_only,0,82,0.0
base,4,customer_only,none,simultaneous,0,82,0.0
base,4,customer_only,none,d_to_e,0,82,0.0
base,4,customer_only,none,e_to_d,0,82,0.0
base,4,customer_only,d_only,none,0,82,0.0
base,4,customer_only,d_only,d_only,0,82,0.0
base,4,customer_only,d_only,e_only,0,82,0.0
base,4,customer_only,d_only,simultaneous,0,82,0.0
base,4,customer_only,d_only,d_to_e,0,82,0.0
base,4,customer_only,d_only,e_to_d,0,82,0.0
base,4,customer_only,e_only,none,0,82,0.0
base,4,customer_only,e_only,d_only,7,82,0.08536585365853659
base,4,customer_only,e_only,e_only,2,82,0.024390243902439025
base,4,customer_only,e_only,simultaneous,5,82,0.06097560975609756
base,4,customer_only,e_only,d_to_e,19,82,0.23170731707317074
base,4,customer_only,e_only,e_to_d,4,82,0.04878048780487805
base,4,customer_only,simultaneous,none,0,82,0.0
base,4,customer_only,simultaneous,d_only,0,82,0.0
base,4,customer_only,simultaneous,e_only,0,82,0.0
base,4,customer_only,simultaneous,simultaneous,0,82,0.0
base,4,customer_only,simultaneous,d_to_e,0,82,0.0
base,4,customer_only,simultaneous,e_to_d,0,82,0.0
base,4,customer_only,d_to_e,none,0,82,0.0
base,4,customer_only,d_to_e,d_only,0,82,0.0
base,4,customer_only,d_to_e,e_only,0,82,0.0
base,4,customer_only,d_to_e,simultaneous,0,82,0.0
base,4,customer_only,d_to_e,d_to_e,0,82,0.0
base,4,customer_only,d_to_e,e_to_d,0,82,0.0
base,4,customer_only,e_to_d,none,0,82,0.0
base,4,customer_only,e_to_d,d_only,0,82,0.0
base,4,customer_only,e_to_d,e_only,0,82,0.0
base,4,customer_only,e_to_d,simultaneous,0,82,0.0
base,4,customer_only,e_to_d,d_to_e,0,82,0.0
base,4,customer_only,e_to_d,e_to_d,0,82,0.0
base,5,domestic_only,none,none,0,85,0.0
base,5,domestic_only,none,d_only,0,85,0.0
base,5,domestic_only,none,e_only,0,85,0.0
base,5,domestic_only,none,simultaneous,0,85,0.0
base,5,domestic_only,none,d_to_e,0,85,0.0
base,5,domestic_only,none,e_to_d,0,85,0.0
base,5,domestic_only,d_only,none,0,85,0.0
base,5,domestic_only,d_only,d_only,46,85,0.5411764705882353
base,5,domestic_only,d_only,e_only,1,85,0.011764705882352941
base,5,domestic_only,d_only,simultaneous,6,85,0.07058823529411765
base,5,domestic_only,d_only,d_to_e,25,85,0.29411764705882354
base,5,domestic_only,d_only,e_to_d,7,85,0.08235294117647059
base,5,domestic_only,e_only,none,0,85,0.0
base,5,domestic_only,e_only,d_only,0,85,0.0
base,5,domestic_only,e_only,e_only,0,85,0.0
base,5,domestic_only,e_only,simultaneous,0,85,0.0
base,5,domestic_only,e_only,d_to_e,0,85,0.0
base,5,domestic_only,e_only,e_to_d,0,85,0.0
base,5,domestic_only,simultaneous,none,0,85,0.0
base,5,domestic_only,simultaneous,d_only,0,85,0.0
base,5,domestic_only,simultaneous,e_only,0,85,0.0
base,5,domestic_only,simultaneous,simultaneous,0,85,0.0
base,5,domestic_only,simultaneous,d_to_e,0,85,0.0
base,5,domestic_only,simultaneous,e_to_d,0,85,0.0
base,5,domestic_only,d_to_e,none,0,85,0.0
base,5,domestic_only,d_to_e,d_only,0,85,0.0
base,5,domestic_only,d_to_e,e_only,0,85,0.0
base,5,domestic_only,d_to_e,simultaneous,0,85,0.0
base,5,domestic_only,d_to_e,d_to_e,0,85,0.0
base,5,domestic_only,d_to_e,e_to_d,0,85,0.0
base,5,domestic_only,e_to_d,none,0,85,0.0
base,5,domestic_only,e_to_d,d_only,0,85,0.0
base,5,domestic_only,e_to_d,e_only,0,85,0.0
base,5,domestic_only,e_to_d,simultaneous,0,85,0.0
base,5,domestic_only,e_to_d,d_to_e,0,85,0.0
base,5,domestic_only,e_to_d,e_to_d,0,85,0.0
base,5,customer_only,none,none,0,85,0.0
base,5,customer_only,none,d_only,32,85,0.3764705882352941
base,5,customer_only,none,e_only,0,85,0.0
base,5,customer_only,none,simultaneous,0,85,0.0
base,5,customer_only,none,d_to_e,0,85,0.0
base,5,customer_only,none,e_to_d,0,85,0.0
base,5,customer_only,d_only,none,0,85,0.0
base,5,customer_only,d_only,d_only,0,85,0.0
base,5,customer_only,d_only,e_only,0,85,0.0
base,5,customer_only,d_only,simultaneous,0,85,0.0
base,5,customer_only,d_only,d_to_e,0,85,0.0
base,5,customer_only,d_only,e_to_d,0,85,0.0
base,5,customer_only,e_only,none,0,85,0.0
base,5,customer_only,e_only,d_only,14,85,0.16470588235294117
base,5,customer_only,e_only,e_only,1,85,0.011764705882352941
base,5,customer_only,e_only,simultaneous,6,85,0.07058823529411765
base,5,customer_only,e_only,d_to_e,25,85,0.29411764705882354
base,5,customer_only,e_only,e_to_d,7,85,0.08235294117647059
base,5,customer_only,simultaneous,none,0,85,0.0
base,5,customer_only,simultaneous,d_only,0,85,0.0
base,5,customer_only,simultaneous,e_only,0,85,0.0
base,5,customer_only,simultaneous,simultaneous,0,85,0.0
base,5,customer_only,simultaneous,d_to_e,0,85,0.0
base,5,customer_only,simultaneous,e_to_d,0,85,0.0
base,5,customer_only,d_to_e,none,0,85,0.0
base,5,customer_only,d_to_e,d_only,0,85,0.0
base,5,customer_only,d_to_e,e_only,0,85,0.0
base,5,customer_only,d_to_e,simultaneous,0,85,0.0
base,5,customer_only,d_to_e,d_to_e,0,85,0.0
base,5,customer_only,d_to_e,e_to_d,0,85,0.0
base,5,customer_only,e_to_d,none,0,85,0.0
base,5,customer_only,e_to_d,d_only,0,85,0.0
base,5,customer_only,e_to_d,e_only,0,85,0.0
base,5,customer_only,e_to_d,simultaneous,0,85,0.0
base,5,customer_only,e_to_d,d_to_e,0,85,0.0
base,5,customer_only,e_to_d,e_to_d,0,85,0.0
base,6,domestic_only,none,none,0,86,0.0
base,6,domestic_only,none,d_only,0,86,0.0
base,6,domestic_only,none,e_only,0,86,0.0
base,6,domestic_only,none,simultaneous,0,86,0.0
base,6,domestic_only,none,d_to_e,0,86,0.0
base,6,domestic_only,none,e_to_d,0,86,0.0
base,6,domestic_only,d_only,none,0,86,0.0
base,6,domestic_only,d_only,d_only,48,86,0.5581395348837209
base,6,domestic_only,d_only,e_only,1,86,0.011627906976744186
base,6,domestic_only,d_only,simultaneous,5,86,0.05813953488372093
base,6,domestic_only,d_only,d_to_e,26,86,0.3023255813953488
base,6,domestic_only,d_only,e_to_d,6,86,0.06976744186046512
base,6,domestic_only,e_only,none,0,86,0.0
base,6,domestic_only,e_only,d_only,0,86,0.0
base,6,domestic_only,e_only,e_only,0,86,0.0
base,6,domestic_only,e_only,simultaneous,0,86,0.0
base,6,domestic_only,e_only,d_to_e,0,86,0.0
base,6,domestic_only,e_only,e_to_d,0,86,0.0
base,6,domestic_only,simultaneous,none,0,86,0.0
base,6,domestic_only,simultaneous,d_only,0,86,0.0
base,6,domestic_only,simultaneous,e_only,0,86,0.0
base,6,domestic_only,simultaneous,simultaneous,0,86,0.0
base,6,domestic_only,simultaneous,d_to_e,0,86,0.0
base,6,domestic_only,simultaneous,e_to_d,0,86,0.0
base,6,domestic_only,d_to_e,none,0,86,0.0
base,6,domestic_only,d_to_e,d_only,0,86,0.0
base,6,domestic_only,d_to_e,e_only,0,86,0.0
base,6,domestic_only,d_to_e,simultaneous,0,86,0.0
base,6,domestic_only,d_to_e,d_to_e,0,86,0.0
base,6,domestic_only,d_to_e,e_to_d,0,86,0.0
base,6,domestic_only,e_to_d,none,0,86,0.0
base,6,domestic_only,e_to_d,d_only,0,86,0.0
base,6,domestic_only,e_to_d,e_only,0,86,0.0
base,6,domestic_only,e_to_d,simultaneous,0,86,0.0
base,6,domestic_only,e_to_d,d_to_e,0,86,0.0
base,6,domestic_only,e_to_d,e_to_d,0,86,0.0
base,6,customer_only,none,none,0,86,0.0
base,6,customer_only,none,d_only,27,86,0.313953488372093
base,6,customer_only,none,e_only,0,86,0.0
base,6,customer_only,none,simultaneous,0,86,0.0
base,6,customer_only,none,d_to_e,0,86,0.0
base,6,customer_only,none,e_to_d,0,86,0.0
base,6,customer_only,d_only,none,0,86,0.0
base,6,customer_only,d_only,d_only,0,86,0.0
base,6,customer_only,d_only,e_only,0,86,0.0
base,6,customer_only,d_only,simultaneous,0,86,0.0
base,6,customer_only,d_only,d_to_e,0,86,0.0
base,6,customer_only,d_only,e_to_d,0,86,0.0
base,6,customer_only,e_only,none,0,86,0.0
base,6,customer_only,e_only,d_only,21,86,0.2441860465116279
base,6,customer_only,e_only,e_only,1,86,0.011627906976744186
base,6,customer_only,e_only,simultaneous,5,86,0.05813953488372093
base,6,customer_only,e_only,d_to_e,26,86,0.3023255813953488
base,6,customer_only,e_only,e_to_d,6,86,0.06976744186046512
base,6,customer_only,simultaneous,none,0,86,0.0
base,6,customer_only,simultaneous,d_only,0,86,0.0
base,6,customer_only,simultaneous,e_only,0,86,0.0
base,6,customer_only,simultaneous,simultaneous,0,86,0.0
base,6,customer_only,simultaneous,d_to_e,0,86,0.0
base,6,customer_only,simultaneous,e_to_d,0,86,0.0
base,6,customer_only,d_to_e,none,0,86,0.0
base,6,customer_only,d_to_e,d_only,0,86,0.0
base,6,customer_only,d_to_e,e_only,0,86,0.0
base,6,customer_only,d_to_e,simultaneous,0,86,0.0
base,6,customer_only,d_to_e,d_to_e,0,86,0.0
base,6,customer_only,d_to_e,e_to_d,0,86,0.0
base,6,customer_only,e_to_d,none,0,86,0.0
base,6,customer_only,e_to_d,d_only,0,86,0.0
base,6,customer_only,e_to_d,e_only,0,86,0.0
base,6,customer_only,e_to_d,simultaneous,0,86,0.0
base,6,customer_only,e_to_d,d_to_e,0,86,0.0
base,6,customer_only,e_to_d,e_to_d,0,86,0.0
base,7,domestic_only,none,none,0,84,0.0
base,7,domestic_only,none,d_only,0,84,0.0
base,7,domestic_only,none,e_only,0,84,0.0
base,7,domestic_only,none,simultaneous,0,84,0.0
base,7,domestic_only,none,d_to_e,0,84,0.0
base,7,domestic_only,none,e_to_d,0,84,0.0
base,7,domestic_only,d_only,none,0,84,0.0
base,7,domestic_only,d_only,d_only,51,84,0.6071428571428571
base,7,domestic_only,d_only,e_only,0,84,0.0
base,7,domestic_only,d_only,simultaneous,10,84,0.11904761904761904
base,7,domestic_only,d_only,d_to_e,19,84,0.2261904761904762
base,7,domestic_only,d_only,e_to_d,4,84,0.047619047619047616
base,7,domestic_only,e_only,none,0,84,0.0
base,7,domestic_only,e_only,d_only,0,84,0.0
base,7,domestic_only,e_only,e_only,0,84,0.0
base,7,domestic_only,e_only,simultaneous,0,84,0.0
base,7,domestic_only,e_only,d_to_e,0,84,0.0
base,7,domestic_only,e_only,e_to_d,0,84,0.0
base,7,domestic_only,simultaneous,none,0,84,0.0
base,7,domestic_only,simultaneous,d_only,0,84,0.0
base,7,domestic_only,simultaneous,e_only,0,84,0.0
base,7,domestic_only,simultaneous,simultaneous,0,84,0.0
base,7,domestic_only,simultaneous,d_to_e,0,84,0.0
base,7,domestic_only,simultaneous,e_to_d,0,84,0.0
base,7,domestic_only,d_to_e,none,0,84,0.0
base,7,domestic_only,d_to_e,d_only,0,84,0.0
base,7,domestic_only,d_to_e,e_only,0,84,0.0
base,7,domestic_only,d_to_e,simultaneous,0,84,0.0
base,7,domestic_only,d_to_e,d_to_e,0,84,0.0
base,7,domestic_only,d_to_e,e_to_d,0,84,0.0
base,7,domestic_only,e_to_d,none,0,84,0.0
base,7,domestic_only,e_to_d,d_only,0,84,0.0
base,7,domestic_only,e_to_d,e_only,0,84,0.0
base,7,domestic_only,e_to_d,simultaneous,0,84,0.0
base,7,domestic_only,e_to_d,d_to_e,0,84,0.0
base,7,domestic_only,e_to_d,e_to_d,0,84,0.0
base,7,customer_only,none,none,0,84,0.0
base,7,customer_only,none,d_only,35,84,0.4166666666666667
base,7,customer_only,none,e_only,0,84,0.0
base,7,customer_only,none,simultaneous,0,84,0.0
base,7,customer_only,none,d_to_e,0,84,0.0
base,7,customer_only,none,e_to_d,0,84,0.0
base,7,customer_only,d_only,none,0,84,0.0
base,7,customer_only,d_only,d_only,0,84,0.0
base,7,customer_only,d_only,e_only,0,84,0.0
base,7,customer_only,d_only,simultaneous,0,84,0.0
base,7,customer_only,d_only,d_to_e,0,84,0.0
base,7,customer_only,d_only,e_to_d,0,84,0.0
base,7,customer_only,e_only,none,0,84,0.0
base,7,customer_only,e_only,d_only,16,84,0.19047619047619047
base,7,customer_only,e_only,e_only,0,84,0.0
base,7,customer_only,e_only,simultaneous,10,84,0.11904761904761904
base,7,customer_only,e_only,d_to_e,19,84,0.2261904761904762
base,7,customer_only,e_only,e_to_d,4,84,0.047619047619047616
base,7,customer_only,simultaneous,none,0,84,0.0
base,7,customer_only,simultaneous,d_only,0,84,0.0
base,7,customer_only,simultaneous,e_only,0,84,0.0
base,7,customer_only,simultaneous,simultaneous,0,84,0.0
base,7,customer_only,simultaneous,d_to_e,0,84,0.0
base,7,customer_only,simultaneous,e_to_d,0,84,0.0
base,7,customer_only,d_to_e,none,0,84,0.0
base,7,customer_only,d_to_e,d_only,0,84,0.0
base,7,customer_only,d_to_e,e_only,0,84,0.0
base,7,customer_only,d_to_e,simultaneous,0,84,0.0
base,7,customer_only,d_to_e,d_to_e,0,84,0.0
base,7,customer_only,d_to_e,e_to_d,0,84,0.0
base,7,customer_only,e_to_d,none,0,84,0.0
base,7,customer_only,e_to_d,d_only,0,84,0.0
base,7,customer_only,e_to_d,e_only,0,84,0.0
base,7,customer_only,e_to_d,simultaneous,0,84,0.0
base,7,customer_only,e_to_d,d_to_e,0,84,0.0
base,7,customer_only,e_to_d,e_to_d,0,84,0.0
base,8,domestic_only,none,none,0,71,0.0
base,8,domestic_only,none,d_only,0,71,0.0
base,8,domestic_only,none,e_only,0,71,0.0
base,8,domestic_only,none,simultaneous,0,71,0.0
base,8,domestic_only,none,d_to_e,0,71,0.0
base,8,domestic_only,none,e_to_d,0,71,0.0
base,8,domestic_only,d_only,none,0,71,0.0
base,8,domestic_only,d_only,d_only,45,71,0.6338028169014085
base,8,domestic_only,d_only,e_only,0,71,0.0
base,8,domestic_only,d_only,simultaneous,9,71,0.1267605633802817
base,8,domestic_only,d_only,d_to_e,16,71,0.22535211267605634
base,8,domestic_only,d_only,e_to_d,1,71,0.014084507042253521
base,8,domestic_only,e_only,none,0,71,0.0
base,8,domestic_only,e_only,d_only,0,71,0.0
base,8,domestic_only,e_only,e_only,0,71,0.0
base,8,domestic_only,e_only,simultaneous,0,71,0.0
base,8,domestic_only,e_only,d_to_e,0,71,0.0
base,8,domestic_only,e_only,e_to_d,0,71,0.0
base,8,domestic_only,simultaneous,none,0,71,0.0
base,8,domestic_only,simultaneous,d_only,0,71,0.0
base,8,domestic_only,simultaneous,e_only,0,71,0.0
base,8,domestic_only,simultaneous,simultaneous,0,71,0.0
base,8,domestic_only,simultaneous,d_to_e,0,71,0.0
base,8,domestic_only,simultaneous,e_to_d,0,71,0.0
base,8,domestic_only,d_to_e,none,0,71,0.0
base,8,domestic_only,d_to_e,d_only,0,71,0.0
base,8,domestic_only,d_to_e,e_only,0,71,0.0
base,8,domestic_only,d_to_e,simultaneous,0,71,0.0
base,8,domestic_only,d_to_e,d_to_e,0,71,0.0
base,8,domestic_only,d_to_e,e_to_d,0,71,0.0
base,8,domestic_only,e_to_d,none,0,71,0.0
base,8,domestic_only,e_to_d,d_only,0,71,0.0
base,8,domestic_only,e_to_d,e_only,0,71,0.0
base,8,domestic_only,e_to_d,simultaneous,0,71,0.0
base,8,domestic_only,e_to_d,d_to_e,0,71,0.0
base,8,domestic_only,e_to_d,e_to_d,0,71,0.0
base,8,customer_only,none,none,0,71,0.0
base,8,customer_only,none,d_only,32,71,0.4507042253521127
base,8,customer_only,none,e_only,0,71,0.0
base,8,customer_only,none,simultaneous,0,71,0.0
base,8,customer_only,none,d_to_e,0,71,0.0
base,8,customer_only,none,e_to_d,0,71,0.0
base,8,customer_only,d_only,none,0,71,0.0
base,8,customer_only,d_only,d_only,0,71,0.0
base,8,customer_only,d_only,e_only,0,71,0.0
base,8,customer_only,d_only,simultaneous,0,71,0.0
base,8,customer_only,d_only,d_to_e,0,71,0.0
base,8,customer_only,d_only,e_to_d,0,71,0.0
base,8,customer_only,e_only,none,0,71,0.0
base,8,customer_only,e_only,d_only,13,71,0.18309859154929578
base,8,customer_only,e_only,e_only,0,71,0.0
base,8,customer_only,e_only,simultaneous,9,71,0.1267605633802817
base,8,customer_only,e_only,d_to_e,16,71,0.22535211267605634
base,8,customer_only,e_only,e_to_d,1,71,0.014084507042253521
base,8,customer_only,simultaneous,none,0,71,0.0
base,8,customer_only,simultaneous,d_only,0,71,0.0
base,8,customer_only,simultaneous,e_only,0,71,0.0
base,8,customer_only,simultaneous,simultaneous,0,71,0.0
base,8,customer_only,simultaneous,d_to_e,0,71,0.0
base,8,customer_only,simultaneous,e_to_d,0,71,0.0
base,8,customer_only,d_to_e,none,0,71,0.0
base,8,customer_only,d_to_e,d_only,0,71,0.0
base,8,customer_only,d_to_e,e_only,0,71,0.0
base,8,customer_only,d_to_e,simultaneous,0,71,0.0
base,8,customer_only,d_to_e,d_to_e,0,71,0.0
base,8,customer_only,d_to_e,e_to_d,0,71,0.0
base,8,customer_only,e_to_d,none,0,71,0.0
base,8,customer_only,e_to_d,d_only,0,71,0.0
base,8,customer_only,e_to_d,e_only,0,71,0.0
base,8,customer_only,e_to_d,simultaneous,0,71,0.0
base,8,customer_only,e_to_d,d_to_e,0,71,0.0
base,8,customer_only,e_to_d,e_to_d,0,71,0.0
base,9,domestic_only,none,none,0,64,0.0
base,9,domestic_only,none,d_only,0,64,0.0
base,9,domestic_only,none,e_only,0,64,0.0
base,9,domestic_only,none,simultaneous,0,64,0.0
base,9,domestic_only,none,d_to_e,0,64,0.0
base,9,domestic_only,none,e_to_d,0,64,0.0
base,9,domestic_only,d_only,none,0,64,0.0
base,9,domestic_only,d_only,d_only,29,64,0.453125
base,9,domestic_only,d_only,e_only,1,64,0.015625
base,9,domestic_only,d_only,simultaneous,4,64,0.0625
base,9,domestic_only,d_only,d_to_e,27,64,0.421875
base,9,domestic_only,d_only,e_to_d,3,64,0.046875
base,9,domestic_only,e_only,none,0,64,0.0
base,9,domestic_only,e_only,d_only,0,64,0.0
base,9,domestic_only,e_only,e_only,0,64,0.0
base,9,domestic_only,e_only,simultaneous,0,64,0.0
base,9,domestic_only,e_only,d_to_e,0,64,0.0
base,9,domestic_only,e_only,e_to_d,0,64,0.0
base,9,domestic_only,simultaneous,none,0,64,0.0
base,9,domestic_only,simultaneous,d_only,0,64,0.0
base,9,domestic_only,simultaneous,e_only,0,64,0.0
base,9,domestic_only,simultaneous,simultaneous,0,64,0.0
base,9,domestic_only,simultaneous,d_to_e,0,64,0.0
base,9,domestic_only,simultaneous,e_to_d,0,64,0.0
base,9,domestic_only,d_to_e,none,0,64,0.0
base,9,domestic_only,d_to_e,d_only,0,64,0.0
base,9,domestic_only,d_to_e,e_only,0,64,0.0
base,9,domestic_only,d_to_e,simultaneous,0,64,0.0
base,9,domestic_only,d_to_e,d_to_e,0,64,0.0
base,9,domestic_only,d_to_e,e_to_d,0,64,0.0
base,9,domestic_only,e_to_d,none,0,64,0.0
base,9,domestic_only,e_to_d,d_only,0,64,0.0
base,9,domestic_only,e_to_d,e_only,0,64,0.0
base,9,domestic_only,e_to_d,simultaneous,0,64,0.0
base,9,domestic_only,e_to_d,d_to_e,0,64,0.0
base,9,domestic_only,e_to_d,e_to_d,0,64,0.0
base,9,customer_only,none,none,0,64,0.0
base,9,customer_only,none,d_only,20,64,0.3125
base,9,customer_only,none,e_only,0,64,0.0
base,9,customer_only,none,simultaneous,0,64,0.0
base,9,customer_only,none,d_to_e,0,64,0.0
base,9,customer_only,none,e_to_d,0,64,0.0
base,9,customer_only,d_only,none,0,64,0.0
base,9,customer_only,d_only,d_only,0,64,0.0
base,9,customer_only,d_only,e_only,0,64,0.0
base,9,customer_only,d_only,simultaneous,0,64,0.0
base,9,customer_only,d_only,d_to_e,0,64,0.0
base,9,customer_only,d_only,e_to_d,0,64,0.0
base,9,customer_only,e_only,none,0,64,0.0
base,9,customer_only,e_only,d_only,9,64,0.140625
base,9,customer_only,e_only,e_only,1,64,0.015625
base,9,customer_only,e_only,simultaneous,4,64,0.0625
base,9,customer_only,e_only,d_to_e,27,64,0.421875
base,9,customer_only,e_only,e_to_d,3,64,0.046875
base,9,customer_only,simultaneous,none,0,64,0.0
base,9,customer_only,simultaneous,d_only,0,64,0.0
base,9,customer_only,simultaneous,e_only,0,64,0.0
base,9,customer_only,simultaneous,simultaneous,0,64,0.0
base,9,customer_only,simultaneous,d_to_e,0,64,0.0
base,9,customer_only,simultaneous,e_to_d,0,64,0.0
base,9,customer_only,d_to_e,none,0,64,0.0
base,9,customer_only,d_to_e,d_only,0,64,0.0
base,9,customer_only,d_to_e,e_only,0,64,0.0
base,9,customer_only,d_to_e,simultaneous,0,64,0.0
base,9,customer_only,d_to_e,d_to_e,0,64,0.0
base,9,customer_only,d_to_e,e_to_d,0,64,0.0
base,9,customer_only,e_to_d,none,0,64,0.0
base,9,customer_only,e_to_d,d_only,0,64,0.0
base,9,customer_only,e_to_d,e_only,0,64,0.0
base,9,customer_only,e_to_d,simultaneous,0,64,0.0
base,9,customer_only,e_to_d,d_to_e,0,64,0.0
base,9,customer_only,e_to_d,e_to_d,0,64,0.0
base,10,domestic_only,none,none,0,77,0.0
base,10,domestic_only,none,d_only,0,77,0.0
base,10,domestic_only,none,e_only,0,77,0.0
base,10,domestic_only,none,simultaneous,0,77,0.0
base,10,domestic_only,none,d_to_e,0,77,0.0
base,10,domestic_only,none,e_to_d,0,77,0.0
base,10,domestic_only,d_only,none,0,77,0.0
base,10,domestic_only,d_only,d_only,55,77,0.7142857142857143
base,10,domestic_only,d_only,e_only,0,77,0.0
base,10,domestic_only,d_only,simultaneous,7,77,0.09090909090909091
base,10,domestic_only,d_only,d_to_e,13,77,0.16883116883116883
base,10,domestic_only,d_only,e_to_d,2,77,0.025974025974025976
base,10,domestic_only,e_only,none,0,77,0.0
base,10,domestic_only,e_only,d_only,0,77,0.0
base,10,domestic_only,e_only,e_only,0,77,0.0
base,10,domestic_only,e_only,simultaneous,0,77,0.0
base,10,domestic_only,e_only,d_to_e,0,77,0.0
base,10,domestic_only,e_only,e_to_d,0,77,0.0
base,10,domestic_only,simultaneous,none,0,77,0.0
base,10,domestic_only,simultaneous,d_only,0,77,0.0
base,10,domestic_only,simultaneous,e_only,0,77,0.0
base,10,domestic_only,simultaneous,simultaneous,0,77,0.0
base,10,domestic_only,simultaneous,d_to_e,0,77,0.0
base,10,domestic_only,simultaneous,e_to_d,0,77,0.0
base,10,domestic_only,d_to_e,none,0,77,0.0
base,10,domestic_only,d_to_e,d_only,0,77,0.0
base,10,domestic_only,d_to_e,e_only,0,77,0.0
base,10,domestic_only,d_to_e,simultaneous,0,77,0.0
base,10,domestic_only,d_to_e,d_to_e,0,77,0.0
base,10,domestic_only,d_to_e,e_to_d,0,77,0.0
base,10,domestic_only,e_to_d,none,0,77,0.0
base,10,domestic_only,e_to_d,d_only,0,77,0.0
base,10,domestic_only,e_to_d,e_only,0,77,0.0
base,10,domestic_only,e_to_d,simultaneous,0,77,0.0
base,10,domestic_only,e_to_d,d_to_e,0,77,0.0
base,10,domestic_only,e_to_d,e_to_d,0,77,0.0
base,10,customer_only,none,none,0,77,0.0
base,10,customer_only,none,d_only,43,77,0.5584415584415584
base,10,customer_only,none,e_only,0,77,0.0
base,10,customer_only,none,simultaneous,0,77,0.0
base,10,customer_only,none,d_to_e,0,77,0.0
base,10,customer_only,none,e_to_d,0,77,0.0
base,10,customer_only,d_only,none,0,77,0.0
base,10,customer_only,d_only,d_only,0,77,0.0
base,10,customer_only,d_only,e_only,0,77,0.0
base,10,customer_only,d_only,simultaneous,0,77,0.0
base,10,customer_only,d_only,d_to_e,0,77,0.0
base,10,customer_only,d_only,e_to_d,0,77,0.0
base,10,customer_only,e_only,none,0,77,0.0
base,10,customer_only,e_only,d_only,12,77,0.15584415584415584
base,10,customer_only,e_only,e_only,0,77,0.0
base,10,customer_only,e_only,simultaneous,7,77,0.09090909090909091
base,10,customer_only,e_only,d_to_e,13,77,0.16883116883116883
base,10,customer_only,e_only,e_to_d,2,77,0.025974025974025976
base,10,customer_only,simultaneous,none,0,77,0.0
base,10,customer_only,simultaneous,d_only,0,77,0.0
base,10,customer_only,simultaneous,e_only,0,77,0.0
base,10,customer_only,simultaneous,simultaneous,0,77,0.0
base,10,customer_only,simultaneous,d_to_e,0,77,0.0
base,10,customer_only,simultaneous,e_to_d,0,77,0.0
base,10,customer_only,d_to_e,none,0,77,0.0
base,10,customer_only,d_to_e,d_only,0,77,0.0
base,10,customer_only,d_to_e,e_only,0,77,0.0
base,10,customer_only,d_to_e,simultaneous,0,77,0.0
base,10,customer_only,d_to_e,d_to_e,0,77,0.0
base,10,customer_only,d_to_e,e_to_d,0,77,0.0
base,10,customer_only,e_to_d,none,0,77,0.0
base,10,customer_only,e_to_d,d_only,0,77,0.0
base,10,customer_only,e_to_d,e_only,0,77,0.0
base,10,customer_only,e_to_d,simultaneous,0,77,0.0
base,10,customer_only,e_to_d,d_to_e,0,77,0.0
base,10,customer_only,e_to_d,e_to_d,0,77,0.0
base,11,domestic_only,none,none,0,75,0.0
base,11,domestic_only,none,d_only,0,75,0.0
base,11,domestic_only,none,e_only,0,75,0.0
base,11,domestic_only,none,simultaneous,0,75,0.0
base,11,domestic_only,none,d_to_e,0,75,0.0
base,11,domestic_only,none,e_to_d,0,75,0.0
base,11,domestic_only,d_only,none,0,75,0.0
base,11,domestic_only,d_only,d_only,44,75,0.5866666666666667
base,11,domestic_only,d_only,e_only,0,75,0.0
base,11,domestic_only,d_only,simultaneous,6,75,0.08
base,11,domestic_only,d_only,d_to_e,19,75,0.25333333333333335
base,11,domestic_only,d_only,e_to_d,6,75,0.08
base,11,domestic_only,e_only,none,0,75,0.0
base,11,domestic_only,e_only,d_only,0,75,0.0
base,11,domestic_only,e_only,e_only,0,75,0.0
base,11,domestic_only,e_only,simultaneous,0,75,0.0
base,11,domestic_only,e_only,d_to_e,0,75,0.0
base,11,domestic_only,e_only,e_to_d,0,75,0.0
base,11,domestic_only,simultaneous,none,0,75,0.0
base,11,domestic_only,simultaneous,d_only,0,75,0.0
base,11,domestic_only,simultaneous,e_only,0,75,0.0
base,11,domestic_only,simultaneous,simultaneous,0,75,0.0
base,11,domestic_only,simultaneous,d_to_e,0,75,0.0
base,11,domestic_only,simultaneous,e_to_d,0,75,0.0
base,11,domestic_only,d_to_e,none,0,75,0.0
base,11,domestic_only,d_to_e,d_only,0,75,0.0
base,11,domestic_only,d_to_e,e_only,0,75,0.0
base,11,domestic_only,d_to_e,simultaneous,0,75,0.0
base,11,domestic_only,d_to_e,d_to_e,0,75,0.0
base,11,domestic_only,d_to_e,e_to_d,0,75,0.0
base,11,domestic_only,e_to_d,none,0,75,0.0
base,11,domestic_only,e_to_d,d_only,0,75,0.0
base,11,domestic_only,e_to_d,e_only,0,75,0.0
base,11,domestic_only,e_to_d,simultaneous,0,75,0.0
base,11,domestic_only,e_to_d,d_to_e,0,75,0.0
base,11,domestic_only,e_to_d,e_to_d,0,75,0.0
base,11,customer_only,none,none,0,75,0.0
base,11,customer_only,none,d_only,38,75,0.5066666666666667
base,11,customer_only,none,e_only,0,75,0.0
base,11,customer_only,none,simultaneous,0,75,0.0
base,11,customer_only,none,d_to_e,0,75,0.0
base,11,customer_only,none,e_to_d,0,75,0.0
base,11,customer_only,d_only,none,0,75,0.0
base,11,customer_only,d_only,d_only,0,75,0.0
base,11,customer_only,d_only,e_only,0,75,0.0
base,11,customer_only,d_only,simultaneous,0,75,0.0
base,11,customer_only,d_only,d_to_e,0,75,0.0
base,11,customer_only,d_only,e_to_d,0,75,0.0
base,11,customer_only,e_only,none,0,75,0.0
base,11,customer_only,e_only,d_only,6,75,0.08
base,11,customer_only,e_only,e_only,0,75,0.0
base,11,customer_only,e_only,simultaneous,6,75,0.08
base,11,customer_only,e_only,d_to_e,19,75,0.25333333333333335
base,11,customer_only,e_only,e_to_d,6,75,0.08
base,11,customer_only,simultaneous,none,0,75,0.0
base,11,customer_only,simultaneous,d_only,0,75,0.0
base,11,customer_only,simultaneous,e_only,0,75,0.0
base,11,customer_only,simultaneous,simultaneous,0,75,0.0
base,11,customer_only,simultaneous,d_to_e,0,75,0.0
base,11,customer_only,simultaneous,e_to_d,0,75,0.0
base,11,customer_only,d_to_e,none,0,75,0.0
base,11,customer_only,d_to_e,d_only,0,75,0.0
base,11,customer_only,d_to_e,e_only,0,75,0.0
base,11,customer_only,d_to_e,simultaneous,0,75,0.0
base,11,customer_only,d_to_e,d_to_e,0,75,0.0
base,11,customer_only,d_to_e,e_to_d,0,75,0.0
base,11,customer_only,e_to_d,none,0,75,0.0
base,11,customer_only,e_to_d,d_only,0,75,0.0
base,11,customer_only,e_to_d,e_only,0,75,0.0
base,11,customer_only,e_to_d,simultaneous,0,75,0.0
base,11,customer_only,e_to_d,d_to_e,0,75,0.0
base,11,customer_only,e_to_d,e_to_d,0,75,0.0
base,12,domestic_only,none,none,0,77,0.0
base,12,domestic_only,none,d_only,0,77,0.0
base,12,domestic_only,none,e_only,0,77,0.0
base,12,domestic_only,none,simultaneous,0,77,0.0
base,12,domestic_only,none,d_to_e,0,77,0.0
base,12,domestic_only,none,e_to_d,0,77,0.0
base,12,domestic_only,d_only,none,0,77,0.0
base,12,domestic_only,d_only,d_only,42,77,0.5454545454545454
base,12,domestic_only,d_only,e_only,1,77,0.012987012987012988
base,12,domestic_only,d_only,simultaneous,6,77,0.07792207792207792
base,12,domestic_only,d_only,d_to_e,22,77,0.2857142857142857
base,12,domestic_only,d_only,e_to_d,6,77,0.07792207792207792
base,12,domestic_only,e_only,none,0,77,0.0
base,12,domestic_only,e_only,d_only,0,77,0.0
base,12,domestic_only,e_only,e_only,0,77,0.0
base,12,domestic_only,e_only,simultaneous,0,77,0.0
base,12,domestic_only,e_only,d_to_e,0,77,0.0
base,12,domestic_only,e_only,e_to_d,0,77,0.0
base,12,domestic_only,simultaneous,none,0,77,0.0
base,12,domestic_only,simultaneous,d_only,0,77,0.0
base,12,domestic_only,simultaneous,e_only,0,77,0.0
base,12,domestic_only,simultaneous,simultaneous,0,77,0.0
base,12,domestic_only,simultaneous,d_to_e,0,77,0.0
base,12,domestic_only,simultaneous,e_to_d,0,77,0.0
base,12,domestic_only,d_to_e,none,0,77,0.0
base,12,domestic_only,d_to_e,d_only,0,77,0.0
base,12,domestic_only,d_to_e,e_only,0,77,0.0
base,12,domestic_only,d_to_e,simultaneous,0,77,0.0
base,12,domestic_only,d_to_e,d_to_e,0,77,0.0
base,12,domestic_only,d_to_e,e_to_d,0,77,0.0
base,12,domestic_only,e_to_d,none,0,77,0.0
base,12,domestic_only,e_to_d,d_only,0,77,0.0
base,12,domestic_only,e_to_d,e_only,0,77,0.0
base,12,domestic_only,e_to_d,simultaneous,0,77,0.0
base,12,domestic_only,e_to_d,d_to_e,0,77,0.0
base,12,domestic_only,e_to_d,e_to_d,0,77,0.0
base,12,customer_only,none,none,0,77,0.0
base,12,customer_only,none,d_only,24,77,0.3116883116883117
base,12,customer_only,none,e_only,0,77,0.0
base,12,customer_only,none,simultaneous,0,77,0.0
base,12,customer_only,none,d_to_e,0,77,0.0
base,12,customer_only,none,e_to_d,0,77,0.0
base,12,customer_only,d_only,none,0,77,0.0
base,12,customer_only,d_only,d_only,0,77,0.0
base,12,customer_only,d_only,e_only,0,77,0.0
base,12,customer_only,d_only,simultaneous,0,77,0.0
base,12,customer_only,d_only,d_to_e,0,77,0.0
base,12,customer_only,d_only,e_to_d,0,77,0.0
base,12,customer_only,e_only,none,0,77,0.0
base,12,customer_only,e_only,d_only,18,77,0.23376623376623376
base,12,customer_only,e_only,e_only,1,77,0.012987012987012988
base,12,customer_only,e_only,simultaneous,6,77,0.07792207792207792
base,12,customer_only,e_only,d_to_e,22,77,0.2857142857142857
base,12,customer_only,e_only,e_to_d,6,77,0.07792207792207792
base,12,customer_only,simultaneous,none,0,77,0.0
base,12,customer_only,simultaneous,d_only,0,77,0.0
base,12,customer_only,simultaneous,e_only,0,77,0.0
base,12,customer_only,simultaneous,simultaneous,0,77,0.0
base,12,customer_only,simultaneous,d_to_e,0,77,0.0
base,12,customer_only,simultaneous,e_to_d,0,77,0.0
base,12,customer_only,d_to_e,none,0,77,0.0
base,12,customer_only,d_to_e,d_only,0,77,0.0
base,12,customer_only,d_to_e,e_only,0,77,0.0
base,12,customer_only,d_to_e,simultaneous,0,77,0.0
base,12,customer_only,d_to_e,d_to_e,0,77,0.0
base,12,customer_only,d_to_e,e_to_d,0,77,0.0
base,12,customer_only,e_to_d,none,0,77,0.0
base,12,customer_only,e_to_d,d_only,0,77,0.0
base,12,customer_only,e_to_d,e_only,0,77,0.0
base,12,customer_only,e_to_d,simultaneous,0,77,0.0
base,12,customer_only,e_to_d,d_to_e,0,77,0.0
base,12,customer_only,e_to_d,e_to_d,0,77,0.0
base,13,domestic_only,none,none,0,88,0.0
base,13,domestic_only,none,d_only,0,88,0.0
base,13,domestic_only,none,e_only,0,88,0.0
base,13,domestic_only,none,simultaneous,0,88,0.0
base,13,domestic_only,none,d_to_e,0,88,0.0
base,13,domestic_only,none,e_to_d,0,88,0.0
base,13,domestic_only,d_only,none,0,88,0.0
base,13,domestic_only,d_only,d_only,39,88,0.4431818181818182
base,13,domestic_only,d_only,e_only,6,88,0.06818181818181818
base,13,domestic_only,d_only,simultaneous,4,88,0.045454545454545456
base,13,domestic_only,d_only,d_to_e,33,88,0.375
base,13,domestic_only,d_only,e_to_d,6,88,0.06818181818181818
base,13,domestic_only,e_only,none,0,88,0.0
base,13,domestic_only,e_only,d_only,0,88,0.0
base,13,domestic_only,e_only,e_only,0,88,0.0
base,13,domestic_only,e_only,simultaneous,0,88,0.0
base,13,domestic_only,e_only,d_to_e,0,88,0.0
base,13,domestic_only,e_only,e_to_d,0,88,0.0
base,13,domestic_only,simultaneous,none,0,88,0.0
base,13,domestic_only,simultaneous,d_only,0,88,0.0
base,13,domestic_only,simultaneous,e_only,0,88,0.0
base,13,domestic_only,simultaneous,simultaneous,0,88,0.0
base,13,domestic_only,simultaneous,d_to_e,0,88,0.0
base,13,domestic_only,simultaneous,e_to_d,0,88,0.0
base,13,domestic_only,d_to_e,none,0,88,0.0
base,13,domestic_only,d_to_e,d_only,0,88,0.0
base,13,domestic_only,d_to_e,e_only,0,88,0.0
base,13,domestic_only,d_to_e,simultaneous,0,88,0.0
base,13,domestic_only,d_to_e,d_to_e,0,88,0.0
base,13,domestic_only,d_to_e,e_to_d,0,88,0.0
base,13,domestic_only,e_to_d,none,0,88,0.0
base,13,domestic_only,e_to_d,d_only,0,88,0.0
base,13,domestic_only,e_to_d,e_only,0,88,0.0
base,13,domestic_only,e_to_d,simultaneous,0,88,0.0
base,13,domestic_only,e_to_d,d_to_e,0,88,0.0
base,13,domestic_only,e_to_d,e_to_d,0,88,0.0
base,13,customer_only,none,none,0,88,0.0
base,13,customer_only,none,d_only,25,88,0.2840909090909091
base,13,customer_only,none,e_only,0,88,0.0
base,13,customer_only,none,simultaneous,0,88,0.0
base,13,customer_only,none,d_to_e,0,88,0.0
base,13,customer_only,none,e_to_d,0,88,0.0
base,13,customer_only,d_only,none,0,88,0.0
base,13,customer_only,d_only,d_only,0,88,0.0
base,13,customer_only,d_only,e_only,0,88,0.0
base,13,customer_only,d_only,simultaneous,0,88,0.0
base,13,customer_only,d_only,d_to_e,0,88,0.0
base,13,customer_only,d_only,e_to_d,0,88,0.0
base,13,customer_only,e_only,none,0,88,0.0
base,13,customer_only,e_only,d_only,14,88,0.1590909090909091
base,13,customer_only,e_only,e_only,6,88,0.06818181818181818
base,13,customer_only,e_only,simultaneous,4,88,0.045454545454545456
base,13,customer_only,e_only,d_to_e,33,88,0.375
base,13,customer_only,e_only,e_to_d,6,88,0.06818181818181818
base,13,customer_only,simultaneous,none,0,88,0.0
base,13,customer_only,simultaneous,d_only,0,88,0.0
base,13,customer_only,simultaneous,e_only,0,88,0.0
base,13,customer_only,simultaneous,simultaneous,0,88,0.0
base,13,customer_only,simultaneous,d_to_e,0,88,0.0
base,13,customer_only,simultaneous,e_to_d,0,88,0.0
base,13,customer_only,d_to_e,none,0,88,0.0
base,13,customer_only,d_to_e,d_only,0,88,0.0
base,13,customer_only,d_to_e,e_only,0,88,0.0
base,13,customer_only,d_to_e,simultaneous,0,88,0.0
base,13,customer_only,d_to_e,d_to_e,0,88,0.0
base,13,customer_only,d_to_e,e_to_d,0,88,0.0
base,13,customer_only,e_to_d,none,0,88,0.0
base,13,customer_only,e_to_d,d_only,0,88,0.0
base,13,customer_only,e_to_d,e_only,0,88,0.0
base,13,customer_only,e_to_d,simultaneous,0,88,0.0
base,13,customer_only,e_to_d,d_to_e,0,88,0.0
base,13,customer_only,e_to_d,e_to_d,0,88,0.0
base,14,domestic_only,none,none,0,69,0.0
base,14,domestic_only,none,d_only,0,69,0.0
base,14,domestic_only,none,e_only,0,69,0.0
base,14,domestic_only,none,simultaneous,0,69,0.0
base,14,domestic_only,none,d_to_e,0,69,0.0
base,14,domestic_only,none,e_to_d,0,69,0.0
base,14,domestic_only,d_only,none,0,69,0.0
base,14,domestic_only,d_only,d_only,40,69,0.5797101449275363
base,14,domestic_only,d_only,e_only,2,69,0.028985507246376812
base,14,domestic_only,d_only,simultaneous,4,69,0.057971014492753624
base,14,domestic_only,d_only,d_to_e,19,69,0.2753623188405797
base,14,domestic_only,d_only,e_to_d,4,69,0.057971014492753624
base,14,domestic_only,e_only,none,0,69,0.0
base,14,domestic_only,e_only,d_only,0,69,0.0
base,14,domestic_only,e_only,e_only,0,69,0.0
base,14,domestic_only,e_only,simultaneous,0,69,0.0
base,14,domestic_only,e_only,d_to_e,0,69,0.0
base,14,domestic_only,e_only,e_to_d,0,69,0.0
base,14,domestic_only,simultaneous,none,0,69,0.0
base,14,domestic_only,simultaneous,d_only,0,69,0.0
base,14,domestic_only,simultaneous,e_only,0,69,0.0
base,14,domestic_only,simultaneous,simultaneous,0,69,0.0
base,14,domestic_only,simultaneous,d_to_e,0,69,0.0
base,14,domestic_only,simultaneous,e_to_d,0,69,0.0
base,14,domestic_only,d_to_e,none,0,69,0.0
base,14,domestic_only,d_to_e,d_only,0,69,0.0
base,14,domestic_only,d_to_e,e_only,0,69,0.0
base,14,domestic_only,d_to_e,simultaneous,0,69,0.0
base,14,domestic_only,d_to_e,d_to_e,0,69,0.0
base,14,domestic_only,d_to_e,e_to_d,0,69,0.0
base,14,domestic_only,e_to_d,none,0,69,0.0
base,14,domestic_only,e_to_d,d_only,0,69,0.0
base,14,domestic_only,e_to_d,e_only,0,69,0.0
base,14,domestic_only,e_to_d,simultaneous,0,69,0.0
base,14,domestic_only,e_to_d,d_to_e,0,69,0.0
base,14,domestic_only,e_to_d,e_to_d,0,69,0.0
base,14,customer_only,none,none,0,69,0.0
base,14,customer_only,none,d_only,23,69,0.3333333333333333
base,14,customer_only,none,e_only,0,69,0.0
base,14,customer_only,none,simultaneous,0,69,0.0
base,14,customer_only,none,d_to_e,0,69,0.0
base,14,customer_only,none,e_to_d,0,69,0.0
base,14,customer_only,d_only,none,0,69,0.0
base,14,customer_only,d_only,d_only,0,69,0.0
base,14,customer_only,d_only,e_only,0,69,0.0
base,14,customer_only,d_only,simultaneous,0,69,0.0
base,14,customer_only,d_only,d_to_e,0,69,0.0
base,14,customer_only,d_only,e_to_d,0,69,0.0
base,14,customer_only,e_only,none,0,69,0.0
base,14,customer_only,e_only,d_only,17,69,0.2463768115942029
base,14,customer_only,e_only,e_only,2,69,0.028985507246376812
base,14,customer_only,e_only,simultaneous,4,69,0.057971014492753624
base,14,customer_only,e_only,d_to_e,19,69,0.2753623188405797
base,14,customer_only,e_only,e_to_d,4,69,0.057971014492753624
base,14,customer_only,simultaneous,none,0,69,0.0
base,14,customer_only,simultaneous,d_only,0,69,0.0
base,14,customer_only,simultaneous,e_only,0,69,0.0
base,14,customer_only,simultaneous,simultaneous,0,69,0.0
base,14,customer_only,simultaneous,d_to_e,0,69,0.0
base,14,customer_only,simultaneous,e_to_d,0,69,0.0
base,14,customer_only,d_to_e,none,0,69,0.0
base,14,customer_only,d_to_e,d_only,0,69,0.0
base,14,customer_only,d_to_e,e_only,0,69,0.0
base,14,customer_only,d_to_e,simultaneous,0,69,0.0
base,14,customer_only,d_to_e,d_to_e,0,69,0.0
base,14,customer_only,d_to_e,e_to_d,0,69,0.0
base,14,customer_only,e_to_d,none,0,69,0.0
base,14,customer_only,e_to_d,d_only,0,69,0.0
base,14,customer_only,e_to_d,e_only,0,69,0.0
base,14,customer_only,e_to_d,simultaneous,0,69,0.0
base,14,customer_only,e_to_d,d_to_e,0,69,0.0
base,14,customer_only,e_to_d,e_to_d,0,69,0.0
base,15,domestic_only,none,none,0,78,0.0
base,15,domestic_only,none,d_only,0,78,0.0
base,15,domestic_only,none,e_only,0,78,0.0
base,15,domestic_only,none,simultaneous,0,78,0.0
base,15,domestic_only,none,d_to_e,0,78,0.0
base,15,domestic_only,none,e_to_d,0,78,0.0
base,15,domestic_only,d_only,none,0,78,0.0
base,15,domestic_only,d_only,d_only,32,78,0.41025641025641024
base,15,domestic_only,d_only,e_only,2,78,0.02564102564102564
base,15,domestic_only,d_only,simultaneous,8,78,0.10256410256410256
base,15,domestic_only,d_only,d_to_e,32,78,0.41025641025641024
base,15,domestic_only,d_only,e_to_d,4,78,0.05128205128205128
base,15,domestic_only,e_only,none,0,78,0.0
base,15,domestic_only,e_only,d_only,0,78,0.0
base,15,domestic_only,e_only,e_only,0,78,0.0
base,15,domestic_only,e_only,simultaneous,0,78,0.0
base,15,domestic_only,e_only,d_to_e,0,78,0.0
base,15,domestic_only,e_only,e_to_d,0,78,0.0
base,15,domestic_only,simultaneous,none,0,78,0.0
base,15,domestic_only,simultaneous,d_only,0,78,0.0
base,15,domestic_only,simultaneous,e_only,0,78,0.0
base,15,domestic_only,simultaneous,simultaneous,0,78,0.0
base,15,domestic_only,simultaneous,d_to_e,0,78,0.0
base,15,domestic_only,simultaneous,e_to_d,0,78,0.0
base,15,domestic_only,d_to_e,none,0,78,0.0
base,15,domestic_only,d_to_e,d_only,0,78,0.0
base,15,domestic_only,d_to_e,e_only,0,78,0.0
base,15,domestic_only,d_to_e,simultaneous,0,78,0.0
base,15,domestic_only,d_to_e,d_to_e,0,78,0.0
base,15,domestic_only,d_to_e,e_to_d,0,78,0.0
base,15,domestic_only,e_to_d,none,0,78,0.0
base,15,domestic_only,e_to_d,d_only,0,78,0.0
base,15,domestic_only,e_to_d,e_only,0,78,0.0
base,15,domestic_only,e_to_d,simultaneous,0,78,0.0
base,15,domestic_only,e_to_d,d_to_e,0,78,0.0
base,15,domestic_only,e_to_d,e_to_d,0,78,0.0
base,15,customer_only,none,none,0,78,0.0
base,15,customer_only,none,d_only,18,78,0.23076923076923078
base,15,customer_only,none,e_only,0,78,0.0
base,15,customer_only,none,simultaneous,0,78,0.0
base,15,customer_only,none,d_to_e,0,78,0.0
base,15,customer_only,none,e_to_d,0,78,0.0
base,15,customer_only,d_only,none,0,78,0.0
base,15,customer_only,d_only,d_only,0,78,0.0
base,15,customer_only,d_only,e_only,0,78,0.0
base,15,customer_only,d_only,simultaneous,0,78,0.0
base,15,customer_only,d_only,d_to_e,0,78,0.0
base,15,customer_only,d_only,e_to_d,0,78,0.0
base,15,customer_only,e_only,none,0,78,0.0
base,15,customer_only,e_only,d_only,14,78,0.1794871794871795
base,15,customer_only,e_only,e_only,2,78,0.02564102564102564
base,15,customer_only,e_only,simultaneous,8,78,0.10256410256410256
base,15,customer_only,e_only,d_to_e,32,78,0.41025641025641024
base,15,customer_only,e_only,e_to_d,4,78,0.05128205128205128
base,15,customer_only,simultaneous,none,0,78,0.0
base,15,customer_only,simultaneous,d_only,0,78,0.0
base,15,customer_only,simultaneous,e_only,0,78,0.0
base,15,customer_only,simultaneous,simultaneous,0,78,0.0
base,15,customer_only,simultaneous,d_to_e,0,78,0.0
base,15,customer_only,simultaneous,e_to_d,0,78,0.0
base,15,customer_only,d_to_e,none,0,78,0.0
base,15,customer_only,d_to_e,d_only,0,78,0.0
base,15,customer_only,d_to_e,e_only,0,78,0.0
base,15,customer_only,d_to_e,simultaneous,0,78,0.0
base,15,customer_only,d_to_e,d_to_e,0,78,0.0
base,15,customer_only,d_to_e,e_to_d,0,78,0.0
base,15,customer_only,e_to_d,none,0,78,0.0
base,15,customer_only,e_to_d,d_only,0,78,0.0
base,15,customer_only,e_to_d,e_only,0,78,0.0
base,15,customer_only,e_to_d,simultaneous,0,78,0.0
base,15,customer_only,e_to_d,d_to_e,0,78,0.0
base,15,customer_only,e_to_d,e_to_d,0,78,0.0
base,16,domestic_only,none,none,0,81,0.0
base,16,domestic_only,none,d_only,0,81,0.0
base,16,domestic_only,none,e_only,0,81,0.0
base,16,domestic_only,none,simultaneous,0,81,0.0
base,16,domestic_only,none,d_to_e,0,81,0.0
base,16,domestic_only,none,e_to_d,0,81,0.0
base,16,domestic_only,d_only,none,0,81,0.0
base,16,domestic_only,d_only,d_only,52,81,0.6419753086419753
base,16,domestic_only,d_only,e_only,1,81,0.012345679012345678
base,16,domestic_only,d_only,simultaneous,0,81,0.0
base,16,domestic_only,d_only,d_to_e,23,81,0.2839506172839506
base,16,domestic_only,d_only,e_to_d,5,81,0.06172839506172839
base,16,domestic_only,e_only,none,0,81,0.0
base,16,domestic_only,e_only,d_only,0,81,0.0
base,16,domestic_only,e_only,e_only,0,81,0.0
base,16,domestic_only,e_only,simultaneous,0,81,0.0
base,16,domestic_only,e_only,d_to_e,0,81,0.0
base,16,domestic_only,e_only,e_to_d,0,81,0.0
base,16,domestic_only,simultaneous,none,0,81,0.0
base,16,domestic_only,simultaneous,d_only,0,81,0.0
base,16,domestic_only,simultaneous,e_only,0,81,0.0
base,16,domestic_only,simultaneous,simultaneous,0,81,0.0
base,16,domestic_only,simultaneous,d_to_e,0,81,0.0
base,16,domestic_only,simultaneous,e_to_d,0,81,0.0
base,16,domestic_only,d_to_e,none,0,81,0.0
base,16,domestic_only,d_to_e,d_only,0,81,0.0
base,16,domestic_only,d_to_e,e_only,0,81,0.0
base,16,domestic_only,d_to_e,simultaneous,0,81,0.0
base,16,domestic_only,d_to_e,d_to_e,0,81,0.0
base,16,domestic_only,d_to_e,e_to_d,0,81,0.0
base,16,domestic_only,e_to_d,none,0,81,0.0
base,16,domestic_only,e_to_d,d_only,0,81,0.0
base,16,domestic_only,e_to_d,e_only,0,81,0.0
base,16,domestic_only,e_to_d,simultaneous,0,81,0.0
base,16,domestic_only,e_to_d,d_to_e,0,81,0.0
base,16,domestic_only,e_to_d,e_to_d,0,81,0.0
base,16,customer_only,none,none,0,81,0.0
base,16,customer_only,none,d_only,43,81,0.5308641975308642
base,16,customer_only,none,e_only,0,81,0.0
base,16,customer_only,none,simultaneous,0,81,0.0
base,16,customer_only,none,d_to_e,0,81,0.0
base,16,customer_only,none,e_to_d,0,81,0.0
base,16,customer_only,d_only,none,0,81,0.0
base,16,customer_only,d_only,d_only,0,81,0.0
base,16,customer_only,d_only,e_only,0,81,0.0
base,16,customer_only,d_only,simultaneous,0,81,0.0
base,16,customer_only,d_only,d_to_e,0,81,0.0
base,16,customer_only,d_only,e_to_d,0,81,0.0
base,16,customer_only,e_only,none,0,81,0.0
base,16,customer_only,e_only,d_only,9,81,0.1111111111111111
base,16,customer_only,e_only,e_only,1,81,0.012345679012345678
base,16,customer_only,e_only,simultaneous,0,81,0.0
base,16,customer_only,e_only,d_to_e,23,81,0.2839506172839506
base,16,customer_only,e_only,e_to_d,5,81,0.06172839506172839
base,16,customer_only,simultaneous,none,0,81,0.0
base,16,customer_only,simultaneous,d_only,0,81,0.0
base,16,customer_only,simultaneous,e_only,0,81,0.0
base,16,customer_only,simultaneous,simultaneous,0,81,0.0
base,16,customer_only,simultaneous,d_to_e,0,81,0.0
base,16,customer_only,simultaneous,e_to_d,0,81,0.0
base,16,customer_only,d_to_e,none,0,81,0.0
base,16,customer_only,d_to_e,d_only,0,81,0.0
base,16,customer_only,d_to_e,e_only,0,81,0.0
base,16,customer_only,d_to_e,simultaneous,0,81,0.0
base,16,customer_only,d_to_e,d_to_e,0,81,0.0
base,16,customer_only,d_to_e,e_to_d,0,81,0.0
base,16,customer_only,e_to_d,none,0,81,0.0
base,16,customer_only,e_to_d,d_only,0,81,0.0
base,16,customer_only,e_to_d,e_only,0,81,0.0
base,16,customer_only,e_to_d,simultaneous,0,81,0.0
base,16,customer_only,e_to_d,d_to_e,0,81,0.0
base,16,customer_only,e_to_d,e_to_d,0,81,0.0
base,17,domestic_only,none,none,0,85,0.0
base,17,domestic_only,none,d_only,0,85,0.0
base,17,domestic_only,none,e_only,0,85,0.0
base,17,domestic_only,none,simultaneous,0,85,0.0
base,17,domestic_only,none,d_to_e,0,85,0.0
base,17,domestic_only,none,e_to_d,0,85,0.0
base,17,domestic_only,d_only,none,0,85,0.0
base,17,domestic_only,d_only,d_only,51,85,0.6
base,17,domestic_only,d_only,e_only,1,85,0.011764705882352941
base,17,domestic_only,d_only,simultaneous,3,85,0.03529411764705882
base,17,domestic_only,d_only,d_to_e,20,85,0.23529411764705882
base,17,domestic_only,d_only,e_to_d,10,85,0.11764705882352941
base,17,domestic_only,e_only,none,0,85,0.0
base,17,domestic_only,e_only,d_only,0,85,0.0
base,17,domestic_only,e_only,e_only,0,85,0.0
base,17,domestic_only,e_only,simultaneous,0,85,0.0
base,17,domestic_only,e_only,d_to_e,0,85,0.0
base,17,domestic_only,e_only,e_to_d,0,85,0.0
base,17,domestic_only,simultaneous,none,0,85,0.0
base,17,domestic_only,simultaneous,d_only,0,85,0.0
base,17,domestic_only,simultaneous,e_only,0,85,0.0
base,17,domestic_only,simultaneous,simultaneous,0,85,0.0
base,17,domestic_only,simultaneous,d_to_e,0,85,0.0
base,17,domestic_only,simultaneous,e_to_d,0,85,0.0
base,17,domestic_only,d_to_e,none,0,85,0.0
base,17,domestic_only,d_to_e,d_only,0,85,0.0
base,17,domestic_only,d_to_e,e_only,0,85,0.0
base,17,domestic_only,d_to_e,simultaneous,0,85,0.0
base,17,domestic_only,d_to_e,d_to_e,0,85,0.0
base,17,domestic_only,d_to_e,e_to_d,0,85,0.0
base,17,domestic_only,e_to_d,none,0,85,0.0
base,17,domestic_only,e_to_d,d_only,0,85,0.0
base,17,domestic_only,e_to_d,e_only,0,85,0.0
base,17,domestic_only,e_to_d,simultaneous,0,85,0.0
base,17,domestic_only,e_to_d,d_to_e,0,85,0.0
base,17,domestic_only,e_to_d,e_to_d,0,85,0.0
base,17,customer_only,none,none,0,85,0.0
base,17,customer_only,none,d_only,37,85,0.43529411764705883
base,17,customer_only,none,e_only,0,85,0.0
base,17,customer_only,none,simultaneous,0,85,0.0
base,17,customer_only,none,d_to_e,0,85,0.0
base,17,customer_only,none,e_to_d,0,85,0.0
base,17,customer_only,d_only,none,0,85,0.0
base,17,customer_only,d_only,d_only,0,85,0.0
base,17,customer_only,d_only,e_only,0,85,0.0
base,17,customer_only,d_only,simultaneous,0,85,0.0
base,17,customer_only,d_only,d_to_e,0,85,0.0
base,17,customer_only,d_only,e_to_d,0,85,0.0
base,17,customer_only,e_only,none,0,85,0.0
base,17,customer_only,e_only,d_only,14,85,0.16470588235294117
base,17,customer_only,e_only,e_only,1,85,0.011764705882352941
base,17,customer_only,e_only,simultaneous,3,85,0.03529411764705882
base,17,customer_only,e_only,d_to_e,20,85,0.23529411764705882
base,17,customer_only,e_only,e_to_d,10,85,0.11764705882352941
base,17,customer_only,simultaneous,none,0,85,0.0
base,17,customer_only,simultaneous,d_only,0,85,0.0
base,17,customer_only,simultaneous,e_only,0,85,0.0
base,17,customer_only,simultaneous,simultaneous,0,85,0.0
base,17,customer_only,simultaneous,d_to_e,0,85,0.0
base,17,customer_only,simultaneous,e_to_d,0,85,0.0
base,17,customer_only,d_to_e,none,0,85,0.0
base,17,customer_only,d_to_e,d_only,0,85,0.0
base,17,customer_only,d_to_e,e_only,0,85,0.0
base,17,customer_only,d_to_e,simultaneous,0,85,0.0
base,17,customer_only,d_to_e,d_to_e,0,85,0.0
base,17,customer_only,d_to_e,e_to_d,0,85,0.0
base,17,customer_only,e_to_d,none,0,85,0.0
base,17,customer_only,e_to_d,d_only,0,85,0.0
base,17,customer_only,e_to_d,e_only,0,85,0.0
base,17,customer_only,e_to_d,simultaneous,0,85,0.0
base,17,customer_only,e_to_d,d_to_e,0,85,0.0
base,17,customer_only,e_to_d,e_to_d,0,85,0.0
base,18,domestic_only,none,none,0,71,0.0
base,18,domestic_only,none,d_only,0,71,0.0
base,18,domestic_only,none,e_only,0,71,0.0
base,18,domestic_only,none,simultaneous,0,71,0.0
base,18,domestic_only,none,d_to_e,0,71,0.0
base,18,domestic_only,none,e_to_d,0,71,0.0
base,18,domestic_only,d_only,none,0,71,0.0
base,18,domestic_only,d_only,d_only,29,71,0.4084507042253521
base,18,domestic_only,d_only,e_only,1,71,0.014084507042253521
base,18,domestic_only,d_only,simultaneous,6,71,0.08450704225352113
base,18,domestic_only,d_only,d_to_e,29,71,0.4084507042253521
base,18,domestic_only,d_only,e_to_d,6,71,0.08450704225352113
base,18,domestic_only,e_only,none,0,71,0.0
base,18,domestic_only,e_only,d_only,0,71,0.0
base,18,domestic_only,e_only,e_only,0,71,0.0
base,18,domestic_only,e_only,simultaneous,0,71,0.0
base,18,domestic_only,e_only,d_to_e,0,71,0.0
base,18,domestic_only,e_only,e_to_d,0,71,0.0
base,18,domestic_only,simultaneous,none,0,71,0.0
base,18,domestic_only,simultaneous,d_only,0,71,0.0
base,18,domestic_only,simultaneous,e_only,0,71,0.0
base,18,domestic_only,simultaneous,simultaneous,0,71,0.0
base,18,domestic_only,simultaneous,d_to_e,0,71,0.0
base,18,domestic_only,simultaneous,e_to_d,0,71,0.0
base,18,domestic_only,d_to_e,none,0,71,0.0
base,18,domestic_only,d_to_e,d_only,0,71,0.0
base,18,domestic_only,d_to_e,e_only,0,71,0.0
base,18,domestic_only,d_to_e,simultaneous,0,71,0.0
base,18,domestic_only,d_to_e,d_to_e,0,71,0.0
base,18,domestic_only,d_to_e,e_to_d,0,71,0.0
base,18,domestic_only,e_to_d,none,0,71,0.0
base,18,domestic_only,e_to_d,d_only,0,71,0.0
base,18,domestic_only,e_to_d,e_only,0,71,0.0
base,18,domestic_only,e_to_d,simultaneous,0,71,0.0
base,18,domestic_only,e_to_d,d_to_e,0,71,0.0
base,18,domestic_only,e_to_d,e_to_d,0,71,0.0
base,18,customer_only,none,none,0,71,0.0
base,18,customer_only,none,d_only,14,71,0.19718309859154928
base,18,customer_only,none,e_only,0,71,0.0
base,18,customer_only,none,simultaneous,0,71,0.0
base,18,customer_only,none,d_to_e,0,71,0.0
base,18,customer_only,none,e_to_d,0,71,0.0
base,18,customer_only,d_only,none,0,71,0.0
base,18,customer_only,d_only,d_only,0,71,0.0
base,18,customer_only,d_only,e_only,0,71,0.0
base,18,customer_only,d_only,simultaneous,0,71,0.0
base,18,customer_only,d_only,d_to_e,0,71,0.0
base,18,customer_only,d_only,e_to_d,0,71,0.0
base,18,customer_only,e_only,none,0,71,0.0
base,18,customer_only,e_only,d_only,15,71,0.2112676056338028
base,18,customer_only,e_only,e_only,1,71,0.014084507042253521
base,18,customer_only,e_only,simultaneous,6,71,0.08450704225352113
base,18,customer_only,e_only,d_to_e,29,71,0.4084507042253521
base,18,customer_only,e_only,e_to_d,6,71,0.08450704225352113
base,18,customer_only,simultaneous,none,0,71,0.0
base,18,customer_only,simultaneous,d_only,0,71,0.0
base,18,customer_only,simultaneous,e_only,0,71,0.0
base,18,customer_only,simultaneous,simultaneous,0,71,0.0
base,18,customer_only,simultaneous,d_to_e,0,71,0.0
base,18,customer_only,simultaneous,e_to_d,0,71,0.0
base,18,customer_only,d_to_e,none,0,71,0.0
base,18,customer_only,d_to_e,d_only,0,71,0.0
base,18,customer_only,d_to_e,e_only,0,71,0.0
base,18,customer_only,d_to_e,simultaneous,0,71,0.0
base,18,customer_only,d_to_e,d_to_e,0,71,0.0
base,18,customer_only,d_to_e,e_to_d,0,71,0.0
base,18,customer_only,e_to_d,none,0,71,0.0
base,18,customer_only,e_to_d,d_only,0,71,0.0
base,18,customer_only,e_to_d,e_only,0,71,0.0
base,18,customer_only,e_to_d,simultaneous,0,71,0.0
base,18,customer_only,e_to_d,d_to_e,0,71,0.0
base,18,customer_only,e_to_d,e_to_d,0,71,0.0
base,19,domestic_only,none,none,0,75,0.0
base,19,domestic_only,none,d_only,0,75,0.0
base,19,domestic_only,none,e_only,0,75,0.0
base,19,domestic_only,none,simultaneous,0,75,0.0
base,19,domestic_only,none,d_to_e,0,75,0.0
base,19,domestic_only,none,e_to_d,0,75,0.0
base,19,domestic_only,d_only,none,0,75,0.0
base,19,domestic_only,d_only,d_only,35,75,0.4666666666666667
base,19,domestic_only,d_only,e_only,1,75,0.013333333333333334
base,19,domestic_only,d_only,simultaneous,8,75,0.10666666666666667
base,19,domestic_only,d_only,d_to_e,27,75,0.36
base,19,domestic_only,d_only,e_to_d,4,75,0.05333333333333334
base,19,domestic_only,e_only,none,0,75,0.0
base,19,domestic_only,e_only,d_only,0,75,0.0
base,19,domestic_only,e_only,e_only,0,75,0.0
base,19,domestic_only,e_only,simultaneous,0,75,0.0
base,19,domestic_only,e_only,d_to_e,0,75,0.0
base,19,domestic_only,e_only,e_to_d,0,75,0.0
base,19,domestic_only,simultaneous,none,0,75,0.0
base,19,domestic_only,simultaneous,d_only,0,75,0.0
base,19,domestic_only,simultaneous,e_only,0,75,0.0
base,19,domestic_only,simultaneous,simultaneous,0,75,0.0
base,19,domestic_only,simultaneous,d_to_e,0,75,0.0
base,19,domestic_only,simultaneous,e_to_d,0,75,0.0
base,19,domestic_only,d_to_e,none,0,75,0.0
base,19,domestic_only,d_to_e,d_only,0,75,0.0
base,19,domestic_only,d_to_e,e_only,0,75,0.0
base,19,domestic_only,d_to_e,simultaneous,0,75,0.0
base,19,domestic_only,d_to_e,d_to_e,0,75,0.0
base,19,domestic_only,d_to_e,e_to_d,0,75,0.0
base,19,domestic_only,e_to_d,none,0,75,0.0
base,19,domestic_only,e_to_d,d_only,0,75,0.0
base,19,domestic_only,e_to_d,e_only,0,75,0.0
base,19,domestic_only,e_to_d,simultaneous,0,75,0.0
base,19,domestic_only,e_to_d,d_to_e,0,75,0.0
base,19,domestic_only,e_to_d,e_to_d,0,75,0.0
base,19,customer_only,none,none,0,75,0.0
base,19,customer_only,none,d_only,17,75,0.22666666666666666
base,19,customer_only,none,e_only,0,75,0.0
base,19,customer_only,none,simultaneous,0,75,0.0
base,19,customer_only,none,d_to_e,0,75,0.0
base,19,customer_only,none,e_to_d,0,75,0.0
base,19,customer_only,d_only,none,0,75,0.0
base,19,customer_only,d_only,d_only,0,75,0.0
base,19,customer_only,d_only,e_only,0,75,0.0
base,19,customer_only,d_only,simultaneous,0,75,0.0
base,19,customer_only,d_only,d_to_e,0,75,0.0
base,19,customer_only,d_only,e_to_d,0,75,0.0
base,19,customer_only,e_only,none,0,75,0.0
base,19,customer_only,e_only,d_only,18,75,0.24
base,19,customer_only,e_only,e_only,1,75,0.013333333333333334
base,19,customer_only,e_only,simultaneous,8,75,0.10666666666666667
base,19,customer_only,e_only,d_to_e,27,75,0.36
base,19,customer_only,e_only,e_to_d,4,75,0.05333333333333334
base,19,customer_only,simultaneous,none,0,75,0.0
base,19,customer_only,simultaneous,d_only,0,75,0.0
base,19,customer_only,simultaneous,e_only,0,75,0.0
base,19,customer_only,simultaneous,simultaneous,0,75,0.0
base,19,customer_only,simultaneous,d_to_e,0,75,0.0
base,19,customer_only,simultaneous,e_to_d,0,75,0.0
base,19,customer_only,d_to_e,none,0,75,0.0
base,19,customer_only,d_to_e,d_only,0,75,0.0
base,19,customer_only,d_to_e,e_only,0,75,0.0
base,19,customer_only,d_to_e,simultaneous,0,75,0.0
base,19,customer_only,d_to_e,d_to_e,0,75,0.0
base,19,customer_only,d_to_e,e_to_d,0,75,0.0
base,19,customer_only,e_to_d,none,0,75,0.0
base,19,customer_only,e_to_d,d_only,0,75,0.0
base,19,customer_only,e_to_d,e_only,0,75,0.0
base,19,customer_only,e_to_d,simultaneous,0,75,0.0
base,19,customer_only,e_to_d,d_to_e,0,75,0.0
base,19,customer_only,e_to_d,e_to_d,0,75,0.0
no_escalation,0,domestic_only,none,none,0,69,0.0
no_escalation,0,domestic_only,none,d_only,0,69,0.0
no_escalation,0,domestic_only,none,e_only,0,69,0.0
no_escalation,0,domestic_only,none,simultaneous,0,69,0.0
no_escalation,0,domestic_only,none,d_to_e,0,69,0.0
no_escalation,0,domestic_only,none,e_to_d,0,69,0.0
no_escalation,0,domestic_only,d_only,none,0,69,0.0
no_escalation,0,domestic_only,d_only,d_only,56,69,0.8115942028985508
no_escalation,0,domestic_only,d_only,e_only,6,69,0.08695652173913043
no_escalation,0,domestic_only,d_only,simultaneous,7,69,0.10144927536231885
no_escalation,0,domestic_only,d_only,d_to_e,0,69,0.0
no_escalation,0,domestic_only,d_only,e_to_d,0,69,0.0
no_escalation,0,domestic_only,e_only,none,0,69,0.0
no_escalation,0,domestic_only,e_only,d_only,0,69,0.0
no_escalation,0,domestic_only,e_only,e_only,0,69,0.0
no_escalation,0,domestic_only,e_only,simultaneous,0,69,0.0
no_escalation,0,domestic_only,e_only,d_to_e,0,69,0.0
no_escalation,0,domestic_only,e_only,e_to_d,0,69,0.0
no_escalation,0,domestic_only,simultaneous,none,0,69,0.0
no_escalation,0,domestic_only,simultaneous,d_only,0,69,0.0
no_escalation,0,domestic_only,simultaneous,e_only,0,69,0.0
no_escalation,0,domestic_only,simultaneous,simultaneous,0,69,0.0
no_escalation,0,domestic_only,simultaneous,d_to_e,0,69,0.0
no_escalation,0,domestic_only,simultaneous,e_to_d,0,69,0.0
no_escalation,0,domestic_only,d_to_e,none,0,69,0.0
no_escalation,0,domestic_only,d_to_e,d_only,0,69,0.0
no_escalation,0,domestic_only,d_to_e,e_only,0,69,0.0
no_escalation,0,domestic_only,d_to_e,simultaneous,0,69,0.0
no_escalation,0,domestic_only,d_to_e,d_to_e,0,69,0.0
no_escalation,0,domestic_only,d_to_e,e_to_d,0,69,0.0
no_escalation,0,domestic_only,e_to_d,none,0,69,0.0
no_escalation,0,domestic_only,e_to_d,d_only,0,69,0.0
no_escalation,0,domestic_only,e_to_d,e_only,0,69,0.0
no_escalation,0,domestic_only,e_to_d,simultaneous,0,69,0.0
no_escalation,0,domestic_only,e_to_d,d_to_e,0,69,0.0
no_escalation,0,domestic_only,e_to_d,e_to_d,0,69,0.0
no_escalation,0,customer_only,none,none,0,69,0.0
no_escalation,0,customer_only,none,d_only,15,69,0.21739130434782608
no_escalation,0,customer_only,none,e_only,0,69,0.0
no_escalation,0,customer_only,none,simultaneous,0,69,0.0
no_escalation,0,customer_only,none,d_to_e,0,69,0.0
no_escalation,0,customer_only,none,e_to_d,0,69,0.0
no_escalation,0,customer_only,d_only,none,0,69,0.0
no_escalation,0,customer_only,d_only,d_only,0,69,0.0
no_escalation,0,customer_only,d_only,e_only,0,69,0.0
no_escalation,0,customer_only,d_only,simultaneous,0,69,0.0
no_escalation,0,customer_only,d_only,d_to_e,0,69,0.0
no_escalation,0,customer_only,d_only,e_to_d,0,69,0.0
no_escalation,0,customer_only,e_only,none,0,69,0.0
no_escalation,0,customer_only,e_only,d_only,41,69,0.5942028985507246
no_escalation,0,customer_only,e_only,e_only,6,69,0.08695652173913043
no_escalation,0,customer_only,e_only,simultaneous,7,69,0.10144927536231885
no_escalation,0,customer_only,e_only,d_to_e,0,69,0.0
no_escalation,0,customer_only,e_only,e_to_d,0,69,0.0
no_escalation,0,customer_only,simultaneous,none,0,69,0.0
no_escalation,0,customer_only,simultaneous,d_only,0,69,0.0
no_escalation,0,customer_only,simultaneous,e_only,0,69,0.0
no_escalation,0,customer_only,simultaneous,simultaneous,0,69,0.0
no_escalation,0,customer_only,simultaneous,d_to_e,0,69,0.0
no_escalation,0,customer_only,simultaneous,e_to_d,0,69,0.0
no_escalation,0,customer_only,d_to_e,none,0,69,0.0
no_escalation,0,customer_only,d_to_e,d_only,0,69,0.0
no_escalation,0,customer_only,d_to_e,e_only,0,69,0.0
no_escalation,0,customer_only,d_to_e,simultaneous,0,69,0.0
no_escalation,0,customer_only,d_to_e,d_to_e,0,69,0.0
no_escalation,0,customer_only,d_to_e,e_to_d,0,69,0.0
no_escalation,0,customer_only,e_to_d,none,0,69,0.0
no_escalation,0,customer_only,e_to_d,d_only,0,69,0.0
no_escalation,0,customer_only,e_to_d,e_only,0,69,0.0
no_escalation,0,customer_only,e_to_d,simultaneous,0,69,0.0
no_escalation,0,customer_only,e_to_d,d_to_e,0,69,0.0
no_escalation,0,customer_only,e_to_d,e_to_d,0,69,0.0
no_escalation,1,domestic_only,none,none,0,81,0.0
no_escalation,1,domestic_only,none,d_only,0,81,0.0
no_escalation,1,domestic_only,none,e_only,0,81,0.0
no_escalation,1,domestic_only,none,simultaneous,0,81,0.0
no_escalation,1,domestic_only,none,d_to_e,0,81,0.0
no_escalation,1,domestic_only,none,e_to_d,0,81,0.0
no_escalation,1,domestic_only,d_only,none,0,81,0.0
no_escalation,1,domestic_only,d_only,d_only,64,81,0.7901234567901234
no_escalation,1,domestic_only,d_only,e_only,3,81,0.037037037037037035
no_escalation,1,domestic_only,d_only,simultaneous,14,81,0.1728395061728395
no_escalation,1,domestic_only,d_only,d_to_e,0,81,0.0
no_escalation,1,domestic_only,d_only,e_to_d,0,81,0.0
no_escalation,1,domestic_only,e_only,none,0,81,0.0
no_escalation,1,domestic_only,e_only,d_only,0,81,0.0
no_escalation,1,domestic_only,e_only,e_only,0,81,0.0
no_escalation,1,domestic_only,e_only,simultaneous,0,81,0.0
no_escalation,1,domestic_only,e_only,d_to_e,0,81,0.0
no_escalation,1,domestic_only,e_only,e_to_d,0,81,0.0
no_escalation,1,domestic_only,simultaneous,none,0,81,0.0
no_escalation,1,domestic_only,simultaneous,d_only,0,81,0.0
no_escalation,1,domestic_only,simultaneous,e_only,0,81,0.0
no_escalation,1,domestic_only,simultaneous,simultaneous,0,81,0.0
no_escalation,1,domestic_only,simultaneous,d_to_e,0,81,0.0
no_escalation,1,domestic_only,simultaneous,e_to_d,0,81,0.0
no_escalation,1,domestic_only,d_to_e,none,0,81,0.0
no_escalation,1,domestic_only,d_to_e,d_only,0,81,0.0
no_escalation,1,domestic_only,d_to_e,e_only,0,81,0.0
no_escalation,1,domestic_only,d_to_e,simultaneous,0,81,0.0
no_escalation,1,domestic_only,d_to_e,d_to_e,0,81,0.0
no_escalation,1,domestic_only,d_to_e,e_to_d,0,81,0.0
no_escalation,1,domestic_only,e_to_d,none,0,81,0.0
no_escalation,1,domestic_only,e_to_d,d_only,0,81,0.0
no_escalation,1,domestic_only,e_to_d,e_only,0,81,0.0
no_escalation,1,domestic_only,e_to_d,simultaneous,0,81,0.0
no_escalation,1,domestic_only,e_to_d,d_to_e,0,81,0.0
no_escalation,1,domestic_only,e_to_d,e_to_d,0,81,0.0
no_escalation,1,customer_only,none,none,0,81,0.0
no_escalation,1,customer_only,none,d_only,22,81,0.2716049382716049
no_escalation,1,customer_only,none,e_only,0,81,0.0
no_escalation,1,customer_only,none,simultaneous,0,81,0.0
no_escalation,1,customer_only,none,d_to_e,0,81,0.0
no_escalation,1,customer_only,none,e_to_d,0,81,0.0
no_escalation,1,customer_only,d_only,none,0,81,0.0
no_escalation,1,customer_only,d_only,d_only,0,81,0.0
no_escalation,1,customer_only,d_only,e_only,0,81,0.0
no_escalation,1,customer_only,d_only,simultaneous,0,81,0.0
no_escalation,1,customer_only,d_only,d_to_e,0,81,0.0
no_escalation,1,customer_only,d_only,e_to_d,0,81,0.0
no_escalation,1,customer_only,e_only,none,0,81,0.0
no_escalation,1,customer_only,e_only,d_only,42,81,0.5185185185185185
no_escalation,1,customer_only,e_only,e_only,3,81,0.037037037037037035
no_escalation,1,customer_only,e_only,simultaneous,14,81,0.1728395061728395
no_escalation,1,customer_only,e_only,d_to_e,0,81,0.0
no_escalation,1,customer_only,e_only,e_to_d,0,81,0.0
no_escalation,1,customer_only,simultaneous,none,0,81,0.0
no_escalation,1,customer_only,simultaneous,d_only,0,81,0.0
no_escalation,1,customer_only,simultaneous,e_only,0,81,0.0
no_escalation,1,customer_only,simultaneous,simultaneous,0,81,0.0
no_escalation,1,customer_only,simultaneous,d_to_e,0,81,0.0
no_escalation,1,customer_only,simultaneous,e_to_d,0,81,0.0
no_escalation,1,customer_only,d_to_e,none,0,81,0.0
no_escalation,1,customer_only,d_to_e,d_only,0,81,0.0
no_escalation,1,customer_only,d_to_e,e_only,0,81,0.0
no_escalation,1,customer_only,d_to_e,simultaneous,0,81,0.0
no_escalation,1,customer_only,d_to_e,d_to_e,0,81,0.0
no_escalation,1,customer_only,d_to_e,e_to_d,0,81,0.0
no_escalation,1,customer_only,e_to_d,none,0,81,0.0
no_escalation,1,customer_only,e_to_d,d_only,0,81,0.0
no_escalation,1,customer_only,e_to_d,e_only,0,81,0.0
no_escalation,1,customer_only,e_to_d,simultaneous,0,81,0.0
no_escalation,1,customer_only,e_to_d,d_to_e,0,81,0.0
no_escalation,1,customer_only,e_to_d,e_to_d,0,81,0.0
no_escalation,2,domestic_only,none,none,0,75,0.0
no_escalation,2,domestic_only,none,d_only,0,75,0.0
no_escalation,2,domestic_only,none,e_only,0,75,0.0
no_escalation,2,domestic_only,none,simultaneous,0,75,0.0
no_escalation,2,domestic_only,none,d_to_e,0,75,0.0
no_escalation,2,domestic_only,none,e_to_d,0,75,0.0
no_escalation,2,domestic_only,d_only,none,0,75,0.0
no_escalation,2,domestic_only,d_only,d_only,61,75,0.8133333333333334
no_escalation,2,domestic_only,d_only,e_only,4,75,0.05333333333333334
no_escalation,2,domestic_only,d_only,simultaneous,10,75,0.13333333333333333
no_escalation,2,domestic_only,d_only,d_to_e,0,75,0.0
no_escalation,2,domestic_only,d_only,e_to_d,0,75,0.0
no_escalation,2,domestic_only,e_only,none,0,75,0.0
no_escalation,2,domestic_only,e_only,d_only,0,75,0.0
no_escalation,2,domestic_only,e_only,e_only,0,75,0.0
no_escalation,2,domestic_only,e_only,simultaneous,0,75,0.0
no_escalation,2,domestic_only,e_only,d_to_e,0,75,0.0
no_escalation,2,domestic_only,e_only,e_to_d,0,75,0.0
no_escalation,2,domestic_only,simultaneous,none,0,75,0.0
no_escalation,2,domestic_only,simultaneous,d_only,0,75,0.0
no_escalation,2,domestic_only,simultaneous,e_only,0,75,0.0
no_escalation,2,domestic_only,simultaneous,simultaneous,0,75,0.0
no_escalation,2,domestic_only,simultaneous,d_to_e,0,75,0.0
no_escalation,2,domestic_only,simultaneous,e_to_d,0,75,0.0
no_escalation,2,domestic_only,d_to_e,none,0,75,0.0
no_escalation,2,domestic_only,d_to_e,d_only,0,75,0.0
no_escalation,2,domestic_only,d_to_e,e_only,0,75,0.0
no_escalation,2,domestic_only,d_to_e,simultaneous,0,75,0.0
no_escalation,2,domestic_only,d_to_e,d_to_e,0,75,0.0
no_escalation,2,domestic_only,d_to_e,e_to_d,0,75,0.0
no_escalation,2,domestic_only,e_to_d,none,0,75,0.0
no_escalation,2,domestic_only,e_to_d,d_only,0,75,0.0
no_escalation,2,domestic_only,e_to_d,e_only,0,75,0.0
no_escalation,2,domestic_only,e_to_d,simultaneous,0,75,0.0
no_escalation,2,domestic_only,e_to_d,d_to_e,0,75,0.0
no_escalation,2,domestic_only,e_to_d,e_to_d,0,75,0.0
no_escalation,2,customer_only,none,none,0,75,0.0
no_escalation,2,customer_only,none,d_only,28,75,0.37333333333333335
no_escalation,2,customer_only,none,e_only,0,75,0.0
no_escalation,2,customer_only,none,simultaneous,0,75,0.0
no_escalation,2,customer_only,none,d_to_e,0,75,0.0
no_escalation,2,customer_only,none,e_to_d,0,75,0.0
no_escalation,2,customer_only,d_only,none,0,75,0.0
no_escalation,2,customer_only,d_only,d_only,0,75,0.0
no_escalation,2,customer_only,d_only,e_only,0,75,0.0
no_escalation,2,customer_only,d_only,simultaneous,0,75,0.0
no_escalation,2,customer_only,d_only,d_to_e,0,75,0.0
no_escalation,2,customer_only,d_only,e_to_d,0,75,0.0
no_escalation,2,customer_only,e_only,none,0,75,0.0
no_escalation,2,customer_only,e_only,d_only,33,75,0.44
no_escalation,2,customer_only,e_only,e_only,4,75,0.05333333333333334
no_escalation,2,customer_only,e_only,simultaneous,10,75,0.13333333333333333
no_escalation,2,customer_only,e_only,d_to_e,0,75,0.0
no_escalation,2,customer_only,e_only,e_to_d,0,75,0.0
no_escalation,2,customer_only,simultaneous,none,0,75,0.0
no_escalation,2,customer_only,simultaneous,d_only,0,75,0.0
no_escalation,2,customer_only,simultaneous,e_only,0,75,0.0
no_escalation,2,customer_only,simultaneous,simultaneous,0,75,0.0
no_escalation,2,customer_only,simultaneous,d_to_e,0,75,0.0
no_escalation,2,customer_only,simultaneous,e_to_d,0,75,0.0
no_escalation,2,customer_only,d_to_e,none,0,75,0.0
no_escalation,2,customer_only,d_to_e,d_only,0,75,0.0
no_escalation,2,customer_only,d_to_e,e_only,0,75,0.0
no_escalation,2,customer_only,d_to_e,simultaneous,0,75,0.0
no_escalation,2,customer_only,d_to_e,d_to_e,0,75,0.0
no_escalation,2,customer_only,d_to_e,e_to_d,0,75,0.0
no_escalation,2,customer_only,e_to_d,none,0,75,0.0
no_escalation,2,customer_only,e_to_d,d_only,0,75,0.0
no_escalation,2,customer_only,e_to_d,e_only,0,75,0.0
no_escalation,2,customer_only,e_to_d,simultaneous,0,75,0.0
no_escalation,2,customer_only,e_to_d,d_to_e,0,75,0.0
no_escalation,2,customer_only,e_to_d,e_to_d,0,75,0.0
no_escalation,3,domestic_only,none,none,0,84,0.0
no_escalation,3,domestic_only,none,d_only,0,84,0.0
no_escalation,3,domestic_only,none,e_only,0,84,0.0
no_escalation,3,domestic_only,none,simultaneous,0,84,0.0
no_escalation,3,domestic_only,none,d_to_e,0,84,0.0
no_escalation,3,domestic_only,none,e_to_d,0,84,0.0
no_escalation,3,domestic_only,d_only,none,0,84,0.0
no_escalation,3,domestic_only,d_only,d_only,72,84,0.8571428571428571
no_escalation,3,domestic_only,d_only,e_only,6,84,0.07142857142857142
no_escalation,3,domestic_only,d_only,simultaneous,6,84,0.07142857142857142
no_escalation,3,domestic_only,d_only,d_to_e,0,84,0.0
no_escalation,3,domestic_only,d_only,e_to_d,0,84,0.0
no_escalation,3,domestic_only,e_only,none,0,84,0.0
no_escalation,3,domestic_only,e_only,d_only,0,84,0.0
no_escalation,3,domestic_only,e_only,e_only,0,84,0.0
no_escalation,3,domestic_only,e_only,simultaneous,0,84,0.0
no_escalation,3,domestic_only,e_only,d_to_e,0,84,0.0
no_escalation,3,domestic_only,e_only,e_to_d,0,84,0.0
no_escalation,3,domestic_only,simultaneous,none,0,84,0.0
no_escalation,3,domestic_only,simultaneous,d_only,0,84,0.0
no_escalation,3,domestic_only,simultaneous,e_only,0,84,0.0
no_escalation,3,domestic_only,simultaneous,simultaneous,0,84,0.0
no_escalation,3,domestic_only,simultaneous,d_to_e,0,84,0.0
no_escalation,3,domestic_only,simultaneous,e_to_d,0,84,0.0
no_escalation,3,domestic_only,d_to_e,none,0,84,0.0
no_escalation,3,domestic_only,d_to_e,d_only,0,84,0.0
no_escalation,3,domestic_only,d_to_e,e_only,0,84,0.0
no_escalation,3,domestic_only,d_to_e,simultaneous,0,84,0.0
no_escalation,3,domestic_only,d_to_e,d_to_e,0,84,0.0
no_escalation,3,domestic_only,d_to_e,e_to_d,0,84,0.0
no_escalation,3,domestic_only,e_to_d,none,0,84,0.0
no_escalation,3,domestic_only,e_to_d,d_only,0,84,0.0
no_escalation,3,domestic_only,e_to_d,e_only,0,84,0.0
no_escalation,3,domestic_only,e_to_d,simultaneous,0,84,0.0
no_escalation,3,domestic_only,e_to_d,d_to_e,0,84,0.0
no_escalation,3,domestic_only,e_to_d,e_to_d,0,84,0.0
no_escalation,3,customer_only,none,none,0,84,0.0
no_escalation,3,customer_only,none,d_only,28,84,0.3333333333333333
no_escalation,3,customer_only,none,e_only,0,84,0.0
no_escalation,3,customer_only,none,simultaneous,0,84,0.0
no_escalation,3,customer_only,none,d_to_e,0,84,0.0
no_escalation,3,customer_only,none,e_to_d,0,84,0.0
no_escalation,3,customer_only,d_only,none,0,84,0.0
no_escalation,3,customer_only,d_only,d_only,0,84,0.0
no_escalation,3,customer_only,d_only,e_only,0,84,0.0
no_escalation,3,customer_only,d_only,simultaneous,0,84,0.0
no_escalation,3,customer_only,d_only,d_to_e,0,84,0.0
no_escalation,3,customer_only,d_only,e_to_d,0,84,0.0
no_escalation,3,customer_only,e_only,none,0,84,0.0
no_escalation,3,customer_only,e_only,d_only,44,84,0.5238095238095238
no_escalation,3,customer_only,e_only,e_only,6,84,0.07142857142857142
no_escalation,3,customer_only,e_only,simultaneous,6,84,0.07142857142857142
no_escalation,3,customer_only,e_only,d_to_e,0,84,0.0
no_escalation,3,customer_only,e_only,e_to_d,0,84,0.0
no_escalation,3,customer_only,simultaneous,none,0,84,0.0
no_escalation,3,customer_only,simultaneous,d_only,0,84,0.0
no_escalation,3,customer_only,simultaneous,e_only,0,84,0.0
no_escalation,3,customer_only,simultaneous,simultaneous,0,84,0.0
no_escalation,3,customer_only,simultaneous,d_to_e,0,84,0.0
no_escalation,3,customer_only,simultaneous,e_to_d,0,84,0.0
no_escalation,3,customer_only,d_to_e,none,0,84,0.0
no_escalation,3,customer_only,d_to_e,d_only,0,84,0.0
no_escalation,3,customer_only,d_to_e,e_only,0,84,0.0
no_escalation,3,customer_only,d_to_e,simultaneous,0,84,0.0
no_escalation,3,customer_only,d_to_e,d_to_e,0,84,0.0
no_escalation,3,customer_only,d_to_e,e_to_d,0,84,0.0
no_escalation,3,customer_only,e_to_d,none,0,84,0.0
no_escalation,3,customer_only,e_to_d,d_only,0,84,0.0
no_escalation,3,customer_only,e_to_d,e_only,0,84,0.0
no_escalation,3,customer_only,e_to_d,simultaneous,0,84,0.0
no_escalation,3,customer_only,e_to_d,d_to_e,0,84,0.0
no_escalation,3,customer_only,e_to_d,e_to_d,0,84,0.0
no_escalation,4,domestic_only,none,none,0,82,0.0
no_escalation,4,domestic_only,none,d_only,0,82,0.0
no_escalation,4,domestic_only,none,e_only,0,82,0.0
no_escalation,4,domestic_only,none,simultaneous,0,82,0.0
no_escalation,4,domestic_only,none,d_to_e,0,82,0.0
no_escalation,4,domestic_only,none,e_to_d,0,82,0.0
no_escalation,4,domestic_only,d_only,none,0,82,0.0
no_escalation,4,domestic_only,d_only,d_only,71,82,0.8658536585365854
no_escalation,4,domestic_only,d_only,e_only,6,82,0.07317073170731707
no_escalation,4,domestic_only,d_only,simultaneous,5,82,0.06097560975609756
no_escalation,4,domestic_only,d_only,d_to_e,0,82,0.0
no_escalation,4,domestic_only,d_only,e_to_d,0,82,0.0
no_escalation,4,domestic_only,e_only,none,0,82,0.0
no_escalation,4,domestic_only,e_only,d_only,0,82,0.0
no_escalation,4,domestic_only,e_only,e_only,0,82,0.0
no_escalation,4,domestic_only,e_only,simultaneous,0,82,0.0
no_escalation,4,domestic_only,e_only,d_to_e,0,82,0.0
no_escalation,4,domestic_only,e_only,e_to_d,0,82,0.0
no_escalation,4,domestic_only,simultaneous,none,0,82,0.0
no_escalation,4,domestic_only,simultaneous,d_only,0,82,0.0
no_escalation,4,domestic_only,simultaneous,e_only,0,82,0.0
no_escalation,4,domestic_only,simultaneous,simultaneous,0,82,0.0
no_escalation,4,domestic_only,simultaneous,d_to_e,0,82,0.0
no_escalation,4,domestic_only,simultaneous,e_to_d,0,82,0.0
no_escalation,4,domestic_only,d_to_e,none,0,82,0.0
no_escalation,4,domestic_only,d_to_e,d_only,0,82,0.0
no_escalation,4,domestic_only,d_to_e,e_only,0,82,0.0
no_escalation,4,domestic_only,d_to_e,simultaneous,0,82,0.0
no_escalation,4,domestic_only,d_to_e,d_to_e,0,82,0.0
no_escalation,4,domestic_only,d_to_e,e_to_d,0,82,0.0
no_escalation,4,domestic_only,e_to_d,none,0,82,0.0
no_escalation,4,domestic_only,e_to_d,d_only,0,82,0.0
no_escalation,4,domestic_only,e_to_d,e_only,0,82,0.0
no_escalation,4,domestic_only,e_to_d,simultaneous,0,82,0.0
no_escalation,4,domestic_only,e_to_d,d_to_e,0,82,0.0
no_escalation,4,domestic_only,e_to_d,e_to_d,0,82,0.0
no_escalation,4,customer_only,none,none,0,82,0.0
no_escalation,4,customer_only,none,d_only,45,82,0.5487804878048781
no_escalation,4,customer_only,none,e_only,0,82,0.0
no_escalation,4,customer_only,none,simultaneous,0,82,0.0
no_escalation,4,customer_only,none,d_to_e,0,82,0.0
no_escalation,4,customer_only,none,e_to_d,0,82,0.0
no_escalation,4,customer_only,d_only,none,0,82,0.0
no_escalation,4,customer_only,d_only,d_only,0,82,0.0
no_escalation,4,customer_only,d_only,e_only,0,82,0.0
no_escalation,4,customer_only,d_only,simultaneous,0,82,0.0
no_escalation,4,customer_only,d_only,d_to_e,0,82,0.0
no_escalation,4,customer_only,d_only,e_to_d,0,82,0.0
no_escalation,4,customer_only,e_only,none,0,82,0.0
no_escalation,4,customer_only,e_only,d_only,26,82,0.3170731707317073
no_escalation,4,customer_only,e_only,e_only,6,82,0.07317073170731707
no_escalation,4,customer_only,e_only,simultaneous,5,82,0.06097560975609756
no_escalation,4,customer_only,e_only,d_to_e,0,82,0.0
no_escalation,4,customer_only,e_only,e_to_d,0,82,0.0
no_escalation,4,customer_only,simultaneous,none,0,82,0.0
no_escalation,4,customer_only,simultaneous,d_only,0,82,0.0
no_escalation,4,customer_only,simultaneous,e_only,0,82,0.0
no_escalation,4,customer_only,simultaneous,simultaneous,0,82,0.0
no_escalation,4,customer_only,simultaneous,d_to_e,0,82,0.0
no_escalation,4,customer_only,simultaneous,e_to_d,0,82,0.0
no_escalation,4,customer_only,d_to_e,none,0,82,0.0
no_escalation,4,customer_only,d_to_e,d_only,0,82,0.0
no_escalation,4,customer_only,d_to_e,e_only,0,82,0.0
no_escalation,4,customer_only,d_to_e,simultaneous,0,82,0.0
no_escalation,4,customer_only,d_to_e,d_to_e,0,82,0.0
no_escalation,4,customer_only,d_to_e,e_to_d,0,82,0.0
no_escalation,4,customer_only,e_to_d,none,0,82,0.0
no_escalation,4,customer_only,e_to_d,d_only,0,82,0.0
no_escalation,4,customer_only,e_to_d,e_only,0,82,0.0
no_escalation,4,customer_only,e_to_d,simultaneous,0,82,0.0
no_escalation,4,customer_only,e_to_d,d_to_e,0,82,0.0
no_escalation,4,customer_only,e_to_d,e_to_d,0,82,0.0
no_escalation,5,domestic_only,none,none,0,85,0.0
no_escalation,5,domestic_only,none,d_only,0,85,0.0
no_escalation,5,domestic_only,none,e_only,0,85,0.0
no_escalation,5,domestic_only,none,simultaneous,0,85,0.0
no_escalation,5,domestic_only,none,d_to_e,0,85,0.0
no_escalation,5,domestic_only,none,e_to_d,0,85,0.0
no_escalation,5,domestic_only,d_only,none,0,85,0.0
no_escalation,5,domestic_only,d_only,d_only,71,85,0.8352941176470589
no_escalation,5,domestic_only,d_only,e_only,8,85,0.09411764705882353
no_escalation,5,domestic_only,d_only,simultaneous,6,85,0.07058823529411765
no_escalation,5,domestic_only,d_only,d_to_e,0,85,0.0
no_escalation,5,domestic_only,d_only,e_to_d,0,85,0.0
no_escalation,5,domestic_only,e_only,none,0,85,0.0
no_escalation,5,domestic_only,e_only,d_only,0,85,0.0
no_escalation,5,domestic_only,e_only,e_only,0,85,0.0
no_escalation,5,domestic_only,e_only,simultaneous,0,85,0.0
no_escalation,5,domestic_only,e_only,d_to_e,0,85,0.0
no_escalation,5,domestic_only,e_only,e_to_d,0,85,0.0
no_escalation,5,domestic_only,simultaneous,none,0,85,0.0
no_escalation,5,domestic_only,simultaneous,d_only,0,85,0.0
no_escalation,5,domestic_only,simultaneous,e_only,0,85,0.0
no_escalation,5,domestic_only,simultaneous,simultaneous,0,85,0.0
no_escalation,5,domestic_only,simultaneous,d_to_e,0,85,0.0
no_escalation,5,domestic_only,simultaneous,e_to_d,0,85,0.0
no_escalation,5,domestic_only,d_to_e,none,0,85,0.0
no_escalation,5,domestic_only,d_to_e,d_only,0,85,0.0
no_escalation,5,domestic_only,d_to_e,e_only,0,85,0.0
no_escalation,5,domestic_only,d_to_e,simultaneous,0,85,0.0
no_escalation,5,domestic_only,d_to_e,d_to_e,0,85,0.0
no_escalation,5,domestic_only,d_to_e,e_to_d,0,85,0.0
no_escalation,5,domestic_only,e_to_d,none,0,85,0.0
no_escalation,5,domestic_only,e_to_d,d_only,0,85,0.0
no_escalation,5,domestic_only,e_to_d,e_only,0,85,0.0
no_escalation,5,domestic_only,e_to_d,simultaneous,0,85,0.0
no_escalation,5,domestic_only,e_to_d,d_to_e,0,85,0.0
no_escalation,5,domestic_only,e_to_d,e_to_d,0,85,0.0
no_escalation,5,customer_only,none,none,0,85,0.0
no_escalation,5,customer_only,none,d_only,32,85,0.3764705882352941
no_escalation,5,customer_only,none,e_only,0,85,0.0
no_escalation,5,customer_only,none,simultaneous,0,85,0.0
no_escalation,5,customer_only,none,d_to_e,0,85,0.0
no_escalation,5,customer_only,none,e_to_d,0,85,0.0
no_escalation,5,customer_only,d_only,none,0,85,0.0
no_escalation,5,customer_only,d_only,d_only,0,85,0.0
no_escalation,5,customer_only,d_only,e_only,0,85,0.0
no_escalation,5,customer_only,d_only,simultaneous,0,85,0.0
no_escalation,5,customer_only,d_only,d_to_e,0,85,0.0
no_escalation,5,customer_only,d_only,e_to_d,0,85,0.0
no_escalation,5,customer_only,e_only,none,0,85,0.0
no_escalation,5,customer_only,e_only,d_only,39,85,0.4588235294117647
no_escalation,5,customer_only,e_only,e_only,8,85,0.09411764705882353
no_escalation,5,customer_only,e_only,simultaneous,6,85,0.07058823529411765
no_escalation,5,customer_only,e_only,d_to_e,0,85,0.0
no_escalation,5,customer_only,e_only,e_to_d,0,85,0.0
no_escalation,5,customer_only,simultaneous,none,0,85,0.0
no_escalation,5,customer_only,simultaneous,d_only,0,85,0.0
no_escalation,5,customer_only,simultaneous,e_only,0,85,0.0
no_escalation,5,customer_only,simultaneous,simultaneous,0,85,0.0
no_escalation,5,customer_only,simultaneous,d_to_e,0,85,0.0
no_escalation,5,customer_only,simultaneous,e_to_d,0,85,0.0
no_escalation,5,customer_only,d_to_e,none,0,85,0.0
no_escalation,5,customer_only,d_to_e,d_only,0,85,0.0
no_escalation,5,customer_only,d_to_e,e_only,0,85,0.0
no_escalation,5,customer_only,d_to_e,simultaneous,0,85,0.0
no_escalation,5,customer_only,d_to_e,d_to_e,0,85,0.0
no_escalation,5,customer_only,d_to_e,e_to_d,0,85,0.0
no_escalation,5,customer_only,e_to_d,none,0,85,0.0
no_escalation,5,customer_only,e_to_d,d_only,0,85,0.0
no_escalation,5,customer_only,e_to_d,e_only,0,85,0.0
no_escalation,5,customer_only,e_to_d,simultaneous,0,85,0.0
no_escalation,5,customer_only,e_to_d,d_to_e,0,85,0.0
no_escalation,5,customer_only,e_to_d,e_to_d,0,85,0.0
no_escalation,6,domestic_only,none,none,0,86,0.0
no_escalation,6,domestic_only,none,d_only,0,86,0.0
no_escalation,6,domestic_only,none,e_only,0,86,0.0
no_escalation,6,domestic_only,none,simultaneous,0,86,0.0
no_escalation,6,domestic_only,none,d_to_e,0,86,0.0
no_escalation,6,domestic_only,none,e_to_d,0,86,0.0
no_escalation,6,domestic_only,d_only,none,0,86,0.0
no_escalation,6,domestic_only,d_only,d_only,74,86,0.8604651162790697
no_escalation,6,domestic_only,d_only,e_only,7,86,0.08139534883720931
no_escalation,6,domestic_only,d_only,simultaneous,5,86,0.05813953488372093
no_escalation,6,domestic_only,d_only,d_to_e,0,86,0.0
no_escalation,6,domestic_only,d_only,e_to_d,0,86,0.0
no_escalation,6,domestic_only,e_only,none,0,86,0.0
no_escalation,6,domestic_only,e_only,d_only,0,86,0.0
no_escalation,6,domestic_only,e_only,e_only,0,86,0.0
no_escalation,6,domestic_only,e_only,simultaneous,0,86,0.0
no_escalation,6,domestic_only,e_only,d_to_e,0,86,0.0
no_escalation,6,domestic_only,e_only,e_to_d,0,86,0.0
no_escalation,6,domestic_only,simultaneous,none,0,86,0.0
no_escalation,6,domestic_only,simultaneous,d_only,0,86,0.0
no_escalation,6,domestic_only,simultaneous,e_only,0,86,0.0
no_escalation,6,domestic_only,simultaneous,simultaneous,0,86,0.0
no_escalation,6,domestic_only,simultaneous,d_to_e,0,86,0.0
no_escalation,6,domestic_only,simultaneous,e_to_d,0,86,0.0
no_escalation,6,domestic_only,d_to_e,none,0,86,0.0
no_escalation,6,domestic_only,d_to_e,d_only,0,86,0.0
no_escalation,6,domestic_only,d_to_e,e_only,0,86,0.0
no_escalation,6,domestic_only,d_to_e,simultaneous,0,86,0.0
no_escalation,6,domestic_only,d_to_e,d_to_e,0,86,0.0
no_escalation,6,domestic_only,d_to_e,e_to_d,0,86,0.0
no_escalation,6,domestic_only,e_to_d,none,0,86,0.0
no_escalation,6,domestic_only,e_to_d,d_only,0,86,0.0
no_escalation,6,domestic_only,e_to_d,e_only,0,86,0.0
no_escalation,6,domestic_only,e_to_d,simultaneous,0,86,0.0
no_escalation,6,domestic_only,e_to_d,d_to_e,0,86,0.0
no_escalation,6,domestic_only,e_to_d,e_to_d,0,86,0.0
no_escalation,6,customer_only,none,none,0,86,0.0
no_escalation,6,customer_only,none,d_only,27,86,0.313953488372093
no_escalation,6,customer_only,none,e_only,0,86,0.0
no_escalation,6,customer_only,none,simultaneous,0,86,0.0
no_escalation,6,customer_only,none,d_to_e,0,86,0.0
no_escalation,6,customer_only,none,e_to_d,0,86,0.0
no_escalation,6,customer_only,d_only,none,0,86,0.0
no_escalation,6,customer_only,d_only,d_only,0,86,0.0
no_escalation,6,customer_only,d_only,e_only,0,86,0.0
no_escalation,6,customer_only,d_only,simultaneous,0,86,0.0
no_escalation,6,customer_only,d_only,d_to_e,0,86,0.0
no_escalation,6,customer_only,d_only,e_to_d,0,86,0.0
no_escalation,6,customer_only,e_only,none,0,86,0.0
no_escalation,6,customer_only,e_only,d_only,47,86,0.5465116279069767
no_escalation,6,customer_only,e_only,e_only,7,86,0.08139534883720931
no_escalation,6,customer_only,e_only,simultaneous,5,86,0.05813953488372093
no_escalation,6,customer_only,e_only,d_to_e,0,86,0.0
no_escalation,6,customer_only,e_only,e_to_d,0,86,0.0
no_escalation,6,customer_only,simultaneous,none,0,86,0.0
no_escalation,6,customer_only,simultaneous,d_only,0,86,0.0
no_escalation,6,customer_only,simultaneous,e_only,0,86,0.0
no_escalation,6,customer_only,simultaneous,simultaneous,0,86,0.0
no_escalation,6,customer_only,simultaneous,d_to_e,0,86,0.0
no_escalation,6,customer_only,simultaneous,e_to_d,0,86,0.0
no_escalation,6,customer_only,d_to_e,none,0,86,0.0
no_escalation,6,customer_only,d_to_e,d_only,0,86,0.0
no_escalation,6,customer_only,d_to_e,e_only,0,86,0.0
no_escalation,6,customer_only,d_to_e,simultaneous,0,86,0.0
no_escalation,6,customer_only,d_to_e,d_to_e,0,86,0.0
no_escalation,6,customer_only,d_to_e,e_to_d,0,86,0.0
no_escalation,6,customer_only,e_to_d,none,0,86,0.0
no_escalation,6,customer_only,e_to_d,d_only,0,86,0.0
no_escalation,6,customer_only,e_to_d,e_only,0,86,0.0
no_escalation,6,customer_only,e_to_d,simultaneous,0,86,0.0
no_escalation,6,customer_only,e_to_d,d_to_e,0,86,0.0
no_escalation,6,customer_only,e_to_d,e_to_d,0,86,0.0
no_escalation,7,domestic_only,none,none,0,84,0.0
no_escalation,7,domestic_only,none,d_only,0,84,0.0
no_escalation,7,domestic_only,none,e_only,0,84,0.0
no_escalation,7,domestic_only,none,simultaneous,0,84,0.0
no_escalation,7,domestic_only,none,d_to_e,0,84,0.0
no_escalation,7,domestic_only,none,e_to_d,0,84,0.0
no_escalation,7,domestic_only,d_only,none,0,84,0.0
no_escalation,7,domestic_only,d_only,d_only,70,84,0.8333333333333334
no_escalation,7,domestic_only,d_only,e_only,4,84,0.047619047619047616
no_escalation,7,domestic_only,d_only,simultaneous,10,84,0.11904761904761904
no_escalation,7,domestic_only,d_only,d_to_e,0,84,0.0
no_escalation,7,domestic_only,d_only,e_to_d,0,84,0.0
no_escalation,7,domestic_only,e_only,none,0,84,0.0
no_escalation,7,domestic_only,e_only,d_only,0,84,0.0
no_escalation,7,domestic_only,e_only,e_only,0,84,0.0
no_escalation,7,domestic_only,e_only,simultaneous,0,84,0.0
no_escalation,7,domestic_only,e_only,d_to_e,0,84,0.0
no_escalation,7,domestic_only,e_only,e_to_d,0,84,0.0
no_escalation,7,domestic_only,simultaneous,none,0,84,0.0
no_escalation,7,domestic_only,simultaneous,d_only,0,84,0.0
no_escalation,7,domestic_only,simultaneous,e_only,0,84,0.0
no_escalation,7,domestic_only,simultaneous,simultaneous,0,84,0.0
no_escalation,7,domestic_only,simultaneous,d_to_e,0,84,0.0
no_escalation,7,domestic_only,simultaneous,e_to_d,0,84,0.0
no_escalation,7,domestic_only,d_to_e,none,0,84,0.0
no_escalation,7,domestic_only,d_to_e,d_only,0,84,0.0
no_escalation,7,domestic_only,d_to_e,e_only,0,84,0.0
no_escalation,7,domestic_only,d_to_e,simultaneous,0,84,0.0
no_escalation,7,domestic_only,d_to_e,d_to_e,0,84,0.0
no_escalation,7,domestic_only,d_to_e,e_to_d,0,84,0.0
no_escalation,7,domestic_only,e_to_d,none,0,84,0.0
no_escalation,7,domestic_only,e_to_d,d_only,0,84,0.0
no_escalation,7,domestic_only,e_to_d,e_only,0,84,0.0
no_escalation,7,domestic_only,e_to_d,simultaneous,0,84,0.0
no_escalation,7,domestic_only,e_to_d,d_to_e,0,84,0.0
no_escalation,7,domestic_only,e_to_d,e_to_d,0,84,0.0
no_escalation,7,customer_only,none,none,0,84,0.0
no_escalation,7,customer_only,none,d_only,35,84,0.4166666666666667
no_escalation,7,customer_only,none,e_only,0,84,0.0
no_escalation,7,customer_only,none,simultaneous,0,84,0.0
no_escalation,7,customer_only,none,d_to_e,0,84,0.0
no_escalation,7,customer_only,none,e_to_d,0,84,0.0
no_escalation,7,customer_only,d_only,none,0,84,0.0
no_escalation,7,customer_only,d_only,d_only,0,84,0.0
no_escalation,7,customer_only,d_only,e_only,0,84,0.0
no_escalation,7,customer_only,d_only,simultaneous,0,84,0.0
no_escalation,7,customer_only,d_only,d_to_e,0,84,0.0
no_escalation,7,customer_only,d_only,e_to_d,0,84,0.0
no_escalation,7,customer_only,e_only,none,0,84,0.0
no_escalation,7,customer_only,e_only,d_only,35,84,0.4166666666666667
no_escalation,7,customer_only,e_only,e_only,4,84,0.047619047619047616
no_escalation,7,customer_only,e_only,simultaneous,10,84,0.11904761904761904
no_escalation,7,customer_only,e_only,d_to_e,0,84,0.0
no_escalation,7,customer_only,e_only,e_to_d,0,84,0.0
no_escalation,7,customer_only,simultaneous,none,0,84,0.0
no_escalation,7,customer_only,simultaneous,d_only,0,84,0.0
no_escalation,7,customer_only,simultaneous,e_only,0,84,0.0
no_escalation,7,customer_only,simultaneous,simultaneous,0,84,0.0
no_escalation,7,customer_only,simultaneous,d_to_e,0,84,0.0
no_escalation,7,customer_only,simultaneous,e_to_d,0,84,0.0
no_escalation,7,customer_only,d_to_e,none,0,84,0.0
no_escalation,7,customer_only,d_to_e,d_only,0,84,0.0
no_escalation,7,customer_only,d_to_e,e_only,0,84,0.0
no_escalation,7,customer_only,d_to_e,simultaneous,0,84,0.0
no_escalation,7,customer_only,d_to_e,d_to_e,0,84,0.0
no_escalation,7,customer_only,d_to_e,e_to_d,0,84,0.0
no_escalation,7,customer_only,e_to_d,none,0,84,0.0
no_escalation,7,customer_only,e_to_d,d_only,0,84,0.0
no_escalation,7,customer_only,e_to_d,e_only,0,84,0.0
no_escalation,7,customer_only,e_to_d,simultaneous,0,84,0.0
no_escalation,7,customer_only,e_to_d,d_to_e,0,84,0.0
no_escalation,7,customer_only,e_to_d,e_to_d,0,84,0.0
no_escalation,8,domestic_only,none,none,0,71,0.0
no_escalation,8,domestic_only,none,d_only,0,71,0.0
no_escalation,8,domestic_only,none,e_only,0,71,0.0
no_escalation,8,domestic_only,none,simultaneous,0,71,0.0
no_escalation,8,domestic_only,none,d_to_e,0,71,0.0
no_escalation,8,domestic_only,none,e_to_d,0,71,0.0
no_escalation,8,domestic_only,d_only,none,0,71,0.0
no_escalation,8,domestic_only,d_only,d_only,61,71,0.8591549295774648
no_escalation,8,domestic_only,d_only,e_only,1,71,0.014084507042253521
no_escalation,8,domestic_only,d_only,simultaneous,9,71,0.1267605633802817
no_escalation,8,domestic_only,d_only,d_to_e,0,71,0.0
no_escalation,8,domestic_only,d_only,e_to_d,0,71,0.0
no_escalation,8,domestic_only,e_only,none,0,71,0.0
no_escalation,8,domestic_only,e_only,d_only,0,71,0.0
no_escalation,8,domestic_only,e_only,e_only,0,71,0.0
no_escalation,8,domestic_only,e_only,simultaneous,0,71,0.0
no_escalation,8,domestic_only,e_only,d_to_e,0,71,0.0
no_escalation,8,domestic_only,e_only,e_to_d,0,71,0.0
no_escalation,8,domestic_only,simultaneous,none,0,71,0.0
no_escalation,8,domestic_only,simultaneous,d_only,0,71,0.0
no_escalation,8,domestic_only,simultaneous,e_only,0,71,0.0
no_escalation,8,domestic_only,simultaneous,simultaneous,0,71,0.0
no_escalation,8,domestic_only,simultaneous,d_to_e,0,71,0.0
no_escalation,8,domestic_only,simultaneous,e_to_d,0,71,0.0
no_escalation,8,domestic_only,d_to_e,none,0,71,0.0
no_escalation,8,domestic_only,d_to_e,d_only,0,71,0.0
no_escalation,8,domestic_only,d_to_e,e_only,0,71,0.0
no_escalation,8,domestic_only,d_to_e,simultaneous,0,71,0.0
no_escalation,8,domestic_only,d_to_e,d_to_e,0,71,0.0
no_escalation,8,domestic_only,d_to_e,e_to_d,0,71,0.0
no_escalation,8,domestic_only,e_to_d,none,0,71,0.0
no_escalation,8,domestic_only,e_to_d,d_only,0,71,0.0
no_escalation,8,domestic_only,e_to_d,e_only,0,71,0.0
no_escalation,8,domestic_only,e_to_d,simultaneous,0,71,0.0
no_escalation,8,domestic_only,e_to_d,d_to_e,0,71,0.0
no_escalation,8,domestic_only,e_to_d,e_to_d,0,71,0.0
no_escalation,8,customer_only,none,none,0,71,0.0
no_escalation,8,customer_only,none,d_only,32,71,0.4507042253521127
no_escalation,8,customer_only,none,e_only,0,71,0.0
no_escalation,8,customer_only,none,simultaneous,0,71,0.0
no_escalation,8,customer_only,none,d_to_e,0,71,0.0
no_escalation,8,customer_only,none,e_to_d,0,71,0.0
no_escalation,8,customer_only,d_only,none,0,71,0.0
no_escalation,8,customer_only,d_only,d_only,0,71,0.0
no_escalation,8,customer_only,d_only,e_only,0,71,0.0
no_escalation,8,customer_only,d_only,simultaneous,0,71,0.0
no_escalation,8,customer_only,d_only,d_to_e,0,71,0.0
no_escalation,8,customer_only,d_only,e_to_d,0,71,0.0
no_escalation,8,customer_only,e_only,none,0,71,0.0
no_escalation,8,customer_only,e_only,d_only,29,71,0.4084507042253521
no_escalation,8,customer_only,e_only,e_only,1,71,0.014084507042253521
no_escalation,8,customer_only,e_only,simultaneous,9,71,0.1267605633802817
no_escalation,8,customer_only,e_only,d_to_e,0,71,0.0
no_escalation,8,customer_only,e_only,e_to_d,0,71,0.0
no_escalation,8,customer_only,simultaneous,none,0,71,0.0
no_escalation,8,customer_only,simultaneous,d_only,0,71,0.0
no_escalation,8,customer_only,simultaneous,e_only,0,71,0.0
no_escalation,8,customer_only,simultaneous,simultaneous,0,71,0.0
no_escalation,8,customer_only,simultaneous,d_to_e,0,71,0.0
no_escalation,8,customer_only,simultaneous,e_to_d,0,71,0.0
no_escalation,8,customer_only,d_to_e,none,0,71,0.0
no_escalation,8,customer_only,d_to_e,d_only,0,71,0.0
no_escalation,8,customer_only,d_to_e,e_only,0,71,0.0
no_escalation,8,customer_only,d_to_e,simultaneous,0,71,0.0
no_escalation,8,customer_only,d_to_e,d_to_e,0,71,0.0
no_escalation,8,customer_only,d_to_e,e_to_d,0,71,0.0
no_escalation,8,customer_only,e_to_d,none,0,71,0.0
no_escalation,8,customer_only,e_to_d,d_only,0,71,0.0
no_escalation,8,customer_only,e_to_d,e_only,0,71,0.0
no_escalation,8,customer_only,e_to_d,simultaneous,0,71,0.0
no_escalation,8,customer_only,e_to_d,d_to_e,0,71,0.0
no_escalation,8,customer_only,e_to_d,e_to_d,0,71,0.0
no_escalation,9,domestic_only,none,none,0,64,0.0
no_escalation,9,domestic_only,none,d_only,0,64,0.0
no_escalation,9,domestic_only,none,e_only,0,64,0.0
no_escalation,9,domestic_only,none,simultaneous,0,64,0.0
no_escalation,9,domestic_only,none,d_to_e,0,64,0.0
no_escalation,9,domestic_only,none,e_to_d,0,64,0.0
no_escalation,9,domestic_only,d_only,none,0,64,0.0
no_escalation,9,domestic_only,d_only,d_only,56,64,0.875
no_escalation,9,domestic_only,d_only,e_only,4,64,0.0625
no_escalation,9,domestic_only,d_only,simultaneous,4,64,0.0625
no_escalation,9,domestic_only,d_only,d_to_e,0,64,0.0
no_escalation,9,domestic_only,d_only,e_to_d,0,64,0.0
no_escalation,9,domestic_only,e_only,none,0,64,0.0
no_escalation,9,domestic_only,e_only,d_only,0,64,0.0
no_escalation,9,domestic_only,e_only,e_only,0,64,0.0
no_escalation,9,domestic_only,e_only,simultaneous,0,64,0.0
no_escalation,9,domestic_only,e_only,d_to_e,0,64,0.0
no_escalation,9,domestic_only,e_only,e_to_d,0,64,0.0
no_escalation,9,domestic_only,simultaneous,none,0,64,0.0
no_escalation,9,domestic_only,simultaneous,d_only,0,64,0.0
no_escalation,9,domestic_only,simultaneous,e_only,0,64,0.0
no_escalation,9,domestic_only,simultaneous,simultaneous,0,64,0.0
no_escalation,9,domestic_only,simultaneous,d_to_e,0,64,0.0
no_escalation,9,domestic_only,simultaneous,e_to_d,0,64,0.0
no_escalation,9,domestic_only,d_to_e,none,0,64,0.0
no_escalation,9,domestic_only,d_to_e,d_only,0,64,0.0
no_escalation,9,domestic_only,d_to_e,e_only,0,64,0.0
no_escalation,9,domestic_only,d_to_e,simultaneous,0,64,0.0
no_escalation,9,domestic_only,d_to_e,d_to_e,0,64,0.0
no_escalation,9,domestic_only,d_to_e,e_to_d,0,64,0.0
no_escalation,9,domestic_only,e_to_d,none,0,64,0.0
no_escalation,9,domestic_only,e_to_d,d_only,0,64,0.0
no_escalation,9,domestic_only,e_to_d,e_only,0,64,0.0
no_escalation,9,domestic_only,e_to_d,simultaneous,0,64,0.0
no_escalation,9,domestic_only,e_to_d,d_to_e,0,64,0.0
no_escalation,9,domestic_only,e_to_d,e_to_d,0,64,0.0
no_escalation,9,customer_only,none,none,0,64,0.0
no_escalation,9,customer_only,none,d_only,20,64,0.3125
no_escalation,9,customer_only,none,e_only,0,64,0.0
no_escalation,9,customer_only,none,simultaneous,0,64,0.0
no_escalation,9,customer_only,none,d_to_e,0,64,0.0
no_escalation,9,customer_only,none,e_to_d,0,64,0.0
no_escalation,9,customer_only,d_only,none,0,64,0.0
no_escalation,9,customer_only,d_only,d_only,0,64,0.0
no_escalation,9,customer_only,d_only,e_only,0,64,0.0
no_escalation,9,customer_only,d_only,simultaneous,0,64,0.0
no_escalation,9,customer_only,d_only,d_to_e,0,64,0.0
no_escalation,9,customer_only,d_only,e_to_d,0,64,0.0
no_escalation,9,customer_only,e_only,none,0,64,0.0
no_escalation,9,customer_only,e_only,d_only,36,64,0.5625
no_escalation,9,customer_only,e_only,e_only,4,64,0.0625
no_escalation,9,customer_only,e_only,simultaneous,4,64,0.0625
no_escalation,9,customer_only,e_only,d_to_e,0,64,0.0
no_escalation,9,customer_only,e_only,e_to_d,0,64,0.0
no_escalation,9,customer_only,simultaneous,none,0,64,0.0
no_escalation,9,customer_only,simultaneous,d_only,0,64,0.0
no_escalation,9,customer_only,simultaneous,e_only,0,64,0.0
no_escalation,9,customer_only,simultaneous,simultaneous,0,64,0.0
no_escalation,9,customer_only,simultaneous,d_to_e,0,64,0.0
no_escalation,9,customer_only,simultaneous,e_to_d,0,64,0.0
no_escalation,9,customer_only,d_to_e,none,0,64,0.0
no_escalation,9,customer_only,d_to_e,d_only,0,64,0.0
no_escalation,9,customer_only,d_to_e,e_only,0,64,0.0
no_escalation,9,customer_only,d_to_e,simultaneous,0,64,0.0
no_escalation,9,customer_only,d_to_e,d_to_e,0,64,0.0
no_escalation,9,customer_only,d_to_e,e_to_d,0,64,0.0
no_escalation,9,customer_only,e_to_d,none,0,64,0.0
no_escalation,9,customer_only,e_to_d,d_only,0,64,0.0
no_escalation,9,customer_only,e_to_d,e_only,0,64,0.0
no_escalation,9,customer_only,e_to_d,simultaneous,0,64,0.0
no_escalation,9,customer_only,e_to_d,d_to_e,0,64,0.0
no_escalation,9,customer_only,e_to_d,e_to_d,0,64,0.0
no_escalation,10,domestic_only,none,none,0,77,0.0
no_escalation,10,domestic_only,none,d_only,0,77,0.0
no_escalation,10,domestic_only,none,e_only,0,77,0.0
no_escalation,10,domestic_only,none,simultaneous,0,77,0.0
no_escalation,10,domestic_only,none,d_to_e,0,77,0.0
no_escalation,10,domestic_only,none,e_to_d,0,77,0.0
no_escalation,10,domestic_only,d_only,none,0,77,0.0
no_escalation,10,domestic_only,d_only,d_only,68,77,0.8831168831168831
no_escalation,10,domestic_only,d_only,e_only,2,77,0.025974025974025976
no_escalation,10,domestic_only,d_only,simultaneous,7,77,0.09090909090909091
no_escalation,10,domestic_only,d_only,d_to_e,0,77,0.0
no_escalation,10,domestic_only,d_only,e_to_d,0,77,0.0
no_escalation,10,domestic_only,e_only,none,0,77,0.0
no_escalation,10,domestic_only,e_only,d_only,0,77,0.0
no_escalation,10,domestic_only,e_only,e_only,0,77,0.0
no_escalation,10,domestic_only,e_only,simultaneous,0,77,0.0
no_escalation,10,domestic_only,e_only,d_to_e,0,77,0.0
no_escalation,10,domestic_only,e_only,e_to_d,0,77,0.0
no_escalation,10,domestic_only,simultaneous,none,0,77,0.0
no_escalation,10,domestic_only,simultaneous,d_only,0,77,0.0
no_escalation,10,domestic_only,simultaneous,e_only,0,77,0.0
no_escalation,10,domestic_only,simultaneous,simultaneous,0,77,0.0
no_escalation,10,domestic_only,simultaneous,d_to_e,0,77,0.0
no_escalation,10,domestic_only,simultaneous,e_to_d,0,77,0.0
no_escalation,10,domestic_only,d_to_e,none,0,77,0.0
no_escalation,10,domestic_only,d_to_e,d_only,0,77,0.0
no_escalation,10,domestic_only,d_to_e,e_only,0,77,0.0
no_escalation,10,domestic_only,d_to_e,simultaneous,0,77,0.0
no_escalation,10,domestic_only,d_to_e,d_to_e,0,77,0.0
no_escalation,10,domestic_only,d_to_e,e_to_d,0,77,0.0
no_escalation,10,domestic_only,e_to_d,none,0,77,0.0
no_escalation,10,domestic_only,e_to_d,d_only,0,77,0.0
no_escalation,10,domestic_only,e_to_d,e_only,0,77,0.0
no_escalation,10,domestic_only,e_to_d,simultaneous,0,77,0.0
no_escalation,10,domestic_only,e_to_d,d_to_e,0,77,0.0
no_escalation,10,domestic_only,e_to_d,e_to_d,0,77,0.0
no_escalation,10,customer_only,none,none,0,77,0.0
no_escalation,10,customer_only,none,d_only,43,77,0.5584415584415584
no_escalation,10,customer_only,none,e_only,0,77,0.0
no_escalation,10,customer_only,none,simultaneous,0,77,0.0
no_escalation,10,customer_only,none,d_to_e,0,77,0.0
no_escalation,10,customer_only,none,e_to_d,0,77,0.0
no_escalation,10,customer_only,d_only,none,0,77,0.0
no_escalation,10,customer_only,d_only,d_only,0,77,0.0
no_escalation,10,customer_only,d_only,e_only,0,77,0.0
no_escalation,10,customer_only,d_only,simultaneous,0,77,0.0
no_escalation,10,customer_only,d_only,d_to_e,0,77,0.0
no_escalation,10,customer_only,d_only,e_to_d,0,77,0.0
no_escalation,10,customer_only,e_only,none,0,77,0.0
no_escalation,10,customer_only,e_only,d_only,25,77,0.3246753246753247
no_escalation,10,customer_only,e_only,e_only,2,77,0.025974025974025976
no_escalation,10,customer_only,e_only,simultaneous,7,77,0.09090909090909091
no_escalation,10,customer_only,e_only,d_to_e,0,77,0.0
no_escalation,10,customer_only,e_only,e_to_d,0,77,0.0
no_escalation,10,customer_only,simultaneous,none,0,77,0.0
no_escalation,10,customer_only,simultaneous,d_only,0,77,0.0
no_escalation,10,customer_only,simultaneous,e_only,0,77,0.0
no_escalation,10,customer_only,simultaneous,simultaneous,0,77,0.0
no_escalation,10,customer_only,simultaneous,d_to_e,0,77,0.0
no_escalation,10,customer_only,simultaneous,e_to_d,0,77,0.0
no_escalation,10,customer_only,d_to_e,none,0,77,0.0
no_escalation,10,customer_only,d_to_e,d_only,0,77,0.0
no_escalation,10,customer_only,d_to_e,e_only,0,77,0.0
no_escalation,10,customer_only,d_to_e,simultaneous,0,77,0.0
no_escalation,10,customer_only,d_to_e,d_to_e,0,77,0.0
no_escalation,10,customer_only,d_to_e,e_to_d,0,77,0.0
no_escalation,10,customer_only,e_to_d,none,0,77,0.0
no_escalation,10,customer_only,e_to_d,d_only,0,77,0.0
no_escalation,10,customer_only,e_to_d,e_only,0,77,0.0
no_escalation,10,customer_only,e_to_d,simultaneous,0,77,0.0
no_escalation,10,customer_only,e_to_d,d_to_e,0,77,0.0
no_escalation,10,customer_only,e_to_d,e_to_d,0,77,0.0
no_escalation,11,domestic_only,none,none,0,75,0.0
no_escalation,11,domestic_only,none,d_only,0,75,0.0
no_escalation,11,domestic_only,none,e_only,0,75,0.0
no_escalation,11,domestic_only,none,simultaneous,0,75,0.0
no_escalation,11,domestic_only,none,d_to_e,0,75,0.0
no_escalation,11,domestic_only,none,e_to_d,0,75,0.0
no_escalation,11,domestic_only,d_only,none,0,75,0.0
no_escalation,11,domestic_only,d_only,d_only,63,75,0.84
no_escalation,11,domestic_only,d_only,e_only,6,75,0.08
no_escalation,11,domestic_only,d_only,simultaneous,6,75,0.08
no_escalation,11,domestic_only,d_only,d_to_e,0,75,0.0
no_escalation,11,domestic_only,d_only,e_to_d,0,75,0.0
no_escalation,11,domestic_only,e_only,none,0,75,0.0
no_escalation,11,domestic_only,e_only,d_only,0,75,0.0
no_escalation,11,domestic_only,e_only,e_only,0,75,0.0
no_escalation,11,domestic_only,e_only,simultaneous,0,75,0.0
no_escalation,11,domestic_only,e_only,d_to_e,0,75,0.0
no_escalation,11,domestic_only,e_only,e_to_d,0,75,0.0
no_escalation,11,domestic_only,simultaneous,none,0,75,0.0
no_escalation,11,domestic_only,simultaneous,d_only,0,75,0.0
no_escalation,11,domestic_only,simultaneous,e_only,0,75,0.0
no_escalation,11,domestic_only,simultaneous,simultaneous,0,75,0.0
no_escalation,11,domestic_only,simultaneous,d_to_e,0,75,0.0
no_escalation,11,domestic_only,simultaneous,e_to_d,0,75,0.0
no_escalation,11,domestic_only,d_to_e,none,0,75,0.0
no_escalation,11,domestic_only,d_to_e,d_only,0,75,0.0
no_escalation,11,domestic_only,d_to_e,e_only,0,75,0.0
no_escalation,11,domestic_only,d_to_e,simultaneous,0,75,0.0
no_escalation,11,domestic_only,d_to_e,d_to_e,0,75,0.0
no_escalation,11,domestic_only,d_to_e,e_to_d,0,75,0.0
no_escalation,11,domestic_only,e_to_d,none,0,75,0.0
no_escalation,11,domestic_only,e_to_d,d_only,0,75,0.0
no_escalation,11,domestic_only,e_to_d,e_only,0,75,0.0
no_escalation,11,domestic_only,e_to_d,simultaneous,0,75,0.0
no_escalation,11,domestic_only,e_to_d,d_to_e,0,75,0.0
no_escalation,11,domestic_only,e_to_d,e_to_d,0,75,0.0
no_escalation,11,customer_only,none,none,0,75,0.0
no_escalation,11,customer_only,none,d_only,38,75,0.5066666666666667
no_escalation,11,customer_only,none,e_only,0,75,0.0
no_escalation,11,customer_only,none,simultaneous,0,75,0.0
no_escalation,11,customer_only,none,d_to_e,0,75,0.0
no_escalation,11,customer_only,none,e_to_d,0,75,0.0
no_escalation,11,customer_only,d_only,none,0,75,0.0
no_escalation,11,customer_only,d_only,d_only,0,75,0.0
no_escalation,11,customer_only,d_only,e_only,0,75,0.0
no_escalation,11,customer_only,d_only,simultaneous,0,75,0.0
no_escalation,11,customer_only,d_only,d_to_e,0,75,0.0
no_escalation,11,customer_only,d_only,e_to_d,0,75,0.0
no_escalation,11,customer_only,e_only,none,0,75,0.0
no_escalation,11,customer_only,e_only,d_only,25,75,0.3333333333333333
no_escalation,11,customer_only,e_only,e_only,6,75,0.08
no_escalation,11,customer_only,e_only,simultaneous,6,75,0.08
no_escalation,11,customer_only,e_only,d_to_e,0,75,0.0
no_escalation,11,customer_only,e_only,e_to_d,0,75,0.0
no_escalation,11,customer_only,simultaneous,none,0,75,0.0
no_escalation,11,customer_only,simultaneous,d_only,0,75,0.0
no_escalation,11,customer_only,simultaneous,e_only,0,75,0.0
no_escalation,11,customer_only,simultaneous,simultaneous,0,75,0.0
no_escalation,11,customer_only,simultaneous,d_to_e,0,75,0.0
no_escalation,11,customer_only,simultaneous,e_to_d,0,75,0.0
no_escalation,11,customer_only,d_to_e,none,0,75,0.0
no_escalation,11,customer_only,d_to_e,d_only,0,75,0.0
no_escalation,11,customer_only,d_to_e,e_only,0,75,0.0
no_escalation,11,customer_only,d_to_e,simultaneous,0,75,0.0
no_escalation,11,customer_only,d_to_e,d_to_e,0,75,0.0
no_escalation,11,customer_only,d_to_e,e_to_d,0,75,0.0
no_escalation,11,customer_only,e_to_d,none,0,75,0.0
no_escalation,11,customer_only,e_to_d,d_only,0,75,0.0
no_escalation,11,customer_only,e_to_d,e_only,0,75,0.0
no_escalation,11,customer_only,e_to_d,simultaneous,0,75,0.0
no_escalation,11,customer_only,e_to_d,d_to_e,0,75,0.0
no_escalation,11,customer_only,e_to_d,e_to_d,0,75,0.0
no_escalation,12,domestic_only,none,none,0,77,0.0
no_escalation,12,domestic_only,none,d_only,0,77,0.0
no_escalation,12,domestic_only,none,e_only,0,77,0.0
no_escalation,12,domestic_only,none,simultaneous,0,77,0.0
no_escalation,12,domestic_only,none,d_to_e,0,77,0.0
no_escalation,12,domestic_only,none,e_to_d,0,77,0.0
no_escalation,12,domestic_only,d_only,none,0,77,0.0
no_escalation,12,domestic_only,d_only,d_only,64,77,0.8311688311688312
no_escalation,12,domestic_only,d_only,e_only,7,77,0.09090909090909091
no_escalation,12,domestic_only,d_only,simultaneous,6,77,0.07792207792207792
no_escalation,12,domestic_only,d_only,d_to_e,0,77,0.0
no_escalation,12,domestic_only,d_only,e_to_d,0,77,0.0
no_escalation,12,domestic_only,e_only,none,0,77,0.0
no_escalation,12,domestic_only,e_only,d_only,0,77,0.0
no_escalation,12,domestic_only,e_only,e_only,0,77,0.0
no_escalation,12,domestic_only,e_only,simultaneous,0,77,0.0
no_escalation,12,domestic_only,e_only,d_to_e,0,77,0.0
no_escalation,12,domestic_only,e_only,e_to_d,0,77,0.0
no_escalation,12,domestic_only,simultaneous,none,0,77,0.0
no_escalation,12,domestic_only,simultaneous,d_only,0,77,0.0
no_escalation,12,domestic_only,simultaneous,e_only,0,77,0.0
no_escalation,12,domestic_only,simultaneous,simultaneous,0,77,0.0
no_escalation,12,domestic_only,simultaneous,d_to_e,0,77,0.0
no_escalation,12,domestic_only,simultaneous,e_to_d,0,77,0.0
no_escalation,12,domestic_only,d_to_e,none,0,77,0.0
no_escalation,12,domestic_only,d_to_e,d_only,0,77,0.0
no_escalation,12,domestic_only,d_to_e,e_only,0,77,0.0
no_escalation,12,domestic_only,d_to_e,simultaneous,0,77,0.0
no_escalation,12,domestic_only,d_to_e,d_to_e,0,77,0.0
no_escalation,12,domestic_only,d_to_e,e_to_d,0,77,0.0
no_escalation,12,domestic_only,e_to_d,none,0,77,0.0
no_escalation,12,domestic_only,e_to_d,d_only,0,77,0.0
no_escalation,12,domestic_only,e_to_d,e_only,0,77,0.0
no_escalation,12,domestic_only,e_to_d,simultaneous,0,77,0.0
no_escalation,12,domestic_only,e_to_d,d_to_e,0,77,0.0
no_escalation,12,domestic_only,e_to_d,e_to_d,0,77,0.0
no_escalation,12,customer_only,none,none,0,77,0.0
no_escalation,12,customer_only,none,d_only,24,77,0.3116883116883117
no_escalation,12,customer_only,none,e_only,0,77,0.0
no_escalation,12,customer_only,none,simultaneous,0,77,0.0
no_escalation,12,customer_only,none,d_to_e,0,77,0.0
no_escalation,12,customer_only,none,e_to_d,0,77,0.0
no_escalation,12,customer_only,d_only,none,0,77,0.0
no_escalation,12,customer_only,d_only,d_only,0,77,0.0
no_escalation,12,customer_only,d_only,e_only,0,77,0.0
no_escalation,12,customer_only,d_only,simultaneous,0,77,0.0
no_escalation,12,customer_only,d_only,d_to_e,0,77,0.0
no_escalation,12,customer_only,d_only,e_to_d,0,77,0.0
no_escalation,12,customer_only,e_only,none,0,77,0.0
no_escalation,12,customer_only,e_only,d_only,40,77,0.5194805194805194
no_escalation,12,customer_only,e_only,e_only,7,77,0.09090909090909091
no_escalation,12,customer_only,e_only,simultaneous,6,77,0.07792207792207792
no_escalation,12,customer_only,e_only,d_to_e,0,77,0.0
no_escalation,12,customer_only,e_only,e_to_d,0,77,0.0
no_escalation,12,customer_only,simultaneous,none,0,77,0.0
no_escalation,12,customer_only,simultaneous,d_only,0,77,0.0
no_escalation,12,customer_only,simultaneous,e_only,0,77,0.0
no_escalation,12,customer_only,simultaneous,simultaneous,0,77,0.0
no_escalation,12,customer_only,simultaneous,d_to_e,0,77,0.0
no_escalation,12,customer_only,simultaneous,e_to_d,0,77,0.0
no_escalation,12,customer_only,d_to_e,none,0,77,0.0
no_escalation,12,customer_only,d_to_e,d_only,0,77,0.0
no_escalation,12,customer_only,d_to_e,e_only,0,77,0.0
no_escalation,12,customer_only,d_to_e,simultaneous,0,77,0.0
no_escalation,12,customer_only,d_to_e,d_to_e,0,77,0.0
no_escalation,12,customer_only,d_to_e,e_to_d,0,77,0.0
no_escalation,12,customer_only,e_to_d,none,0,77,0.0
no_escalation,12,customer_only,e_to_d,d_only,0,77,0.0
no_escalation,12,customer_only,e_to_d,e_only,0,77,0.0
no_escalation,12,customer_only,e_to_d,simultaneous,0,77,0.0
no_escalation,12,customer_only,e_to_d,d_to_e,0,77,0.0
no_escalation,12,customer_only,e_to_d,e_to_d,0,77,0.0
no_escalation,13,domestic_only,none,none,0,88,0.0
no_escalation,13,domestic_only,none,d_only,0,88,0.0
no_escalation,13,domestic_only,none,e_only,0,88,0.0
no_escalation,13,domestic_only,none,simultaneous,0,88,0.0
no_escalation,13,domestic_only,none,d_to_e,0,88,0.0
no_escalation,13,domestic_only,none,e_to_d,0,88,0.0
no_escalation,13,domestic_only,d_only,none,0,88,0.0
no_escalation,13,domestic_only,d_only,d_only,72,88,0.8181818181818182
no_escalation,13,domestic_only,d_only,e_only,12,88,0.13636363636363635
no_escalation,13,domestic_only,d_only,simultaneous,4,88,0.045454545454545456
no_escalation,13,domestic_only,d_only,d_to_e,0,88,0.0
no_escalation,13,domestic_only,d_only,e_to_d,0,88,0.0
no_escalation,13,domestic_only,e_only,none,0,88,0.0
no_escalation,13,domestic_only,e_only,d_only,0,88,0.0
no_escalation,13,domestic_only,e_only,e_only,0,88,0.0
no_escalation,13,domestic_only,e_only,simultaneous,0,88,0.0
no_escalation,13,domestic_only,e_only,d_to_e,0,88,0.0
no_escalation,13,domestic_only,e_only,e_to_d,0,88,0.0
no_escalation,13,domestic_only,simultaneous,none,0,88,0.0
no_escalation,13,domestic_only,simultaneous,d_only,0,88,0.0
no_escalation,13,domestic_only,simultaneous,e_only,0,88,0.0
no_escalation,13,domestic_only,simultaneous,simultaneous,0,88,0.0
no_escalation,13,domestic_only,simultaneous,d_to_e,0,88,0.0
no_escalation,13,domestic_only,simultaneous,e_to_d,0,88,0.0
no_escalation,13,domestic_only,d_to_e,none,0,88,0.0
no_escalation,13,domestic_only,d_to_e,d_only,0,88,0.0
no_escalation,13,domestic_only,d_to_e,e_only,0,88,0.0
no_escalation,13,domestic_only,d_to_e,simultaneous,0,88,0.0
no_escalation,13,domestic_only,d_to_e,d_to_e,0,88,0.0
no_escalation,13,domestic_only,d_to_e,e_to_d,0,88,0.0
no_escalation,13,domestic_only,e_to_d,none,0,88,0.0
no_escalation,13,domestic_only,e_to_d,d_only,0,88,0.0
no_escalation,13,domestic_only,e_to_d,e_only,0,88,0.0
no_escalation,13,domestic_only,e_to_d,simultaneous,0,88,0.0
no_escalation,13,domestic_only,e_to_d,d_to_e,0,88,0.0
no_escalation,13,domestic_only,e_to_d,e_to_d,0,88,0.0
no_escalation,13,customer_only,none,none,0,88,0.0
no_escalation,13,customer_only,none,d_only,25,88,0.2840909090909091
no_escalation,13,customer_only,none,e_only,0,88,0.0
no_escalation,13,customer_only,none,simultaneous,0,88,0.0
no_escalation,13,customer_only,none,d_to_e,0,88,0.0
no_escalation,13,customer_only,none,e_to_d,0,88,0.0
no_escalation,13,customer_only,d_only,none,0,88,0.0
no_escalation,13,customer_only,d_only,d_only,0,88,0.0
no_escalation,13,customer_only,d_only,e_only,0,88,0.0
no_escalation,13,customer_only,d_only,simultaneous,0,88,0.0
no_escalation,13,customer_only,d_only,d_to_e,0,88,0.0
no_escalation,13,customer_only,d_only,e_to_d,0,88,0.0
no_escalation,13,customer_only,e_only,none,0,88,0.0
no_escalation,13,customer_only,e_only,d_only,47,88,0.5340909090909091
no_escalation,13,customer_only,e_only,e_only,12,88,0.13636363636363635
no_escalation,13,customer_only,e_only,simultaneous,4,88,0.045454545454545456
no_escalation,13,customer_only,e_only,d_to_e,0,88,0.0
no_escalation,13,customer_only,e_only,e_to_d,0,88,0.0
no_escalation,13,customer_only,simultaneous,none,0,88,0.0
no_escalation,13,customer_only,simultaneous,d_only,0,88,0.0
no_escalation,13,customer_only,simultaneous,e_only,0,88,0.0
no_escalation,13,customer_only,simultaneous,simultaneous,0,88,0.0
no_escalation,13,customer_only,simultaneous,d_to_e,0,88,0.0
no_escalation,13,customer_only,simultaneous,e_to_d,0,88,0.0
no_escalation,13,customer_only,d_to_e,none,0,88,0.0
no_escalation,13,customer_only,d_to_e,d_only,0,88,0.0
no_escalation,13,customer_only,d_to_e,e_only,0,88,0.0
no_escalation,13,customer_only,d_to_e,simultaneous,0,88,0.0
no_escalation,13,customer_only,d_to_e,d_to_e,0,88,0.0
no_escalation,13,customer_only,d_to_e,e_to_d,0,88,0.0
no_escalation,13,customer_only,e_to_d,none,0,88,0.0
no_escalation,13,customer_only,e_to_d,d_only,0,88,0.0
no_escalation,13,customer_only,e_to_d,e_only,0,88,0.0
no_escalation,13,customer_only,e_to_d,simultaneous,0,88,0.0
no_escalation,13,customer_only,e_to_d,d_to_e,0,88,0.0
no_escalation,13,customer_only,e_to_d,e_to_d,0,88,0.0
no_escalation,14,domestic_only,none,none,0,69,0.0
no_escalation,14,domestic_only,none,d_only,0,69,0.0
no_escalation,14,domestic_only,none,e_only,0,69,0.0
no_escalation,14,domestic_only,none,simultaneous,0,69,0.0
no_escalation,14,domestic_only,none,d_to_e,0,69,0.0
no_escalation,14,domestic_only,none,e_to_d,0,69,0.0
no_escalation,14,domestic_only,d_only,none,0,69,0.0
no_escalation,14,domestic_only,d_only,d_only,59,69,0.855072463768116
no_escalation,14,domestic_only,d_only,e_only,6,69,0.08695652173913043
no_escalation,14,domestic_only,d_only,simultaneous,4,69,0.057971014492753624
no_escalation,14,domestic_only,d_only,d_to_e,0,69,0.0
no_escalation,14,domestic_only,d_only,e_to_d,0,69,0.0
no_escalation,14,domestic_only,e_only,none,0,69,0.0
no_escalation,14,domestic_only,e_only,d_only,0,69,0.0
no_escalation,14,domestic_only,e_only,e_only,0,69,0.0
no_escalation,14,domestic_only,e_only,simultaneous,0,69,0.0
no_escalation,14,domestic_only,e_only,d_to_e,0,69,0.0
no_escalation,14,domestic_only,e_only,e_to_d,0,69,0.0
no_escalation,14,domestic_only,simultaneous,none,0,69,0.0
no_escalation,14,domestic_only,simultaneous,d_only,0,69,0.0
no_escalation,14,domestic_only,simultaneous,e_only,0,69,0.0
no_escalation,14,domestic_only,simultaneous,simultaneous,0,69,0.0
no_escalation,14,domestic_only,simultaneous,d_to_e,0,69,0.0
no_escalation,14,domestic_only,simultaneous,e_to_d,0,69,0.0
no_escalation,14,domestic_only,d_to_e,none,0,69,0.0
no_escalation,14,domestic_only,d_to_e,d_only,0,69,0.0
no_escalation,14,domestic_only,d_to_e,e_only,0,69,0.0
no_escalation,14,domestic_only,d_to_e,simultaneous,0,69,0.0
no_escalation,14,domestic_only,d_to_e,d_to_e,0,69,0.0
no_escalation,14,domestic_only,d_to_e,e_to_d,0,69,0.0
no_escalation,14,domestic_only,e_to_d,none,0,69,0.0
no_escalation,14,domestic_only,e_to_d,d_only,0,69,0.0
no_escalation,14,domestic_only,e_to_d,e_only,0,69,0.0
no_escalation,14,domestic_only,e_to_d,simultaneous,0,69,0.0
no_escalation,14,domestic_only,e_to_d,d_to_e,0,69,0.0
no_escalation,14,domestic_only,e_to_d,e_to_d,0,69,0.0
no_escalation,14,customer_only,none,none,0,69,0.0
no_escalation,14,customer_only,none,d_only,23,69,0.3333333333333333
no_escalation,14,customer_only,none,e_only,0,69,0.0
no_escalation,14,customer_only,none,simultaneous,0,69,0.0
no_escalation,14,customer_only,none,d_to_e,0,69,0.0
no_escalation,14,customer_only,none,e_to_d,0,69,0.0
no_escalation,14,customer_only,d_only,none,0,69,0.0
no_escalation,14,customer_only,d_only,d_only,0,69,0.0
no_escalation,14,customer_only,d_only,e_only,0,69,0.0
no_escalation,14,customer_only,d_only,simultaneous,0,69,0.0
no_escalation,14,customer_only,d_only,d_to_e,0,69,0.0
no_escalation,14,customer_only,d_only,e_to_d,0,69,0.0
no_escalation,14,customer_only,e_only,none,0,69,0.0
no_escalation,14,customer_only,e_only,d_only,36,69,0.5217391304347826
no_escalation,14,customer_only,e_only,e_only,6,69,0.08695652173913043
no_escalation,14,customer_only,e_only,simultaneous,4,69,0.057971014492753624
no_escalation,14,customer_only,e_only,d_to_e,0,69,0.0
no_escalation,14,customer_only,e_only,e_to_d,0,69,0.0
no_escalation,14,customer_only,simultaneous,none,0,69,0.0
no_escalation,14,customer_only,simultaneous,d_only,0,69,0.0
no_escalation,14,customer_only,simultaneous,e_only,0,69,0.0
no_escalation,14,customer_only,simultaneous,simultaneous,0,69,0.0
no_escalation,14,customer_only,simultaneous,d_to_e,0,69,0.0
no_escalation,14,customer_only,simultaneous,e_to_d,0,69,0.0
no_escalation,14,customer_only,d_to_e,none,0,69,0.0
no_escalation,14,customer_only,d_to_e,d_only,0,69,0.0
no_escalation,14,customer_only,d_to_e,e_only,0,69,0.0
no_escalation,14,customer_only,d_to_e,simultaneous,0,69,0.0
no_escalation,14,customer_only,d_to_e,d_to_e,0,69,0.0
no_escalation,14,customer_only,d_to_e,e_to_d,0,69,0.0
no_escalation,14,customer_only,e_to_d,none,0,69,0.0
no_escalation,14,customer_only,e_to_d,d_only,0,69,0.0
no_escalation,14,customer_only,e_to_d,e_only,0,69,0.0
no_escalation,14,customer_only,e_to_d,simultaneous,0,69,0.0
no_escalation,14,customer_only,e_to_d,d_to_e,0,69,0.0
no_escalation,14,customer_only,e_to_d,e_to_d,0,69,0.0
no_escalation,15,domestic_only,none,none,0,78,0.0
no_escalation,15,domestic_only,none,d_only,0,78,0.0
no_escalation,15,domestic_only,none,e_only,0,78,0.0
no_escalation,15,domestic_only,none,simultaneous,0,78,0.0
no_escalation,15,domestic_only,none,d_to_e,0,78,0.0
no_escalation,15,domestic_only,none,e_to_d,0,78,0.0
no_escalation,15,domestic_only,d_only,none,0,78,0.0
no_escalation,15,domestic_only,d_only,d_only,64,78,0.8205128205128205
no_escalation,15,domestic_only,d_only,e_only,6,78,0.07692307692307693
no_escalation,15,domestic_only,d_only,simultaneous,8,78,0.10256410256410256
no_escalation,15,domestic_only,d_only,d_to_e,0,78,0.0
no_escalation,15,domestic_only,d_only,e_to_d,0,78,0.0
no_escalation,15,domestic_only,e_only,none,0,78,0.0
no_escalation,15,domestic_only,e_only,d_only,0,78,0.0
no_escalation,15,domestic_only,e_only,e_only,0,78,0.0
no_escalation,15,domestic_only,e_only,simultaneous,0,78,0.0
no_escalation,15,domestic_only,e_only,d_to_e,0,78,0.0
no_escalation,15,domestic_only,e_only,e_to_d,0,78,0.0
no_escalation,15,domestic_only,simultaneous,none,0,78,0.0
no_escalation,15,domestic_only,simultaneous,d_only,0,78,0.0
no_escalation,15,domestic_only,simultaneous,e_only,0,78,0.0
no_escalation,15,domestic_only,simultaneous,simultaneous,0,78,0.0
no_escalation,15,domestic_only,simultaneous,d_to_e,0,78,0.0
no_escalation,15,domestic_only,simultaneous,e_to_d,0,78,0.0
no_escalation,15,domestic_only,d_to_e,none,0,78,0.0
no_escalation,15,domestic_only,d_to_e,d_only,0,78,0.0
no_escalation,15,domestic_only,d_to_e,e_only,0,78,0.0
no_escalation,15,domestic_only,d_to_e,simultaneous,0,78,0.0
no_escalation,15,domestic_only,d_to_e,d_to_e,0,78,0.0
no_escalation,15,domestic_only,d_to_e,e_to_d,0,78,0.0
no_escalation,15,domestic_only,e_to_d,none,0,78,0.0
no_escalation,15,domestic_only,e_to_d,d_only,0,78,0.0
no_escalation,15,domestic_only,e_to_d,e_only,0,78,0.0
no_escalation,15,domestic_only,e_to_d,simultaneous,0,78,0.0
no_escalation,15,domestic_only,e_to_d,d_to_e,0,78,0.0
no_escalation,15,domestic_only,e_to_d,e_to_d,0,78,0.0
no_escalation,15,customer_only,none,none,0,78,0.0
no_escalation,15,customer_only,none,d_only,18,78,0.23076923076923078
no_escalation,15,customer_only,none,e_only,0,78,0.0
no_escalation,15,customer_only,none,simultaneous,0,78,0.0
no_escalation,15,customer_only,none,d_to_e,0,78,0.0
no_escalation,15,customer_only,none,e_to_d,0,78,0.0
no_escalation,15,customer_only,d_only,none,0,78,0.0
no_escalation,15,customer_only,d_only,d_only,0,78,0.0
no_escalation,15,customer_only,d_only,e_only,0,78,0.0
no_escalation,15,customer_only,d_only,simultaneous,0,78,0.0
no_escalation,15,customer_only,d_only,d_to_e,0,78,0.0
no_escalation,15,customer_only,d_only,e_to_d,0,78,0.0
no_escalation,15,customer_only,e_only,none,0,78,0.0
no_escalation,15,customer_only,e_only,d_only,46,78,0.5897435897435898
no_escalation,15,customer_only,e_only,e_only,6,78,0.07692307692307693
no_escalation,15,customer_only,e_only,simultaneous,8,78,0.10256410256410256
no_escalation,15,customer_only,e_only,d_to_e,0,78,0.0
no_escalation,15,customer_only,e_only,e_to_d,0,78,0.0
no_escalation,15,customer_only,simultaneous,none,0,78,0.0
no_escalation,15,customer_only,simultaneous,d_only,0,78,0.0
no_escalation,15,customer_only,simultaneous,e_only,0,78,0.0
no_escalation,15,customer_only,simultaneous,simultaneous,0,78,0.0
no_escalation,15,customer_only,simultaneous,d_to_e,0,78,0.0
no_escalation,15,customer_only,simultaneous,e_to_d,0,78,0.0
no_escalation,15,customer_only,d_to_e,none,0,78,0.0
no_escalation,15,customer_only,d_to_e,d_only,0,78,0.0
no_escalation,15,customer_only,d_to_e,e_only,0,78,0.0
no_escalation,15,customer_only,d_to_e,simultaneous,0,78,0.0
no_escalation,15,customer_only,d_to_e,d_to_e,0,78,0.0
no_escalation,15,customer_only,d_to_e,e_to_d,0,78,0.0
no_escalation,15,customer_only,e_to_d,none,0,78,0.0
no_escalation,15,customer_only,e_to_d,d_only,0,78,0.0
no_escalation,15,customer_only,e_to_d,e_only,0,78,0.0
no_escalation,15,customer_only,e_to_d,simultaneous,0,78,0.0
no_escalation,15,customer_only,e_to_d,d_to_e,0,78,0.0
no_escalation,15,customer_only,e_to_d,e_to_d,0,78,0.0
no_escalation,16,domestic_only,none,none,0,81,0.0
no_escalation,16,domestic_only,none,d_only,0,81,0.0
no_escalation,16,domestic_only,none,e_only,0,81,0.0
no_escalation,16,domestic_only,none,simultaneous,0,81,0.0
no_escalation,16,domestic_only,none,d_to_e,0,81,0.0
no_escalation,16,domestic_only,none,e_to_d,0,81,0.0
no_escalation,16,domestic_only,d_only,none,0,81,0.0
no_escalation,16,domestic_only,d_only,d_only,75,81,0.9259259259259259
no_escalation,16,domestic_only,d_only,e_only,6,81,0.07407407407407407
no_escalation,16,domestic_only,d_only,simultaneous,0,81,0.0
no_escalation,16,domestic_only,d_only,d_to_e,0,81,0.0
no_escalation,16,domestic_only,d_only,e_to_d,0,81,0.0
no_escalation,16,domestic_only,e_only,none,0,81,0.0
no_escalation,16,domestic_only,e_only,d_only,0,81,0.0
no_escalation,16,domestic_only,e_only,e_only,0,81,0.0
no_escalation,16,domestic_only,e_only,simultaneous,0,81,0.0
no_escalation,16,domestic_only,e_only,d_to_e,0,81,0.0
no_escalation,16,domestic_only,e_only,e_to_d,0,81,0.0
no_escalation,16,domestic_only,simultaneous,none,0,81,0.0
no_escalation,16,domestic_only,simultaneous,d_only,0,81,0.0
no_escalation,16,domestic_only,simultaneous,e_only,0,81,0.0
no_escalation,16,domestic_only,simultaneous,simultaneous,0,81,0.0
no_escalation,16,domestic_only,simultaneous,d_to_e,0,81,0.0
no_escalation,16,domestic_only,simultaneous,e_to_d,0,81,0.0
no_escalation,16,domestic_only,d_to_e,none,0,81,0.0
no_escalation,16,domestic_only,d_to_e,d_only,0,81,0.0
no_escalation,16,domestic_only,d_to_e,e_only,0,81,0.0
no_escalation,16,domestic_only,d_to_e,simultaneous,0,81,0.0
no_escalation,16,domestic_only,d_to_e,d_to_e,0,81,0.0
no_escalation,16,domestic_only,d_to_e,e_to_d,0,81,0.0
no_escalation,16,domestic_only,e_to_d,none,0,81,0.0
no_escalation,16,domestic_only,e_to_d,d_only,0,81,0.0
no_escalation,16,domestic_only,e_to_d,e_only,0,81,0.0
no_escalation,16,domestic_only,e_to_d,simultaneous,0,81,0.0
no_escalation,16,domestic_only,e_to_d,d_to_e,0,81,0.0
no_escalation,16,domestic_only,e_to_d,e_to_d,0,81,0.0
no_escalation,16,customer_only,none,none,0,81,0.0
no_escalation,16,customer_only,none,d_only,43,81,0.5308641975308642
no_escalation,16,customer_only,none,e_only,0,81,0.0
no_escalation,16,customer_only,none,simultaneous,0,81,0.0
no_escalation,16,customer_only,none,d_to_e,0,81,0.0
no_escalation,16,customer_only,none,e_to_d,0,81,0.0
no_escalation,16,customer_only,d_only,none,0,81,0.0
no_escalation,16,customer_only,d_only,d_only,0,81,0.0
no_escalation,16,customer_only,d_only,e_only,0,81,0.0
no_escalation,16,customer_only,d_only,simultaneous,0,81,0.0
no_escalation,16,customer_only,d_only,d_to_e,0,81,0.0
no_escalation,16,customer_only,d_only,e_to_d,0,81,0.0
no_escalation,16,customer_only,e_only,none,0,81,0.0
no_escalation,16,customer_only,e_only,d_only,32,81,0.3950617283950617
no_escalation,16,customer_only,e_only,e_only,6,81,0.07407407407407407
no_escalation,16,customer_only,e_only,simultaneous,0,81,0.0
no_escalation,16,customer_only,e_only,d_to_e,0,81,0.0
no_escalation,16,customer_only,e_only,e_to_d,0,81,0.0
no_escalation,16,customer_only,simultaneous,none,0,81,0.0
no_escalation,16,customer_only,simultaneous,d_only,0,81,0.0
no_escalation,16,customer_only,simultaneous,e_only,0,81,0.0
no_escalation,16,customer_only,simultaneous,simultaneous,0,81,0.0
no_escalation,16,customer_only,simultaneous,d_to_e,0,81,0.0
no_escalation,16,customer_only,simultaneous,e_to_d,0,81,0.0
no_escalation,16,customer_only,d_to_e,none,0,81,0.0
no_escalation,16,customer_only,d_to_e,d_only,0,81,0.0
no_escalation,16,customer_only,d_to_e,e_only,0,81,0.0
no_escalation,16,customer_only,d_to_e,simultaneous,0,81,0.0
no_escalation,16,customer_only,d_to_e,d_to_e,0,81,0.0
no_escalation,16,customer_only,d_to_e,e_to_d,0,81,0.0
no_escalation,16,customer_only,e_to_d,none,0,81,0.0
no_escalation,16,customer_only,e_to_d,d_only,0,81,0.0
no_escalation,16,customer_only,e_to_d,e_only,0,81,0.0
no_escalation,16,customer_only,e_to_d,simultaneous,0,81,0.0
no_escalation,16,customer_only,e_to_d,d_to_e,0,81,0.0
no_escalation,16,customer_only,e_to_d,e_to_d,0,81,0.0
no_escalation,17,domestic_only,none,none,0,85,0.0
no_escalation,17,domestic_only,none,d_only,0,85,0.0
no_escalation,17,domestic_only,none,e_only,0,85,0.0
no_escalation,17,domestic_only,none,simultaneous,0,85,0.0
no_escalation,17,domestic_only,none,d_to_e,0,85,0.0
no_escalation,17,domestic_only,none,e_to_d,0,85,0.0
no_escalation,17,domestic_only,d_only,none,0,85,0.0
no_escalation,17,domestic_only,d_only,d_only,71,85,0.8352941176470589
no_escalation,17,domestic_only,d_only,e_only,11,85,0.12941176470588237
no_escalation,17,domestic_only,d_only,simultaneous,3,85,0.03529411764705882
no_escalation,17,domestic_only,d_only,d_to_e,0,85,0.0
no_escalation,17,domestic_only,d_only,e_to_d,0,85,0.0
no_escalation,17,domestic_only,e_only,none,0,85,0.0
no_escalation,17,domestic_only,e_only,d_only,0,85,0.0
no_escalation,17,domestic_only,e_only,e_only,0,85,0.0
no_escalation,17,domestic_only,e_only,simultaneous,0,85,0.0
no_escalation,17,domestic_only,e_only,d_to_e,0,85,0.0
no_escalation,17,domestic_only,e_only,e_to_d,0,85,0.0
no_escalation,17,domestic_only,simultaneous,none,0,85,0.0
no_escalation,17,domestic_only,simultaneous,d_only,0,85,0.0
no_escalation,17,domestic_only,simultaneous,e_only,0,85,0.0
no_escalation,17,domestic_only,simultaneous,simultaneous,0,85,0.0
no_escalation,17,domestic_only,simultaneous,d_to_e,0,85,0.0
no_escalation,17,domestic_only,simultaneous,e_to_d,0,85,0.0
no_escalation,17,domestic_only,d_to_e,none,0,85,0.0
no_escalation,17,domestic_only,d_to_e,d_only,0,85,0.0
no_escalation,17,domestic_only,d_to_e,e_only,0,85,0.0
no_escalation,17,domestic_only,d_to_e,simultaneous,0,85,0.0
no_escalation,17,domestic_only,d_to_e,d_to_e,0,85,0.0
no_escalation,17,domestic_only,d_to_e,e_to_d,0,85,0.0
no_escalation,17,domestic_only,e_to_d,none,0,85,0.0
no_escalation,17,domestic_only,e_to_d,d_only,0,85,0.0
no_escalation,17,domestic_only,e_to_d,e_only,0,85,0.0
no_escalation,17,domestic_only,e_to_d,simultaneous,0,85,0.0
no_escalation,17,domestic_only,e_to_d,d_to_e,0,85,0.0
no_escalation,17,domestic_only,e_to_d,e_to_d,0,85,0.0
no_escalation,17,customer_only,none,none,0,85,0.0
no_escalation,17,customer_only,none,d_only,37,85,0.43529411764705883
no_escalation,17,customer_only,none,e_only,0,85,0.0
no_escalation,17,customer_only,none,simultaneous,0,85,0.0
no_escalation,17,customer_only,none,d_to_e,0,85,0.0
no_escalation,17,customer_only,none,e_to_d,0,85,0.0
no_escalation,17,customer_only,d_only,none,0,85,0.0
no_escalation,17,customer_only,d_only,d_only,0,85,0.0
no_escalation,17,customer_only,d_only,e_only,0,85,0.0
no_escalation,17,customer_only,d_only,simultaneous,0,85,0.0
no_escalation,17,customer_only,d_only,d_to_e,0,85,0.0
no_escalation,17,customer_only,d_only,e_to_d,0,85,0.0
no_escalation,17,customer_only,e_only,none,0,85,0.0
no_escalation,17,customer_only,e_only,d_only,34,85,0.4
no_escalation,17,customer_only,e_only,e_only,11,85,0.12941176470588237
no_escalation,17,customer_only,e_only,simultaneous,3,85,0.03529411764705882
no_escalation,17,customer_only,e_only,d_to_e,0,85,0.0
no_escalation,17,customer_only,e_only,e_to_d,0,85,0.0
no_escalation,17,customer_only,simultaneous,none,0,85,0.0
no_escalation,17,customer_only,simultaneous,d_only,0,85,0.0
no_escalation,17,customer_only,simultaneous,e_only,0,85,0.0
no_escalation,17,customer_only,simultaneous,simultaneous,0,85,0.0
no_escalation,17,customer_only,simultaneous,d_to_e,0,85,0.0
no_escalation,17,customer_only,simultaneous,e_to_d,0,85,0.0
no_escalation,17,customer_only,d_to_e,none,0,85,0.0
no_escalation,17,customer_only,d_to_e,d_only,0,85,0.0
no_escalation,17,customer_only,d_to_e,e_only,0,85,0.0
no_escalation,17,customer_only,d_to_e,simultaneous,0,85,0.0
no_escalation,17,customer_only,d_to_e,d_to_e,0,85,0.0
no_escalation,17,customer_only,d_to_e,e_to_d,0,85,0.0
no_escalation,17,customer_only,e_to_d,none,0,85,0.0
no_escalation,17,customer_only,e_to_d,d_only,0,85,0.0
no_escalation,17,customer_only,e_to_d,e_only,0,85,0.0
no_escalation,17,customer_only,e_to_d,simultaneous,0,85,0.0
no_escalation,17,customer_only,e_to_d,d_to_e,0,85,0.0
no_escalation,17,customer_only,e_to_d,e_to_d,0,85,0.0
no_escalation,18,domestic_only,none,none,0,71,0.0
no_escalation,18,domestic_only,none,d_only,0,71,0.0
no_escalation,18,domestic_only,none,e_only,0,71,0.0
no_escalation,18,domestic_only,none,simultaneous,0,71,0.0
no_escalation,18,domestic_only,none,d_to_e,0,71,0.0
no_escalation,18,domestic_only,none,e_to_d,0,71,0.0
no_escalation,18,domestic_only,d_only,none,0,71,0.0
no_escalation,18,domestic_only,d_only,d_only,58,71,0.8169014084507042
no_escalation,18,domestic_only,d_only,e_only,7,71,0.09859154929577464
no_escalation,18,domestic_only,d_only,simultaneous,6,71,0.08450704225352113
no_escalation,18,domestic_only,d_only,d_to_e,0,71,0.0
no_escalation,18,domestic_only,d_only,e_to_d,0,71,0.0
no_escalation,18,domestic_only,e_only,none,0,71,0.0
no_escalation,18,domestic_only,e_only,d_only,0,71,0.0
no_escalation,18,domestic_only,e_only,e_only,0,71,0.0
no_escalation,18,domestic_only,e_only,simultaneous,0,71,0.0
no_escalation,18,domestic_only,e_only,d_to_e,0,71,0.0
no_escalation,18,domestic_only,e_only,e_to_d,0,71,0.0
no_escalation,18,domestic_only,simultaneous,none,0,71,0.0
no_escalation,18,domestic_only,simultaneous,d_only,0,71,0.0
no_escalation,18,domestic_only,simultaneous,e_only,0,71,0.0
no_escalation,18,domestic_only,simultaneous,simultaneous,0,71,0.0
no_escalation,18,domestic_only,simultaneous,d_to_e,0,71,0.0
no_escalation,18,domestic_only,simultaneous,e_to_d,0,71,0.0
no_escalation,18,domestic_only,d_to_e,none,0,71,0.0
no_escalation,18,domestic_only,d_to_e,d_only,0,71,0.0
no_escalation,18,domestic_only,d_to_e,e_only,0,71,0.0
no_escalation,18,domestic_only,d_to_e,simultaneous,0,71,0.0
no_escalation,18,domestic_only,d_to_e,d_to_e,0,71,0.0
no_escalation,18,domestic_only,d_to_e,e_to_d,0,71,0.0
no_escalation,18,domestic_only,e_to_d,none,0,71,0.0
no_escalation,18,domestic_only,e_to_d,d_only,0,71,0.0
no_escalation,18,domestic_only,e_to_d,e_only,0,71,0.0
no_escalation,18,domestic_only,e_to_d,simultaneous,0,71,0.0
no_escalation,18,domestic_only,e_to_d,d_to_e,0,71,0.0
no_escalation,18,domestic_only,e_to_d,e_to_d,0,71,0.0
no_escalation,18,customer_only,none,none,0,71,0.0
no_escalation,18,customer_only,none,d_only,14,71,0.19718309859154928
no_escalation,18,customer_only,none,e_only,0,71,0.0
no_escalation,18,customer_only,none,simultaneous,0,71,0.0
no_escalation,18,customer_only,none,d_to_e,0,71,0.0
no_escalation,18,customer_only,none,e_to_d,0,71,0.0
no_escalation,18,customer_only,d_only,none,0,71,0.0
no_escalation,18,customer_only,d_only,d_only,0,71,0.0
no_escalation,18,customer_only,d_only,e_only,0,71,0.0
no_escalation,18,customer_only,d_only,simultaneous,0,71,0.0
no_escalation,18,customer_only,d_only,d_to_e,0,71,0.0
no_escalation,18,customer_only,d_only,e_to_d,0,71,0.0
no_escalation,18,customer_only,e_only,none,0,71,0.0
no_escalation,18,customer_only,e_only,d_only,44,71,0.6197183098591549
no_escalation,18,customer_only,e_only,e_only,7,71,0.09859154929577464
no_escalation,18,customer_only,e_only,simultaneous,6,71,0.08450704225352113
no_escalation,18,customer_only,e_only,d_to_e,0,71,0.0
no_escalation,18,customer_only,e_only,e_to_d,0,71,0.0
no_escalation,18,customer_only,simultaneous,none,0,71,0.0
no_escalation,18,customer_only,simultaneous,d_only,0,71,0.0
no_escalation,18,customer_only,simultaneous,e_only,0,71,0.0
no_escalation,18,customer_only,simultaneous,simultaneous,0,71,0.0
no_escalation,18,customer_only,simultaneous,d_to_e,0,71,0.0
no_escalation,18,customer_only,simultaneous,e_to_d,0,71,0.0
no_escalation,18,customer_only,d_to_e,none,0,71,0.0
no_escalation,18,customer_only,d_to_e,d_only,0,71,0.0
no_escalation,18,customer_only,d_to_e,e_only,0,71,0.0
no_escalation,18,customer_only,d_to_e,simultaneous,0,71,0.0
no_escalation,18,customer_only,d_to_e,d_to_e,0,71,0.0
no_escalation,18,customer_only,d_to_e,e_to_d,0,71,0.0
no_escalation,18,customer_only,e_to_d,none,0,71,0.0
no_escalation,18,customer_only,e_to_d,d_only,0,71,0.0
no_escalation,18,customer_only,e_to_d,e_only,0,71,0.0
no_escalation,18,customer_only,e_to_d,simultaneous,0,71,0.0
no_escalation,18,customer_only,e_to_d,d_to_e,0,71,0.0
no_escalation,18,customer_only,e_to_d,e_to_d,0,71,0.0
no_escalation,19,domestic_only,none,none,0,75,0.0
no_escalation,19,domestic_only,none,d_only,0,75,0.0
no_escalation,19,domestic_only,none,e_only,0,75,0.0
no_escalation,19,domestic_only,none,simultaneous,0,75,0.0
no_escalation,19,domestic_only,none,d_to_e,0,75,0.0
no_escalation,19,domestic_only,none,e_to_d,0,75,0.0
no_escalation,19,domestic_only,d_only,none,0,75,0.0
no_escalation,19,domestic_only,d_only,d_only,62,75,0.8266666666666667
no_escalation,19,domestic_only,d_only,e_only,5,75,0.06666666666666667
no_escalation,19,domestic_only,d_only,simultaneous,8,75,0.10666666666666667
no_escalation,19,domestic_only,d_only,d_to_e,0,75,0.0
no_escalation,19,domestic_only,d_only,e_to_d,0,75,0.0
no_escalation,19,domestic_only,e_only,none,0,75,0.0
no_escalation,19,domestic_only,e_only,d_only,0,75,0.0
no_escalation,19,domestic_only,e_only,e_only,0,75,0.0
no_escalation,19,domestic_only,e_only,simultaneous,0,75,0.0
no_escalation,19,domestic_only,e_only,d_to_e,0,75,0.0
no_escalation,19,domestic_only,e_only,e_to_d,0,75,0.0
no_escalation,19,domestic_only,simultaneous,none,0,75,0.0
no_escalation,19,domestic_only,simultaneous,d_only,0,75,0.0
no_escalation,19,domestic_only,simultaneous,e_only,0,75,0.0
no_escalation,19,domestic_only,simultaneous,simultaneous,0,75,0.0
no_escalation,19,domestic_only,simultaneous,d_to_e,0,75,0.0
no_escalation,19,domestic_only,simultaneous,e_to_d,0,75,0.0
no_escalation,19,domestic_only,d_to_e,none,0,75,0.0
no_escalation,19,domestic_only,d_to_e,d_only,0,75,0.0
no_escalation,19,domestic_only,d_to_e,e_only,0,75,0.0
no_escalation,19,domestic_only,d_to_e,simultaneous,0,75,0.0
no_escalation,19,domestic_only,d_to_e,d_to_e,0,75,0.0
no_escalation,19,domestic_only,d_to_e,e_to_d,0,75,0.0
no_escalation,19,domestic_only,e_to_d,none,0,75,0.0
no_escalation,19,domestic_only,e_to_d,d_only,0,75,0.0
no_escalation,19,domestic_only,e_to_d,e_only,0,75,0.0
no_escalation,19,domestic_only,e_to_d,simultaneous,0,75,0.0
no_escalation,19,domestic_only,e_to_d,d_to_e,0,75,0.0
no_escalation,19,domestic_only,e_to_d,e_to_d,0,75,0.0
no_escalation,19,customer_only,none,none,0,75,0.0
no_escalation,19,customer_only,none,d_only,17,75,0.22666666666666666
no_escalation,19,customer_only,none,e_only,0,75,0.0
no_escalation,19,customer_only,none,simultaneous,0,75,0.0
no_escalation,19,customer_only,none,d_to_e,0,75,0.0
no_escalation,19,customer_only,none,e_to_d,0,75,0.0
no_escalation,19,customer_only,d_only,none,0,75,0.0
no_escalation,19,customer_only,d_only,d_only,0,75,0.0
no_escalation,19,customer_only,d_only,e_only,0,75,0.0
no_escalation,19,customer_only,d_only,simultaneous,0,75,0.0
no_escalation,19,customer_only,d_only,d_to_e,0,75,0.0
no_escalation,19,customer_only,d_only,e_to_d,0,75,0.0
no_escalation,19,customer_only,e_only,none,0,75,0.0
no_escalation,19,customer_only,e_only,d_only,45,75,0.6
no_escalation,19,customer_only,e_only,e_only,5,75,0.06666666666666667
no_escalation,19,customer_only,e_only,simultaneous,8,75,0.10666666666666667
no_escalation,19,customer_only,e_only,d_to_e,0,75,0.0
no_escalation,19,customer_only,e_only,e_to_d,0,75,0.0
no_escalation,19,customer_only,simultaneous,none,0,75,0.0
no_escalation,19,customer_only,simultaneous,d_only,0,75,0.0
no_escalation,19,customer_only,simultaneous,e_only,0,75,0.0
no_escalation,19,customer_only,simultaneous,simultaneous,0,75,0.0
no_escalation,19,customer_only,simultaneous,d_to_e,0,75,0.0
no_escalation,19,customer_only,simultaneous,e_to_d,0,75,0.0
no_escalation,19,customer_only,d_to_e,none,0,75,0.0
no_escalation,19,customer_only,d_to_e,d_only,0,75,0.0
no_escalation,19,customer_only,d_to_e,e_only,0,75,0.0
no_escalation,19,customer_only,d_to_e,simultaneous,0,75,0.0
no_escalation,19,customer_only,d_to_e,d_to_e,0,75,0.0
no_escalation,19,customer_only,d_to_e,e_to_d,0,75,0.0
no_escalation,19,customer_only,e_to_d,none,0,75,0.0
no_escalation,19,customer_only,e_to_d,d_only,0,75,0.0
no_escalation,19,customer_only,e_to_d,e_only,0,75,0.0
no_escalation,19,customer_only,e_to_d,simultaneous,0,75,0.0
no_escalation,19,customer_only,e_to_d,d_to_e,0,75,0.0
no_escalation,19,customer_only,e_to_d,e_to_d,0,75,0.0
no_social,0,domestic_only,none,none,0,69,0.0
no_social,0,domestic_only,none,d_only,0,69,0.0
no_social,0,domestic_only,none,e_only,0,69,0.0
no_social,0,domestic_only,none,simultaneous,0,69,0.0
no_social,0,domestic_only,none,d_to_e,0,69,0.0
no_social,0,domestic_only,none,e_to_d,0,69,0.0
no_social,0,domestic_only,d_only,none,0,69,0.0
no_social,0,domestic_only,d_only,d_only,32,69,0.463768115942029
no_social,0,domestic_only,d_only,e_only,0,69,0.0
no_social,0,domestic_only,d_only,simultaneous,7,69,0.10144927536231885
no_social,0,domestic_only,d_only,d_to_e,24,69,0.34782608695652173
no_social,0,domestic_only,d_only,e_to_d,6,69,0.08695652173913043
no_social,0,domestic_only,e_only,none,0,69,0.0
no_social,0,domestic_only,e_only,d_only,0,69,0.0
no_social,0,domestic_only,e_only,e_only,0,69,0.0
no_social,0,domestic_only,e_only,simultaneous,0,69,0.0
no_social,0,domestic_only,e_only,d_to_e,0,69,0.0
no_social,0,domestic_only,e_only,e_to_d,0,69,0.0
no_social,0,domestic_only,simultaneous,none,0,69,0.0
no_social,0,domestic_only,simultaneous,d_only,0,69,0.0
no_social,0,domestic_only,simultaneous,e_only,0,69,0.0
no_social,0,domestic_only,simultaneous,simultaneous,0,69,0.0
no_social,0,domestic_only,simultaneous,d_to_e,0,69,0.0
no_social,0,domestic_only,simultaneous,e_to_d,0,69,0.0
no_social,0,domestic_only,d_to_e,none,0,69,0.0
no_social,0,domestic_only,d_to_e,d_only,0,69,0.0
no_social,0,domestic_only,d_to_e,e_only,0,69,0.0
no_social,0,domestic_only,d_to_e,simultaneous,0,69,0.0
no_social,0,domestic_only,d_to_e,d_to_e,0,69,0.0
no_social,0,domestic_only,d_to_e,e_to_d,0,69,0.0
no_social,0,domestic_only,e_to_d,none,0,69,0.0
no_social,0,domestic_only,e_to_d,d_only,0,69,0.0
no_social,0,domestic_only,e_to_d,e_only,0,69,0.0
no_social,0,domestic_only,e_to_d,simultaneous,0,69,0.0
no_social,0,domestic_only,e_to_d,d_to_e,0,69,0.0
no_social,0,domestic_only,e_to_d,e_to_d,0,69,0.0
no_social,0,customer_only,none,none,0,69,0.0
no_social,0,customer_only,none,d_only,17,69,0.2463768115942029
no_social,0,customer_only,none,e_only,0,69,0.0
no_social,0,customer_only,none,simultaneous,0,69,0.0
no_social,0,customer_only,none,d_to_e,0,69,0.0
no_social,0,customer_only,none,e_to_d,0,69,0.0
no_social,0,customer_only,d_only,none,0,69,0.0
no_social,0,customer_only,d_only,d_only,0,69,0.0
no_social,0,customer_only,d_only,e_only,0,69,0.0
no_social,0,customer_only,d_only,simultaneous,0,69,0.0
no_social,0,customer_only,d_only,d_to_e,0,69,0.0
no_social,0,customer_only,d_only,e_to_d,0,69,0.0
no_social,0,customer_only,e_only,none,0,69,0.0
no_social,0,customer_only,e_only,d_only,15,69,0.21739130434782608
no_social,0,customer_only,e_only,e_only,0,69,0.0
no_social,0,customer_only,e_only,simultaneous,7,69,0.10144927536231885
no_social,0,customer_only,e_only,d_to_e,24,69,0.34782608695652173
no_social,0,customer_only,e_only,e_to_d,6,69,0.08695652173913043
no_social,0,customer_only,simultaneous,none,0,69,0.0
no_social,0,customer_only,simultaneous,d_only,0,69,0.0
no_social,0,customer_only,simultaneous,e_only,0,69,0.0
no_social,0,customer_only,simultaneous,simultaneous,0,69,0.0
no_social,0,customer_only,simultaneous,d_to_e,0,69,0.0
no_social,0,customer_only,simultaneous,e_to_d,0,69,0.0
no_social,0,customer_only,d_to_e,none,0,69,0.0
no_social,0,customer_only,d_to_e,d_only,0,69,0.0
no_social,0,customer_only,d_to_e,e_only,0,69,0.0
no_social,0,customer_only,d_to_e,simultaneous,0,69,0.0
no_social,0,customer_only,d_to_e,d_to_e,0,69,0.0
no_social,0,customer_only,d_to_e,e_to_d,0,69,0.0
no_social,0,customer_only,e_to_d,none,0,69,0.0
no_social,0,customer_only,e_to_d,d_only,0,69,0.0
no_social,0,customer_only,e_to_d,e_only,0,69,0.0
no_social,0,customer_only,e_to_d,simultaneous,0,69,0.0
no_social,0,customer_only,e_to_d,d_to_e,0,69,0.0
no_social,0,customer_only,e_to_d,e_to_d,0,69,0.0
no_social,1,domestic_only,none,none,0,81,0.0
no_social,1,domestic_only,none,d_only,0,81,0.0
no_social,1,domestic_only,none,e_only,0,81,0.0
no_social,1,domestic_only,none,simultaneous,0,81,0.0
no_social,1,domestic_only,none,d_to_e,0,81,0.0
no_social,1,domestic_only,none,e_to_d,0,81,0.0
no_social,1,domestic_only,d_only,none,0,81,0.0
no_social,1,domestic_only,d_only,d_only,36,81,0.4444444444444444
no_social,1,domestic_only,d_only,e_only,1,81,0.012345679012345678
no_social,1,domestic_only,d_only,simultaneous,14,81,0.1728395061728395
no_social,1,domestic_only,d_only,d_to_e,28,81,0.345679012345679
no_social,1,domestic_only,d_only,e_to_d,2,81,0.024691358024691357
no_social,1,domestic_only,e_only,none,0,81,0.0
no_social,1,domestic_only,e_only,d_only,0,81,0.0
no_social,1,domestic_only,e_only,e_only,0,81,0.0
no_social,1,domestic_only,e_only,simultaneous,0,81,0.0
no_social,1,domestic_only,e_only,d_to_e,0,81,0.0
no_social,1,domestic_only,e_only,e_to_d,0,81,0.0
no_social,1,domestic_only,simultaneous,none,0,81,0.0
no_social,1,domestic_only,simultaneous,d_only,0,81,0.0
no_social,1,domestic_only,simultaneous,e_only,0,81,0.0
no_social,1,domestic_only,simultaneous,simultaneous,0,81,0.0
no_social,1,domestic_only,simultaneous,d_to_e,0,81,0.0
no_social,1,domestic_only,simultaneous,e_to_d,0,81,0.0
no_social,1,domestic_only,d_to_e,none,0,81,0.0
no_social,1,domestic_only,d_to_e,d_only,0,81,0.0
no_social,1,domestic_only,d_to_e,e_only,0,81,0.0
no_social,1,domestic_only,d_to_e,simultaneous,0,81,0.0
no_social,1,domestic_only,d_to_e,d_to_e,0,81,0.0
no_social,1,domestic_only,d_to_e,e_to_d,0,81,0.0
no_social,1,domestic_only,e_to_d,none,0,81,0.0
no_social,1,domestic_only,e_to_d,d_only,0,81,0.0
no_social,1,domestic_only,e_to_d,e_only,0,81,0.0
no_social,1,domestic_only,e_to_d,simultaneous,0,81,0.0
no_social,1,domestic_only,e_to_d,d_to_e,0,81,0.0
no_social,1,domestic_only,e_to_d,e_to_d,0,81,0.0
no_social,1,customer_only,none,none,0,81,0.0
no_social,1,customer_only,none,d_only,27,81,0.3333333333333333
no_social,1,customer_only,none,e_only,0,81,0.0
no_social,1,customer_only,none,simultaneous,0,81,0.0
no_social,1,customer_only,none,d_to_e,0,81,0.0
no_social,1,customer_only,none,e_to_d,0,81,0.0
no_social,1,customer_only,d_only,none,0,81,0.0
no_social,1,customer_only,d_only,d_only,0,81,0.0
no_social,1,customer_only,d_only,e_only,0,81,0.0
no_social,1,customer_only,d_only,simultaneous,0,81,0.0
no_social,1,customer_only,d_only,d_to_e,0,81,0.0
no_social,1,customer_only,d_only,e_to_d,0,81,0.0
no_social,1,customer_only,e_only,none,0,81,0.0
no_social,1,customer_only,e_only,d_only,9,81,0.1111111111111111
no_social,1,customer_only,e_only,e_only,1,81,0.012345679012345678
no_social,1,customer_only,e_only,simultaneous,14,81,0.1728395061728395
no_social,1,customer_only,e_only,d_to_e,28,81,0.345679012345679
no_social,1,customer_only,e_only,e_to_d,2,81,0.024691358024691357
no_social,1,customer_only,simultaneous,none,0,81,0.0
no_social,1,customer_only,simultaneous,d_only,0,81,0.0
no_social,1,customer_only,simultaneous,e_only,0,81,0.0
no_social,1,customer_only,simultaneous,simultaneous,0,81,0.0
no_social,1,customer_only,simultaneous,d_to_e,0,81,0.0
no_social,1,customer_only,simultaneous,e_to_d,0,81,0.0
no_social,1,customer_only,d_to_e,none,0,81,0.0
no_social,1,customer_only,d_to_e,d_only,0,81,0.0
no_social,1,customer_only,d_to_e,e_only,0,81,0.0
no_social,1,customer_only,d_to_e,simultaneous,0,81,0.0
no_social,1,customer_only,d_to_e,d_to_e,0,81,0.0
no_social,1,customer_only,d_to_e,e_to_d,0,81,0.0
no_social,1,customer_only,e_to_d,none,0,81,0.0
no_social,1,customer_only,e_to_d,d_only,0,81,0.0
no_social,1,customer_only,e_to_d,e_only,0,81,0.0
no_social,1,customer_only,e_to_d,simultaneous,0,81,0.0
no_social,1,customer_only,e_to_d,d_to_e,0,81,0.0
no_social,1,customer_only,e_to_d,e_to_d,0,81,0.0
no_social,2,domestic_only,none,none,0,75,0.0
no_social,2,domestic_only,none,d_only,0,75,0.0
no_social,2,domestic_only,none,e_only,0,75,0.0
no_social,2,domestic_only,none,simultaneous,0,75,0.0
no_social,2,domestic_only,none,d_to_e,0,75,0.0
no_social,2,domestic_only,none,e_to_d,0,75,0.0
no_social,2,domestic_only,d_only,none,0,75,0.0
no_social,2,domestic_only,d_only,d_only,43,75,0.5733333333333334
no_social,2,domestic_only,d_only,e_only,0,75,0.0
no_social,2,domestic_only,d_only,simultaneous,10,75,0.13333333333333333
no_social,2,domestic_only,d_only,d_to_e,18,75,0.24
no_social,2,domestic_only,d_only,e_to_d,4,75,0.05333333333333334
no_social,2,domestic_only,e_only,none,0,75,0.0
no_social,2,domestic_only,e_only,d_only,0,75,0.0
no_social,2,domestic_only,e_only,e_only,0,75,0.0
no_social,2,domestic_only,e_only,simultaneous,0,75,0.0
no_social,2,domestic_only,e_only,d_to_e,0,75,0.0
no_social,2,domestic_only,e_only,e_to_d,0,75,0.0
no_social,2,domestic_only,simultaneous,none,0,75,0.0
no_social,2,domestic_only,simultaneous,d_only,0,75,0.0
no_social,2,domestic_only,simultaneous,e_only,0,75,0.0
no_social,2,domestic_only,simultaneous,simultaneous,0,75,0.0
no_social,2,domestic_only,simultaneous,d_to_e,0,75,0.0
no_social,2,domestic_only,simultaneous,e_to_d,0,75,0.0
no_social,2,domestic_only,d_to_e,none,0,75,0.0
no_social,2,domestic_only,d_to_e,d_only,0,75,0.0
no_social,2,domestic_only,d_to_e,e_only,0,75,0.0
no_social,2,domestic_only,d_to_e,simultaneous,0,75,0.0
no_social,2,domestic_only,d_to_e,d_to_e,0,75,0.0
no_social,2,domestic_only,d_to_e,e_to_d,0,75,0.0
no_social,2,domestic_only,e_to_d,none,0,75,0.0
no_social,2,domestic_only,e_to_d,d_only,0,75,0.0
no_social,2,domestic_only,e_to_d,e_only,0,75,0.0
no_social,2,domestic_only,e_to_d,simultaneous,0,75,0.0
no_social,2,domestic_only,e_to_d,d_to_e,0,75,0.0
no_social,2,domestic_only,e_to_d,e_to_d,0,75,0.0
no_social,2,customer_only,none,none,0,75,0.0
no_social,2,customer_only,none,d_only,29,75,0.38666666666666666
no_social,2,customer_only,none,e_only,0,75,0.0
no_social,2,customer_only,none,simultaneous,0,75,0.0
no_social,2,customer_only,none,d_to_e,0,75,0.0
no_social,2,customer_only,none,e_to_d,0,75,0.0
no_social,2,customer_only,d_only,none,0,75,0.0
no_social,2,customer_only,d_only,d_only,0,75,0.0
no_social,2,customer_only,d_only,e_only,0,75,0.0
no_social,2,customer_only,d_only,simultaneous,0,75,0.0
no_social,2,customer_only,d_only,d_to_e,0,75,0.0
no_social,2,customer_only,d_only,e_to_d,0,75,0.0
no_social,2,customer_only,e_only,none,0,75,0.0
no_social,2,customer_only,e_only,d_only,14,75,0.18666666666666668
no_social,2,customer_only,e_only,e_only,0,75,0.0
no_social,2,customer_only,e_only,simultaneous,10,75,0.13333333333333333
no_social,2,customer_only,e_only,d_to_e,18,75,0.24
no_social,2,customer_only,e_only,e_to_d,4,75,0.05333333333333334
no_social,2,customer_only,simultaneous,none,0,75,0.0
no_social,2,customer_only,simultaneous,d_only,0,75,0.0
no_social,2,customer_only,simultaneous,e_only,0,75,0.0
no_social,2,customer_only,simultaneous,simultaneous,0,75,0.0
no_social,2,customer_only,simultaneous,d_to_e,0,75,0.0
no_social,2,customer_only,simultaneous,e_to_d,0,75,0.0
no_social,2,customer_only,d_to_e,none,0,75,0.0
no_social,2,customer_only,d_to_e,d_only,0,75,0.0
no_social,2,customer_only,d_to_e,e_only,0,75,0.0
no_social,2,customer_only,d_to_e,simultaneous,0,75,0.0
no_social,2,customer_only,d_to_e,d_to_e,0,75,0.0
no_social,2,customer_only,d_to_e,e_to_d,0,75,0.0
no_social,2,customer_only,e_to_d,none,0,75,0.0
no_social,2,customer_only,e_to_d,d_only,0,75,0.0
no_social,2,customer_only,e_to_d,e_only,0,75,0.0
no_social,2,customer_only,e_to_d,simultaneous,0,75,0.0
no_social,2,customer_only,e_to_d,d_to_e,0,75,0.0
no_social,2,customer_only,e_to_d,e_to_d,0,75,0.0
no_social,3,domestic_only,none,none,0,84,0.0
no_social,3,domestic_only,none,d_only,0,84,0.0
no_social,3,domestic_only,none,e_only,0,84,0.0
no_social,3,domestic_only,none,simultaneous,0,84,0.0
no_social,3,domestic_only,none,d_to_e,0,84,0.0
no_social,3,domestic_only,none,e_to_d,0,84,0.0
no_social,3,domestic_only,d_only,none,0,84,0.0
no_social,3,domestic_only,d_only,d_only,47,84,0.5595238095238095
no_social,3,domestic_only,d_only,e_only,4,84,0.047619047619047616
no_social,3,domestic_only,d_only,simultaneous,6,84,0.07142857142857142
no_social,3,domestic_only,d_only,d_to_e,25,84,0.2976190476190476
no_social,3,domestic_only,d_only,e_to_d,2,84,0.023809523809523808
no_social,3,domestic_only,e_only,none,0,84,0.0
no_social,3,domestic_only,e_only,d_only,0,84,0.0
no_social,3,domestic_only,e_only,e_only,0,84,0.0
no_social,3,domestic_only,e_only,simultaneous,0,84,0.0
no_social,3,domestic_only,e_only,d_to_e,0,84,0.0
no_social,3,domestic_only,e_only,e_to_d,0,84,0.0
no_social,3,domestic_only,simultaneous,none,0,84,0.0
no_social,3,domestic_only,simultaneous,d_only,0,84,0.0
no_social,3,domestic_only,simultaneous,e_only,0,84,0.0
no_social,3,domestic_only,simultaneous,simultaneous,0,84,0.0
no_social,3,domestic_only,simultaneous,d_to_e,0,84,0.0
no_social,3,domestic_only,simultaneous,e_to_d,0,84,0.0
no_social,3,domestic_only,d_to_e,none,0,84,0.0
no_social,3,domestic_only,d_to_e,d_only,0,84,0.0
no_social,3,domestic_only,d_to_e,e_only,0,84,0.0
no_social,3,domestic_only,d_to_e,simultaneous,0,84,0.0
no_social,3,domestic_only,d_to_e,d_to_e,0,84,0.0
no_social,3,domestic_only,d_to_e,e_to_d,0,84,0.0
no_social,3,domestic_only,e_to_d,none,0,84,0.0
no_social,3,domestic_only,e_to_d,d_only,0,84,0.0
no_social,3,domestic_only,e_to_d,e_only,0,84,0.0
no_social,3,domestic_only,e_to_d,simultaneous,0,84,0.0
no_social,3,domestic_only,e_to_d,d_to_e,0,84,0.0
no_social,3,domestic_only,e_to_d,e_to_d,0,84,0.0
no_social,3,customer_only,none,none,0,84,0.0
no_social,3,customer_only,none,d_only,34,84,0.40476190476190477
no_social,3,customer_only,none,e_only,0,84,0.0
no_social,3,customer_only,none,simultaneous,0,84,0.0
no_social,3,customer_only,none,d_to_e,0,84,0.0
no_social,3,customer_only,none,e_to_d,0,84,0.0
no_social,3,customer_only,d_only,none,0,84,0.0
no_social,3,customer_only,d_only,d_only,0,84,0.0
no_social,3,customer_only,d_only,e_only,0,84,0.0
no_social,3,customer_only,d_only,simultaneous,0,84,0.0
no_social,3,customer_only,d_only,d_to_e,0,84,0.0
no_social,3,customer_only,d_only,e_to_d,0,84,0.0
no_social,3,customer_only,e_only,none,0,84,0.0
no_social,3,customer_only,e_only,d_only,13,84,0.15476190476190477
no_social,3,customer_only,e_only,e_only,4,84,0.047619047619047616
no_social,3,customer_only,e_only,simultaneous,6,84,0.07142857142857142
no_social,3,customer_only,e_only,d_to_e,25,84,0.2976190476190476
no_social,3,customer_only,e_only,e_to_d,2,84,0.023809523809523808
no_social,3,customer_only,simultaneous,none,0,84,0.0
no_social,3,customer_only,simultaneous,d_only,0,84,0.0
no_social,3,customer_only,simultaneous,e_only,0,84,0.0
no_social,3,customer_only,simultaneous,simultaneous,0,84,0.0
no_social,3,customer_only,simultaneous,d_to_e,0,84,0.0
no_social,3,customer_only,simultaneous,e_to_d,0,84,0.0
no_social,3,customer_only,d_to_e,none,0,84,0.0
no_social,3,customer_only,d_to_e,d_only,0,84,0.0
no_social,3,customer_only,d_to_e,e_only,0,84,0.0
no_social,3,customer_only,d_to_e,simultaneous,0,84,0.0
no_social,3,customer_only,d_to_e,d_to_e,0,84,0.0
no_social,3,customer_only,d_to_e,e_to_d,0,84,0.0
no_social,3,customer_only,e_to_d,none,0,84,0.0
no_social,3,customer_only,e_to_d,d_only,0,84,0.0
no_social,3,customer_only,e_to_d,e_only,0,84,0.0
no_social,3,customer_only,e_to_d,simultaneous,0,84,0.0
no_social,3,customer_only,e_to_d,d_to_e,0,84,0.0
no_social,3,customer_only,e_to_d,e_to_d,0,84,0.0
no_social,4,domestic_only,none,none,0,82,0.0
no_social,4,domestic_only,none,d_only,0,82,0.0
no_social,4,domestic_only,none,e_only,0,82,0.0
no_social,4,domestic_only,none,simultaneous,0,82,0.0
no_social,4,domestic_only,none,d_to_e,0,82,0.0
no_social,4,domestic_only,none,e_to_d,0,82,0.0
no_social,4,domestic_only,d_only,none,0,82,0.0
no_social,4,domestic_only,d_only,d_only,55,82,0.6707317073170732
no_social,4,domestic_only,d_only,e_only,3,82,0.036585365853658534
no_social,4,domestic_only,d_only,simultaneous,5,82,0.06097560975609756
no_social,4,domestic_only,d_only,d_to_e,16,82,0.1951219512195122
no_social,4,domestic_only,d_only,e_to_d,3,82,0.036585365853658534
no_social,4,domestic_only,e_only,none,0,82,0.0
no_social,4,domestic_only,e_only,d_only,0,82,0.0
no_social,4,domestic_only,e_only,e_only,0,82,0.0
no_social,4,domestic_only,e_only,simultaneous,0,82,0.0
no_social,4,domestic_only,e_only,d_to_e,0,82,0.0
no_social,4,domestic_only,e_only,e_to_d,0,82,0.0
no_social,4,domestic_only,simultaneous,none,0,82,0.0
no_social,4,domestic_only,simultaneous,d_only,0,82,0.0
no_social,4,domestic_only,simultaneous,e_only,0,82,0.0
no_social,4,domestic_only,simultaneous,simultaneous,0,82,0.0
no_social,4,domestic_only,simultaneous,d_to_e,0,82,0.0
no_social,4,domestic_only,simultaneous,e_to_d,0,82,0.0
no_social,4,domestic_only,d_to_e,none,0,82,0.0
no_social,4,domestic_only,d_to_e,d_only,0,82,0.0
no_social,4,domestic_only,d_to_e,e_only,0,82,0.0
no_social,4,domestic_only,d_to_e,simultaneous,0,82,0.0
no_social,4,domestic_only,d_to_e,d_to_e,0,82,0.0
no_social,4,domestic_only,d_to_e,e_to_d,0,82,0.0
no_social,4,domestic_only,e_to_d,none,0,82,0.0
no_social,4,domestic_only,e_to_d,d_only,0,82,0.0
no_social,4,domestic_only,e_to_d,e_only,0,82,0.0
no_social,4,domestic_only,e_to_d,simultaneous,0,82,0.0
no_social,4,domestic_only,e_to_d,d_to_e,0,82,0.0
no_social,4,domestic_only,e_to_d,e_to_d,0,82,0.0
no_social,4,customer_only,none,none,0,82,0.0
no_social,4,customer_only,none,d_only,46,82,0.5609756097560976
no_social,4,customer_only,none,e_only,0,82,0.0
no_social,4,customer_only,none,simultaneous,0,82,0.0
no_social,4,customer_only,none,d_to_e,0,82,0.0
no_social,4,customer_only,none,e_to_d,0,82,0.0
no_social,4,customer_only,d_only,none,0,82,0.0
no_social,4,customer_only,d_only,d_only,0,82,0.0
no_social,4,customer_only,d_only,e_only,0,82,0.0
no_social,4,customer_only,d_only,simultaneous,0,82,0.0
no_social,4,customer_only,d_only,d_to_e,0,82,0.0
no_social,4,customer_only,d_only,e_to_d,0,82,0.0
no_social,4,customer_only,e_only,none,0,82,0.0
no_social,4,customer_only,e_only,d_only,9,82,0.10975609756097561
no_social,4,customer_only,e_only,e_only,3,82,0.036585365853658534
no_social,4,customer_only,e_only,simultaneous,5,82,0.06097560975609756
no_social,4,customer_only,e_only,d_to_e,16,82,0.1951219512195122
no_social,4,customer_only,e_only,e_to_d,3,82,0.036585365853658534
no_social,4,customer_only,simultaneous,none,0,82,0.0
no_social,4,customer_only,simultaneous,d_only,0,82,0.0
no_social,4,customer_only,simultaneous,e_only,0,82,0.0
no_social,4,customer_only,simultaneous,simultaneous,0,82,0.0
no_social,4,customer_only,simultaneous,d_to_e,0,82,0.0
no_social,4,customer_only,simultaneous,e_to_d,0,82,0.0
no_social,4,customer_only,d_to_e,none,0,82,0.0
no_social,4,customer_only,d_to_e,d_only,0,82,0.0
no_social,4,customer_only,d_to_e,e_only,0,82,0.0
no_social,4,customer_only,d_to_e,simultaneous,0,82,0.0
no_social,4,customer_only,d_to_e,d_to_e,0,82,0.0
no_social,4,customer_only,d_to_e,e_to_d,0,82,0.0
no_social,4,customer_only,e_to_d,none,0,82,0.0
no_social,4,customer_only,e_to_d,d_only,0,82,0.0
no_social,4,customer_only,e_to_d,e_only,0,82,0.0
no_social,4,customer_only,e_to_d,simultaneous,0,82,0.0
no_social,4,customer_only,e_to_d,d_to_e,0,82,0.0
no_social,4,customer_only,e_to_d,e_to_d,0,82,0.0
no_social,5,domestic_only,none,none,0,85,0.0
no_social,5,domestic_only,none,d_only,0,85,0.0
no_social,5,domestic_only,none,e_only,0,85,0.0
no_social,5,domestic_only,none,simultaneous,0,85,0.0
no_social,5,domestic_only,none,d_to_e,0,85,0.0
no_social,5,domestic_only,none,e_to_d,0,85,0.0
no_social,5,domestic_only,d_only,none,0,85,0.0
no_social,5,domestic_only,d_only,d_only,47,85,0.5529411764705883
no_social,5,domestic_only,d_only,e_only,1,85,0.011764705882352941
no_social,5,domestic_only,d_only,simultaneous,6,85,0.07058823529411765
no_social,5,domestic_only,d_only,d_to_e,24,85,0.2823529411764706
no_social,5,domestic_only,d_only,e_to_d,7,85,0.08235294117647059
no_social,5,domestic_only,e_only,none,0,85,0.0
no_social,5,domestic_only,e_only,d_only,0,85,0.0
no_social,5,domestic_only,e_only,e_only,0,85,0.0
no_social,5,domestic_only,e_only,simultaneous,0,85,0.0
no_social,5,domestic_only,e_only,d_to_e,0,85,0.0
no_social,5,domestic_only,e_only,e_to_d,0,85,0.0
no_social,5,domestic_only,simultaneous,none,0,85,0.0
no_social,5,domestic_only,simultaneous,d_only,0,85,0.0
no_social,5,domestic_only,simultaneous,e_only,0,85,0.0
no_social,5,domestic_only,simultaneous,simultaneous,0,85,0.0
no_social,5,domestic_only,simultaneous,d_to_e,0,85,0.0
no_social,5,domestic_only,simultaneous,e_to_d,0,85,0.0
no_social,5,domestic_only,d_to_e,none,0,85,0.0
no_social,5,domestic_only,d_to_e,d_only,0,85,0.0
no_social,5,domestic_only,d_to_e,e_only,0,85,0.0
no_social,5,domestic_only,d_to_e,simultaneous,0,85,0.0
no_social,5,domestic_only,d_to_e,d_to_e,0,85,0.0
no_social,5,domestic_only,d_to_e,e_to_d,0,85,0.0
no_social,5,domestic_only,e_to_d,none,0,85,0.0
no_social,5,domestic_only,e_to_d,d_only,0,85,0.0
no_social,5,domestic_only,e_to_d,e_only,0,85,0.0
no_social,5,domestic_only,e_to_d,simultaneous,0,85,0.0
no_social,5,domestic_only,e_to_d,d_to_e,0,85,0.0
no_social,5,domestic_only,e_to_d,e_to_d,0,85,0.0
no_social,5,customer_only,none,none,0,85,0.0
no_social,5,customer_only,none,d_only,35,85,0.4117647058823529
no_social,5,customer_only,none,e_only,0,85,0.0
no_social,5,customer_only,none,simultaneous,0,85,0.0
no_social,5,customer_only,none,d_to_e,0,85,0.0
no_social,5,customer_only,none,e_to_d,0,85,0.0
no_social,5,customer_only,d_only,none,0,85,0.0
no_social,5,customer_only,d_only,d_only,0,85,0.0
no_social,5,customer_only,d_only,e_only,0,85,0.0
no_social,5,customer_only,d_only,simultaneous,0,85,0.0
no_social,5,customer_only,d_only,d_to_e,0,85,0.0
no_social,5,customer_only,d_only,e_to_d,0,85,0.0
no_social,5,customer_only,e_only,none,0,85,0.0
no_social,5,customer_only,e_only,d_only,12,85,0.1411764705882353
no_social,5,customer_only,e_only,e_only,1,85,0.011764705882352941
no_social,5,customer_only,e_only,simultaneous,6,85,0.07058823529411765
no_social,5,customer_only,e_only,d_to_e,24,85,0.2823529411764706
no_social,5,customer_only,e_only,e_to_d,7,85,0.08235294117647059
no_social,5,customer_only,simultaneous,none,0,85,0.0
no_social,5,customer_only,simultaneous,d_only,0,85,0.0
no_social,5,customer_only,simultaneous,e_only,0,85,0.0
no_social,5,customer_only,simultaneous,simultaneous,0,85,0.0
no_social,5,customer_only,simultaneous,d_to_e,0,85,0.0
no_social,5,customer_only,simultaneous,e_to_d,0,85,0.0
no_social,5,customer_only,d_to_e,none,0,85,0.0
no_social,5,customer_only,d_to_e,d_only,0,85,0.0
no_social,5,customer_only,d_to_e,e_only,0,85,0.0
no_social,5,customer_only,d_to_e,simultaneous,0,85,0.0
no_social,5,customer_only,d_to_e,d_to_e,0,85,0.0
no_social,5,customer_only,d_to_e,e_to_d,0,85,0.0
no_social,5,customer_only,e_to_d,none,0,85,0.0
no_social,5,customer_only,e_to_d,d_only,0,85,0.0
no_social,5,customer_only,e_to_d,e_only,0,85,0.0
no_social,5,customer_only,e_to_d,simultaneous,0,85,0.0
no_social,5,customer_only,e_to_d,d_to_e,0,85,0.0
no_social,5,customer_only,e_to_d,e_to_d,0,85,0.0
no_social,6,domestic_only,none,none,0,86,0.0
no_social,6,domestic_only,none,d_only,0,86,0.0
no_social,6,domestic_only,none,e_only,0,86,0.0
no_social,6,domestic_only,none,simultaneous,0,86,0.0
no_social,6,domestic_only,none,d_to_e,0,86,0.0
no_social,6,domestic_only,none,e_to_d,0,86,0.0
no_social,6,domestic_only,d_only,none,0,86,0.0
no_social,6,domestic_only,d_only,d_only,48,86,0.5581395348837209
no_social,6,domestic_only,d_only,e_only,1,86,0.011627906976744186
no_social,6,domestic_only,d_only,simultaneous,5,86,0.05813953488372093
no_social,6,domestic_only,d_only,d_to_e,26,86,0.3023255813953488
no_social,6,domestic_only,d_only,e_to_d,6,86,0.06976744186046512
no_social,6,domestic_only,e_only,none,0,86,0.0
no_social,6,domestic_only,e_only,d_only,0,86,0.0
no_social,6,domestic_only,e_only,e_only,0,86,0.0
no_social,6,domestic_only,e_only,simultaneous,0,86,0.0
no_social,6,domestic_only,e_only,d_to_e,0,86,0.0
no_social,6,domestic_only,e_only,e_to_d,0,86,0.0
no_social,6,domestic_only,simultaneous,none,0,86,0.0
no_social,6,domestic_only,simultaneous,d_only,0,86,0.0
no_social,6,domestic_only,simultaneous,e_only,0,86,0.0
no_social,6,domestic_only,simultaneous,simultaneous,0,86,0.0
no_social,6,domestic_only,simultaneous,d_to_e,0,86,0.0
no_social,6,domestic_only,simultaneous,e_to_d,0,86,0.0
no_social,6,domestic_only,d_to_e,none,0,86,0.0
no_social,6,domestic_only,d_to_e,d_only,0,86,0.0
no_social,6,domestic_only,d_to_e,e_only,0,86,0.0
no_social,6,domestic_only,d_to_e,simultaneous,0,86,0.0
no_social,6,domestic_only,d_to_e,d_to_e,0,86,0.0
no_social,6,domestic_only,d_to_e,e_to_d,0,86,0.0
no_social,6,domestic_only,e_to_d,none,0,86,0.0
no_social,6,domestic_only,e_to_d,d_only,0,86,0.0
no_social,6,domestic_only,e_to_d,e_only,0,86,0.0
no_social,6,domestic_only,e_to_d,simultaneous,0,86,0.0
no_social,6,domestic_only,e_to_d,d_to_e,0,86,0.0
no_social,6,domestic_only,e_to_d,e_to_d,0,86,0.0
no_social,6,customer_only,none,none,0,86,0.0
no_social,6,customer_only,none,d_only,35,86,0.4069767441860465
no_social,6,customer_only,none,e_only,0,86,0.0
no_social,6,customer_only,none,simultaneous,0,86,0.0
no_social,6,customer_only,none,d_to_e,0,86,0.0
no_social,6,customer_only,none,e_to_d,0,86,0.0
no_social,6,customer_only,d_only,none,0,86,0.0
no_social,6,customer_only,d_only,d_only,0,86,0.0
no_social,6,customer_only,d_only,e_only,0,86,0.0
no_social,6,customer_only,d_only,simultaneous,0,86,0.0
no_social,6,customer_only,d_only,d_to_e,0,86,0.0
no_social,6,customer_only,d_only,e_to_d,0,86,0.0
no_social,6,customer_only,e_only,none,0,86,0.0
no_social,6,customer_only,e_only,d_only,13,86,0.1511627906976744
no_social,6,customer_only,e_only,e_only,1,86,0.011627906976744186
no_social,6,customer_only,e_only,simultaneous,5,86,0.05813953488372093
no_social,6,customer_only,e_only,d_to_e,26,86,0.3023255813953488
no_social,6,customer_only,e_only,e_to_d,6,86,0.06976744186046512
no_social,6,customer_only,simultaneous,none,0,86,0.0
no_social,6,customer_only,simultaneous,d_only,0,86,0.0
no_social,6,customer_only,simultaneous,e_only,0,86,0.0
no_social,6,customer_only,simultaneous,simultaneous,0,86,0.0
no_social,6,customer_only,simultaneous,d_to_e,0,86,0.0
no_social,6,customer_only,simultaneous,e_to_d,0,86,0.0
no_social,6,customer_only,d_to_e,none,0,86,0.0
no_social,6,customer_only,d_to_e,d_only,0,86,0.0
no_social,6,customer_only,d_to_e,e_only,0,86,0.0
no_social,6,customer_only,d_to_e,simultaneous,0,86,0.0
no_social,6,customer_only,d_to_e,d_to_e,0,86,0.0
no_social,6,customer_only,d_to_e,e_to_d,0,86,0.0
no_social,6,customer_only,e_to_d,none,0,86,0.0
no_social,6,customer_only,e_to_d,d_only,0,86,0.0
no_social,6,customer_only,e_to_d,e_only,0,86,0.0
no_social,6,customer_only,e_to_d,simultaneous,0,86,0.0
no_social,6,customer_only,e_to_d,d_to_e,0,86,0.0
no_social,6,customer_only,e_to_d,e_to_d,0,86,0.0
no_social,7,domestic_only,none,none,0,84,0.0
no_social,7,domestic_only,none,d_only,0,84,0.0
no_social,7,domestic_only,none,e_only,0,84,0.0
no_social,7,domestic_only,none,simultaneous,0,84,0.0
no_social,7,domestic_only,none,d_to_e,0,84,0.0
no_social,7,domestic_only,none,e_to_d,0,84,0.0
no_social,7,domestic_only,d_only,none,0,84,0.0
no_social,7,domestic_only,d_only,d_only,53,84,0.6309523809523809
no_social,7,domestic_only,d_only,e_only,0,84,0.0
no_social,7,domestic_only,d_only,simultaneous,10,84,0.11904761904761904
no_social,7,domestic_only,d_only,d_to_e,17,84,0.20238095238095238
no_social,7,domestic_only,d_only,e_to_d,4,84,0.047619047619047616
no_social,7,domestic_only,e_only,none,0,84,0.0
no_social,7,domestic_only,e_only,d_only,0,84,0.0
no_social,7,domestic_only,e_only,e_only,0,84,0.0
no_social,7,domestic_only,e_only,simultaneous,0,84,0.0
no_social,7,domestic_only,e_only,d_to_e,0,84,0.0
no_social,7,domestic_only,e_only,e_to_d,0,84,0.0
no_social,7,domestic_only,simultaneous,none,0,84,0.0
no_social,7,domestic_only,simultaneous,d_only,0,84,0.0
no_social,7,domestic_only,simultaneous,e_only,0,84,0.0
no_social,7,domestic_only,simultaneous,simultaneous,0,84,0.0
no_social,7,domestic_only,simultaneous,d_to_e,0,84,0.0
no_social,7,domestic_only,simultaneous,e_to_d,0,84,0.0
no_social,7,domestic_only,d_to_e,none,0,84,0.0
no_social,7,domestic_only,d_to_e,d_only,0,84,0.0
no_social,7,domestic_only,d_to_e,e_only,0,84,0.0
no_social,7,domestic_only,d_to_e,simultaneous,0,84,0.0
no_social,7,domestic_only,d_to_e,d_to_e,0,84,0.0
no_social,7,domestic_only,d_to_e,e_to_d,0,84,0.0
no_social,7,domestic_only,e_to_d,none,0,84,0.0
no_social,7,domestic_only,e_to_d,d_only,0,84,0.0
no_social,7,domestic_only,e_to_d,e_only,0,84,0.0
no_social,7,domestic_only,e_to_d,simultaneous,0,84,0.0
no_social,7,domestic_only,e_to_d,d_to_e,0,84,0.0
no_social,7,domestic_only,e_to_d,e_to_d,0,84,0.0
no_social,7,customer_only,none,none,0,84,0.0
no_social,7,customer_only,none,d_only,39,84,0.4642857142857143
no_social,7,customer_only,none,e_only,0,84,0.0
no_social,7,customer_only,none,simultaneous,0,84,0.0
no_social,7,customer_only,none,d_to_e,0,84,0.0
no_social,7,customer_only,none,e_to_d,0,84,0.0
no_social,7,customer_only,d_only,none,0,84,0.0
no_social,7,customer_only,d_only,d_only,0,84,0.0
no_social,7,customer_only,d_only,e_only,0,84,0.0
no_social,7,customer_only,d_only,simultaneous,0,84,0.0
no_social,7,customer_only,d_only,d_to_e,0,84,0.0
no_social,7,customer_only,d_only,e_to_d,0,84,0.0
no_social,7,customer_only,e_only,none,0,84,0.0
no_social,7,customer_only,e_only,d_only,14,84,0.16666666666666666
no_social,7,customer_only,e_only,e_only,0,84,0.0
no_social,7,customer_only,e_only,simultaneous,10,84,0.11904761904761904
no_social,7,customer_only,e_only,d_to_e,17,84,0.20238095238095238
no_social,7,customer_only,e_only,e_to_d,4,84,0.047619047619047616
no_social,7,customer_only,simultaneous,none,0,84,0.0
no_social,7,customer_only,simultaneous,d_only,0,84,0.0
no_social,7,customer_only,simultaneous,e_only,0,84,0.0
no_social,7,customer_only,simultaneous,simultaneous,0,84,0.0
no_social,7,customer_only,simultaneous,d_to_e,0,84,0.0
no_social,7,customer_only,simultaneous,e_to_d,0,84,0.0
no_social,7,customer_only,d_to_e,none,0,84,0.0
no_social,7,customer_only,d_to_e,d_only,0,84,0.0
no_social,7,customer_only,d_to_e,e_only,0,84,0.0
no_social,7,customer_only,d_to_e,simultaneous,0,84,0.0
no_social,7,customer_only,d_to_e,d_to_e,0,84,0.0
no_social,7,customer_only,d_to_e,e_to_d,0,84,0.0
no_social,7,customer_only,e_to_d,none,0,84,0.0
no_social,7,customer_only,e_to_d,d_only,0,84,0.0
no_social,7,customer_only,e_to_d,e_only,0,84,0.0
no_social,7,customer_only,e_to_d,simultaneous,0,84,0.0
no_social,7,customer_only,e_to_d,d_to_e,0,84,0.0
no_social,7,customer_only,e_to_d,e_to_d,0,84,0.0
no_social,8,domestic_only,none,none,0,71,0.0
no_social,8,domestic_only,none,d_only,0,71,0.0
no_social,8,domestic_only,none,e_only,0,71,0.0
no_social,8,domestic_only,none,simultaneous,0,71,0.0
no_social,8,domestic_only,none,d_to_e,0,71,0.0
no_social,8,domestic_only,none,e_to_d,0,71,0.0
no_social,8,domestic_only,d_only,none,0,71,0.0
no_social,8,domestic_only,d_only,d_only,49,71,0.6901408450704225
no_social,8,domestic_only,d_only,e_only,0,71,0.0
no_social,8,domestic_only,d_only,simultaneous,9,71,0.1267605633802817
no_social,8,domestic_only,d_only,d_to_e,12,71,0.16901408450704225
no_social,8,domestic_only,d_only,e_to_d,1,71,0.014084507042253521
no_social,8,domestic_only,e_only,none,0,71,0.0
no_social,8,domestic_only,e_only,d_only,0,71,0.0
no_social,8,domestic_only,e_only,e_only,0,71,0.0
no_social,8,domestic_only,e_only,simultaneous,0,71,0.0
no_social,8,domestic_only,e_only,d_to_e,0,71,0.0
no_social,8,domestic_only,e_only,e_to_d,0,71,0.0
no_social,8,domestic_only,simultaneous,none,0,71,0.0
no_social,8,domestic_only,simultaneous,d_only,0,71,0.0
no_social,8,domestic_only,simultaneous,e_only,0,71,0.0
no_social,8,domestic_only,simultaneous,simultaneous,0,71,0.0
no_social,8,domestic_only,simultaneous,d_to_e,0,71,0.0
no_social,8,domestic_only,simultaneous,e_to_d,0,71,0.0
no_social,8,domestic_only,d_to_e,none,0,71,0.0
no_social,8,domestic_only,d_to_e,d_only,0,71,0.0
no_social,8,domestic_only,d_to_e,e_only,0,71,0.0
no_social,8,domestic_only,d_to_e,simultaneous,0,71,0.0
no_social,8,domestic_only,d_to_e,d_to_e,0,71,0.0
no_social,8,domestic_only,d_to_e,e_to_d,0,71,0.0
no_social,8,domestic_only,e_to_d,none,0,71,0.0
no_social,8,domestic_only,e_to_d,d_only,0,71,0.0
no_social,8,domestic_only,e_to_d,e_only,0,71,0.0
no_social,8,domestic_only,e_to_d,simultaneous,0,71,0.0
no_social,8,domestic_only,e_to_d,d_to_e,0,71,0.0
no_social,8,domestic_only,e_to_d,e_to_d,0,71,0.0
no_social,8,customer_only,none,none,0,71,0.0
no_social,8,customer_only,none,d_only,36,71,0.5070422535211268
no_social,8,customer_only,none,e_only,0,71,0.0
no_social,8,customer_only,none,simultaneous,0,71,0.0
no_social,8,customer_only,none,d_to_e,0,71,0.0
no_social,8,customer_only,none,e_to_d,0,71,0.0
no_social,8,customer_only,d_only,none,0,71,0.0
no_social,8,customer_only,d_only,d_only,0,71,0.0
no_social,8,customer_only,d_only,e_only,0,71,0.0
no_social,8,customer_only,d_only,simultaneous,0,71,0.0
no_social,8,customer_only,d_only,d_to_e,0,71,0.0
no_social,8,customer_only,d_only,e_to_d,0,71,0.0
no_social,8,customer_only,e_only,none,0,71,0.0
no_social,8,customer_only,e_only,d_only,13,71,0.18309859154929578
no_social,8,customer_only,e_only,e_only,0,71,0.0
no_social,8,customer_only,e_only,simultaneous,9,71,0.1267605633802817
no_social,8,customer_only,e_only,d_to_e,12,71,0.16901408450704225
no_social,8,customer_only,e_only,e_to_d,1,71,0.014084507042253521
no_social,8,customer_only,simultaneous,none,0,71,0.0
no_social,8,customer_only,simultaneous,d_only,0,71,0.0
no_social,8,customer_only,simultaneous,e_only,0,71,0.0
no_social,8,customer_only,simultaneous,simultaneous,0,71,0.0
no_social,8,customer_only,simultaneous,d_to_e,0,71,0.0
no_social,8,customer_only,simultaneous,e_to_d,0,71,0.0
no_social,8,customer_only,d_to_e,none,0,71,0.0
no_social,8,customer_only,d_to_e,d_only,0,71,0.0
no_social,8,customer_only,d_to_e,e_only,0,71,0.0
no_social,8,customer_only,d_to_e,simultaneous,0,71,0.0
no_social,8,customer_only,d_to_e,d_to_e,0,71,0.0
no_social,8,customer_only,d_to_e,e_to_d,0,71,0.0
no_social,8,customer_only,e_to_d,none,0,71,0.0
no_social,8,customer_only,e_to_d,d_only,0,71,0.0
no_social,8,customer_only,e_to_d,e_only,0,71,0.0
no_social,8,customer_only,e_to_d,simultaneous,0,71,0.0
no_social,8,customer_only,e_to_d,d_to_e,0,71,0.0
no_social,8,customer_only,e_to_d,e_to_d,0,71,0.0
no_social,9,domestic_only,none,none,0,64,0.0
no_social,9,domestic_only,none,d_only,0,64,0.0
no_social,9,domestic_only,none,e_only,0,64,0.0
no_social,9,domestic_only,none,simultaneous,0,64,0.0
no_social,9,domestic_only,none,d_to_e,0,64,0.0
no_social,9,domestic_only,none,e_to_d,0,64,0.0
no_social,9,domestic_only,d_only,none,0,64,0.0
no_social,9,domestic_only,d_only,d_only,31,64,0.484375
no_social,9,domestic_only,d_only,e_only,2,64,0.03125
no_social,9,domestic_only,d_only,simultaneous,4,64,0.0625
no_social,9,domestic_only,d_only,d_to_e,25,64,0.390625
no_social,9,domestic_only,d_only,e_to_d,2,64,0.03125
no_social,9,domestic_only,e_only,none,0,64,0.0
no_social,9,domestic_only,e_only,d_only,0,64,0.0
no_social,9,domestic_only,e_only,e_only,0,64,0.0
no_social,9,domestic_only,e_only,simultaneous,0,64,0.0
no_social,9,domestic_only,e_only,d_to_e,0,64,0.0
no_social,9,domestic_only,e_only,e_to_d,0,64,0.0
no_social,9,domestic_only,simultaneous,none,0,64,0.0
no_social,9,domestic_only,simultaneous,d_only,0,64,0.0
no_social,9,domestic_only,simultaneous,e_only,0,64,0.0
no_social,9,domestic_only,simultaneous,simultaneous,0,64,0.0
no_social,9,domestic_only,simultaneous,d_to_e,0,64,0.0
no_social,9,domestic_only,simultaneous,e_to_d,0,64,0.0
no_social,9,domestic_only,d_to_e,none,0,64,0.0
no_social,9,domestic_only,d_to_e,d_only,0,64,0.0
no_social,9,domestic_only,d_to_e,e_only,0,64,0.0
no_social,9,domestic_only,d_to_e,simultaneous,0,64,0.0
no_social,9,domestic_only,d_to_e,d_to_e,0,64,0.0
no_social,9,domestic_only,d_to_e,e_to_d,0,64,0.0
no_social,9,domestic_only,e_to_d,none,0,64,0.0
no_social,9,domestic_only,e_to_d,d_only,0,64,0.0
no_social,9,domestic_only,e_to_d,e_only,0,64,0.0
no_social,9,domestic_only,e_to_d,simultaneous,0,64,0.0
no_social,9,domestic_only,e_to_d,d_to_e,0,64,0.0
no_social,9,domestic_only,e_to_d,e_to_d,0,64,0.0
no_social,9,customer_only,none,none,0,64,0.0
no_social,9,customer_only,none,d_only,21,64,0.328125
no_social,9,customer_only,none,e_only,0,64,0.0
no_social,9,customer_only,none,simultaneous,0,64,0.0
no_social,9,customer_only,none,d_to_e,0,64,0.0
no_social,9,customer_only,none,e_to_d,0,64,0.0
no_social,9,customer_only,d_only,none,0,64,0.0
no_social,9,customer_only,d_only,d_only,0,64,0.0
no_social,9,customer_only,d_only,e_only,0,64,0.0
no_social,9,customer_only,d_only,simultaneous,0,64,0.0
no_social,9,customer_only,d_only,d_to_e,0,64,0.0
no_social,9,customer_only,d_only,e_to_d,0,64,0.0
no_social,9,customer_only,e_only,none,0,64,0.0
no_social,9,customer_only,e_only,d_only,10,64,0.15625
no_social,9,customer_only,e_only,e_only,2,64,0.03125
no_social,9,customer_only,e_only,simultaneous,4,64,0.0625
no_social,9,customer_only,e_only,d_to_e,25,64,0.390625
no_social,9,customer_only,e_only,e_to_d,2,64,0.03125
no_social,9,customer_only,simultaneous,none,0,64,0.0
no_social,9,customer_only,simultaneous,d_only,0,64,0.0
no_social,9,customer_only,simultaneous,e_only,0,64,0.0
no_social,9,customer_only,simultaneous,simultaneous,0,64,0.0
no_social,9,customer_only,simultaneous,d_to_e,0,64,0.0
no_social,9,customer_only,simultaneous,e_to_d,0,64,0.0
no_social,9,customer_only,d_to_e,none,0,64,0.0
no_social,9,customer_only,d_to_e,d_only,0,64,0.0
no_social,9,customer_only,d_to_e,e_only,0,64,0.0
no_social,9,customer_only,d_to_e,simultaneous,0,64,0.0
no_social,9,customer_only,d_to_e,d_to_e,0,64,0.0
no_social,9,customer_only,d_to_e,e_to_d,0,64,0.0
no_social,9,customer_only,e_to_d,none,0,64,0.0
no_social,9,customer_only,e_to_d,d_only,0,64,0.0
no_social,9,customer_only,e_to_d,e_only,0,64,0.0
no_social,9,customer_only,e_to_d,simultaneous,0,64,0.0
no_social,9,customer_only,e_to_d,d_to_e,0,64,0.0
no_social,9,customer_only,e_to_d,e_to_d,0,64,0.0
no_social,10,domestic_only,none,none,0,77,0.0
no_social,10,domestic_only,none,d_only,0,77,0.0
no_social,10,domestic_only,none,e_only,0,77,0.0
no_social,10,domestic_only,none,simultaneous,0,77,0.0
no_social,10,domestic_only,none,d_to_e,0,77,0.0
no_social,10,domestic_only,none,e_to_d,0,77,0.0
no_social,10,domestic_only,d_only,none,0,77,0.0
no_social,10,domestic_only,d_only,d_only,55,77,0.7142857142857143
no_social,10,domestic_only,d_only,e_only,0,77,0.0
no_social,10,domestic_only,d_only,simultaneous,7,77,0.09090909090909091
no_social,10,domestic_only,d_only,d_to_e,13,77,0.16883116883116883
no_social,10,domestic_only,d_only,e_to_d,2,77,0.025974025974025976
no_social,10,domestic_only,e_only,none,0,77,0.0
no_social,10,domestic_only,e_only,d_only,0,77,0.0
no_social,10,domestic_only,e_only,e_only,0,77,0.0
no_social,10,domestic_only,e_only,simultaneous,0,77,0.0
no_social,10,domestic_only,e_only,d_to_e,0,77,0.0
no_social,10,domestic_only,e_only,e_to_d,0,77,0.0
no_social,10,domestic_only,simultaneous,none,0,77,0.0
no_social,10,domestic_only,simultaneous,d_only,0,77,0.0
no_social,10,domestic_only,simultaneous,e_only,0,77,0.0
no_social,10,domestic_only,simultaneous,simultaneous,0,77,0.0
no_social,10,domestic_only,simultaneous,d_to_e,0,77,0.0
no_social,10,domestic_only,simultaneous,e_to_d,0,77,0.0
no_social,10,domestic_only,d_to_e,none,0,77,0.0
no_social,10,domestic_only,d_to_e,d_only,0,77,0.0
no_social,10,domestic_only,d_to_e,e_only,0,77,0.0
no_social,10,domestic_only,d_to_e,simultaneous,0,77,0.0
no_social,10,domestic_only,d_to_e,d_to_e,0,77,0.0
no_social,10,domestic_only,d_to_e,e_to_d,0,77,0.0
no_social,10,domestic_only,e_to_d,none,0,77,0.0
no_social,10,domestic_only,e_to_d,d_only,0,77,0.0
no_social,10,domestic_only,e_to_d,e_only,0,77,0.0
no_social,10,domestic_only,e_to_d,simultaneous,0,77,0.0
no_social,10,domestic_only,e_to_d,d_to_e,0,77,0.0
no_social,10,domestic_only,e_to_d,e_to_d,0,77,0.0
no_social,10,customer_only,none,none,0,77,0.0
no_social,10,customer_only,none,d_only,46,77,0.5974025974025974
no_social,10,customer_only,none,e_only,0,77,0.0
no_social,10,customer_only,none,simultaneous,0,77,0.0
no_social,10,customer_only,none,d_to_e,0,77,0.0
no_social,10,customer_only,none,e_to_d,0,77,0.0
no_social,10,customer_only,d_only,none,0,77,0.0
no_social,10,customer_only,d_only,d_only,0,77,0.0
no_social,10,customer_only,d_only,e_only,0,77,0.0
no_social,10,customer_only,d_only,simultaneous,0,77,0.0
no_social,10,customer_only,d_only,d_to_e,0,77,0.0
no_social,10,customer_only,d_only,e_to_d,0,77,0.0
no_social,10,customer_only,e_only,none,0,77,0.0
no_social,10,customer_only,e_only,d_only,9,77,0.11688311688311688
no_social,10,customer_only,e_only,e_only,0,77,0.0
no_social,10,customer_only,e_only,simultaneous,7,77,0.09090909090909091
no_social,10,customer_only,e_only,d_to_e,13,77,0.16883116883116883
no_social,10,customer_only,e_only,e_to_d,2,77,0.025974025974025976
no_social,10,customer_only,simultaneous,none,0,77,0.0
no_social,10,customer_only,simultaneous,d_only,0,77,0.0
no_social,10,customer_only,simultaneous,e_only,0,77,0.0
no_social,10,customer_only,simultaneous,simultaneous,0,77,0.0
no_social,10,customer_only,simultaneous,d_to_e,0,77,0.0
no_social,10,customer_only,simultaneous,e_to_d,0,77,0.0
no_social,10,customer_only,d_to_e,none,0,77,0.0
no_social,10,customer_only,d_to_e,d_only,0,77,0.0
no_social,10,customer_only,d_to_e,e_only,0,77,0.0
no_social,10,customer_only,d_to_e,simultaneous,0,77,0.0
no_social,10,customer_only,d_to_e,d_to_e,0,77,0.0
no_social,10,customer_only,d_to_e,e_to_d,0,77,0.0
no_social,10,customer_only,e_to_d,none,0,77,0.0
no_social,10,customer_only,e_to_d,d_only,0,77,0.0
no_social,10,customer_only,e_to_d,e_only,0,77,0.0
no_social,10,customer_only,e_to_d,simultaneous,0,77,0.0
no_social,10,customer_only,e_to_d,d_to_e,0,77,0.0
no_social,10,customer_only,e_to_d,e_to_d,0,77,0.0
no_social,11,domestic_only,none,none,0,75,0.0
no_social,11,domestic_only,none,d_only,0,75,0.0
no_social,11,domestic_only,none,e_only,0,75,0.0
no_social,11,domestic_only,none,simultaneous,0,75,0.0
no_social,11,domestic_only,none,d_to_e,0,75,0.0
no_social,11,domestic_only,none,e_to_d,0,75,0.0
no_social,11,domestic_only,d_only,none,0,75,0.0
no_social,11,domestic_only,d_only,d_only,45,75,0.6
no_social,11,domestic_only,d_only,e_only,0,75,0.0
no_social,11,domestic_only,d_only,simultaneous,6,75,0.08
no_social,11,domestic_only,d_only,d_to_e,18,75,0.24
no_social,11,domestic_only,d_only,e_to_d,6,75,0.08
no_social,11,domestic_only,e_only,none,0,75,0.0
no_social,11,domestic_only,e_only,d_only,0,75,0.0
no_social,11,domestic_only,e_only,e_only,0,75,0.0
no_social,11,domestic_only,e_only,simultaneous,0,75,0.0
no_social,11,domestic_only,e_only,d_to_e,0,75,0.0
no_social,11,domestic_only,e_only,e_to_d,0,75,0.0
no_social,11,domestic_only,simultaneous,none,0,75,0.0
no_social,11,domestic_only,simultaneous,d_only,0,75,0.0
no_social,11,domestic_only,simultaneous,e_only,0,75,0.0
no_social,11,domestic_only,simultaneous,simultaneous,0,75,0.0
no_social,11,domestic_only,simultaneous,d_to_e,0,75,0.0
no_social,11,domestic_only,simultaneous,e_to_d,0,75,0.0
no_social,11,domestic_only,d_to_e,none,0,75,0.0
no_social,11,domestic_only,d_to_e,d_only,0,75,0.0
no_social,11,domestic_only,d_to_e,e_only,0,75,0.0
no_social,11,domestic_only,d_to_e,simultaneous,0,75,0.0
no_social,11,domestic_only,d_to_e,d_to_e,0,75,0.0
no_social,11,domestic_only,d_to_e,e_to_d,0,75,0.0
no_social,11,domestic_only,e_to_d,none,0,75,0.0
no_social,11,domestic_only,e_to_d,d_only,0,75,0.0
no_social,11,domestic_only,e_to_d,e_only,0,75,0.0
no_social,11,domestic_only,e_to_d,simultaneous,0,75,0.0
no_social,11,domestic_only,e_to_d,d_to_e,0,75,0.0
no_social,11,domestic_only,e_to_d,e_to_d,0,75,0.0
no_social,11,customer_only,none,none,0,75,0.0
no_social,11,customer_only,none,d_only,38,75,0.5066666666666667
no_social,11,customer_only,none,e_only,0,75,0.0
no_social,11,customer_only,none,simultaneous,0,75,0.0
no_social,11,customer_only,none,d_to_e,0,75,0.0
no_social,11,customer_only,none,e_to_d,0,75,0.0
no_social,11,customer_only,d_only,none,0,75,0.0
no_social,11,customer_only,d_only,d_only,0,75,0.0
no_social,11,customer_only,d_only,e_only,0,75,0.0
no_social,11,customer_only,d_only,simultaneous,0,75,0.0
no_social,11,customer_only,d_only,d_to_e,0,75,0.0
no_social,11,customer_only,d_only,e_to_d,0,75,0.0
no_social,11,customer_only,e_only,none,0,75,0.0
no_social,11,customer_only,e_only,d_only,7,75,0.09333333333333334
no_social,11,customer_only,e_only,e_only,0,75,0.0
no_social,11,customer_only,e_only,simultaneous,6,75,0.08
no_social,11,customer_only,e_only,d_to_e,18,75,0.24
no_social,11,customer_only,e_only,e_to_d,6,75,0.08
no_social,11,customer_only,simultaneous,none,0,75,0.0
no_social,11,customer_only,simultaneous,d_only,0,75,0.0
no_social,11,customer_only,simultaneous,e_only,0,75,0.0
no_social,11,customer_only,simultaneous,simultaneous,0,75,0.0
no_social,11,customer_only,simultaneous,d_to_e,0,75,0.0
no_social,11,customer_only,simultaneous,e_to_d,0,75,0.0
no_social,11,customer_only,d_to_e,none,0,75,0.0
no_social,11,customer_only,d_to_e,d_only,0,75,0.0
no_social,11,customer_only,d_to_e,e_only,0,75,0.0
no_social,11,customer_only,d_to_e,simultaneous,0,75,0.0
no_social,11,customer_only,d_to_e,d_to_e,0,75,0.0
no_social,11,customer_only,d_to_e,e_to_d,0,75,0.0
no_social,11,customer_only,e_to_d,none,0,75,0.0
no_social,11,customer_only,e_to_d,d_only,0,75,0.0
no_social,11,customer_only,e_to_d,e_only,0,75,0.0
no_social,11,customer_only,e_to_d,simultaneous,0,75,0.0
no_social,11,customer_only,e_to_d,d_to_e,0,75,0.0
no_social,11,customer_only,e_to_d,e_to_d,0,75,0.0
no_social,12,domestic_only,none,none,0,77,0.0
no_social,12,domestic_only,none,d_only,0,77,0.0
no_social,12,domestic_only,none,e_only,0,77,0.0
no_social,12,domestic_only,none,simultaneous,0,77,0.0
no_social,12,domestic_only,none,d_to_e,0,77,0.0
no_social,12,domestic_only,none,e_to_d,0,77,0.0
no_social,12,domestic_only,d_only,none,0,77,0.0
no_social,12,domestic_only,d_only,d_only,46,77,0.5974025974025974
no_social,12,domestic_only,d_only,e_only,1,77,0.012987012987012988
no_social,12,domestic_only,d_only,simultaneous,6,77,0.07792207792207792
no_social,12,domestic_only,d_only,d_to_e,18,77,0.23376623376623376
no_social,12,domestic_only,d_only,e_to_d,6,77,0.07792207792207792
no_social,12,domestic_only,e_only,none,0,77,0.0
no_social,12,domestic_only,e_only,d_only,0,77,0.0
no_social,12,domestic_only,e_only,e_only,0,77,0.0
no_social,12,domestic_only,e_only,simultaneous,0,77,0.0
no_social,12,domestic_only,e_only,d_to_e,0,77,0.0
no_social,12,domestic_only,e_only,e_to_d,0,77,0.0
no_social,12,domestic_only,simultaneous,none,0,77,0.0
no_social,12,domestic_only,simultaneous,d_only,0,77,0.0
no_social,12,domestic_only,simultaneous,e_only,0,77,0.0
no_social,12,domestic_only,simultaneous,simultaneous,0,77,0.0
no_social,12,domestic_only,simultaneous,d_to_e,0,77,0.0
no_social,12,domestic_only,simultaneous,e_to_d,0,77,0.0
no_social,12,domestic_only,d_to_e,none,0,77,0.0
no_social,12,domestic_only,d_to_e,d_only,0,77,0.0
no_social,12,domestic_only,d_to_e,e_only,0,77,0.0
no_social,12,domestic_only,d_to_e,simultaneous,0,77,0.0
no_social,12,domestic_only,d_to_e,d_to_e,0,77,0.0
no_social,12,domestic_only,d_to_e,e_to_d,0,77,0.0
no_social,12,domestic_only,e_to_d,none,0,77,0.0
no_social,12,domestic_only,e_to_d,d_only,0,77,0.0
no_social,12,domestic_only,e_to_d,e_only,0,77,0.0
no_social,12,domestic_only,e_to_d,simultaneous,0,77,0.0
no_social,12,domestic_only,e_to_d,d_to_e,0,77,0.0
no_social,12,domestic_only,e_to_d,e_to_d,0,77,0.0
no_social,12,customer_only,none,none,0,77,0.0
no_social,12,customer_only,none,d_only,27,77,0.35064935064935066
no_social,12,customer_only,none,e_only,0,77,0.0
no_social,12,customer_only,none,simultaneous,0,77,0.0
no_social,12,customer_only,none,d_to_e,0,77,0.0
no_social,12,customer_only,none,e_to_d,0,77,0.0
no_social,12,customer_only,d_only,none,0,77,0.0
no_social,12,customer_only,d_only,d_only,0,77,0.0
no_social,12,customer_only,d_only,e_only,0,77,0.0
no_social,12,customer_only,d_only,simultaneous,0,77,0.0
no_social,12,customer_only,d_only,d_to_e,0,77,0.0
no_social,12,customer_only,d_only,e_to_d,0,77,0.0
no_social,12,customer_only,e_only,none,0,77,0.0
no_social,12,customer_only,e_only,d_only,19,77,0.24675324675324675
no_social,12,customer_only,e_only,e_only,1,77,0.012987012987012988
no_social,12,customer_only,e_only,simultaneous,6,77,0.07792207792207792
no_social,12,customer_only,e_only,d_to_e,18,77,0.23376623376623376
no_social,12,customer_only,e_only,e_to_d,6,77,0.07792207792207792
no_social,12,customer_only,simultaneous,none,0,77,0.0
no_social,12,customer_only,simultaneous,d_only,0,77,0.0
no_social,12,customer_only,simultaneous,e_only,0,77,0.0
no_social,12,customer_only,simultaneous,simultaneous,0,77,0.0
no_social,12,customer_only,simultaneous,d_to_e,0,77,0.0
no_social,12,customer_only,simultaneous,e_to_d,0,77,0.0
no_social,12,customer_only,d_to_e,none,0,77,0.0
no_social,12,customer_only,d_to_e,d_only,0,77,0.0
no_social,12,customer_only,d_to_e,e_only,0,77,0.0
no_social,12,customer_only,d_to_e,simultaneous,0,77,0.0
no_social,12,customer_only,d_to_e,d_to_e,0,77,0.0
no_social,12,customer_only,d_to_e,e_to_d,0,77,0.0
no_social,12,customer_only,e_to_d,none,0,77,0.0
no_social,12,customer_only,e_to_d,d_only,0,77,0.0
no_social,12,customer_only,e_to_d,e_only,0,77,0.0
no_social,12,customer_only,e_to_d,simultaneous,0,77,0.0
no_social,12,customer_only,e_to_d,d_to_e,0,77,0.0
no_social,12,customer_only,e_to_d,e_to_d,0,77,0.0
no_social,13,domestic_only,none,none,0,88,0.0
no_social,13,domestic_only,none,d_only,0,88,0.0
no_social,13,domestic_only,none,e_only,0,88,0.0
no_social,13,domestic_only,none,simultaneous,0,88,0.0
no_social,13,domestic_only,none,d_to_e,0,88,0.0
no_social,13,domestic_only,none,e_to_d,0,88,0.0
no_social,13,domestic_only,d_only,none,0,88,0.0
no_social,13,domestic_only,d_only,d_only,46,88,0.5227272727272727
no_social,13,domestic_only,d_only,e_only,6,88,0.06818181818181818
no_social,13,domestic_only,d_only,simultaneous,4,88,0.045454545454545456
no_social,13,domestic_only,d_only,d_to_e,26,88,0.29545454545454547
no_social,13,domestic_only,d_only,e_to_d,6,88,0.06818181818181818
no_social,13,domestic_only,e_only,none,0,88,0.0
no_social,13,domestic_only,e_only,d_only,0,88,0.0
no_social,13,domestic_only,e_only,e_only,0,88,0.0
no_social,13,domestic_only,e_only,simultaneous,0,88,0.0
no_social,13,domestic_only,e_only,d_to_e,0,88,0.0
no_social,13,domestic_only,e_only,e_to_d,0,88,0.0
no_social,13,domestic_only,simultaneous,none,0,88,0.0
no_social,13,domestic_only,simultaneous,d_only,0,88,0.0
no_social,13,domestic_only,simultaneous,e_only,0,88,0.0
no_social,13,domestic_only,simultaneous,simultaneous,0,88,0.0
no_social,13,domestic_only,simultaneous,d_to_e,0,88,0.0
no_social,13,domestic_only,simultaneous,e_to_d,0,88,0.0
no_social,13,domestic_only,d_to_e,none,0,88,0.0
no_social,13,domestic_only,d_to_e,d_only,0,88,0.0
no_social,13,domestic_only,d_to_e,e_only,0,88,0.0
no_social,13,domestic_only,d_to_e,simultaneous,0,88,0.0
no_social,13,domestic_only,d_to_e,d_to_e,0,88,0.0
no_social,13,domestic_only,d_to_e,e_to_d,0,88,0.0
no_social,13,domestic_only,e_to_d,none,0,88,0.0
no_social,13,domestic_only,e_to_d,d_only,0,88,0.0
no_social,13,domestic_only,e_to_d,e_only,0,88,0.0
no_social,13,domestic_only,e_to_d,simultaneous,0,88,0.0
no_social,13,domestic_only,e_to_d,d_to_e,0,88,0.0
no_social,13,domestic_only,e_to_d,e_to_d,0,88,0.0
no_social,13,customer_only,none,none,0,88,0.0
no_social,13,customer_only,none,d_only,28,88,0.3181818181818182
no_social,13,customer_only,none,e_only,0,88,0.0
no_social,13,customer_only,none,simultaneous,0,88,0.0
no_social,13,customer_only,none,d_to_e,0,88,0.0
no_social,13,customer_only,none,e_to_d,0,88,0.0
no_social,13,customer_only,d_only,none,0,88,0.0
no_social,13,customer_only,d_only,d_only,0,88,0.0
no_social,13,customer_only,d_only,e_only,0,88,0.0
no_social,13,customer_only,d_only,simultaneous,0,88,0.0
no_social,13,customer_only,d_only,d_to_e,0,88,0.0
no_social,13,customer_only,d_only,e_to_d,0,88,0.0
no_social,13,customer_only,e_only,none,0,88,0.0
no_social,13,customer_only,e_only,d_only,18,88,0.20454545454545456
no_social,13,customer_only,e_only,e_only,6,88,0.06818181818181818
no_social,13,customer_only,e_only,simultaneous,4,88,0.045454545454545456
no_social,13,customer_only,e_only,d_to_e,26,88,0.29545454545454547
no_social,13,customer_only,e_only,e_to_d,6,88,0.06818181818181818
no_social,13,customer_only,simultaneous,none,0,88,0.0
no_social,13,customer_only,simultaneous,d_only,0,88,0.0
no_social,13,customer_only,simultaneous,e_only,0,88,0.0
no_social,13,customer_only,simultaneous,simultaneous,0,88,0.0
no_social,13,customer_only,simultaneous,d_to_e,0,88,0.0
no_social,13,customer_only,simultaneous,e_to_d,0,88,0.0
no_social,13,customer_only,d_to_e,none,0,88,0.0
no_social,13,customer_only,d_to_e,d_only,0,88,0.0
no_social,13,customer_only,d_to_e,e_only,0,88,0.0
no_social,13,customer_only,d_to_e,simultaneous,0,88,0.0
no_social,13,customer_only,d_to_e,d_to_e,0,88,0.0
no_social,13,customer_only,d_to_e,e_to_d,0,88,0.0
no_social,13,customer_only,e_to_d,none,0,88,0.0
no_social,13,customer_only,e_to_d,d_only,0,88,0.0
no_social,13,customer_only,e_to_d,e_only,0,88,0.0
no_social,13,customer_only,e_to_d,simultaneous,0,88,0.0
no_social,13,customer_only,e_to_d,d_to_e,0,88,0.0
no_social,13,customer_only,e_to_d,e_to_d,0,88,0.0
no_social,14,domestic_only,none,none,0,69,0.0
no_social,14,domestic_only,none,d_only,0,69,0.0
no_social,14,domestic_only,none,e_only,0,69,0.0
no_social,14,domestic_only,none,simultaneous,0,69,0.0
no_social,14,domestic_only,none,d_to_e,0,69,0.0
no_social,14,domestic_only,none,e_to_d,0,69,0.0
no_social,14,domestic_only,d_only,none,0,69,0.0
no_social,14,domestic_only,d_only,d_only,42,69,0.6086956521739131
no_social,14,domestic_only,d_only,e_only,2,69,0.028985507246376812
no_social,14,domestic_only,d_only,simultaneous,4,69,0.057971014492753624
no_social,14,domestic_only,d_only,d_to_e,17,69,0.2463768115942029
no_social,14,domestic_only,d_only,e_to_d,4,69,0.057971014492753624
no_social,14,domestic_only,e_only,none,0,69,0.0
no_social,14,domestic_only,e_only,d_only,0,69,0.0
no_social,14,domestic_only,e_only,e_only,0,69,0.0
no_social,14,domestic_only,e_only,simultaneous,0,69,0.0
no_social,14,domestic_only,e_only,d_to_e,0,69,0.0
no_social,14,domestic_only,e_only,e_to_d,0,69,0.0
no_social,14,domestic_only,simultaneous,none,0,69,0.0
no_social,14,domestic_only,simultaneous,d_only,0,69,0.0
no_social,14,domestic_only,simultaneous,e_only,0,69,0.0
no_social,14,domestic_only,simultaneous,simultaneous,0,69,0.0
no_social,14,domestic_only,simultaneous,d_to_e,0,69,0.0
no_social,14,domestic_only,simultaneous,e_to_d,0,69,0.0
no_social,14,domestic_only,d_to_e,none,0,69,0.0
no_social,14,domestic_only,d_to_e,d_only,0,69,0.0
no_social,14,domestic_only,d_to_e,e_only,0,69,0.0
no_social,14,domestic_only,d_to_e,simultaneous,0,69,0.0
no_social,14,domestic_only,d_to_e,d_to_e,0,69,0.0
no_social,14,domestic_only,d_to_e,e_to_d,0,69,0.0
no_social,14,domestic_only,e_to_d,none,0,69,0.0
no_social,14,domestic_only,e_to_d,d_only,0,69,0.0
no_social,14,domestic_only,e_to_d,e_only,0,69,0.0
no_social,14,domestic_only,e_to_d,simultaneous,0,69,0.0
no_social,14,domestic_only,e_to_d,d_to_e,0,69,0.0
no_social,14,domestic_only,e_to_d,e_to_d,0,69,0.0
no_social,14,customer_only,none,none,0,69,0.0
no_social,14,customer_only,none,d_only,28,69,0.4057971014492754
no_social,14,customer_only,none,e_only,0,69,0.0
no_social,14,customer_only,none,simultaneous,0,69,0.0
no_social,14,customer_only,none,d_to_e,0,69,0.0
no_social,14,customer_only,none,e_to_d,0,69,0.0
no_social,14,customer_only,d_only,none,0,69,0.0
no_social,14,customer_only,d_only,d_only,0,69,0.0
no_social,14,customer_only,d_only,e_only,0,69,0.0
no_social,14,customer_only,d_only,simultaneous,0,69,0.0
no_social,14,customer_only,d_only,d_to_e,0,69,0.0
no_social,14,customer_only,d_only,e_to_d,0,69,0.0
no_social,14,customer_only,e_only,none,0,69,0.0
no_social,14,customer_only,e_only,d_only,14,69,0.2028985507246377
no_social,14,customer_only,e_only,e_only,2,69,0.028985507246376812
no_social,14,customer_only,e_only,simultaneous,4,69,0.057971014492753624
no_social,14,customer_only,e_only,d_to_e,17,69,0.2463768115942029
no_social,14,customer_only,e_only,e_to_d,4,69,0.057971014492753624
no_social,14,customer_only,simultaneous,none,0,69,0.0
no_social,14,customer_only,simultaneous,d_only,0,69,0.0
no_social,14,customer_only,simultaneous,e_only,0,69,0.0
no_social,14,customer_only,simultaneous,simultaneous,0,69,0.0
no_social,14,customer_only,simultaneous,d_to_e,0,69,0.0
no_social,14,customer_only,simultaneous,e_to_d,0,69,0.0
no_social,14,customer_only,d_to_e,none,0,69,0.0
no_social,14,customer_only,d_to_e,d_only,0,69,0.0
no_social,14,customer_only,d_to_e,e_only,0,69,0.0
no_social,14,customer_only,d_to_e,simultaneous,0,69,0.0
no_social,14,customer_only,d_to_e,d_to_e,0,69,0.0
no_social,14,customer_only,d_to_e,e_to_d,0,69,0.0
no_social,14,customer_only,e_to_d,none,0,69,0.0
no_social,14,customer_only,e_to_d,d_only,0,69,0.0
no_social,14,customer_only,e_to_d,e_only,0,69,0.0
no_social,14,customer_only,e_to_d,simultaneous,0,69,0.0
no_social,14,customer_only,e_to_d,d_to_e,0,69,0.0
no_social,14,customer_only,e_to_d,e_to_d,0,69,0.0
no_social,15,domestic_only,none,none,0,78,0.0
no_social,15,domestic_only,none,d_only,0,78,0.0
no_social,15,domestic_only,none,e_only,0,78,0.0
no_social,15,domestic_only,none,simultaneous,0,78,0.0
no_social,15,domestic_only,none,d_to_e,0,78,0.0
no_social,15,domestic_only,none,e_to_d,0,78,0.0
no_social,15,domestic_only,d_only,none,0,78,0.0
no_social,15,domestic_only,d_only,d_only,35,78,0.44871794871794873
no_social,15,domestic_only,d_only,e_only,2,78,0.02564102564102564
no_social,15,domestic_only,d_only,simultaneous,8,78,0.10256410256410256
no_social,15,domestic_only,d_only,d_to_e,29,78,0.3717948717948718
no_social,15,domestic_only,d_only,e_to_d,4,78,0.05128205128205128
no_social,15,domestic_only,e_only,none,0,78,0.0
no_social,15,domestic_only,e_only,d_only,0,78,0.0
no_social,15,domestic_only,e_only,e_only,0,78,0.0
no_social,15,domestic_only,e_only,simultaneous,0,78,0.0
no_social,15,domestic_only,e_only,d_to_e,0,78,0.0
no_social,15,domestic_only,e_only,e_to_d,0,78,0.0
no_social,15,domestic_only,simultaneous,none,0,78,0.0
no_social,15,domestic_only,simultaneous,d_only,0,78,0.0
no_social,15,domestic_only,simultaneous,e_only,0,78,0.0
no_social,15,domestic_only,simultaneous,simultaneous,0,78,0.0
no_social,15,domestic_only,simultaneous,d_to_e,0,78,0.0
no_social,15,domestic_only,simultaneous,e_to_d,0,78,0.0
no_social,15,domestic_only,d_to_e,none,0,78,0.0
no_social,15,domestic_only,d_to_e,d_only,0,78,0.0
no_social,15,domestic_only,d_to_e,e_only,0,78,0.0
no_social,15,domestic_only,d_to_e,simultaneous,0,78,0.0
no_social,15,domestic_only,d_to_e,d_to_e,0,78,0.0
no_social,15,domestic_only,d_to_e,e_to_d,0,78,0.0
no_social,15,domestic_only,e_to_d,none,0,78,0.0
no_social,15,domestic_only,e_to_d,d_only,0,78,0.0
no_social,15,domestic_only,e_to_d,e_only,0,78,0.0
no_social,15,domestic_only,e_to_d,simultaneous,0,78,0.0
no_social,15,domestic_only,e_to_d,d_to_e,0,78,0.0
no_social,15,domestic_only,e_to_d,e_to_d,0,78,0.0
no_social,15,customer_only,none,none,0,78,0.0
no_social,15,customer_only,none,d_only,23,78,0.2948717948717949
no_social,15,customer_only,none,e_only,0,78,0.0
no_social,15,customer_only,none,simultaneous,0,78,0.0
no_social,15,customer_only,none,d_to_e,0,78,0.0
no_social,15,customer_only,none,e_to_d,0,78,0.0
no_social,15,customer_only,d_only,none,0,78,0.0
no_social,15,customer_only,d_only,d_only,0,78,0.0
no_social,15,customer_only,d_only,e_only,0,78,0.0
no_social,15,customer_only,d_only,simultaneous,0,78,0.0
no_social,15,customer_only,d_only,d_to_e,0,78,0.0
no_social,15,customer_only,d_only,e_to_d,0,78,0.0
no_social,15,customer_only,e_only,none,0,78,0.0
no_social,15,customer_only,e_only,d_only,12,78,0.15384615384615385
no_social,15,customer_only,e_only,e_only,2,78,0.02564102564102564
no_social,15,customer_only,e_only,simultaneous,8,78,0.10256410256410256
no_social,15,customer_only,e_only,d_to_e,29,78,0.3717948717948718
no_social,15,customer_only,e_only,e_to_d,4,78,0.05128205128205128
no_social,15,customer_only,simultaneous,none,0,78,0.0
no_social,15,customer_only,simultaneous,d_only,0,78,0.0
no_social,15,customer_only,simultaneous,e_only,0,78,0.0
no_social,15,customer_only,simultaneous,simultaneous,0,78,0.0
no_social,15,customer_only,simultaneous,d_to_e,0,78,0.0
no_social,15,customer_only,simultaneous,e_to_d,0,78,0.0
no_social,15,customer_only,d_to_e,none,0,78,0.0
no_social,15,customer_only,d_to_e,d_only,0,78,0.0
no_social,15,customer_only,d_to_e,e_only,0,78,0.0
no_social,15,customer_only,d_to_e,simultaneous,0,78,0.0
no_social,15,customer_only,d_to_e,d_to_e,0,78,0.0
no_social,15,customer_only,d_to_e,e_to_d,0,78,0.0
no_social,15,customer_only,e_to_d,none,0,78,0.0
no_social,15,customer_only,e_to_d,d_only,0,78,0.0
no_social,15,customer_only,e_to_d,e_only,0,78,0.0
no_social,15,customer_only,e_to_d,simultaneous,0,78,0.0
no_social,15,customer_only,e_to_d,d_to_e,0,78,0.0
no_social,15,customer_only,e_to_d,e_to_d,0,78,0.0
no_social,16,domestic_only,none,none,0,81,0.0
no_social,16,domestic_only,none,d_only,0,81,0.0
no_social,16,domestic_only,none,e_only,0,81,0.0
no_social,16,domestic_only,none,simultaneous,0,81,0.0
no_social,16,domestic_only,none,d_to_e,0,81,0.0
no_social,16,domestic_only,none,e_to_d,0,81,0.0
no_social,16,domestic_only,d_only,none,0,81,0.0
no_social,16,domestic_only,d_only,d_only,54,81,0.6666666666666666
no_social,16,domestic_only,d_only,e_only,1,81,0.012345679012345678
no_social,16,domestic_only,d_only,simultaneous,0,81,0.0
no_social,16,domestic_only,d_only,d_to_e,21,81,0.25925925925925924
no_social,16,domestic_only,d_only,e_to_d,5,81,0.06172839506172839
no_social,16,domestic_only,e_only,none,0,81,0.0
no_social,16,domestic_only,e_only,d_only,0,81,0.0
no_social,16,domestic_only,e_only,e_only,0,81,0.0
no_social,16,domestic_only,e_only,simultaneous,0,81,0.0
no_social,16,domestic_only,e_only,d_to_e,0,81,0.0
no_social,16,domestic_only,e_only,e_to_d,0,81,0.0
no_social,16,domestic_only,simultaneous,none,0,81,0.0
no_social,16,domestic_only,simultaneous,d_only,0,81,0.0
no_social,16,domestic_only,simultaneous,e_only,0,81,0.0
no_social,16,domestic_only,simultaneous,simultaneous,0,81,0.0
no_social,16,domestic_only,simultaneous,d_to_e,0,81,0.0
no_social,16,domestic_only,simultaneous,e_to_d,0,81,0.0
no_social,16,domestic_only,d_to_e,none,0,81,0.0
no_social,16,domestic_only,d_to_e,d_only,0,81,0.0
no_social,16,domestic_only,d_to_e,e_only,0,81,0.0
no_social,16,domestic_only,d_to_e,simultaneous,0,81,0.0
no_social,16,domestic_only,d_to_e,d_to_e,0,81,0.0
no_social,16,domestic_only,d_to_e,e_to_d,0,81,0.0
no_social,16,domestic_only,e_to_d,none,0,81,0.0
no_social,16,domestic_only,e_to_d,d_only,0,81,0.0
no_social,16,domestic_only,e_to_d,e_only,0,81,0.0
no_social,16,domestic_only,e_to_d,simultaneous,0,81,0.0
no_social,16,domestic_only,e_to_d,d_to_e,0,81,0.0
no_social,16,domestic_only,e_to_d,e_to_d,0,81,0.0
no_social,16,customer_only,none,none,0,81,0.0
no_social,16,customer_only,none,d_only,45,81,0.5555555555555556
no_social,16,customer_only,none,e_only,0,81,0.0
no_social,16,customer_only,none,simultaneous,0,81,0.0
no_social,16,customer_only,none,d_to_e,0,81,0.0
no_social,16,customer_only,none,e_to_d,0,81,0.0
no_social,16,customer_only,d_only,none,0,81,0.0
no_social,16,customer_only,d_only,d_only,0,81,0.0
no_social,16,customer_only,d_only,e_only,0,81,0.0
no_social,16,customer_only,d_only,simultaneous,0,81,0.0
no_social,16,customer_only,d_only,d_to_e,0,81,0.0
no_social,16,customer_only,d_only,e_to_d,0,81,0.0
no_social,16,customer_only,e_only,none,0,81,0.0
no_social,16,customer_only,e_only,d_only,9,81,0.1111111111111111
no_social,16,customer_only,e_only,e_only,1,81,0.012345679012345678
no_social,16,customer_only,e_only,simultaneous,0,81,0.0
no_social,16,customer_only,e_only,d_to_e,21,81,0.25925925925925924
no_social,16,customer_only,e_only,e_to_d,5,81,0.06172839506172839
no_social,16,customer_only,simultaneous,none,0,81,0.0
no_social,16,customer_only,simultaneous,d_only,0,81,0.0
no_social,16,customer_only,simultaneous,e_only,0,81,0.0
no_social,16,customer_only,simultaneous,simultaneous,0,81,0.0
no_social,16,customer_only,simultaneous,d_to_e,0,81,0.0
no_social,16,customer_only,simultaneous,e_to_d,0,81,0.0
no_social,16,customer_only,d_to_e,none,0,81,0.0
no_social,16,customer_only,d_to_e,d_only,0,81,0.0
no_social,16,customer_only,d_to_e,e_only,0,81,0.0
no_social,16,customer_only,d_to_e,simultaneous,0,81,0.0
no_social,16,customer_only,d_to_e,d_to_e,0,81,0.0
no_social,16,customer_only,d_to_e,e_to_d,0,81,0.0
no_social,16,customer_only,e_to_d,none,0,81,0.0
no_social,16,customer_only,e_to_d,d_only,0,81,0.0
no_social,16,customer_only,e_to_d,e_only,0,81,0.0
no_social,16,customer_only,e_to_d,simultaneous,0,81,0.0
no_social,16,customer_only,e_to_d,d_to_e,0,81,0.0
no_social,16,customer_only,e_to_d,e_to_d,0,81,0.0
no_social,17,domestic_only,none,none,0,85,0.0
no_social,17,domestic_only,none,d_only,0,85,0.0
no_social,17,domestic_only,none,e_only,0,85,0.0
no_social,17,domestic_only,none,simultaneous,0,85,0.0
no_social,17,domestic_only,none,d_to_e,0,85,0.0
no_social,17,domestic_only,none,e_to_d,0,85,0.0
no_social,17,domestic_only,d_only,none,0,85,0.0
no_social,17,domestic_only,d_only,d_only,51,85,0.6
no_social,17,domestic_only,d_only,e_only,1,85,0.011764705882352941
no_social,17,domestic_only,d_only,simultaneous,3,85,0.03529411764705882
no_social,17,domestic_only,d_only,d_to_e,20,85,0.23529411764705882
no_social,17,domestic_only,d_only,e_to_d,10,85,0.11764705882352941
no_social,17,domestic_only,e_only,none,0,85,0.0
no_social,17,domestic_only,e_only,d_only,0,85,0.0
no_social,17,domestic_only,e_only,e_only,0,85,0.0
no_social,17,domestic_only,e_only,simultaneous,0,85,0.0
no_social,17,domestic_only,e_only,d_to_e,0,85,0.0
no_social,17,domestic_only,e_only,e_to_d,0,85,0.0
no_social,17,domestic_only,simultaneous,none,0,85,0.0
no_social,17,domestic_only,simultaneous,d_only,0,85,0.0
no_social,17,domestic_only,simultaneous,e_only,0,85,0.0
no_social,17,domestic_only,simultaneous,simultaneous,0,85,0.0
no_social,17,domestic_only,simultaneous,d_to_e,0,85,0.0
no_social,17,domestic_only,simultaneous,e_to_d,0,85,0.0
no_social,17,domestic_only,d_to_e,none,0,85,0.0
no_social,17,domestic_only,d_to_e,d_only,0,85,0.0
no_social,17,domestic_only,d_to_e,e_only,0,85,0.0
no_social,17,domestic_only,d_to_e,simultaneous,0,85,0.0
no_social,17,domestic_only,d_to_e,d_to_e,0,85,0.0
no_social,17,domestic_only,d_to_e,e_to_d,0,85,0.0
no_social,17,domestic_only,e_to_d,none,0,85,0.0
no_social,17,domestic_only,e_to_d,d_only,0,85,0.0
no_social,17,domestic_only,e_to_d,e_only,0,85,0.0
no_social,17,domestic_only,e_to_d,simultaneous,0,85,0.0
no_social,17,domestic_only,e_to_d,d_to_e,0,85,0.0
no_social,17,domestic_only,e_to_d,e_to_d,0,85,0.0
no_social,17,customer_only,none,none,0,85,0.0
no_social,17,customer_only,none,d_only,42,85,0.49411764705882355
no_social,17,customer_only,none,e_only,0,85,0.0
no_social,17,customer_only,none,simultaneous,0,85,0.0
no_social,17,customer_only,none,d_to_e,0,85,0.0
no_social,17,customer_only,none,e_to_d,0,85,0.0
no_social,17,customer_only,d_only,none,0,85,0.0
no_social,17,customer_only,d_only,d_only,0,85,0.0
no_social,17,customer_only,d_only,e_only,0,85,0.0
no_social,17,customer_only,d_only,simultaneous,0,85,0.0
no_social,17,customer_only,d_only,d_to_e,0,85,0.0
no_social,17,customer_only,d_only,e_to_d,0,85,0.0
no_social,17,customer_only,e_only,none,0,85,0.0
no_social,17,customer_only,e_only,d_only,9,85,0.10588235294117647
no_social,17,customer_only,e_only,e_only,1,85,0.011764705882352941
no_social,17,customer_only,e_only,simultaneous,3,85,0.03529411764705882
no_social,17,customer_only,e_only,d_to_e,20,85,0.23529411764705882
no_social,17,customer_only,e_only,e_to_d,10,85,0.11764705882352941
no_social,17,customer_only,simultaneous,none,0,85,0.0
no_social,17,customer_only,simultaneous,d_only,0,85,0.0
no_social,17,customer_only,simultaneous,e_only,0,85,0.0
no_social,17,customer_only,simultaneous,simultaneous,0,85,0.0
no_social,17,customer_only,simultaneous,d_to_e,0,85,0.0
no_social,17,customer_only,simultaneous,e_to_d,0,85,0.0
no_social,17,customer_only,d_to_e,none,0,85,0.0
no_social,17,customer_only,d_to_e,d_only,0,85,0.0
no_social,17,customer_only,d_to_e,e_only,0,85,0.0
no_social,17,customer_only,d_to_e,simultaneous,0,85,0.0
no_social,17,customer_only,d_to_e,d_to_e,0,85,0.0
no_social,17,customer_only,d_to_e,e_to_d,0,85,0.0
no_social,17,customer_only,e_to_d,none,0,85,0.0
no_social,17,customer_only,e_to_d,d_only,0,85,0.0
no_social,17,customer_only,e_to_d,e_only,0,85,0.0
no_social,17,customer_only,e_to_d,simultaneous,0,85,0.0
no_social,17,customer_only,e_to_d,d_to_e,0,85,0.0
no_social,17,customer_only,e_to_d,e_to_d,0,85,0.0
no_social,18,domestic_only,none,none,0,71,0.0
no_social,18,domestic_only,none,d_only,0,71,0.0
no_social,18,domestic_only,none,e_only,0,71,0.0
no_social,18,domestic_only,none,simultaneous,0,71,0.0
no_social,18,domestic_only,none,d_to_e,0,71,0.0
no_social,18,domestic_only,none,e_to_d,0,71,0.0
no_social,18,domestic_only,d_only,none,0,71,0.0
no_social,18,domestic_only,d_only,d_only,30,71,0.4225352112676056
no_social,18,domestic_only,d_only,e_only,1,71,0.014084507042253521
no_social,18,domestic_only,d_only,simultaneous,6,71,0.08450704225352113
no_social,18,domestic_only,d_only,d_to_e,28,71,0.39436619718309857
no_social,18,domestic_only,d_only,e_to_d,6,71,0.08450704225352113
no_social,18,domestic_only,e_only,none,0,71,0.0
no_social,18,domestic_only,e_only,d_only,0,71,0.0
no_social,18,domestic_only,e_only,e_only,0,71,0.0
no_social,18,domestic_only,e_only,simultaneous,0,71,0.0
no_social,18,domestic_only,e_only,d_to_e,0,71,0.0
no_social,18,domestic_only,e_only,e_to_d,0,71,0.0
no_social,18,domestic_only,simultaneous,none,0,71,0.0
no_social,18,domestic_only,simultaneous,d_only,0,71,0.0
no_social,18,domestic_only,simultaneous,e_only,0,71,0.0
no_social,18,domestic_only,simultaneous,simultaneous,0,71,0.0
no_social,18,domestic_only,simultaneous,d_to_e,0,71,0.0
no_social,18,domestic_only,simultaneous,e_to_d,0,71,0.0
no_social,18,domestic_only,d_to_e,none,0,71,0.0
no_social,18,domestic_only,d_to_e,d_only,0,71,0.0
no_social,18,domestic_only,d_to_e,e_only,0,71,0.0
no_social,18,domestic_only,d_to_e,simultaneous,0,71,0.0
no_social,18,domestic_only,d_to_e,d_to_e,0,71,0.0
no_social,18,domestic_only,d_to_e,e_to_d,0,71,0.0
no_social,18,domestic_only,e_to_d,none,0,71,0.0
no_social,18,domestic_only,e_to_d,d_only,0,71,0.0
no_social,18,domestic_only,e_to_d,e_only,0,71,0.0
no_social,18,domestic_only,e_to_d,simultaneous,0,71,0.0
no_social,18,domestic_only,e_to_d,d_to_e,0,71,0.0
no_social,18,domestic_only,e_to_d,e_to_d,0,71,0.0
no_social,18,customer_only,none,none,0,71,0.0
no_social,18,customer_only,none,d_only,18,71,0.2535211267605634
no_social,18,customer_only,none,e_only,0,71,0.0
no_social,18,customer_only,none,simultaneous,0,71,0.0
no_social,18,customer_only,none,d_to_e,0,71,0.0
no_social,18,customer_only,none,e_to_d,0,71,0.0
no_social,18,customer_only,d_only,none,0,71,0.0
no_social,18,customer_only,d_only,d_only,0,71,0.0
no_social,18,customer_only,d_only,e_only,0,71,0.0
no_social,18,customer_only,d_only,simultaneous,0,71,0.0
no_social,18,customer_only,d_only,d_to_e,0,71,0.0
no_social,18,customer_only,d_only,e_to_d,0,71,0.0
no_social,18,customer_only,e_only,none,0,71,0.0
no_social,18,customer_only,e_only,d_only,12,71,0.16901408450704225
no_social,18,customer_only,e_only,e_only,1,71,0.014084507042253521
no_social,18,customer_only,e_only,simultaneous,6,71,0.08450704225352113
no_social,18,customer_only,e_only,d_to_e,28,71,0.39436619718309857
no_social,18,customer_only,e_only,e_to_d,6,71,0.08450704225352113
no_social,18,customer_only,simultaneous,none,0,71,0.0
no_social,18,customer_only,simultaneous,d_only,0,71,0.0
no_social,18,customer_only,simultaneous,e_only,0,71,0.0
no_social,18,customer_only,simultaneous,simultaneous,0,71,0.0
no_social,18,customer_only,simultaneous,d_to_e,0,71,0.0
no_social,18,customer_only,simultaneous,e_to_d,0,71,0.0
no_social,18,customer_only,d_to_e,none,0,71,0.0
no_social,18,customer_only,d_to_e,d_only,0,71,0.0
no_social,18,customer_only,d_to_e,e_only,0,71,0.0
no_social,18,customer_only,d_to_e,simultaneous,0,71,0.0
no_social,18,customer_only,d_to_e,d_to_e,0,71,0.0
no_social,18,customer_only,d_to_e,e_to_d,0,71,0.0
no_social,18,customer_only,e_to_d,none,0,71,0.0
no_social,18,customer_only,e_to_d,d_only,0,71,0.0
no_social,18,customer_only,e_to_d,e_only,0,71,0.0
no_social,18,customer_only,e_to_d,simultaneous,0,71,0.0
no_social,18,customer_only,e_to_d,d_to_e,0,71,0.0
no_social,18,customer_only,e_to_d,e_to_d,0,71,0.0
no_social,19,domestic_only,none,none,0,75,0.0
no_social,19,domestic_only,none,d_only,0,75,0.0
no_social,19,domestic_only,none,e_only,0,75,0.0
no_social,19,domestic_only,none,simultaneous,0,75,0.0
no_social,19,domestic_only,none,d_to_e,0,75,0.0
no_social,19,domestic_only,none,e_to_d,0,75,0.0
no_social,19,domestic_only,d_only,none,0,75,0.0
no_social,19,domestic_only,d_only,d_only,38,75,0.5066666666666667
no_social,19,domestic_only,d_only,e_only,1,75,0.013333333333333334
no_social,19,domestic_only,d_only,simultaneous,8,75,0.10666666666666667
no_social,19,domestic_only,d_only,d_to_e,24,75,0.32
no_social,19,domestic_only,d_only,e_to_d,4,75,0.05333333333333334
no_social,19,domestic_only,e_only,none,0,75,0.0
no_social,19,domestic_only,e_only,d_only,0,75,0.0
no_social,19,domestic_only,e_only,e_only,0,75,0.0
no_social,19,domestic_only,e_only,simultaneous,0,75,0.0
no_social,19,domestic_only,e_only,d_to_e,0,75,0.0
no_social,19,domestic_only,e_only,e_to_d,0,75,0.0
no_social,19,domestic_only,simultaneous,none,0,75,0.0
no_social,19,domestic_only,simultaneous,d_only,0,75,0.0
no_social,19,domestic_only,simultaneous,e_only,0,75,0.0
no_social,19,domestic_only,simultaneous,simultaneous,0,75,0.0
no_social,19,domestic_only,simultaneous,d_to_e,0,75,0.0
no_social,19,domestic_only,simultaneous,e_to_d,0,75,0.0
no_social,19,domestic_only,d_to_e,none,0,75,0.0
no_social,19,domestic_only,d_to_e,d_only,0,75,0.0
no_social,19,domestic_only,d_to_e,e_only,0,75,0.0
no_social,19,domestic_only,d_to_e,simultaneous,0,75,0.0
no_social,19,domestic_only,d_to_e,d_to_e,0,75,0.0
no_social,19,domestic_only,d_to_e,e_to_d,0,75,0.0
no_social,19,domestic_only,e_to_d,none,0,75,0.0
no_social,19,domestic_only,e_to_d,d_only,0,75,0.0
no_social,19,domestic_only,e_to_d,e_only,0,75,0.0
no_social,19,domestic_only,e_to_d,simultaneous,0,75,0.0
no_social,19,domestic_only,e_to_d,d_to_e,0,75,0.0
no_social,19,domestic_only,e_to_d,e_to_d,0,75,0.0
no_social,19,customer_only,none,none,0,75,0.0
no_social,19,customer_only,none,d_only,21,75,0.28
no_social,19,customer_only,none,e_only,0,75,0.0
no_social,19,customer_only,none,simultaneous,0,75,0.0
no_social,19,customer_only,none,d_to_e,0,75,0.0
no_social,19,customer_only,none,e_to_d,0,75,0.0
no_social,19,customer_only,d_only,none,0,75,0.0
no_social,19,customer_only,d_only,d_only,0,75,0.0
no_social,19,customer_only,d_only,e_only,0,75,0.0
no_social,19,customer_only,d_only,simultaneous,0,75,0.0
no_social,19,customer_only,d_only,d_to_e,0,75,0.0
no_social,19,customer_only,d_only,e_to_d,0,75,0.0
no_social,19,customer_only,e_only,none,0,75,0.0
no_social,19,customer_only,e_only,d_only,17,75,0.22666666666666666
no_social,19,customer_only,e_only,e_only,1,75,0.013333333333333334
no_social,19,customer_only,e_only,simultaneous,8,75,0.10666666666666667
no_social,19,customer_only,e_only,d_to_e,24,75,0.32
no_social,19,customer_only,e_only,e_to_d,4,75,0.05333333333333334
no_social,19,customer_only,simultaneous,none,0,75,0.0
no_social,19,customer_only,simultaneous,d_only,0,75,0.0
no_social,19,customer_only,simultaneous,e_only,0,75,0.0
no_social,19,customer_only,simultaneous,simultaneous,0,75,0.0
no_social,19,customer_only,simultaneous,d_to_e,0,75,0.0
no_social,19,customer_only,simultaneous,e_to_d,0,75,0.0
no_social,19,customer_only,d_to_e,none,0,75,0.0
no_social,19,customer_only,d_to_e,d_only,0,75,0.0
no_social,19,customer_only,d_to_e,e_only,0,75,0.0
no_social,19,customer_only,d_to_e,simultaneous,0,75,0.0
no_social,19,customer_only,d_to_e,d_to_e,0,75,0.0
no_social,19,customer_only,d_to_e,e_to_d,0,75,0.0
no_social,19,customer_only,e_to_d,none,0,75,0.0
no_social,19,customer_only,e_to_d,d_only,0,75,0.0
no_social,19,customer_only,e_to_d,e_only,0,75,0.0
no_social,19,customer_only,e_to_d,simultaneous,0,75,0.0
no_social,19,customer_only,e_to_d,d_to_e,0,75,0.0
no_social,19,customer_only,e_to_d,e_to_d,0,75,0.0
neither,0,domestic_only,none,none,0,69,0.0
neither,0,domestic_only,none,d_only,0,69,0.0
neither,0,domestic_only,none,e_only,0,69,0.0
neither,0,domestic_only,none,simultaneous,0,69,0.0
neither,0,domestic_only,none,d_to_e,0,69,0.0
neither,0,domestic_only,none,e_to_d,0,69,0.0
neither,0,domestic_only,d_only,none,0,69,0.0
neither,0,domestic_only,d_only,d_only,56,69,0.8115942028985508
neither,0,domestic_only,d_only,e_only,6,69,0.08695652173913043
neither,0,domestic_only,d_only,simultaneous,7,69,0.10144927536231885
neither,0,domestic_only,d_only,d_to_e,0,69,0.0
neither,0,domestic_only,d_only,e_to_d,0,69,0.0
neither,0,domestic_only,e_only,none,0,69,0.0
neither,0,domestic_only,e_only,d_only,0,69,0.0
neither,0,domestic_only,e_only,e_only,0,69,0.0
neither,0,domestic_only,e_only,simultaneous,0,69,0.0
neither,0,domestic_only,e_only,d_to_e,0,69,0.0
neither,0,domestic_only,e_only,e_to_d,0,69,0.0
neither,0,domestic_only,simultaneous,none,0,69,0.0
neither,0,domestic_only,simultaneous,d_only,0,69,0.0
neither,0,domestic_only,simultaneous,e_only,0,69,0.0
neither,0,domestic_only,simultaneous,simultaneous,0,69,0.0
neither,0,domestic_only,simultaneous,d_to_e,0,69,0.0
neither,0,domestic_only,simultaneous,e_to_d,0,69,0.0
neither,0,domestic_only,d_to_e,none,0,69,0.0
neither,0,domestic_only,d_to_e,d_only,0,69,0.0
neither,0,domestic_only,d_to_e,e_only,0,69,0.0
neither,0,domestic_only,d_to_e,simultaneous,0,69,0.0
neither,0,domestic_only,d_to_e,d_to_e,0,69,0.0
neither,0,domestic_only,d_to_e,e_to_d,0,69,0.0
neither,0,domestic_only,e_to_d,none,0,69,0.0
neither,0,domestic_only,e_to_d,d_only,0,69,0.0
neither,0,domestic_only,e_to_d,e_only,0,69,0.0
neither,0,domestic_only,e_to_d,simultaneous,0,69,0.0
neither,0,domestic_only,e_to_d,d_to_e,0,69,0.0
neither,0,domestic_only,e_to_d,e_to_d,0,69,0.0
neither,0,customer_only,none,none,0,69,0.0
neither,0,customer_only,none,d_only,17,69,0.2463768115942029
neither,0,customer_only,none,e_only,0,69,0.0
neither,0,customer_only,none,simultaneous,0,69,0.0
neither,0,customer_only,none,d_to_e,0,69,0.0
neither,0,customer_only,none,e_to_d,0,69,0.0
neither,0,customer_only,d_only,none,0,69,0.0
neither,0,customer_only,d_only,d_only,0,69,0.0
neither,0,customer_only,d_only,e_only,0,69,0.0
neither,0,customer_only,d_only,simultaneous,0,69,0.0
neither,0,customer_only,d_only,d_to_e,0,69,0.0
neither,0,customer_only,d_only,e_to_d,0,69,0.0
neither,0,customer_only,e_only,none,0,69,0.0
neither,0,customer_only,e_only,d_only,39,69,0.5652173913043478
neither,0,customer_only,e_only,e_only,6,69,0.08695652173913043
neither,0,customer_only,e_only,simultaneous,7,69,0.10144927536231885
neither,0,customer_only,e_only,d_to_e,0,69,0.0
neither,0,customer_only,e_only,e_to_d,0,69,0.0
neither,0,customer_only,simultaneous,none,0,69,0.0
neither,0,customer_only,simultaneous,d_only,0,69,0.0
neither,0,customer_only,simultaneous,e_only,0,69,0.0
neither,0,customer_only,simultaneous,simultaneous,0,69,0.0
neither,0,customer_only,simultaneous,d_to_e,0,69,0.0
neither,0,customer_only,simultaneous,e_to_d,0,69,0.0
neither,0,customer_only,d_to_e,none,0,69,0.0
neither,0,customer_only,d_to_e,d_only,0,69,0.0
neither,0,customer_only,d_to_e,e_only,0,69,0.0
neither,0,customer_only,d_to_e,simultaneous,0,69,0.0
neither,0,customer_only,d_to_e,d_to_e,0,69,0.0
neither,0,customer_only,d_to_e,e_to_d,0,69,0.0
neither,0,customer_only,e_to_d,none,0,69,0.0
neither,0,customer_only,e_to_d,d_only,0,69,0.0
neither,0,customer_only,e_to_d,e_only,0,69,0.0
neither,0,customer_only,e_to_d,simultaneous,0,69,0.0
neither,0,customer_only,e_to_d,d_to_e,0,69,0.0
neither,0,customer_only,e_to_d,e_to_d,0,69,0.0
neither,1,domestic_only,none,none,0,81,0.0
neither,1,domestic_only,none,d_only,0,81,0.0
neither,1,domestic_only,none,e_only,0,81,0.0
neither,1,domestic_only,none,simultaneous,0,81,0.0
neither,1,domestic_only,none,d_to_e,0,81,0.0
neither,1,domestic_only,none,e_to_d,0,81,0.0
neither,1,domestic_only,d_only,none,0,81,0.0
neither,1,domestic_only,d_only,d_only,64,81,0.7901234567901234
neither,1,domestic_only,d_only,e_only,3,81,0.037037037037037035
neither,1,domestic_only,d_only,simultaneous,14,81,0.1728395061728395
neither,1,domestic_only,d_only,d_to_e,0,81,0.0
neither,1,domestic_only,d_only,e_to_d,0,81,0.0
neither,1,domestic_only,e_only,none,0,81,0.0
neither,1,domestic_only,e_only,d_only,0,81,0.0
neither,1,domestic_only,e_only,e_only,0,81,0.0
neither,1,domestic_only,e_only,simultaneous,0,81,0.0
neither,1,domestic_only,e_only,d_to_e,0,81,0.0
neither,1,domestic_only,e_only,e_to_d,0,81,0.0
neither,1,domestic_only,simultaneous,none,0,81,0.0
neither,1,domestic_only,simultaneous,d_only,0,81,0.0
neither,1,domestic_only,simultaneous,e_only,0,81,0.0
neither,1,domestic_only,simultaneous,simultaneous,0,81,0.0
neither,1,domestic_only,simultaneous,d_to_e,0,81,0.0
neither,1,domestic_only,simultaneous,e_to_d,0,81,0.0
neither,1,domestic_only,d_to_e,none,0,81,0.0
neither,1,domestic_only,d_to_e,d_only,0,81,0.0
neither,1,domestic_only,d_to_e,e_only,0,81,0.0
neither,1,domestic_only,d_to_e,simultaneous,0,81,0.0
neither,1,domestic_only,d_to_e,d_to_e,0,81,0.0
neither,1,domestic_only,d_to_e,e_to_d,0,81,0.0
neither,1,domestic_only,e_to_d,none,0,81,0.0
neither,1,domestic_only,e_to_d,d_only,0,81,0.0
neither,1,domestic_only,e_to_d,e_only,0,81,0.0
neither,1,domestic_only,e_to_d,simultaneous,0,81,0.0
neither,1,domestic_only,e_to_d,d_to_e,0,81,0.0
neither,1,domestic_only,e_to_d,e_to_d,0,81,0.0
neither,1,customer_only,none,none,0,81,0.0
neither,1,customer_only,none,d_only,27,81,0.3333333333333333
neither,1,customer_only,none,e_only,0,81,0.0
neither,1,customer_only,none,simultaneous,0,81,0.0
neither,1,customer_only,none,d_to_e,0,81,0.0
neither,1,customer_only,none,e_to_d,0,81,0.0
neither,1,customer_only,d_only,none,0,81,0.0
neither,1,customer_only,d_only,d_only,0,81,0.0
neither,1,customer_only,d_only,e_only,0,81,0.0
neither,1,customer_only,d_only,simultaneous,0,81,0.0
neither,1,customer_only,d_only,d_to_e,0,81,0.0
neither,1,customer_only,d_only,e_to_d,0,81,0.0
neither,1,customer_only,e_only,none,0,81,0.0
neither,1,customer_only,e_only,d_only,37,81,0.4567901234567901
neither,1,customer_only,e_only,e_only,3,81,0.037037037037037035
neither,1,customer_only,e_only,simultaneous,14,81,0.1728395061728395
neither,1,customer_only,e_only,d_to_e,0,81,0.0
neither,1,customer_only,e_only,e_to_d,0,81,0.0
neither,1,customer_only,simultaneous,none,0,81,0.0
neither,1,customer_only,simultaneous,d_only,0,81,0.0
neither,1,customer_only,simultaneous,e_only,0,81,0.0
neither,1,customer_only,simultaneous,simultaneous,0,81,0.0
neither,1,customer_only,simultaneous,d_to_e,0,81,0.0
neither,1,customer_only,simultaneous,e_to_d,0,81,0.0
neither,1,customer_only,d_to_e,none,0,81,0.0
neither,1,customer_only,d_to_e,d_only,0,81,0.0
neither,1,customer_only,d_to_e,e_only,0,81,0.0
neither,1,customer_only,d_to_e,simultaneous,0,81,0.0
neither,1,customer_only,d_to_e,d_to_e,0,81,0.0
neither,1,customer_only,d_to_e,e_to_d,0,81,0.0
neither,1,customer_only,e_to_d,none,0,81,0.0
neither,1,customer_only,e_to_d,d_only,0,81,0.0
neither,1,customer_only,e_to_d,e_only,0,81,0.0
neither,1,customer_only,e_to_d,simultaneous,0,81,0.0
neither,1,customer_only,e_to_d,d_to_e,0,81,0.0
neither,1,customer_only,e_to_d,e_to_d,0,81,0.0
neither,2,domestic_only,none,none,0,75,0.0
neither,2,domestic_only,none,d_only,0,75,0.0
neither,2,domestic_only,none,e_only,0,75,0.0
neither,2,domestic_only,none,simultaneous,0,75,0.0
neither,2,domestic_only,none,d_to_e,0,75,0.0
neither,2,domestic_only,none,e_to_d,0,75,0.0
neither,2,domestic_only,d_only,none,0,75,0.0
neither,2,domestic_only,d_only,d_only,61,75,0.8133333333333334
neither,2,domestic_only,d_only,e_only,4,75,0.05333333333333334
neither,2,domestic_only,d_only,simultaneous,10,75,0.13333333333333333
neither,2,domestic_only,d_only,d_to_e,0,75,0.0
neither,2,domestic_only,d_only,e_to_d,0,75,0.0
neither,2,domestic_only,e_only,none,0,75,0.0
neither,2,domestic_only,e_only,d_only,0,75,0.0
neither,2,domestic_only,e_only,e_only,0,75,0.0
neither,2,domestic_only,e_only,simultaneous,0,75,0.0
neither,2,domestic_only,e_only,d_to_e,0,75,0.0
neither,2,domestic_only,e_only,e_to_d,0,75,0.0
neither,2,domestic_only,simultaneous,none,0,75,0.0
neither,2,domestic_only,simultaneous,d_only,0,75,0.0
neither,2,domestic_only,simultaneous,e_only,0,75,0.0
neither,2,domestic_only,simultaneous,simultaneous,0,75,0.0
neither,2,domestic_only,simultaneous,d_to_e,0,75,0.0
neither,2,domestic_only,simultaneous,e_to_d,0,75,0.0
neither,2,domestic_only,d_to_e,none,0,75,0.0
neither,2,domestic_only,d_to_e,d_only,0,75,0.0
neither,2,domestic_only,d_to_e,e_only,0,75,0.0
neither,2,domestic_only,d_to_e,simultaneous,0,75,0.0
neither,2,domestic_only,d_to_e,d_to_e,0,75,0.0
neither,2,domestic_only,d_to_e,e_to_d,0,75,0.0
neither,2,domestic_only,e_to_d,none,0,75,0.0
neither,2,domestic_only,e_to_d,d_only,0,75,0.0
neither,2,domestic_only,e_to_d,e_only,0,75,0.0
neither,2,domestic_only,e_to_d,simultaneous,0,75,0.0
neither,2,domestic_only,e_to_d,d_to_e,0,75,0.0
neither,2,domestic_only,e_to_d,e_to_d,0,75,0.0
neither,2,customer_only,none,none,0,75,0.0
neither,2,customer_only,none,d_only,29,75,0.38666666666666666
neither,2,customer_only,none,e_only,0,75,0.0
neither,2,customer_only,none,simultaneous,0,75,0.0
neither,2,customer_only,none,d_to_e,0,75,0.0
neither,2,customer_only,none,e_to_d,0,75,0.0
neither,2,customer_only,d_only,none,0,75,0.0
neither,2,customer_only,d_only,d_only,0,75,0.0
neither,2,customer_only,d_only,e_only,0,75,0.0
neither,2,customer_only,d_only,simultaneous,0,75,0.0
neither,2,customer_only,d_only,d_to_e,0,75,0.0
neither,2,customer_only,d_only,e_to_d,0,75,0.0
neither,2,customer_only,e_only,none,0,75,0.0
neither,2,customer_only,e_only,d_only,32,75,0.4266666666666667
neither,2,customer_only,e_only,e_only,4,75,0.05333333333333334
neither,2,customer_only,e_only,simultaneous,10,75,0.13333333333333333
neither,2,customer_only,e_only,d_to_e,0,75,0.0
neither,2,customer_only,e_only,e_to_d,0,75,0.0
neither,2,customer_only,simultaneous,none,0,75,0.0
neither,2,customer_only,simultaneous,d_only,0,75,0.0
neither,2,customer_only,simultaneous,e_only,0,75,0.0
neither,2,customer_only,simultaneous,simultaneous,0,75,0.0
neither,2,customer_only,simultaneous,d_to_e,0,75,0.0
neither,2,customer_only,simultaneous,e_to_d,0,75,0.0
neither,2,customer_only,d_to_e,none,0,75,0.0
neither,2,customer_only,d_to_e,d_only,0,75,0.0
neither,2,customer_only,d_to_e,e_only,0,75,0.0
neither,2,customer_only,d_to_e,simultaneous,0,75,0.0
neither,2,customer_only,d_to_e,d_to_e,0,75,0.0
neither,2,customer_only,d_to_e,e_to_d,0,75,0.0
neither,2,customer_only,e_to_d,none,0,75,0.0
neither,2,customer_only,e_to_d,d_only,0,75,0.0
neither,2,customer_only,e_to_d,e_only,0,75,0.0
neither,2,customer_only,e_to_d,simultaneous,0,75,0.0
neither,2,customer_only,e_to_d,d_to_e,0,75,0.0
neither,2,customer_only,e_to_d,e_to_d,0,75,0.0
neither,3,domestic_only,none,none,0,84,0.0
neither,3,domestic_only,none,d_only,0,84,0.0
neither,3,domestic_only,none,e_only,0,84,0.0
neither,3,domestic_only,none,simultaneous,0,84,0.0
neither,3,domestic_only,none,d_to_e,0,84,0.0
neither,3,domestic_only,none,e_to_d,0,84,0.0
neither,3,domestic_only,d_only,none,0,84,0.0
neither,3,domestic_only,d_only,d_only,72,84,0.8571428571428571
neither,3,domestic_only,d_only,e_only,6,84,0.07142857142857142
neither,3,domestic_only,d_only,simultaneous,6,84,0.07142857142857142
neither,3,domestic_only,d_only,d_to_e,0,84,0.0
neither,3,domestic_only,d_only,e_to_d,0,84,0.0
neither,3,domestic_only,e_only,none,0,84,0.0
neither,3,domestic_only,e_only,d_only,0,84,0.0
neither,3,domestic_only,e_only,e_only,0,84,0.0
neither,3,domestic_only,e_only,simultaneous,0,84,0.0
neither,3,domestic_only,e_only,d_to_e,0,84,0.0
neither,3,domestic_only,e_only,e_to_d,0,84,0.0
neither,3,domestic_only,simultaneous,none,0,84,0.0
neither,3,domestic_only,simultaneous,d_only,0,84,0.0
neither,3,domestic_only,simultaneous,e_only,0,84,0.0
neither,3,domestic_only,simultaneous,simultaneous,0,84,0.0
neither,3,domestic_only,simultaneous,d_to_e,0,84,0.0
neither,3,domestic_only,simultaneous,e_to_d,0,84,0.0
neither,3,domestic_only,d_to_e,none,0,84,0.0
neither,3,domestic_only,d_to_e,d_only,0,84,0.0
neither,3,domestic_only,d_to_e,e_only,0,84,0.0
neither,3,domestic_only,d_to_e,simultaneous,0,84,0.0
neither,3,domestic_only,d_to_e,d_to_e,0,84,0.0
neither,3,domestic_only,d_to_e,e_to_d,0,84,0.0
neither,3,domestic_only,e_to_d,none,0,84,0.0
neither,3,domestic_only,e_to_d,d_only,0,84,0.0
neither,3,domestic_only,e_to_d,e_only,0,84,0.0
neither,3,domestic_only,e_to_d,simultaneous,0,84,0.0
neither,3,domestic_only,e_to_d,d_to_e,0,84,0.0
neither,3,domestic_only,e_to_d,e_to_d,0,84,0.0
neither,3,customer_only,none,none,0,84,0.0
neither,3,customer_only,none,d_only,34,84,0.40476190476190477
neither,3,customer_only,none,e_only,0,84,0.0
neither,3,customer_only,none,simultaneous,0,84,0.0
neither,3,customer_only,none,d_to_e,0,84,0.0
neither,3,customer_only,none,e_to_d,0,84,0.0
neither,3,customer_only,d_only,none,0,84,0.0
neither,3,customer_only,d_only,d_only,0,84,0.0
neither,3,customer_only,d_only,e_only,0,84,0.0
neither,3,customer_only,d_only,simultaneous,0,84,0.0
neither,3,customer_only,d_only,d_to_e,0,84,0.0
neither,3,customer_only,d_only,e_to_d,0,84,0.0
neither,3,customer_only,e_only,none,0,84,0.0
neither,3,customer_only,e_only,d_only,38,84,0.4523809523809524
neither,3,customer_only,e_only,e_only,6,84,0.07142857142857142
neither,3,customer_only,e_only,simultaneous,6,84,0.07142857142857142
neither,3,customer_only,e_only,d_to_e,0,84,0.0
neither,3,customer_only,e_only,e_to_d,0,84,0.0
neither,3,customer_only,simultaneous,none,0,84,0.0
neither,3,customer_only,simultaneous,d_only,0,84,0.0
neither,3,customer_only,simultaneous,e_only,0,84,0.0
neither,3,customer_only,simultaneous,simultaneous,0,84,0.0
neither,3,customer_only,simultaneous,d_to_e,0,84,0.0
neither,3,customer_only,simultaneous,e_to_d,0,84,0.0
neither,3,customer_only,d_to_e,none,0,84,0.0
neither,3,customer_only,d_to_e,d_only,0,84,0.0
neither,3,customer_only,d_to_e,e_only,0,84,0.0
neither,3,customer_only,d_to_e,simultaneous,0,84,0.0
neither,3,customer_only,d_to_e,d_to_e,0,84,0.0
neither,3,customer_only,d_to_e,e_to_d,0,84,0.0
neither,3,customer_only,e_to_d,none,0,84,0.0
neither,3,customer_only,e_to_d,d_only,0,84,0.0
neither,3,customer_only,e_to_d,e_only,0,84,0.0
neither,3,customer_only,e_to_d,simultaneous,0,84,0.0
neither,3,customer_only,e_to_d,d_to_e,0,84,0.0
neither,3,customer_only,e_to_d,e_to_d,0,84,0.0
neither,4,domestic_only,none,none,0,82,0.0
neither,4,domestic_only,none,d_only,0,82,0.0
neither,4,domestic_only,none,e_only,0,82,0.0
neither,4,domestic_only,none,simultaneous,0,82,0.0
neither,4,domestic_only,none,d_to_e,0,82,0.0
neither,4,domestic_only,none,e_to_d,0,82,0.0
neither,4,domestic_only,d_only,none,0,82,0.0
neither,4,domestic_only,d_only,d_only,71,82,0.8658536585365854
neither,4,domestic_only,d_only,e_only,6,82,0.07317073170731707
neither,4,domestic_only,d_only,simultaneous,5,82,0.06097560975609756
neither,4,domestic_only,d_only,d_to_e,0,82,0.0
neither,4,domestic_only,d_only,e_to_d,0,82,0.0
neither,4,domestic_only,e_only,none,0,82,0.0
neither,4,domestic_only,e_only,d_only,0,82,0.0
neither,4,domestic_only,e_only,e_only,0,82,0.0
neither,4,domestic_only,e_only,simultaneous,0,82,0.0
neither,4,domestic_only,e_only,d_to_e,0,82,0.0
neither,4,domestic_only,e_only,e_to_d,0,82,0.0
neither,4,domestic_only,simultaneous,none,0,82,0.0
neither,4,domestic_only,simultaneous,d_only,0,82,0.0
neither,4,domestic_only,simultaneous,e_only,0,82,0.0
neither,4,domestic_only,simultaneous,simultaneous,0,82,0.0
neither,4,domestic_only,simultaneous,d_to_e,0,82,0.0
neither,4,domestic_only,simultaneous,e_to_d,0,82,0.0
neither,4,domestic_only,d_to_e,none,0,82,0.0
neither,4,domestic_only,d_to_e,d_only,0,82,0.0
neither,4,domestic_only,d_to_e,e_only,0,82,0.0
neither,4,domestic_only,d_to_e,simultaneous,0,82,0.0
neither,4,domestic_only,d_to_e,d_to_e,0,82,0.0
neither,4,domestic_only,d_to_e,e_to_d,0,82,0.0
neither,4,domestic_only,e_to_d,none,0,82,0.0
neither,4,domestic_only,e_to_d,d_only,0,82,0.0
neither,4,domestic_only,e_to_d,e_only,0,82,0.0
neither,4,domestic_only,e_to_d,simultaneous,0,82,0.0
neither,4,domestic_only,e_to_d,d_to_e,0,82,0.0
neither,4,domestic_only,e_to_d,e_to_d,0,82,0.0
neither,4,customer_only,none,none,0,82,0.0
neither,4,customer_only,none,d_only,46,82,0.5609756097560976
neither,4,customer_only,none,e_only,0,82,0.0
neither,4,customer_only,none,simultaneous,0,82,0.0
neither,4,customer_only,none,d_to_e,0,82,0.0
neither,4,customer_only,none,e_to_d,0,82,0.0
neither,4,customer_only,d_only,none,0,82,0.0
neither,4,customer_only,d_only,d_only,0,82,0.0
neither,4,customer_only,d_only,e_only,0,82,0.0
neither,4,customer_only,d_only,simultaneous,0,82,0.0
neither,4,customer_only,d_only,d_to_e,0,82,0.0
neither,4,customer_only,d_only,e_to_d,0,82,0.0
neither,4,customer_only,e_only,none,0,82,0.0
neither,4,customer_only,e_only,d_only,25,82,0.3048780487804878
neither,4,customer_only,e_only,e_only,6,82,0.07317073170731707
neither,4,customer_only,e_only,simultaneous,5,82,0.06097560975609756
neither,4,customer_only,e_only,d_to_e,0,82,0.0
neither,4,customer_only,e_only,e_to_d,0,82,0.0
neither,4,customer_only,simultaneous,none,0,82,0.0
neither,4,customer_only,simultaneous,d_only,0,82,0.0
neither,4,customer_only,simultaneous,e_only,0,82,0.0
neither,4,customer_only,simultaneous,simultaneous,0,82,0.0
neither,4,customer_only,simultaneous,d_to_e,0,82,0.0
neither,4,customer_only,simultaneous,e_to_d,0,82,0.0
neither,4,customer_only,d_to_e,none,0,82,0.0
neither,4,customer_only,d_to_e,d_only,0,82,0.0
neither,4,customer_only,d_to_e,e_only,0,82,0.0
neither,4,customer_only,d_to_e,simultaneous,0,82,0.0
neither,4,customer_only,d_to_e,d_to_e,0,82,0.0
neither,4,customer_only,d_to_e,e_to_d,0,82,0.0
neither,4,customer_only,e_to_d,none,0,82,0.0
neither,4,customer_only,e_to_d,d_only,0,82,0.0
neither,4,customer_only,e_to_d,e_only,0,82,0.0
neither,4,customer_only,e_to_d,simultaneous,0,82,0.0
neither,4,customer_only,e_to_d,d_to_e,0,82,0.0
neither,4,customer_only,e_to_d,e_to_d,0,82,0.0
neither,5,domestic_only,none,none,0,85,0.0
neither,5,domestic_only,none,d_only,0,85,0.0
neither,5,domestic_only,none,e_only,0,85,0.0
neither,5,domestic_only,none,simultaneous,0,85,0.0
neither,5,domestic_only,none,d_to_e,0,85,0.0
neither,5,domestic_only,none,e_to_d,0,85,0.0
neither,5,domestic_only,d_only,none,0,85,0.0
neither,5,domestic_only,d_only,d_only,71,85,0.8352941176470589
neither,5,domestic_only,d_only,e_only,8,85,0.09411764705882353
neither,5,domestic_only,d_only,simultaneous,6,85,0.07058823529411765
neither,5,domestic_only,d_only,d_to_e,0,85,0.0
neither,5,domestic_only,d_only,e_to_d,0,85,0.0
neither,5,domestic_only,e_only,none,0,85,0.0
neither,5,domestic_only,e_only,d_only,0,85,0.0
neither,5,domestic_only,e_only,e_only,0,85,0.0
neither,5,domestic_only,e_only,simultaneous,0,85,0.0
neither,5,domestic_only,e_only,d_to_e,0,85,0.0
neither,5,domestic_only,e_only,e_to_d,0,85,0.0
neither,5,domestic_only,simultaneous,none,0,85,0.0
neither,5,domestic_only,simultaneous,d_only,0,85,0.0
neither,5,domestic_only,simultaneous,e_only,0,85,0.0
neither,5,domestic_only,simultaneous,simultaneous,0,85,0.0
neither,5,domestic_only,simultaneous,d_to_e,0,85,0.0
neither,5,domestic_only,simultaneous,e_to_d,0,85,0.0
neither,5,domestic_only,d_to_e,none,0,85,0.0
neither,5,domestic_only,d_to_e,d_only,0,85,0.0
neither,5,domestic_only,d_to_e,e_only,0,85,0.0
neither,5,domestic_only,d_to_e,simultaneous,0,85,0.0
neither,5,domestic_only,d_to_e,d_to_e,0,85,0.0
neither,5,domestic_only,d_to_e,e_to_d,0,85,0.0
neither,5,domestic_only,e_to_d,none,0,85,0.0
neither,5,domestic_only,e_to_d,d_only,0,85,0.0
neither,5,domestic_only,e_to_d,e_only,0,85,0.0
neither,5,domestic_only,e_to_d,simultaneous,0,85,0.0
neither,5,domestic_only,e_to_d,d_to_e,0,85,0.0
neither,5,domestic_only,e_to_d,e_to_d,0,85,0.0
neither,5,customer_only,none,none,0,85,0.0
neither,5,customer_only,none,d_only,35,85,0.4117647058823529
neither,5,customer_only,none,e_only,0,85,0.0
neither,5,customer_only,none,simultaneous,0,85,0.0
neither,5,customer_only,none,d_to_e,0,85,0.0
neither,5,customer_only,none,e_to_d,0,85,0.0
neither,5,customer_only,d_only,none,0,85,0.0
neither,5,customer_only,d_only,d_only,0,85,0.0
neither,5,customer_only,d_only,e_only,0,85,0.0
neither,5,customer_only,d_only,simultaneous,0,85,0.0
neither,5,customer_only,d_only,d_to_e,0,85,0.0
neither,5,customer_only,d_only,e_to_d,0,85,0.0
neither,5,customer_only,e_only,none,0,85,0.0
neither,5,customer_only,e_only,d_only,36,85,0.4235294117647059
neither,5,customer_only,e_only,e_only,8,85,0.09411764705882353
neither,5,customer_only,e_only,simultaneous,6,85,0.07058823529411765
neither,5,customer_only,e_only,d_to_e,0,85,0.0
neither,5,customer_only,e_only,e_to_d,0,85,0.0
neither,5,customer_only,simultaneous,none,0,85,0.0
neither,5,customer_only,simultaneous,d_only,0,85,0.0
neither,5,customer_only,simultaneous,e_only,0,85,0.0
neither,5,customer_only,simultaneous,simultaneous,0,85,0.0
neither,5,customer_only,simultaneous,d_to_e,0,85,0.0
neither,5,customer_only,simultaneous,e_to_d,0,85,0.0
neither,5,customer_only,d_to_e,none,0,85,0.0
neither,5,customer_only,d_to_e,d_only,0,85,0.0
neither,5,customer_only,d_to_e,e_only,0,85,0.0
neither,5,customer_only,d_to_e,simultaneous,0,85,0.0
neither,5,customer_only,d_to_e,d_to_e,0,85,0.0
neither,5,customer_only,d_to_e,e_to_d,0,85,0.0
neither,5,customer_only,e_to_d,none,0,85,0.0
neither,5,customer_only,e_to_d,d_only,0,85,0.0
neither,5,customer_only,e_to_d,e_only,0,85,0.0
neither,5,customer_only,e_to_d,simultaneous,0,85,0.0
neither,5,customer_only,e_to_d,d_to_e,0,85,0.0
neither,5,customer_only,e_to_d,e_to_d,0,85,0.0
neither,6,domestic_only,none,none,0,86,0.0
neither,6,domestic_only,none,d_only,0,86,0.0
neither,6,domestic_only,none,e_only,0,86,0.0
neither,6,domestic_only,none,simultaneous,0,86,0.0
neither,6,domestic_only,none,d_to_e,0,86,0.0
neither,6,domestic_only,none,e_to_d,0,86,0.0
neither,6,domestic_only,d_only,none,0,86,0.0
neither,6,domestic_only,d_only,d_only,74,86,0.8604651162790697
neither,6,domestic_only,d_only,e_only,7,86,0.08139534883720931
neither,6,domestic_only,d_only,simultaneous,5,86,0.05813953488372093
neither,6,domestic_only,d_only,d_to_e,0,86,0.0
neither,6,domestic_only,d_only,e_to_d,0,86,0.0
neither,6,domestic_only,e_only,none,0,86,0.0
neither,6,domestic_only,e_only,d_only,0,86,0.0
neither,6,domestic_only,e_only,e_only,0,86,0.0
neither,6,domestic_only,e_only,simultaneous,0,86,0.0
neither,6,domestic_only,e_only,d_to_e,0,86,0.0
neither,6,domestic_only,e_only,e_to_d,0,86,0.0
neither,6,domestic_only,simultaneous,none,0,86,0.0
neither,6,domestic_only,simultaneous,d_only,0,86,0.0
neither,6,domestic_only,simultaneous,e_only,0,86,0.0
neither,6,domestic_only,simultaneous,simultaneous,0,86,0.0
neither,6,domestic_only,simultaneous,d_to_e,0,86,0.0
neither,6,domestic_only,simultaneous,e_to_d,0,86,0.0
neither,6,domestic_only,d_to_e,none,0,86,0.0
neither,6,domestic_only,d_to_e,d_only,0,86,0.0
neither,6,domestic_only,d_to_e,e_only,0,86,0.0
neither,6,domestic_only,d_to_e,simultaneous,0,86,0.0
neither,6,domestic_only,d_to_e,d_to_e,0,86,0.0
neither,6,domestic_only,d_to_e,e_to_d,0,86,0.0
neither,6,domestic_only,e_to_d,none,0,86,0.0
neither,6,domestic_only,e_to_d,d_only,0,86,0.0
neither,6,domestic_only,e_to_d,e_only,0,86,0.0
neither,6,domestic_only,e_to_d,simultaneous,0,86,0.0
neither,6,domestic_only,e_to_d,d_to_e,0,86,0.0
neither,6,domestic_only,e_to_d,e_to_d,0,86,0.0
neither,6,customer_only,none,none,0,86,0.0
neither,6,customer_only,none,d_only,35,86,0.4069767441860465
neither,6,customer_only,none,e_only,0,86,0.0
neither,6,customer_only,none,simultaneous,0,86,0.0
neither,6,customer_only,none,d_to_e,0,86,0.0
neither,6,customer_only,none,e_to_d,0,86,0.0
neither,6,customer_only,d_only,none,0,86,0.0
neither,6,customer_only,d_only,d_only,0,86,0.0
neither,6,customer_only,d_only,e_only,0,86,0.0
neither,6,customer_only,d_only,simultaneous,0,86,0.0
neither,6,customer_only,d_only,d_to_e,0,86,0.0
neither,6,customer_only,d_only,e_to_d,0,86,0.0
neither,6,customer_only,e_only,none,0,86,0.0
neither,6,customer_only,e_only,d_only,39,86,0.45348837209302323
neither,6,customer_only,e_only,e_only,7,86,0.08139534883720931
neither,6,customer_only,e_only,simultaneous,5,86,0.05813953488372093
neither,6,customer_only,e_only,d_to_e,0,86,0.0
neither,6,customer_only,e_only,e_to_d,0,86,0.0
neither,6,customer_only,simultaneous,none,0,86,0.0
neither,6,customer_only,simultaneous,d_only,0,86,0.0
neither,6,customer_only,simultaneous,e_only,0,86,0.0
neither,6,customer_only,simultaneous,simultaneous,0,86,0.0
neither,6,customer_only,simultaneous,d_to_e,0,86,0.0
neither,6,customer_only,simultaneous,e_to_d,0,86,0.0
neither,6,customer_only,d_to_e,none,0,86,0.0
neither,6,customer_only,d_to_e,d_only,0,86,0.0
neither,6,customer_only,d_to_e,e_only,0,86,0.0
neither,6,customer_only,d_to_e,simultaneous,0,86,0.0
neither,6,customer_only,d_to_e,d_to_e,0,86,0.0
neither,6,customer_only,d_to_e,e_to_d,0,86,0.0
neither,6,customer_only,e_to_d,none,0,86,0.0
neither,6,customer_only,e_to_d,d_only,0,86,0.0
neither,6,customer_only,e_to_d,e_only,0,86,0.0
neither,6,customer_only,e_to_d,simultaneous,0,86,0.0
neither,6,customer_only,e_to_d,d_to_e,0,86,0.0
neither,6,customer_only,e_to_d,e_to_d,0,86,0.0
neither,7,domestic_only,none,none,0,84,0.0
neither,7,domestic_only,none,d_only,0,84,0.0
neither,7,domestic_only,none,e_only,0,84,0.0
neither,7,domestic_only,none,simultaneous,0,84,0.0
neither,7,domestic_only,none,d_to_e,0,84,0.0
neither,7,domestic_only,none,e_to_d,0,84,0.0
neither,7,domestic_only,d_only,none,0,84,0.0
neither,7,domestic_only,d_only,d_only,70,84,0.8333333333333334
neither,7,domestic_only,d_only,e_only,4,84,0.047619047619047616
neither,7,domestic_only,d_only,simultaneous,10,84,0.11904761904761904
neither,7,domestic_only,d_only,d_to_e,0,84,0.0
neither,7,domestic_only,d_only,e_to_d,0,84,0.0
neither,7,domestic_only,e_only,none,0,84,0.0
neither,7,domestic_only,e_only,d_only,0,84,0.0
neither,7,domestic_only,e_only,e_only,0,84,0.0
neither,7,domestic_only,e_only,simultaneous,0,84,0.0
neither,7,domestic_only,e_only,d_to_e,0,84,0.0
neither,7,domestic_only,e_only,e_to_d,0,84,0.0
neither,7,domestic_only,simultaneous,none,0,84,0.0
neither,7,domestic_only,simultaneous,d_only,0,84,0.0
neither,7,domestic_only,simultaneous,e_only,0,84,0.0
neither,7,domestic_only,simultaneous,simultaneous,0,84,0.0
neither,7,domestic_only,simultaneous,d_to_e,0,84,0.0
neither,7,domestic_only,simultaneous,e_to_d,0,84,0.0
neither,7,domestic_only,d_to_e,none,0,84,0.0
neither,7,domestic_only,d_to_e,d_only,0,84,0.0
neither,7,domestic_only,d_to_e,e_only,0,84,0.0
neither,7,domestic_only,d_to_e,simultaneous,0,84,0.0
neither,7,domestic_only,d_to_e,d_to_e,0,84,0.0
neither,7,domestic_only,d_to_e,e_to_d,0,84,0.0
neither,7,domestic_only,e_to_d,none,0,84,0.0
neither,7,domestic_only,e_to_d,d_only,0,84,0.0
neither,7,domestic_only,e_to_d,e_only,0,84,0.0
neither,7,domestic_only,e_to_d,simultaneous,0,84,0.0
neither,7,domestic_only,e_to_d,d_to_e,0,84,0.0
neither,7,domestic_only,e_to_d,e_to_d,0,84,0.0
neither,7,customer_only,none,none,0,84,0.0
neither,7,customer_only,none,d_only,39,84,0.4642857142857143
neither,7,customer_only,none,e_only,0,84,0.0
neither,7,customer_only,none,simultaneous,0,84,0.0
neither,7,customer_only,none,d_to_e,0,84,0.0
neither,7,customer_only,none,e_to_d,0,84,0.0
neither,7,customer_only,d_only,none,0,84,0.0
neither,7,customer_only,d_only,d_only,0,84,0.0
neither,7,customer_only,d_only,e_only,0,84,0.0
neither,7,customer_only,d_only,simultaneous,0,84,0.0
neither,7,customer_only,d_only,d_to_e,0,84,0.0
neither,7,customer_only,d_only,e_to_d,0,84,0.0
neither,7,customer_only,e_only,none,0,84,0.0
neither,7,customer_only,e_only,d_only,31,84,0.36904761904761907
neither,7,customer_only,e_only,e_only,4,84,0.047619047619047616
neither,7,customer_only,e_only,simultaneous,10,84,0.11904761904761904
neither,7,customer_only,e_only,d_to_e,0,84,0.0
neither,7,customer_only,e_only,e_to_d,0,84,0.0
neither,7,customer_only,simultaneous,none,0,84,0.0
neither,7,customer_only,simultaneous,d_only,0,84,0.0
neither,7,customer_only,simultaneous,e_only,0,84,0.0
neither,7,customer_only,simultaneous,simultaneous,0,84,0.0
neither,7,customer_only,simultaneous,d_to_e,0,84,0.0
neither,7,customer_only,simultaneous,e_to_d,0,84,0.0
neither,7,customer_only,d_to_e,none,0,84,0.0
neither,7,customer_only,d_to_e,d_only,0,84,0.0
neither,7,customer_only,d_to_e,e_only,0,84,0.0
neither,7,customer_only,d_to_e,simultaneous,0,84,0.0
neither,7,customer_only,d_to_e,d_to_e,0,84,0.0
neither,7,customer_only,d_to_e,e_to_d,0,84,0.0
neither,7,customer_only,e_to_d,none,0,84,0.0
neither,7,customer_only,e_to_d,d_only,0,84,0.0
neither,7,customer_only,e_to_d,e_only,0,84,0.0
neither,7,customer_only,e_to_d,simultaneous,0,84,0.0
neither,7,customer_only,e_to_d,d_to_e,0,84,0.0
neither,7,customer_only,e_to_d,e_to_d,0,84,0.0
neither,8,domestic_only,none,none,0,71,0.0
neither,8,domestic_only,none,d_only,0,71,0.0
neither,8,domestic_only,none,e_only,0,71,0.0
neither,8,domestic_only,none,simultaneous,0,71,0.0
neither,8,domestic_only,none,d_to_e,0,71,0.0
neither,8,domestic_only,none,e_to_d,0,71,0.0
neither,8,domestic_only,d_only,none,0,71,0.0
neither,8,domestic_only,d_only,d_only,61,71,0.8591549295774648
neither,8,domestic_only,d_only,e_only,1,71,0.014084507042253521
neither,8,domestic_only,d_only,simultaneous,9,71,0.1267605633802817
neither,8,domestic_only,d_only,d_to_e,0,71,0.0
neither,8,domestic_only,d_only,e_to_d,0,71,0.0
neither,8,domestic_only,e_only,none,0,71,0.0
neither,8,domestic_only,e_only,d_only,0,71,0.0
neither,8,domestic_only,e_only,e_only,0,71,0.0
neither,8,domestic_only,e_only,simultaneous,0,71,0.0
neither,8,domestic_only,e_only,d_to_e,0,71,0.0
neither,8,domestic_only,e_only,e_to_d,0,71,0.0
neither,8,domestic_only,simultaneous,none,0,71,0.0
neither,8,domestic_only,simultaneous,d_only,0,71,0.0
neither,8,domestic_only,simultaneous,e_only,0,71,0.0
neither,8,domestic_only,simultaneous,simultaneous,0,71,0.0
neither,8,domestic_only,simultaneous,d_to_e,0,71,0.0
neither,8,domestic_only,simultaneous,e_to_d,0,71,0.0
neither,8,domestic_only,d_to_e,none,0,71,0.0
neither,8,domestic_only,d_to_e,d_only,0,71,0.0
neither,8,domestic_only,d_to_e,e_only,0,71,0.0
neither,8,domestic_only,d_to_e,simultaneous,0,71,0.0
neither,8,domestic_only,d_to_e,d_to_e,0,71,0.0
neither,8,domestic_only,d_to_e,e_to_d,0,71,0.0
neither,8,domestic_only,e_to_d,none,0,71,0.0
neither,8,domestic_only,e_to_d,d_only,0,71,0.0
neither,8,domestic_only,e_to_d,e_only,0,71,0.0
neither,8,domestic_only,e_to_d,simultaneous,0,71,0.0
neither,8,domestic_only,e_to_d,d_to_e,0,71,0.0
neither,8,domestic_only,e_to_d,e_to_d,0,71,0.0
neither,8,customer_only,none,none,0,71,0.0
neither,8,customer_only,none,d_only,36,71,0.5070422535211268
neither,8,customer_only,none,e_only,0,71,0.0
neither,8,customer_only,none,simultaneous,0,71,0.0
neither,8,customer_only,none,d_to_e,0,71,0.0
neither,8,customer_only,none,e_to_d,0,71,0.0
neither,8,customer_only,d_only,none,0,71,0.0
neither,8,customer_only,d_only,d_only,0,71,0.0
neither,8,customer_only,d_only,e_only,0,71,0.0
neither,8,customer_only,d_only,simultaneous,0,71,0.0
neither,8,customer_only,d_only,d_to_e,0,71,0.0
neither,8,customer_only,d_only,e_to_d,0,71,0.0
neither,8,customer_only,e_only,none,0,71,0.0
neither,8,customer_only,e_only,d_only,25,71,0.352112676056338
neither,8,customer_only,e_only,e_only,1,71,0.014084507042253521
neither,8,customer_only,e_only,simultaneous,9,71,0.1267605633802817
neither,8,customer_only,e_only,d_to_e,0,71,0.0
neither,8,customer_only,e_only,e_to_d,0,71,0.0
neither,8,customer_only,simultaneous,none,0,71,0.0
neither,8,customer_only,simultaneous,d_only,0,71,0.0
neither,8,customer_only,simultaneous,e_only,0,71,0.0
neither,8,customer_only,simultaneous,simultaneous,0,71,0.0
neither,8,customer_only,simultaneous,d_to_e,0,71,0.0
neither,8,customer_only,simultaneous,e_to_d,0,71,0.0
neither,8,customer_only,d_to_e,none,0,71,0.0
neither,8,customer_only,d_to_e,d_only,0,71,0.0
neither,8,customer_only,d_to_e,e_only,0,71,0.0
neither,8,customer_only,d_to_e,simultaneous,0,71,0.0
neither,8,customer_only,d_to_e,d_to_e,0,71,0.0
neither,8,customer_only,d_to_e,e_to_d,0,71,0.0
neither,8,customer_only,e_to_d,none,0,71,0.0
neither,8,customer_only,e_to_d,d_only,0,71,0.0
neither,8,customer_only,e_to_d,e_only,0,71,0.0
neither,8,customer_only,e_to_d,simultaneous,0,71,0.0
neither,8,customer_only,e_to_d,d_to_e,0,71,0.0
neither,8,customer_only,e_to_d,e_to_d,0,71,0.0
neither,9,domestic_only,none,none,0,64,0.0
neither,9,domestic_only,none,d_only,0,64,0.0
neither,9,domestic_only,none,e_only,0,64,0.0
neither,9,domestic_only,none,simultaneous,0,64,0.0
neither,9,domestic_only,none,d_to_e,0,64,0.0
neither,9,domestic_only,none,e_to_d,0,64,0.0
neither,9,domestic_only,d_only,none,0,64,0.0
neither,9,domestic_only,d_only,d_only,56,64,0.875
neither,9,domestic_only,d_only,e_only,4,64,0.0625
neither,9,domestic_only,d_only,simultaneous,4,64,0.0625
neither,9,domestic_only,d_only,d_to_e,0,64,0.0
neither,9,domestic_only,d_only,e_to_d,0,64,0.0
neither,9,domestic_only,e_only,none,0,64,0.0
neither,9,domestic_only,e_only,d_only,0,64,0.0
neither,9,domestic_only,e_only,e_only,0,64,0.0
neither,9,domestic_only,e_only,simultaneous,0,64,0.0
neither,9,domestic_only,e_only,d_to_e,0,64,0.0
neither,9,domestic_only,e_only,e_to_d,0,64,0.0
neither,9,domestic_only,simultaneous,none,0,64,0.0
neither,9,domestic_only,simultaneous,d_only,0,64,0.0
neither,9,domestic_only,simultaneous,e_only,0,64,0.0
neither,9,domestic_only,simultaneous,simultaneous,0,64,0.0
neither,9,domestic_only,simultaneous,d_to_e,0,64,0.0
neither,9,domestic_only,simultaneous,e_to_d,0,64,0.0
neither,9,domestic_only,d_to_e,none,0,64,0.0
neither,9,domestic_only,d_to_e,d_only,0,64,0.0
neither,9,domestic_only,d_to_e,e_only,0,64,0.0
neither,9,domestic_only,d_to_e,simultaneous,0,64,0.0
neither,9,domestic_only,d_to_e,d_to_e,0,64,0.0
neither,9,domestic_only,d_to_e,e_to_d,0,64,0.0
neither,9,domestic_only,e_to_d,none,0,64,0.0
neither,9,domestic_only,e_to_d,d_only,0,64,0.0
neither,9,domestic_only,e_to_d,e_only,0,64,0.0
neither,9,domestic_only,e_to_d,simultaneous,0,64,0.0
neither,9,domestic_only,e_to_d,d_to_e,0,64,0.0
neither,9,domestic_only,e_to_d,e_to_d,0,64,0.0
neither,9,customer_only,none,none,0,64,0.0
neither,9,customer_only,none,d_only,21,64,0.328125
neither,9,customer_only,none,e_only,0,64,0.0
neither,9,customer_only,none,simultaneous,0,64,0.0
neither,9,customer_only,none,d_to_e,0,64,0.0
neither,9,customer_only,none,e_to_d,0,64,0.0
neither,9,customer_only,d_only,none,0,64,0.0
neither,9,customer_only,d_only,d_only,0,64,0.0
neither,9,customer_only,d_only,e_only,0,64,0.0
neither,9,customer_only,d_only,simultaneous,0,64,0.0
neither,9,customer_only,d_only,d_to_e,0,64,0.0
neither,9,customer_only,d_only,e_to_d,0,64,0.0
neither,9,customer_only,e_only,none,0,64,0.0
neither,9,customer_only,e_only,d_only,35,64,0.546875
neither,9,customer_only,e_only,e_only,4,64,0.0625
neither,9,customer_only,e_only,simultaneous,4,64,0.0625
neither,9,customer_only,e_only,d_to_e,0,64,0.0
neither,9,customer_only,e_only,e_to_d,0,64,0.0
neither,9,customer_only,simultaneous,none,0,64,0.0
neither,9,customer_only,simultaneous,d_only,0,64,0.0
neither,9,customer_only,simultaneous,e_only,0,64,0.0
neither,9,customer_only,simultaneous,simultaneous,0,64,0.0
neither,9,customer_only,simultaneous,d_to_e,0,64,0.0
neither,9,customer_only,simultaneous,e_to_d,0,64,0.0
neither,9,customer_only,d_to_e,none,0,64,0.0
neither,9,customer_only,d_to_e,d_only,0,64,0.0
neither,9,customer_only,d_to_e,e_only,0,64,0.0
neither,9,customer_only,d_to_e,simultaneous,0,64,0.0
neither,9,customer_only,d_to_e,d_to_e,0,64,0.0
neither,9,customer_only,d_to_e,e_to_d,0,64,0.0
neither,9,customer_only,e_to_d,none,0,64,0.0
neither,9,customer_only,e_to_d,d_only,0,64,0.0
neither,9,customer_only,e_to_d,e_only,0,64,0.0
neither,9,customer_only,e_to_d,simultaneous,0,64,0.0
neither,9,customer_only,e_to_d,d_to_e,0,64,0.0
neither,9,customer_only,e_to_d,e_to_d,0,64,0.0
neither,10,domestic_only,none,none,0,77,0.0
neither,10,domestic_only,none,d_only,0,77,0.0
neither,10,domestic_only,none,e_only,0,77,0.0
neither,10,domestic_only,none,simultaneous,0,77,0.0
neither,10,domestic_only,none,d_to_e,0,77,0.0
neither,10,domestic_only,none,e_to_d,0,77,0.0
neither,10,domestic_only,d_only,none,0,77,0.0
neither,10,domestic_only,d_only,d_only,68,77,0.8831168831168831
neither,10,domestic_only,d_only,e_only,2,77,0.025974025974025976
neither,10,domestic_only,d_only,simultaneous,7,77,0.09090909090909091
neither,10,domestic_only,d_only,d_to_e,0,77,0.0
neither,10,domestic_only,d_only,e_to_d,0,77,0.0
neither,10,domestic_only,e_only,none,0,77,0.0
neither,10,domestic_only,e_only,d_only,0,77,0.0
neither,10,domestic_only,e_only,e_only,0,77,0.0
neither,10,domestic_only,e_only,simultaneous,0,77,0.0
neither,10,domestic_only,e_only,d_to_e,0,77,0.0
neither,10,domestic_only,e_only,e_to_d,0,77,0.0
neither,10,domestic_only,simultaneous,none,0,77,0.0
neither,10,domestic_only,simultaneous,d_only,0,77,0.0
neither,10,domestic_only,simultaneous,e_only,0,77,0.0
neither,10,domestic_only,simultaneous,simultaneous,0,77,0.0
neither,10,domestic_only,simultaneous,d_to_e,0,77,0.0
neither,10,domestic_only,simultaneous,e_to_d,0,77,0.0
neither,10,domestic_only,d_to_e,none,0,77,0.0
neither,10,domestic_only,d_to_e,d_only,0,77,0.0
neither,10,domestic_only,d_to_e,e_only,0,77,0.0
neither,10,domestic_only,d_to_e,simultaneous,0,77,0.0
neither,10,domestic_only,d_to_e,d_to_e,0,77,0.0
neither,10,domestic_only,d_to_e,e_to_d,0,77,0.0
neither,10,domestic_only,e_to_d,none,0,77,0.0
neither,10,domestic_only,e_to_d,d_only,0,77,0.0
neither,10,domestic_only,e_to_d,e_only,0,77,0.0
neither,10,domestic_only,e_to_d,simultaneous,0,77,0.0
neither,10,domestic_only,e_to_d,d_to_e,0,77,0.0
neither,10,domestic_only,e_to_d,e_to_d,0,77,0.0
neither,10,customer_only,none,none,0,77,0.0
neither,10,customer_only,none,d_only,46,77,0.5974025974025974
neither,10,customer_only,none,e_only,0,77,0.0
neither,10,customer_only,none,simultaneous,0,77,0.0
neither,10,customer_only,none,d_to_e,0,77,0.0
neither,10,customer_only,none,e_to_d,0,77,0.0
neither,10,customer_only,d_only,none,0,77,0.0
neither,10,customer_only,d_only,d_only,0,77,0.0
neither,10,customer_only,d_only,e_only,0,77,0.0
neither,10,customer_only,d_only,simultaneous,0,77,0.0
neither,10,customer_only,d_only,d_to_e,0,77,0.0
neither,10,customer_only,d_only,e_to_d,0,77,0.0
neither,10,customer_only,e_only,none,0,77,0.0
neither,10,customer_only,e_only,d_only,22,77,0.2857142857142857
neither,10,customer_only,e_only,e_only,2,77,0.025974025974025976
neither,10,customer_only,e_only,simultaneous,7,77,0.09090909090909091
neither,10,customer_only,e_only,d_to_e,0,77,0.0
neither,10,customer_only,e_only,e_to_d,0,77,0.0
neither,10,customer_only,simultaneous,none,0,77,0.0
neither,10,customer_only,simultaneous,d_only,0,77,0.0
neither,10,customer_only,simultaneous,e_only,0,77,0.0
neither,10,customer_only,simultaneous,simultaneous,0,77,0.0
neither,10,customer_only,simultaneous,d_to_e,0,77,0.0
neither,10,customer_only,simultaneous,e_to_d,0,77,0.0
neither,10,customer_only,d_to_e,none,0,77,0.0
neither,10,customer_only,d_to_e,d_only,0,77,0.0
neither,10,customer_only,d_to_e,e_only,0,77,0.0
neither,10,customer_only,d_to_e,simultaneous,0,77,0.0
neither,10,customer_only,d_to_e,d_to_e,0,77,0.0
neither,10,customer_only,d_to_e,e_to_d,0,77,0.0
neither,10,customer_only,e_to_d,none,0,77,0.0
neither,10,customer_only,e_to_d,d_only,0,77,0.0
neither,10,customer_only,e_to_d,e_only,0,77,0.0
neither,10,customer_only,e_to_d,simultaneous,0,77,0.0
neither,10,customer_only,e_to_d,d_to_e,0,77,0.0
neither,10,customer_only,e_to_d,e_to_d,0,77,0.0
neither,11,domestic_only,none,none,0,75,0.0
neither,11,domestic_only,none,d_only,0,75,0.0
neither,11,domestic_only,none,e_only,0,75,0.0
neither,11,domestic_only,none,simultaneous,0,75,0.0
neither,11,domestic_only,none,d_to_e,0,75,0.0
neither,11,domestic_only,none,e_to_d,0,75,0.0
neither,11,domestic_only,d_only,none,0,75,0.0
neither,11,domestic_only,d_only,d_only,63,75,0.84
neither,11,domestic_only,d_only,e_only,6,75,0.08
neither,11,domestic_only,d_only,simultaneous,6,75,0.08
neither,11,domestic_only,d_only,d_to_e,0,75,0.0
neither,11,domestic_only,d_only,e_to_d,0,75,0.0
neither,11,domestic_only,e_only,none,0,75,0.0
neither,11,domestic_only,e_only,d_only,0,75,0.0
neither,11,domestic_only,e_only,e_only,0,75,0.0
neither,11,domestic_only,e_only,simultaneous,0,75,0.0
neither,11,domestic_only,e_only,d_to_e,0,75,0.0
neither,11,domestic_only,e_only,e_to_d,0,75,0.0
neither,11,domestic_only,simultaneous,none,0,75,0.0
neither,11,domestic_only,simultaneous,d_only,0,75,0.0
neither,11,domestic_only,simultaneous,e_only,0,75,0.0
neither,11,domestic_only,simultaneous,simultaneous,0,75,0.0
neither,11,domestic_only,simultaneous,d_to_e,0,75,0.0
neither,11,domestic_only,simultaneous,e_to_d,0,75,0.0
neither,11,domestic_only,d_to_e,none,0,75,0.0
neither,11,domestic_only,d_to_e,d_only,0,75,0.0
neither,11,domestic_only,d_to_e,e_only,0,75,0.0
neither,11,domestic_only,d_to_e,simultaneous,0,75,0.0
neither,11,domestic_only,d_to_e,d_to_e,0,75,0.0
neither,11,domestic_only,d_to_e,e_to_d,0,75,0.0
neither,11,domestic_only,e_to_d,none,0,75,0.0
neither,11,domestic_only,e_to_d,d_only,0,75,0.0
neither,11,domestic_only,e_to_d,e_only,0,75,0.0
neither,11,domestic_only,e_to_d,simultaneous,0,75,0.0
neither,11,domestic_only,e_to_d,d_to_e,0,75,0.0
neither,11,domestic_only,e_to_d,e_to_d,0,75,0.0
neither,11,customer_only,none,none,0,75,0.0
neither,11,customer_only,none,d_only,38,75,0.5066666666666667
neither,11,customer_only,none,e_only,0,75,0.0
neither,11,customer_only,none,simultaneous,0,75,0.0
neither,11,customer_only,none,d_to_e,0,75,0.0
neither,11,customer_only,none,e_to_d,0,75,0.0
neither,11,customer_only,d_only,none,0,75,0.0
neither,11,customer_only,d_only,d_only,0,75,0.0
neither,11,customer_only,d_only,e_only,0,75,0.0
neither,11,customer_only,d_only,simultaneous,0,75,0.0
neither,11,customer_only,d_only,d_to_e,0,75,0.0
neither,11,customer_only,d_only,e_to_d,0,75,0.0
neither,11,customer_only,e_only,none,0,75,0.0
neither,11,customer_only,e_only,d_only,25,75,0.3333333333333333
neither,11,customer_only,e_only,e_only,6,75,0.08
neither,11,customer_only,e_only,simultaneous,6,75,0.08
neither,11,customer_only,e_only,d_to_e,0,75,0.0
neither,11,customer_only,e_only,e_to_d,0,75,0.0
neither,11,customer_only,simultaneous,none,0,75,0.0
neither,11,customer_only,simultaneous,d_only,0,75,0.0
neither,11,customer_only,simultaneous,e_only,0,75,0.0
neither,11,customer_only,simultaneous,simultaneous,0,75,0.0
neither,11,customer_only,simultaneous,d_to_e,0,75,0.0
neither,11,customer_only,simultaneous,e_to_d,0,75,0.0
neither,11,customer_only,d_to_e,none,0,75,0.0
neither,11,customer_only,d_to_e,d_only,0,75,0.0
neither,11,customer_only,d_to_e,e_only,0,75,0.0
neither,11,customer_only,d_to_e,simultaneous,0,75,0.0
neither,11,customer_only,d_to_e,d_to_e,0,75,0.0
neither,11,customer_only,d_to_e,e_to_d,0,75,0.0
neither,11,customer_only,e_to_d,none,0,75,0.0
neither,11,customer_only,e_to_d,d_only,0,75,0.0
neither,11,customer_only,e_to_d,e_only,0,75,0.0
neither,11,customer_only,e_to_d,simultaneous,0,75,0.0
neither,11,customer_only,e_to_d,d_to_e,0,75,0.0
neither,11,customer_only,e_to_d,e_to_d,0,75,0.0
neither,12,domestic_only,none,none,0,77,0.0
neither,12,domestic_only,none,d_only,0,77,0.0
neither,12,domestic_only,none,e_only,0,77,0.0
neither,12,domestic_only,none,simultaneous,0,77,0.0
neither,12,domestic_only,none,d_to_e,0,77,0.0
neither,12,domestic_only,none,e_to_d,0,77,0.0
neither,12,domestic_only,d_only,none,0,77,0.0
neither,12,domestic_only,d_only,d_only,64,77,0.8311688311688312
neither,12,domestic_only,d_only,e_only,7,77,0.09090909090909091
neither,12,domestic_only,d_only,simultaneous,6,77,0.07792207792207792
neither,12,domestic_only,d_only,d_to_e,0,77,0.0
neither,12,domestic_only,d_only,e_to_d,0,77,0.0
neither,12,domestic_only,e_only,none,0,77,0.0
neither,12,domestic_only,e_only,d_only,0,77,0.0
neither,12,domestic_only,e_only,e_only,0,77,0.0
neither,12,domestic_only,e_only,simultaneous,0,77,0.0
neither,12,domestic_only,e_only,d_to_e,0,77,0.0
neither,12,domestic_only,e_only,e_to_d,0,77,0.0
neither,12,domestic_only,simultaneous,none,0,77,0.0
neither,12,domestic_only,simultaneous,d_only,0,77,0.0
neither,12,domestic_only,simultaneous,e_only,0,77,0.0
neither,12,domestic_only,simultaneous,simultaneous,0,77,0.0
neither,12,domestic_only,simultaneous,d_to_e,0,77,0.0
neither,12,domestic_only,simultaneous,e_to_d,0,77,0.0
neither,12,domestic_only,d_to_e,none,0,77,0.0
neither,12,domestic_only,d_to_e,d_only,0,77,0.0
neither,12,domestic_only,d_to_e,e_only,0,77,0.0
neither,12,domestic_only,d_to_e,simultaneous,0,77,0.0
neither,12,domestic_only,d_to_e,d_to_e,0,77,0.0
neither,12,domestic_only,d_to_e,e_to_d,0,77,0.0
neither,12,domestic_only,e_to_d,none,0,77,0.0
neither,12,domestic_only,e_to_d,d_only,0,77,0.0
neither,12,domestic_only,e_to_d,e_only,0,77,0.0
neither,12,domestic_only,e_to_d,simultaneous,0,77,0.0
neither,12,domestic_only,e_to_d,d_to_e,0,77,0.0
neither,12,domestic_only,e_to_d,e_to_d,0,77,0.0
neither,12,customer_only,none,none,0,77,0.0
neither,12,customer_only,none,d_only,27,77,0.35064935064935066
neither,12,customer_only,none,e_only,0,77,0.0
neither,12,customer_only,none,simultaneous,0,77,0.0
neither,12,customer_only,none,d_to_e,0,77,0.0
neither,12,customer_only,none,e_to_d,0,77,0.0
neither,12,customer_only,d_only,none,0,77,0.0
neither,12,customer_only,d_only,d_only,0,77,0.0
neither,12,customer_only,d_only,e_only,0,77,0.0
neither,12,customer_only,d_only,simultaneous,0,77,0.0
neither,12,customer_only,d_only,d_to_e,0,77,0.0
neither,12,customer_only,d_only,e_to_d,0,77,0.0
neither,12,customer_only,e_only,none,0,77,0.0
neither,12,customer_only,e_only,d_only,37,77,0.4805194805194805
neither,12,customer_only,e_only,e_only,7,77,0.09090909090909091
neither,12,customer_only,e_only,simultaneous,6,77,0.07792207792207792
neither,12,customer_only,e_only,d_to_e,0,77,0.0
neither,12,customer_only,e_only,e_to_d,0,77,0.0
neither,12,customer_only,simultaneous,none,0,77,0.0
neither,12,customer_only,simultaneous,d_only,0,77,0.0
neither,12,customer_only,simultaneous,e_only,0,77,0.0
neither,12,customer_only,simultaneous,simultaneous,0,77,0.0
neither,12,customer_only,simultaneous,d_to_e,0,77,0.0
neither,12,customer_only,simultaneous,e_to_d,0,77,0.0
neither,12,customer_only,d_to_e,none,0,77,0.0
neither,12,customer_only,d_to_e,d_only,0,77,0.0
neither,12,customer_only,d_to_e,e_only,0,77,0.0
neither,12,customer_only,d_to_e,simultaneous,0,77,0.0
neither,12,customer_only,d_to_e,d_to_e,0,77,0.0
neither,12,customer_only,d_to_e,e_to_d,0,77,0.0
neither,12,customer_only,e_to_d,none,0,77,0.0
neither,12,customer_only,e_to_d,d_only,0,77,0.0
neither,12,customer_only,e_to_d,e_only,0,77,0.0
neither,12,customer_only,e_to_d,simultaneous,0,77,0.0
neither,12,customer_only,e_to_d,d_to_e,0,77,0.0
neither,12,customer_only,e_to_d,e_to_d,0,77,0.0
neither,13,domestic_only,none,none,0,88,0.0
neither,13,domestic_only,none,d_only,0,88,0.0
neither,13,domestic_only,none,e_only,0,88,0.0
neither,13,domestic_only,none,simultaneous,0,88,0.0
neither,13,domestic_only,none,d_to_e,0,88,0.0
neither,13,domestic_only,none,e_to_d,0,88,0.0
neither,13,domestic_only,d_only,none,0,88,0.0
neither,13,domestic_only,d_only,d_only,72,88,0.8181818181818182
neither,13,domestic_only,d_only,e_only,12,88,0.13636363636363635
neither,13,domestic_only,d_only,simultaneous,4,88,0.045454545454545456
neither,13,domestic_only,d_only,d_to_e,0,88,0.0
neither,13,domestic_only,d_only,e_to_d,0,88,0.0
neither,13,domestic_only,e_only,none,0,88,0.0
neither,13,domestic_only,e_only,d_only,0,88,0.0
neither,13,domestic_only,e_only,e_only,0,88,0.0
neither,13,domestic_only,e_only,simultaneous,0,88,0.0
neither,13,domestic_only,e_only,d_to_e,0,88,0.0
neither,13,domestic_only,e_only,e_to_d,0,88,0.0
neither,13,domestic_only,simultaneous,none,0,88,0.0
neither,13,domestic_only,simultaneous,d_only,0,88,0.0
neither,13,domestic_only,simultaneous,e_only,0,88,0.0
neither,13,domestic_only,simultaneous,simultaneous,0,88,0.0
neither,13,domestic_only,simultaneous,d_to_e,0,88,0.0
neither,13,domestic_only,simultaneous,e_to_d,0,88,0.0
neither,13,domestic_only,d_to_e,none,0,88,0.0
neither,13,domestic_only,d_to_e,d_only,0,88,0.0
neither,13,domestic_only,d_to_e,e_only,0,88,0.0
neither,13,domestic_only,d_to_e,simultaneous,0,88,0.0
neither,13,domestic_only,d_to_e,d_to_e,0,88,0.0
neither,13,domestic_only,d_to_e,e_to_d,0,88,0.0
neither,13,domestic_only,e_to_d,none,0,88,0.0
neither,13,domestic_only,e_to_d,d_only,0,88,0.0
neither,13,domestic_only,e_to_d,e_only,0,88,0.0
neither,13,domestic_only,e_to_d,simultaneous,0,88,0.0
neither,13,domestic_only,e_to_d,d_to_e,0,88,0.0
neither,13,domestic_only,e_to_d,e_to_d,0,88,0.0
neither,13,customer_only,none,none,0,88,0.0
neither,13,customer_only,none,d_only,28,88,0.3181818181818182
neither,13,customer_only,none,e_only,0,88,0.0
neither,13,customer_only,none,simultaneous,0,88,0.0
neither,13,customer_only,none,d_to_e,0,88,0.0
neither,13,customer_only,none,e_to_d,0,88,0.0
neither,13,customer_only,d_only,none,0,88,0.0
neither,13,customer_only,d_only,d_only,0,88,0.0
neither,13,customer_only,d_only,e_only,0,88,0.0
neither,13,customer_only,d_only,simultaneous,0,88,0.0
neither,13,customer_only,d_only,d_to_e,0,88,0.0
neither,13,customer_only,d_only,e_to_d,0,88,0.0
neither,13,customer_only,e_only,none,0,88,0.0
neither,13,customer_only,e_only,d_only,44,88,0.5
neither,13,customer_only,e_only,e_only,12,88,0.13636363636363635
neither,13,customer_only,e_only,simultaneous,4,88,0.045454545454545456
neither,13,customer_only,e_only,d_to_e,0,88,0.0
neither,13,customer_only,e_only,e_to_d,0,88,0.0
neither,13,customer_only,simultaneous,none,0,88,0.0
neither,13,customer_only,simultaneous,d_only,0,88,0.0
neither,13,customer_only,simultaneous,e_only,0,88,0.0
neither,13,customer_only,simultaneous,simultaneous,0,88,0.0
neither,13,customer_only,simultaneous,d_to_e,0,88,0.0
neither,13,customer_only,simultaneous,e_to_d,0,88,0.0
neither,13,customer_only,d_to_e,none,0,88,0.0
neither,13,customer_only,d_to_e,d_only,0,88,0.0
neither,13,customer_only,d_to_e,e_only,0,88,0.0
neither,13,customer_only,d_to_e,simultaneous,0,88,0.0
neither,13,customer_only,d_to_e,d_to_e,0,88,0.0
neither,13,customer_only,d_to_e,e_to_d,0,88,0.0
neither,13,customer_only,e_to_d,none,0,88,0.0
neither,13,customer_only,e_to_d,d_only,0,88,0.0
neither,13,customer_only,e_to_d,e_only,0,88,0.0
neither,13,customer_only,e_to_d,simultaneous,0,88,0.0
neither,13,customer_only,e_to_d,d_to_e,0,88,0.0
neither,13,customer_only,e_to_d,e_to_d,0,88,0.0
neither,14,domestic_only,none,none,0,69,0.0
neither,14,domestic_only,none,d_only,0,69,0.0
neither,14,domestic_only,none,e_only,0,69,0.0
neither,14,domestic_only,none,simultaneous,0,69,0.0
neither,14,domestic_only,none,d_to_e,0,69,0.0
neither,14,domestic_only,none,e_to_d,0,69,0.0
neither,14,domestic_only,d_only,none,0,69,0.0
neither,14,domestic_only,d_only,d_only,59,69,0.855072463768116
neither,14,domestic_only,d_only,e_only,6,69,0.08695652173913043
neither,14,domestic_only,d_only,simultaneous,4,69,0.057971014492753624
neither,14,domestic_only,d_only,d_to_e,0,69,0.0
neither,14,domestic_only,d_only,e_to_d,0,69,0.0
neither,14,domestic_only,e_only,none,0,69,0.0
neither,14,domestic_only,e_only,d_only,0,69,0.0
neither,14,domestic_only,e_only,e_only,0,69,0.0
neither,14,domestic_only,e_only,simultaneous,0,69,0.0
neither,14,domestic_only,e_only,d_to_e,0,69,0.0
neither,14,domestic_only,e_only,e_to_d,0,69,0.0
neither,14,domestic_only,simultaneous,none,0,69,0.0
neither,14,domestic_only,simultaneous,d_only,0,69,0.0
neither,14,domestic_only,simultaneous,e_only,0,69,0.0
neither,14,domestic_only,simultaneous,simultaneous,0,69,0.0
neither,14,domestic_only,simultaneous,d_to_e,0,69,0.0
neither,14,domestic_only,simultaneous,e_to_d,0,69,0.0
neither,14,domestic_only,d_to_e,none,0,69,0.0
neither,14,domestic_only,d_to_e,d_only,0,69,0.0
neither,14,domestic_only,d_to_e,e_only,0,69,0.0
neither,14,domestic_only,d_to_e,simultaneous,0,69,0.0
neither,14,domestic_only,d_to_e,d_to_e,0,69,0.0
neither,14,domestic_only,d_to_e,e_to_d,0,69,0.0
neither,14,domestic_only,e_to_d,none,0,69,0.0
neither,14,domestic_only,e_to_d,d_only,0,69,0.0
neither,14,domestic_only,e_to_d,e_only,0,69,0.0
neither,14,domestic_only,e_to_d,simultaneous,0,69,0.0
neither,14,domestic_only,e_to_d,d_to_e,0,69,0.0
neither,14,domestic_only,e_to_d,e_to_d,0,69,0.0
neither,14,customer_only,none,none,0,69,0.0
neither,14,customer_only,none,d_only,28,69,0.4057971014492754
neither,14,customer_only,none,e_only,0,69,0.0
neither,14,customer_only,none,simultaneous,0,69,0.0
neither,14,customer_only,none,d_to_e,0,69,0.0
neither,14,customer_only,none,e_to_d,0,69,0.0
neither,14,customer_only,d_only,none,0,69,0.0
neither,14,customer_only,d_only,d_only,0,69,0.0
neither,14,customer_only,d_only,e_only,0,69,0.0
neither,14,customer_only,d_only,simultaneous,0,69,0.0
neither,14,customer_only,d_only,d_to_e,0,69,0.0
neither,14,customer_only,d_only,e_to_d,0,69,0.0
neither,14,customer_only,e_only,none,0,69,0.0
neither,14,customer_only,e_only,d_only,31,69,0.4492753623188406
neither,14,customer_only,e_only,e_only,6,69,0.08695652173913043
neither,14,customer_only,e_only,simultaneous,4,69,0.057971014492753624
neither,14,customer_only,e_only,d_to_e,0,69,0.0
neither,14,customer_only,e_only,e_to_d,0,69,0.0
neither,14,customer_only,simultaneous,none,0,69,0.0
neither,14,customer_only,simultaneous,d_only,0,69,0.0
neither,14,customer_only,simultaneous,e_only,0,69,0.0
neither,14,customer_only,simultaneous,simultaneous,0,69,0.0
neither,14,customer_only,simultaneous,d_to_e,0,69,0.0
neither,14,customer_only,simultaneous,e_to_d,0,69,0.0
neither,14,customer_only,d_to_e,none,0,69,0.0
neither,14,customer_only,d_to_e,d_only,0,69,0.0
neither,14,customer_only,d_to_e,e_only,0,69,0.0
neither,14,customer_only,d_to_e,simultaneous,0,69,0.0
neither,14,customer_only,d_to_e,d_to_e,0,69,0.0
neither,14,customer_only,d_to_e,e_to_d,0,69,0.0
neither,14,customer_only,e_to_d,none,0,69,0.0
neither,14,customer_only,e_to_d,d_only,0,69,0.0
neither,14,customer_only,e_to_d,e_only,0,69,0.0
neither,14,customer_only,e_to_d,simultaneous,0,69,0.0
neither,14,customer_only,e_to_d,d_to_e,0,69,0.0
neither,14,customer_only,e_to_d,e_to_d,0,69,0.0
neither,15,domestic_only,none,none,0,78,0.0
neither,15,domestic_only,none,d_only,0,78,0.0
neither,15,domestic_only,none,e_only,0,78,0.0
neither,15,domestic_only,none,simultaneous,0,78,0.0
neither,15,domestic_only,none,d_to_e,0,78,0.0
neither,15,domestic_only,none,e_to_d,0,78,0.0
neither,15,domestic_only,d_only,none,0,78,0.0
neither,15,domestic_only,d_only,d_only,64,78,0.8205128205128205
neither,15,domestic_only,d_only,e_only,6,78,0.07692307692307693
neither,15,domestic_only,d_only,simultaneous,8,78,0.10256410256410256
neither,15,domestic_only,d_only,d_to_e,0,78,0.0
neither,15,domestic_only,d_only,e_to_d,0,78,0.0
neither,15,domestic_only,e_only,none,0,78,0.0
neither,15,domestic_only,e_only,d_only,0,78,0.0
neither,15,domestic_only,e_only,e_only,0,78,0.0
neither,15,domestic_only,e_only,simultaneous,0,78,0.0
neither,15,domestic_only,e_only,d_to_e,0,78,0.0
neither,15,domestic_only,e_only,e_to_d,0,78,0.0
neither,15,domestic_only,simultaneous,none,0,78,0.0
neither,15,domestic_only,simultaneous,d_only,0,78,0.0
neither,15,domestic_only,simultaneous,e_only,0,78,0.0
neither,15,domestic_only,simultaneous,simultaneous,0,78,0.0
neither,15,domestic_only,simultaneous,d_to_e,0,78,0.0
neither,15,domestic_only,simultaneous,e_to_d,0,78,0.0
neither,15,domestic_only,d_to_e,none,0,78,0.0
neither,15,domestic_only,d_to_e,d_only,0,78,0.0
neither,15,domestic_only,d_to_e,e_only,0,78,0.0
neither,15,domestic_only,d_to_e,simultaneous,0,78,0.0
neither,15,domestic_only,d_to_e,d_to_e,0,78,0.0
neither,15,domestic_only,d_to_e,e_to_d,0,78,0.0
neither,15,domestic_only,e_to_d,none,0,78,0.0
neither,15,domestic_only,e_to_d,d_only,0,78,0.0
neither,15,domestic_only,e_to_d,e_only,0,78,0.0
neither,15,domestic_only,e_to_d,simultaneous,0,78,0.0
neither,15,domestic_only,e_to_d,d_to_e,0,78,0.0
neither,15,domestic_only,e_to_d,e_to_d,0,78,0.0
neither,15,customer_only,none,none,0,78,0.0
neither,15,customer_only,none,d_only,23,78,0.2948717948717949
neither,15,customer_only,none,e_only,0,78,0.0
neither,15,customer_only,none,simultaneous,0,78,0.0
neither,15,customer_only,none,d_to_e,0,78,0.0
neither,15,customer_only,none,e_to_d,0,78,0.0
neither,15,customer_only,d_only,none,0,78,0.0
neither,15,customer_only,d_only,d_only,0,78,0.0
neither,15,customer_only,d_only,e_only,0,78,0.0
neither,15,customer_only,d_only,simultaneous,0,78,0.0
neither,15,customer_only,d_only,d_to_e,0,78,0.0
neither,15,customer_only,d_only,e_to_d,0,78,0.0
neither,15,customer_only,e_only,none,0,78,0.0
neither,15,customer_only,e_only,d_only,41,78,0.5256410256410257
neither,15,customer_only,e_only,e_only,6,78,0.07692307692307693
neither,15,customer_only,e_only,simultaneous,8,78,0.10256410256410256
neither,15,customer_only,e_only,d_to_e,0,78,0.0
neither,15,customer_only,e_only,e_to_d,0,78,0.0
neither,15,customer_only,simultaneous,none,0,78,0.0
neither,15,customer_only,simultaneous,d_only,0,78,0.0
neither,15,customer_only,simultaneous,e_only,0,78,0.0
neither,15,customer_only,simultaneous,simultaneous,0,78,0.0
neither,15,customer_only,simultaneous,d_to_e,0,78,0.0
neither,15,customer_only,simultaneous,e_to_d,0,78,0.0
neither,15,customer_only,d_to_e,none,0,78,0.0
neither,15,customer_only,d_to_e,d_only,0,78,0.0
neither,15,customer_only,d_to_e,e_only,0,78,0.0
neither,15,customer_only,d_to_e,simultaneous,0,78,0.0
neither,15,customer_only,d_to_e,d_to_e,0,78,0.0
neither,15,customer_only,d_to_e,e_to_d,0,78,0.0
neither,15,customer_only,e_to_d,none,0,78,0.0
neither,15,customer_only,e_to_d,d_only,0,78,0.0
neither,15,customer_only,e_to_d,e_only,0,78,0.0
neither,15,customer_only,e_to_d,simultaneous,0,78,0.0
neither,15,customer_only,e_to_d,d_to_e,0,78,0.0
neither,15,customer_only,e_to_d,e_to_d,0,78,0.0
neither,16,domestic_only,none,none,0,81,0.0
neither,16,domestic_only,none,d_only,0,81,0.0
neither,16,domestic_only,none,e_only,0,81,0.0
neither,16,domestic_only,none,simultaneous,0,81,0.0
neither,16,domestic_only,none,d_to_e,0,81,0.0
neither,16,domestic_only,none,e_to_d,0,81,0.0
neither,16,domestic_only,d_only,none,0,81,0.0
neither,16,domestic_only,d_only,d_only,75,81,0.9259259259259259
neither,16,domestic_only,d_only,e_only,6,81,0.07407407407407407
neither,16,domestic_only,d_only,simultaneous,0,81,0.0
neither,16,domestic_only,d_only,d_to_e,0,81,0.0
neither,16,domestic_only,d_only,e_to_d,0,81,0.0
neither,16,domestic_only,e_only,none,0,81,0.0
neither,16,domestic_only,e_only,d_only,0,81,0.0
neither,16,domestic_only,e_only,e_only,0,81,0.0
neither,16,domestic_only,e_only,simultaneous,0,81,0.0
neither,16,domestic_only,e_only,d_to_e,0,81,0.0
neither,16,domestic_only,e_only,e_to_d,0,81,0.0
neither,16,domestic_only,simultaneous,none,0,81,0.0
neither,16,domestic_only,simultaneous,d_only,0,81,0.0
neither,16,domestic_only,simultaneous,e_only,0,81,0.0
neither,16,domestic_only,simultaneous,simultaneous,0,81,0.0
neither,16,domestic_only,simultaneous,d_to_e,0,81,0.0
neither,16,domestic_only,simultaneous,e_to_d,0,81,0.0
neither,16,domestic_only,d_to_e,none,0,81,0.0
neither,16,domestic_only,d_to_e,d_only,0,81,0.0
neither,16,domestic_only,d_to_e,e_only,0,81,0.0
neither,16,domestic_only,d_to_e,simultaneous,0,81,0.0
neither,16,domestic_only,d_to_e,d_to_e,0,81,0.0
neither,16,domestic_only,d_to_e,e_to_d,0,81,0.0
neither,16,domestic_only,e_to_d,none,0,81,0.0
neither,16,domestic_only,e_to_d,d_only,0,81,0.0
neither,16,domestic_only,e_to_d,e_only,0,81,0.0
neither,16,domestic_only,e_to_d,simultaneous,0,81,0.0
neither,16,domestic_only,e_to_d,d_to_e,0,81,0.0
neither,16,domestic_only,e_to_d,e_to_d,0,81,0.0
neither,16,customer_only,none,none,0,81,0.0
neither,16,customer_only,none,d_only,45,81,0.5555555555555556
neither,16,customer_only,none,e_only,0,81,0.0
neither,16,customer_only,none,simultaneous,0,81,0.0
neither,16,customer_only,none,d_to_e,0,81,0.0
neither,16,customer_only,none,e_to_d,0,81,0.0
neither,16,customer_only,d_only,none,0,81,0.0
neither,16,customer_only,d_only,d_only,0,81,0.0
neither,16,customer_only,d_only,e_only,0,81,0.0
neither,16,customer_only,d_only,simultaneous,0,81,0.0
neither,16,customer_only,d_only,d_to_e,0,81,0.0
neither,16,customer_only,d_only,e_to_d,0,81,0.0
neither,16,customer_only,e_only,none,0,81,0.0
neither,16,customer_only,e_only,d_only,30,81,0.37037037037037035
neither,16,customer_only,e_only,e_only,6,81,0.07407407407407407
neither,16,customer_only,e_only,simultaneous,0,81,0.0
neither,16,customer_only,e_only,d_to_e,0,81,0.0
neither,16,customer_only,e_only,e_to_d,0,81,0.0
neither,16,customer_only,simultaneous,none,0,81,0.0
neither,16,customer_only,simultaneous,d_only,0,81,0.0
neither,16,customer_only,simultaneous,e_only,0,81,0.0
neither,16,customer_only,simultaneous,simultaneous,0,81,0.0
neither,16,customer_only,simultaneous,d_to_e,0,81,0.0
neither,16,customer_only,simultaneous,e_to_d,0,81,0.0
neither,16,customer_only,d_to_e,none,0,81,0.0
neither,16,customer_only,d_to_e,d_only,0,81,0.0
neither,16,customer_only,d_to_e,e_only,0,81,0.0
neither,16,customer_only,d_to_e,simultaneous,0,81,0.0
neither,16,customer_only,d_to_e,d_to_e,0,81,0.0
neither,16,customer_only,d_to_e,e_to_d,0,81,0.0
neither,16,customer_only,e_to_d,none,0,81,0.0
neither,16,customer_only,e_to_d,d_only,0,81,0.0
neither,16,customer_only,e_to_d,e_only,0,81,0.0
neither,16,customer_only,e_to_d,simultaneous,0,81,0.0
neither,16,customer_only,e_to_d,d_to_e,0,81,0.0
neither,16,customer_only,e_to_d,e_to_d,0,81,0.0
neither,17,domestic_only,none,none,0,85,0.0
neither,17,domestic_only,none,d_only,0,85,0.0
neither,17,domestic_only,none,e_only,0,85,0.0
neither,17,domestic_only,none,simultaneous,0,85,0.0
neither,17,domestic_only,none,d_to_e,0,85,0.0
neither,17,domestic_only,none,e_to_d,0,85,0.0
neither,17,domestic_only,d_only,none,0,85,0.0
neither,17,domestic_only,d_only,d_only,71,85,0.8352941176470589
neither,17,domestic_only,d_only,e_only,11,85,0.12941176470588237
neither,17,domestic_only,d_only,simultaneous,3,85,0.03529411764705882
neither,17,domestic_only,d_only,d_to_e,0,85,0.0
neither,17,domestic_only,d_only,e_to_d,0,85,0.0
neither,17,domestic_only,e_only,none,0,85,0.0
neither,17,domestic_only,e_only,d_only,0,85,0.0
neither,17,domestic_only,e_only,e_only,0,85,0.0
neither,17,domestic_only,e_only,simultaneous,0,85,0.0
neither,17,domestic_only,e_only,d_to_e,0,85,0.0
neither,17,domestic_only,e_only,e_to_d,0,85,0.0
neither,17,domestic_only,simultaneous,none,0,85,0.0
neither,17,domestic_only,simultaneous,d_only,0,85,0.0
neither,17,domestic_only,simultaneous,e_only,0,85,0.0
neither,17,domestic_only,simultaneous,simultaneous,0,85,0.0
neither,17,domestic_only,simultaneous,d_to_e,0,85,0.0
neither,17,domestic_only,simultaneous,e_to_d,0,85,0.0
neither,17,domestic_only,d_to_e,none,0,85,0.0
neither,17,domestic_only,d_to_e,d_only,0,85,0.0
neither,17,domestic_only,d_to_e,e_only,0,85,0.0
neither,17,domestic_only,d_to_e,simultaneous,0,85,0.0
neither,17,domestic_only,d_to_e,d_to_e,0,85,0.0
neither,17,domestic_only,d_to_e,e_to_d,0,85,0.0
neither,17,domestic_only,e_to_d,none,0,85,0.0
neither,17,domestic_only,e_to_d,d_only,0,85,0.0
neither,17,domestic_only,e_to_d,e_only,0,85,0.0
neither,17,domestic_only,e_to_d,simultaneous,0,85,0.0
neither,17,domestic_only,e_to_d,d_to_e,0,85,0.0
neither,17,domestic_only,e_to_d,e_to_d,0,85,0.0
neither,17,customer_only,none,none,0,85,0.0
neither,17,customer_only,none,d_only,42,85,0.49411764705882355
neither,17,customer_only,none,e_only,0,85,0.0
neither,17,customer_only,none,simultaneous,0,85,0.0
neither,17,customer_only,none,d_to_e,0,85,0.0
neither,17,customer_only,none,e_to_d,0,85,0.0
neither,17,customer_only,d_only,none,0,85,0.0
neither,17,customer_only,d_only,d_only,0,85,0.0
neither,17,customer_only,d_only,e_only,0,85,0.0
neither,17,customer_only,d_only,simultaneous,0,85,0.0
neither,17,customer_only,d_only,d_to_e,0,85,0.0
neither,17,customer_only,d_only,e_to_d,0,85,0.0
neither,17,customer_only,e_only,none,0,85,0.0
neither,17,customer_only,e_only,d_only,29,85,0.3411764705882353
neither,17,customer_only,e_only,e_only,11,85,0.12941176470588237
neither,17,customer_only,e_only,simultaneous,3,85,0.03529411764705882
neither,17,customer_only,e_only,d_to_e,0,85,0.0
neither,17,customer_only,e_only,e_to_d,0,85,0.0
neither,17,customer_only,simultaneous,none,0,85,0.0
neither,17,customer_only,simultaneous,d_only,0,85,0.0
neither,17,customer_only,simultaneous,e_only,0,85,0.0
neither,17,customer_only,simultaneous,simultaneous,0,85,0.0
neither,17,customer_only,simultaneous,d_to_e,0,85,0.0
neither,17,customer_only,simultaneous,e_to_d,0,85,0.0
neither,17,customer_only,d_to_e,none,0,85,0.0
neither,17,customer_only,d_to_e,d_only,0,85,0.0
neither,17,customer_only,d_to_e,e_only,0,85,0.0
neither,17,customer_only,d_to_e,simultaneous,0,85,0.0
neither,17,customer_only,d_to_e,d_to_e,0,85,0.0
neither,17,customer_only,d_to_e,e_to_d,0,85,0.0
neither,17,customer_only,e_to_d,none,0,85,0.0
neither,17,customer_only,e_to_d,d_only,0,85,0.0
neither,17,customer_only,e_to_d,e_only,0,85,0.0
neither,17,customer_only,e_to_d,simultaneous,0,85,0.0
neither,17,customer_only,e_to_d,d_to_e,0,85,0.0
neither,17,customer_only,e_to_d,e_to_d,0,85,0.0
neither,18,domestic_only,none,none,0,71,0.0
neither,18,domestic_only,none,d_only,0,71,0.0
neither,18,domestic_only,none,e_only,0,71,0.0
neither,18,domestic_only,none,simultaneous,0,71,0.0
neither,18,domestic_only,none,d_to_e,0,71,0.0
neither,18,domestic_only,none,e_to_d,0,71,0.0
neither,18,domestic_only,d_only,none,0,71,0.0
neither,18,domestic_only,d_only,d_only,58,71,0.8169014084507042
neither,18,domestic_only,d_only,e_only,7,71,0.09859154929577464
neither,18,domestic_only,d_only,simultaneous,6,71,0.08450704225352113
neither,18,domestic_only,d_only,d_to_e,0,71,0.0
neither,18,domestic_only,d_only,e_to_d,0,71,0.0
neither,18,domestic_only,e_only,none,0,71,0.0
neither,18,domestic_only,e_only,d_only,0,71,0.0
neither,18,domestic_only,e_only,e_only,0,71,0.0
neither,18,domestic_only,e_only,simultaneous,0,71,0.0
neither,18,domestic_only,e_only,d_to_e,0,71,0.0
neither,18,domestic_only,e_only,e_to_d,0,71,0.0
neither,18,domestic_only,simultaneous,none,0,71,0.0
neither,18,domestic_only,simultaneous,d_only,0,71,0.0
neither,18,domestic_only,simultaneous,e_only,0,71,0.0
neither,18,domestic_only,simultaneous,simultaneous,0,71,0.0
neither,18,domestic_only,simultaneous,d_to_e,0,71,0.0
neither,18,domestic_only,simultaneous,e_to_d,0,71,0.0
neither,18,domestic_only,d_to_e,none,0,71,0.0
neither,18,domestic_only,d_to_e,d_only,0,71,0.0
neither,18,domestic_only,d_to_e,e_only,0,71,0.0
neither,18,domestic_only,d_to_e,simultaneous,0,71,0.0
neither,18,domestic_only,d_to_e,d_to_e,0,71,0.0
neither,18,domestic_only,d_to_e,e_to_d,0,71,0.0
neither,18,domestic_only,e_to_d,none,0,71,0.0
neither,18,domestic_only,e_to_d,d_only,0,71,0.0
neither,18,domestic_only,e_to_d,e_only,0,71,0.0
neither,18,domestic_only,e_to_d,simultaneous,0,71,0.0
neither,18,domestic_only,e_to_d,d_to_e,0,71,0.0
neither,18,domestic_only,e_to_d,e_to_d,0,71,0.0
neither,18,customer_only,none,none,0,71,0.0
neither,18,customer_only,none,d_only,18,71,0.2535211267605634
neither,18,customer_only,none,e_only,0,71,0.0
neither,18,customer_only,none,simultaneous,0,71,0.0
neither,18,customer_only,none,d_to_e,0,71,0.0
neither,18,customer_only,none,e_to_d,0,71,0.0
neither,18,customer_only,d_only,none,0,71,0.0
neither,18,customer_only,d_only,d_only,0,71,0.0
neither,18,customer_only,d_only,e_only,0,71,0.0
neither,18,customer_only,d_only,simultaneous,0,71,0.0
neither,18,customer_only,d_only,d_to_e,0,71,0.0
neither,18,customer_only,d_only,e_to_d,0,71,0.0
neither,18,customer_only,e_only,none,0,71,0.0
neither,18,customer_only,e_only,d_only,40,71,0.5633802816901409
neither,18,customer_only,e_only,e_only,7,71,0.09859154929577464
neither,18,customer_only,e_only,simultaneous,6,71,0.08450704225352113
neither,18,customer_only,e_only,d_to_e,0,71,0.0
neither,18,customer_only,e_only,e_to_d,0,71,0.0
neither,18,customer_only,simultaneous,none,0,71,0.0
neither,18,customer_only,simultaneous,d_only,0,71,0.0
neither,18,customer_only,simultaneous,e_only,0,71,0.0
neither,18,customer_only,simultaneous,simultaneous,0,71,0.0
neither,18,customer_only,simultaneous,d_to_e,0,71,0.0
neither,18,customer_only,simultaneous,e_to_d,0,71,0.0
neither,18,customer_only,d_to_e,none,0,71,0.0
neither,18,customer_only,d_to_e,d_only,0,71,0.0
neither,18,customer_only,d_to_e,e_only,0,71,0.0
neither,18,customer_only,d_to_e,simultaneous,0,71,0.0
neither,18,customer_only,d_to_e,d_to_e,0,71,0.0
neither,18,customer_only,d_to_e,e_to_d,0,71,0.0
neither,18,customer_only,e_to_d,none,0,71,0.0
neither,18,customer_only,e_to_d,d_only,0,71,0.0
neither,18,customer_only,e_to_d,e_only,0,71,0.0
neither,18,customer_only,e_to_d,simultaneous,0,71,0.0
neither,18,customer_only,e_to_d,d_to_e,0,71,0.0
neither,18,customer_only,e_to_d,e_to_d,0,71,0.0
neither,19,domestic_only,none,none,0,75,0.0
neither,19,domestic_only,none,d_only,0,75,0.0
neither,19,domestic_only,none,e_only,0,75,0.0
neither,19,domestic_only,none,simultaneous,0,75,0.0
neither,19,domestic_only,none,d_to_e,0,75,0.0
neither,19,domestic_only,none,e_to_d,0,75,0.0
neither,19,domestic_only,d_only,none,0,75,0.0
neither,19,domestic_only,d_only,d_only,62,75,0.8266666666666667
neither,19,domestic_only,d_only,e_only,5,75,0.06666666666666667
neither,19,domestic_only,d_only,simultaneous,8,75,0.10666666666666667
neither,19,domestic_only,d_only,d_to_e,0,75,0.0
neither,19,domestic_only,d_only,e_to_d,0,75,0.0
neither,19,domestic_only,e_only,none,0,75,0.0
neither,19,domestic_only,e_only,d_only,0,75,0.0
neither,19,domestic_only,e_only,e_only,0,75,0.0
neither,19,domestic_only,e_only,simultaneous,0,75,0.0
neither,19,domestic_only,e_only,d_to_e,0,75,0.0
neither,19,domestic_only,e_only,e_to_d,0,75,0.0
neither,19,domestic_only,simultaneous,none,0,75,0.0
neither,19,domestic_only,simultaneous,d_only,0,75,0.0
neither,19,domestic_only,simultaneous,e_only,0,75,0.0
neither,19,domestic_only,simultaneous,simultaneous,0,75,0.0
neither,19,domestic_only,simultaneous,d_to_e,0,75,0.0
neither,19,domestic_only,simultaneous,e_to_d,0,75,0.0
neither,19,domestic_only,d_to_e,none,0,75,0.0
neither,19,domestic_only,d_to_e,d_only,0,75,0.0
neither,19,domestic_only,d_to_e,e_only,0,75,0.0
neither,19,domestic_only,d_to_e,simultaneous,0,75,0.0
neither,19,domestic_only,d_to_e,d_to_e,0,75,0.0
neither,19,domestic_only,d_to_e,e_to_d,0,75,0.0
neither,19,domestic_only,e_to_d,none,0,75,0.0
neither,19,domestic_only,e_to_d,d_only,0,75,0.0
neither,19,domestic_only,e_to_d,e_only,0,75,0.0
neither,19,domestic_only,e_to_d,simultaneous,0,75,0.0
neither,19,domestic_only,e_to_d,d_to_e,0,75,0.0
neither,19,domestic_only,e_to_d,e_to_d,0,75,0.0
neither,19,customer_only,none,none,0,75,0.0
neither,19,customer_only,none,d_only,21,75,0.28
neither,19,customer_only,none,e_only,0,75,0.0
neither,19,customer_only,none,simultaneous,0,75,0.0
neither,19,customer_only,none,d_to_e,0,75,0.0
neither,19,customer_only,none,e_to_d,0,75,0.0
neither,19,customer_only,d_only,none,0,75,0.0
neither,19,customer_only,d_only,d_only,0,75,0.0
neither,19,customer_only,d_only,e_only,0,75,0.0
neither,19,customer_only,d_only,simultaneous,0,75,0.0
neither,19,customer_only,d_only,d_to_e,0,75,0.0
neither,19,customer_only,d_only,e_to_d,0,75,0.0
neither,19,customer_only,e_only,none,0,75,0.0
neither,19,customer_only,e_only,d_only,41,75,0.5466666666666666
neither,19,customer_only,e_only,e_only,5,75,0.06666666666666667
neither,19,customer_only,e_only,simultaneous,8,75,0.10666666666666667
neither,19,customer_only,e_only,d_to_e,0,75,0.0
neither,19,customer_only,e_only,e_to_d,0,75,0.0
neither,19,customer_only,simultaneous,none,0,75,0.0
neither,19,customer_only,simultaneous,d_only,0,75,0.0
neither,19,customer_only,simultaneous,e_only,0,75,0.0
neither,19,customer_only,simultaneous,simultaneous,0,75,0.0
neither,19,customer_only,simultaneous,d_to_e,0,75,0.0
neither,19,customer_only,simultaneous,e_to_d,0,75,0.0
neither,19,customer_only,d_to_e,none,0,75,0.0
neither,19,customer_only,d_to_e,d_only,0,75,0.0
neither,19,customer_only,d_to_e,e_only,0,75,0.0
neither,19,customer_only,d_to_e,simultaneous,0,75,0.0
neither,19,customer_only,d_to_e,d_to_e,0,75,0.0
neither,19,customer_only,d_to_e,e_to_d,0,75,0.0
neither,19,customer_only,e_to_d,none,0,75,0.0
neither,19,customer_only,e_to_d,d_only,0,75,0.0
neither,19,customer_only,e_to_d,e_only,0,75,0.0
neither,19,customer_only,e_to_d,simultaneous,0,75,0.0
neither,19,customer_only,e_to_d,d_to_e,0,75,0.0
neither,19,customer_only,e_to_d,e_to_d,0,75,0.0
network_ws,0,domestic_only,none,none,0,69,0.0
network_ws,0,domestic_only,none,d_only,0,69,0.0
network_ws,0,domestic_only,none,e_only,0,69,0.0
network_ws,0,domestic_only,none,simultaneous,0,69,0.0
network_ws,0,domestic_only,none,d_to_e,0,69,0.0
network_ws,0,domestic_only,none,e_to_d,0,69,0.0
network_ws,0,domestic_only,d_only,none,0,69,0.0
network_ws,0,domestic_only,d_only,d_only,32,69,0.463768115942029
network_ws,0,domestic_only,d_only,e_only,0,69,0.0
network_ws,0,domestic_only,d_only,simultaneous,7,69,0.10144927536231885
network_ws,0,domestic_only,d_only,d_to_e,24,69,0.34782608695652173
network_ws,0,domestic_only,d_only,e_to_d,6,69,0.08695652173913043
network_ws,0,domestic_only,e_only,none,0,69,0.0
network_ws,0,domestic_only,e_only,d_only,0,69,0.0
network_ws,0,domestic_only,e_only,e_only,0,69,0.0
network_ws,0,domestic_only,e_only,simultaneous,0,69,0.0
network_ws,0,domestic_only,e_only,d_to_e,0,69,0.0
network_ws,0,domestic_only,e_only,e_to_d,0,69,0.0
network_ws,0,domestic_only,simultaneous,none,0,69,0.0
network_ws,0,domestic_only,simultaneous,d_only,0,69,0.0
network_ws,0,domestic_only,simultaneous,e_only,0,69,0.0
network_ws,0,domestic_only,simultaneous,simultaneous,0,69,0.0
network_ws,0,domestic_only,simultaneous,d_to_e,0,69,0.0
network_ws,0,domestic_only,simultaneous,e_to_d,0,69,0.0
network_ws,0,domestic_only,d_to_e,none,0,69,0.0
network_ws,0,domestic_only,d_to_e,d_only,0,69,0.0
network_ws,0,domestic_only,d_to_e,e_only,0,69,0.0
network_ws,0,domestic_only,d_to_e,simultaneous,0,69,0.0
network_ws,0,domestic_only,d_to_e,d_to_e,0,69,0.0
network_ws,0,domestic_only,d_to_e,e_to_d,0,69,0.0
network_ws,0,domestic_only,e_to_d,none,0,69,0.0
network_ws,0,domestic_only,e_to_d,d_only,0,69,0.0
network_ws,0,domestic_only,e_to_d,e_only,0,69,0.0
network_ws,0,domestic_only,e_to_d,simultaneous,0,69,0.0
network_ws,0,domestic_only,e_to_d,d_to_e,0,69,0.0
network_ws,0,domestic_only,e_to_d,e_to_d,0,69,0.0
network_ws,0,customer_only,none,none,0,69,0.0
network_ws,0,customer_only,none,d_only,14,69,0.2028985507246377
network_ws,0,customer_only,none,e_only,0,69,0.0
network_ws,0,customer_only,none,simultaneous,0,69,0.0
network_ws,0,customer_only,none,d_to_e,0,69,0.0
network_ws,0,customer_only,none,e_to_d,0,69,0.0
network_ws,0,customer_only,d_only,none,0,69,0.0
network_ws,0,customer_only,d_only,d_only,0,69,0.0
network_ws,0,customer_only,d_only,e_only,0,69,0.0
network_ws,0,customer_only,d_only,simultaneous,0,69,0.0
network_ws,0,customer_only,d_only,d_to_e,0,69,0.0
network_ws,0,customer_only,d_only,e_to_d,0,69,0.0
network_ws,0,customer_only,e_only,none,0,69,0.0
network_ws,0,customer_only,e_only,d_only,18,69,0.2608695652173913
network_ws,0,customer_only,e_only,e_only,0,69,0.0
network_ws,0,customer_only,e_only,simultaneous,7,69,0.10144927536231885
network_ws,0,customer_only,e_only,d_to_e,24,69,0.34782608695652173
network_ws,0,customer_only,e_only,e_to_d,6,69,0.08695652173913043
network_ws,0,customer_only,simultaneous,none,0,69,0.0
network_ws,0,customer_only,simultaneous,d_only,0,69,0.0
network_ws,0,customer_only,simultaneous,e_only,0,69,0.0
network_ws,0,customer_only,simultaneous,simultaneous,0,69,0.0
network_ws,0,customer_only,simultaneous,d_to_e,0,69,0.0
network_ws,0,customer_only,simultaneous,e_to_d,0,69,0.0
network_ws,0,customer_only,d_to_e,none,0,69,0.0
network_ws,0,customer_only,d_to_e,d_only,0,69,0.0
network_ws,0,customer_only,d_to_e,e_only,0,69,0.0
network_ws,0,customer_only,d_to_e,simultaneous,0,69,0.0
network_ws,0,customer_only,d_to_e,d_to_e,0,69,0.0
network_ws,0,customer_only,d_to_e,e_to_d,0,69,0.0
network_ws,0,customer_only,e_to_d,none,0,69,0.0
network_ws,0,customer_only,e_to_d,d_only,0,69,0.0
network_ws,0,customer_only,e_to_d,e_only,0,69,0.0
network_ws,0,customer_only,e_to_d,simultaneous,0,69,0.0
network_ws,0,customer_only,e_to_d,d_to_e,0,69,0.0
network_ws,0,customer_only,e_to_d,e_to_d,0,69,0.0
network_ws,1,domestic_only,none,none,0,81,0.0
network_ws,1,domestic_only,none,d_only,0,81,0.0
network_ws,1,domestic_only,none,e_only,0,81,0.0
network_ws,1,domestic_only,none,simultaneous,0,81,0.0
network_ws,1,domestic_only,none,d_to_e,0,81,0.0
network_ws,1,domestic_only,none,e_to_d,0,81,0.0
network_ws,1,domestic_only,d_only,none,0,81,0.0
network_ws,1,domestic_only,d_only,d_only,34,81,0.41975308641975306
network_ws,1,domestic_only,d_only,e_only,1,81,0.012345679012345678
network_ws,1,domestic_only,d_only,simultaneous,14,81,0.1728395061728395
network_ws,1,domestic_only,d_only,d_to_e,30,81,0.37037037037037035
network_ws,1,domestic_only,d_only,e_to_d,2,81,0.024691358024691357
network_ws,1,domestic_only,e_only,none,0,81,0.0
network_ws,1,domestic_only,e_only,d_only,0,81,0.0
network_ws,1,domestic_only,e_only,e_only,0,81,0.0
network_ws,1,domestic_only,e_only,simultaneous,0,81,0.0
network_ws,1,domestic_only,e_only,d_to_e,0,81,0.0
network_ws,1,domestic_only,e_only,e_to_d,0,81,0.0
network_ws,1,domestic_only,simultaneous,none,0,81,0.0
network_ws,1,domestic_only,simultaneous,d_only,0,81,0.0
network_ws,1,domestic_only,simultaneous,e_only,0,81,0.0
network_ws,1,domestic_only,simultaneous,simultaneous,0,81,0.0
network_ws,1,domestic_only,simultaneous,d_to_e,0,81,0.0
network_ws,1,domestic_only,simultaneous,e_to_d,0,81,0.0
network_ws,1,domestic_only,d_to_e,none,0,81,0.0
network_ws,1,domestic_only,d_to_e,d_only,0,81,0.0
network_ws,1,domestic_only,d_to_e,e_only,0,81,0.0
network_ws,1,domestic_only,d_to_e,simultaneous,0,81,0.0
network_ws,1,domestic_only,d_to_e,d_to_e,0,81,0.0
network_ws,1,domestic_only,d_to_e,e_to_d,0,81,0.0
network_ws,1,domestic_only,e_to_d,none,0,81,0.0
network_ws,1,domestic_only,e_to_d,d_only,0,81,0.0
network_ws,1,domestic_only,e_to_d,e_only,0,81,0.0
network_ws,1,domestic_only,e_to_d,simultaneous,0,81,0.0
network_ws,1,domestic_only,e_to_d,d_to_e,0,81,0.0
network_ws,1,domestic_only,e_to_d,e_to_d,0,81,0.0
network_ws,1,customer_only,none,none,0,81,0.0
network_ws,1,customer_only,none,d_only,23,81,0.2839506172839506
network_ws,1,customer_only,none,e_only,0,81,0.0
network_ws,1,customer_only,none,simultaneous,0,81,0.0
network_ws,1,customer_only,none,d_to_e,1,81,0.012345679012345678
network_ws,1,customer_only,none,e_to_d,0,81,0.0
network_ws,1,customer_only,d_only,none,0,81,0.0
network_ws,1,customer_only,d_only,d_only,0,81,0.0
network_ws,1,customer_only,d_only,e_only,0,81,0.0
network_ws,1,customer_only,d_only,simultaneous,0,81,0.0
network_ws,1,customer_only,d_only,d_to_e,0,81,0.0
network_ws,1,customer_only,d_only,e_to_d,0,81,0.0
network_ws,1,customer_only,e_only,none,0,81,0.0
network_ws,1,customer_only,e_only,d_only,11,81,0.13580246913580246
network_ws,1,customer_only,e_only,e_only,1,81,0.012345679012345678
network_ws,1,customer_only,e_only,simultaneous,14,81,0.1728395061728395
network_ws,1,customer_only,e_only,d_to_e,29,81,0.35802469135802467
network_ws,1,customer_only,e_only,e_to_d,2,81,0.024691358024691357
network_ws,1,customer_only,simultaneous,none,0,81,0.0
network_ws,1,customer_only,simultaneous,d_only,0,81,0.0
network_ws,1,customer_only,simultaneous,e_only,0,81,0.0
network_ws,1,customer_only,simultaneous,simultaneous,0,81,0.0
network_ws,1,customer_only,simultaneous,d_to_e,0,81,0.0
network_ws,1,customer_only,simultaneous,e_to_d,0,81,0.0
network_ws,1,customer_only,d_to_e,none,0,81,0.0
network_ws,1,customer_only,d_to_e,d_only,0,81,0.0
network_ws,1,customer_only,d_to_e,e_only,0,81,0.0
network_ws,1,customer_only,d_to_e,simultaneous,0,81,0.0
network_ws,1,customer_only,d_to_e,d_to_e,0,81,0.0
network_ws,1,customer_only,d_to_e,e_to_d,0,81,0.0
network_ws,1,customer_only,e_to_d,none,0,81,0.0
network_ws,1,customer_only,e_to_d,d_only,0,81,0.0
network_ws,1,customer_only,e_to_d,e_only,0,81,0.0
network_ws,1,customer_only,e_to_d,simultaneous,0,81,0.0
network_ws,1,customer_only,e_to_d,d_to_e,0,81,0.0
network_ws,1,customer_only,e_to_d,e_to_d,0,81,0.0
network_ws,2,domestic_only,none,none,0,75,0.0
network_ws,2,domestic_only,none,d_only,0,75,0.0
network_ws,2,domestic_only,none,e_only,0,75,0.0
network_ws,2,domestic_only,none,simultaneous,0,75,0.0
network_ws,2,domestic_only,none,d_to_e,0,75,0.0
network_ws,2,domestic_only,none,e_to_d,0,75,0.0
network_ws,2,domestic_only,d_only,none,0,75,0.0
network_ws,2,domestic_only,d_only,d_only,40,75,0.5333333333333333
network_ws,2,domestic_only,d_only,e_only,0,75,0.0
network_ws,2,domestic_only,d_only,simultaneous,10,75,0.13333333333333333
network_ws,2,domestic_only,d_only,d_to_e,21,75,0.28
network_ws,2,domestic_only,d_only,e_to_d,4,75,0.05333333333333334
network_ws,2,domestic_only,e_only,none,0,75,0.0
network_ws,2,domestic_only,e_only,d_only,0,75,0.0
network_ws,2,domestic_only,e_only,e_only,0,75,0.0
network_ws,2,domestic_only,e_only,simultaneous,0,75,0.0
network_ws,2,domestic_only,e_only,d_to_e,0,75,0.0
network_ws,2,domestic_only,e_only,e_to_d,0,75,0.0
network_ws,2,domestic_only,simultaneous,none,0,75,0.0
network_ws,2,domestic_only,simultaneous,d_only,0,75,0.0
network_ws,2,domestic_only,simultaneous,e_only,0,75,0.0
network_ws,2,domestic_only,simultaneous,simultaneous,0,75,0.0
network_ws,2,domestic_only,simultaneous,d_to_e,0,75,0.0
network_ws,2,domestic_only,simultaneous,e_to_d,0,75,0.0
network_ws,2,domestic_only,d_to_e,none,0,75,0.0
network_ws,2,domestic_only,d_to_e,d_only,0,75,0.0
network_ws,2,domestic_only,d_to_e,e_only,0,75,0.0
network_ws,2,domestic_only,d_to_e,simultaneous,0,75,0.0
network_ws,2,domestic_only,d_to_e,d_to_e,0,75,0.0
network_ws,2,domestic_only,d_to_e,e_to_d,0,75,0.0
network_ws,2,domestic_only,e_to_d,none,0,75,0.0
network_ws,2,domestic_only,e_to_d,d_only,0,75,0.0
network_ws,2,domestic_only,e_to_d,e_only,0,75,0.0
network_ws,2,domestic_only,e_to_d,simultaneous,0,75,0.0
network_ws,2,domestic_only,e_to_d,d_to_e,0,75,0.0
network_ws,2,domestic_only,e_to_d,e_to_d,0,75,0.0
network_ws,2,customer_only,none,none,0,75,0.0
network_ws,2,customer_only,none,d_only,26,75,0.3466666666666667
network_ws,2,customer_only,none,e_only,0,75,0.0
network_ws,2,customer_only,none,simultaneous,0,75,0.0
network_ws,2,customer_only,none,d_to_e,0,75,0.0
network_ws,2,customer_only,none,e_to_d,0,75,0.0
network_ws,2,customer_only,d_only,none,0,75,0.0
network_ws,2,customer_only,d_only,d_only,0,75,0.0
network_ws,2,customer_only,d_only,e_only,0,75,0.0
network_ws,2,customer_only,d_only,simultaneous,0,75,0.0
network_ws,2,customer_only,d_only,d_to_e,0,75,0.0
network_ws,2,customer_only,d_only,e_to_d,0,75,0.0
network_ws,2,customer_only,e_only,none,0,75,0.0
network_ws,2,customer_only,e_only,d_only,14,75,0.18666666666666668
network_ws,2,customer_only,e_only,e_only,0,75,0.0
network_ws,2,customer_only,e_only,simultaneous,10,75,0.13333333333333333
network_ws,2,customer_only,e_only,d_to_e,21,75,0.28
network_ws,2,customer_only,e_only,e_to_d,4,75,0.05333333333333334
network_ws,2,customer_only,simultaneous,none,0,75,0.0
network_ws,2,customer_only,simultaneous,d_only,0,75,0.0
network_ws,2,customer_only,simultaneous,e_only,0,75,0.0
network_ws,2,customer_only,simultaneous,simultaneous,0,75,0.0
network_ws,2,customer_only,simultaneous,d_to_e,0,75,0.0
network_ws,2,customer_only,simultaneous,e_to_d,0,75,0.0
network_ws,2,customer_only,d_to_e,none,0,75,0.0
network_ws,2,customer_only,d_to_e,d_only,0,75,0.0
network_ws,2,customer_only,d_to_e,e_only,0,75,0.0
network_ws,2,customer_only,d_to_e,simultaneous,0,75,0.0
network_ws,2,customer_only,d_to_e,d_to_e,0,75,0.0
network_ws,2,customer_only,d_to_e,e_to_d,0,75,0.0
network_ws,2,customer_only,e_to_d,none,0,75,0.0
network_ws,2,customer_only,e_to_d,d_only,0,75,0.0
network_ws,2,customer_only,e_to_d,e_only,0,75,0.0
network_ws,2,customer_only,e_to_d,simultaneous,0,75,0.0
network_ws,2,customer_only,e_to_d,d_to_e,0,75,0.0
network_ws,2,customer_only,e_to_d,e_to_d,0,75,0.0
network_ws,3,domestic_only,none,none,0,84,0.0
network_ws,3,domestic_only,none,d_only,0,84,0.0
network_ws,3,domestic_only,none,e_only,0,84,0.0
network_ws,3,domestic_only,none,simultaneous,0,84,0.0
network_ws,3,domestic_only,none,d_to_e,0,84,0.0
network_ws,3,domestic_only,none,e_to_d,0,84,0.0
network_ws,3,domestic_only,d_only,none,0,84,0.0
network_ws,3,domestic_only,d_only,d_only,41,84,0.4880952380952381
network_ws,3,domestic_only,d_only,e_only,3,84,0.03571428571428571
network_ws,3,domestic_only,d_only,simultaneous,6,84,0.07142857142857142
network_ws,3,domestic_only,d_only,d_to_e,31,84,0.36904761904761907
network_ws,3,domestic_only,d_only,e_to_d,3,84,0.03571428571428571
network_ws,3,domestic_only,e_only,none,0,84,0.0
network_ws,3,domestic_only,e_only,d_only,0,84,0.0
network_ws,3,domestic_only,e_only,e_only,0,84,0.0
network_ws,3,domestic_only,e_only,simultaneous,0,84,0.0
network_ws,3,domestic_only,e_only,d_to_e,0,84,0.0
network_ws,3,domestic_only,e_only,e_to_d,0,84,0.0
network_ws,3,domestic_only,simultaneous,none,0,84,0.0
network_ws,3,domestic_only,simultaneous,d_only,0,84,0.0
network_ws,3,domestic_only,simultaneous,e_only,0,84,0.0
network_ws,3,domestic_only,simultaneous,simultaneous,0,84,0.0
network_ws,3,domestic_only,simultaneous,d_to_e,0,84,0.0
network_ws,3,domestic_only,simultaneous,e_to_d,0,84,0.0
network_ws,3,domestic_only,d_to_e,none,0,84,0.0
network_ws,3,domestic_only,d_to_e,d_only,0,84,0.0
network_ws,3,domestic_only,d_to_e,e_only,0,84,0.0
network_ws,3,domestic_only,d_to_e,simultaneous,0,84,0.0
network_ws,3,domestic_only,d_to_e,d_to_e,0,84,0.0
network_ws,3,domestic_only,d_to_e,e_to_d,0,84,0.0
network_ws,3,domestic_only,e_to_d,none,0,84,0.0
network_ws,3,domestic_only,e_to_d,d_only,0,84,0.0
network_ws,3,domestic_only,e_to_d,e_only,0,84,0.0
network_ws,3,domestic_only,e_to_d,simultaneous,0,84,0.0
network_ws,3,domestic_only,e_to_d,d_to_e,0,84,0.0
network_ws,3,domestic_only,e_to_d,e_to_d,0,84,0.0
network_ws,3,customer_only,none,none,0,84,0.0
network_ws,3,customer_only,none,d_only,24,84,0.2857142857142857
network_ws,3,customer_only,none,e_only,0,84,0.0
network_ws,3,customer_only,none,simultaneous,0,84,0.0
network_ws,3,customer_only,none,d_to_e,0,84,0.0
network_ws,3,customer_only,none,e_to_d,0,84,0.0
network_ws,3,customer_only,d_only,none,0,84,0.0
network_ws,3,customer_only,d_only,d_only,0,84,0.0
network_ws,3,customer_only,d_only,e_only,0,84,0.0
network_ws,3,customer_only,d_only,simultaneous,0,84,0.0
network_ws,3,customer_only,d_only,d_to_e,0,84,0.0
network_ws,3,customer_only,d_only,e_to_d,0,84,0.0
network_ws,3,customer_only,e_only,none,0,84,0.0
network_ws,3,customer_only,e_only,d_only,17,84,0.20238095238095238
network_ws,3,customer_only,e_only,e_only,3,84,0.03571428571428571
network_ws,3,customer_only,e_only,simultaneous,6,84,0.07142857142857142
network_ws,3,customer_only,e_only,d_to_e,31,84,0.36904761904761907
network_ws,3,customer_only,e_only,e_to_d,3,84,0.03571428571428571
network_ws,3,customer_only,simultaneous,none,0,84,0.0
network_ws,3,customer_only,simultaneous,d_only,0,84,0.0
network_ws,3,customer_only,simultaneous,e_only,0,84,0.0
network_ws,3,customer_only,simultaneous,simultaneous,0,84,0.0
network_ws,3,customer_only,simultaneous,d_to_e,0,84,0.0
network_ws,3,customer_only,simultaneous,e_to_d,0,84,0.0
network_ws,3,customer_only,d_to_e,none,0,84,0.0
network_ws,3,customer_only,d_to_e,d_only,0,84,0.0
network_ws,3,customer_only,d_to_e,e_only,0,84,0.0
network_ws,3,customer_only,d_to_e,simultaneous,0,84,0.0
network_ws,3,customer_only,d_to_e,d_to_e,0,84,0.0
network_ws,3,customer_only,d_to_e,e_to_d,0,84,0.0
network_ws,3,customer_only,e_to_d,none,0,84,0.0
network_ws,3,customer_only,e_to_d,d_only,0,84,0.0
network_ws,3,customer_only,e_to_d,e_only,0,84,0.0
network_ws,3,customer_only,e_to_d,simultaneous,0,84,0.0
network_ws,3,customer_only,e_to_d,d_to_e,0,84,0.0
network_ws,3,customer_only,e_to_d,e_to_d,0,84,0.0
network_ws,4,domestic_only,none,none,0,82,0.0
network_ws,4,domestic_only,none,d_only,0,82,0.0
network_ws,4,domestic_only,none,e_only,0,82,0.0
network_ws,4,domestic_only,none,simultaneous,0,82,0.0
network_ws,4,domestic_only,none,d_to_e,0,82,0.0
network_ws,4,domestic_only,none,e_to_d,0,82,0.0
network_ws,4,domestic_only,d_only,none,0,82,0.0
network_ws,4,domestic_only,d_only,d_only,52,82,0.6341463414634146
network_ws,4,domestic_only,d_only,e_only,3,82,0.036585365853658534
network_ws,4,domestic_only,d_only,simultaneous,5,82,0.06097560975609756
network_ws,4,domestic_only,d_only,d_to_e,19,82,0.23170731707317074
network_ws,4,domestic_only,d_only,e_to_d,3,82,0.036585365853658534
network_ws,4,domestic_only,e_only,none,0,82,0.0
network_ws,4,domestic_only,e_only,d_only,0,82,0.0
network_ws,4,domestic_only,e_only,e_only,0,82,0.0
network_ws,4,domestic_only,e_only,simultaneous,0,82,0.0
network_ws,4,domestic_only,e_only,d_to_e,0,82,0.0
network_ws,4,domestic_only,e_only,e_to_d,0,82,0.0
network_ws,4,domestic_only,simultaneous,none,0,82,0.0
network_ws,4,domestic_only,simultaneous,d_only,0,82,0.0
network_ws,4,domestic_only,simultaneous,e_only,0,82,0.0
network_ws,4,domestic_only,simultaneous,simultaneous,0,82,0.0
network_ws,4,domestic_only,simultaneous,d_to_e,0,82,0.0
network_ws,4,domestic_only,simultaneous,e_to_d,0,82,0.0
network_ws,4,domestic_only,d_to_e,none,0,82,0.0
network_ws,4,domestic_only,d_to_e,d_only,0,82,0.0
network_ws,4,domestic_only,d_to_e,e_only,0,82,0.0
network_ws,4,domestic_only,d_to_e,simultaneous,0,82,0.0
network_ws,4,domestic_only,d_to_e,d_to_e,0,82,0.0
network_ws,4,domestic_only,d_to_e,e_to_d,0,82,0.0
network_ws,4,domestic_only,e_to_d,none,0,82,0.0
network_ws,4,domestic_only,e_to_d,d_only,0,82,0.0
network_ws,4,domestic_only,e_to_d,e_only,0,82,0.0
network_ws,4,domestic_only,e_to_d,simultaneous,0,82,0.0
network_ws,4,domestic_only,e_to_d,d_to_e,0,82,0.0
network_ws,4,domestic_only,e_to_d,e_to_d,0,82,0.0
network_ws,4,customer_only,none,none,0,82,0.0
network_ws,4,customer_only,none,d_only,43,82,0.524390243902439
network_ws,4,customer_only,none,e_only,0,82,0.0
network_ws,4,customer_only,none,simultaneous,0,82,0.0
network_ws,4,customer_only,none,d_to_e,0,82,0.0
network_ws,4,customer_only,none,e_to_d,0,82,0.0
network_ws,4,customer_only,d_only,none,0,82,0.0
network_ws,4,customer_only,d_only,d_only,0,82,0.0
network_ws,4,customer_only,d_only,e_only,0,82,0.0
network_ws,4,customer_only,d_only,simultaneous,0,82,0.0
network_ws,4,customer_only,d_only,d_to_e,0,82,0.0
network_ws,4,customer_only,d_only,e_to_d,0,82,0.0
network_ws,4,customer_only,e_only,none,0,82,0.0
network_ws,4,customer_only,e_only,d_only,9,82,0.10975609756097561
network_ws,4,customer_only,e_only,e_only,3,82,0.036585365853658534
network_ws,4,customer_only,e_only,simultaneous,5,82,0.06097560975609756
network_ws,4,customer_only,e_only,d_to_e,19,82,0.23170731707317074
network_ws,4,customer_only,e_only,e_to_d,3,82,0.036585365853658534
network_ws,4,customer_only,simultaneous,none,0,82,0.0
network_ws,4,customer_only,simultaneous,d_only,0,82,0.0
network_ws,4,customer_only,simultaneous,e_only,0,82,0.0
network_ws,4,customer_only,simultaneous,simultaneous,0,82,0.0
network_ws,4,customer_only,simultaneous,d_to_e,0,82,0.0
network_ws,4,customer_only,simultaneous,e_to_d,0,82,0.0
network_ws,4,customer_only,d_to_e,none,0,82,0.0
network_ws,4,customer_only,d_to_e,d_only,0,82,0.0
network_ws,4,customer_only,d_to_e,e_only,0,82,0.0
network_ws,4,customer_only,d_to_e,simultaneous,0,82,0.0
network_ws,4,customer_only,d_to_e,d_to_e,0,82,0.0
network_ws,4,customer_only,d_to_e,e_to_d,0,82,0.0
network_ws,4,customer_only,e_to_d,none,0,82,0.0
network_ws,4,customer_only,e_to_d,d_only,0,82,0.0
network_ws,4,customer_only,e_to_d,e_only,0,82,0.0
network_ws,4,customer_only,e_to_d,simultaneous,0,82,0.0
network_ws,4,customer_only,e_to_d,d_to_e,0,82,0.0
network_ws,4,customer_only,e_to_d,e_to_d,0,82,0.0
network_ws,5,domestic_only,none,none,0,85,0.0
network_ws,5,domestic_only,none,d_only,0,85,0.0
network_ws,5,domestic_only,none,e_only,0,85,0.0
network_ws,5,domestic_only,none,simultaneous,0,85,0.0
network_ws,5,domestic_only,none,d_to_e,0,85,0.0
network_ws,5,domestic_only,none,e_to_d,0,85,0.0
network_ws,5,domestic_only,d_only,none,0,85,0.0
network_ws,5,domestic_only,d_only,d_only,44,85,0.5176470588235295
network_ws,5,domestic_only,d_only,e_only,1,85,0.011764705882352941
network_ws,5,domestic_only,d_only,simultaneous,6,85,0.07058823529411765
network_ws,5,domestic_only,d_only,d_to_e,27,85,0.3176470588235294
network_ws,5,domestic_only,d_only,e_to_d,7,85,0.08235294117647059
network_ws,5,domestic_only,e_only,none,0,85,0.0
network_ws,5,domestic_only,e_only,d_only,0,85,0.0
network_ws,5,domestic_only,e_only,e_only,0,85,0.0
network_ws,5,domestic_only,e_only,simultaneous,0,85,0.0
network_ws,5,domestic_only,e_only,d_to_e,0,85,0.0
network_ws,5,domestic_only,e_only,e_to_d,0,85,0.0
network_ws,5,domestic_only,simultaneous,none,0,85,0.0
network_ws,5,domestic_only,simultaneous,d_only,0,85,0.0
network_ws,5,domestic_only,simultaneous,e_only,0,85,0.0
network_ws,5,domestic_only,simultaneous,simultaneous,0,85,0.0
network_ws,5,domestic_only,simultaneous,d_to_e,0,85,0.0
network_ws,5,domestic_only,simultaneous,e_to_d,0,85,0.0
network_ws,5,domestic_only,d_to_e,none,0,85,0.0
network_ws,5,domestic_only,d_to_e,d_only,0,85,0.0
network_ws,5,domestic_only,d_to_e,e_only,0,85,0.0
network_ws,5,domestic_only,d_to_e,simultaneous,0,85,0.0
network_ws,5,domestic_only,d_to_e,d_to_e,0,85,0.0
network_ws,5,domestic_only,d_to_e,e_to_d,0,85,0.0
network_ws,5,domestic_only,e_to_d,none,0,85,0.0
network_ws,5,domestic_only,e_to_d,d_only,0,85,0.0
network_ws,5,domestic_only,e_to_d,e_only,0,85,0.0
network_ws,5,domestic_only,e_to_d,simultaneous,0,85,0.0
network_ws,5,domestic_only,e_to_d,d_to_e,0,85,0.0
network_ws,5,domestic_only,e_to_d,e_to_d,0,85,0.0
network_ws,5,customer_only,none,none,0,85,0.0
network_ws,5,customer_only,none,d_only,30,85,0.35294117647058826
network_ws,5,customer_only,none,e_only,0,85,0.0
network_ws,5,customer_only,none,simultaneous,0,85,0.0
network_ws,5,customer_only,none,d_to_e,0,85,0.0
network_ws,5,customer_only,none,e_to_d,0,85,0.0
network_ws,5,customer_only,d_only,none,0,85,0.0
network_ws,5,customer_only,d_only,d_only,0,85,0.0
network_ws,5,customer_only,d_only,e_only,0,85,0.0
network_ws,5,customer_only,d_only,simultaneous,0,85,0.0
network_ws,5,customer_only,d_only,d_to_e,0,85,0.0
network_ws,5,customer_only,d_only,e_to_d,0,85,0.0
network_ws,5,customer_only,e_only,none,0,85,0.0
network_ws,5,customer_only,e_only,d_only,14,85,0.16470588235294117
network_ws,5,customer_only,e_only,e_only,1,85,0.011764705882352941
network_ws,5,customer_only,e_only,simultaneous,6,85,0.07058823529411765
network_ws,5,customer_only,e_only,d_to_e,27,85,0.3176470588235294
network_ws,5,customer_only,e_only,e_to_d,7,85,0.08235294117647059
network_ws,5,customer_only,simultaneous,none,0,85,0.0
network_ws,5,customer_only,simultaneous,d_only,0,85,0.0
network_ws,5,customer_only,simultaneous,e_only,0,85,0.0
network_ws,5,customer_only,simultaneous,simultaneous,0,85,0.0
network_ws,5,customer_only,simultaneous,d_to_e,0,85,0.0
network_ws,5,customer_only,simultaneous,e_to_d,0,85,0.0
network_ws,5,customer_only,d_to_e,none,0,85,0.0
network_ws,5,customer_only,d_to_e,d_only,0,85,0.0
network_ws,5,customer_only,d_to_e,e_only,0,85,0.0
network_ws,5,customer_only,d_to_e,simultaneous,0,85,0.0
network_ws,5,customer_only,d_to_e,d_to_e,0,85,0.0
network_ws,5,customer_only,d_to_e,e_to_d,0,85,0.0
network_ws,5,customer_only,e_to_d,none,0,85,0.0
network_ws,5,customer_only,e_to_d,d_only,0,85,0.0
network_ws,5,customer_only,e_to_d,e_only,0,85,0.0
network_ws,5,customer_only,e_to_d,simultaneous,0,85,0.0
network_ws,5,customer_only,e_to_d,d_to_e,0,85,0.0
network_ws,5,customer_only,e_to_d,e_to_d,0,85,0.0
network_ws,6,domestic_only,none,none,0,86,0.0
network_ws,6,domestic_only,none,d_only,0,86,0.0
network_ws,6,domestic_only,none,e_only,0,86,0.0
network_ws,6,domestic_only,none,simultaneous,0,86,0.0
network_ws,6,domestic_only,none,d_to_e,0,86,0.0
network_ws,6,domestic_only,none,e_to_d,0,86,0.0
network_ws,6,domestic_only,d_only,none,0,86,0.0
network_ws,6,domestic_only,d_only,d_only,45,86,0.5232558139534884
network_ws,6,domestic_only,d_only,e_only,1,86,0.011627906976744186
network_ws,6,domestic_only,d_only,simultaneous,5,86,0.05813953488372093
network_ws,6,domestic_only,d_only,d_to_e,29,86,0.3372093023255814
network_ws,6,domestic_only,d_only,e_to_d,6,86,0.06976744186046512
network_ws,6,domestic_only,e_only,none,0,86,0.0
network_ws,6,domestic_only,e_only,d_only,0,86,0.0
network_ws,6,domestic_only,e_only,e_only,0,86,0.0
network_ws,6,domestic_only,e_only,simultaneous,0,86,0.0
network_ws,6,domestic_only,e_only,d_to_e,0,86,0.0
network_ws,6,domestic_only,e_only,e_to_d,0,86,0.0
network_ws,6,domestic_only,simultaneous,none,0,86,0.0
network_ws,6,domestic_only,simultaneous,d_only,0,86,0.0
network_ws,6,domestic_only,simultaneous,e_only,0,86,0.0
network_ws,6,domestic_only,simultaneous,simultaneous,0,86,0.0
network_ws,6,domestic_only,simultaneous,d_to_e,0,86,0.0
network_ws,6,domestic_only,simultaneous,e_to_d,0,86,0.0
network_ws,6,domestic_only,d_to_e,none,0,86,0.0
network_ws,6,domestic_only,d_to_e,d_only,0,86,0.0
network_ws,6,domestic_only,d_to_e,e_only,0,86,0.0
network_ws,6,domestic_only,d_to_e,simultaneous,0,86,0.0
network_ws,6,domestic_only,d_to_e,d_to_e,0,86,0.0
network_ws,6,domestic_only,d_to_e,e_to_d,0,86,0.0
network_ws,6,domestic_only,e_to_d,none,0,86,0.0
network_ws,6,domestic_only,e_to_d,d_only,0,86,0.0
network_ws,6,domestic_only,e_to_d,e_only,0,86,0.0
network_ws,6,domestic_only,e_to_d,simultaneous,0,86,0.0
network_ws,6,domestic_only,e_to_d,d_to_e,0,86,0.0
network_ws,6,domestic_only,e_to_d,e_to_d,0,86,0.0
network_ws,6,customer_only,none,none,0,86,0.0
network_ws,6,customer_only,none,d_only,30,86,0.3488372093023256
network_ws,6,customer_only,none,e_only,0,86,0.0
network_ws,6,customer_only,none,simultaneous,0,86,0.0
network_ws,6,customer_only,none,d_to_e,0,86,0.0
network_ws,6,customer_only,none,e_to_d,0,86,0.0
network_ws,6,customer_only,d_only,none,0,86,0.0
network_ws,6,customer_only,d_only,d_only,0,86,0.0
network_ws,6,customer_only,d_only,e_only,0,86,0.0
network_ws,6,customer_only,d_only,simultaneous,0,86,0.0
network_ws,6,customer_only,d_only,d_to_e,0,86,0.0
network_ws,6,customer_only,d_only,e_to_d,0,86,0.0
network_ws,6,customer_only,e_only,none,0,86,0.0
network_ws,6,customer_only,e_only,d_only,15,86,0.1744186046511628
network_ws,6,customer_only,e_only,e_only,1,86,0.011627906976744186
network_ws,6,customer_only,e_only,simultaneous,5,86,0.05813953488372093
network_ws,6,customer_only,e_only,d_to_e,29,86,0.3372093023255814
network_ws,6,customer_only,e_only,e_to_d,6,86,0.06976744186046512
network_ws,6,customer_only,simultaneous,none,0,86,0.0
network_ws,6,customer_only,simultaneous,d_only,0,86,0.0
network_ws,6,customer_only,simultaneous,e_only,0,86,0.0
network_ws,6,customer_only,simultaneous,simultaneous,0,86,0.0
network_ws,6,customer_only,simultaneous,d_to_e,0,86,0.0
network_ws,6,customer_only,simultaneous,e_to_d,0,86,0.0
network_ws,6,customer_only,d_to_e,none,0,86,0.0
network_ws,6,customer_only,d_to_e,d_only,0,86,0.0
network_ws,6,customer_only,d_to_e,e_only,0,86,0.0
network_ws,6,customer_only,d_to_e,simultaneous,0,86,0.0
network_ws,6,customer_only,d_to_e,d_to_e,0,86,0.0
network_ws,6,customer_only,d_to_e,e_to_d,0,86,0.0
network_ws,6,customer_only,e_to_d,none,0,86,0.0
network_ws,6,customer_only,e_to_d,d_only,0,86,0.0
network_ws,6,customer_only,e_to_d,e_only,0,86,0.0
network_ws,6,customer_only,e_to_d,simultaneous,0,86,0.0
network_ws,6,customer_only,e_to_d,d_to_e,0,86,0.0
network_ws,6,customer_only,e_to_d,e_to_d,0,86,0.0
network_ws,7,domestic_only,none,none,0,84,0.0
network_ws,7,domestic_only,none,d_only,0,84,0.0
network_ws,7,domestic_only,none,e_only,0,84,0.0
network_ws,7,domestic_only,none,simultaneous,0,84,0.0
network_ws,7,domestic_only,none,d_to_e,0,84,0.0
network_ws,7,domestic_only,none,e_to_d,0,84,0.0
network_ws,7,domestic_only,d_only,none,0,84,0.0
network_ws,7,domestic_only,d_only,d_only,52,84,0.6190476190476191
network_ws,7,domestic_only,d_only,e_only,0,84,0.0
network_ws,7,domestic_only,d_only,simultaneous,10,84,0.11904761904761904
network_ws,7,domestic_only,d_only,d_to_e,18,84,0.21428571428571427
network_ws,7,domestic_only,d_only,e_to_d,4,84,0.047619047619047616
network_ws,7,domestic_only,e_only,none,0,84,0.0
network_ws,7,domestic_only,e_only,d_only,0,84,0.0
network_ws,7,domestic_only,e_only,e_only,0,84,0.0
network_ws,7,domestic_only,e_only,simultaneous,0,84,0.0
network_ws,7,domestic_only,e_only,d_to_e,0,84,0.0
network_ws,7,domestic_only,e_only,e_to_d,0,84,0.0
network_ws,7,domestic_only,simultaneous,none,0,84,0.0
network_ws,7,domestic_only,simultaneous,d_only,0,84,0.0
network_ws,7,domestic_only,simultaneous,e_only,0,84,0.0
network_ws,7,domestic_only,simultaneous,simultaneous,0,84,0.0
network_ws,7,domestic_only,simultaneous,d_to_e,0,84,0.0
network_ws,7,domestic_only,simultaneous,e_to_d,0,84,0.0
network_ws,7,domestic_only,d_to_e,none,0,84,0.0
network_ws,7,domestic_only,d_to_e,d_only,0,84,0.0
network_ws,7,domestic_only,d_to_e,e_only,0,84,0.0
network_ws,7,domestic_only,d_to_e,simultaneous,0,84,0.0
network_ws,7,domestic_only,d_to_e,d_to_e,0,84,0.0
network_ws,7,domestic_only,d_to_e,e_to_d,0,84,0.0
network_ws,7,domestic_only,e_to_d,none,0,84,0.0
network_ws,7,domestic_only,e_to_d,d_only,0,84,0.0
network_ws,7,domestic_only,e_to_d,e_only,0,84,0.0
network_ws,7,domestic_only,e_to_d,simultaneous,0,84,0.0
network_ws,7,domestic_only,e_to_d,d_to_e,0,84,0.0
network_ws,7,domestic_only,e_to_d,e_to_d,0,84,0.0
network_ws,7,customer_only,none,none,0,84,0.0
network_ws,7,customer_only,none,d_only,36,84,0.42857142857142855
network_ws,7,customer_only,none,e_only,0,84,0.0
network_ws,7,customer_only,none,simultaneous,0,84,0.0
network_ws,7,customer_only,none,d_to_e,0,84,0.0
network_ws,7,customer_only,none,e_to_d,0,84,0.0
network_ws,7,customer_only,d_only,none,0,84,0.0
network_ws,7,customer_only,d_only,d_only,0,84,0.0
network_ws,7,customer_only,d_only,e_only,0,84,0.0
network_ws,7,customer_only,d_only,simultaneous,0,84,0.0
network_ws,7,customer_only,d_only,d_to_e,0,84,0.0
network_ws,7,customer_only,d_only,e_to_d,0,84,0.0
network_ws,7,customer_only,e_only,none,0,84,0.0
network_ws,7,customer_only,e_only,d_only,16,84,0.19047619047619047
network_ws,7,customer_only,e_only,e_only,0,84,0.0
network_ws,7,customer_only,e_only,simultaneous,10,84,0.11904761904761904
network_ws,7,customer_only,e_only,d_to_e,18,84,0.21428571428571427
network_ws,7,customer_only,e_only,e_to_d,4,84,0.047619047619047616
network_ws,7,customer_only,simultaneous,none,0,84,0.0
network_ws,7,customer_only,simultaneous,d_only,0,84,0.0
network_ws,7,customer_only,simultaneous,e_only,0,84,0.0
network_ws,7,customer_only,simultaneous,simultaneous,0,84,0.0
network_ws,7,customer_only,simultaneous,d_to_e,0,84,0.0
network_ws,7,customer_only,simultaneous,e_to_d,0,84,0.0
network_ws,7,customer_only,d_to_e,none,0,84,0.0
network_ws,7,customer_only,d_to_e,d_only,0,84,0.0
network_ws,7,customer_only,d_to_e,e_only,0,84,0.0
network_ws,7,customer_only,d_to_e,simultaneous,0,84,0.0
network_ws,7,customer_only,d_to_e,d_to_e,0,84,0.0
network_ws,7,customer_only,d_to_e,e_to_d,0,84,0.0
network_ws,7,customer_only,e_to_d,none,0,84,0.0
network_ws,7,customer_only,e_to_d,d_only,0,84,0.0
network_ws,7,customer_only,e_to_d,e_only,0,84,0.0
network_ws,7,customer_only,e_to_d,simultaneous,0,84,0.0
network_ws,7,customer_only,e_to_d,d_to_e,0,84,0.0
network_ws,7,customer_only,e_to_d,e_to_d,0,84,0.0
network_ws,8,domestic_only,none,none,0,71,0.0
network_ws,8,domestic_only,none,d_only,0,71,0.0
network_ws,8,domestic_only,none,e_only,0,71,0.0
network_ws,8,domestic_only,none,simultaneous,0,71,0.0
network_ws,8,domestic_only,none,d_to_e,0,71,0.0
network_ws,8,domestic_only,none,e_to_d,0,71,0.0
network_ws,8,domestic_only,d_only,none,0,71,0.0
network_ws,8,domestic_only,d_only,d_only,47,71,0.6619718309859155
network_ws,8,domestic_only,d_only,e_only,0,71,0.0
network_ws,8,domestic_only,d_only,simultaneous,9,71,0.1267605633802817
network_ws,8,domestic_only,d_only,d_to_e,14,71,0.19718309859154928
network_ws,8,domestic_only,d_only,e_to_d,1,71,0.014084507042253521
network_ws,8,domestic_only,e_only,none,0,71,0.0
network_ws,8,domestic_only,e_only,d_only,0,71,0.0
network_ws,8,domestic_only,e_only,e_only,0,71,0.0
network_ws,8,domestic_only,e_only,simultaneous,0,71,0.0
network_ws,8,domestic_only,e_only,d_to_e,0,71,0.0
network_ws,8,domestic_only,e_only,e_to_d,0,71,0.0
network_ws,8,domestic_only,simultaneous,none,0,71,0.0
network_ws,8,domestic_only,simultaneous,d_only,0,71,0.0
network_ws,8,domestic_only,simultaneous,e_only,0,71,0.0
network_ws,8,domestic_only,simultaneous,simultaneous,0,71,0.0
network_ws,8,domestic_only,simultaneous,d_to_e,0,71,0.0
network_ws,8,domestic_only,simultaneous,e_to_d,0,71,0.0
network_ws,8,domestic_only,d_to_e,none,0,71,0.0
network_ws,8,domestic_only,d_to_e,d_only,0,71,0.0
network_ws,8,domestic_only,d_to_e,e_only,0,71,0.0
network_ws,8,domestic_only,d_to_e,simultaneous,0,71,0.0
network_ws,8,domestic_only,d_to_e,d_to_e,0,71,0.0
network_ws,8,domestic_only,d_to_e,e_to_d,0,71,0.0
network_ws,8,domestic_only,e_to_d,none,0,71,0.0
network_ws,8,domestic_only,e_to_d,d_only,0,71,0.0
network_ws,8,domestic_only,e_to_d,e_only,0,71,0.0
network_ws,8,domestic_only,e_to_d,simultaneous,0,71,0.0
network_ws,8,domestic_only,e_to_d,d_to_e,0,71,0.0
network_ws,8,domestic_only,e_to_d,e_to_d,0,71,0.0
network_ws,8,customer_only,none,none,0,71,0.0
network_ws,8,customer_only,none,d_only,33,71,0.4647887323943662
network_ws,8,customer_only,none,e_only,0,71,0.0
network_ws,8,customer_only,none,simultaneous,0,71,0.0
network_ws,8,customer_only,none,d_to_e,0,71,0.0
network_ws,8,customer_only,none,e_to_d,0,71,0.0
network_ws,8,customer_only,d_only,none,0,71,0.0
network_ws,8,customer_only,d_only,d_only,0,71,0.0
network_ws,8,customer_only,d_only,e_only,0,71,0.0
network_ws,8,customer_only,d_only,simultaneous,0,71,0.0
network_ws,8,customer_only,d_only,d_to_e,0,71,0.0
network_ws,8,customer_only,d_only,e_to_d,0,71,0.0
network_ws,8,customer_only,e_only,none,0,71,0.0
network_ws,8,customer_only,e_only,d_only,14,71,0.19718309859154928
network_ws,8,customer_only,e_only,e_only,0,71,0.0
network_ws,8,customer_only,e_only,simultaneous,9,71,0.1267605633802817
network_ws,8,customer_only,e_only,d_to_e,14,71,0.19718309859154928
network_ws,8,customer_only,e_only,e_to_d,1,71,0.014084507042253521
network_ws,8,customer_only,simultaneous,none,0,71,0.0
network_ws,8,customer_only,simultaneous,d_only,0,71,0.0
network_ws,8,customer_only,simultaneous,e_only,0,71,0.0
network_ws,8,customer_only,simultaneous,simultaneous,0,71,0.0
network_ws,8,customer_only,simultaneous,d_to_e,0,71,0.0
network_ws,8,customer_only,simultaneous,e_to_d,0,71,0.0
network_ws,8,customer_only,d_to_e,none,0,71,0.0
network_ws,8,customer_only,d_to_e,d_only,0,71,0.0
network_ws,8,customer_only,d_to_e,e_only,0,71,0.0
network_ws,8,customer_only,d_to_e,simultaneous,0,71,0.0
network_ws,8,customer_only,d_to_e,d_to_e,0,71,0.0
network_ws,8,customer_only,d_to_e,e_to_d,0,71,0.0
network_ws,8,customer_only,e_to_d,none,0,71,0.0
network_ws,8,customer_only,e_to_d,d_only,0,71,0.0
network_ws,8,customer_only,e_to_d,e_only,0,71,0.0
network_ws,8,customer_only,e_to_d,simultaneous,0,71,0.0
network_ws,8,customer_only,e_to_d,d_to_e,0,71,0.0
network_ws,8,customer_only,e_to_d,e_to_d,0,71,0.0
network_ws,9,domestic_only,none,none,0,64,0.0
network_ws,9,domestic_only,none,d_only,0,64,0.0
network_ws,9,domestic_only,none,e_only,0,64,0.0
network_ws,9,domestic_only,none,simultaneous,0,64,0.0
network_ws,9,domestic_only,none,d_to_e,0,64,0.0
network_ws,9,domestic_only,none,e_to_d,0,64,0.0
network_ws,9,domestic_only,d_only,none,0,64,0.0
network_ws,9,domestic_only,d_only,d_only,29,64,0.453125
network_ws,9,domestic_only,d_only,e_only,0,64,0.0
network_ws,9,domestic_only,d_only,simultaneous,4,64,0.0625
network_ws,9,domestic_only,d_only,d_to_e,27,64,0.421875
network_ws,9,domestic_only,d_only,e_to_d,4,64,0.0625
network_ws,9,domestic_only,e_only,none,0,64,0.0
network_ws,9,domestic_only,e_only,d_only,0,64,0.0
network_ws,9,domestic_only,e_only,e_only,0,64,0.0
network_ws,9,domestic_only,e_only,simultaneous,0,64,0.0
network_ws,9,domestic_only,e_only,d_to_e,0,64,0.0
network_ws,9,domestic_only,e_only,e_to_d,0,64,0.0
network_ws,9,domestic_only,simultaneous,none,0,64,0.0
network_ws,9,domestic_only,simultaneous,d_only,0,64,0.0
network_ws,9,domestic_only,simultaneous,e_only,0,64,0.0
network_ws,9,domestic_only,simultaneous,simultaneous,0,64,0.0
network_ws,9,domestic_only,simultaneous,d_to_e,0,64,0.0
network_ws,9,domestic_only,simultaneous,e_to_d,0,64,0.0
network_ws,9,domestic_only,d_to_e,none,0,64,0.0
network_ws,9,domestic_only,d_to_e,d_only,0,64,0.0
network_ws,9,domestic_only,d_to_e,e_only,0,64,0.0
network_ws,9,domestic_only,d_to_e,simultaneous,0,64,0.0
network_ws,9,domestic_only,d_to_e,d_to_e,0,64,0.0
network_ws,9,domestic_only,d_to_e,e_to_d,0,64,0.0
network_ws,9,domestic_only,e_to_d,none,0,64,0.0
network_ws,9,domestic_only,e_to_d,d_only,0,64,0.0
network_ws,9,domestic_only,e_to_d,e_only,0,64,0.0
network_ws,9,domestic_only,e_to_d,simultaneous,0,64,0.0
network_ws,9,domestic_only,e_to_d,d_to_e,0,64,0.0
network_ws,9,domestic_only,e_to_d,e_to_d,0,64,0.0
network_ws,9,customer_only,none,none,0,64,0.0
network_ws,9,customer_only,none,d_only,20,64,0.3125
network_ws,9,customer_only,none,e_only,0,64,0.0
network_ws,9,customer_only,none,simultaneous,0,64,0.0
network_ws,9,customer_only,none,d_to_e,0,64,0.0
network_ws,9,customer_only,none,e_to_d,0,64,0.0
network_ws,9,customer_only,d_only,none,0,64,0.0
network_ws,9,customer_only,d_only,d_only,0,64,0.0
network_ws,9,customer_only,d_only,e_only,0,64,0.0
network_ws,9,customer_only,d_only,simultaneous,0,64,0.0
network_ws,9,customer_only,d_only,d_to_e,0,64,0.0
network_ws,9,customer_only,d_only,e_to_d,0,64,0.0
network_ws,9,customer_only,e_only,none,0,64,0.0
network_ws,9,customer_only,e_only,d_only,9,64,0.140625
network_ws,9,customer_only,e_only,e_only,0,64,0.0
network_ws,9,customer_only,e_only,simultaneous,4,64,0.0625
network_ws,9,customer_only,e_only,d_to_e,27,64,0.421875
network_ws,9,customer_only,e_only,e_to_d,4,64,0.0625
network_ws,9,customer_only,simultaneous,none,0,64,0.0
network_ws,9,customer_only,simultaneous,d_only,0,64,0.0
network_ws,9,customer_only,simultaneous,e_only,0,64,0.0
network_ws,9,customer_only,simultaneous,simultaneous,0,64,0.0
network_ws,9,customer_only,simultaneous,d_to_e,0,64,0.0
network_ws,9,customer_only,simultaneous,e_to_d,0,64,0.0
network_ws,9,customer_only,d_to_e,none,0,64,0.0
network_ws,9,customer_only,d_to_e,d_only,0,64,0.0
network_ws,9,customer_only,d_to_e,e_only,0,64,0.0
network_ws,9,customer_only,d_to_e,simultaneous,0,64,0.0
network_ws,9,customer_only,d_to_e,d_to_e,0,64,0.0
network_ws,9,customer_only,d_to_e,e_to_d,0,64,0.0
network_ws,9,customer_only,e_to_d,none,0,64,0.0
network_ws,9,customer_only,e_to_d,d_only,0,64,0.0
network_ws,9,customer_only,e_to_d,e_only,0,64,0.0
network_ws,9,customer_only,e_to_d,simultaneous,0,64,0.0
network_ws,9,customer_only,e_to_d,d_to_e,0,64,0.0
network_ws,9,customer_only,e_to_d,e_to_d,0,64,0.0
network_ws,10,domestic_only,none,none,0,77,0.0
network_ws,10,domestic_only,none,d_only,0,77,0.0
network_ws,10,domestic_only,none,e_only,0,77,0.0
network_ws,10,domestic_only,none,simultaneous,0,77,0.0
network_ws,10,domestic_only,none,d_to_e,0,77,0.0
network_ws,10,domestic_only,none,e_to_d,0,77,0.0
network_ws,10,domestic_only,d_only,none,0,77,0.0
network_ws,10,domestic_only,d_only,d_only,55,77,0.7142857142857143
network_ws,10,domestic_only,d_only,e_only,0,77,0.0
network_ws,10,domestic_only,d_only,simultaneous,7,77,0.09090909090909091
network_ws,10,domestic_only,d_only,d_to_e,13,77,0.16883116883116883
network_ws,10,domestic_only,d_only,e_to_d,2,77,0.025974025974025976
network_ws,10,domestic_only,e_only,none,0,77,0.0
network_ws,10,domestic_only,e_only,d_only,0,77,0.0
network_ws,10,domestic_only,e_only,e_only,0,77,0.0
network_ws,10,domestic_only,e_only,simultaneous,0,77,0.0
network_ws,10,domestic_only,e_only,d_to_e,0,77,0.0
network_ws,10,domestic_only,e_only,e_to_d,0,77,0.0
network_ws,10,domestic_only,simultaneous,none,0,77,0.0
network_ws,10,domestic_only,simultaneous,d_only,0,77,0.0
network_ws,10,domestic_only,simultaneous,e_only,0,77,0.0
network_ws,10,domestic_only,simultaneous,simultaneous,0,77,0.0
network_ws,10,domestic_only,simultaneous,d_to_e,0,77,0.0
network_ws,10,domestic_only,simultaneous,e_to_d,0,77,0.0
network_ws,10,domestic_only,d_to_e,none,0,77,0.0
network_ws,10,domestic_only,d_to_e,d_only,0,77,0.0
network_ws,10,domestic_only,d_to_e,e_only,0,77,0.0
network_ws,10,domestic_only,d_to_e,simultaneous,0,77,0.0
network_ws,10,domestic_only,d_to_e,d_to_e,0,77,0.0
network_ws,10,domestic_only,d_to_e,e_to_d,0,77,0.0
network_ws,10,domestic_only,e_to_d,none,0,77,0.0
network_ws,10,domestic_only,e_to_d,d_only,0,77,0.0
network_ws,10,domestic_only,e_to_d,e_only,0,77,0.0
network_ws,10,domestic_only,e_to_d,simultaneous,0,77,0.0
network_ws,10,domestic_only,e_to_d,d_to_e,0,77,0.0
network_ws,10,domestic_only,e_to_d,e_to_d,0,77,0.0
network_ws,10,customer_only,none,none,0,77,0.0
network_ws,10,customer_only,none,d_only,45,77,0.5844155844155844
network_ws,10,customer_only,none,e_only,0,77,0.0
network_ws,10,customer_only,none,simultaneous,0,77,0.0
network_ws,10,customer_only,none,d_to_e,0,77,0.0
network_ws,10,customer_only,none,e_to_d,0,77,0.0
network_ws,10,customer_only,d_only,none,0,77,0.0
network_ws,10,customer_only,d_only,d_only,0,77,0.0
network_ws,10,customer_only,d_only,e_only,0,77,0.0
network_ws,10,customer_only,d_only,simultaneous,0,77,0.0
network_ws,10,customer_only,d_only,d_to_e,0,77,0.0
network_ws,10,customer_only,d_only,e_to_d,0,77,0.0
network_ws,10,customer_only,e_only,none,0,77,0.0
network_ws,10,customer_only,e_only,d_only,10,77,0.12987012987012986
network_ws,10,customer_only,e_only,e_only,0,77,0.0
network_ws,10,customer_only,e_only,simultaneous,7,77,0.09090909090909091
network_ws,10,customer_only,e_only,d_to_e,13,77,0.16883116883116883
network_ws,10,customer_only,e_only,e_to_d,2,77,0.025974025974025976
network_ws,10,customer_only,simultaneous,none,0,77,0.0
network_ws,10,customer_only,simultaneous,d_only,0,77,0.0
network_ws,10,customer_only,simultaneous,e_only,0,77,0.0
network_ws,10,customer_only,simultaneous,simultaneous,0,77,0.0
network_ws,10,customer_only,simultaneous,d_to_e,0,77,0.0
network_ws,10,customer_only,simultaneous,e_to_d,0,77,0.0
network_ws,10,customer_only,d_to_e,none,0,77,0.0
network_ws,10,customer_only,d_to_e,d_only,0,77,0.0
network_ws,10,customer_only,d_to_e,e_only,0,77,0.0
network_ws,10,customer_only,d_to_e,simultaneous,0,77,0.0
network_ws,10,customer_only,d_to_e,d_to_e,0,77,0.0
network_ws,10,customer_only,d_to_e,e_to_d,0,77,0.0
network_ws,10,customer_only,e_to_d,none,0,77,0.0
network_ws,10,customer_only,e_to_d,d_only,0,77,0.0
network_ws,10,customer_only,e_to_d,e_only,0,77,0.0
network_ws,10,customer_only,e_to_d,simultaneous,0,77,0.0
network_ws,10,customer_only,e_to_d,d_to_e,0,77,0.0
network_ws,10,customer_only,e_to_d,e_to_d,0,77,0.0
network_ws,11,domestic_only,none,none,0,75,0.0
network_ws,11,domestic_only,none,d_only,0,75,0.0
network_ws,11,domestic_only,none,e_only,0,75,0.0
network_ws,11,domestic_only,none,simultaneous,0,75,0.0
network_ws,11,domestic_only,none,d_to_e,0,75,0.0
network_ws,11,domestic_only,none,e_to_d,0,75,0.0
network_ws,11,domestic_only,d_only,none,0,75,0.0
network_ws,11,domestic_only,d_only,d_only,44,75,0.5866666666666667
network_ws,11,domestic_only,d_only,e_only,0,75,0.0
network_ws,11,domestic_only,d_only,simultaneous,6,75,0.08
network_ws,11,domestic_only,d_only,d_to_e,19,75,0.25333333333333335
network_ws,11,domestic_only,d_only,e_to_d,6,75,0.08
network_ws,11,domestic_only,e_only,none,0,75,0.0
network_ws,11,domestic_only,e_only,d_only,0,75,0.0
network_ws,11,domestic_only,e_only,e_only,0,75,0.0
network_ws,11,domestic_only,e_only,simultaneous,0,75,0.0
network_ws,11,domestic_only,e_only,d_to_e,0,75,0.0
network_ws,11,domestic_only,e_only,e_to_d,0,75,0.0
network_ws,11,domestic_only,simultaneous,none,0,75,0.0
network_ws,11,domestic_only,simultaneous,d_only,0,75,0.0
network_ws,11,domestic_only,simultaneous,e_only,0,75,0.0
network_ws,11,domestic_only,simultaneous,simultaneous,0,75,0.0
network_ws,11,domestic_only,simultaneous,d_to_e,0,75,0.0
network_ws,11,domestic_only,simultaneous,e_to_d,0,75,0.0
network_ws,11,domestic_only,d_to_e,none,0,75,0.0
network_ws,11,domestic_only,d_to_e,d_only,0,75,0.0
network_ws,11,domestic_only,d_to_e,e_only,0,75,0.0
network_ws,11,domestic_only,d_to_e,simultaneous,0,75,0.0
network_ws,11,domestic_only,d_to_e,d_to_e,0,75,0.0
network_ws,11,domestic_only,d_to_e,e_to_d,0,75,0.0
network_ws,11,domestic_only,e_to_d,none,0,75,0.0
network_ws,11,domestic_only,e_to_d,d_only,0,75,0.0
network_ws,11,domestic_only,e_to_d,e_only,0,75,0.0
network_ws,11,domestic_only,e_to_d,simultaneous,0,75,0.0
network_ws,11,domestic_only,e_to_d,d_to_e,0,75,0.0
network_ws,11,domestic_only,e_to_d,e_to_d,0,75,0.0
network_ws,11,customer_only,none,none,0,75,0.0
network_ws,11,customer_only,none,d_only,36,75,0.48
network_ws,11,customer_only,none,e_only,0,75,0.0
network_ws,11,customer_only,none,simultaneous,0,75,0.0
network_ws,11,customer_only,none,d_to_e,0,75,0.0
network_ws,11,customer_only,none,e_to_d,0,75,0.0
network_ws,11,customer_only,d_only,none,0,75,0.0
network_ws,11,customer_only,d_only,d_only,0,75,0.0
network_ws,11,customer_only,d_only,e_only,0,75,0.0
network_ws,11,customer_only,d_only,simultaneous,0,75,0.0
network_ws,11,customer_only,d_only,d_to_e,0,75,0.0
network_ws,11,customer_only,d_only,e_to_d,0,75,0.0
network_ws,11,customer_only,e_only,none,0,75,0.0
network_ws,11,customer_only,e_only,d_only,8,75,0.10666666666666667
network_ws,11,customer_only,e_only,e_only,0,75,0.0
network_ws,11,customer_only,e_only,simultaneous,6,75,0.08
network_ws,11,customer_only,e_only,d_to_e,19,75,0.25333333333333335
network_ws,11,customer_only,e_only,e_to_d,6,75,0.08
network_ws,11,customer_only,simultaneous,none,0,75,0.0
network_ws,11,customer_only,simultaneous,d_only,0,75,0.0
network_ws,11,customer_only,simultaneous,e_only,0,75,0.0
network_ws,11,customer_only,simultaneous,simultaneous,0,75,0.0
network_ws,11,customer_only,simultaneous,d_to_e,0,75,0.0
network_ws,11,customer_only,simultaneous,e_to_d,0,75,0.0
network_ws,11,customer_only,d_to_e,none,0,75,0.0
network_ws,11,customer_only,d_to_e,d_only,0,75,0.0
network_ws,11,customer_only,d_to_e,e_only,0,75,0.0
network_ws,11,customer_only,d_to_e,simultaneous,0,75,0.0
network_ws,11,customer_only,d_to_e,d_to_e,0,75,0.0
network_ws,11,customer_only,d_to_e,e_to_d,0,75,0.0
network_ws,11,customer_only,e_to_d,none,0,75,0.0
network_ws,11,customer_only,e_to_d,d_only,0,75,0.0
network_ws,11,customer_only,e_to_d,e_only,0,75,0.0
network_ws,11,customer_only,e_to_d,simultaneous,0,75,0.0
network_ws,11,customer_only,e_to_d,d_to_e,0,75,0.0
network_ws,11,customer_only,e_to_d,e_to_d,0,75,0.0
network_ws,12,domestic_only,none,none,0,77,0.0
network_ws,12,domestic_only,none,d_only,0,77,0.0
network_ws,12,domestic_only,none,e_only,0,77,0.0
network_ws,12,domestic_only,none,simultaneous,0,77,0.0
network_ws,12,domestic_only,none,d_to_e,0,77,0.0
network_ws,12,domestic_only,none,e_to_d,0,77,0.0
network_ws,12,domestic_only,d_only,none,0,77,0.0
network_ws,12,domestic_only,d_only,d_only,42,77,0.5454545454545454
network_ws,12,domestic_only,d_only,e_only,1,77,0.012987012987012988
network_ws,12,domestic_only,d_only,simultaneous,6,77,0.07792207792207792
network_ws,12,domestic_only,d_only,d_to_e,22,77,0.2857142857142857
network_ws,12,domestic_only,d_only,e_to_d,6,77,0.07792207792207792
network_ws,12,domestic_only,e_only,none,0,77,0.0
network_ws,12,domestic_only,e_only,d_only,0,77,0.0
network_ws,12,domestic_only,e_only,e_only,0,77,0.0
network_ws,12,domestic_only,e_only,simultaneous,0,77,0.0
network_ws,12,domestic_only,e_only,d_to_e,0,77,0.0
network_ws,12,domestic_only,e_only,e_to_d,0,77,0.0
network_ws,12,domestic_only,simultaneous,none,0,77,0.0
network_ws,12,domestic_only,simultaneous,d_only,0,77,0.0
network_ws,12,domestic_only,simultaneous,e_only,0,77,0.0
network_ws,12,domestic_only,simultaneous,simultaneous,0,77,0.0
network_ws,12,domestic_only,simultaneous,d_to_e,0,77,0.0
network_ws,12,domestic_only,simultaneous,e_to_d,0,77,0.0
network_ws,12,domestic_only,d_to_e,none,0,77,0.0
network_ws,12,domestic_only,d_to_e,d_only,0,77,0.0
network_ws,12,domestic_only,d_to_e,e_only,0,77,0.0
network_ws,12,domestic_only,d_to_e,simultaneous,0,77,0.0
network_ws,12,domestic_only,d_to_e,d_to_e,0,77,0.0
network_ws,12,domestic_only,d_to_e,e_to_d,0,77,0.0
network_ws,12,domestic_only,e_to_d,none,0,77,0.0
network_ws,12,domestic_only,e_to_d,d_only,0,77,0.0
network_ws,12,domestic_only,e_to_d,e_only,0,77,0.0
network_ws,12,domestic_only,e_to_d,simultaneous,0,77,0.0
network_ws,12,domestic_only,e_to_d,d_to_e,0,77,0.0
network_ws,12,domestic_only,e_to_d,e_to_d,0,77,0.0
network_ws,12,customer_only,none,none,0,77,0.0
network_ws,12,customer_only,none,d_only,26,77,0.33766233766233766
network_ws,12,customer_only,none,e_only,0,77,0.0
network_ws,12,customer_only,none,simultaneous,0,77,0.0
network_ws,12,customer_only,none,d_to_e,0,77,0.0
network_ws,12,customer_only,none,e_to_d,0,77,0.0
network_ws,12,customer_only,d_only,none,0,77,0.0
network_ws,12,customer_only,d_only,d_only,0,77,0.0
network_ws,12,customer_only,d_only,e_only,0,77,0.0
network_ws,12,customer_only,d_only,simultaneous,0,77,0.0
network_ws,12,customer_only,d_only,d_to_e,0,77,0.0
network_ws,12,customer_only,d_only,e_to_d,0,77,0.0
network_ws,12,customer_only,e_only,none,0,77,0.0
network_ws,12,customer_only,e_only,d_only,16,77,0.2077922077922078
network_ws,12,customer_only,e_only,e_only,1,77,0.012987012987012988
network_ws,12,customer_only,e_only,simultaneous,6,77,0.07792207792207792
network_ws,12,customer_only,e_only,d_to_e,22,77,0.2857142857142857
network_ws,12,customer_only,e_only,e_to_d,6,77,0.07792207792207792
network_ws,12,customer_only,simultaneous,none,0,77,0.0
network_ws,12,customer_only,simultaneous,d_only,0,77,0.0
network_ws,12,customer_only,simultaneous,e_only,0,77,0.0
network_ws,12,customer_only,simultaneous,simultaneous,0,77,0.0
network_ws,12,customer_only,simultaneous,d_to_e,0,77,0.0
network_ws,12,customer_only,simultaneous,e_to_d,0,77,0.0
network_ws,12,customer_only,d_to_e,none,0,77,0.0
network_ws,12,customer_only,d_to_e,d_only,0,77,0.0
network_ws,12,customer_only,d_to_e,e_only,0,77,0.0
network_ws,12,customer_only,d_to_e,simultaneous,0,77,0.0
network_ws,12,customer_only,d_to_e,d_to_e,0,77,0.0
network_ws,12,customer_only,d_to_e,e_to_d,0,77,0.0
network_ws,12,customer_only,e_to_d,none,0,77,0.0
network_ws,12,customer_only,e_to_d,d_only,0,77,0.0
network_ws,12,customer_only,e_to_d,e_only,0,77,0.0
network_ws,12,customer_only,e_to_d,simultaneous,0,77,0.0
network_ws,12,customer_only,e_to_d,d_to_e,0,77,0.0
network_ws,12,customer_only,e_to_d,e_to_d,0,77,0.0
network_ws,13,domestic_only,none,none,0,88,0.0
network_ws,13,domestic_only,none,d_only,0,88,0.0
network_ws,13,domestic_only,none,e_only,0,88,0.0
network_ws,13,domestic_only,none,simultaneous,0,88,0.0
network_ws,13,domestic_only,none,d_to_e,0,88,0.0
network_ws,13,domestic_only,none,e_to_d,0,88,0.0
network_ws,13,domestic_only,d_only,none,0,88,0.0
network_ws,13,domestic_only,d_only,d_only,41,88,0.4659090909090909
network_ws,13,domestic_only,d_only,e_only,6,88,0.06818181818181818
network_ws,13,domestic_only,d_only,simultaneous,4,88,0.045454545454545456
network_ws,13,domestic_only,d_only,d_to_e,31,88,0.3522727272727273
network_ws,13,domestic_only,d_only,e_to_d,6,88,0.06818181818181818
network_ws,13,domestic_only,e_only,none,0,88,0.0
network_ws,13,domestic_only,e_only,d_only,0,88,0.0
network_ws,13,domestic_only,e_only,e_only,0,88,0.0
network_ws,13,domestic_only,e_only,simultaneous,0,88,0.0
network_ws,13,domestic_only,e_only,d_to_e,0,88,0.0
network_ws,13,domestic_only,e_only,e_to_d,0,88,0.0
network_ws,13,domestic_only,simultaneous,none,0,88,0.0
network_ws,13,domestic_only,simultaneous,d_only,0,88,0.0
network_ws,13,domestic_only,simultaneous,e_only,0,88,0.0
network_ws,13,domestic_only,simultaneous,simultaneous,0,88,0.0
network_ws,13,domestic_only,simultaneous,d_to_e,0,88,0.0
network_ws,13,domestic_only,simultaneous,e_to_d,0,88,0.0
network_ws,13,domestic_only,d_to_e,none,0,88,0.0
network_ws,13,domestic_only,d_to_e,d_only,0,88,0.0
network_ws,13,domestic_only,d_to_e,e_only,0,88,0.0
network_ws,13,domestic_only,d_to_e,simultaneous,0,88,0.0
network_ws,13,domestic_only,d_to_e,d_to_e,0,88,0.0
network_ws,13,domestic_only,d_to_e,e_to_d,0,88,0.0
network_ws,13,domestic_only,e_to_d,none,0,88,0.0
network_ws,13,domestic_only,e_to_d,d_only,0,88,0.0
network_ws,13,domestic_only,e_to_d,e_only,0,88,0.0
network_ws,13,domestic_only,e_to_d,simultaneous,0,88,0.0
network_ws,13,domestic_only,e_to_d,d_to_e,0,88,0.0
network_ws,13,domestic_only,e_to_d,e_to_d,0,88,0.0
network_ws,13,customer_only,none,none,0,88,0.0
network_ws,13,customer_only,none,d_only,22,88,0.25
network_ws,13,customer_only,none,e_only,0,88,0.0
network_ws,13,customer_only,none,simultaneous,0,88,0.0
network_ws,13,customer_only,none,d_to_e,0,88,0.0
network_ws,13,customer_only,none,e_to_d,0,88,0.0
network_ws,13,customer_only,d_only,none,0,88,0.0
network_ws,13,customer_only,d_only,d_only,0,88,0.0
network_ws,13,customer_only,d_only,e_only,0,88,0.0
network_ws,13,customer_only,d_only,simultaneous,0,88,0.0
network_ws,13,customer_only,d_only,d_to_e,0,88,0.0
network_ws,13,customer_only,d_only,e_to_d,0,88,0.0
network_ws,13,customer_only,e_only,none,0,88,0.0
network_ws,13,customer_only,e_only,d_only,19,88,0.2159090909090909
network_ws,13,customer_only,e_only,e_only,6,88,0.06818181818181818
network_ws,13,customer_only,e_only,simultaneous,4,88,0.045454545454545456
network_ws,13,customer_only,e_only,d_to_e,31,88,0.3522727272727273
network_ws,13,customer_only,e_only,e_to_d,6,88,0.06818181818181818
network_ws,13,customer_only,simultaneous,none,0,88,0.0
network_ws,13,customer_only,simultaneous,d_only,0,88,0.0
network_ws,13,customer_only,simultaneous,e_only,0,88,0.0
network_ws,13,customer_only,simultaneous,simultaneous,0,88,0.0
network_ws,13,customer_only,simultaneous,d_to_e,0,88,0.0
network_ws,13,customer_only,simultaneous,e_to_d,0,88,0.0
network_ws,13,customer_only,d_to_e,none,0,88,0.0
network_ws,13,customer_only,d_to_e,d_only,0,88,0.0
network_ws,13,customer_only,d_to_e,e_only,0,88,0.0
network_ws,13,customer_only,d_to_e,simultaneous,0,88,0.0
network_ws,13,customer_only,d_to_e,d_to_e,0,88,0.0
network_ws,13,customer_only,d_to_e,e_to_d,0,88,0.0
network_ws,13,customer_only,e_to_d,none,0,88,0.0
network_ws,13,customer_only,e_to_d,d_only,0,88,0.0
network_ws,13,customer_only,e_to_d,e_only,0,88,0.0
network_ws,13,customer_only,e_to_d,simultaneous,0,88,0.0
network_ws,13,customer_only,e_to_d,d_to_e,0,88,0.0
network_ws,13,customer_only,e_to_d,e_to_d,0,88,0.0
network_ws,14,domestic_only,none,none,0,69,0.0
network_ws,14,domestic_only,none,d_only,0,69,0.0
network_ws,14,domestic_only,none,e_only,0,69,0.0
network_ws,14,domestic_only,none,simultaneous,0,69,0.0
network_ws,14,domestic_only,none,d_to_e,0,69,0.0
network_ws,14,domestic_only,none,e_to_d,0,69,0.0
network_ws,14,domestic_only,d_only,none,0,69,0.0
network_ws,14,domestic_only,d_only,d_only,41,69,0.5942028985507246
network_ws,14,domestic_only,d_only,e_only,0,69,0.0
network_ws,14,domestic_only,d_only,simultaneous,4,69,0.057971014492753624
network_ws,14,domestic_only,d_only,d_to_e,18,69,0.2608695652173913
network_ws,14,domestic_only,d_only,e_to_d,6,69,0.08695652173913043
network_ws,14,domestic_only,e_only,none,0,69,0.0
network_ws,14,domestic_only,e_only,d_only,0,69,0.0
network_ws,14,domestic_only,e_only,e_only,0,69,0.0
network_ws,14,domestic_only,e_only,simultaneous,0,69,0.0
network_ws,14,domestic_only,e_only,d_to_e,0,69,0.0
network_ws,14,domestic_only,e_only,e_to_d,0,69,0.0
network_ws,14,domestic_only,simultaneous,none,0,69,0.0
network_ws,14,domestic_only,simultaneous,d_only,0,69,0.0
network_ws,14,domestic_only,simultaneous,e_only,0,69,0.0
network_ws,14,domestic_only,simultaneous,simultaneous,0,69,0.0
network_ws,14,domestic_only,simultaneous,d_to_e,0,69,0.0
network_ws,14,domestic_only,simultaneous,e_to_d,0,69,0.0
network_ws,14,domestic_only,d_to_e,none,0,69,0.0
network_ws,14,domestic_only,d_to_e,d_only,0,69,0.0
network_ws,14,domestic_only,d_to_e,e_only,0,69,0.0
network_ws,14,domestic_only,d_to_e,simultaneous,0,69,0.0
network_ws,14,domestic_only,d_to_e,d_to_e,0,69,0.0
network_ws,14,domestic_only,d_to_e,e_to_d,0,69,0.0
network_ws,14,domestic_only,e_to_d,none,0,69,0.0
network_ws,14,domestic_only,e_to_d,d_only,0,69,0.0
network_ws,14,domestic_only,e_to_d,e_only,0,69,0.0
network_ws,14,domestic_only,e_to_d,simultaneous,0,69,0.0
network_ws,14,domestic_only,e_to_d,d_to_e,0,69,0.0
network_ws,14,domestic_only,e_to_d,e_to_d,0,69,0.0
network_ws,14,customer_only,none,none,0,69,0.0
network_ws,14,customer_only,none,d_only,22,69,0.3188405797101449
network_ws,14,customer_only,none,e_only,0,69,0.0
network_ws,14,customer_only,none,simultaneous,0,69,0.0
network_ws,14,customer_only,none,d_to_e,0,69,0.0
network_ws,14,customer_only,none,e_to_d,0,69,0.0
network_ws,14,customer_only,d_only,none,0,69,0.0
network_ws,14,customer_only,d_only,d_only,0,69,0.0
network_ws,14,customer_only,d_only,e_only,0,69,0.0
network_ws,14,customer_only,d_only,simultaneous,0,69,0.0
network_ws,14,customer_only,d_only,d_to_e,0,69,0.0
network_ws,14,customer_only,d_only,e_to_d,0,69,0.0
network_ws,14,customer_only,e_only,none,0,69,0.0
network_ws,14,customer_only,e_only,d_only,19,69,0.2753623188405797
network_ws,14,customer_only,e_only,e_only,0,69,0.0
network_ws,14,customer_only,e_only,simultaneous,4,69,0.057971014492753624
network_ws,14,customer_only,e_only,d_to_e,18,69,0.2608695652173913
network_ws,14,customer_only,e_only,e_to_d,6,69,0.08695652173913043
network_ws,14,customer_only,simultaneous,none,0,69,0.0
network_ws,14,customer_only,simultaneous,d_only,0,69,0.0
network_ws,14,customer_only,simultaneous,e_only,0,69,0.0
network_ws,14,customer_only,simultaneous,simultaneous,0,69,0.0
network_ws,14,customer_only,simultaneous,d_to_e,0,69,0.0
network_ws,14,customer_only,simultaneous,e_to_d,0,69,0.0
network_ws,14,customer_only,d_to_e,none,0,69,0.0
network_ws,14,customer_only,d_to_e,d_only,0,69,0.0
network_ws,14,customer_only,d_to_e,e_only,0,69,0.0
network_ws,14,customer_only,d_to_e,simultaneous,0,69,0.0
network_ws,14,customer_only,d_to_e,d_to_e,0,69,0.0
network_ws,14,customer_only,d_to_e,e_to_d,0,69,0.0
network_ws,14,customer_only,e_to_d,none,0,69,0.0
network_ws,14,customer_only,e_to_d,d_only,0,69,0.0
network_ws,14,customer_only,e_to_d,e_only,0,69,0.0
network_ws,14,customer_only,e_to_d,simultaneous,0,69,0.0
network_ws,14,customer_only,e_to_d,d_to_e,0,69,0.0
network_ws,14,customer_only,e_to_d,e_to_d,0,69,0.0
network_ws,15,domestic_only,none,none,0,78,0.0
network_ws,15,domestic_only,none,d_only,0,78,0.0
network_ws,15,domestic_only,none,e_only,0,78,0.0
network_ws,15,domestic_only,none,simultaneous,0,78,0.0
network_ws,15,domestic_only,none,d_to_e,0,78,0.0
network_ws,15,domestic_only,none,e_to_d,0,78,0.0
network_ws,15,domestic_only,d_only,none,0,78,0.0
network_ws,15,domestic_only,d_only,d_only,31,78,0.3974358974358974
network_ws,15,domestic_only,d_only,e_only,2,78,0.02564102564102564
network_ws,15,domestic_only,d_only,simultaneous,8,78,0.10256410256410256
network_ws,15,domestic_only,d_only,d_to_e,33,78,0.4230769230769231
network_ws,15,domestic_only,d_only,e_to_d,4,78,0.05128205128205128
network_ws,15,domestic_only,e_only,none,0,78,0.0
network_ws,15,domestic_only,e_only,d_only,0,78,0.0
network_ws,15,domestic_only,e_only,e_only,0,78,0.0
network_ws,15,domestic_only,e_only,simultaneous,0,78,0.0
network_ws,15,domestic_only,e_only,d_to_e,0,78,0.0
network_ws,15,domestic_only,e_only,e_to_d,0,78,0.0
network_ws,15,domestic_only,simultaneous,none,0,78,0.0
network_ws,15,domestic_only,simultaneous,d_only,0,78,0.0
network_ws,15,domestic_only,simultaneous,e_only,0,78,0.0
network_ws,15,domestic_only,simultaneous,simultaneous,0,78,0.0
network_ws,15,domestic_only,simultaneous,d_to_e,0,78,0.0
network_ws,15,domestic_only,simultaneous,e_to_d,0,78,0.0
network_ws,15,domestic_only,d_to_e,none,0,78,0.0
network_ws,15,domestic_only,d_to_e,d_only,0,78,0.0
network_ws,15,domestic_only,d_to_e,e_only,0,78,0.0
network_ws,15,domestic_only,d_to_e,simultaneous,0,78,0.0
network_ws,15,domestic_only,d_to_e,d_to_e,0,78,0.0
network_ws,15,domestic_only,d_to_e,e_to_d,0,78,0.0
network_ws,15,domestic_only,e_to_d,none,0,78,0.0
network_ws,15,domestic_only,e_to_d,d_only,0,78,0.0
network_ws,15,domestic_only,e_to_d,e_only,0,78,0.0
network_ws,15,domestic_only,e_to_d,simultaneous,0,78,0.0
network_ws,15,domestic_only,e_to_d,d_to_e,0,78,0.0
network_ws,15,domestic_only,e_to_d,e_to_d,0,78,0.0
network_ws,15,customer_only,none,none,0,78,0.0
network_ws,15,customer_only,none,d_only,19,78,0.24358974358974358
network_ws,15,customer_only,none,e_only,0,78,0.0
network_ws,15,customer_only,none,simultaneous,0,78,0.0
network_ws,15,customer_only,none,d_to_e,1,78,0.01282051282051282
network_ws,15,customer_only,none,e_to_d,0,78,0.0
network_ws,15,customer_only,d_only,none,0,78,0.0
network_ws,15,customer_only,d_only,d_only,0,78,0.0
network_ws,15,customer_only,d_only,e_only,0,78,0.0
network_ws,15,customer_only,d_only,simultaneous,0,78,0.0
network_ws,15,customer_only,d_only,d_to_e,0,78,0.0
network_ws,15,customer_only,d_only,e_to_d,0,78,0.0
network_ws,15,customer_only,e_only,none,0,78,0.0
network_ws,15,customer_only,e_only,d_only,12,78,0.15384615384615385
network_ws,15,customer_only,e_only,e_only,2,78,0.02564102564102564
network_ws,15,customer_only,e_only,simultaneous,8,78,0.10256410256410256
network_ws,15,customer_only,e_only,d_to_e,32,78,0.41025641025641024
network_ws,15,customer_only,e_only,e_to_d,4,78,0.05128205128205128
network_ws,15,customer_only,simultaneous,none,0,78,0.0
network_ws,15,customer_only,simultaneous,d_only,0,78,0.0
network_ws,15,customer_only,simultaneous,e_only,0,78,0.0
network_ws,15,customer_only,simultaneous,simultaneous,0,78,0.0
network_ws,15,customer_only,simultaneous,d_to_e,0,78,0.0
network_ws,15,customer_only,simultaneous,e_to_d,0,78,0.0
network_ws,15,customer_only,d_to_e,none,0,78,0.0
network_ws,15,customer_only,d_to_e,d_only,0,78,0.0
network_ws,15,customer_only,d_to_e,e_only,0,78,0.0
network_ws,15,customer_only,d_to_e,simultaneous,0,78,0.0
network_ws,15,customer_only,d_to_e,d_to_e,0,78,0.0
network_ws,15,customer_only,d_to_e,e_to_d,0,78,0.0
network_ws,15,customer_only,e_to_d,none,0,78,0.0
network_ws,15,customer_only,e_to_d,d_only,0,78,0.0
network_ws,15,customer_only,e_to_d,e_only,0,78,0.0
network_ws,15,customer_only,e_to_d,simultaneous,0,78,0.0
network_ws,15,customer_only,e_to_d,d_to_e,0,78,0.0
network_ws,15,customer_only,e_to_d,e_to_d,0,78,0.0
network_ws,16,domestic_only,none,none,0,81,0.0
network_ws,16,domestic_only,none,d_only,0,81,0.0
network_ws,16,domestic_only,none,e_only,0,81,0.0
network_ws,16,domestic_only,none,simultaneous,0,81,0.0
network_ws,16,domestic_only,none,d_to_e,0,81,0.0
network_ws,16,domestic_only,none,e_to_d,0,81,0.0
network_ws,16,domestic_only,d_only,none,0,81,0.0
network_ws,16,domestic_only,d_only,d_only,52,81,0.6419753086419753
network_ws,16,domestic_only,d_only,e_only,1,81,0.012345679012345678
network_ws,16,domestic_only,d_only,simultaneous,0,81,0.0
network_ws,16,domestic_only,d_only,d_to_e,23,81,0.2839506172839506
network_ws,16,domestic_only,d_only,e_to_d,5,81,0.06172839506172839
network_ws,16,domestic_only,e_only,none,0,81,0.0
network_ws,16,domestic_only,e_only,d_only,0,81,0.0
network_ws,16,domestic_only,e_only,e_only,0,81,0.0
network_ws,16,domestic_only,e_only,simultaneous,0,81,0.0
network_ws,16,domestic_only,e_only,d_to_e,0,81,0.0
network_ws,16,domestic_only,e_only,e_to_d,0,81,0.0
network_ws,16,domestic_only,simultaneous,none,0,81,0.0
network_ws,16,domestic_only,simultaneous,d_only,0,81,0.0
network_ws,16,domestic_only,simultaneous,e_only,0,81,0.0
network_ws,16,domestic_only,simultaneous,simultaneous,0,81,0.0
network_ws,16,domestic_only,simultaneous,d_to_e,0,81,0.0
network_ws,16,domestic_only,simultaneous,e_to_d,0,81,0.0
network_ws,16,domestic_only,d_to_e,none,0,81,0.0
network_ws,16,domestic_only,d_to_e,d_only,0,81,0.0
network_ws,16,domestic_only,d_to_e,e_only,0,81,0.0
network_ws,16,domestic_only,d_to_e,simultaneous,0,81,0.0
network_ws,16,domestic_only,d_to_e,d_to_e,0,81,0.0
network_ws,16,domestic_only,d_to_e,e_to_d,0,81,0.0
network_ws,16,domestic_only,e_to_d,none,0,81,0.0
network_ws,16,domestic_only,e_to_d,d_only,0,81,0.0
network_ws,16,domestic_only,e_to_d,e_only,0,81,0.0
network_ws,16,domestic_only,e_to_d,simultaneous,0,81,0.0
network_ws,16,domestic_only,e_to_d,d_to_e,0,81,0.0
network_ws,16,domestic_only,e_to_d,e_to_d,0,81,0.0
network_ws,16,customer_only,none,none,0,81,0.0
network_ws,16,customer_only,none,d_only,40,81,0.49382716049382713
network_ws,16,customer_only,none,e_only,0,81,0.0
network_ws,16,customer_only,none,simultaneous,0,81,0.0
network_ws,16,customer_only,none,d_to_e,0,81,0.0
network_ws,16,customer_only,none,e_to_d,0,81,0.0
network_ws,16,customer_only,d_only,none,0,81,0.0
network_ws,16,customer_only,d_only,d_only,0,81,0.0
network_ws,16,customer_only,d_only,e_only,0,81,0.0
network_ws,16,customer_only,d_only,simultaneous,0,81,0.0
network_ws,16,customer_only,d_only,d_to_e,0,81,0.0
network_ws,16,customer_only,d_only,e_to_d,0,81,0.0
network_ws,16,customer_only,e_only,none,0,81,0.0
network_ws,16,customer_only,e_only,d_only,12,81,0.14814814814814814
network_ws,16,customer_only,e_only,e_only,1,81,0.012345679012345678
network_ws,16,customer_only,e_only,simultaneous,0,81,0.0
network_ws,16,customer_only,e_only,d_to_e,23,81,0.2839506172839506
network_ws,16,customer_only,e_only,e_to_d,5,81,0.06172839506172839
network_ws,16,customer_only,simultaneous,none,0,81,0.0
network_ws,16,customer_only,simultaneous,d_only,0,81,0.0
network_ws,16,customer_only,simultaneous,e_only,0,81,0.0
network_ws,16,customer_only,simultaneous,simultaneous,0,81,0.0
network_ws,16,customer_only,simultaneous,d_to_e,0,81,0.0
network_ws,16,customer_only,simultaneous,e_to_d,0,81,0.0
network_ws,16,customer_only,d_to_e,none,0,81,0.0
network_ws,16,customer_only,d_to_e,d_only,0,81,0.0
network_ws,16,customer_only,d_to_e,e_only,0,81,0.0
network_ws,16,customer_only,d_to_e,simultaneous,0,81,0.0
network_ws,16,customer_only,d_to_e,d_to_e,0,81,0.0
network_ws,16,customer_only,d_to_e,e_to_d,0,81,0.0
network_ws,16,customer_only,e_to_d,none,0,81,0.0
network_ws,16,customer_only,e_to_d,d_only,0,81,0.0
network_ws,16,customer_only,e_to_d,e_only,0,81,0.0
network_ws,16,customer_only,e_to_d,simultaneous,0,81,0.0
network_ws,16,customer_only,e_to_d,d_to_e,0,81,0.0
network_ws,16,customer_only,e_to_d,e_to_d,0,81,0.0
network_ws,17,domestic_only,none,none,0,85,0.0
network_ws,17,domestic_only,none,d_only,0,85,0.0
network_ws,17,domestic_only,none,e_only,0,85,0.0
network_ws,17,domestic_only,none,simultaneous,0,85,0.0
network_ws,17,domestic_only,none,d_to_e,0,85,0.0
network_ws,17,domestic_only,none,e_to_d,0,85,0.0
network_ws,17,domestic_only,d_only,none,0,85,0.0
network_ws,17,domestic_only,d_only,d_only,52,85,0.611764705882353
network_ws,17,domestic_only,d_only,e_only,1,85,0.011764705882352941
network_ws,17,domestic_only,d_only,simultaneous,3,85,0.03529411764705882
network_ws,17,domestic_only,d_only,d_to_e,19,85,0.2235294117647059
network_ws,17,domestic_only,d_only,e_to_d,10,85,0.11764705882352941
network_ws,17,domestic_only,e_only,none,0,85,0.0
network_ws,17,domestic_only,e_only,d_only,0,85,0.0
network_ws,17,domestic_only,e_only,e_only,0,85,0.0
network_ws,17,domestic_only,e_only,simultaneous,0,85,0.0
network_ws,17,domestic_only,e_only,d_to_e,0,85,0.0
network_ws,17,domestic_only,e_only,e_to_d,0,85,0.0
network_ws,17,domestic_only,simultaneous,none,0,85,0.0
network_ws,17,domestic_only,simultaneous,d_only,0,85,0.0
network_ws,17,domestic_only,simultaneous,e_only,0,85,0.0
network_ws,17,domestic_only,simultaneous,simultaneous,0,85,0.0
network_ws,17,domestic_only,simultaneous,d_to_e,0,85,0.0
network_ws,17,domestic_only,simultaneous,e_to_d,0,85,0.0
network_ws,17,domestic_only,d_to_e,none,0,85,0.0
network_ws,17,domestic_only,d_to_e,d_only,0,85,0.0
network_ws,17,domestic_only,d_to_e,e_only,0,85,0.0
network_ws,17,domestic_only,d_to_e,simultaneous,0,85,0.0
network_ws,17,domestic_only,d_to_e,d_to_e,0,85,0.0
network_ws,17,domestic_only,d_to_e,e_to_d,0,85,0.0
network_ws,17,domestic_only,e_to_d,none,0,85,0.0
network_ws,17,domestic_only,e_to_d,d_only,0,85,0.0
network_ws,17,domestic_only,e_to_d,e_only,0,85,0.0
network_ws,17,domestic_only,e_to_d,simultaneous,0,85,0.0
network_ws,17,domestic_only,e_to_d,d_to_e,0,85,0.0
network_ws,17,domestic_only,e_to_d,e_to_d,0,85,0.0
network_ws,17,customer_only,none,none,0,85,0.0
network_ws,17,customer_only,none,d_only,36,85,0.4235294117647059
network_ws,17,customer_only,none,e_only,0,85,0.0
network_ws,17,customer_only,none,simultaneous,0,85,0.0
network_ws,17,customer_only,none,d_to_e,0,85,0.0
network_ws,17,customer_only,none,e_to_d,0,85,0.0
network_ws,17,customer_only,d_only,none,0,85,0.0
network_ws,17,customer_only,d_only,d_only,0,85,0.0
network_ws,17,customer_only,d_only,e_only,0,85,0.0
network_ws,17,customer_only,d_only,simultaneous,0,85,0.0
network_ws,17,customer_only,d_only,d_to_e,0,85,0.0
network_ws,17,customer_only,d_only,e_to_d,0,85,0.0
network_ws,17,customer_only,e_only,none,0,85,0.0
network_ws,17,customer_only,e_only,d_only,16,85,0.18823529411764706
network_ws,17,customer_only,e_only,e_only,1,85,0.011764705882352941
network_ws,17,customer_only,e_only,simultaneous,3,85,0.03529411764705882
network_ws,17,customer_only,e_only,d_to_e,19,85,0.2235294117647059
network_ws,17,customer_only,e_only,e_to_d,10,85,0.11764705882352941
network_ws,17,customer_only,simultaneous,none,0,85,0.0
network_ws,17,customer_only,simultaneous,d_only,0,85,0.0
network_ws,17,customer_only,simultaneous,e_only,0,85,0.0
network_ws,17,customer_only,simultaneous,simultaneous,0,85,0.0
network_ws,17,customer_only,simultaneous,d_to_e,0,85,0.0
network_ws,17,customer_only,simultaneous,e_to_d,0,85,0.0
network_ws,17,customer_only,d_to_e,none,0,85,0.0
network_ws,17,customer_only,d_to_e,d_only,0,85,0.0
network_ws,17,customer_only,d_to_e,e_only,0,85,0.0
network_ws,17,customer_only,d_to_e,simultaneous,0,85,0.0
network_ws,17,customer_only,d_to_e,d_to_e,0,85,0.0
network_ws,17,customer_only,d_to_e,e_to_d,0,85,0.0
network_ws,17,customer_only,e_to_d,none,0,85,0.0
network_ws,17,customer_only,e_to_d,d_only,0,85,0.0
network_ws,17,customer_only,e_to_d,e_only,0,85,0.0
network_ws,17,customer_only,e_to_d,simultaneous,0,85,0.0
network_ws,17,customer_only,e_to_d,d_to_e,0,85,0.0
network_ws,17,customer_only,e_to_d,e_to_d,0,85,0.0
network_ws,18,domestic_only,none,none,0,71,0.0
network_ws,18,domestic_only,none,d_only,0,71,0.0
network_ws,18,domestic_only,none,e_only,0,71,0.0
network_ws,18,domestic_only,none,simultaneous,0,71,0.0
network_ws,18,domestic_only,none,d_to_e,0,71,0.0
network_ws,18,domestic_only,none,e_to_d,0,71,0.0
network_ws,18,domestic_only,d_only,none,0,71,0.0
network_ws,18,domestic_only,d_only,d_only,28,71,0.39436619718309857
network_ws,18,domestic_only,d_only,e_only,1,71,0.014084507042253521
network_ws,18,domestic_only,d_only,simultaneous,6,71,0.08450704225352113
network_ws,18,domestic_only,d_only,d_to_e,30,71,0.4225352112676056
network_ws,18,domestic_only,d_only,e_to_d,6,71,0.08450704225352113
network_ws,18,domestic_only,e_only,none,0,71,0.0
network_ws,18,domestic_only,e_only,d_only,0,71,0.0
network_ws,18,domestic_only,e_only,e_only,0,71,0.0
network_ws,18,domestic_only,e_only,simultaneous,0,71,0.0
network_ws,18,domestic_only,e_only,d_to_e,0,71,0.0
network_ws,18,domestic_only,e_only,e_to_d,0,71,0.0
network_ws,18,domestic_only,simultaneous,none,0,71,0.0
network_ws,18,domestic_only,simultaneous,d_only,0,71,0.0
network_ws,18,domestic_only,simultaneous,e_only,0,71,0.0
network_ws,18,domestic_only,simultaneous,simultaneous,0,71,0.0
network_ws,18,domestic_only,simultaneous,d_to_e,0,71,0.0
network_ws,18,domestic_only,simultaneous,e_to_d,0,71,0.0
network_ws,18,domestic_only,d_to_e,none,0,71,0.0
network_ws,18,domestic_only,d_to_e,d_only,0,71,0.0
network_ws,18,domestic_only,d_to_e,e_only,0,71,0.0
network_ws,18,domestic_only,d_to_e,simultaneous,0,71,0.0
network_ws,18,domestic_only,d_to_e,d_to_e,0,71,0.0
network_ws,18,domestic_only,d_to_e,e_to_d,0,71,0.0
network_ws,18,domestic_only,e_to_d,none,0,71,0.0
network_ws,18,domestic_only,e_to_d,d_only,0,71,0.0
network_ws,18,domestic_only,e_to_d,e_only,0,71,0.0
network_ws,18,domestic_only,e_to_d,simultaneous,0,71,0.0
network_ws,18,domestic_only,e_to_d,d_to_e,0,71,0.0
network_ws,18,domestic_only,e_to_d,e_to_d,0,71,0.0
network_ws,18,customer_only,none,none,0,71,0.0
network_ws,18,customer_only,none,d_only,16,71,0.22535211267605634
network_ws,18,customer_only,none,e_only,0,71,0.0
network_ws,18,customer_only,none,simultaneous,0,71,0.0
network_ws,18,customer_only,none,d_to_e,1,71,0.014084507042253521
network_ws,18,customer_only,none,e_to_d,0,71,0.0
network_ws,18,customer_only,d_only,none,0,71,0.0
network_ws,18,customer_only,d_only,d_only,0,71,0.0
network_ws,18,customer_only,d_only,e_only,0,71,0.0
network_ws,18,customer_only,d_only,simultaneous,0,71,0.0
network_ws,18,customer_only,d_only,d_to_e,0,71,0.0
network_ws,18,customer_only,d_only,e_to_d,0,71,0.0
network_ws,18,customer_only,e_only,none,0,71,0.0
network_ws,18,customer_only,e_only,d_only,12,71,0.16901408450704225
network_ws,18,customer_only,e_only,e_only,1,71,0.014084507042253521
network_ws,18,customer_only,e_only,simultaneous,6,71,0.08450704225352113
network_ws,18,customer_only,e_only,d_to_e,29,71,0.4084507042253521
network_ws,18,customer_only,e_only,e_to_d,6,71,0.08450704225352113
network_ws,18,customer_only,simultaneous,none,0,71,0.0
network_ws,18,customer_only,simultaneous,d_only,0,71,0.0
network_ws,18,customer_only,simultaneous,e_only,0,71,0.0
network_ws,18,customer_only,simultaneous,simultaneous,0,71,0.0
network_ws,18,customer_only,simultaneous,d_to_e,0,71,0.0
network_ws,18,customer_only,simultaneous,e_to_d,0,71,0.0
network_ws,18,customer_only,d_to_e,none,0,71,0.0
network_ws,18,customer_only,d_to_e,d_only,0,71,0.0
network_ws,18,customer_only,d_to_e,e_only,0,71,0.0
network_ws,18,customer_only,d_to_e,simultaneous,0,71,0.0
network_ws,18,customer_only,d_to_e,d_to_e,0,71,0.0
network_ws,18,customer_only,d_to_e,e_to_d,0,71,0.0
network_ws,18,customer_only,e_to_d,none,0,71,0.0
network_ws,18,customer_only,e_to_d,d_only,0,71,0.0
network_ws,18,customer_only,e_to_d,e_only,0,71,0.0
network_ws,18,customer_only,e_to_d,simultaneous,0,71,0.0
network_ws,18,customer_only,e_to_d,d_to_e,0,71,0.0
network_ws,18,customer_only,e_to_d,e_to_d,0,71,0.0
network_ws,19,domestic_only,none,none,0,75,0.0
network_ws,19,domestic_only,none,d_only,0,75,0.0
network_ws,19,domestic_only,none,e_only,0,75,0.0
network_ws,19,domestic_only,none,simultaneous,0,75,0.0
network_ws,19,domestic_only,none,d_to_e,0,75,0.0
network_ws,19,domestic_only,none,e_to_d,0,75,0.0
network_ws,19,domestic_only,d_only,none,0,75,0.0
network_ws,19,domestic_only,d_only,d_only,34,75,0.4533333333333333
network_ws,19,domestic_only,d_only,e_only,1,75,0.013333333333333334
network_ws,19,domestic_only,d_only,simultaneous,8,75,0.10666666666666667
network_ws,19,domestic_only,d_only,d_to_e,28,75,0.37333333333333335
network_ws,19,domestic_only,d_only,e_to_d,4,75,0.05333333333333334
network_ws,19,domestic_only,e_only,none,0,75,0.0
network_ws,19,domestic_only,e_only,d_only,0,75,0.0
network_ws,19,domestic_only,e_only,e_only,0,75,0.0
network_ws,19,domestic_only,e_only,simultaneous,0,75,0.0
network_ws,19,domestic_only,e_only,d_to_e,0,75,0.0
network_ws,19,domestic_only,e_only,e_to_d,0,75,0.0
network_ws,19,domestic_only,simultaneous,none,0,75,0.0
network_ws,19,domestic_only,simultaneous,d_only,0,75,0.0
network_ws,19,domestic_only,simultaneous,e_only,0,75,0.0
network_ws,19,domestic_only,simultaneous,simultaneous,0,75,0.0
network_ws,19,domestic_only,simultaneous,d_to_e,0,75,0.0
network_ws,19,domestic_only,simultaneous,e_to_d,0,75,0.0
network_ws,19,domestic_only,d_to_e,none,0,75,0.0
network_ws,19,domestic_only,d_to_e,d_only,0,75,0.0
network_ws,19,domestic_only,d_to_e,e_only,0,75,0.0
network_ws,19,domestic_only,d_to_e,simultaneous,0,75,0.0
network_ws,19,domestic_only,d_to_e,d_to_e,0,75,0.0
network_ws,19,domestic_only,d_to_e,e_to_d,0,75,0.0
network_ws,19,domestic_only,e_to_d,none,0,75,0.0
network_ws,19,domestic_only,e_to_d,d_only,0,75,0.0
network_ws,19,domestic_only,e_to_d,e_only,0,75,0.0
network_ws,19,domestic_only,e_to_d,simultaneous,0,75,0.0
network_ws,19,domestic_only,e_to_d,d_to_e,0,75,0.0
network_ws,19,domestic_only,e_to_d,e_to_d,0,75,0.0
network_ws,19,customer_only,none,none,0,75,0.0
network_ws,19,customer_only,none,d_only,15,75,0.2
network_ws,19,customer_only,none,e_only,0,75,0.0
network_ws,19,customer_only,none,simultaneous,0,75,0.0
network_ws,19,customer_only,none,d_to_e,0,75,0.0
network_ws,19,customer_only,none,e_to_d,0,75,0.0
network_ws,19,customer_only,d_only,none,0,75,0.0
network_ws,19,customer_only,d_only,d_only,0,75,0.0
network_ws,19,customer_only,d_only,e_only,0,75,0.0
network_ws,19,customer_only,d_only,simultaneous,0,75,0.0
network_ws,19,customer_only,d_only,d_to_e,0,75,0.0
network_ws,19,customer_only,d_only,e_to_d,0,75,0.0
network_ws,19,customer_only,e_only,none,0,75,0.0
network_ws,19,customer_only,e_only,d_only,19,75,0.25333333333333335
network_ws,19,customer_only,e_only,e_only,1,75,0.013333333333333334
network_ws,19,customer_only,e_only,simultaneous,8,75,0.10666666666666667
network_ws,19,customer_only,e_only,d_to_e,28,75,0.37333333333333335
network_ws,19,customer_only,e_only,e_to_d,4,75,0.05333333333333334
network_ws,19,customer_only,simultaneous,none,0,75,0.0
network_ws,19,customer_only,simultaneous,d_only,0,75,0.0
network_ws,19,customer_only,simultaneous,e_only,0,75,0.0
network_ws,19,customer_only,simultaneous,simultaneous,0,75,0.0
network_ws,19,customer_only,simultaneous,d_to_e,0,75,0.0
network_ws,19,customer_only,simultaneous,e_to_d,0,75,0.0
network_ws,19,customer_only,d_to_e,none,0,75,0.0
network_ws,19,customer_only,d_to_e,d_only,0,75,0.0
network_ws,19,customer_only,d_to_e,e_only,0,75,0.0
network_ws,19,customer_only,d_to_e,simultaneous,0,75,0.0
network_ws,19,customer_only,d_to_e,d_to_e,0,75,0.0
network_ws,19,customer_only,d_to_e,e_to_d,0,75,0.0
network_ws,19,customer_only,e_to_d,none,0,75,0.0
network_ws,19,customer_only,e_to_d,d_only,0,75,0.0
network_ws,19,customer_only,e_to_d,e_only,0,75,0.0
network_ws,19,customer_only,e_to_d,simultaneous,0,75,0.0
network_ws,19,customer_only,e_to_d,d_to_e,0,75,0.0
network_ws,19,customer_only,e_to_d,e_to_d,0,75,0.0
network_ba,0,domestic_only,none,none,0,69,0.0
network_ba,0,domestic_only,none,d_only,0,69,0.0
network_ba,0,domestic_only,none,e_only,0,69,0.0
network_ba,0,domestic_only,none,simultaneous,0,69,0.0
network_ba,0,domestic_only,none,d_to_e,0,69,0.0
network_ba,0,domestic_only,none,e_to_d,0,69,0.0
network_ba,0,domestic_only,d_only,none,0,69,0.0
network_ba,0,domestic_only,d_only,d_only,31,69,0.4492753623188406
network_ba,0,domestic_only,d_only,e_only,0,69,0.0
network_ba,0,domestic_only,d_only,simultaneous,7,69,0.10144927536231885
network_ba,0,domestic_only,d_only,d_to_e,25,69,0.36231884057971014
network_ba,0,domestic_only,d_only,e_to_d,6,69,0.08695652173913043
network_ba,0,domestic_only,e_only,none,0,69,0.0
network_ba,0,domestic_only,e_only,d_only,0,69,0.0
network_ba,0,domestic_only,e_only,e_only,0,69,0.0
network_ba,0,domestic_only,e_only,simultaneous,0,69,0.0
network_ba,0,domestic_only,e_only,d_to_e,0,69,0.0
network_ba,0,domestic_only,e_only,e_to_d,0,69,0.0
network_ba,0,domestic_only,simultaneous,none,0,69,0.0
network_ba,0,domestic_only,simultaneous,d_only,0,69,0.0
network_ba,0,domestic_only,simultaneous,e_only,0,69,0.0
network_ba,0,domestic_only,simultaneous,simultaneous,0,69,0.0
network_ba,0,domestic_only,simultaneous,d_to_e,0,69,0.0
network_ba,0,domestic_only,simultaneous,e_to_d,0,69,0.0
network_ba,0,domestic_only,d_to_e,none,0,69,0.0
network_ba,0,domestic_only,d_to_e,d_only,0,69,0.0
network_ba,0,domestic_only,d_to_e,e_only,0,69,0.0
network_ba,0,domestic_only,d_to_e,simultaneous,0,69,0.0
network_ba,0,domestic_only,d_to_e,d_to_e,0,69,0.0
network_ba,0,domestic_only,d_to_e,e_to_d,0,69,0.0
network_ba,0,domestic_only,e_to_d,none,0,69,0.0
network_ba,0,domestic_only,e_to_d,d_only,0,69,0.0
network_ba,0,domestic_only,e_to_d,e_only,0,69,0.0
network_ba,0,domestic_only,e_to_d,simultaneous,0,69,0.0
network_ba,0,domestic_only,e_to_d,d_to_e,0,69,0.0
network_ba,0,domestic_only,e_to_d,e_to_d,0,69,0.0
network_ba,0,customer_only,none,none,0,69,0.0
network_ba,0,customer_only,none,d_only,14,69,0.2028985507246377
network_ba,0,customer_only,none,e_only,0,69,0.0
network_ba,0,customer_only,none,simultaneous,0,69,0.0
network_ba,0,customer_only,none,d_to_e,1,69,0.014492753623188406
network_ba,0,customer_only,none,e_to_d,0,69,0.0
network_ba,0,customer_only,d_only,none,0,69,0.0
network_ba,0,customer_only,d_only,d_only,0,69,0.0
network_ba,0,customer_only,d_only,e_only,0,69,0.0
network_ba,0,customer_only,d_only,simultaneous,0,69,0.0
network_ba,0,customer_only,d_only,d_to_e,0,69,0.0
network_ba,0,customer_only,d_only,e_to_d,0,69,0.0
network_ba,0,customer_only,e_only,none,0,69,0.0
network_ba,0,customer_only,e_only,d_only,17,69,0.2463768115942029
network_ba,0,customer_only,e_only,e_only,0,69,0.0
network_ba,0,customer_only,e_only,simultaneous,7,69,0.10144927536231885
network_ba,0,customer_only,e_only,d_to_e,24,69,0.34782608695652173
network_ba,0,customer_only,e_only,e_to_d,6,69,0.08695652173913043
network_ba,0,customer_only,simultaneous,none,0,69,0.0
network_ba,0,customer_only,simultaneous,d_only,0,69,0.0
network_ba,0,customer_only,simultaneous,e_only,0,69,0.0
network_ba,0,customer_only,simultaneous,simultaneous,0,69,0.0
network_ba,0,customer_only,simultaneous,d_to_e,0,69,0.0
network_ba,0,customer_only,simultaneous,e_to_d,0,69,0.0
network_ba,0,customer_only,d_to_e,none,0,69,0.0
network_ba,0,customer_only,d_to_e,d_only,0,69,0.0
network_ba,0,customer_only,d_to_e,e_only,0,69,0.0
network_ba,0,customer_only,d_to_e,simultaneous,0,69,0.0
network_ba,0,customer_only,d_to_e,d_to_e,0,69,0.0
network_ba,0,customer_only,d_to_e,e_to_d,0,69,0.0
network_ba,0,customer_only,e_to_d,none,0,69,0.0
network_ba,0,customer_only,e_to_d,d_only,0,69,0.0
network_ba,0,customer_only,e_to_d,e_only,0,69,0.0
network_ba,0,customer_only,e_to_d,simultaneous,0,69,0.0
network_ba,0,customer_only,e_to_d,d_to_e,0,69,0.0
network_ba,0,customer_only,e_to_d,e_to_d,0,69,0.0
network_ba,1,domestic_only,none,none,0,81,0.0
network_ba,1,domestic_only,none,d_only,0,81,0.0
network_ba,1,domestic_only,none,e_only,0,81,0.0
network_ba,1,domestic_only,none,simultaneous,0,81,0.0
network_ba,1,domestic_only,none,d_to_e,0,81,0.0
network_ba,1,domestic_only,none,e_to_d,0,81,0.0
network_ba,1,domestic_only,d_only,none,0,81,0.0
network_ba,1,domestic_only,d_only,d_only,33,81,0.4074074074074074
network_ba,1,domestic_only,d_only,e_only,1,81,0.012345679012345678
network_ba,1,domestic_only,d_only,simultaneous,14,81,0.1728395061728395
network_ba,1,domestic_only,d_only,d_to_e,31,81,0.38271604938271603
network_ba,1,domestic_only,d_only,e_to_d,2,81,0.024691358024691357
network_ba,1,domestic_only,e_only,none,0,81,0.0
network_ba,1,domestic_only,e_only,d_only,0,81,0.0
network_ba,1,domestic_only,e_only,e_only,0,81,0.0
network_ba,1,domestic_only,e_only,simultaneous,0,81,0.0
network_ba,1,domestic_only,e_only,d_to_e,0,81,0.0
network_ba,1,domestic_only,e_only,e_to_d,0,81,0.0
network_ba,1,domestic_only,simultaneous,none,0,81,0.0
network_ba,1,domestic_only,simultaneous,d_only,0,81,0.0
network_ba,1,domestic_only,simultaneous,e_only,0,81,0.0
network_ba,1,domestic_only,simultaneous,simultaneous,0,81,0.0
network_ba,1,domestic_only,simultaneous,d_to_e,0,81,0.0
network_ba,1,domestic_only,simultaneous,e_to_d,0,81,0.0
network_ba,1,domestic_only,d_to_e,none,0,81,0.0
network_ba,1,domestic_only,d_to_e,d_only,0,81,0.0
network_ba,1,domestic_only,d_to_e,e_only,0,81,0.0
network_ba,1,domestic_only,d_to_e,simultaneous,0,81,0.0
network_ba,1,domestic_only,d_to_e,d_to_e,0,81,0.0
network_ba,1,domestic_only,d_to_e,e_to_d,0,81,0.0
network_ba,1,domestic_only,e_to_d,none,0,81,0.0
network_ba,1,domestic_only,e_to_d,d_only,0,81,0.0
network_ba,1,domestic_only,e_to_d,e_only,0,81,0.0
network_ba,1,domestic_only,e_to_d,simultaneous,0,81,0.0
network_ba,1,domestic_only,e_to_d,d_to_e,0,81,0.0
network_ba,1,domestic_only,e_to_d,e_to_d,0,81,0.0
network_ba,1,customer_only,none,none,0,81,0.0
network_ba,1,customer_only,none,d_only,26,81,0.32098765432098764
network_ba,1,customer_only,none,e_only,0,81,0.0
network_ba,1,customer_only,none,simultaneous,0,81,0.0
network_ba,1,customer_only,none,d_to_e,0,81,0.0
network_ba,1,customer_only,none,e_to_d,0,81,0.0
network_ba,1,customer_only,d_only,none,0,81,0.0
network_ba,1,customer_only,d_only,d_only,0,81,0.0
network_ba,1,customer_only,d_only,e_only,0,81,0.0
network_ba,1,customer_only,d_only,simultaneous,0,81,0.0
network_ba,1,customer_only,d_only,d_to_e,0,81,0.0
network_ba,1,customer_only,d_only,e_to_d,0,81,0.0
network_ba,1,customer_only,e_only,none,0,81,0.0
network_ba,1,customer_only,e_only,d_only,7,81,0.08641975308641975
network_ba,1,customer_only,e_only,e_only,1,81,0.012345679012345678
network_ba,1,customer_only,e_only,simultaneous,14,81,0.1728395061728395
network_ba,1,customer_only,e_only,d_to_e,31,81,0.38271604938271603
network_ba,1,customer_only,e_only,e_to_d,2,81,0.024691358024691357
network_ba,1,customer_only,simultaneous,none,0,81,0.0
network_ba,1,customer_only,simultaneous,d_only,0,81,0.0
network_ba,1,customer_only,simultaneous,e_only,0,81,0.0
network_ba,1,customer_only,simultaneous,simultaneous,0,81,0.0
network_ba,1,customer_only,simultaneous,d_to_e,0,81,0.0
network_ba,1,customer_only,simultaneous,e_to_d,0,81,0.0
network_ba,1,customer_only,d_to_e,none,0,81,0.0
network_ba,1,customer_only,d_to_e,d_only,0,81,0.0
network_ba,1,customer_only,d_to_e,e_only,0,81,0.0
network_ba,1,customer_only,d_to_e,simultaneous,0,81,0.0
network_ba,1,customer_only,d_to_e,d_to_e,0,81,0.0
network_ba,1,customer_only,d_to_e,e_to_d,0,81,0.0
network_ba,1,customer_only,e_to_d,none,0,81,0.0
network_ba,1,customer_only,e_to_d,d_only,0,81,0.0
network_ba,1,customer_only,e_to_d,e_only,0,81,0.0
network_ba,1,customer_only,e_to_d,simultaneous,0,81,0.0
network_ba,1,customer_only,e_to_d,d_to_e,0,81,0.0
network_ba,1,customer_only,e_to_d,e_to_d,0,81,0.0
network_ba,2,domestic_only,none,none,0,75,0.0
network_ba,2,domestic_only,none,d_only,0,75,0.0
network_ba,2,domestic_only,none,e_only,0,75,0.0
network_ba,2,domestic_only,none,simultaneous,0,75,0.0
network_ba,2,domestic_only,none,d_to_e,0,75,0.0
network_ba,2,domestic_only,none,e_to_d,0,75,0.0
network_ba,2,domestic_only,d_only,none,0,75,0.0
network_ba,2,domestic_only,d_only,d_only,41,75,0.5466666666666666
network_ba,2,domestic_only,d_only,e_only,0,75,0.0
network_ba,2,domestic_only,d_only,simultaneous,10,75,0.13333333333333333
network_ba,2,domestic_only,d_only,d_to_e,20,75,0.26666666666666666
network_ba,2,domestic_only,d_only,e_to_d,4,75,0.05333333333333334
network_ba,2,domestic_only,e_only,none,0,75,0.0
network_ba,2,domestic_only,e_only,d_only,0,75,0.0
network_ba,2,domestic_only,e_only,e_only,0,75,0.0
network_ba,2,domestic_only,e_only,simultaneous,0,75,0.0
network_ba,2,domestic_only,e_only,d_to_e,0,75,0.0
network_ba,2,domestic_only,e_only,e_to_d,0,75,0.0
network_ba,2,domestic_only,simultaneous,none,0,75,0.0
network_ba,2,domestic_only,simultaneous,d_only,0,75,0.0
network_ba,2,domestic_only,simultaneous,e_only,0,75,0.0
network_ba,2,domestic_only,simultaneous,simultaneous,0,75,0.0
network_ba,2,domestic_only,simultaneous,d_to_e,0,75,0.0
network_ba,2,domestic_only,simultaneous,e_to_d,0,75,0.0
network_ba,2,domestic_only,d_to_e,none,0,75,0.0
network_ba,2,domestic_only,d_to_e,d_only,0,75,0.0
network_ba,2,domestic_only,d_to_e,e_only,0,75,0.0
network_ba,2,domestic_only,d_to_e,simultaneous,0,75,0.0
network_ba,2,domestic_only,d_to_e,d_to_e,0,75,0.0
network_ba,2,domestic_only,d_to_e,e_to_d,0,75,0.0
network_ba,2,domestic_only,e_to_d,none,0,75,0.0
network_ba,2,domestic_only,e_to_d,d_only,0,75,0.0
network_ba,2,domestic_only,e_to_d,e_only,0,75,0.0
network_ba,2,domestic_only,e_to_d,simultaneous,0,75,0.0
network_ba,2,domestic_only,e_to_d,d_to_e,0,75,0.0
network_ba,2,domestic_only,e_to_d,e_to_d,0,75,0.0
network_ba,2,customer_only,none,none,0,75,0.0
network_ba,2,customer_only,none,d_only,26,75,0.3466666666666667
network_ba,2,customer_only,none,e_only,0,75,0.0
network_ba,2,customer_only,none,simultaneous,0,75,0.0
network_ba,2,customer_only,none,d_to_e,1,75,0.013333333333333334
network_ba,2,customer_only,none,e_to_d,0,75,0.0
network_ba,2,customer_only,d_only,none,0,75,0.0
network_ba,2,customer_only,d_only,d_only,0,75,0.0
network_ba,2,customer_only,d_only,e_only,0,75,0.0
network_ba,2,customer_only,d_only,simultaneous,0,75,0.0
network_ba,2,customer_only,d_only,d_to_e,0,75,0.0
network_ba,2,customer_only,d_only,e_to_d,0,75,0.0
network_ba,2,customer_only,e_only,none,0,75,0.0
network_ba,2,customer_only,e_only,d_only,15,75,0.2
network_ba,2,customer_only,e_only,e_only,0,75,0.0
network_ba,2,customer_only,e_only,simultaneous,10,75,0.13333333333333333
network_ba,2,customer_only,e_only,d_to_e,19,75,0.25333333333333335
network_ba,2,customer_only,e_only,e_to_d,4,75,0.05333333333333334
network_ba,2,customer_only,simultaneous,none,0,75,0.0
network_ba,2,customer_only,simultaneous,d_only,0,75,0.0
network_ba,2,customer_only,simultaneous,e_only,0,75,0.0
network_ba,2,customer_only,simultaneous,simultaneous,0,75,0.0
network_ba,2,customer_only,simultaneous,d_to_e,0,75,0.0
network_ba,2,customer_only,simultaneous,e_to_d,0,75,0.0
network_ba,2,customer_only,d_to_e,none,0,75,0.0
network_ba,2,customer_only,d_to_e,d_only,0,75,0.0
network_ba,2,customer_only,d_to_e,e_only,0,75,0.0
network_ba,2,customer_only,d_to_e,simultaneous,0,75,0.0
network_ba,2,customer_only,d_to_e,d_to_e,0,75,0.0
network_ba,2,customer_only,d_to_e,e_to_d,0,75,0.0
network_ba,2,customer_only,e_to_d,none,0,75,0.0
network_ba,2,customer_only,e_to_d,d_only,0,75,0.0
network_ba,2,customer_only,e_to_d,e_only,0,75,0.0
network_ba,2,customer_only,e_to_d,simultaneous,0,75,0.0
network_ba,2,customer_only,e_to_d,d_to_e,0,75,0.0
network_ba,2,customer_only,e_to_d,e_to_d,0,75,0.0
network_ba,3,domestic_only,none,none,0,84,0.0
network_ba,3,domestic_only,none,d_only,0,84,0.0
network_ba,3,domestic_only,none,e_only,0,84,0.0
network_ba,3,domestic_only,none,simultaneous,0,84,0.0
network_ba,3,domestic_only,none,d_to_e,0,84,0.0
network_ba,3,domestic_only,none,e_to_d,0,84,0.0
network_ba,3,domestic_only,d_only,none,0,84,0.0
network_ba,3,domestic_only,d_only,d_only,43,84,0.5119047619047619
network_ba,3,domestic_only,d_only,e_only,4,84,0.047619047619047616
network_ba,3,domestic_only,d_only,simultaneous,6,84,0.07142857142857142
network_ba,3,domestic_only,d_only,d_to_e,29,84,0.34523809523809523
network_ba,3,domestic_only,d_only,e_to_d,2,84,0.023809523809523808
network_ba,3,domestic_only,e_only,none,0,84,0.0
network_ba,3,domestic_only,e_only,d_only,0,84,0.0
network_ba,3,domestic_only,e_only,e_only,0,84,0.0
network_ba,3,domestic_only,e_only,simultaneous,0,84,0.0
network_ba,3,domestic_only,e_only,d_to_e,0,84,0.0
network_ba,3,domestic_only,e_only,e_to_d,0,84,0.0
network_ba,3,domestic_only,simultaneous,none,0,84,0.0
network_ba,3,domestic_only,simultaneous,d_only,0,84,0.0
network_ba,3,domestic_only,simultaneous,e_only,0,84,0.0
network_ba,3,domestic_only,simultaneous,simultaneous,0,84,0.0
network_ba,3,domestic_only,simultaneous,d_to_e,0,84,0.0
network_ba,3,domestic_only,simultaneous,e_to_d,0,84,0.0
network_ba,3,domestic_only,d_to_e,none,0,84,0.0
network_ba,3,domestic_only,d_to_e,d_only,0,84,0.0
network_ba,3,domestic_only,d_to_e,e_only,0,84,0.0
network_ba,3,domestic_only,d_to_e,simultaneous,0,84,0.0
network_ba,3,domestic_only,d_to_e,d_to_e,0,84,0.0
network_ba,3,domestic_only,d_to_e,e_to_d,0,84,0.0
network_ba,3,domestic_only,e_to_d,none,0,84,0.0
network_ba,3,domestic_only,e_to_d,d_only,0,84,0.0
network_ba,3,domestic_only,e_to_d,e_only,0,84,0.0
network_ba,3,domestic_only,e_to_d,simultaneous,0,84,0.0
network_ba,3,domestic_only,e_to_d,d_to_e,0,84,0.0
network_ba,3,domestic_only,e_to_d,e_to_d,0,84,0.0
network_ba,3,customer_only,none,none,0,84,0.0
network_ba,3,customer_only,none,d_only,23,84,0.27380952380952384
network_ba,3,customer_only,none,e_only,0,84,0.0
network_ba,3,customer_only,none,simultaneous,0,84,0.0
network_ba,3,customer_only,none,d_to_e,0,84,0.0
network_ba,3,customer_only,none,e_to_d,0,84,0.0
network_ba,3,customer_only,d_only,none,0,84,0.0
network_ba,3,customer_only,d_only,d_only,0,84,0.0
network_ba,3,customer_only,d_only,e_only,0,84,0.0
network_ba,3,customer_only,d_only,simultaneous,0,84,0.0
network_ba,3,customer_only,d_only,d_to_e,0,84,0.0
network_ba,3,customer_only,d_only,e_to_d,0,84,0.0
network_ba,3,customer_only,e_only,none,0,84,0.0
network_ba,3,customer_only,e_only,d_only,20,84,0.23809523809523808
network_ba,3,customer_only,e_only,e_only,4,84,0.047619047619047616
network_ba,3,customer_only,e_only,simultaneous,6,84,0.07142857142857142
network_ba,3,customer_only,e_only,d_to_e,29,84,0.34523809523809523
network_ba,3,customer_only,e_only,e_to_d,2,84,0.023809523809523808
network_ba,3,customer_only,simultaneous,none,0,84,0.0
network_ba,3,customer_only,simultaneous,d_only,0,84,0.0
network_ba,3,customer_only,simultaneous,e_only,0,84,0.0
network_ba,3,customer_only,simultaneous,simultaneous,0,84,0.0
network_ba,3,customer_only,simultaneous,d_to_e,0,84,0.0
network_ba,3,customer_only,simultaneous,e_to_d,0,84,0.0
network_ba,3,customer_only,d_to_e,none,0,84,0.0
network_ba,3,customer_only,d_to_e,d_only,0,84,0.0
network_ba,3,customer_only,d_to_e,e_only,0,84,0.0
network_ba,3,customer_only,d_to_e,simultaneous,0,84,0.0
network_ba,3,customer_only,d_to_e,d_to_e,0,84,0.0
network_ba,3,customer_only,d_to_e,e_to_d,0,84,0.0
network_ba,3,customer_only,e_to_d,none,0,84,0.0
network_ba,3,customer_only,e_to_d,d_only,0,84,0.0
network_ba,3,customer_only,e_to_d,e_only,0,84,0.0
network_ba,3,customer_only,e_to_d,simultaneous,0,84,0.0
network_ba,3,customer_only,e_to_d,d_to_e,0,84,0.0
network_ba,3,customer_only,e_to_d,e_to_d,0,84,0.0
network_ba,4,domestic_only,none,none,0,82,0.0
network_ba,4,domestic_only,none,d_only,0,82,0.0
network_ba,4,domestic_only,none,e_only,0,82,0.0
network_ba,4,domestic_only,none,simultaneous,0,82,0.0
network_ba,4,domestic_only,none,d_to_e,0,82,0.0
network_ba,4,domestic_only,none,e_to_d,0,82,0.0
network_ba,4,domestic_only,d_only,none,0,82,0.0
network_ba,4,domestic_only,d_only,d_only,54,82,0.6585365853658537
network_ba,4,domestic_only,d_only,e_only,3,82,0.036585365853658534
network_ba,4,domestic_only,d_only,simultaneous,5,82,0.06097560975609756
network_ba,4,domestic_only,d_only,d_to_e,17,82,0.2073170731707317
network_ba,4,domestic_only,d_only,e_to_d,3,82,0.036585365853658534
network_ba,4,domestic_only,e_only,none,0,82,0.0
network_ba,4,domestic_only,e_only,d_only,0,82,0.0
network_ba,4,domestic_only,e_only,e_only,0,82,0.0
network_ba,4,domestic_only,e_only,simultaneous,0,82,0.0
network_ba,4,domestic_only,e_only,d_to_e,0,82,0.0
network_ba,4,domestic_only,e_only,e_to_d,0,82,0.0
network_ba,4,domestic_only,simultaneous,none,0,82,0.0
network_ba,4,domestic_only,simultaneous,d_only,0,82,0.0
network_ba,4,domestic_only,simultaneous,e_only,0,82,0.0
network_ba,4,domestic_only,simultaneous,simultaneous,0,82,0.0
network_ba,4,domestic_only,simultaneous,d_to_e,0,82,0.0
network_ba,4,domestic_only,simultaneous,e_to_d,0,82,0.0
network_ba,4,domestic_only,d_to_e,none,0,82,0.0
network_ba,4,domestic_only,d_to_e,d_only,0,82,0.0
network_ba,4,domestic_only,d_to_e,e_only,0,82,0.0
network_ba,4,domestic_only,d_to_e,simultaneous,0,82,0.0
network_ba,4,domestic_only,d_to_e,d_to_e,0,82,0.0
network_ba,4,domestic_only,d_to_e,e_to_d,0,82,0.0
network_ba,4,domestic_only,e_to_d,none,0,82,0.0
network_ba,4,domestic_only,e_to_d,d_only,0,82,0.0
network_ba,4,domestic_only,e_to_d,e_only,0,82,0.0
network_ba,4,domestic_only,e_to_d,simultaneous,0,82,0.0
network_ba,4,domestic_only,e_to_d,d_to_e,0,82,0.0
network_ba,4,domestic_only,e_to_d,e_to_d,0,82,0.0
network_ba,4,customer_only,none,none,0,82,0.0
network_ba,4,customer_only,none,d_only,46,82,0.5609756097560976
network_ba,4,customer_only,none,e_only,0,82,0.0
network_ba,4,customer_only,none,simultaneous,0,82,0.0
network_ba,4,customer_only,none,d_to_e,0,82,0.0
network_ba,4,customer_only,none,e_to_d,0,82,0.0
network_ba,4,customer_only,d_only,none,0,82,0.0
network_ba,4,customer_only,d_only,d_only,0,82,0.0
network_ba,4,customer_only,d_only,e_only,0,82,0.0
network_ba,4,customer_only,d_only,simultaneous,0,82,0.0
network_ba,4,customer_only,d_only,d_to_e,0,82,0.0
network_ba,4,customer_only,d_only,e_to_d,0,82,0.0
network_ba,4,customer_only,e_only,none,0,82,0.0
network_ba,4,customer_only,e_only,d_only,8,82,0.0975609756097561
network_ba,4,customer_only,e_only,e_only,3,82,0.036585365853658534
network_ba,4,customer_only,e_only,simultaneous,5,82,0.06097560975609756
network_ba,4,customer_only,e_only,d_to_e,17,82,0.2073170731707317
network_ba,4,customer_only,e_only,e_to_d,3,82,0.036585365853658534
network_ba,4,customer_only,simultaneous,none,0,82,0.0
network_ba,4,customer_only,simultaneous,d_only,0,82,0.0
network_ba,4,customer_only,simultaneous,e_only,0,82,0.0
network_ba,4,customer_only,simultaneous,simultaneous,0,82,0.0
network_ba,4,customer_only,simultaneous,d_to_e,0,82,0.0
network_ba,4,customer_only,simultaneous,e_to_d,0,82,0.0
network_ba,4,customer_only,d_to_e,none,0,82,0.0
network_ba,4,customer_only,d_to_e,d_only,0,82,0.0
network_ba,4,customer_only,d_to_e,e_only,0,82,0.0
network_ba,4,customer_only,d_to_e,simultaneous,0,82,0.0
network_ba,4,customer_only,d_to_e,d_to_e,0,82,0.0
network_ba,4,customer_only,d_to_e,e_to_d,0,82,0.0
network_ba,4,customer_only,e_to_d,none,0,82,0.0
network_ba,4,customer_only,e_to_d,d_only,0,82,0.0
network_ba,4,customer_only,e_to_d,e_only,0,82,0.0
network_ba,4,customer_only,e_to_d,simultaneous,0,82,0.0
network_ba,4,customer_only,e_to_d,d_to_e,0,82,0.0
network_ba,4,customer_only,e_to_d,e_to_d,0,82,0.0
network_ba,5,domestic_only,none,none,0,85,0.0
network_ba,5,domestic_only,none,d_only,0,85,0.0
network_ba,5,domestic_only,none,e_only,0,85,0.0
network_ba,5,domestic_only,none,simultaneous,0,85,0.0
network_ba,5,domestic_only,none,d_to_e,0,85,0.0
network_ba,5,domestic_only,none,e_to_d,0,85,0.0
network_ba,5,domestic_only,d_only,none,0,85,0.0
network_ba,5,domestic_only,d_only,d_only,45,85,0.5294117647058824
network_ba,5,domestic_only,d_only,e_only,1,85,0.011764705882352941
network_ba,5,domestic_only,d_only,simultaneous,6,85,0.07058823529411765
network_ba,5,domestic_only,d_only,d_to_e,26,85,0.3058823529411765
network_ba,5,domestic_only,d_only,e_to_d,7,85,0.08235294117647059
network_ba,5,domestic_only,e_only,none,0,85,0.0
network_ba,5,domestic_only,e_only,d_only,0,85,0.0
network_ba,5,domestic_only,e_only,e_only,0,85,0.0
network_ba,5,domestic_only,e_only,simultaneous,0,85,0.0
network_ba,5,domestic_only,e_only,d_to_e,0,85,0.0
network_ba,5,domestic_only,e_only,e_to_d,0,85,0.0
network_ba,5,domestic_only,simultaneous,none,0,85,0.0
network_ba,5,domestic_only,simultaneous,d_only,0,85,0.0
network_ba,5,domestic_only,simultaneous,e_only,0,85,0.0
network_ba,5,domestic_only,simultaneous,simultaneous,0,85,0.0
network_ba,5,domestic_only,simultaneous,d_to_e,0,85,0.0
network_ba,5,domestic_only,simultaneous,e_to_d,0,85,0.0
network_ba,5,domestic_only,d_to_e,none,0,85,0.0
network_ba,5,domestic_only,d_to_e,d_only,0,85,0.0
network_ba,5,domestic_only,d_to_e,e_only,0,85,0.0
network_ba,5,domestic_only,d_to_e,simultaneous,0,85,0.0
network_ba,5,domestic_only,d_to_e,d_to_e,0,85,0.0
network_ba,5,domestic_only,d_to_e,e_to_d,0,85,0.0
network_ba,5,domestic_only,e_to_d,none,0,85,0.0
network_ba,5,domestic_only,e_to_d,d_only,0,85,0.0
network_ba,5,domestic_only,e_to_d,e_only,0,85,0.0
network_ba,5,domestic_only,e_to_d,simultaneous,0,85,0.0
network_ba,5,domestic_only,e_to_d,d_to_e,0,85,0.0
network_ba,5,domestic_only,e_to_d,e_to_d,0,85,0.0
network_ba,5,customer_only,none,none,0,85,0.0
network_ba,5,customer_only,none,d_only,30,85,0.35294117647058826
network_ba,5,customer_only,none,e_only,0,85,0.0
network_ba,5,customer_only,none,simultaneous,0,85,0.0
network_ba,5,customer_only,none,d_to_e,0,85,0.0
network_ba,5,customer_only,none,e_to_d,0,85,0.0
network_ba,5,customer_only,d_only,none,0,85,0.0
network_ba,5,customer_only,d_only,d_only,0,85,0.0
network_ba,5,customer_only,d_only,e_only,0,85,0.0
network_ba,5,customer_only,d_only,simultaneous,0,85,0.0
network_ba,5,customer_only,d_only,d_to_e,0,85,0.0
network_ba,5,customer_only,d_only,e_to_d,0,85,0.0
network_ba,5,customer_only,e_only,none,0,85,0.0
network_ba,5,customer_only,e_only,d_only,15,85,0.17647058823529413
network_ba,5,customer_only,e_only,e_only,1,85,0.011764705882352941
network_ba,5,customer_only,e_only,simultaneous,6,85,0.07058823529411765
network_ba,5,customer_only,e_only,d_to_e,26,85,0.3058823529411765
network_ba,5,customer_only,e_only,e_to_d,7,85,0.08235294117647059
network_ba,5,customer_only,simultaneous,none,0,85,0.0
network_ba,5,customer_only,simultaneous,d_only,0,85,0.0
network_ba,5,customer_only,simultaneous,e_only,0,85,0.0
network_ba,5,customer_only,simultaneous,simultaneous,0,85,0.0
network_ba,5,customer_only,simultaneous,d_to_e,0,85,0.0
network_ba,5,customer_only,simultaneous,e_to_d,0,85,0.0
network_ba,5,customer_only,d_to_e,none,0,85,0.0
network_ba,5,customer_only,d_to_e,d_only,0,85,0.0
network_ba,5,customer_only,d_to_e,e_only,0,85,0.0
network_ba,5,customer_only,d_to_e,simultaneous,0,85,0.0
network_ba,5,customer_only,d_to_e,d_to_e,0,85,0.0
network_ba,5,customer_only,d_to_e,e_to_d,0,85,0.0
network_ba,5,customer_only,e_to_d,none,0,85,0.0
network_ba,5,customer_only,e_to_d,d_only,0,85,0.0
network_ba,5,customer_only,e_to_d,e_only,0,85,0.0
network_ba,5,customer_only,e_to_d,simultaneous,0,85,0.0
network_ba,5,customer_only,e_to_d,d_to_e,0,85,0.0
network_ba,5,customer_only,e_to_d,e_to_d,0,85,0.0
network_ba,6,domestic_only,none,none,0,86,0.0
network_ba,6,domestic_only,none,d_only,0,86,0.0
network_ba,6,domestic_only,none,e_only,0,86,0.0
network_ba,6,domestic_only,none,simultaneous,0,86,0.0
network_ba,6,domestic_only,none,d_to_e,0,86,0.0
network_ba,6,domestic_only,none,e_to_d,0,86,0.0
network_ba,6,domestic_only,d_only,none,0,86,0.0
network_ba,6,domestic_only,d_only,d_only,46,86,0.5348837209302325
network_ba,6,domestic_only,d_only,e_only,1,86,0.011627906976744186
network_ba,6,domestic_only,d_only,simultaneous,5,86,0.05813953488372093
network_ba,6,domestic_only,d_only,d_to_e,28,86,0.32558139534883723
network_ba,6,domestic_only,d_only,e_to_d,6,86,0.06976744186046512
network_ba,6,domestic_only,e_only,none,0,86,0.0
network_ba,6,domestic_only,e_only,d_only,0,86,0.0
network_ba,6,domestic_only,e_only,e_only,0,86,0.0
network_ba,6,domestic_only,e_only,simultaneous,0,86,0.0
network_ba,6,domestic_only,e_only,d_to_e,0,86,0.0
network_ba,6,domestic_only,e_only,e_to_d,0,86,0.0
network_ba,6,domestic_only,simultaneous,none,0,86,0.0
network_ba,6,domestic_only,simultaneous,d_only,0,86,0.0
network_ba,6,domestic_only,simultaneous,e_only,0,86,0.0
network_ba,6,domestic_only,simultaneous,simultaneous,0,86,0.0
network_ba,6,domestic_only,simultaneous,d_to_e,0,86,0.0
network_ba,6,domestic_only,simultaneous,e_to_d,0,86,0.0
network_ba,6,domestic_only,d_to_e,none,0,86,0.0
network_ba,6,domestic_only,d_to_e,d_only,0,86,0.0
network_ba,6,domestic_only,d_to_e,e_only,0,86,0.0
network_ba,6,domestic_only,d_to_e,simultaneous,0,86,0.0
network_ba,6,domestic_only,d_to_e,d_to_e,0,86,0.0
network_ba,6,domestic_only,d_to_e,e_to_d,0,86,0.0
network_ba,6,domestic_only,e_to_d,none,0,86,0.0
network_ba,6,domestic_only,e_to_d,d_only,0,86,0.0
network_ba,6,domestic_only,e_to_d,e_only,0,86,0.0
network_ba,6,domestic_only,e_to_d,simultaneous,0,86,0.0
network_ba,6,domestic_only,e_to_d,d_to_e,0,86,0.0
network_ba,6,domestic_only,e_to_d,e_to_d,0,86,0.0
network_ba,6,customer_only,none,none,0,86,0.0
network_ba,6,customer_only,none,d_only,29,86,0.3372093023255814
network_ba,6,customer_only,none,e_only,0,86,0.0
network_ba,6,customer_only,none,simultaneous,0,86,0.0
network_ba,6,customer_only,none,d_to_e,0,86,0.0
network_ba,6,customer_only,none,e_to_d,0,86,0.0
network_ba,6,customer_only,d_only,none,0,86,0.0
network_ba,6,customer_only,d_only,d_only,0,86,0.0
network_ba,6,customer_only,d_only,e_only,0,86,0.0
network_ba,6,customer_only,d_only,simultaneous,0,86,0.0
network_ba,6,customer_only,d_only,d_to_e,0,86,0.0
network_ba,6,customer_only,d_only,e_to_d,0,86,0.0
network_ba,6,customer_only,e_only,none,0,86,0.0
network_ba,6,customer_only,e_only,d_only,17,86,0.19767441860465115
network_ba,6,customer_only,e_only,e_only,1,86,0.011627906976744186
network_ba,6,customer_only,e_only,simultaneous,5,86,0.05813953488372093
network_ba,6,customer_only,e_only,d_to_e,28,86,0.32558139534883723
network_ba,6,customer_only,e_only,e_to_d,6,86,0.06976744186046512
network_ba,6,customer_only,simultaneous,none,0,86,0.0
network_ba,6,customer_only,simultaneous,d_only,0,86,0.0
network_ba,6,customer_only,simultaneous,e_only,0,86,0.0
network_ba,6,customer_only,simultaneous,simultaneous,0,86,0.0
network_ba,6,customer_only,simultaneous,d_to_e,0,86,0.0
network_ba,6,customer_only,simultaneous,e_to_d,0,86,0.0
network_ba,6,customer_only,d_to_e,none,0,86,0.0
network_ba,6,customer_only,d_to_e,d_only,0,86,0.0
network_ba,6,customer_only,d_to_e,e_only,0,86,0.0
network_ba,6,customer_only,d_to_e,simultaneous,0,86,0.0
network_ba,6,customer_only,d_to_e,d_to_e,0,86,0.0
network_ba,6,customer_only,d_to_e,e_to_d,0,86,0.0
network_ba,6,customer_only,e_to_d,none,0,86,0.0
network_ba,6,customer_only,e_to_d,d_only,0,86,0.0
network_ba,6,customer_only,e_to_d,e_only,0,86,0.0
network_ba,6,customer_only,e_to_d,simultaneous,0,86,0.0
network_ba,6,customer_only,e_to_d,d_to_e,0,86,0.0
network_ba,6,customer_only,e_to_d,e_to_d,0,86,0.0
network_ba,7,domestic_only,none,none,0,84,0.0
network_ba,7,domestic_only,none,d_only,0,84,0.0
network_ba,7,domestic_only,none,e_only,0,84,0.0
network_ba,7,domestic_only,none,simultaneous,0,84,0.0
network_ba,7,domestic_only,none,d_to_e,0,84,0.0
network_ba,7,domestic_only,none,e_to_d,0,84,0.0
network_ba,7,domestic_only,d_only,none,0,84,0.0
network_ba,7,domestic_only,d_only,d_only,49,84,0.5833333333333334
network_ba,7,domestic_only,d_only,e_only,0,84,0.0
network_ba,7,domestic_only,d_only,simultaneous,10,84,0.11904761904761904
network_ba,7,domestic_only,d_only,d_to_e,21,84,0.25
network_ba,7,domestic_only,d_only,e_to_d,4,84,0.047619047619047616
network_ba,7,domestic_only,e_only,none,0,84,0.0
network_ba,7,domestic_only,e_only,d_only,0,84,0.0
network_ba,7,domestic_only,e_only,e_only,0,84,0.0
network_ba,7,domestic_only,e_only,simultaneous,0,84,0.0
network_ba,7,domestic_only,e_only,d_to_e,0,84,0.0
network_ba,7,domestic_only,e_only,e_to_d,0,84,0.0
network_ba,7,domestic_only,simultaneous,none,0,84,0.0
network_ba,7,domestic_only,simultaneous,d_only,0,84,0.0
network_ba,7,domestic_only,simultaneous,e_only,0,84,0.0
network_ba,7,domestic_only,simultaneous,simultaneous,0,84,0.0
network_ba,7,domestic_only,simultaneous,d_to_e,0,84,0.0
network_ba,7,domestic_only,simultaneous,e_to_d,0,84,0.0
network_ba,7,domestic_only,d_to_e,none,0,84,0.0
network_ba,7,domestic_only,d_to_e,d_only,0,84,0.0
network_ba,7,domestic_only,d_to_e,e_only,0,84,0.0
network_ba,7,domestic_only,d_to_e,simultaneous,0,84,0.0
network_ba,7,domestic_only,d_to_e,d_to_e,0,84,0.0
network_ba,7,domestic_only,d_to_e,e_to_d,0,84,0.0
network_ba,7,domestic_only,e_to_d,none,0,84,0.0
network_ba,7,domestic_only,e_to_d,d_only,0,84,0.0
network_ba,7,domestic_only,e_to_d,e_only,0,84,0.0
network_ba,7,domestic_only,e_to_d,simultaneous,0,84,0.0
network_ba,7,domestic_only,e_to_d,d_to_e,0,84,0.0
network_ba,7,domestic_only,e_to_d,e_to_d,0,84,0.0
network_ba,7,customer_only,none,none,0,84,0.0
network_ba,7,customer_only,none,d_only,36,84,0.42857142857142855
network_ba,7,customer_only,none,e_only,0,84,0.0
network_ba,7,customer_only,none,simultaneous,0,84,0.0
network_ba,7,customer_only,none,d_to_e,0,84,0.0
network_ba,7,customer_only,none,e_to_d,0,84,0.0
network_ba,7,customer_only,d_only,none,0,84,0.0
network_ba,7,customer_only,d_only,d_only,0,84,0.0
network_ba,7,customer_only,d_only,e_only,0,84,0.0
network_ba,7,customer_only,d_only,simultaneous,0,84,0.0
network_ba,7,customer_only,d_only,d_to_e,0,84,0.0
network_ba,7,customer_only,d_only,e_to_d,0,84,0.0
network_ba,7,customer_only,e_only,none,0,84,0.0
network_ba,7,customer_only,e_only,d_only,13,84,0.15476190476190477
network_ba,7,customer_only,e_only,e_only,0,84,0.0
network_ba,7,customer_only,e_only,simultaneous,10,84,0.11904761904761904
network_ba,7,customer_only,e_only,d_to_e,21,84,0.25
network_ba,7,customer_only,e_only,e_to_d,4,84,0.047619047619047616
network_ba,7,customer_only,simultaneous,none,0,84,0.0
network_ba,7,customer_only,simultaneous,d_only,0,84,0.0
network_ba,7,customer_only,simultaneous,e_only,0,84,0.0
network_ba,7,customer_only,simultaneous,simultaneous,0,84,0.0
network_ba,7,customer_only,simultaneous,d_to_e,0,84,0.0
network_ba,7,customer_only,simultaneous,e_to_d,0,84,0.0
network_ba,7,customer_only,d_to_e,none,0,84,0.0
network_ba,7,customer_only,d_to_e,d_only,0,84,0.0
network_ba,7,customer_only,d_to_e,e_only,0,84,0.0
network_ba,7,customer_only,d_to_e,simultaneous,0,84,0.0
network_ba,7,customer_only,d_to_e,d_to_e,0,84,0.0
network_ba,7,customer_only,d_to_e,e_to_d,0,84,0.0
network_ba,7,customer_only,e_to_d,none,0,84,0.0
network_ba,7,customer_only,e_to_d,d_only,0,84,0.0
network_ba,7,customer_only,e_to_d,e_only,0,84,0.0
network_ba,7,customer_only,e_to_d,simultaneous,0,84,0.0
network_ba,7,customer_only,e_to_d,d_to_e,0,84,0.0
network_ba,7,customer_only,e_to_d,e_to_d,0,84,0.0
network_ba,8,domestic_only,none,none,0,71,0.0
network_ba,8,domestic_only,none,d_only,0,71,0.0
network_ba,8,domestic_only,none,e_only,0,71,0.0
network_ba,8,domestic_only,none,simultaneous,0,71,0.0
network_ba,8,domestic_only,none,d_to_e,0,71,0.0
network_ba,8,domestic_only,none,e_to_d,0,71,0.0
network_ba,8,domestic_only,d_only,none,0,71,0.0
network_ba,8,domestic_only,d_only,d_only,48,71,0.676056338028169
network_ba,8,domestic_only,d_only,e_only,0,71,0.0
network_ba,8,domestic_only,d_only,simultaneous,9,71,0.1267605633802817
network_ba,8,domestic_only,d_only,d_to_e,13,71,0.18309859154929578
network_ba,8,domestic_only,d_only,e_to_d,1,71,0.014084507042253521
network_ba,8,domestic_only,e_only,none,0,71,0.0
network_ba,8,domestic_only,e_only,d_only,0,71,0.0
network_ba,8,domestic_only,e_only,e_only,0,71,0.0
network_ba,8,domestic_only,e_only,simultaneous,0,71,0.0
network_ba,8,domestic_only,e_only,d_to_e,0,71,0.0
network_ba,8,domestic_only,e_only,e_to_d,0,71,0.0
network_ba,8,domestic_only,simultaneous,none,0,71,0.0
network_ba,8,domestic_only,simultaneous,d_only,0,71,0.0
network_ba,8,domestic_only,simultaneous,e_only,0,71,0.0
network_ba,8,domestic_only,simultaneous,simultaneous,0,71,0.0
network_ba,8,domestic_only,simultaneous,d_to_e,0,71,0.0
network_ba,8,domestic_only,simultaneous,e_to_d,0,71,0.0
network_ba,8,domestic_only,d_to_e,none,0,71,0.0
network_ba,8,domestic_only,d_to_e,d_only,0,71,0.0
network_ba,8,domestic_only,d_to_e,e_only,0,71,0.0
network_ba,8,domestic_only,d_to_e,simultaneous,0,71,0.0
network_ba,8,domestic_only,d_to_e,d_to_e,0,71,0.0
network_ba,8,domestic_only,d_to_e,e_to_d,0,71,0.0
network_ba,8,domestic_only,e_to_d,none,0,71,0.0
network_ba,8,domestic_only,e_to_d,d_only,0,71,0.0
network_ba,8,domestic_only,e_to_d,e_only,0,71,0.0
network_ba,8,domestic_only,e_to_d,simultaneous,0,71,0.0
network_ba,8,domestic_only,e_to_d,d_to_e,0,71,0.0
network_ba,8,domestic_only,e_to_d,e_to_d,0,71,0.0
network_ba,8,customer_only,none,none,0,71,0.0
network_ba,8,customer_only,none,d_only,33,71,0.4647887323943662
network_ba,8,customer_only,none,e_only,0,71,0.0
network_ba,8,customer_only,none,simultaneous,0,71,0.0
network_ba,8,customer_only,none,d_to_e,0,71,0.0
network_ba,8,customer_only,none,e_to_d,0,71,0.0
network_ba,8,customer_only,d_only,none,0,71,0.0
network_ba,8,customer_only,d_only,d_only,0,71,0.0
network_ba,8,customer_only,d_only,e_only,0,71,0.0
network_ba,8,customer_only,d_only,simultaneous,0,71,0.0
network_ba,8,customer_only,d_only,d_to_e,0,71,0.0
network_ba,8,customer_only,d_only,e_to_d,0,71,0.0
network_ba,8,customer_only,e_only,none,0,71,0.0
network_ba,8,customer_only,e_only,d_only,15,71,0.2112676056338028
network_ba,8,customer_only,e_only,e_only,0,71,0.0
network_ba,8,customer_only,e_only,simultaneous,9,71,0.1267605633802817
network_ba,8,customer_only,e_only,d_to_e,13,71,0.18309859154929578
network_ba,8,customer_only,e_only,e_to_d,1,71,0.014084507042253521
network_ba,8,customer_only,simultaneous,none,0,71,0.0
network_ba,8,customer_only,simultaneous,d_only,0,71,0.0
network_ba,8,customer_only,simultaneous,e_only,0,71,0.0
network_ba,8,customer_only,simultaneous,simultaneous,0,71,0.0
network_ba,8,customer_only,simultaneous,d_to_e,0,71,0.0
network_ba,8,customer_only,simultaneous,e_to_d,0,71,0.0
network_ba,8,customer_only,d_to_e,none,0,71,0.0
network_ba,8,customer_only,d_to_e,d_only,0,71,0.0
network_ba,8,customer_only,d_to_e,e_only,0,71,0.0
network_ba,8,customer_only,d_to_e,simultaneous,0,71,0.0
network_ba,8,customer_only,d_to_e,d_to_e,0,71,0.0
network_ba,8,customer_only,d_to_e,e_to_d,0,71,0.0
network_ba,8,customer_only,e_to_d,none,0,71,0.0
network_ba,8,customer_only,e_to_d,d_only,0,71,0.0
network_ba,8,customer_only,e_to_d,e_only,0,71,0.0
network_ba,8,customer_only,e_to_d,simultaneous,0,71,0.0
network_ba,8,customer_only,e_to_d,d_to_e,0,71,0.0
network_ba,8,customer_only,e_to_d,e_to_d,0,71,0.0
network_ba,9,domestic_only,none,none,0,64,0.0
network_ba,9,domestic_only,none,d_only,0,64,0.0
network_ba,9,domestic_only,none,e_only,0,64,0.0
network_ba,9,domestic_only,none,simultaneous,0,64,0.0
network_ba,9,domestic_only,none,d_to_e,0,64,0.0
network_ba,9,domestic_only,none,e_to_d,0,64,0.0
network_ba,9,domestic_only,d_only,none,0,64,0.0
network_ba,9,domestic_only,d_only,d_only,30,64,0.46875
network_ba,9,domestic_only,d_only,e_only,2,64,0.03125
network_ba,9,domestic_only,d_only,simultaneous,4,64,0.0625
network_ba,9,domestic_only,d_only,d_to_e,26,64,0.40625
network_ba,9,domestic_only,d_only,e_to_d,2,64,0.03125
network_ba,9,domestic_only,e_only,none,0,64,0.0
network_ba,9,domestic_only,e_only,d_only,0,64,0.0
network_ba,9,domestic_only,e_only,e_only,0,64,0.0
network_ba,9,domestic_only,e_only,simultaneous,0,64,0.0
network_ba,9,domestic_only,e_only,d_to_e,0,64,0.0
network_ba,9,domestic_only,e_only,e_to_d,0,64,0.0
network_ba,9,domestic_only,simultaneous,none,0,64,0.0
network_ba,9,domestic_only,simultaneous,d_only,0,64,0.0
network_ba,9,domestic_only,simultaneous,e_only,0,64,0.0
network_ba,9,domestic_only,simultaneous,simultaneous,0,64,0.0
network_ba,9,domestic_only,simultaneous,d_to_e,0,64,0.0
network_ba,9,domestic_only,simultaneous,e_to_d,0,64,0.0
network_ba,9,domestic_only,d_to_e,none,0,64,0.0
network_ba,9,domestic_only,d_to_e,d_only,0,64,0.0
network_ba,9,domestic_only,d_to_e,e_only,0,64,0.0
network_ba,9,domestic_only,d_to_e,simultaneous,0,64,0.0
network_ba,9,domestic_only,d_to_e,d_to_e,0,64,0.0
network_ba,9,domestic_only,d_to_e,e_to_d,0,64,0.0
network_ba,9,domestic_only,e_to_d,none,0,64,0.0
network_ba,9,domestic_only,e_to_d,d_only,0,64,0.0
network_ba,9,domestic_only,e_to_d,e_only,0,64,0.0
network_ba,9,domestic_only,e_to_d,simultaneous,0,64,0.0
network_ba,9,domestic_only,e_to_d,d_to_e,0,64,0.0
network_ba,9,domestic_only,e_to_d,e_to_d,0,64,0.0
network_ba,9,customer_only,none,none,0,64,0.0
network_ba,9,customer_only,none,d_only,20,64,0.3125
network_ba,9,customer_only,none,e_only,0,64,0.0
network_ba,9,customer_only,none,simultaneous,0,64,0.0
network_ba,9,customer_only,none,d_to_e,0,64,0.0
network_ba,9,customer_only,none,e_to_d,0,64,0.0
network_ba,9,customer_only,d_only,none,0,64,0.0
network_ba,9,customer_only,d_only,d_only,0,64,0.0
network_ba,9,customer_only,d_only,e_only,0,64,0.0
network_ba,9,customer_only,d_only,simultaneous,0,64,0.0
network_ba,9,customer_only,d_only,d_to_e,0,64,0.0
network_ba,9,customer_only,d_only,e_to_d,0,64,0.0
network_ba,9,customer_only,e_only,none,0,64,0.0
network_ba,9,customer_only,e_only,d_only,10,64,0.15625
network_ba,9,customer_only,e_only,e_only,2,64,0.03125
network_ba,9,customer_only,e_only,simultaneous,4,64,0.0625
network_ba,9,customer_only,e_only,d_to_e,26,64,0.40625
network_ba,9,customer_only,e_only,e_to_d,2,64,0.03125
network_ba,9,customer_only,simultaneous,none,0,64,0.0
network_ba,9,customer_only,simultaneous,d_only,0,64,0.0
network_ba,9,customer_only,simultaneous,e_only,0,64,0.0
network_ba,9,customer_only,simultaneous,simultaneous,0,64,0.0
network_ba,9,customer_only,simultaneous,d_to_e,0,64,0.0
network_ba,9,customer_only,simultaneous,e_to_d,0,64,0.0
network_ba,9,customer_only,d_to_e,none,0,64,0.0
network_ba,9,customer_only,d_to_e,d_only,0,64,0.0
network_ba,9,customer_only,d_to_e,e_only,0,64,0.0
network_ba,9,customer_only,d_to_e,simultaneous,0,64,0.0
network_ba,9,customer_only,d_to_e,d_to_e,0,64,0.0
network_ba,9,customer_only,d_to_e,e_to_d,0,64,0.0
network_ba,9,customer_only,e_to_d,none,0,64,0.0
network_ba,9,customer_only,e_to_d,d_only,0,64,0.0
network_ba,9,customer_only,e_to_d,e_only,0,64,0.0
network_ba,9,customer_only,e_to_d,simultaneous,0,64,0.0
network_ba,9,customer_only,e_to_d,d_to_e,0,64,0.0
network_ba,9,customer_only,e_to_d,e_to_d,0,64,0.0
network_ba,10,domestic_only,none,none,0,77,0.0
network_ba,10,domestic_only,none,d_only,0,77,0.0
network_ba,10,domestic_only,none,e_only,0,77,0.0
network_ba,10,domestic_only,none,simultaneous,0,77,0.0
network_ba,10,domestic_only,none,d_to_e,0,77,0.0
network_ba,10,domestic_only,none,e_to_d,0,77,0.0
network_ba,10,domestic_only,d_only,none,0,77,0.0
network_ba,10,domestic_only,d_only,d_only,54,77,0.7012987012987013
network_ba,10,domestic_only,d_only,e_only,0,77,0.0
network_ba,10,domestic_only,d_only,simultaneous,7,77,0.09090909090909091
network_ba,10,domestic_only,d_only,d_to_e,14,77,0.18181818181818182
network_ba,10,domestic_only,d_only,e_to_d,2,77,0.025974025974025976
network_ba,10,domestic_only,e_only,none,0,77,0.0
network_ba,10,domestic_only,e_only,d_only,0,77,0.0
network_ba,10,domestic_only,e_only,e_only,0,77,0.0
network_ba,10,domestic_only,e_only,simultaneous,0,77,0.0
network_ba,10,domestic_only,e_only,d_to_e,0,77,0.0
network_ba,10,domestic_only,e_only,e_to_d,0,77,0.0
network_ba,10,domestic_only,simultaneous,none,0,77,0.0
network_ba,10,domestic_only,simultaneous,d_only,0,77,0.0
network_ba,10,domestic_only,simultaneous,e_only,0,77,0.0
network_ba,10,domestic_only,simultaneous,simultaneous,0,77,0.0
network_ba,10,domestic_only,simultaneous,d_to_e,0,77,0.0
network_ba,10,domestic_only,simultaneous,e_to_d,0,77,0.0
network_ba,10,domestic_only,d_to_e,none,0,77,0.0
network_ba,10,domestic_only,d_to_e,d_only,0,77,0.0
network_ba,10,domestic_only,d_to_e,e_only,0,77,0.0
network_ba,10,domestic_only,d_to_e,simultaneous,0,77,0.0
network_ba,10,domestic_only,d_to_e,d_to_e,0,77,0.0
network_ba,10,domestic_only,d_to_e,e_to_d,0,77,0.0
network_ba,10,domestic_only,e_to_d,none,0,77,0.0
network_ba,10,domestic_only,e_to_d,d_only,0,77,0.0
network_ba,10,domestic_only,e_to_d,e_only,0,77,0.0
network_ba,10,domestic_only,e_to_d,simultaneous,0,77,0.0
network_ba,10,domestic_only,e_to_d,d_to_e,0,77,0.0
network_ba,10,domestic_only,e_to_d,e_to_d,0,77,0.0
network_ba,10,customer_only,none,none,0,77,0.0
network_ba,10,customer_only,none,d_only,44,77,0.5714285714285714
network_ba,10,customer_only,none,e_only,0,77,0.0
network_ba,10,customer_only,none,simultaneous,0,77,0.0
network_ba,10,customer_only,none,d_to_e,0,77,0.0
network_ba,10,customer_only,none,e_to_d,0,77,0.0
network_ba,10,customer_only,d_only,none,0,77,0.0
network_ba,10,customer_only,d_only,d_only,0,77,0.0
network_ba,10,customer_only,d_only,e_only,0,77,0.0
network_ba,10,customer_only,d_only,simultaneous,0,77,0.0
network_ba,10,customer_only,d_only,d_to_e,0,77,0.0
network_ba,10,customer_only,d_only,e_to_d,0,77,0.0
network_ba,10,customer_only,e_only,none,0,77,0.0
network_ba,10,customer_only,e_only,d_only,10,77,0.12987012987012986
network_ba,10,customer_only,e_only,e_only,0,77,0.0
network_ba,10,customer_only,e_only,simultaneous,7,77,0.09090909090909091
network_ba,10,customer_only,e_only,d_to_e,14,77,0.18181818181818182
network_ba,10,customer_only,e_only,e_to_d,2,77,0.025974025974025976
network_ba,10,customer_only,simultaneous,none,0,77,0.0
network_ba,10,customer_only,simultaneous,d_only,0,77,0.0
network_ba,10,customer_only,simultaneous,e_only,0,77,0.0
network_ba,10,customer_only,simultaneous,simultaneous,0,77,0.0
network_ba,10,customer_only,simultaneous,d_to_e,0,77,0.0
network_ba,10,customer_only,simultaneous,e_to_d,0,77,0.0
network_ba,10,customer_only,d_to_e,none,0,77,0.0
network_ba,10,customer_only,d_to_e,d_only,0,77,0.0
network_ba,10,customer_only,d_to_e,e_only,0,77,0.0
network_ba,10,customer_only,d_to_e,simultaneous,0,77,0.0
network_ba,10,customer_only,d_to_e,d_to_e,0,77,0.0
network_ba,10,customer_only,d_to_e,e_to_d,0,77,0.0
network_ba,10,customer_only,e_to_d,none,0,77,0.0
network_ba,10,customer_only,e_to_d,d_only,0,77,0.0
network_ba,10,customer_only,e_to_d,e_only,0,77,0.0
network_ba,10,customer_only,e_to_d,simultaneous,0,77,0.0
network_ba,10,customer_only,e_to_d,d_to_e,0,77,0.0
network_ba,10,customer_only,e_to_d,e_to_d,0,77,0.0
network_ba,11,domestic_only,none,none,0,75,0.0
network_ba,11,domestic_only,none,d_only,0,75,0.0
network_ba,11,domestic_only,none,e_only,0,75,0.0
network_ba,11,domestic_only,none,simultaneous,0,75,0.0
network_ba,11,domestic_only,none,d_to_e,0,75,0.0
network_ba,11,domestic_only,none,e_to_d,0,75,0.0
network_ba,11,domestic_only,d_only,none,0,75,0.0
network_ba,11,domestic_only,d_only,d_only,44,75,0.5866666666666667
network_ba,11,domestic_only,d_only,e_only,0,75,0.0
network_ba,11,domestic_only,d_only,simultaneous,6,75,0.08
network_ba,11,domestic_only,d_only,d_to_e,19,75,0.25333333333333335
network_ba,11,domestic_only,d_only,e_to_d,6,75,0.08
network_ba,11,domestic_only,e_only,none,0,75,0.0
network_ba,11,domestic_only,e_only,d_only,0,75,0.0
network_ba,11,domestic_only,e_only,e_only,0,75,0.0
network_ba,11,domestic_only,e_only,simultaneous,0,75,0.0
network_ba,11,domestic_only,e_only,d_to_e,0,75,0.0
network_ba,11,domestic_only,e_only,e_to_d,0,75,0.0
network_ba,11,domestic_only,simultaneous,none,0,75,0.0
network_ba,11,domestic_only,simultaneous,d_only,0,75,0.0
network_ba,11,domestic_only,simultaneous,e_only,0,75,0.0
network_ba,11,domestic_only,simultaneous,simultaneous,0,75,0.0
network_ba,11,domestic_only,simultaneous,d_to_e,0,75,0.0
network_ba,11,domestic_only,simultaneous,e_to_d,0,75,0.0
network_ba,11,domestic_only,d_to_e,none,0,75,0.0
network_ba,11,domestic_only,d_to_e,d_only,0,75,0.0
network_ba,11,domestic_only,d_to_e,e_only,0,75,0.0
network_ba,11,domestic_only,d_to_e,simultaneous,0,75,0.0
network_ba,11,domestic_only,d_to_e,d_to_e,0,75,0.0
network_ba,11,domestic_only,d_to_e,e_to_d,0,75,0.0
network_ba,11,domestic_only,e_to_d,none,0,75,0.0
network_ba,11,domestic_only,e_to_d,d_only,0,75,0.0
network_ba,11,domestic_only,e_to_d,e_only,0,75,0.0
network_ba,11,domestic_only,e_to_d,simultaneous,0,75,0.0
network_ba,11,domestic_only,e_to_d,d_to_e,0,75,0.0
network_ba,11,domestic_only,e_to_d,e_to_d,0,75,0.0
network_ba,11,customer_only,none,none,0,75,0.0
network_ba,11,customer_only,none,d_only,38,75,0.5066666666666667
network_ba,11,customer_only,none,e_only,0,75,0.0
network_ba,11,customer_only,none,simultaneous,0,75,0.0
network_ba,11,customer_only,none,d_to_e,0,75,0.0
network_ba,11,customer_only,none,e_to_d,0,75,0.0
network_ba,11,customer_only,d_only,none,0,75,0.0
network_ba,11,customer_only,d_only,d_only,0,75,0.0
network_ba,11,customer_only,d_only,e_only,0,75,0.0
network_ba,11,customer_only,d_only,simultaneous,0,75,0.0
network_ba,11,customer_only,d_only,d_to_e,0,75,0.0
network_ba,11,customer_only,d_only,e_to_d,0,75,0.0
network_ba,11,customer_only,e_only,none,0,75,0.0
network_ba,11,customer_only,e_only,d_only,6,75,0.08
network_ba,11,customer_only,e_only,e_only,0,75,0.0
network_ba,11,customer_only,e_only,simultaneous,6,75,0.08
network_ba,11,customer_only,e_only,d_to_e,19,75,0.25333333333333335
network_ba,11,customer_only,e_only,e_to_d,6,75,0.08
network_ba,11,customer_only,simultaneous,none,0,75,0.0
network_ba,11,customer_only,simultaneous,d_only,0,75,0.0
network_ba,11,customer_only,simultaneous,e_only,0,75,0.0
network_ba,11,customer_only,simultaneous,simultaneous,0,75,0.0
network_ba,11,customer_only,simultaneous,d_to_e,0,75,0.0
network_ba,11,customer_only,simultaneous,e_to_d,0,75,0.0
network_ba,11,customer_only,d_to_e,none,0,75,0.0
network_ba,11,customer_only,d_to_e,d_only,0,75,0.0
network_ba,11,customer_only,d_to_e,e_only,0,75,0.0
network_ba,11,customer_only,d_to_e,simultaneous,0,75,0.0
network_ba,11,customer_only,d_to_e,d_to_e,0,75,0.0
network_ba,11,customer_only,d_to_e,e_to_d,0,75,0.0
network_ba,11,customer_only,e_to_d,none,0,75,0.0
network_ba,11,customer_only,e_to_d,d_only,0,75,0.0
network_ba,11,customer_only,e_to_d,e_only,0,75,0.0
network_ba,11,customer_only,e_to_d,simultaneous,0,75,0.0
network_ba,11,customer_only,e_to_d,d_to_e,0,75,0.0
network_ba,11,customer_only,e_to_d,e_to_d,0,75,0.0
network_ba,12,domestic_only,none,none,0,77,0.0
network_ba,12,domestic_only,none,d_only,0,77,0.0
network_ba,12,domestic_only,none,e_only,0,77,0.0
network_ba,12,domestic_only,none,simultaneous,0,77,0.0
network_ba,12,domestic_only,none,d_to_e,0,77,0.0
network_ba,12,domestic_only,none,e_to_d,0,77,0.0
network_ba,12,domestic_only,d_only,none,0,77,0.0
network_ba,12,domestic_only,d_only,d_only,42,77,0.5454545454545454
network_ba,12,domestic_only,d_only,e_only,1,77,0.012987012987012988
network_ba,12,domestic_only,d_only,simultaneous,6,77,0.07792207792207792
network_ba,12,domestic_only,d_only,d_to_e,22,77,0.2857142857142857
network_ba,12,domestic_only,d_only,e_to_d,6,77,0.07792207792207792
network_ba,12,domestic_only,e_only,none,0,77,0.0
network_ba,12,domestic_only,e_only,d_only,0,77,0.0
network_ba,12,domestic_only,e_only,e_only,0,77,0.0
network_ba,12,domestic_only,e_only,simultaneous,0,77,0.0
network_ba,12,domestic_only,e_only,d_to_e,0,77,0.0
network_ba,12,domestic_only,e_only,e_to_d,0,77,0.0
network_ba,12,domestic_only,simultaneous,none,0,77,0.0
network_ba,12,domestic_only,simultaneous,d_only,0,77,0.0
network_ba,12,domestic_only,simultaneous,e_only,0,77,0.0
network_ba,12,domestic_only,simultaneous,simultaneous,0,77,0.0
network_ba,12,domestic_only,simultaneous,d_to_e,0,77,0.0
network_ba,12,domestic_only,simultaneous,e_to_d,0,77,0.0
network_ba,12,domestic_only,d_to_e,none,0,77,0.0
network_ba,12,domestic_only,d_to_e,d_only,0,77,0.0
network_ba,12,domestic_only,d_to_e,e_only,0,77,0.0
network_ba,12,domestic_only,d_to_e,simultaneous,0,77,0.0
network_ba,12,domestic_only,d_to_e,d_to_e,0,77,0.0
network_ba,12,domestic_only,d_to_e,e_to_d,0,77,0.0
network_ba,12,domestic_only,e_to_d,none,0,77,0.0
network_ba,12,domestic_only,e_to_d,d_only,0,77,0.0
network_ba,12,domestic_only,e_to_d,e_only,0,77,0.0
network_ba,12,domestic_only,e_to_d,simultaneous,0,77,0.0
network_ba,12,domestic_only,e_to_d,d_to_e,0,77,0.0
network_ba,12,domestic_only,e_to_d,e_to_d,0,77,0.0
network_ba,12,customer_only,none,none,0,77,0.0
network_ba,12,customer_only,none,d_only,23,77,0.2987012987012987
network_ba,12,customer_only,none,e_only,0,77,0.0
network_ba,12,customer_only,none,simultaneous,0,77,0.0
network_ba,12,customer_only,none,d_to_e,1,77,0.012987012987012988
network_ba,12,customer_only,none,e_to_d,0,77,0.0
network_ba,12,customer_only,d_only,none,0,77,0.0
network_ba,12,customer_only,d_only,d_only,0,77,0.0
network_ba,12,customer_only,d_only,e_only,0,77,0.0
network_ba,12,customer_only,d_only,simultaneous,0,77,0.0
network_ba,12,customer_only,d_only,d_to_e,0,77,0.0
network_ba,12,customer_only,d_only,e_to_d,0,77,0.0
network_ba,12,customer_only,e_only,none,0,77,0.0
network_ba,12,customer_only,e_only,d_only,19,77,0.24675324675324675
network_ba,12,customer_only,e_only,e_only,1,77,0.012987012987012988
network_ba,12,customer_only,e_only,simultaneous,6,77,0.07792207792207792
network_ba,12,customer_only,e_only,d_to_e,21,77,0.2727272727272727
network_ba,12,customer_only,e_only,e_to_d,6,77,0.07792207792207792
network_ba,12,customer_only,simultaneous,none,0,77,0.0
network_ba,12,customer_only,simultaneous,d_only,0,77,0.0
network_ba,12,customer_only,simultaneous,e_only,0,77,0.0
network_ba,12,customer_only,simultaneous,simultaneous,0,77,0.0
network_ba,12,customer_only,simultaneous,d_to_e,0,77,0.0
network_ba,12,customer_only,simultaneous,e_to_d,0,77,0.0
network_ba,12,customer_only,d_to_e,none,0,77,0.0
network_ba,12,customer_only,d_to_e,d_only,0,77,0.0
network_ba,12,customer_only,d_to_e,e_only,0,77,0.0
network_ba,12,customer_only,d_to_e,simultaneous,0,77,0.0
network_ba,12,customer_only,d_to_e,d_to_e,0,77,0.0
network_ba,12,customer_only,d_to_e,e_to_d,0,77,0.0
network_ba,12,customer_only,e_to_d,none,0,77,0.0
network_ba,12,customer_only,e_to_d,d_only,0,77,0.0
network_ba,12,customer_only,e_to_d,e_only,0,77,0.0
network_ba,12,customer_only,e_to_d,simultaneous,0,77,0.0
network_ba,12,customer_only,e_to_d,d_to_e,0,77,0.0
network_ba,12,customer_only,e_to_d,e_to_d,0,77,0.0
network_ba,13,domestic_only,none,none,0,88,0.0
network_ba,13,domestic_only,none,d_only,0,88,0.0
network_ba,13,domestic_only,none,e_only,0,88,0.0
network_ba,13,domestic_only,none,simultaneous,0,88,0.0
network_ba,13,domestic_only,none,d_to_e,0,88,0.0
network_ba,13,domestic_only,none,e_to_d,0,88,0.0
network_ba,13,domestic_only,d_only,none,0,88,0.0
network_ba,13,domestic_only,d_only,d_only,42,88,0.4772727272727273
network_ba,13,domestic_only,d_only,e_only,6,88,0.06818181818181818
network_ba,13,domestic_only,d_only,simultaneous,4,88,0.045454545454545456
network_ba,13,domestic_only,d_only,d_to_e,30,88,0.3409090909090909
network_ba,13,domestic_only,d_only,e_to_d,6,88,0.06818181818181818
network_ba,13,domestic_only,e_only,none,0,88,0.0
network_ba,13,domestic_only,e_only,d_only,0,88,0.0
network_ba,13,domestic_only,e_only,e_only,0,88,0.0
network_ba,13,domestic_only,e_only,simultaneous,0,88,0.0
network_ba,13,domestic_only,e_only,d_to_e,0,88,0.0
network_ba,13,domestic_only,e_only,e_to_d,0,88,0.0
network_ba,13,domestic_only,simultaneous,none,0,88,0.0
network_ba,13,domestic_only,simultaneous,d_only,0,88,0.0
network_ba,13,domestic_only,simultaneous,e_only,0,88,0.0
network_ba,13,domestic_only,simultaneous,simultaneous,0,88,0.0
network_ba,13,domestic_only,simultaneous,d_to_e,0,88,0.0
network_ba,13,domestic_only,simultaneous,e_to_d,0,88,0.0
network_ba,13,domestic_only,d_to_e,none,0,88,0.0
network_ba,13,domestic_only,d_to_e,d_only,0,88,0.0
network_ba,13,domestic_only,d_to_e,e_only,0,88,0.0
network_ba,13,domestic_only,d_to_e,simultaneous,0,88,0.0
network_ba,13,domestic_only,d_to_e,d_to_e,0,88,0.0
network_ba,13,domestic_only,d_to_e,e_to_d,0,88,0.0
network_ba,13,domestic_only,e_to_d,none,0,88,0.0
network_ba,13,domestic_only,e_to_d,d_only,0,88,0.0
network_ba,13,domestic_only,e_to_d,e_only,0,88,0.0
network_ba,13,domestic_only,e_to_d,simultaneous,0,88,0.0
network_ba,13,domestic_only,e_to_d,d_to_e,0,88,0.0
network_ba,13,domestic_only,e_to_d,e_to_d,0,88,0.0
network_ba,13,customer_only,none,none,0,88,0.0
network_ba,13,customer_only,none,d_only,22,88,0.25
network_ba,13,customer_only,none,e_only,0,88,0.0
network_ba,13,customer_only,none,simultaneous,0,88,0.0
network_ba,13,customer_only,none,d_to_e,1,88,0.011363636363636364
network_ba,13,customer_only,none,e_to_d,0,88,0.0
network_ba,13,customer_only,d_only,none,0,88,0.0
network_ba,13,customer_only,d_only,d_only,0,88,0.0
network_ba,13,customer_only,d_only,e_only,0,88,0.0
network_ba,13,customer_only,d_only,simultaneous,0,88,0.0
network_ba,13,customer_only,d_only,d_to_e,0,88,0.0
network_ba,13,customer_only,d_only,e_to_d,0,88,0.0
network_ba,13,customer_only,e_only,none,0,88,0.0
network_ba,13,customer_only,e_only,d_only,20,88,0.22727272727272727
network_ba,13,customer_only,e_only,e_only,6,88,0.06818181818181818
network_ba,13,customer_only,e_only,simultaneous,4,88,0.045454545454545456
network_ba,13,customer_only,e_only,d_to_e,29,88,0.32954545454545453
network_ba,13,customer_only,e_only,e_to_d,6,88,0.06818181818181818
network_ba,13,customer_only,simultaneous,none,0,88,0.0
network_ba,13,customer_only,simultaneous,d_only,0,88,0.0
network_ba,13,customer_only,simultaneous,e_only,0,88,0.0
network_ba,13,customer_only,simultaneous,simultaneous,0,88,0.0
network_ba,13,customer_only,simultaneous,d_to_e,0,88,0.0
network_ba,13,customer_only,simultaneous,e_to_d,0,88,0.0
network_ba,13,customer_only,d_to_e,none,0,88,0.0
network_ba,13,customer_only,d_to_e,d_only,0,88,0.0
network_ba,13,customer_only,d_to_e,e_only,0,88,0.0
network_ba,13,customer_only,d_to_e,simultaneous,0,88,0.0
network_ba,13,customer_only,d_to_e,d_to_e,0,88,0.0
network_ba,13,customer_only,d_to_e,e_to_d,0,88,0.0
network_ba,13,customer_only,e_to_d,none,0,88,0.0
network_ba,13,customer_only,e_to_d,d_only,0,88,0.0
network_ba,13,customer_only,e_to_d,e_only,0,88,0.0
network_ba,13,customer_only,e_to_d,simultaneous,0,88,0.0
network_ba,13,customer_only,e_to_d,d_to_e,0,88,0.0
network_ba,13,customer_only,e_to_d,e_to_d,0,88,0.0
network_ba,14,domestic_only,none,none,0,69,0.0
network_ba,14,domestic_only,none,d_only,0,69,0.0
network_ba,14,domestic_only,none,e_only,0,69,0.0
network_ba,14,domestic_only,none,simultaneous,0,69,0.0
network_ba,14,domestic_only,none,d_to_e,0,69,0.0
network_ba,14,domestic_only,none,e_to_d,0,69,0.0
network_ba,14,domestic_only,d_only,none,0,69,0.0
network_ba,14,domestic_only,d_only,d_only,38,69,0.5507246376811594
network_ba,14,domestic_only,d_only,e_only,1,69,0.014492753623188406
network_ba,14,domestic_only,d_only,simultaneous,4,69,0.057971014492753624
network_ba,14,domestic_only,d_only,d_to_e,21,69,0.30434782608695654
network_ba,14,domestic_only,d_only,e_to_d,5,69,0.07246376811594203
network_ba,14,domestic_only,e_only,none,0,69,0.0
network_ba,14,domestic_only,e_only,d_only,0,69,0.0
network_ba,14,domestic_only,e_only,e_only,0,69,0.0
network_ba,14,domestic_only,e_only,simultaneous,0,69,0.0
network_ba,14,domestic_only,e_only,d_to_e,0,69,0.0
network_ba,14,domestic_only,e_only,e_to_d,0,69,0.0
network_ba,14,domestic_only,simultaneous,none,0,69,0.0
network_ba,14,domestic_only,simultaneous,d_only,0,69,0.0
network_ba,14,domestic_only,simultaneous,e_only,0,69,0.0
network_ba,14,domestic_only,simultaneous,simultaneous,0,69,0.0
network_ba,14,domestic_only,simultaneous,d_to_e,0,69,0.0
network_ba,14,domestic_only,simultaneous,e_to_d,0,69,0.0
network_ba,14,domestic_only,d_to_e,none,0,69,0.0
network_ba,14,domestic_only,d_to_e,d_only,0,69,0.0
network_ba,14,domestic_only,d_to_e,e_only,0,69,0.0
network_ba,14,domestic_only,d_to_e,simultaneous,0,69,0.0
network_ba,14,domestic_only,d_to_e,d_to_e,0,69,0.0
network_ba,14,domestic_only,d_to_e,e_to_d,0,69,0.0
network_ba,14,domestic_only,e_to_d,none,0,69,0.0
network_ba,14,domestic_only,e_to_d,d_only,0,69,0.0
network_ba,14,domestic_only,e_to_d,e_only,0,69,0.0
network_ba,14,domestic_only,e_to_d,simultaneous,0,69,0.0
network_ba,14,domestic_only,e_to_d,d_to_e,0,69,0.0
network_ba,14,domestic_only,e_to_d,e_to_d,0,69,0.0
network_ba,14,customer_only,none,none,0,69,0.0
network_ba,14,customer_only,none,d_only,23,69,0.3333333333333333
network_ba,14,customer_only,none,e_only,0,69,0.0
network_ba,14,customer_only,none,simultaneous,0,69,0.0
network_ba,14,customer_only,none,d_to_e,0,69,0.0
network_ba,14,customer_only,none,e_to_d,0,69,0.0
network_ba,14,customer_only,d_only,none,0,69,0.0
network_ba,14,customer_only,d_only,d_only,0,69,0.0
network_ba,14,customer_only,d_only,e_only,0,69,0.0
network_ba,14,customer_only,d_only,simultaneous,0,69,0.0
network_ba,14,customer_only,d_only,d_to_e,0,69,0.0
network_ba,14,customer_only,d_only,e_to_d,0,69,0.0
network_ba,14,customer_only,e_only,none,0,69,0.0
network_ba,14,customer_only,e_only,d_only,15,69,0.21739130434782608
network_ba,14,customer_only,e_only,e_only,1,69,0.014492753623188406
network_ba,14,customer_only,e_only,simultaneous,4,69,0.057971014492753624
network_ba,14,customer_only,e_only,d_to_e,21,69,0.30434782608695654
network_ba,14,customer_only,e_only,e_to_d,5,69,0.07246376811594203
network_ba,14,customer_only,simultaneous,none,0,69,0.0
network_ba,14,customer_only,simultaneous,d_only,0,69,0.0
network_ba,14,customer_only,simultaneous,e_only,0,69,0.0
network_ba,14,customer_only,simultaneous,simultaneous,0,69,0.0
network_ba,14,customer_only,simultaneous,d_to_e,0,69,0.0
network_ba,14,customer_only,simultaneous,e_to_d,0,69,0.0
network_ba,14,customer_only,d_to_e,none,0,69,0.0
network_ba,14,customer_only,d_to_e,d_only,0,69,0.0
network_ba,14,customer_only,d_to_e,e_only,0,69,0.0
network_ba,14,customer_only,d_to_e,simultaneous,0,69,0.0
network_ba,14,customer_only,d_to_e,d_to_e,0,69,0.0
network_ba,14,customer_only,d_to_e,e_to_d,0,69,0.0
network_ba,14,customer_only,e_to_d,none,0,69,0.0
network_ba,14,customer_only,e_to_d,d_only,0,69,0.0
network_ba,14,customer_only,e_to_d,e_only,0,69,0.0
network_ba,14,customer_only,e_to_d,simultaneous,0,69,0.0
network_ba,14,customer_only,e_to_d,d_to_e,0,69,0.0
network_ba,14,customer_only,e_to_d,e_to_d,0,69,0.0
network_ba,15,domestic_only,none,none,0,78,0.0
network_ba,15,domestic_only,none,d_only,0,78,0.0
network_ba,15,domestic_only,none,e_only,0,78,0.0
network_ba,15,domestic_only,none,simultaneous,0,78,0.0
network_ba,15,domestic_only,none,d_to_e,0,78,0.0
network_ba,15,domestic_only,none,e_to_d,0,78,0.0
network_ba,15,domestic_only,d_only,none,0,78,0.0
network_ba,15,domestic_only,d_only,d_only,29,78,0.3717948717948718
network_ba,15,domestic_only,d_only,e_only,2,78,0.02564102564102564
network_ba,15,domestic_only,d_only,simultaneous,8,78,0.10256410256410256
network_ba,15,domestic_only,d_only,d_to_e,35,78,0.44871794871794873
network_ba,15,domestic_only,d_only,e_to_d,4,78,0.05128205128205128
network_ba,15,domestic_only,e_only,none,0,78,0.0
network_ba,15,domestic_only,e_only,d_only,0,78,0.0
network_ba,15,domestic_only,e_only,e_only,0,78,0.0
network_ba,15,domestic_only,e_only,simultaneous,0,78,0.0
network_ba,15,domestic_only,e_only,d_to_e,0,78,0.0
network_ba,15,domestic_only,e_only,e_to_d,0,78,0.0
network_ba,15,domestic_only,simultaneous,none,0,78,0.0
network_ba,15,domestic_only,simultaneous,d_only,0,78,0.0
network_ba,15,domestic_only,simultaneous,e_only,0,78,0.0
network_ba,15,domestic_only,simultaneous,simultaneous,0,78,0.0
network_ba,15,domestic_only,simultaneous,d_to_e,0,78,0.0
network_ba,15,domestic_only,simultaneous,e_to_d,0,78,0.0
network_ba,15,domestic_only,d_to_e,none,0,78,0.0
network_ba,15,domestic_only,d_to_e,d_only,0,78,0.0
network_ba,15,domestic_only,d_to_e,e_only,0,78,0.0
network_ba,15,domestic_only,d_to_e,simultaneous,0,78,0.0
network_ba,15,domestic_only,d_to_e,d_to_e,0,78,0.0
network_ba,15,domestic_only,d_to_e,e_to_d,0,78,0.0
network_ba,15,domestic_only,e_to_d,none,0,78,0.0
network_ba,15,domestic_only,e_to_d,d_only,0,78,0.0
network_ba,15,domestic_only,e_to_d,e_only,0,78,0.0
network_ba,15,domestic_only,e_to_d,simultaneous,0,78,0.0
network_ba,15,domestic_only,e_to_d,d_to_e,0,78,0.0
network_ba,15,domestic_only,e_to_d,e_to_d,0,78,0.0
network_ba,15,customer_only,none,none,0,78,0.0
network_ba,15,customer_only,none,d_only,19,78,0.24358974358974358
network_ba,15,customer_only,none,e_only,0,78,0.0
network_ba,15,customer_only,none,simultaneous,0,78,0.0
network_ba,15,customer_only,none,d_to_e,1,78,0.01282051282051282
network_ba,15,customer_only,none,e_to_d,0,78,0.0
network_ba,15,customer_only,d_only,none,0,78,0.0
network_ba,15,customer_only,d_only,d_only,0,78,0.0
network_ba,15,customer_only,d_only,e_only,0,78,0.0
network_ba,15,customer_only,d_only,simultaneous,0,78,0.0
network_ba,15,customer_only,d_only,d_to_e,0,78,0.0
network_ba,15,customer_only,d_only,e_to_d,0,78,0.0
network_ba,15,customer_only,e_only,none,0,78,0.0
network_ba,15,customer_only,e_only,d_only,10,78,0.1282051282051282
network_ba,15,customer_only,e_only,e_only,2,78,0.02564102564102564
network_ba,15,customer_only,e_only,simultaneous,8,78,0.10256410256410256
network_ba,15,customer_only,e_only,d_to_e,34,78,0.4358974358974359
network_ba,15,customer_only,e_only,e_to_d,4,78,0.05128205128205128
network_ba,15,customer_only,simultaneous,none,0,78,0.0
network_ba,15,customer_only,simultaneous,d_only,0,78,0.0
network_ba,15,customer_only,simultaneous,e_only,0,78,0.0
network_ba,15,customer_only,simultaneous,simultaneous,0,78,0.0
network_ba,15,customer_only,simultaneous,d_to_e,0,78,0.0
network_ba,15,customer_only,simultaneous,e_to_d,0,78,0.0
network_ba,15,customer_only,d_to_e,none,0,78,0.0
network_ba,15,customer_only,d_to_e,d_only,0,78,0.0
network_ba,15,customer_only,d_to_e,e_only,0,78,0.0
network_ba,15,customer_only,d_to_e,simultaneous,0,78,0.0
network_ba,15,customer_only,d_to_e,d_to_e,0,78,0.0
network_ba,15,customer_only,d_to_e,e_to_d,0,78,0.0
network_ba,15,customer_only,e_to_d,none,0,78,0.0
network_ba,15,customer_only,e_to_d,d_only,0,78,0.0
network_ba,15,customer_only,e_to_d,e_only,0,78,0.0
network_ba,15,customer_only,e_to_d,simultaneous,0,78,0.0
network_ba,15,customer_only,e_to_d,d_to_e,0,78,0.0
network_ba,15,customer_only,e_to_d,e_to_d,0,78,0.0
network_ba,16,domestic_only,none,none,0,81,0.0
network_ba,16,domestic_only,none,d_only,0,81,0.0
network_ba,16,domestic_only,none,e_only,0,81,0.0
network_ba,16,domestic_only,none,simultaneous,0,81,0.0
network_ba,16,domestic_only,none,d_to_e,0,81,0.0
network_ba,16,domestic_only,none,e_to_d,0,81,0.0
network_ba,16,domestic_only,d_only,none,0,81,0.0
network_ba,16,domestic_only,d_only,d_only,53,81,0.654320987654321
network_ba,16,domestic_only,d_only,e_only,1,81,0.012345679012345678
network_ba,16,domestic_only,d_only,simultaneous,0,81,0.0
network_ba,16,domestic_only,d_only,d_to_e,22,81,0.2716049382716049
network_ba,16,domestic_only,d_only,e_to_d,5,81,0.06172839506172839
network_ba,16,domestic_only,e_only,none,0,81,0.0
network_ba,16,domestic_only,e_only,d_only,0,81,0.0
network_ba,16,domestic_only,e_only,e_only,0,81,0.0
network_ba,16,domestic_only,e_only,simultaneous,0,81,0.0
network_ba,16,domestic_only,e_only,d_to_e,0,81,0.0
network_ba,16,domestic_only,e_only,e_to_d,0,81,0.0
network_ba,16,domestic_only,simultaneous,none,0,81,0.0
network_ba,16,domestic_only,simultaneous,d_only,0,81,0.0
network_ba,16,domestic_only,simultaneous,e_only,0,81,0.0
network_ba,16,domestic_only,simultaneous,simultaneous,0,81,0.0
network_ba,16,domestic_only,simultaneous,d_to_e,0,81,0.0
network_ba,16,domestic_only,simultaneous,e_to_d,0,81,0.0
network_ba,16,domestic_only,d_to_e,none,0,81,0.0
network_ba,16,domestic_only,d_to_e,d_only,0,81,0.0
network_ba,16,domestic_only,d_to_e,e_only,0,81,0.0
network_ba,16,domestic_only,d_to_e,simultaneous,0,81,0.0
network_ba,16,domestic_only,d_to_e,d_to_e,0,81,0.0
network_ba,16,domestic_only,d_to_e,e_to_d,0,81,0.0
network_ba,16,domestic_only,e_to_d,none,0,81,0.0
network_ba,16,domestic_only,e_to_d,d_only,0,81,0.0
network_ba,16,domestic_only,e_to_d,e_only,0,81,0.0
network_ba,16,domestic_only,e_to_d,simultaneous,0,81,0.0
network_ba,16,domestic_only,e_to_d,d_to_e,0,81,0.0
network_ba,16,domestic_only,e_to_d,e_to_d,0,81,0.0
network_ba,16,customer_only,none,none,0,81,0.0
network_ba,16,customer_only,none,d_only,42,81,0.5185185185185185
network_ba,16,customer_only,none,e_only,0,81,0.0
network_ba,16,customer_only,none,simultaneous,0,81,0.0
network_ba,16,customer_only,none,d_to_e,0,81,0.0
network_ba,16,customer_only,none,e_to_d,0,81,0.0
network_ba,16,customer_only,d_only,none,0,81,0.0
network_ba,16,customer_only,d_only,d_only,0,81,0.0
network_ba,16,customer_only,d_only,e_only,0,81,0.0
network_ba,16,customer_only,d_only,simultaneous,0,81,0.0
network_ba,16,customer_only,d_only,d_to_e,0,81,0.0
network_ba,16,customer_only,d_only,e_to_d,0,81,0.0
network_ba,16,customer_only,e_only,none,0,81,0.0
network_ba,16,customer_only,e_only,d_only,11,81,0.13580246913580246
network_ba,16,customer_only,e_only,e_only,1,81,0.012345679012345678
network_ba,16,customer_only,e_only,simultaneous,0,81,0.0
network_ba,16,customer_only,e_only,d_to_e,22,81,0.2716049382716049
network_ba,16,customer_only,e_only,e_to_d,5,81,0.06172839506172839
network_ba,16,customer_only,simultaneous,none,0,81,0.0
network_ba,16,customer_only,simultaneous,d_only,0,81,0.0
network_ba,16,customer_only,simultaneous,e_only,0,81,0.0
network_ba,16,customer_only,simultaneous,simultaneous,0,81,0.0
network_ba,16,customer_only,simultaneous,d_to_e,0,81,0.0
network_ba,16,customer_only,simultaneous,e_to_d,0,81,0.0
network_ba,16,customer_only,d_to_e,none,0,81,0.0
network_ba,16,customer_only,d_to_e,d_only,0,81,0.0
network_ba,16,customer_only,d_to_e,e_only,0,81,0.0
network_ba,16,customer_only,d_to_e,simultaneous,0,81,0.0
network_ba,16,customer_only,d_to_e,d_to_e,0,81,0.0
network_ba,16,customer_only,d_to_e,e_to_d,0,81,0.0
network_ba,16,customer_only,e_to_d,none,0,81,0.0
network_ba,16,customer_only,e_to_d,d_only,0,81,0.0
network_ba,16,customer_only,e_to_d,e_only,0,81,0.0
network_ba,16,customer_only,e_to_d,simultaneous,0,81,0.0
network_ba,16,customer_only,e_to_d,d_to_e,0,81,0.0
network_ba,16,customer_only,e_to_d,e_to_d,0,81,0.0
network_ba,17,domestic_only,none,none,0,85,0.0
network_ba,17,domestic_only,none,d_only,0,85,0.0
network_ba,17,domestic_only,none,e_only,0,85,0.0
network_ba,17,domestic_only,none,simultaneous,0,85,0.0
network_ba,17,domestic_only,none,d_to_e,0,85,0.0
network_ba,17,domestic_only,none,e_to_d,0,85,0.0
network_ba,17,domestic_only,d_only,none,0,85,0.0
network_ba,17,domestic_only,d_only,d_only,51,85,0.6
network_ba,17,domestic_only,d_only,e_only,1,85,0.011764705882352941
network_ba,17,domestic_only,d_only,simultaneous,3,85,0.03529411764705882
network_ba,17,domestic_only,d_only,d_to_e,20,85,0.23529411764705882
network_ba,17,domestic_only,d_only,e_to_d,10,85,0.11764705882352941
network_ba,17,domestic_only,e_only,none,0,85,0.0
network_ba,17,domestic_only,e_only,d_only,0,85,0.0
network_ba,17,domestic_only,e_only,e_only,0,85,0.0
network_ba,17,domestic_only,e_only,simultaneous,0,85,0.0
network_ba,17,domestic_only,e_only,d_to_e,0,85,0.0
network_ba,17,domestic_only,e_only,e_to_d,0,85,0.0
network_ba,17,domestic_only,simultaneous,none,0,85,0.0
network_ba,17,domestic_only,simultaneous,d_only,0,85,0.0
network_ba,17,domestic_only,simultaneous,e_only,0,85,0.0
network_ba,17,domestic_only,simultaneous,simultaneous,0,85,0.0
network_ba,17,domestic_only,simultaneous,d_to_e,0,85,0.0
network_ba,17,domestic_only,simultaneous,e_to_d,0,85,0.0
network_ba,17,domestic_only,d_to_e,none,0,85,0.0
network_ba,17,domestic_only,d_to_e,d_only,0,85,0.0
network_ba,17,domestic_only,d_to_e,e_only,0,85,0.0
network_ba,17,domestic_only,d_to_e,simultaneous,0,85,0.0
network_ba,17,domestic_only,d_to_e,d_to_e,0,85,0.0
network_ba,17,domestic_only,d_to_e,e_to_d,0,85,0.0
network_ba,17,domestic_only,e_to_d,none,0,85,0.0
network_ba,17,domestic_only,e_to_d,d_only,0,85,0.0
network_ba,17,domestic_only,e_to_d,e_only,0,85,0.0
network_ba,17,domestic_only,e_to_d,simultaneous,0,85,0.0
network_ba,17,domestic_only,e_to_d,d_to_e,0,85,0.0
network_ba,17,domestic_only,e_to_d,e_to_d,0,85,0.0
network_ba,17,customer_only,none,none,0,85,0.0
network_ba,17,customer_only,none,d_only,39,85,0.4588235294117647
network_ba,17,customer_only,none,e_only,0,85,0.0
network_ba,17,customer_only,none,simultaneous,0,85,0.0
network_ba,17,customer_only,none,d_to_e,1,85,0.011764705882352941
network_ba,17,customer_only,none,e_to_d,0,85,0.0
network_ba,17,customer_only,d_only,none,0,85,0.0
network_ba,17,customer_only,d_only,d_only,0,85,0.0
network_ba,17,customer_only,d_only,e_only,0,85,0.0
network_ba,17,customer_only,d_only,simultaneous,0,85,0.0
network_ba,17,customer_only,d_only,d_to_e,0,85,0.0
network_ba,17,customer_only,d_only,e_to_d,0,85,0.0
network_ba,17,customer_only,e_only,none,0,85,0.0
network_ba,17,customer_only,e_only,d_only,12,85,0.1411764705882353
network_ba,17,customer_only,e_only,e_only,1,85,0.011764705882352941
network_ba,17,customer_only,e_only,simultaneous,3,85,0.03529411764705882
network_ba,17,customer_only,e_only,d_to_e,19,85,0.2235294117647059
network_ba,17,customer_only,e_only,e_to_d,10,85,0.11764705882352941
network_ba,17,customer_only,simultaneous,none,0,85,0.0
network_ba,17,customer_only,simultaneous,d_only,0,85,0.0
network_ba,17,customer_only,simultaneous,e_only,0,85,0.0
network_ba,17,customer_only,simultaneous,simultaneous,0,85,0.0
network_ba,17,customer_only,simultaneous,d_to_e,0,85,0.0
network_ba,17,customer_only,simultaneous,e_to_d,0,85,0.0
network_ba,17,customer_only,d_to_e,none,0,85,0.0
network_ba,17,customer_only,d_to_e,d_only,0,85,0.0
network_ba,17,customer_only,d_to_e,e_only,0,85,0.0
network_ba,17,customer_only,d_to_e,simultaneous,0,85,0.0
network_ba,17,customer_only,d_to_e,d_to_e,0,85,0.0
network_ba,17,customer_only,d_to_e,e_to_d,0,85,0.0
network_ba,17,customer_only,e_to_d,none,0,85,0.0
network_ba,17,customer_only,e_to_d,d_only,0,85,0.0
network_ba,17,customer_only,e_to_d,e_only,0,85,0.0
network_ba,17,customer_only,e_to_d,simultaneous,0,85,0.0
network_ba,17,customer_only,e_to_d,d_to_e,0,85,0.0
network_ba,17,customer_only,e_to_d,e_to_d,0,85,0.0
network_ba,18,domestic_only,none,none,0,71,0.0
network_ba,18,domestic_only,none,d_only,0,71,0.0
network_ba,18,domestic_only,none,e_only,0,71,0.0
network_ba,18,domestic_only,none,simultaneous,0,71,0.0
network_ba,18,domestic_only,none,d_to_e,0,71,0.0
network_ba,18,domestic_only,none,e_to_d,0,71,0.0
network_ba,18,domestic_only,d_only,none,0,71,0.0
network_ba,18,domestic_only,d_only,d_only,29,71,0.4084507042253521
network_ba,18,domestic_only,d_only,e_only,1,71,0.014084507042253521
network_ba,18,domestic_only,d_only,simultaneous,6,71,0.08450704225352113
network_ba,18,domestic_only,d_only,d_to_e,29,71,0.4084507042253521
network_ba,18,domestic_only,d_only,e_to_d,6,71,0.08450704225352113
network_ba,18,domestic_only,e_only,none,0,71,0.0
network_ba,18,domestic_only,e_only,d_only,0,71,0.0
network_ba,18,domestic_only,e_only,e_only,0,71,0.0
network_ba,18,domestic_only,e_only,simultaneous,0,71,0.0
network_ba,18,domestic_only,e_only,d_to_e,0,71,0.0
network_ba,18,domestic_only,e_only,e_to_d,0,71,0.0
network_ba,18,domestic_only,simultaneous,none,0,71,0.0
network_ba,18,domestic_only,simultaneous,d_only,0,71,0.0
network_ba,18,domestic_only,simultaneous,e_only,0,71,0.0
network_ba,18,domestic_only,simultaneous,simultaneous,0,71,0.0
network_ba,18,domestic_only,simultaneous,d_to_e,0,71,0.0
network_ba,18,domestic_only,simultaneous,e_to_d,0,71,0.0
network_ba,18,domestic_only,d_to_e,none,0,71,0.0
network_ba,18,domestic_only,d_to_e,d_only,0,71,0.0
network_ba,18,domestic_only,d_to_e,e_only,0,71,0.0
network_ba,18,domestic_only,d_to_e,simultaneous,0,71,0.0
network_ba,18,domestic_only,d_to_e,d_to_e,0,71,0.0
network_ba,18,domestic_only,d_to_e,e_to_d,0,71,0.0
network_ba,18,domestic_only,e_to_d,none,0,71,0.0
network_ba,18,domestic_only,e_to_d,d_only,0,71,0.0
network_ba,18,domestic_only,e_to_d,e_only,0,71,0.0
network_ba,18,domestic_only,e_to_d,simultaneous,0,71,0.0
network_ba,18,domestic_only,e_to_d,d_to_e,0,71,0.0
network_ba,18,domestic_only,e_to_d,e_to_d,0,71,0.0
network_ba,18,customer_only,none,none,0,71,0.0
network_ba,18,customer_only,none,d_only,17,71,0.23943661971830985
network_ba,18,customer_only,none,e_only,0,71,0.0
network_ba,18,customer_only,none,simultaneous,0,71,0.0
network_ba,18,customer_only,none,d_to_e,0,71,0.0
network_ba,18,customer_only,none,e_to_d,0,71,0.0
network_ba,18,customer_only,d_only,none,0,71,0.0
network_ba,18,customer_only,d_only,d_only,0,71,0.0
network_ba,18,customer_only,d_only,e_only,0,71,0.0
network_ba,18,customer_only,d_only,simultaneous,0,71,0.0
network_ba,18,customer_only,d_only,d_to_e,0,71,0.0
network_ba,18,customer_only,d_only,e_to_d,0,71,0.0
network_ba,18,customer_only,e_only,none,0,71,0.0
network_ba,18,customer_only,e_only,d_only,12,71,0.16901408450704225
network_ba,18,customer_only,e_only,e_only,1,71,0.014084507042253521
network_ba,18,customer_only,e_only,simultaneous,6,71,0.08450704225352113
network_ba,18,customer_only,e_only,d_to_e,29,71,0.4084507042253521
network_ba,18,customer_only,e_only,e_to_d,6,71,0.08450704225352113
network_ba,18,customer_only,simultaneous,none,0,71,0.0
network_ba,18,customer_only,simultaneous,d_only,0,71,0.0
network_ba,18,customer_only,simultaneous,e_only,0,71,0.0
network_ba,18,customer_only,simultaneous,simultaneous,0,71,0.0
network_ba,18,customer_only,simultaneous,d_to_e,0,71,0.0
network_ba,18,customer_only,simultaneous,e_to_d,0,71,0.0
network_ba,18,customer_only,d_to_e,none,0,71,0.0
network_ba,18,customer_only,d_to_e,d_only,0,71,0.0
network_ba,18,customer_only,d_to_e,e_only,0,71,0.0
network_ba,18,customer_only,d_to_e,simultaneous,0,71,0.0
network_ba,18,customer_only,d_to_e,d_to_e,0,71,0.0
network_ba,18,customer_only,d_to_e,e_to_d,0,71,0.0
network_ba,18,customer_only,e_to_d,none,0,71,0.0
network_ba,18,customer_only,e_to_d,d_only,0,71,0.0
network_ba,18,customer_only,e_to_d,e_only,0,71,0.0
network_ba,18,customer_only,e_to_d,simultaneous,0,71,0.0
network_ba,18,customer_only,e_to_d,d_to_e,0,71,0.0
network_ba,18,customer_only,e_to_d,e_to_d,0,71,0.0
network_ba,19,domestic_only,none,none,0,75,0.0
network_ba,19,domestic_only,none,d_only,0,75,0.0
network_ba,19,domestic_only,none,e_only,0,75,0.0
network_ba,19,domestic_only,none,simultaneous,0,75,0.0
network_ba,19,domestic_only,none,d_to_e,0,75,0.0
network_ba,19,domestic_only,none,e_to_d,0,75,0.0
network_ba,19,domestic_only,d_only,none,0,75,0.0
network_ba,19,domestic_only,d_only,d_only,35,75,0.4666666666666667
network_ba,19,domestic_only,d_only,e_only,0,75,0.0
network_ba,19,domestic_only,d_only,simultaneous,8,75,0.10666666666666667
network_ba,19,domestic_only,d_only,d_to_e,27,75,0.36
network_ba,19,domestic_only,d_only,e_to_d,5,75,0.06666666666666667
network_ba,19,domestic_only,e_only,none,0,75,0.0
network_ba,19,domestic_only,e_only,d_only,0,75,0.0
network_ba,19,domestic_only,e_only,e_only,0,75,0.0
network_ba,19,domestic_only,e_only,simultaneous,0,75,0.0
network_ba,19,domestic_only,e_only,d_to_e,0,75,0.0
network_ba,19,domestic_only,e_only,e_to_d,0,75,0.0
network_ba,19,domestic_only,simultaneous,none,0,75,0.0
network_ba,19,domestic_only,simultaneous,d_only,0,75,0.0
network_ba,19,domestic_only,simultaneous,e_only,0,75,0.0
network_ba,19,domestic_only,simultaneous,simultaneous,0,75,0.0
network_ba,19,domestic_only,simultaneous,d_to_e,0,75,0.0
network_ba,19,domestic_only,simultaneous,e_to_d,0,75,0.0
network_ba,19,domestic_only,d_to_e,none,0,75,0.0
network_ba,19,domestic_only,d_to_e,d_only,0,75,0.0
network_ba,19,domestic_only,d_to_e,e_only,0,75,0.0
network_ba,19,domestic_only,d_to_e,simultaneous,0,75,0.0
network_ba,19,domestic_only,d_to_e,d_to_e,0,75,0.0
network_ba,19,domestic_only,d_to_e,e_to_d,0,75,0.0
network_ba,19,domestic_only,e_to_d,none,0,75,0.0
network_ba,19,domestic_only,e_to_d,d_only,0,75,0.0
network_ba,19,domestic_only,e_to_d,e_only,0,75,0.0
network_ba,19,domestic_only,e_to_d,simultaneous,0,75,0.0
network_ba,19,domestic_only,e_to_d,d_to_e,0,75,0.0
network_ba,19,domestic_only,e_to_d,e_to_d,0,75,0.0
network_ba,19,customer_only,none,none,0,75,0.0
network_ba,19,customer_only,none,d_only,16,75,0.21333333333333335
network_ba,19,customer_only,none,e_only,0,75,0.0
network_ba,19,customer_only,none,simultaneous,0,75,0.0
network_ba,19,customer_only,none,d_to_e,0,75,0.0
network_ba,19,customer_only,none,e_to_d,0,75,0.0
network_ba,19,customer_only,d_only,none,0,75,0.0
network_ba,19,customer_only,d_only,d_only,0,75,0.0
network_ba,19,customer_only,d_only,e_only,0,75,0.0
network_ba,19,customer_only,d_only,simultaneous,0,75,0.0
network_ba,19,customer_only,d_only,d_to_e,0,75,0.0
network_ba,19,customer_only,d_only,e_to_d,0,75,0.0
network_ba,19,customer_only,e_only,none,0,75,0.0
network_ba,19,customer_only,e_only,d_only,19,75,0.25333333333333335
network_ba,19,customer_only,e_only,e_only,0,75,0.0
network_ba,19,customer_only,e_only,simultaneous,8,75,0.10666666666666667
network_ba,19,customer_only,e_only,d_to_e,27,75,0.36
network_ba,19,customer_only,e_only,e_to_d,5,75,0.06666666666666667
network_ba,19,customer_only,simultaneous,none,0,75,0.0
network_ba,19,customer_only,simultaneous,d_only,0,75,0.0
network_ba,19,customer_only,simultaneous,e_only,0,75,0.0
network_ba,19,customer_only,simultaneous,simultaneous,0,75,0.0
network_ba,19,customer_only,simultaneous,d_to_e,0,75,0.0
network_ba,19,customer_only,simultaneous,e_to_d,0,75,0.0
network_ba,19,customer_only,d_to_e,none,0,75,0.0
network_ba,19,customer_only,d_to_e,d_only,0,75,0.0
network_ba,19,customer_only,d_to_e,e_only,0,75,0.0
network_ba,19,customer_only,d_to_e,simultaneous,0,75,0.0
network_ba,19,customer_only,d_to_e,d_to_e,0,75,0.0
network_ba,19,customer_only,d_to_e,e_to_d,0,75,0.0
network_ba,19,customer_only,e_to_d,none,0,75,0.0
network_ba,19,customer_only,e_to_d,d_only,0,75,0.0
network_ba,19,customer_only,e_to_d,e_only,0,75,0.0
network_ba,19,customer_only,e_to_d,simultaneous,0,75,0.0
network_ba,19,customer_only,e_to_d,d_to_e,0,75,0.0
network_ba,19,customer_only,e_to_d,e_to_d,0,75,0.0
population_double,0,domestic_only,none,none,0,154,0.0
population_double,0,domestic_only,none,d_only,0,154,0.0
population_double,0,domestic_only,none,e_only,0,154,0.0
population_double,0,domestic_only,none,simultaneous,0,154,0.0
population_double,0,domestic_only,none,d_to_e,0,154,0.0
population_double,0,domestic_only,none,e_to_d,0,154,0.0
population_double,0,domestic_only,d_only,none,0,154,0.0
population_double,0,domestic_only,d_only,d_only,76,154,0.4935064935064935
population_double,0,domestic_only,d_only,e_only,2,154,0.012987012987012988
population_double,0,domestic_only,d_only,simultaneous,14,154,0.09090909090909091
population_double,0,domestic_only,d_only,d_to_e,55,154,0.35714285714285715
population_double,0,domestic_only,d_only,e_to_d,7,154,0.045454545454545456
population_double,0,domestic_only,e_only,none,0,154,0.0
population_double,0,domestic_only,e_only,d_only,0,154,0.0
population_double,0,domestic_only,e_only,e_only,0,154,0.0
population_double,0,domestic_only,e_only,simultaneous,0,154,0.0
population_double,0,domestic_only,e_only,d_to_e,0,154,0.0
population_double,0,domestic_only,e_only,e_to_d,0,154,0.0
population_double,0,domestic_only,simultaneous,none,0,154,0.0
population_double,0,domestic_only,simultaneous,d_only,0,154,0.0
population_double,0,domestic_only,simultaneous,e_only,0,154,0.0
population_double,0,domestic_only,simultaneous,simultaneous,0,154,0.0
population_double,0,domestic_only,simultaneous,d_to_e,0,154,0.0
population_double,0,domestic_only,simultaneous,e_to_d,0,154,0.0
population_double,0,domestic_only,d_to_e,none,0,154,0.0
population_double,0,domestic_only,d_to_e,d_only,0,154,0.0
population_double,0,domestic_only,d_to_e,e_only,0,154,0.0
population_double,0,domestic_only,d_to_e,simultaneous,0,154,0.0
population_double,0,domestic_only,d_to_e,d_to_e,0,154,0.0
population_double,0,domestic_only,d_to_e,e_to_d,0,154,0.0
population_double,0,domestic_only,e_to_d,none,0,154,0.0
population_double,0,domestic_only,e_to_d,d_only,0,154,0.0
population_double,0,domestic_only,e_to_d,e_only,0,154,0.0
population_double,0,domestic_only,e_to_d,simultaneous,0,154,0.0
population_double,0,domestic_only,e_to_d,d_to_e,0,154,0.0
population_double,0,domestic_only,e_to_d,e_to_d,0,154,0.0
population_double,0,customer_only,none,none,0,154,0.0
population_double,0,customer_only,none,d_only,41,154,0.2662337662337662
population_double,0,customer_only,none,e_only,0,154,0.0
population_double,0,customer_only,none,simultaneous,0,154,0.0
population_double,0,customer_only,none,d_to_e,1,154,0.006493506493506494
population_double,0,customer_only,none,e_to_d,0,154,0.0
population_double,0,customer_only,d_only,none,0,154,0.0
population_double,0,customer_only,d_only,d_only,0,154,0.0
population_double,0,customer_only,d_only,e_only,0,154,0.0
population_double,0,customer_only,d_only,simultaneous,0,154,0.0
population_double,0,customer_only,d_only,d_to_e,0,154,0.0
population_double,0,customer_only,d_only,e_to_d,0,154,0.0
population_double,0,customer_only,e_only,none,0,154,0.0
population_double,0,customer_only,e_only,d_only,35,154,0.22727272727272727
population_double,0,customer_only,e_only,e_only,2,154,0.012987012987012988
population_double,0,customer_only,e_only,simultaneous,14,154,0.09090909090909091
population_double,0,customer_only,e_only,d_to_e,54,154,0.35064935064935066
population_double,0,customer_only,e_only,e_to_d,7,154,0.045454545454545456
population_double,0,customer_only,simultaneous,none,0,154,0.0
population_double,0,customer_only,simultaneous,d_only,0,154,0.0
population_double,0,customer_only,simultaneous,e_only,0,154,0.0
population_double,0,customer_only,simultaneous,simultaneous,0,154,0.0
population_double,0,customer_only,simultaneous,d_to_e,0,154,0.0
population_double,0,customer_only,simultaneous,e_to_d,0,154,0.0
population_double,0,customer_only,d_to_e,none,0,154,0.0
population_double,0,customer_only,d_to_e,d_only,0,154,0.0
population_double,0,customer_only,d_to_e,e_only,0,154,0.0
population_double,0,customer_only,d_to_e,simultaneous,0,154,0.0
population_double,0,customer_only,d_to_e,d_to_e,0,154,0.0
population_double,0,customer_only,d_to_e,e_to_d,0,154,0.0
population_double,0,customer_only,e_to_d,none,0,154,0.0
population_double,0,customer_only,e_to_d,d_only,0,154,0.0
population_double,0,customer_only,e_to_d,e_only,0,154,0.0
population_double,0,customer_only,e_to_d,simultaneous,0,154,0.0
population_double,0,customer_only,e_to_d,d_to_e,0,154,0.0
population_double,0,customer_only,e_to_d,e_to_d,0,154,0.0
population_double,1,domestic_only,none,none,0,146,0.0
population_double,1,domestic_only,none,d_only,0,146,0.0
population_double,1,domestic_only,none,e_only,0,146,0.0
population_double,1,domestic_only,none,simultaneous,0,146,0.0
population_double,1,domestic_only,none,d_to_e,0,146,0.0
population_double,1,domestic_only,none,e_to_d,0,146,0.0
population_double,1,domestic_only,d_only,none,0,146,0.0
population_double,1,domestic_only,d_only,d_only,69,146,0.4726027397260274
population_double,1,domestic_only,d_only,e_only,3,146,0.02054794520547945
population_double,1,domestic_only,d_only,simultaneous,14,146,0.0958904109589041
population_double,1,domestic_only,d_only,d_to_e,52,146,0.3561643835616438
population_double,1,domestic_only,d_only,e_to_d,8,146,0.0547945205479452
population_double,1,domestic_only,e_only,none,0,146,0.0
population_double,1,domestic_only,e_only,d_only,0,146,0.0
population_double,1,domestic_only,e_only,e_only,0,146,0.0
population_double,1,domestic_only,e_only,simultaneous,0,146,0.0
population_double,1,domestic_only,e_only,d_to_e,0,146,0.0
population_double,1,domestic_only,e_only,e_to_d,0,146,0.0
population_double,1,domestic_only,simultaneous,none,0,146,0.0
population_double,1,domestic_only,simultaneous,d_only,0,146,0.0
population_double,1,domestic_only,simultaneous,e_only,0,146,0.0
population_double,1,domestic_only,simultaneous,simultaneous,0,146,0.0
population_double,1,domestic_only,simultaneous,d_to_e,0,146,0.0
population_double,1,domestic_only,simultaneous,e_to_d,0,146,0.0
population_double,1,domestic_only,d_to_e,none,0,146,0.0
population_double,1,domestic_only,d_to_e,d_only,0,146,0.0
population_double,1,domestic_only,d_to_e,e_only,0,146,0.0
population_double,1,domestic_only,d_to_e,simultaneous,0,146,0.0
population_double,1,domestic_only,d_to_e,d_to_e,0,146,0.0
population_double,1,domestic_only,d_to_e,e_to_d,0,146,0.0
population_double,1,domestic_only,e_to_d,none,0,146,0.0
population_double,1,domestic_only,e_to_d,d_only,0,146,0.0
population_double,1,domestic_only,e_to_d,e_only,0,146,0.0
population_double,1,domestic_only,e_to_d,simultaneous,0,146,0.0
population_double,1,domestic_only,e_to_d,d_to_e,0,146,0.0
population_double,1,domestic_only,e_to_d,e_to_d,0,146,0.0
population_double,1,customer_only,none,none,0,146,0.0
population_double,1,customer_only,none,d_only,43,146,0.2945205479452055
population_double,1,customer_only,none,e_only,0,146,0.0
population_double,1,customer_only,none,simultaneous,0,146,0.0
population_double,1,customer_only,none,d_to_e,0,146,0.0
population_double,1,customer_only,none,e_to_d,0,146,0.0
population_double,1,customer_only,d_only,none,0,146,0.0
population_double,1,customer_only,d_only,d_only,0,146,0.0
population_double,1,customer_only,d_only,e_only,0,146,0.0
population_double,1,customer_only,d_only,simultaneous,0,146,0.0
population_double,1,customer_only,d_only,d_to_e,0,146,0.0
population_double,1,customer_only,d_only,e_to_d,0,146,0.0
population_double,1,customer_only,e_only,none,0,146,0.0
population_double,1,customer_only,e_only,d_only,26,146,0.1780821917808219
population_double,1,customer_only,e_only,e_only,3,146,0.02054794520547945
population_double,1,customer_only,e_only,simultaneous,14,146,0.0958904109589041
population_double,1,customer_only,e_only,d_to_e,52,146,0.3561643835616438
population_double,1,customer_only,e_only,e_to_d,8,146,0.0547945205479452
population_double,1,customer_only,simultaneous,none,0,146,0.0
population_double,1,customer_only,simultaneous,d_only,0,146,0.0
population_double,1,customer_only,simultaneous,e_only,0,146,0.0
population_double,1,customer_only,simultaneous,simultaneous,0,146,0.0
population_double,1,customer_only,simultaneous,d_to_e,0,146,0.0
population_double,1,customer_only,simultaneous,e_to_d,0,146,0.0
population_double,1,customer_only,d_to_e,none,0,146,0.0
population_double,1,customer_only,d_to_e,d_only,0,146,0.0
population_double,1,customer_only,d_to_e,e_only,0,146,0.0
population_double,1,customer_only,d_to_e,simultaneous,0,146,0.0
population_double,1,customer_only,d_to_e,d_to_e,0,146,0.0
population_double,1,customer_only,d_to_e,e_to_d,0,146,0.0
population_double,1,customer_only,e_to_d,none,0,146,0.0
population_double,1,customer_only,e_to_d,d_only,0,146,0.0
population_double,1,customer_only,e_to_d,e_only,0,146,0.0
population_double,1,customer_only,e_to_d,simultaneous,0,146,0.0
population_double,1,customer_only,e_to_d,d_to_e,0,146,0.0
population_double,1,customer_only,e_to_d,e_to_d,0,146,0.0
population_double,2,domestic_only,none,none,0,156,0.0
population_double,2,domestic_only,none,d_only,0,156,0.0
population_double,2,domestic_only,none,e_only,0,156,0.0
population_double,2,domestic_only,none,simultaneous,0,156,0.0
population_double,2,domestic_only,none,d_to_e,0,156,0.0
population_double,2,domestic_only,none,e_to_d,0,156,0.0
population_double,2,domestic_only,d_only,none,0,156,0.0
population_double,2,domestic_only,d_only,d_only,81,156,0.5192307692307693
population_double,2,domestic_only,d_only,e_only,2,156,0.01282051282051282
population_double,2,domestic_only,d_only,simultaneous,10,156,0.0641025641025641
population_double,2,domestic_only,d_only,d_to_e,47,156,0.30128205128205127
population_double,2,domestic_only,d_only,e_to_d,16,156,0.10256410256410256
population_double,2,domestic_only,e_only,none,0,156,0.0
population_double,2,domestic_only,e_only,d_only,0,156,0.0
population_double,2,domestic_only,e_only,e_only,0,156,0.0
population_double,2,domestic_only,e_only,simultaneous,0,156,0.0
population_double,2,domestic_only,e_only,d_to_e,0,156,0.0
population_double,2,domestic_only,e_only,e_to_d,0,156,0.0
population_double,2,domestic_only,simultaneous,none,0,156,0.0
population_double,2,domestic_only,simultaneous,d_only,0,156,0.0
population_double,2,domestic_only,simultaneous,e_only,0,156,0.0
population_double,2,domestic_only,simultaneous,simultaneous,0,156,0.0
population_double,2,domestic_only,simultaneous,d_to_e,0,156,0.0
population_double,2,domestic_only,simultaneous,e_to_d,0,156,0.0
population_double,2,domestic_only,d_to_e,none,0,156,0.0
population_double,2,domestic_only,d_to_e,d_only,0,156,0.0
population_double,2,domestic_only,d_to_e,e_only,0,156,0.0
population_double,2,domestic_only,d_to_e,simultaneous,0,156,0.0
population_double,2,domestic_only,d_to_e,d_to_e,0,156,0.0
population_double,2,domestic_only,d_to_e,e_to_d,0,156,0.0
population_double,2,domestic_only,e_to_d,none,0,156,0.0
population_double,2,domestic_only,e_to_d,d_only,0,156,0.0
population_double,2,domestic_only,e_to_d,e_only,0,156,0.0
population_double,2,domestic_only,e_to_d,simultaneous,0,156,0.0
population_double,2,domestic_only,e_to_d,d_to_e,0,156,0.0
population_double,2,domestic_only,e_to_d,e_to_d,0,156,0.0
population_double,2,customer_only,none,none,0,156,0.0
population_double,2,customer_only,none,d_only,55,156,0.3525641025641026
population_double,2,customer_only,none,e_only,0,156,0.0
population_double,2,customer_only,none,simultaneous,0,156,0.0
population_double,2,customer_only,none,d_to_e,0,156,0.0
population_double,2,customer_only,none,e_to_d,0,156,0.0
population_double,2,customer_only,d_only,none,0,156,0.0
population_double,2,customer_only,d_only,d_only,0,156,0.0
population_double,2,customer_only,d_only,e_only,0,156,0.0
population_double,2,customer_only,d_only,simultaneous,0,156,0.0
population_double,2,customer_only,d_only,d_to_e,0,156,0.0
population_double,2,customer_only,d_only,e_to_d,0,156,0.0
population_double,2,customer_only,e_only,none,0,156,0.0
population_double,2,customer_only,e_only,d_only,26,156,0.16666666666666666
population_double,2,customer_only,e_only,e_only,2,156,0.01282051282051282
population_double,2,customer_only,e_only,simultaneous,10,156,0.0641025641025641
population_double,2,customer_only,e_only,d_to_e,47,156,0.30128205128205127
population_double,2,customer_only,e_only,e_to_d,16,156,0.10256410256410256
population_double,2,customer_only,simultaneous,none,0,156,0.0
population_double,2,customer_only,simultaneous,d_only,0,156,0.0
population_double,2,customer_only,simultaneous,e_only,0,156,0.0
population_double,2,customer_only,simultaneous,simultaneous,0,156,0.0
population_double,2,customer_only,simultaneous,d_to_e,0,156,0.0
population_double,2,customer_only,simultaneous,e_to_d,0,156,0.0
population_double,2,customer_only,d_to_e,none,0,156,0.0
population_double,2,customer_only,d_to_e,d_only,0,156,0.0
population_double,2,customer_only,d_to_e,e_only,0,156,0.0
population_double,2,customer_only,d_to_e,simultaneous,0,156,0.0
population_double,2,customer_only,d_to_e,d_to_e,0,156,0.0
population_double,2,customer_only,d_to_e,e_to_d,0,156,0.0
population_double,2,customer_only,e_to_d,none,0,156,0.0
population_double,2,customer_only,e_to_d,d_only,0,156,0.0
population_double,2,customer_only,e_to_d,e_only,0,156,0.0
population_double,2,customer_only,e_to_d,simultaneous,0,156,0.0
population_double,2,customer_only,e_to_d,d_to_e,0,156,0.0
population_double,2,customer_only,e_to_d,e_to_d,0,156,0.0
population_double,3,domestic_only,none,none,0,132,0.0
population_double,3,domestic_only,none,d_only,0,132,0.0
population_double,3,domestic_only,none,e_only,0,132,0.0
population_double,3,domestic_only,none,simultaneous,0,132,0.0
population_double,3,domestic_only,none,d_to_e,0,132,0.0
population_double,3,domestic_only,none,e_to_d,0,132,0.0
population_double,3,domestic_only,d_only,none,0,132,0.0
population_double,3,domestic_only,d_only,d_only,68,132,0.5151515151515151
population_double,3,domestic_only,d_only,e_only,3,132,0.022727272727272728
population_double,3,domestic_only,d_only,simultaneous,10,132,0.07575757575757576
population_double,3,domestic_only,d_only,d_to_e,37,132,0.2803030303030303
population_double,3,domestic_only,d_only,e_to_d,14,132,0.10606060606060606
population_double,3,domestic_only,e_only,none,0,132,0.0
population_double,3,domestic_only,e_only,d_only,0,132,0.0
population_double,3,domestic_only,e_only,e_only,0,132,0.0
population_double,3,domestic_only,e_only,simultaneous,0,132,0.0
population_double,3,domestic_only,e_only,d_to_e,0,132,0.0
population_double,3,domestic_only,e_only,e_to_d,0,132,0.0
population_double,3,domestic_only,simultaneous,none,0,132,0.0
population_double,3,domestic_only,simultaneous,d_only,0,132,0.0
population_double,3,domestic_only,simultaneous,e_only,0,132,0.0
population_double,3,domestic_only,simultaneous,simultaneous,0,132,0.0
population_double,3,domestic_only,simultaneous,d_to_e,0,132,0.0
population_double,3,domestic_only,simultaneous,e_to_d,0,132,0.0
population_double,3,domestic_only,d_to_e,none,0,132,0.0
population_double,3,domestic_only,d_to_e,d_only,0,132,0.0
population_double,3,domestic_only,d_to_e,e_only,0,132,0.0
population_double,3,domestic_only,d_to_e,simultaneous,0,132,0.0
population_double,3,domestic_only,d_to_e,d_to_e,0,132,0.0
population_double,3,domestic_only,d_to_e,e_to_d,0,132,0.0
population_double,3,domestic_only,e_to_d,none,0,132,0.0
population_double,3,domestic_only,e_to_d,d_only,0,132,0.0
population_double,3,domestic_only,e_to_d,e_only,0,132,0.0
population_double,3,domestic_only,e_to_d,simultaneous,0,132,0.0
population_double,3,domestic_only,e_to_d,d_to_e,0,132,0.0
population_double,3,domestic_only,e_to_d,e_to_d,0,132,0.0
population_double,3,customer_only,none,none,0,132,0.0
population_double,3,customer_only,none,d_only,48,132,0.36363636363636365
population_double,3,customer_only,none,e_only,0,132,0.0
population_double,3,customer_only,none,simultaneous,0,132,0.0
population_double,3,customer_only,none,d_to_e,0,132,0.0
population_double,3,customer_only,none,e_to_d,0,132,0.0
population_double,3,customer_only,d_only,none,0,132,0.0
population_double,3,customer_only,d_only,d_only,0,132,0.0
population_double,3,customer_only,d_only,e_only,0,132,0.0
population_double,3,customer_only,d_only,simultaneous,0,132,0.0
population_double,3,customer_only,d_only,d_to_e,0,132,0.0
population_double,3,customer_only,d_only,e_to_d,0,132,0.0
population_double,3,customer_only,e_only,none,0,132,0.0
population_double,3,customer_only,e_only,d_only,20,132,0.15151515151515152
population_double,3,customer_only,e_only,e_only,3,132,0.022727272727272728
population_double,3,customer_only,e_only,simultaneous,10,132,0.07575757575757576
population_double,3,customer_only,e_only,d_to_e,37,132,0.2803030303030303
population_double,3,customer_only,e_only,e_to_d,14,132,0.10606060606060606
population_double,3,customer_only,simultaneous,none,0,132,0.0
population_double,3,customer_only,simultaneous,d_only,0,132,0.0
population_double,3,customer_only,simultaneous,e_only,0,132,0.0
population_double,3,customer_only,simultaneous,simultaneous,0,132,0.0
population_double,3,customer_only,simultaneous,d_to_e,0,132,0.0
population_double,3,customer_only,simultaneous,e_to_d,0,132,0.0
population_double,3,customer_only,d_to_e,none,0,132,0.0
population_double,3,customer_only,d_to_e,d_only,0,132,0.0
population_double,3,customer_only,d_to_e,e_only,0,132,0.0
population_double,3,customer_only,d_to_e,simultaneous,0,132,0.0
population_double,3,customer_only,d_to_e,d_to_e,0,132,0.0
population_double,3,customer_only,d_to_e,e_to_d,0,132,0.0
population_double,3,customer_only,e_to_d,none,0,132,0.0
population_double,3,customer_only,e_to_d,d_only,0,132,0.0
population_double,3,customer_only,e_to_d,e_only,0,132,0.0
population_double,3,customer_only,e_to_d,simultaneous,0,132,0.0
population_double,3,customer_only,e_to_d,d_to_e,0,132,0.0
population_double,3,customer_only,e_to_d,e_to_d,0,132,0.0
population_double,4,domestic_only,none,none,0,160,0.0
population_double,4,domestic_only,none,d_only,0,160,0.0
population_double,4,domestic_only,none,e_only,0,160,0.0
population_double,4,domestic_only,none,simultaneous,0,160,0.0
population_double,4,domestic_only,none,d_to_e,0,160,0.0
population_double,4,domestic_only,none,e_to_d,0,160,0.0
population_double,4,domestic_only,d_only,none,0,160,0.0
population_double,4,domestic_only,d_only,d_only,106,160,0.6625
population_double,4,domestic_only,d_only,e_only,0,160,0.0
population_double,4,domestic_only,d_only,simultaneous,12,160,0.075
population_double,4,domestic_only,d_only,d_to_e,35,160,0.21875
population_double,4,domestic_only,d_only,e_to_d,7,160,0.04375
population_double,4,domestic_only,e_only,none,0,160,0.0
population_double,4,domestic_only,e_only,d_only,0,160,0.0
population_double,4,domestic_only,e_only,e_only,0,160,0.0
population_double,4,domestic_only,e_only,simultaneous,0,160,0.0
population_double,4,domestic_only,e_only,d_to_e,0,160,0.0
population_double,4,domestic_only,e_only,e_to_d,0,160,0.0
population_double,4,domestic_only,simultaneous,none,0,160,0.0
population_double,4,domestic_only,simultaneous,d_only,0,160,0.0
population_double,4,domestic_only,simultaneous,e_only,0,160,0.0
population_double,4,domestic_only,simultaneous,simultaneous,0,160,0.0
population_double,4,domestic_only,simultaneous,d_to_e,0,160,0.0
population_double,4,domestic_only,simultaneous,e_to_d,0,160,0.0
population_double,4,domestic_only,d_to_e,none,0,160,0.0
population_double,4,domestic_only,d_to_e,d_only,0,160,0.0
population_double,4,domestic_only,d_to_e,e_only,0,160,0.0
population_double,4,domestic_only,d_to_e,simultaneous,0,160,0.0
population_double,4,domestic_only,d_to_e,d_to_e,0,160,0.0
population_double,4,domestic_only,d_to_e,e_to_d,0,160,0.0
population_double,4,domestic_only,e_to_d,none,0,160,0.0
population_double,4,domestic_only,e_to_d,d_only,0,160,0.0
population_double,4,domestic_only,e_to_d,e_only,0,160,0.0
population_double,4,domestic_only,e_to_d,simultaneous,0,160,0.0
population_double,4,domestic_only,e_to_d,d_to_e,0,160,0.0
population_double,4,domestic_only,e_to_d,e_to_d,0,160,0.0
population_double,4,customer_only,none,none,0,160,0.0
population_double,4,customer_only,none,d_only,80,160,0.5
population_double,4,customer_only,none,e_only,0,160,0.0
population_double,4,customer_only,none,simultaneous,0,160,0.0
population_double,4,customer_only,none,d_to_e,0,160,0.0
population_double,4,customer_only,none,e_to_d,0,160,0.0
population_double,4,customer_only,d_only,none,0,160,0.0
population_double,4,customer_only,d_only,d_only,0,160,0.0
population_double,4,customer_only,d_only,e_only,0,160,0.0
population_double,4,customer_only,d_only,simultaneous,0,160,0.0
population_double,4,customer_only,d_only,d_to_e,0,160,0.0
population_double,4,customer_only,d_only,e_to_d,0,160,0.0
population_double,4,customer_only,e_only,none,0,160,0.0
population_double,4,customer_only,e_only,d_only,26,160,0.1625
population_double,4,customer_only,e_only,e_only,0,160,0.0
population_double,4,customer_only,e_only,simultaneous,12,160,0.075
population_double,4,customer_only,e_only,d_to_e,35,160,0.21875
population_double,4,customer_only,e_only,e_to_d,7,160,0.04375
population_double,4,customer_only,simultaneous,none,0,160,0.0
population_double,4,customer_only,simultaneous,d_only,0,160,0.0
population_double,4,customer_only,simultaneous,e_only,0,160,0.0
population_double,4,customer_only,simultaneous,simultaneous,0,160,0.0
population_double,4,customer_only,simultaneous,d_to_e,0,160,0.0
population_double,4,customer_only,simultaneous,e_to_d,0,160,0.0
population_double,4,customer_only,d_to_e,none,0,160,0.0
population_double,4,customer_only,d_to_e,d_only,0,160,0.0
population_double,4,customer_only,d_to_e,e_only,0,160,0.0
population_double,4,customer_only,d_to_e,simultaneous,0,160,0.0
population_double,4,customer_only,d_to_e,d_to_e,0,160,0.0
population_double,4,customer_only,d_to_e,e_to_d,0,160,0.0
population_double,4,customer_only,e_to_d,none,0,160,0.0
population_double,4,customer_only,e_to_d,d_only,0,160,0.0
population_double,4,customer_only,e_to_d,e_only,0,160,0.0
population_double,4,customer_only,e_to_d,simultaneous,0,160,0.0
population_double,4,customer_only,e_to_d,d_to_e,0,160,0.0
population_double,4,customer_only,e_to_d,e_to_d,0,160,0.0
population_double,5,domestic_only,none,none,0,149,0.0
population_double,5,domestic_only,none,d_only,0,149,0.0
population_double,5,domestic_only,none,e_only,0,149,0.0
population_double,5,domestic_only,none,simultaneous,0,149,0.0
population_double,5,domestic_only,none,d_to_e,0,149,0.0
population_double,5,domestic_only,none,e_to_d,0,149,0.0
population_double,5,domestic_only,d_only,none,0,149,0.0
population_double,5,domestic_only,d_only,d_only,71,149,0.47651006711409394
population_double,5,domestic_only,d_only,e_only,4,149,0.026845637583892617
population_double,5,domestic_only,d_only,simultaneous,8,149,0.053691275167785234
population_double,5,domestic_only,d_only,d_to_e,58,149,0.38926174496644295
population_double,5,domestic_only,d_only,e_to_d,8,149,0.053691275167785234
population_double,5,domestic_only,e_only,none,0,149,0.0
population_double,5,domestic_only,e_only,d_only,0,149,0.0
population_double,5,domestic_only,e_only,e_only,0,149,0.0
population_double,5,domestic_only,e_only,simultaneous,0,149,0.0
population_double,5,domestic_only,e_only,d_to_e,0,149,0.0
population_double,5,domestic_only,e_only,e_to_d,0,149,0.0
population_double,5,domestic_only,simultaneous,none,0,149,0.0
population_double,5,domestic_only,simultaneous,d_only,0,149,0.0
population_double,5,domestic_only,simultaneous,e_only,0,149,0.0
population_double,5,domestic_only,simultaneous,simultaneous,0,149,0.0
population_double,5,domestic_only,simultaneous,d_to_e,0,149,0.0
population_double,5,domestic_only,simultaneous,e_to_d,0,149,0.0
population_double,5,domestic_only,d_to_e,none,0,149,0.0
population_double,5,domestic_only,d_to_e,d_only,0,149,0.0
population_double,5,domestic_only,d_to_e,e_only,0,149,0.0
population_double,5,domestic_only,d_to_e,simultaneous,0,149,0.0
population_double,5,domestic_only,d_to_e,d_to_e,0,149,0.0
population_double,5,domestic_only,d_to_e,e_to_d,0,149,0.0
population_double,5,domestic_only,e_to_d,none,0,149,0.0
population_double,5,domestic_only,e_to_d,d_only,0,149,0.0
population_double,5,domestic_only,e_to_d,e_only,0,149,0.0
population_double,5,domestic_only,e_to_d,simultaneous,0,149,0.0
population_double,5,domestic_only,e_to_d,d_to_e,0,149,0.0
population_double,5,domestic_only,e_to_d,e_to_d,0,149,0.0
population_double,5,customer_only,none,none,0,149,0.0
population_double,5,customer_only,none,d_only,45,149,0.30201342281879195
population_double,5,customer_only,none,e_only,0,149,0.0
population_double,5,customer_only,none,simultaneous,0,149,0.0
population_double,5,customer_only,none,d_to_e,0,149,0.0
population_double,5,customer_only,none,e_to_d,0,149,0.0
population_double,5,customer_only,d_only,none,0,149,0.0
population_double,5,customer_only,d_only,d_only,0,149,0.0
population_double,5,customer_only,d_only,e_only,0,149,0.0
population_double,5,customer_only,d_only,simultaneous,0,149,0.0
population_double,5,customer_only,d_only,d_to_e,0,149,0.0
population_double,5,customer_only,d_only,e_to_d,0,149,0.0
population_double,5,customer_only,e_only,none,0,149,0.0
population_double,5,customer_only,e_only,d_only,26,149,0.174496644295302
population_double,5,customer_only,e_only,e_only,4,149,0.026845637583892617
population_double,5,customer_only,e_only,simultaneous,8,149,0.053691275167785234
population_double,5,customer_only,e_only,d_to_e,58,149,0.38926174496644295
population_double,5,customer_only,e_only,e_to_d,8,149,0.053691275167785234
population_double,5,customer_only,simultaneous,none,0,149,0.0
population_double,5,customer_only,simultaneous,d_only,0,149,0.0
population_double,5,customer_only,simultaneous,e_only,0,149,0.0
population_double,5,customer_only,simultaneous,simultaneous,0,149,0.0
population_double,5,customer_only,simultaneous,d_to_e,0,149,0.0
population_double,5,customer_only,simultaneous,e_to_d,0,149,0.0
population_double,5,customer_only,d_to_e,none,0,149,0.0
population_double,5,customer_only,d_to_e,d_only,0,149,0.0
population_double,5,customer_only,d_to_e,e_only,0,149,0.0
population_double,5,customer_only,d_to_e,simultaneous,0,149,0.0
population_double,5,customer_only,d_to_e,d_to_e,0,149,0.0
population_double,5,customer_only,d_to_e,e_to_d,0,149,0.0
population_double,5,customer_only,e_to_d,none,0,149,0.0
population_double,5,customer_only,e_to_d,d_only,0,149,0.0
population_double,5,customer_only,e_to_d,e_only,0,149,0.0
population_double,5,customer_only,e_to_d,simultaneous,0,149,0.0
population_double,5,customer_only,e_to_d,d_to_e,0,149,0.0
population_double,5,customer_only,e_to_d,e_to_d,0,149,0.0
population_double,6,domestic_only,none,none,0,144,0.0
population_double,6,domestic_only,none,d_only,0,144,0.0
population_double,6,domestic_only,none,e_only,0,144,0.0
population_double,6,domestic_only,none,simultaneous,0,144,0.0
population_double,6,domestic_only,none,d_to_e,0,144,0.0
population_double,6,domestic_only,none,e_to_d,0,144,0.0
population_double,6,domestic_only,d_only,none,0,144,0.0
population_double,6,domestic_only,d_only,d_only,70,144,0.4861111111111111
population_double,6,domestic_only,d_only,e_only,5,144,0.034722222222222224
population_double,6,domestic_only,d_only,simultaneous,3,144,0.020833333333333332
population_double,6,domestic_only,d_only,d_to_e,56,144,0.3888888888888889
population_double,6,domestic_only,d_only,e_to_d,10,144,0.06944444444444445
population_double,6,domestic_only,e_only,none,0,144,0.0
population_double,6,domestic_only,e_only,d_only,0,144,0.0
population_double,6,domestic_only,e_only,e_only,0,144,0.0
population_double,6,domestic_only,e_only,simultaneous,0,144,0.0
population_double,6,domestic_only,e_only,d_to_e,0,144,0.0
population_double,6,domestic_only,e_only,e_to_d,0,144,0.0
population_double,6,domestic_only,simultaneous,none,0,144,0.0
population_double,6,domestic_only,simultaneous,d_only,0,144,0.0
population_double,6,domestic_only,simultaneous,e_only,0,144,0.0
population_double,6,domestic_only,simultaneous,simultaneous,0,144,0.0
population_double,6,domestic_only,simultaneous,d_to_e,0,144,0.0
population_double,6,domestic_only,simultaneous,e_to_d,0,144,0.0
population_double,6,domestic_only,d_to_e,none,0,144,0.0
population_double,6,domestic_only,d_to_e,d_only,0,144,0.0
population_double,6,domestic_only,d_to_e,e_only,0,144,0.0
population_double,6,domestic_only,d_to_e,simultaneous,0,144,0.0
population_double,6,domestic_only,d_to_e,d_to_e,0,144,0.0
population_double,6,domestic_only,d_to_e,e_to_d,0,144,0.0
population_double,6,domestic_only,e_to_d,none,0,144,0.0
population_double,6,domestic_only,e_to_d,d_only,0,144,0.0
population_double,6,domestic_only,e_to_d,e_only,0,144,0.0
population_double,6,domestic_only,e_to_d,simultaneous,0,144,0.0
population_double,6,domestic_only,e_to_d,d_to_e,0,144,0.0
population_double,6,domestic_only,e_to_d,e_to_d,0,144,0.0
population_double,6,customer_only,none,none,0,144,0.0
population_double,6,customer_only,none,d_only,48,144,0.3333333333333333
population_double,6,customer_only,none,e_only,0,144,0.0
population_double,6,customer_only,none,simultaneous,0,144,0.0
population_double,6,customer_only,none,d_to_e,0,144,0.0
population_double,6,customer_only,none,e_to_d,0,144,0.0
population_double,6,customer_only,d_only,none,0,144,0.0
population_double,6,customer_only,d_only,d_only,0,144,0.0
population_double,6,customer_only,d_only,e_only,0,144,0.0
population_double,6,customer_only,d_only,simultaneous,0,144,0.0
population_double,6,customer_only,d_only,d_to_e,0,144,0.0
population_double,6,customer_only,d_only,e_to_d,0,144,0.0
population_double,6,customer_only,e_only,none,0,144,0.0
population_double,6,customer_only,e_only,d_only,22,144,0.1527777777777778
population_double,6,customer_only,e_only,e_only,5,144,0.034722222222222224
population_double,6,customer_only,e_only,simultaneous,3,144,0.020833333333333332
population_double,6,customer_only,e_only,d_to_e,56,144,0.3888888888888889
population_double,6,customer_only,e_only,e_to_d,10,144,0.06944444444444445
population_double,6,customer_only,simultaneous,none,0,144,0.0
population_double,6,customer_only,simultaneous,d_only,0,144,0.0
population_double,6,customer_only,simultaneous,e_only,0,144,0.0
population_double,6,customer_only,simultaneous,simultaneous,0,144,0.0
population_double,6,customer_only,simultaneous,d_to_e,0,144,0.0
population_double,6,customer_only,simultaneous,e_to_d,0,144,0.0
population_double,6,customer_only,d_to_e,none,0,144,0.0
population_double,6,customer_only,d_to_e,d_only,0,144,0.0
population_double,6,customer_only,d_to_e,e_only,0,144,0.0
population_double,6,customer_only,d_to_e,simultaneous,0,144,0.0
population_double,6,customer_only,d_to_e,d_to_e,0,144,0.0
population_double,6,customer_only,d_to_e,e_to_d,0,144,0.0
population_double,6,customer_only,e_to_d,none,0,144,0.0
population_double,6,customer_only,e_to_d,d_only,0,144,0.0
population_double,6,customer_only,e_to_d,e_only,0,144,0.0
population_double,6,customer_only,e_to_d,simultaneous,0,144,0.0
population_double,6,customer_only,e_to_d,d_to_e,0,144,0.0
population_double,6,customer_only,e_to_d,e_to_d,0,144,0.0
population_double,7,domestic_only,none,none,0,164,0.0
population_double,7,domestic_only,none,d_only,0,164,0.0
population_double,7,domestic_only,none,e_only,0,164,0.0
population_double,7,domestic_only,none,simultaneous,0,164,0.0
population_double,7,domestic_only,none,d_to_e,0,164,0.0
population_double,7,domestic_only,none,e_to_d,0,164,0.0
population_double,7,domestic_only,d_only,none,0,164,0.0
population_double,7,domestic_only,d_only,d_only,102,164,0.6219512195121951
population_double,7,domestic_only,d_only,e_only,3,164,0.018292682926829267
population_double,7,domestic_only,d_only,simultaneous,8,164,0.04878048780487805
population_double,7,domestic_only,d_only,d_to_e,39,164,0.23780487804878048
population_double,7,domestic_only,d_only,e_to_d,12,164,0.07317073170731707
population_double,7,domestic_only,e_only,none,0,164,0.0
population_double,7,domestic_only,e_only,d_only,0,164,0.0
population_double,7,domestic_only,e_only,e_only,0,164,0.0
population_double,7,domestic_only,e_only,simultaneous,0,164,0.0
population_double,7,domestic_only,e_only,d_to_e,0,164,0.0
population_double,7,domestic_only,e_only,e_to_d,0,164,0.0
population_double,7,domestic_only,simultaneous,none,0,164,0.0
population_double,7,domestic_only,simultaneous,d_only,0,164,0.0
population_double,7,domestic_only,simultaneous,e_only,0,164,0.0
population_double,7,domestic_only,simultaneous,simultaneous,0,164,0.0
population_double,7,domestic_only,simultaneous,d_to_e,0,164,0.0
population_double,7,domestic_only,simultaneous,e_to_d,0,164,0.0
population_double,7,domestic_only,d_to_e,none,0,164,0.0
population_double,7,domestic_only,d_to_e,d_only,0,164,0.0
population_double,7,domestic_only,d_to_e,e_only,0,164,0.0
population_double,7,domestic_only,d_to_e,simultaneous,0,164,0.0
population_double,7,domestic_only,d_to_e,d_to_e,0,164,0.0
population_double,7,domestic_only,d_to_e,e_to_d,0,164,0.0
population_double,7,domestic_only,e_to_d,none,0,164,0.0
population_double,7,domestic_only,e_to_d,d_only,0,164,0.0
population_double,7,domestic_only,e_to_d,e_only,0,164,0.0
population_double,7,domestic_only,e_to_d,simultaneous,0,164,0.0
population_double,7,domestic_only,e_to_d,d_to_e,0,164,0.0
population_double,7,domestic_only,e_to_d,e_to_d,0,164,0.0
population_double,7,customer_only,none,none,0,164,0.0
population_double,7,customer_only,none,d_only,74,164,0.45121951219512196
population_double,7,customer_only,none,e_only,0,164,0.0
population_double,7,customer_only,none,simultaneous,0,164,0.0
population_double,7,customer_only,none,d_to_e,0,164,0.0
population_double,7,customer_only,none,e_to_d,0,164,0.0
population_double,7,customer_only,d_only,none,0,164,0.0
population_double,7,customer_only,d_only,d_only,0,164,0.0
population_double,7,customer_only,d_only,e_only,0,164,0.0
population_double,7,customer_only,d_only,simultaneous,0,164,0.0
population_double,7,customer_only,d_only,d_to_e,0,164,0.0
population_double,7,customer_only,d_only,e_to_d,0,164,0.0
population_double,7,customer_only,e_only,none,0,164,0.0
population_double,7,customer_only,e_only,d_only,28,164,0.17073170731707318
population_double,7,customer_only,e_only,e_only,3,164,0.018292682926829267
population_double,7,customer_only,e_only,simultaneous,8,164,0.04878048780487805
population_double,7,customer_only,e_only,d_to_e,39,164,0.23780487804878048
population_double,7,customer_only,e_only,e_to_d,12,164,0.07317073170731707
population_double,7,customer_only,simultaneous,none,0,164,0.0
population_double,7,customer_only,simultaneous,d_only,0,164,0.0
population_double,7,customer_only,simultaneous,e_only,0,164,0.0
population_double,7,customer_only,simultaneous,simultaneous,0,164,0.0
population_double,7,customer_only,simultaneous,d_to_e,0,164,0.0
population_double,7,customer_only,simultaneous,e_to_d,0,164,0.0
population_double,7,customer_only,d_to_e,none,0,164,0.0
population_double,7,customer_only,d_to_e,d_only,0,164,0.0
population_double,7,customer_only,d_to_e,e_only,0,164,0.0
population_double,7,customer_only,d_to_e,simultaneous,0,164,0.0
population_double,7,customer_only,d_to_e,d_to_e,0,164,0.0
population_double,7,customer_only,d_to_e,e_to_d,0,164,0.0
population_double,7,customer_only,e_to_d,none,0,164,0.0
population_double,7,customer_only,e_to_d,d_only,0,164,0.0
population_double,7,customer_only,e_to_d,e_only,0,164,0.0
population_double,7,customer_only,e_to_d,simultaneous,0,164,0.0
population_double,7,customer_only,e_to_d,d_to_e,0,164,0.0
population_double,7,customer_only,e_to_d,e_to_d,0,164,0.0
population_double,8,domestic_only,none,none,0,162,0.0
population_double,8,domestic_only,none,d_only,0,162,0.0
population_double,8,domestic_only,none,e_only,0,162,0.0
population_double,8,domestic_only,none,simultaneous,0,162,0.0
population_double,8,domestic_only,none,d_to_e,0,162,0.0
population_double,8,domestic_only,none,e_to_d,0,162,0.0
population_double,8,domestic_only,d_only,none,0,162,0.0
population_double,8,domestic_only,d_only,d_only,102,162,0.6296296296296297
population_double,8,domestic_only,d_only,e_only,1,162,0.006172839506172839
population_double,8,domestic_only,d_only,simultaneous,11,162,0.06790123456790123
population_double,8,domestic_only,d_only,d_to_e,40,162,0.24691358024691357
population_double,8,domestic_only,d_only,e_to_d,8,162,0.04938271604938271
population_double,8,domestic_only,e_only,none,0,162,0.0
population_double,8,domestic_only,e_only,d_only,0,162,0.0
population_double,8,domestic_only,e_only,e_only,0,162,0.0
population_double,8,domestic_only,e_only,simultaneous,0,162,0.0
population_double,8,domestic_only,e_only,d_to_e,0,162,0.0
population_double,8,domestic_only,e_only,e_to_d,0,162,0.0
population_double,8,domestic_only,simultaneous,none,0,162,0.0
population_double,8,domestic_only,simultaneous,d_only,0,162,0.0
population_double,8,domestic_only,simultaneous,e_only,0,162,0.0
population_double,8,domestic_only,simultaneous,simultaneous,0,162,0.0
population_double,8,domestic_only,simultaneous,d_to_e,0,162,0.0
population_double,8,domestic_only,simultaneous,e_to_d,0,162,0.0
population_double,8,domestic_only,d_to_e,none,0,162,0.0
population_double,8,domestic_only,d_to_e,d_only,0,162,0.0
population_double,8,domestic_only,d_to_e,e_only,0,162,0.0
population_double,8,domestic_only,d_to_e,simultaneous,0,162,0.0
population_double,8,domestic_only,d_to_e,d_to_e,0,162,0.0
population_double,8,domestic_only,d_to_e,e_to_d,0,162,0.0
population_double,8,domestic_only,e_to_d,none,0,162,0.0
population_double,8,domestic_only,e_to_d,d_only,0,162,0.0
population_double,8,domestic_only,e_to_d,e_only,0,162,0.0
population_double,8,domestic_only,e_to_d,simultaneous,0,162,0.0
population_double,8,domestic_only,e_to_d,d_to_e,0,162,0.0
population_double,8,domestic_only,e_to_d,e_to_d,0,162,0.0
population_double,8,customer_only,none,none,0,162,0.0
population_double,8,customer_only,none,d_only,78,162,0.48148148148148145
population_double,8,customer_only,none,e_only,0,162,0.0
population_double,8,customer_only,none,simultaneous,0,162,0.0
population_double,8,customer_only,none,d_to_e,0,162,0.0
population_double,8,customer_only,none,e_to_d,0,162,0.0
population_double,8,customer_only,d_only,none,0,162,0.0
population_double,8,customer_only,d_only,d_only,0,162,0.0
population_double,8,customer_only,d_only,e_only,0,162,0.0
population_double,8,customer_only,d_only,simultaneous,0,162,0.0
population_double,8,customer_only,d_only,d_to_e,0,162,0.0
population_double,8,customer_only,d_only,e_to_d,0,162,0.0
population_double,8,customer_only,e_only,none,0,162,0.0
population_double,8,customer_only,e_only,d_only,24,162,0.14814814814814814
population_double,8,customer_only,e_only,e_only,1,162,0.006172839506172839
population_double,8,customer_only,e_only,simultaneous,11,162,0.06790123456790123
population_double,8,customer_only,e_only,d_to_e,40,162,0.24691358024691357
population_double,8,customer_only,e_only,e_to_d,8,162,0.04938271604938271
population_double,8,customer_only,simultaneous,none,0,162,0.0
population_double,8,customer_only,simultaneous,d_only,0,162,0.0
population_double,8,customer_only,simultaneous,e_only,0,162,0.0
population_double,8,customer_only,simultaneous,simultaneous,0,162,0.0
population_double,8,customer_only,simultaneous,d_to_e,0,162,0.0
population_double,8,customer_only,simultaneous,e_to_d,0,162,0.0
population_double,8,customer_only,d_to_e,none,0,162,0.0
population_double,8,customer_only,d_to_e,d_only,0,162,0.0
population_double,8,customer_only,d_to_e,e_only,0,162,0.0
population_double,8,customer_only,d_to_e,simultaneous,0,162,0.0
population_double,8,customer_only,d_to_e,d_to_e,0,162,0.0
population_double,8,customer_only,d_to_e,e_to_d,0,162,0.0
population_double,8,customer_only,e_to_d,none,0,162,0.0
population_double,8,customer_only,e_to_d,d_only,0,162,0.0
population_double,8,customer_only,e_to_d,e_only,0,162,0.0
population_double,8,customer_only,e_to_d,simultaneous,0,162,0.0
population_double,8,customer_only,e_to_d,d_to_e,0,162,0.0
population_double,8,customer_only,e_to_d,e_to_d,0,162,0.0
population_double,9,domestic_only,none,none,0,144,0.0
population_double,9,domestic_only,none,d_only,0,144,0.0
population_double,9,domestic_only,none,e_only,0,144,0.0
population_double,9,domestic_only,none,simultaneous,0,144,0.0
population_double,9,domestic_only,none,d_to_e,0,144,0.0
population_double,9,domestic_only,none,e_to_d,0,144,0.0
population_double,9,domestic_only,d_only,none,0,144,0.0
population_double,9,domestic_only,d_only,d_only,75,144,0.5208333333333334
population_double,9,domestic_only,d_only,e_only,3,144,0.020833333333333332
population_double,9,domestic_only,d_only,simultaneous,11,144,0.0763888888888889
population_double,9,domestic_only,d_only,d_to_e,46,144,0.3194444444444444
population_double,9,domestic_only,d_only,e_to_d,9,144,0.0625
population_double,9,domestic_only,e_only,none,0,144,0.0
population_double,9,domestic_only,e_only,d_only,0,144,0.0
population_double,9,domestic_only,e_only,e_only,0,144,0.0
population_double,9,domestic_only,e_only,simultaneous,0,144,0.0
population_double,9,domestic_only,e_only,d_to_e,0,144,0.0
population_double,9,domestic_only,e_only,e_to_d,0,144,0.0
population_double,9,domestic_only,simultaneous,none,0,144,0.0
population_double,9,domestic_only,simultaneous,d_only,0,144,0.0
population_double,9,domestic_only,simultaneous,e_only,0,144,0.0
population_double,9,domestic_only,simultaneous,simultaneous,0,144,0.0
population_double,9,domestic_only,simultaneous,d_to_e,0,144,0.0
population_double,9,domestic_only,simultaneous,e_to_d,0,144,0.0
population_double,9,domestic_only,d_to_e,none,0,144,0.0
population_double,9,domestic_only,d_to_e,d_only,0,144,0.0
population_double,9,domestic_only,d_to_e,e_only,0,144,0.0
population_double,9,domestic_only,d_to_e,simultaneous,0,144,0.0
population_double,9,domestic_only,d_to_e,d_to_e,0,144,0.0
population_double,9,domestic_only,d_to_e,e_to_d,0,144,0.0
population_double,9,domestic_only,e_to_d,none,0,144,0.0
population_double,9,domestic_only,e_to_d,d_only,0,144,0.0
population_double,9,domestic_only,e_to_d,e_only,0,144,0.0
population_double,9,domestic_only,e_to_d,simultaneous,0,144,0.0
population_double,9,domestic_only,e_to_d,d_to_e,0,144,0.0
population_double,9,domestic_only,e_to_d,e_to_d,0,144,0.0
population_double,9,customer_only,none,none,0,144,0.0
population_double,9,customer_only,none,d_only,50,144,0.3472222222222222
population_double,9,customer_only,none,e_only,0,144,0.0
population_double,9,customer_only,none,simultaneous,0,144,0.0
population_double,9,customer_only,none,d_to_e,0,144,0.0
population_double,9,customer_only,none,e_to_d,0,144,0.0
population_double,9,customer_only,d_only,none,0,144,0.0
population_double,9,customer_only,d_only,d_only,0,144,0.0
population_double,9,customer_only,d_only,e_only,0,144,0.0
population_double,9,customer_only,d_only,simultaneous,0,144,0.0
population_double,9,customer_only,d_only,d_to_e,0,144,0.0
population_double,9,customer_only,d_only,e_to_d,0,144,0.0
population_double,9,customer_only,e_only,none,0,144,0.0
population_double,9,customer_only,e_only,d_only,25,144,0.1736111111111111
population_double,9,customer_only,e_only,e_only,3,144,0.020833333333333332
population_double,9,customer_only,e_only,simultaneous,11,144,0.0763888888888889
population_double,9,customer_only,e_only,d_to_e,46,144,0.3194444444444444
population_double,9,customer_only,e_only,e_to_d,9,144,0.0625
population_double,9,customer_only,simultaneous,none,0,144,0.0
population_double,9,customer_only,simultaneous,d_only,0,144,0.0
population_double,9,customer_only,simultaneous,e_only,0,144,0.0
population_double,9,customer_only,simultaneous,simultaneous,0,144,0.0
population_double,9,customer_only,simultaneous,d_to_e,0,144,0.0
population_double,9,customer_only,simultaneous,e_to_d,0,144,0.0
population_double,9,customer_only,d_to_e,none,0,144,0.0
population_double,9,customer_only,d_to_e,d_only,0,144,0.0
population_double,9,customer_only,d_to_e,e_only,0,144,0.0
population_double,9,customer_only,d_to_e,simultaneous,0,144,0.0
population_double,9,customer_only,d_to_e,d_to_e,0,144,0.0
population_double,9,customer_only,d_to_e,e_to_d,0,144,0.0
population_double,9,customer_only,e_to_d,none,0,144,0.0
population_double,9,customer_only,e_to_d,d_only,0,144,0.0
population_double,9,customer_only,e_to_d,e_only,0,144,0.0
population_double,9,customer_only,e_to_d,simultaneous,0,144,0.0
population_double,9,customer_only,e_to_d,d_to_e,0,144,0.0
population_double,9,customer_only,e_to_d,e_to_d,0,144,0.0
population_double,10,domestic_only,none,none,0,156,0.0
population_double,10,domestic_only,none,d_only,0,156,0.0
population_double,10,domestic_only,none,e_only,0,156,0.0
population_double,10,domestic_only,none,simultaneous,0,156,0.0
population_double,10,domestic_only,none,d_to_e,0,156,0.0
population_double,10,domestic_only,none,e_to_d,0,156,0.0
population_double,10,domestic_only,d_only,none,0,156,0.0
population_double,10,domestic_only,d_only,d_only,102,156,0.6538461538461539
population_double,10,domestic_only,d_only,e_only,3,156,0.019230769230769232
population_double,10,domestic_only,d_only,simultaneous,12,156,0.07692307692307693
population_double,10,domestic_only,d_only,d_to_e,29,156,0.1858974358974359
population_double,10,domestic_only,d_only,e_to_d,10,156,0.0641025641025641
population_double,10,domestic_only,e_only,none,0,156,0.0
population_double,10,domestic_only,e_only,d_only,0,156,0.0
population_double,10,domestic_only,e_only,e_only,0,156,0.0
population_double,10,domestic_only,e_only,simultaneous,0,156,0.0
population_double,10,domestic_only,e_only,d_to_e,0,156,0.0
population_double,10,domestic_only,e_only,e_to_d,0,156,0.0
population_double,10,domestic_only,simultaneous,none,0,156,0.0
population_double,10,domestic_only,simultaneous,d_only,0,156,0.0
population_double,10,domestic_only,simultaneous,e_only,0,156,0.0
population_double,10,domestic_only,simultaneous,simultaneous,0,156,0.0
population_double,10,domestic_only,simultaneous,d_to_e,0,156,0.0
population_double,10,domestic_only,simultaneous,e_to_d,0,156,0.0
population_double,10,domestic_only,d_to_e,none,0,156,0.0
population_double,10,domestic_only,d_to_e,d_only,0,156,0.0
population_double,10,domestic_only,d_to_e,e_only,0,156,0.0
population_double,10,domestic_only,d_to_e,simultaneous,0,156,0.0
population_double,10,domestic_only,d_to_e,d_to_e,0,156,0.0
population_double,10,domestic_only,d_to_e,e_to_d,0,156,0.0
population_double,10,domestic_only,e_to_d,none,0,156,0.0
population_double,10,domestic_only,e_to_d,d_only,0,156,0.0
population_double,10,domestic_only,e_to_d,e_only,0,156,0.0
population_double,10,domestic_only,e_to_d,simultaneous,0,156,0.0
population_double,10,domestic_only,e_to_d,d_to_e,0,156,0.0
population_double,10,domestic_only,e_to_d,e_to_d,0,156,0.0
population_double,10,customer_only,none,none,0,156,0.0
population_double,10,customer_only,none,d_only,76,156,0.48717948717948717
population_double,10,customer_only,none,e_only,0,156,0.0
population_double,10,customer_only,none,simultaneous,0,156,0.0
population_double,10,customer_only,none,d_to_e,0,156,0.0
population_double,10,customer_only,none,e_to_d,0,156,0.0
population_double,10,customer_only,d_only,none,0,156,0.0
population_double,10,customer_only,d_only,d_only,0,156,0.0
population_double,10,customer_only,d_only,e_only,0,156,0.0
population_double,10,customer_only,d_only,simultaneous,0,156,0.0
population_double,10,customer_only,d_only,d_to_e,0,156,0.0
population_double,10,customer_only,d_only,e_to_d,0,156,0.0
population_double,10,customer_only,e_only,none,0,156,0.0
population_double,10,customer_only,e_only,d_only,26,156,0.16666666666666666
population_double,10,customer_only,e_only,e_only,3,156,0.019230769230769232
population_double,10,customer_only,e_only,simultaneous,12,156,0.07692307692307693
population_double,10,customer_only,e_only,d_to_e,29,156,0.1858974358974359
population_double,10,customer_only,e_only,e_to_d,10,156,0.0641025641025641
population_double,10,customer_only,simultaneous,none,0,156,0.0
population_double,10,customer_only,simultaneous,d_only,0,156,0.0
population_double,10,customer_only,simultaneous,e_only,0,156,0.0
population_double,10,customer_only,simultaneous,simultaneous,0,156,0.0
population_double,10,customer_only,simultaneous,d_to_e,0,156,0.0
population_double,10,customer_only,simultaneous,e_to_d,0,156,0.0
population_double,10,customer_only,d_to_e,none,0,156,0.0
population_double,10,customer_only,d_to_e,d_only,0,156,0.0
population_double,10,customer_only,d_to_e,e_only,0,156,0.0
population_double,10,customer_only,d_to_e,simultaneous,0,156,0.0
population_double,10,customer_only,d_to_e,d_to_e,0,156,0.0
population_double,10,customer_only,d_to_e,e_to_d,0,156,0.0
population_double,10,customer_only,e_to_d,none,0,156,0.0
population_double,10,customer_only,e_to_d,d_only,0,156,0.0
population_double,10,customer_only,e_to_d,e_only,0,156,0.0
population_double,10,customer_only,e_to_d,simultaneous,0,156,0.0
population_double,10,customer_only,e_to_d,d_to_e,0,156,0.0
population_double,10,customer_only,e_to_d,e_to_d,0,156,0.0
population_double,11,domestic_only,none,none,0,146,0.0
population_double,11,domestic_only,none,d_only,0,146,0.0
population_double,11,domestic_only,none,e_only,0,146,0.0
population_double,11,domestic_only,none,simultaneous,0,146,0.0
population_double,11,domestic_only,none,d_to_e,0,146,0.0
population_double,11,domestic_only,none,e_to_d,0,146,0.0
population_double,11,domestic_only,d_only,none,0,146,0.0
population_double,11,domestic_only,d_only,d_only,89,146,0.6095890410958904
population_double,11,domestic_only,d_only,e_only,2,146,0.0136986301369863
population_double,11,domestic_only,d_only,simultaneous,10,146,0.0684931506849315
population_double,11,domestic_only,d_only,d_to_e,38,146,0.2602739726027397
population_double,11,domestic_only,d_only,e_to_d,7,146,0.04794520547945205
population_double,11,domestic_only,e_only,none,0,146,0.0
population_double,11,domestic_only,e_only,d_only,0,146,0.0
population_double,11,domestic_only,e_only,e_only,0,146,0.0
population_double,11,domestic_only,e_only,simultaneous,0,146,0.0
population_double,11,domestic_only,e_only,d_to_e,0,146,0.0
population_double,11,domestic_only,e_only,e_to_d,0,146,0.0
population_double,11,domestic_only,simultaneous,none,0,146,0.0
population_double,11,domestic_only,simultaneous,d_only,0,146,0.0
population_double,11,domestic_only,simultaneous,e_only,0,146,0.0
population_double,11,domestic_only,simultaneous,simultaneous,0,146,0.0
population_double,11,domestic_only,simultaneous,d_to_e,0,146,0.0
population_double,11,domestic_only,simultaneous,e_to_d,0,146,0.0
population_double,11,domestic_only,d_to_e,none,0,146,0.0
population_double,11,domestic_only,d_to_e,d_only,0,146,0.0
population_double,11,domestic_only,d_to_e,e_only,0,146,0.0
population_double,11,domestic_only,d_to_e,simultaneous,0,146,0.0
population_double,11,domestic_only,d_to_e,d_to_e,0,146,0.0
population_double,11,domestic_only,d_to_e,e_to_d,0,146,0.0
population_double,11,domestic_only,e_to_d,none,0,146,0.0
population_double,11,domestic_only,e_to_d,d_only,0,146,0.0
population_double,11,domestic_only,e_to_d,e_only,0,146,0.0
population_double,11,domestic_only,e_to_d,simultaneous,0,146,0.0
population_double,11,domestic_only,e_to_d,d_to_e,0,146,0.0
population_double,11,domestic_only,e_to_d,e_to_d,0,146,0.0
population_double,11,customer_only,none,none,0,146,0.0
population_double,11,customer_only,none,d_only,70,146,0.4794520547945205
population_double,11,customer_only,none,e_only,0,146,0.0
population_double,11,customer_only,none,simultaneous,0,146,0.0
population_double,11,customer_only,none,d_to_e,0,146,0.0
population_double,11,customer_only,none,e_to_d,0,146,0.0
population_double,11,customer_only,d_only,none,0,146,0.0
population_double,11,customer_only,d_only,d_only,0,146,0.0
population_double,11,customer_only,d_only,e_only,0,146,0.0
population_double,11,customer_only,d_only,simultaneous,0,146,0.0
population_double,11,customer_only,d_only,d_to_e,0,146,0.0
population_double,11,customer_only,d_only,e_to_d,0,146,0.0
population_double,11,customer_only,e_only,none,0,146,0.0
population_double,11,customer_only,e_only,d_only,19,146,0.13013698630136986
population_double,11,customer_only,e_only,e_only,2,146,0.0136986301369863
population_double,11,customer_only,e_only,simultaneous,10,146,0.0684931506849315
population_double,11,customer_only,e_only,d_to_e,38,146,0.2602739726027397
population_double,11,customer_only,e_only,e_to_d,7,146,0.04794520547945205
population_double,11,customer_only,simultaneous,none,0,146,0.0
population_double,11,customer_only,simultaneous,d_only,0,146,0.0
population_double,11,customer_only,simultaneous,e_only,0,146,0.0
population_double,11,customer_only,simultaneous,simultaneous,0,146,0.0
population_double,11,customer_only,simultaneous,d_to_e,0,146,0.0
population_double,11,customer_only,simultaneous,e_to_d,0,146,0.0
population_double,11,customer_only,d_to_e,none,0,146,0.0
population_double,11,customer_only,d_to_e,d_only,0,146,0.0
population_double,11,customer_only,d_to_e,e_only,0,146,0.0
population_double,11,customer_only,d_to_e,simultaneous,0,146,0.0
population_double,11,customer_only,d_to_e,d_to_e,0,146,0.0
population_double,11,customer_only,d_to_e,e_to_d,0,146,0.0
population_double,11,customer_only,e_to_d,none,0,146,0.0
population_double,11,customer_only,e_to_d,d_only,0,146,0.0
population_double,11,customer_only,e_to_d,e_only,0,146,0.0
population_double,11,customer_only,e_to_d,simultaneous,0,146,0.0
population_double,11,customer_only,e_to_d,d_to_e,0,146,0.0
population_double,11,customer_only,e_to_d,e_to_d,0,146,0.0
population_double,12,domestic_only,none,none,0,147,0.0
population_double,12,domestic_only,none,d_only,0,147,0.0
population_double,12,domestic_only,none,e_only,0,147,0.0
population_double,12,domestic_only,none,simultaneous,0,147,0.0
population_double,12,domestic_only,none,d_to_e,0,147,0.0
population_double,12,domestic_only,none,e_to_d,0,147,0.0
population_double,12,domestic_only,d_only,none,0,147,0.0
population_double,12,domestic_only,d_only,d_only,74,147,0.5034013605442177
population_double,12,domestic_only,d_only,e_only,4,147,0.027210884353741496
population_double,12,domestic_only,d_only,simultaneous,13,147,0.08843537414965986
population_double,12,domestic_only,d_only,d_to_e,49,147,0.3333333333333333
population_double,12,domestic_only,d_only,e_to_d,7,147,0.047619047619047616
population_double,12,domestic_only,e_only,none,0,147,0.0
population_double,12,domestic_only,e_only,d_only,0,147,0.0
population_double,12,domestic_only,e_only,e_only,0,147,0.0
population_double,12,domestic_only,e_only,simultaneous,0,147,0.0
population_double,12,domestic_only,e_only,d_to_e,0,147,0.0
population_double,12,domestic_only,e_only,e_to_d,0,147,0.0
population_double,12,domestic_only,simultaneous,none,0,147,0.0
population_double,12,domestic_only,simultaneous,d_only,0,147,0.0
population_double,12,domestic_only,simultaneous,e_only,0,147,0.0
population_double,12,domestic_only,simultaneous,simultaneous,0,147,0.0
population_double,12,domestic_only,simultaneous,d_to_e,0,147,0.0
population_double,12,domestic_only,simultaneous,e_to_d,0,147,0.0
population_double,12,domestic_only,d_to_e,none,0,147,0.0
population_double,12,domestic_only,d_to_e,d_only,0,147,0.0
population_double,12,domestic_only,d_to_e,e_only,0,147,0.0
population_double,12,domestic_only,d_to_e,simultaneous,0,147,0.0
population_double,12,domestic_only,d_to_e,d_to_e,0,147,0.0
population_double,12,domestic_only,d_to_e,e_to_d,0,147,0.0
population_double,12,domestic_only,e_to_d,none,0,147,0.0
population_double,12,domestic_only,e_to_d,d_only,0,147,0.0
population_double,12,domestic_only,e_to_d,e_only,0,147,0.0
population_double,12,domestic_only,e_to_d,simultaneous,0,147,0.0
population_double,12,domestic_only,e_to_d,d_to_e,0,147,0.0
population_double,12,domestic_only,e_to_d,e_to_d,0,147,0.0
population_double,12,customer_only,none,none,0,147,0.0
population_double,12,customer_only,none,d_only,46,147,0.3129251700680272
population_double,12,customer_only,none,e_only,0,147,0.0
population_double,12,customer_only,none,simultaneous,0,147,0.0
population_double,12,customer_only,none,d_to_e,0,147,0.0
population_double,12,customer_only,none,e_to_d,0,147,0.0
population_double,12,customer_only,d_only,none,0,147,0.0
population_double,12,customer_only,d_only,d_only,0,147,0.0
population_double,12,customer_only,d_only,e_only,0,147,0.0
population_double,12,customer_only,d_only,simultaneous,0,147,0.0
population_double,12,customer_only,d_only,d_to_e,0,147,0.0
population_double,12,customer_only,d_only,e_to_d,0,147,0.0
population_double,12,customer_only,e_only,none,0,147,0.0
population_double,12,customer_only,e_only,d_only,28,147,0.19047619047619047
population_double,12,customer_only,e_only,e_only,4,147,0.027210884353741496
population_double,12,customer_only,e_only,simultaneous,13,147,0.08843537414965986
population_double,12,customer_only,e_only,d_to_e,49,147,0.3333333333333333
population_double,12,customer_only,e_only,e_to_d,7,147,0.047619047619047616
population_double,12,customer_only,simultaneous,none,0,147,0.0
population_double,12,customer_only,simultaneous,d_only,0,147,0.0
population_double,12,customer_only,simultaneous,e_only,0,147,0.0
population_double,12,customer_only,simultaneous,simultaneous,0,147,0.0
population_double,12,customer_only,simultaneous,d_to_e,0,147,0.0
population_double,12,customer_only,simultaneous,e_to_d,0,147,0.0
population_double,12,customer_only,d_to_e,none,0,147,0.0
population_double,12,customer_only,d_to_e,d_only,0,147,0.0
population_double,12,customer_only,d_to_e,e_only,0,147,0.0
population_double,12,customer_only,d_to_e,simultaneous,0,147,0.0
population_double,12,customer_only,d_to_e,d_to_e,0,147,0.0
population_double,12,customer_only,d_to_e,e_to_d,0,147,0.0
population_double,12,customer_only,e_to_d,none,0,147,0.0
population_double,12,customer_only,e_to_d,d_only,0,147,0.0
population_double,12,customer_only,e_to_d,e_only,0,147,0.0
population_double,12,customer_only,e_to_d,simultaneous,0,147,0.0
population_double,12,customer_only,e_to_d,d_to_e,0,147,0.0
population_double,12,customer_only,e_to_d,e_to_d,0,147,0.0
population_double,13,domestic_only,none,none,0,166,0.0
population_double,13,domestic_only,none,d_only,0,166,0.0
population_double,13,domestic_only,none,e_only,0,166,0.0
population_double,13,domestic_only,none,simultaneous,0,166,0.0
population_double,13,domestic_only,none,d_to_e,0,166,0.0
population_double,13,domestic_only,none,e_to_d,0,166,0.0
population_double,13,domestic_only,d_only,none,0,166,0.0
population_double,13,domestic_only,d_only,d_only,87,166,0.5240963855421686
population_double,13,domestic_only,d_only,e_only,3,166,0.018072289156626505
population_double,13,domestic_only,d_only,simultaneous,15,166,0.09036144578313253
population_double,13,domestic_only,d_only,d_to_e,48,166,0.2891566265060241
population_double,13,domestic_only,d_only,e_to_d,13,166,0.0783132530120482
population_double,13,domestic_only,e_only,none,0,166,0.0
population_double,13,domestic_only,e_only,d_only,0,166,0.0
population_double,13,domestic_only,e_only,e_only,0,166,0.0
population_double,13,domestic_only,e_only,simultaneous,0,166,0.0
population_double,13,domestic_only,e_only,d_to_e,0,166,0.0
population_double,13,domestic_only,e_only,e_to_d,0,166,0.0
population_double,13,domestic_only,simultaneous,none,0,166,0.0
population_double,13,domestic_only,simultaneous,d_only,0,166,0.0
population_double,13,domestic_only,simultaneous,e_only,0,166,0.0
population_double,13,domestic_only,simultaneous,simultaneous,0,166,0.0
population_double,13,domestic_only,simultaneous,d_to_e,0,166,0.0
population_double,13,domestic_only,simultaneous,e_to_d,0,166,0.0
population_double,13,domestic_only,d_to_e,none,0,166,0.0
population_double,13,domestic_only,d_to_e,d_only,0,166,0.0
population_double,13,domestic_only,d_to_e,e_only,0,166,0.0
population_double,13,domestic_only,d_to_e,simultaneous,0,166,0.0
population_double,13,domestic_only,d_to_e,d_to_e,0,166,0.0
population_double,13,domestic_only,d_to_e,e_to_d,0,166,0.0
population_double,13,domestic_only,e_to_d,none,0,166,0.0
population_double,13,domestic_only,e_to_d,d_only,0,166,0.0
population_double,13,domestic_only,e_to_d,e_only,0,166,0.0
population_double,13,domestic_only,e_to_d,simultaneous,0,166,0.0
population_double,13,domestic_only,e_to_d,d_to_e,0,166,0.0
population_double,13,domestic_only,e_to_d,e_to_d,0,166,0.0
population_double,13,customer_only,none,none,0,166,0.0
population_double,13,customer_only,none,d_only,51,166,0.3072289156626506
population_double,13,customer_only,none,e_only,0,166,0.0
population_double,13,customer_only,none,simultaneous,0,166,0.0
population_double,13,customer_only,none,d_to_e,0,166,0.0
population_double,13,customer_only,none,e_to_d,0,166,0.0
population_double,13,customer_only,d_only,none,0,166,0.0
population_double,13,customer_only,d_only,d_only,0,166,0.0
population_double,13,customer_only,d_only,e_only,0,166,0.0
population_double,13,customer_only,d_only,simultaneous,0,166,0.0
population_double,13,customer_only,d_only,d_to_e,0,166,0.0
population_double,13,customer_only,d_only,e_to_d,0,166,0.0
population_double,13,customer_only,e_only,none,0,166,0.0
population_double,13,customer_only,e_only,d_only,36,166,0.21686746987951808
population_double,13,customer_only,e_only,e_only,3,166,0.018072289156626505
population_double,13,customer_only,e_only,simultaneous,15,166,0.09036144578313253
population_double,13,customer_only,e_only,d_to_e,48,166,0.2891566265060241
population_double,13,customer_only,e_only,e_to_d,13,166,0.0783132530120482
population_double,13,customer_only,simultaneous,none,0,166,0.0
population_double,13,customer_only,simultaneous,d_only,0,166,0.0
population_double,13,customer_only,simultaneous,e_only,0,166,0.0
population_double,13,customer_only,simultaneous,simultaneous,0,166,0.0
population_double,13,customer_only,simultaneous,d_to_e,0,166,0.0
population_double,13,customer_only,simultaneous,e_to_d,0,166,0.0
population_double,13,customer_only,d_to_e,none,0,166,0.0
population_double,13,customer_only,d_to_e,d_only,0,166,0.0
population_double,13,customer_only,d_to_e,e_only,0,166,0.0
population_double,13,customer_only,d_to_e,simultaneous,0,166,0.0
population_double,13,customer_only,d_to_e,d_to_e,0,166,0.0
population_double,13,customer_only,d_to_e,e_to_d,0,166,0.0
population_double,13,customer_only,e_to_d,none,0,166,0.0
population_double,13,customer_only,e_to_d,d_only,0,166,0.0
population_double,13,customer_only,e_to_d,e_only,0,166,0.0
population_double,13,customer_only,e_to_d,simultaneous,0,166,0.0
population_double,13,customer_only,e_to_d,d_to_e,0,166,0.0
population_double,13,customer_only,e_to_d,e_to_d,0,166,0.0
population_double,14,domestic_only,none,none,0,147,0.0
population_double,14,domestic_only,none,d_only,0,147,0.0
population_double,14,domestic_only,none,e_only,0,147,0.0
population_double,14,domestic_only,none,simultaneous,0,147,0.0
population_double,14,domestic_only,none,d_to_e,0,147,0.0
population_double,14,domestic_only,none,e_to_d,0,147,0.0
population_double,14,domestic_only,d_only,none,0,147,0.0
population_double,14,domestic_only,d_only,d_only,71,147,0.48299319727891155
population_double,14,domestic_only,d_only,e_only,5,147,0.034013605442176874
population_double,14,domestic_only,d_only,simultaneous,10,147,0.06802721088435375
population_double,14,domestic_only,d_only,d_to_e,50,147,0.3401360544217687
population_double,14,domestic_only,d_only,e_to_d,11,147,0.07482993197278912
population_double,14,domestic_only,e_only,none,0,147,0.0
population_double,14,domestic_only,e_only,d_only,0,147,0.0
population_double,14,domestic_only,e_only,e_only,0,147,0.0
population_double,14,domestic_only,e_only,simultaneous,0,147,0.0
population_double,14,domestic_only,e_only,d_to_e,0,147,0.0
population_double,14,domestic_only,e_only,e_to_d,0,147,0.0
population_double,14,domestic_only,simultaneous,none,0,147,0.0
population_double,14,domestic_only,simultaneous,d_only,0,147,0.0
population_double,14,domestic_only,simultaneous,e_only,0,147,0.0
population_double,14,domestic_only,simultaneous,simultaneous,0,147,0.0
population_double,14,domestic_only,simultaneous,d_to_e,0,147,0.0
population_double,14,domestic_only,simultaneous,e_to_d,0,147,0.0
population_double,14,domestic_only,d_to_e,none,0,147,0.0
population_double,14,domestic_only,d_to_e,d_only,0,147,0.0
population_double,14,domestic_only,d_to_e,e_only,0,147,0.0
population_double,14,domestic_only,d_to_e,simultaneous,0,147,0.0
population_double,14,domestic_only,d_to_e,d_to_e,0,147,0.0
population_double,14,domestic_only,d_to_e,e_to_d,0,147,0.0
population_double,14,domestic_only,e_to_d,none,0,147,0.0
population_double,14,domestic_only,e_to_d,d_only,0,147,0.0
population_double,14,domestic_only,e_to_d,e_only,0,147,0.0
population_double,14,domestic_only,e_to_d,simultaneous,0,147,0.0
population_double,14,domestic_only,e_to_d,d_to_e,0,147,0.0
population_double,14,domestic_only,e_to_d,e_to_d,0,147,0.0
population_double,14,customer_only,none,none,0,147,0.0
population_double,14,customer_only,none,d_only,47,147,0.3197278911564626
population_double,14,customer_only,none,e_only,0,147,0.0
population_double,14,customer_only,none,simultaneous,0,147,0.0
population_double,14,customer_only,none,d_to_e,1,147,0.006802721088435374
population_double,14,customer_only,none,e_to_d,0,147,0.0
population_double,14,customer_only,d_only,none,0,147,0.0
population_double,14,customer_only,d_only,d_only,0,147,0.0
population_double,14,customer_only,d_only,e_only,0,147,0.0
population_double,14,customer_only,d_only,simultaneous,0,147,0.0
population_double,14,customer_only,d_only,d_to_e,0,147,0.0
population_double,14,customer_only,d_only,e_to_d,0,147,0.0
population_double,14,customer_only,e_only,none,0,147,0.0
population_double,14,customer_only,e_only,d_only,24,147,0.16326530612244897
population_double,14,customer_only,e_only,e_only,5,147,0.034013605442176874
population_double,14,customer_only,e_only,simultaneous,10,147,0.06802721088435375
population_double,14,customer_only,e_only,d_to_e,49,147,0.3333333333333333
population_double,14,customer_only,e_only,e_to_d,11,147,0.07482993197278912
population_double,14,customer_only,simultaneous,none,0,147,0.0
population_double,14,customer_only,simultaneous,d_only,0,147,0.0
population_double,14,customer_only,simultaneous,e_only,0,147,0.0
population_double,14,customer_only,simultaneous,simultaneous,0,147,0.0
population_double,14,customer_only,simultaneous,d_to_e,0,147,0.0
population_double,14,customer_only,simultaneous,e_to_d,0,147,0.0
population_double,14,customer_only,d_to_e,none,0,147,0.0
population_double,14,customer_only,d_to_e,d_only,0,147,0.0
population_double,14,customer_only,d_to_e,e_only,0,147,0.0
population_double,14,customer_only,d_to_e,simultaneous,0,147,0.0
population_double,14,customer_only,d_to_e,d_to_e,0,147,0.0
population_double,14,customer_only,d_to_e,e_to_d,0,147,0.0
population_double,14,customer_only,e_to_d,none,0,147,0.0
population_double,14,customer_only,e_to_d,d_only,0,147,0.0
population_double,14,customer_only,e_to_d,e_only,0,147,0.0
population_double,14,customer_only,e_to_d,simultaneous,0,147,0.0
population_double,14,customer_only,e_to_d,d_to_e,0,147,0.0
population_double,14,customer_only,e_to_d,e_to_d,0,147,0.0
population_double,15,domestic_only,none,none,0,142,0.0
population_double,15,domestic_only,none,d_only,0,142,0.0
population_double,15,domestic_only,none,e_only,0,142,0.0
population_double,15,domestic_only,none,simultaneous,0,142,0.0
population_double,15,domestic_only,none,d_to_e,0,142,0.0
population_double,15,domestic_only,none,e_to_d,0,142,0.0
population_double,15,domestic_only,d_only,none,0,142,0.0
population_double,15,domestic_only,d_only,d_only,69,142,0.4859154929577465
population_double,15,domestic_only,d_only,e_only,2,142,0.014084507042253521
population_double,15,domestic_only,d_only,simultaneous,17,142,0.11971830985915492
population_double,15,domestic_only,d_only,d_to_e,42,142,0.29577464788732394
population_double,15,domestic_only,d_only,e_to_d,12,142,0.08450704225352113
population_double,15,domestic_only,e_only,none,0,142,0.0
population_double,15,domestic_only,e_only,d_only,0,142,0.0
population_double,15,domestic_only,e_only,e_only,0,142,0.0
population_double,15,domestic_only,e_only,simultaneous,0,142,0.0
population_double,15,domestic_only,e_only,d_to_e,0,142,0.0
population_double,15,domestic_only,e_only,e_to_d,0,142,0.0
population_double,15,domestic_only,simultaneous,none,0,142,0.0
population_double,15,domestic_only,simultaneous,d_only,0,142,0.0
population_double,15,domestic_only,simultaneous,e_only,0,142,0.0
population_double,15,domestic_only,simultaneous,simultaneous,0,142,0.0
population_double,15,domestic_only,simultaneous,d_to_e,0,142,0.0
population_double,15,domestic_only,simultaneous,e_to_d,0,142,0.0
population_double,15,domestic_only,d_to_e,none,0,142,0.0
population_double,15,domestic_only,d_to_e,d_only,0,142,0.0
population_double,15,domestic_only,d_to_e,e_only,0,142,0.0
population_double,15,domestic_only,d_to_e,simultaneous,0,142,0.0
population_double,15,domestic_only,d_to_e,d_to_e,0,142,0.0
population_double,15,domestic_only,d_to_e,e_to_d,0,142,0.0
population_double,15,domestic_only,e_to_d,none,0,142,0.0
population_double,15,domestic_only,e_to_d,d_only,0,142,0.0
population_double,15,domestic_only,e_to_d,e_only,0,142,0.0
population_double,15,domestic_only,e_to_d,simultaneous,0,142,0.0
population_double,15,domestic_only,e_to_d,d_to_e,0,142,0.0
population_double,15,domestic_only,e_to_d,e_to_d,0,142,0.0
population_double,15,customer_only,none,none,0,142,0.0
population_double,15,customer_only,none,d_only,47,142,0.33098591549295775
population_double,15,customer_only,none,e_only,0,142,0.0
population_double,15,customer_only,none,simultaneous,0,142,0.0
population_double,15,customer_only,none,d_to_e,0,142,0.0
population_double,15,customer_only,none,e_to_d,0,142,0.0
population_double,15,customer_only,d_only,none,0,142,0.0
population_double,15,customer_only,d_only,d_only,0,142,0.0
population_double,15,customer_only,d_only,e_only,0,142,0.0
population_double,15,customer_only,d_only,simultaneous,0,142,0.0
population_double,15,customer_only,d_only,d_to_e,0,142,0.0
population_double,15,customer_only,d_only,e_to_d,0,142,0.0
population_double,15,customer_only,e_only,none,0,142,0.0
population_double,15,customer_only,e_only,d_only,22,142,0.15492957746478872
population_double,15,customer_only,e_only,e_only,2,142,0.014084507042253521
population_double,15,customer_only,e_only,simultaneous,17,142,0.11971830985915492
population_double,15,customer_only,e_only,d_to_e,42,142,0.29577464788732394
population_double,15,customer_only,e_only,e_to_d,12,142,0.08450704225352113
population_double,15,customer_only,simultaneous,none,0,142,0.0
population_double,15,customer_only,simultaneous,d_only,0,142,0.0
population_double,15,customer_only,simultaneous,e_only,0,142,0.0
population_double,15,customer_only,simultaneous,simultaneous,0,142,0.0
population_double,15,customer_only,simultaneous,d_to_e,0,142,0.0
population_double,15,customer_only,simultaneous,e_to_d,0,142,0.0
population_double,15,customer_only,d_to_e,none,0,142,0.0
population_double,15,customer_only,d_to_e,d_only,0,142,0.0
population_double,15,customer_only,d_to_e,e_only,0,142,0.0
population_double,15,customer_only,d_to_e,simultaneous,0,142,0.0
population_double,15,customer_only,d_to_e,d_to_e,0,142,0.0
population_double,15,customer_only,d_to_e,e_to_d,0,142,0.0
population_double,15,customer_only,e_to_d,none,0,142,0.0
population_double,15,customer_only,e_to_d,d_only,0,142,0.0
population_double,15,customer_only,e_to_d,e_only,0,142,0.0
population_double,15,customer_only,e_to_d,simultaneous,0,142,0.0
population_double,15,customer_only,e_to_d,d_to_e,0,142,0.0
population_double,15,customer_only,e_to_d,e_to_d,0,142,0.0
population_double,16,domestic_only,none,none,0,153,0.0
population_double,16,domestic_only,none,d_only,0,153,0.0
population_double,16,domestic_only,none,e_only,0,153,0.0
population_double,16,domestic_only,none,simultaneous,0,153,0.0
population_double,16,domestic_only,none,d_to_e,0,153,0.0
population_double,16,domestic_only,none,e_to_d,0,153,0.0
population_double,16,domestic_only,d_only,none,0,153,0.0
population_double,16,domestic_only,d_only,d_only,95,153,0.6209150326797386
population_double,16,domestic_only,d_only,e_only,5,153,0.032679738562091505
population_double,16,domestic_only,d_only,simultaneous,12,153,0.0784313725490196
population_double,16,domestic_only,d_only,d_to_e,34,153,0.2222222222222222
population_double,16,domestic_only,d_only,e_to_d,7,153,0.0457516339869281
population_double,16,domestic_only,e_only,none,0,153,0.0
population_double,16,domestic_only,e_only,d_only,0,153,0.0
population_double,16,domestic_only,e_only,e_only,0,153,0.0
population_double,16,domestic_only,e_only,simultaneous,0,153,0.0
population_double,16,domestic_only,e_only,d_to_e,0,153,0.0
population_double,16,domestic_only,e_only,e_to_d,0,153,0.0
population_double,16,domestic_only,simultaneous,none,0,153,0.0
population_double,16,domestic_only,simultaneous,d_only,0,153,0.0
population_double,16,domestic_only,simultaneous,e_only,0,153,0.0
population_double,16,domestic_only,simultaneous,simultaneous,0,153,0.0
population_double,16,domestic_only,simultaneous,d_to_e,0,153,0.0
population_double,16,domestic_only,simultaneous,e_to_d,0,153,0.0
population_double,16,domestic_only,d_to_e,none,0,153,0.0
population_double,16,domestic_only,d_to_e,d_only,0,153,0.0
population_double,16,domestic_only,d_to_e,e_only,0,153,0.0
population_double,16,domestic_only,d_to_e,simultaneous,0,153,0.0
population_double,16,domestic_only,d_to_e,d_to_e,0,153,0.0
population_double,16,domestic_only,d_to_e,e_to_d,0,153,0.0
population_double,16,domestic_only,e_to_d,none,0,153,0.0
population_double,16,domestic_only,e_to_d,d_only,0,153,0.0
population_double,16,domestic_only,e_to_d,e_only,0,153,0.0
population_double,16,domestic_only,e_to_d,simultaneous,0,153,0.0
population_double,16,domestic_only,e_to_d,d_to_e,0,153,0.0
population_double,16,domestic_only,e_to_d,e_to_d,0,153,0.0
population_double,16,customer_only,none,none,0,153,0.0
population_double,16,customer_only,none,d_only,76,153,0.49673202614379086
population_double,16,customer_only,none,e_only,0,153,0.0
population_double,16,customer_only,none,simultaneous,0,153,0.0
population_double,16,customer_only,none,d_to_e,0,153,0.0
population_double,16,customer_only,none,e_to_d,0,153,0.0
population_double,16,customer_only,d_only,none,0,153,0.0
population_double,16,customer_only,d_only,d_only,0,153,0.0
population_double,16,customer_only,d_only,e_only,0,153,0.0
population_double,16,customer_only,d_only,simultaneous,0,153,0.0
population_double,16,customer_only,d_only,d_to_e,0,153,0.0
population_double,16,customer_only,d_only,e_to_d,0,153,0.0
population_double,16,customer_only,e_only,none,0,153,0.0
population_double,16,customer_only,e_only,d_only,19,153,0.12418300653594772
population_double,16,customer_only,e_only,e_only,5,153,0.032679738562091505
population_double,16,customer_only,e_only,simultaneous,12,153,0.0784313725490196
population_double,16,customer_only,e_only,d_to_e,34,153,0.2222222222222222
population_double,16,customer_only,e_only,e_to_d,7,153,0.0457516339869281
population_double,16,customer_only,simultaneous,none,0,153,0.0
population_double,16,customer_only,simultaneous,d_only,0,153,0.0
population_double,16,customer_only,simultaneous,e_only,0,153,0.0
population_double,16,customer_only,simultaneous,simultaneous,0,153,0.0
population_double,16,customer_only,simultaneous,d_to_e,0,153,0.0
population_double,16,customer_only,simultaneous,e_to_d,0,153,0.0
population_double,16,customer_only,d_to_e,none,0,153,0.0
population_double,16,customer_only,d_to_e,d_only,0,153,0.0
population_double,16,customer_only,d_to_e,e_only,0,153,0.0
population_double,16,customer_only,d_to_e,simultaneous,0,153,0.0
population_double,16,customer_only,d_to_e,d_to_e,0,153,0.0
population_double,16,customer_only,d_to_e,e_to_d,0,153,0.0
population_double,16,customer_only,e_to_d,none,0,153,0.0
population_double,16,customer_only,e_to_d,d_only,0,153,0.0
population_double,16,customer_only,e_to_d,e_only,0,153,0.0
population_double,16,customer_only,e_to_d,simultaneous,0,153,0.0
population_double,16,customer_only,e_to_d,d_to_e,0,153,0.0
population_double,16,customer_only,e_to_d,e_to_d,0,153,0.0
population_double,17,domestic_only,none,none,0,153,0.0
population_double,17,domestic_only,none,d_only,0,153,0.0
population_double,17,domestic_only,none,e_only,0,153,0.0
population_double,17,domestic_only,none,simultaneous,0,153,0.0
population_double,17,domestic_only,none,d_to_e,0,153,0.0
population_double,17,domestic_only,none,e_to_d,0,153,0.0
population_double,17,domestic_only,d_only,none,0,153,0.0
population_double,17,domestic_only,d_only,d_only,90,153,0.5882352941176471
population_double,17,domestic_only,d_only,e_only,3,153,0.0196078431372549
population_double,17,domestic_only,d_only,simultaneous,10,153,0.06535947712418301
population_double,17,domestic_only,d_only,d_to_e,45,153,0.29411764705882354
population_double,17,domestic_only,d_only,e_to_d,5,153,0.032679738562091505
population_double,17,domestic_only,e_only,none,0,153,0.0
population_double,17,domestic_only,e_only,d_only,0,153,0.0
population_double,17,domestic_only,e_only,e_only,0,153,0.0
population_double,17,domestic_only,e_only,simultaneous,0,153,0.0
population_double,17,domestic_only,e_only,d_to_e,0,153,0.0
population_double,17,domestic_only,e_only,e_to_d,0,153,0.0
population_double,17,domestic_only,simultaneous,none,0,153,0.0
population_double,17,domestic_only,simultaneous,d_only,0,153,0.0
population_double,17,domestic_only,simultaneous,e_only,0,153,0.0
population_double,17,domestic_only,simultaneous,simultaneous,0,153,0.0
population_double,17,domestic_only,simultaneous,d_to_e,0,153,0.0
population_double,17,domestic_only,simultaneous,e_to_d,0,153,0.0
population_double,17,domestic_only,d_to_e,none,0,153,0.0
population_double,17,domestic_only,d_to_e,d_only,0,153,0.0
population_double,17,domestic_only,d_to_e,e_only,0,153,0.0
population_double,17,domestic_only,d_to_e,simultaneous,0,153,0.0
population_double,17,domestic_only,d_to_e,d_to_e,0,153,0.0
population_double,17,domestic_only,d_to_e,e_to_d,0,153,0.0
population_double,17,domestic_only,e_to_d,none,0,153,0.0
population_double,17,domestic_only,e_to_d,d_only,0,153,0.0
population_double,17,domestic_only,e_to_d,e_only,0,153,0.0
population_double,17,domestic_only,e_to_d,simultaneous,0,153,0.0
population_double,17,domestic_only,e_to_d,d_to_e,0,153,0.0
population_double,17,domestic_only,e_to_d,e_to_d,0,153,0.0
population_double,17,customer_only,none,none,0,153,0.0
population_double,17,customer_only,none,d_only,74,153,0.48366013071895425
population_double,17,customer_only,none,e_only,0,153,0.0
population_double,17,customer_only,none,simultaneous,0,153,0.0
population_double,17,customer_only,none,d_to_e,0,153,0.0
population_double,17,customer_only,none,e_to_d,0,153,0.0
population_double,17,customer_only,d_only,none,0,153,0.0
population_double,17,customer_only,d_only,d_only,0,153,0.0
population_double,17,customer_only,d_only,e_only,0,153,0.0
population_double,17,customer_only,d_only,simultaneous,0,153,0.0
population_double,17,customer_only,d_only,d_to_e,0,153,0.0
population_double,17,customer_only,d_only,e_to_d,0,153,0.0
population_double,17,customer_only,e_only,none,0,153,0.0
population_double,17,customer_only,e_only,d_only,16,153,0.10457516339869281
population_double,17,customer_only,e_only,e_only,3,153,0.0196078431372549
population_double,17,customer_only,e_only,simultaneous,10,153,0.06535947712418301
population_double,17,customer_only,e_only,d_to_e,45,153,0.29411764705882354
population_double,17,customer_only,e_only,e_to_d,5,153,0.032679738562091505
population_double,17,customer_only,simultaneous,none,0,153,0.0
population_double,17,customer_only,simultaneous,d_only,0,153,0.0
population_double,17,customer_only,simultaneous,e_only,0,153,0.0
population_double,17,customer_only,simultaneous,simultaneous,0,153,0.0
population_double,17,customer_only,simultaneous,d_to_e,0,153,0.0
population_double,17,customer_only,simultaneous,e_to_d,0,153,0.0
population_double,17,customer_only,d_to_e,none,0,153,0.0
population_double,17,customer_only,d_to_e,d_only,0,153,0.0
population_double,17,customer_only,d_to_e,e_only,0,153,0.0
population_double,17,customer_only,d_to_e,simultaneous,0,153,0.0
population_double,17,customer_only,d_to_e,d_to_e,0,153,0.0
population_double,17,customer_only,d_to_e,e_to_d,0,153,0.0
population_double,17,customer_only,e_to_d,none,0,153,0.0
population_double,17,customer_only,e_to_d,d_only,0,153,0.0
population_double,17,customer_only,e_to_d,e_only,0,153,0.0
population_double,17,customer_only,e_to_d,simultaneous,0,153,0.0
population_double,17,customer_only,e_to_d,d_to_e,0,153,0.0
population_double,17,customer_only,e_to_d,e_to_d,0,153,0.0
population_double,18,domestic_only,none,none,0,166,0.0
population_double,18,domestic_only,none,d_only,0,166,0.0
population_double,18,domestic_only,none,e_only,0,166,0.0
population_double,18,domestic_only,none,simultaneous,0,166,0.0
population_double,18,domestic_only,none,d_to_e,0,166,0.0
population_double,18,domestic_only,none,e_to_d,0,166,0.0
population_double,18,domestic_only,d_only,none,0,166,0.0
population_double,18,domestic_only,d_only,d_only,70,166,0.42168674698795183
population_double,18,domestic_only,d_only,e_only,3,166,0.018072289156626505
population_double,18,domestic_only,d_only,simultaneous,19,166,0.1144578313253012
population_double,18,domestic_only,d_only,d_to_e,58,166,0.3493975903614458
population_double,18,domestic_only,d_only,e_to_d,16,166,0.0963855421686747
population_double,18,domestic_only,e_only,none,0,166,0.0
population_double,18,domestic_only,e_only,d_only,0,166,0.0
population_double,18,domestic_only,e_only,e_only,0,166,0.0
population_double,18,domestic_only,e_only,simultaneous,0,166,0.0
population_double,18,domestic_only,e_only,d_to_e,0,166,0.0
population_double,18,domestic_only,e_only,e_to_d,0,166,0.0
population_double,18,domestic_only,simultaneous,none,0,166,0.0
population_double,18,domestic_only,simultaneous,d_only,0,166,0.0
population_double,18,domestic_only,simultaneous,e_only,0,166,0.0
population_double,18,domestic_only,simultaneous,simultaneous,0,166,0.0
population_double,18,domestic_only,simultaneous,d_to_e,0,166,0.0
population_double,18,domestic_only,simultaneous,e_to_d,0,166,0.0
population_double,18,domestic_only,d_to_e,none,0,166,0.0
population_double,18,domestic_only,d_to_e,d_only,0,166,0.0
population_double,18,domestic_only,d_to_e,e_only,0,166,0.0
population_double,18,domestic_only,d_to_e,simultaneous,0,166,0.0
population_double,18,domestic_only,d_to_e,d_to_e,0,166,0.0
population_double,18,domestic_only,d_to_e,e_to_d,0,166,0.0
population_double,18,domestic_only,e_to_d,none,0,166,0.0
population_double,18,domestic_only,e_to_d,d_only,0,166,0.0
population_double,18,domestic_only,e_to_d,e_only,0,166,0.0
population_double,18,domestic_only,e_to_d,simultaneous,0,166,0.0
population_double,18,domestic_only,e_to_d,d_to_e,0,166,0.0
population_double,18,domestic_only,e_to_d,e_to_d,0,166,0.0
population_double,18,customer_only,none,none,0,166,0.0
population_double,18,customer_only,none,d_only,24,166,0.14457831325301204
population_double,18,customer_only,none,e_only,0,166,0.0
population_double,18,customer_only,none,simultaneous,0,166,0.0
population_double,18,customer_only,none,d_to_e,1,166,0.006024096385542169
population_double,18,customer_only,none,e_to_d,0,166,0.0
population_double,18,customer_only,d_only,none,0,166,0.0
population_double,18,customer_only,d_only,d_only,0,166,0.0
population_double,18,customer_only,d_only,e_only,0,166,0.0
population_double,18,customer_only,d_only,simultaneous,0,166,0.0
population_double,18,customer_only,d_only,d_to_e,0,166,0.0
population_double,18,customer_only,d_only,e_to_d,0,166,0.0
population_double,18,customer_only,e_only,none,0,166,0.0
population_double,18,customer_only,e_only,d_only,46,166,0.27710843373493976
population_double,18,customer_only,e_only,e_only,3,166,0.018072289156626505
population_double,18,customer_only,e_only,simultaneous,19,166,0.1144578313253012
population_double,18,customer_only,e_only,d_to_e,57,166,0.3433734939759036
population_double,18,customer_only,e_only,e_to_d,16,166,0.0963855421686747
population_double,18,customer_only,simultaneous,none,0,166,0.0
population_double,18,customer_only,simultaneous,d_only,0,166,0.0
population_double,18,customer_only,simultaneous,e_only,0,166,0.0
population_double,18,customer_only,simultaneous,simultaneous,0,166,0.0
population_double,18,customer_only,simultaneous,d_to_e,0,166,0.0
population_double,18,customer_only,simultaneous,e_to_d,0,166,0.0
population_double,18,customer_only,d_to_e,none,0,166,0.0
population_double,18,customer_only,d_to_e,d_only,0,166,0.0
population_double,18,customer_only,d_to_e,e_only,0,166,0.0
population_double,18,customer_only,d_to_e,simultaneous,0,166,0.0
population_double,18,customer_only,d_to_e,d_to_e,0,166,0.0
population_double,18,customer_only,d_to_e,e_to_d,0,166,0.0
population_double,18,customer_only,e_to_d,none,0,166,0.0
population_double,18,customer_only,e_to_d,d_only,0,166,0.0
population_double,18,customer_only,e_to_d,e_only,0,166,0.0
population_double,18,customer_only,e_to_d,simultaneous,0,166,0.0
population_double,18,customer_only,e_to_d,d_to_e,0,166,0.0
population_double,18,customer_only,e_to_d,e_to_d,0,166,0.0
population_double,19,domestic_only,none,none,0,165,0.0
population_double,19,domestic_only,none,d_only,0,165,0.0
population_double,19,domestic_only,none,e_only,0,165,0.0
population_double,19,domestic_only,none,simultaneous,0,165,0.0
population_double,19,domestic_only,none,d_to_e,0,165,0.0
population_double,19,domestic_only,none,e_to_d,0,165,0.0
population_double,19,domestic_only,d_only,none,0,165,0.0
population_double,19,domestic_only,d_only,d_only,67,165,0.40606060606060607
population_double,19,domestic_only,d_only,e_only,2,165,0.012121212121212121
population_double,19,domestic_only,d_only,simultaneous,13,165,0.07878787878787878
population_double,19,domestic_only,d_only,d_to_e,73,165,0.44242424242424244
population_double,19,domestic_only,d_only,e_to_d,10,165,0.06060606060606061
population_double,19,domestic_only,e_only,none,0,165,0.0
population_double,19,domestic_only,e_only,d_only,0,165,0.0
population_double,19,domestic_only,e_only,e_only,0,165,0.0
population_double,19,domestic_only,e_only,simultaneous,0,165,0.0
population_double,19,domestic_only,e_only,d_to_e,0,165,0.0
population_double,19,domestic_only,e_only,e_to_d,0,165,0.0
population_double,19,domestic_only,simultaneous,none,0,165,0.0
population_double,19,domestic_only,simultaneous,d_only,0,165,0.0
population_double,19,domestic_only,simultaneous,e_only,0,165,0.0
population_double,19,domestic_only,simultaneous,simultaneous,0,165,0.0
population_double,19,domestic_only,simultaneous,d_to_e,0,165,0.0
population_double,19,domestic_only,simultaneous,e_to_d,0,165,0.0
population_double,19,domestic_only,d_to_e,none,0,165,0.0
population_double,19,domestic_only,d_to_e,d_only,0,165,0.0
population_double,19,domestic_only,d_to_e,e_only,0,165,0.0
population_double,19,domestic_only,d_to_e,simultaneous,0,165,0.0
population_double,19,domestic_only,d_to_e,d_to_e,0,165,0.0
population_double,19,domestic_only,d_to_e,e_to_d,0,165,0.0
population_double,19,domestic_only,e_to_d,none,0,165,0.0
population_double,19,domestic_only,e_to_d,d_only,0,165,0.0
population_double,19,domestic_only,e_to_d,e_only,0,165,0.0
population_double,19,domestic_only,e_to_d,simultaneous,0,165,0.0
population_double,19,domestic_only,e_to_d,d_to_e,0,165,0.0
population_double,19,domestic_only,e_to_d,e_to_d,0,165,0.0
population_double,19,customer_only,none,none,0,165,0.0
population_double,19,customer_only,none,d_only,23,165,0.1393939393939394
population_double,19,customer_only,none,e_only,0,165,0.0
population_double,19,customer_only,none,simultaneous,0,165,0.0
population_double,19,customer_only,none,d_to_e,0,165,0.0
population_double,19,customer_only,none,e_to_d,0,165,0.0
population_double,19,customer_only,d_only,none,0,165,0.0
population_double,19,customer_only,d_only,d_only,0,165,0.0
population_double,19,customer_only,d_only,e_only,0,165,0.0
population_double,19,customer_only,d_only,simultaneous,0,165,0.0
population_double,19,customer_only,d_only,d_to_e,0,165,0.0
population_double,19,customer_only,d_only,e_to_d,0,165,0.0
population_double,19,customer_only,e_only,none,0,165,0.0
population_double,19,customer_only,e_only,d_only,44,165,0.26666666666666666
population_double,19,customer_only,e_only,e_only,2,165,0.012121212121212121
population_double,19,customer_only,e_only,simultaneous,13,165,0.07878787878787878
population_double,19,customer_only,e_only,d_to_e,73,165,0.44242424242424244
population_double,19,customer_only,e_only,e_to_d,10,165,0.06060606060606061
population_double,19,customer_only,simultaneous,none,0,165,0.0
population_double,19,customer_only,simultaneous,d_only,0,165,0.0
population_double,19,customer_only,simultaneous,e_only,0,165,0.0
population_double,19,customer_only,simultaneous,simultaneous,0,165,0.0
population_double,19,customer_only,simultaneous,d_to_e,0,165,0.0
population_double,19,customer_only,simultaneous,e_to_d,0,165,0.0
population_double,19,customer_only,d_to_e,none,0,165,0.0
population_double,19,customer_only,d_to_e,d_only,0,165,0.0
population_double,19,customer_only,d_to_e,e_only,0,165,0.0
population_double,19,customer_only,d_to_e,simultaneous,0,165,0.0
population_double,19,customer_only,d_to_e,d_to_e,0,165,0.0
population_double,19,customer_only,d_to_e,e_to_d,0,165,0.0
population_double,19,customer_only,e_to_d,none,0,165,0.0
population_double,19,customer_only,e_to_d,d_only,0,165,0.0
population_double,19,customer_only,e_to_d,e_only,0,165,0.0
population_double,19,customer_only,e_to_d,simultaneous,0,165,0.0
population_double,19,customer_only,e_to_d,d_to_e,0,165,0.0
population_double,19,customer_only,e_to_d,e_to_d,0,165,0.0
horizon_double,0,domestic_only,none,none,0,69,0.0
horizon_double,0,domestic_only,none,d_only,0,69,0.0
horizon_double,0,domestic_only,none,e_only,0,69,0.0
horizon_double,0,domestic_only,none,simultaneous,0,69,0.0
horizon_double,0,domestic_only,none,d_to_e,0,69,0.0
horizon_double,0,domestic_only,none,e_to_d,0,69,0.0
horizon_double,0,domestic_only,d_only,none,0,69,0.0
horizon_double,0,domestic_only,d_only,d_only,32,69,0.463768115942029
horizon_double,0,domestic_only,d_only,e_only,0,69,0.0
horizon_double,0,domestic_only,d_only,simultaneous,7,69,0.10144927536231885
horizon_double,0,domestic_only,d_only,d_to_e,24,69,0.34782608695652173
horizon_double,0,domestic_only,d_only,e_to_d,6,69,0.08695652173913043
horizon_double,0,domestic_only,e_only,none,0,69,0.0
horizon_double,0,domestic_only,e_only,d_only,0,69,0.0
horizon_double,0,domestic_only,e_only,e_only,0,69,0.0
horizon_double,0,domestic_only,e_only,simultaneous,0,69,0.0
horizon_double,0,domestic_only,e_only,d_to_e,0,69,0.0
horizon_double,0,domestic_only,e_only,e_to_d,0,69,0.0
horizon_double,0,domestic_only,simultaneous,none,0,69,0.0
horizon_double,0,domestic_only,simultaneous,d_only,0,69,0.0
horizon_double,0,domestic_only,simultaneous,e_only,0,69,0.0
horizon_double,0,domestic_only,simultaneous,simultaneous,0,69,0.0
horizon_double,0,domestic_only,simultaneous,d_to_e,0,69,0.0
horizon_double,0,domestic_only,simultaneous,e_to_d,0,69,0.0
horizon_double,0,domestic_only,d_to_e,none,0,69,0.0
horizon_double,0,domestic_only,d_to_e,d_only,0,69,0.0
horizon_double,0,domestic_only,d_to_e,e_only,0,69,0.0
horizon_double,0,domestic_only,d_to_e,simultaneous,0,69,0.0
horizon_double,0,domestic_only,d_to_e,d_to_e,0,69,0.0
horizon_double,0,domestic_only,d_to_e,e_to_d,0,69,0.0
horizon_double,0,domestic_only,e_to_d,none,0,69,0.0
horizon_double,0,domestic_only,e_to_d,d_only,0,69,0.0
horizon_double,0,domestic_only,e_to_d,e_only,0,69,0.0
horizon_double,0,domestic_only,e_to_d,simultaneous,0,69,0.0
horizon_double,0,domestic_only,e_to_d,d_to_e,0,69,0.0
horizon_double,0,domestic_only,e_to_d,e_to_d,0,69,0.0
horizon_double,0,customer_only,none,none,0,69,0.0
horizon_double,0,customer_only,none,d_only,15,69,0.21739130434782608
horizon_double,0,customer_only,none,e_only,0,69,0.0
horizon_double,0,customer_only,none,simultaneous,0,69,0.0
horizon_double,0,customer_only,none,d_to_e,0,69,0.0
horizon_double,0,customer_only,none,e_to_d,0,69,0.0
horizon_double,0,customer_only,d_only,none,0,69,0.0
horizon_double,0,customer_only,d_only,d_only,0,69,0.0
horizon_double,0,customer_only,d_only,e_only,0,69,0.0
horizon_double,0,customer_only,d_only,simultaneous,0,69,0.0
horizon_double,0,customer_only,d_only,d_to_e,0,69,0.0
horizon_double,0,customer_only,d_only,e_to_d,0,69,0.0
horizon_double,0,customer_only,e_only,none,0,69,0.0
horizon_double,0,customer_only,e_only,d_only,17,69,0.2463768115942029
horizon_double,0,customer_only,e_only,e_only,0,69,0.0
horizon_double,0,customer_only,e_only,simultaneous,7,69,0.10144927536231885
horizon_double,0,customer_only,e_only,d_to_e,24,69,0.34782608695652173
horizon_double,0,customer_only,e_only,e_to_d,6,69,0.08695652173913043
horizon_double,0,customer_only,simultaneous,none,0,69,0.0
horizon_double,0,customer_only,simultaneous,d_only,0,69,0.0
horizon_double,0,customer_only,simultaneous,e_only,0,69,0.0
horizon_double,0,customer_only,simultaneous,simultaneous,0,69,0.0
horizon_double,0,customer_only,simultaneous,d_to_e,0,69,0.0
horizon_double,0,customer_only,simultaneous,e_to_d,0,69,0.0
horizon_double,0,customer_only,d_to_e,none,0,69,0.0
horizon_double,0,customer_only,d_to_e,d_only,0,69,0.0
horizon_double,0,customer_only,d_to_e,e_only,0,69,0.0
horizon_double,0,customer_only,d_to_e,simultaneous,0,69,0.0
horizon_double,0,customer_only,d_to_e,d_to_e,0,69,0.0
horizon_double,0,customer_only,d_to_e,e_to_d,0,69,0.0
horizon_double,0,customer_only,e_to_d,none,0,69,0.0
horizon_double,0,customer_only,e_to_d,d_only,0,69,0.0
horizon_double,0,customer_only,e_to_d,e_only,0,69,0.0
horizon_double,0,customer_only,e_to_d,simultaneous,0,69,0.0
horizon_double,0,customer_only,e_to_d,d_to_e,0,69,0.0
horizon_double,0,customer_only,e_to_d,e_to_d,0,69,0.0
horizon_double,1,domestic_only,none,none,0,81,0.0
horizon_double,1,domestic_only,none,d_only,0,81,0.0
horizon_double,1,domestic_only,none,e_only,0,81,0.0
horizon_double,1,domestic_only,none,simultaneous,0,81,0.0
horizon_double,1,domestic_only,none,d_to_e,0,81,0.0
horizon_double,1,domestic_only,none,e_to_d,0,81,0.0
horizon_double,1,domestic_only,d_only,none,0,81,0.0
horizon_double,1,domestic_only,d_only,d_only,35,81,0.43209876543209874
horizon_double,1,domestic_only,d_only,e_only,1,81,0.012345679012345678
horizon_double,1,domestic_only,d_only,simultaneous,14,81,0.1728395061728395
horizon_double,1,domestic_only,d_only,d_to_e,29,81,0.35802469135802467
horizon_double,1,domestic_only,d_only,e_to_d,2,81,0.024691358024691357
horizon_double,1,domestic_only,e_only,none,0,81,0.0
horizon_double,1,domestic_only,e_only,d_only,0,81,0.0
horizon_double,1,domestic_only,e_only,e_only,0,81,0.0
horizon_double,1,domestic_only,e_only,simultaneous,0,81,0.0
horizon_double,1,domestic_only,e_only,d_to_e,0,81,0.0
horizon_double,1,domestic_only,e_only,e_to_d,0,81,0.0
horizon_double,1,domestic_only,simultaneous,none,0,81,0.0
horizon_double,1,domestic_only,simultaneous,d_only,0,81,0.0
horizon_double,1,domestic_only,simultaneous,e_only,0,81,0.0
horizon_double,1,domestic_only,simultaneous,simultaneous,0,81,0.0
horizon_double,1,domestic_only,simultaneous,d_to_e,0,81,0.0
horizon_double,1,domestic_only,simultaneous,e_to_d,0,81,0.0
horizon_double,1,domestic_only,d_to_e,none,0,81,0.0
horizon_double,1,domestic_only,d_to_e,d_only,0,81,0.0
horizon_double,1,domestic_only,d_to_e,e_only,0,81,0.0
horizon_double,1,domestic_only,d_to_e,simultaneous,0,81,0.0
horizon_double,1,domestic_only,d_to_e,d_to_e,0,81,0.0
horizon_double,1,domestic_only,d_to_e,e_to_d,0,81,0.0
horizon_double,1,domestic_only,e_to_d,none,0,81,0.0
horizon_double,1,domestic_only,e_to_d,d_only,0,81,0.0
horizon_double,1,domestic_only,e_to_d,e_only,0,81,0.0
horizon_double,1,domestic_only,e_to_d,simultaneous,0,81,0.0
horizon_double,1,domestic_only,e_to_d,d_to_e,0,81,0.0
horizon_double,1,domestic_only,e_to_d,e_to_d,0,81,0.0
horizon_double,1,customer_only,none,none,0,81,0.0
horizon_double,1,customer_only,none,d_only,22,81,0.2716049382716049
horizon_double,1,customer_only,none,e_only,0,81,0.0
horizon_double,1,customer_only,none,simultaneous,0,81,0.0
horizon_double,1,customer_only,none,d_to_e,0,81,0.0
horizon_double,1,customer_only,none,e_to_d,0,81,0.0
horizon_double,1,customer_only,d_only,none,0,81,0.0
horizon_double,1,customer_only,d_only,d_only,0,81,0.0
horizon_double,1,customer_only,d_only,e_only,0,81,0.0
horizon_double,1,customer_only,d_only,simultaneous,0,81,0.0
horizon_double,1,customer_only,d_only,d_to_e,0,81,0.0
horizon_double,1,customer_only,d_only,e_to_d,0,81,0.0
horizon_double,1,customer_only,e_only,none,0,81,0.0
horizon_double,1,customer_only,e_only,d_only,13,81,0.16049382716049382
horizon_double,1,customer_only,e_only,e_only,1,81,0.012345679012345678
horizon_double,1,customer_only,e_only,simultaneous,14,81,0.1728395061728395
horizon_double,1,customer_only,e_only,d_to_e,29,81,0.35802469135802467
horizon_double,1,customer_only,e_only,e_to_d,2,81,0.024691358024691357
horizon_double,1,customer_only,simultaneous,none,0,81,0.0
horizon_double,1,customer_only,simultaneous,d_only,0,81,0.0
horizon_double,1,customer_only,simultaneous,e_only,0,81,0.0
horizon_double,1,customer_only,simultaneous,simultaneous,0,81,0.0
horizon_double,1,customer_only,simultaneous,d_to_e,0,81,0.0
horizon_double,1,customer_only,simultaneous,e_to_d,0,81,0.0
horizon_double,1,customer_only,d_to_e,none,0,81,0.0
horizon_double,1,customer_only,d_to_e,d_only,0,81,0.0
horizon_double,1,customer_only,d_to_e,e_only,0,81,0.0
horizon_double,1,customer_only,d_to_e,simultaneous,0,81,0.0
horizon_double,1,customer_only,d_to_e,d_to_e,0,81,0.0
horizon_double,1,customer_only,d_to_e,e_to_d,0,81,0.0
horizon_double,1,customer_only,e_to_d,none,0,81,0.0
horizon_double,1,customer_only,e_to_d,d_only,0,81,0.0
horizon_double,1,customer_only,e_to_d,e_only,0,81,0.0
horizon_double,1,customer_only,e_to_d,simultaneous,0,81,0.0
horizon_double,1,customer_only,e_to_d,d_to_e,0,81,0.0
horizon_double,1,customer_only,e_to_d,e_to_d,0,81,0.0
horizon_double,2,domestic_only,none,none,0,75,0.0
horizon_double,2,domestic_only,none,d_only,0,75,0.0
horizon_double,2,domestic_only,none,e_only,0,75,0.0
horizon_double,2,domestic_only,none,simultaneous,0,75,0.0
horizon_double,2,domestic_only,none,d_to_e,0,75,0.0
horizon_double,2,domestic_only,none,e_to_d,0,75,0.0
horizon_double,2,domestic_only,d_only,none,0,75,0.0
horizon_double,2,domestic_only,d_only,d_only,41,75,0.5466666666666666
horizon_double,2,domestic_only,d_only,e_only,0,75,0.0
horizon_double,2,domestic_only,d_only,simultaneous,10,75,0.13333333333333333
horizon_double,2,domestic_only,d_only,d_to_e,20,75,0.26666666666666666
horizon_double,2,domestic_only,d_only,e_to_d,4,75,0.05333333333333334
horizon_double,2,domestic_only,e_only,none,0,75,0.0
horizon_double,2,domestic_only,e_only,d_only,0,75,0.0
horizon_double,2,domestic_only,e_only,e_only,0,75,0.0
horizon_double,2,domestic_only,e_only,simultaneous,0,75,0.0
horizon_double,2,domestic_only,e_only,d_to_e,0,75,0.0
horizon_double,2,domestic_only,e_only,e_to_d,0,75,0.0
horizon_double,2,domestic_only,simultaneous,none,0,75,0.0
horizon_double,2,domestic_only,simultaneous,d_only,0,75,0.0
horizon_double,2,domestic_only,simultaneous,e_only,0,75,0.0
horizon_double,2,domestic_only,simultaneous,simultaneous,0,75,0.0
horizon_double,2,domestic_only,simultaneous,d_to_e,0,75,0.0
horizon_double,2,domestic_only,simultaneous,e_to_d,0,75,0.0
horizon_double,2,domestic_only,d_to_e,none,0,75,0.0
horizon_double,2,domestic_only,d_to_e,d_only,0,75,0.0
horizon_double,2,domestic_only,d_to_e,e_only,0,75,0.0
horizon_double,2,domestic_only,d_to_e,simultaneous,0,75,0.0
horizon_double,2,domestic_only,d_to_e,d_to_e,0,75,0.0
horizon_double,2,domestic_only,d_to_e,e_to_d,0,75,0.0
horizon_double,2,domestic_only,e_to_d,none,0,75,0.0
horizon_double,2,domestic_only,e_to_d,d_only,0,75,0.0
horizon_double,2,domestic_only,e_to_d,e_only,0,75,0.0
horizon_double,2,domestic_only,e_to_d,simultaneous,0,75,0.0
horizon_double,2,domestic_only,e_to_d,d_to_e,0,75,0.0
horizon_double,2,domestic_only,e_to_d,e_to_d,0,75,0.0
horizon_double,2,customer_only,none,none,0,75,0.0
horizon_double,2,customer_only,none,d_only,27,75,0.36
horizon_double,2,customer_only,none,e_only,0,75,0.0
horizon_double,2,customer_only,none,simultaneous,0,75,0.0
horizon_double,2,customer_only,none,d_to_e,1,75,0.013333333333333334
horizon_double,2,customer_only,none,e_to_d,0,75,0.0
horizon_double,2,customer_only,d_only,none,0,75,0.0
horizon_double,2,customer_only,d_only,d_only,0,75,0.0
horizon_double,2,customer_only,d_only,e_only,0,75,0.0
horizon_double,2,customer_only,d_only,simultaneous,0,75,0.0
horizon_double,2,customer_only,d_only,d_to_e,0,75,0.0
horizon_double,2,customer_only,d_only,e_to_d,0,75,0.0
horizon_double,2,customer_only,e_only,none,0,75,0.0
horizon_double,2,customer_only,e_only,d_only,14,75,0.18666666666666668
horizon_double,2,customer_only,e_only,e_only,0,75,0.0
horizon_double,2,customer_only,e_only,simultaneous,10,75,0.13333333333333333
horizon_double,2,customer_only,e_only,d_to_e,19,75,0.25333333333333335
horizon_double,2,customer_only,e_only,e_to_d,4,75,0.05333333333333334
horizon_double,2,customer_only,simultaneous,none,0,75,0.0
horizon_double,2,customer_only,simultaneous,d_only,0,75,0.0
horizon_double,2,customer_only,simultaneous,e_only,0,75,0.0
horizon_double,2,customer_only,simultaneous,simultaneous,0,75,0.0
horizon_double,2,customer_only,simultaneous,d_to_e,0,75,0.0
horizon_double,2,customer_only,simultaneous,e_to_d,0,75,0.0
horizon_double,2,customer_only,d_to_e,none,0,75,0.0
horizon_double,2,customer_only,d_to_e,d_only,0,75,0.0
horizon_double,2,customer_only,d_to_e,e_only,0,75,0.0
horizon_double,2,customer_only,d_to_e,simultaneous,0,75,0.0
horizon_double,2,customer_only,d_to_e,d_to_e,0,75,0.0
horizon_double,2,customer_only,d_to_e,e_to_d,0,75,0.0
horizon_double,2,customer_only,e_to_d,none,0,75,0.0
horizon_double,2,customer_only,e_to_d,d_only,0,75,0.0
horizon_double,2,customer_only,e_to_d,e_only,0,75,0.0
horizon_double,2,customer_only,e_to_d,simultaneous,0,75,0.0
horizon_double,2,customer_only,e_to_d,d_to_e,0,75,0.0
horizon_double,2,customer_only,e_to_d,e_to_d,0,75,0.0
horizon_double,3,domestic_only,none,none,0,84,0.0
horizon_double,3,domestic_only,none,d_only,0,84,0.0
horizon_double,3,domestic_only,none,e_only,0,84,0.0
horizon_double,3,domestic_only,none,simultaneous,0,84,0.0
horizon_double,3,domestic_only,none,d_to_e,0,84,0.0
horizon_double,3,domestic_only,none,e_to_d,0,84,0.0
horizon_double,3,domestic_only,d_only,none,0,84,0.0
horizon_double,3,domestic_only,d_only,d_only,43,84,0.5119047619047619
horizon_double,3,domestic_only,d_only,e_only,4,84,0.047619047619047616
horizon_double,3,domestic_only,d_only,simultaneous,6,84,0.07142857142857142
horizon_double,3,domestic_only,d_only,d_to_e,29,84,0.34523809523809523
horizon_double,3,domestic_only,d_only,e_to_d,2,84,0.023809523809523808
horizon_double,3,domestic_only,e_only,none,0,84,0.0
horizon_double,3,domestic_only,e_only,d_only,0,84,0.0
horizon_double,3,domestic_only,e_only,e_only,0,84,0.0
horizon_double,3,domestic_only,e_only,simultaneous,0,84,0.0
horizon_double,3,domestic_only,e_only,d_to_e,0,84,0.0
horizon_double,3,domestic_only,e_only,e_to_d,0,84,0.0
horizon_double,3,domestic_only,simultaneous,none,0,84,0.0
horizon_double,3,domestic_only,simultaneous,d_only,0,84,0.0
horizon_double,3,domestic_only,simultaneous,e_only,0,84,0.0
horizon_double,3,domestic_only,simultaneous,simultaneous,0,84,0.0
horizon_double,3,domestic_only,simultaneous,d_to_e,0,84,0.0
horizon_double,3,domestic_only,simultaneous,e_to_d,0,84,0.0
horizon_double,3,domestic_only,d_to_e,none,0,84,0.0
horizon_double,3,domestic_only,d_to_e,d_only,0,84,0.0
horizon_double,3,domestic_only,d_to_e,e_only,0,84,0.0
horizon_double,3,domestic_only,d_to_e,simultaneous,0,84,0.0
horizon_double,3,domestic_only,d_to_e,d_to_e,0,84,0.0
horizon_double,3,domestic_only,d_to_e,e_to_d,0,84,0.0
horizon_double,3,domestic_only,e_to_d,none,0,84,0.0
horizon_double,3,domestic_only,e_to_d,d_only,0,84,0.0
horizon_double,3,domestic_only,e_to_d,e_only,0,84,0.0
horizon_double,3,domestic_only,e_to_d,simultaneous,0,84,0.0
horizon_double,3,domestic_only,e_to_d,d_to_e,0,84,0.0
horizon_double,3,domestic_only,e_to_d,e_to_d,0,84,0.0
horizon_double,3,customer_only,none,none,0,84,0.0
horizon_double,3,customer_only,none,d_only,28,84,0.3333333333333333
horizon_double,3,customer_only,none,e_only,0,84,0.0
horizon_double,3,customer_only,none,simultaneous,0,84,0.0
horizon_double,3,customer_only,none,d_to_e,0,84,0.0
horizon_double,3,customer_only,none,e_to_d,0,84,0.0
horizon_double,3,customer_only,d_only,none,0,84,0.0
horizon_double,3,customer_only,d_only,d_only,0,84,0.0
horizon_double,3,customer_only,d_only,e_only,0,84,0.0
horizon_double,3,customer_only,d_only,simultaneous,0,84,0.0
horizon_double,3,customer_only,d_only,d_to_e,0,84,0.0
horizon_double,3,customer_only,d_only,e_to_d,0,84,0.0
horizon_double,3,customer_only,e_only,none,0,84,0.0
horizon_double,3,customer_only,e_only,d_only,15,84,0.17857142857142858
horizon_double,3,customer_only,e_only,e_only,4,84,0.047619047619047616
horizon_double,3,customer_only,e_only,simultaneous,6,84,0.07142857142857142
horizon_double,3,customer_only,e_only,d_to_e,29,84,0.34523809523809523
horizon_double,3,customer_only,e_only,e_to_d,2,84,0.023809523809523808
horizon_double,3,customer_only,simultaneous,none,0,84,0.0
horizon_double,3,customer_only,simultaneous,d_only,0,84,0.0
horizon_double,3,customer_only,simultaneous,e_only,0,84,0.0
horizon_double,3,customer_only,simultaneous,simultaneous,0,84,0.0
horizon_double,3,customer_only,simultaneous,d_to_e,0,84,0.0
horizon_double,3,customer_only,simultaneous,e_to_d,0,84,0.0
horizon_double,3,customer_only,d_to_e,none,0,84,0.0
horizon_double,3,customer_only,d_to_e,d_only,0,84,0.0
horizon_double,3,customer_only,d_to_e,e_only,0,84,0.0
horizon_double,3,customer_only,d_to_e,simultaneous,0,84,0.0
horizon_double,3,customer_only,d_to_e,d_to_e,0,84,0.0
horizon_double,3,customer_only,d_to_e,e_to_d,0,84,0.0
horizon_double,3,customer_only,e_to_d,none,0,84,0.0
horizon_double,3,customer_only,e_to_d,d_only,0,84,0.0
horizon_double,3,customer_only,e_to_d,e_only,0,84,0.0
horizon_double,3,customer_only,e_to_d,simultaneous,0,84,0.0
horizon_double,3,customer_only,e_to_d,d_to_e,0,84,0.0
horizon_double,3,customer_only,e_to_d,e_to_d,0,84,0.0
horizon_double,4,domestic_only,none,none,0,82,0.0
horizon_double,4,domestic_only,none,d_only,0,82,0.0
horizon_double,4,domestic_only,none,e_only,0,82,0.0
horizon_double,4,domestic_only,none,simultaneous,0,82,0.0
horizon_double,4,domestic_only,none,d_to_e,0,82,0.0
horizon_double,4,domestic_only,none,e_to_d,0,82,0.0
horizon_double,4,domestic_only,d_only,none,0,82,0.0
horizon_double,4,domestic_only,d_only,d_only,52,82,0.6341463414634146
horizon_double,4,domestic_only,d_only,e_only,2,82,0.024390243902439025
horizon_double,4,domestic_only,d_only,simultaneous,5,82,0.06097560975609756
horizon_double,4,domestic_only,d_only,d_to_e,19,82,0.23170731707317074
horizon_double,4,domestic_only,d_only,e_to_d,4,82,0.04878048780487805
horizon_double,4,domestic_only,e_only,none,0,82,0.0
horizon_double,4,domestic_only,e_only,d_only,0,82,0.0
horizon_double,4,domestic_only,e_only,e_only,0,82,0.0
horizon_double,4,domestic_only,e_only,simultaneous,0,82,0.0
horizon_double,4,domestic_only,e_only,d_to_e,0,82,0.0
horizon_double,4,domestic_only,e_only,e_to_d,0,82,0.0
horizon_double,4,domestic_only,simultaneous,none,0,82,0.0
horizon_double,4,domestic_only,simultaneous,d_only,0,82,0.0
horizon_double,4,domestic_only,simultaneous,e_only,0,82,0.0
horizon_double,4,domestic_only,simultaneous,simultaneous,0,82,0.0
horizon_double,4,domestic_only,simultaneous,d_to_e,0,82,0.0
horizon_double,4,domestic_only,simultaneous,e_to_d,0,82,0.0
horizon_double,4,domestic_only,d_to_e,none,0,82,0.0
horizon_double,4,domestic_only,d_to_e,d_only,0,82,0.0
horizon_double,4,domestic_only,d_to_e,e_only,0,82,0.0
horizon_double,4,domestic_only,d_to_e,simultaneous,0,82,0.0
horizon_double,4,domestic_only,d_to_e,d_to_e,0,82,0.0
horizon_double,4,domestic_only,d_to_e,e_to_d,0,82,0.0
horizon_double,4,domestic_only,e_to_d,none,0,82,0.0
horizon_double,4,domestic_only,e_to_d,d_only,0,82,0.0
horizon_double,4,domestic_only,e_to_d,e_only,0,82,0.0
horizon_double,4,domestic_only,e_to_d,simultaneous,0,82,0.0
horizon_double,4,domestic_only,e_to_d,d_to_e,0,82,0.0
horizon_double,4,domestic_only,e_to_d,e_to_d,0,82,0.0
horizon_double,4,customer_only,none,none,0,82,0.0
horizon_double,4,customer_only,none,d_only,45,82,0.5487804878048781
horizon_double,4,customer_only,none,e_only,0,82,0.0
horizon_double,4,customer_only,none,simultaneous,0,82,0.0
horizon_double,4,customer_only,none,d_to_e,0,82,0.0
horizon_double,4,customer_only,none,e_to_d,0,82,0.0
horizon_double,4,customer_only,d_only,none,0,82,0.0
horizon_double,4,customer_only,d_only,d_only,0,82,0.0
horizon_double,4,customer_only,d_only,e_only,0,82,0.0
horizon_double,4,customer_only,d_only,simultaneous,0,82,0.0
horizon_double,4,customer_only,d_only,d_to_e,0,82,0.0
horizon_double,4,customer_only,d_only,e_to_d,0,82,0.0
horizon_double,4,customer_only,e_only,none,0,82,0.0
horizon_double,4,customer_only,e_only,d_only,7,82,0.08536585365853659
horizon_double,4,customer_only,e_only,e_only,2,82,0.024390243902439025
horizon_double,4,customer_only,e_only,simultaneous,5,82,0.06097560975609756
horizon_double,4,customer_only,e_only,d_to_e,19,82,0.23170731707317074
horizon_double,4,customer_only,e_only,e_to_d,4,82,0.04878048780487805
horizon_double,4,customer_only,simultaneous,none,0,82,0.0
horizon_double,4,customer_only,simultaneous,d_only,0,82,0.0
horizon_double,4,customer_only,simultaneous,e_only,0,82,0.0
horizon_double,4,customer_only,simultaneous,simultaneous,0,82,0.0
horizon_double,4,customer_only,simultaneous,d_to_e,0,82,0.0
horizon_double,4,customer_only,simultaneous,e_to_d,0,82,0.0
horizon_double,4,customer_only,d_to_e,none,0,82,0.0
horizon_double,4,customer_only,d_to_e,d_only,0,82,0.0
horizon_double,4,customer_only,d_to_e,e_only,0,82,0.0
horizon_double,4,customer_only,d_to_e,simultaneous,0,82,0.0
horizon_double,4,customer_only,d_to_e,d_to_e,0,82,0.0
horizon_double,4,customer_only,d_to_e,e_to_d,0,82,0.0
horizon_double,4,customer_only,e_to_d,none,0,82,0.0
horizon_double,4,customer_only,e_to_d,d_only,0,82,0.0
horizon_double,4,customer_only,e_to_d,e_only,0,82,0.0
horizon_double,4,customer_only,e_to_d,simultaneous,0,82,0.0
horizon_double,4,customer_only,e_to_d,d_to_e,0,82,0.0
horizon_double,4,customer_only,e_to_d,e_to_d,0,82,0.0
horizon_double,5,domestic_only,none,none,0,85,0.0
horizon_double,5,domestic_only,none,d_only,0,85,0.0
horizon_double,5,domestic_only,none,e_only,0,85,0.0
horizon_double,5,domestic_only,none,simultaneous,0,85,0.0
horizon_double,5,domestic_only,none,d_to_e,0,85,0.0
horizon_double,5,domestic_only,none,e_to_d,0,85,0.0
horizon_double,5,domestic_only,d_only,none,0,85,0.0
horizon_double,5,domestic_only,d_only,d_only,46,85,0.5411764705882353
horizon_double,5,domestic_only,d_only,e_only,1,85,0.011764705882352941
horizon_double,5,domestic_only,d_only,simultaneous,6,85,0.07058823529411765
horizon_double,5,domestic_only,d_only,d_to_e,25,85,0.29411764705882354
horizon_double,5,domestic_only,d_only,e_to_d,7,85,0.08235294117647059
horizon_double,5,domestic_only,e_only,none,0,85,0.0
horizon_double,5,domestic_only,e_only,d_only,0,85,0.0
horizon_double,5,domestic_only,e_only,e_only,0,85,0.0
horizon_double,5,domestic_only,e_only,simultaneous,0,85,0.0
horizon_double,5,domestic_only,e_only,d_to_e,0,85,0.0
horizon_double,5,domestic_only,e_only,e_to_d,0,85,0.0
horizon_double,5,domestic_only,simultaneous,none,0,85,0.0
horizon_double,5,domestic_only,simultaneous,d_only,0,85,0.0
horizon_double,5,domestic_only,simultaneous,e_only,0,85,0.0
horizon_double,5,domestic_only,simultaneous,simultaneous,0,85,0.0
horizon_double,5,domestic_only,simultaneous,d_to_e,0,85,0.0
horizon_double,5,domestic_only,simultaneous,e_to_d,0,85,0.0
horizon_double,5,domestic_only,d_to_e,none,0,85,0.0
horizon_double,5,domestic_only,d_to_e,d_only,0,85,0.0
horizon_double,5,domestic_only,d_to_e,e_only,0,85,0.0
horizon_double,5,domestic_only,d_to_e,simultaneous,0,85,0.0
horizon_double,5,domestic_only,d_to_e,d_to_e,0,85,0.0
horizon_double,5,domestic_only,d_to_e,e_to_d,0,85,0.0
horizon_double,5,domestic_only,e_to_d,none,0,85,0.0
horizon_double,5,domestic_only,e_to_d,d_only,0,85,0.0
horizon_double,5,domestic_only,e_to_d,e_only,0,85,0.0
horizon_double,5,domestic_only,e_to_d,simultaneous,0,85,0.0
horizon_double,5,domestic_only,e_to_d,d_to_e,0,85,0.0
horizon_double,5,domestic_only,e_to_d,e_to_d,0,85,0.0
horizon_double,5,customer_only,none,none,0,85,0.0
horizon_double,5,customer_only,none,d_only,32,85,0.3764705882352941
horizon_double,5,customer_only,none,e_only,0,85,0.0
horizon_double,5,customer_only,none,simultaneous,0,85,0.0
horizon_double,5,customer_only,none,d_to_e,0,85,0.0
horizon_double,5,customer_only,none,e_to_d,0,85,0.0
horizon_double,5,customer_only,d_only,none,0,85,0.0
horizon_double,5,customer_only,d_only,d_only,0,85,0.0
horizon_double,5,customer_only,d_only,e_only,0,85,0.0
horizon_double,5,customer_only,d_only,simultaneous,0,85,0.0
horizon_double,5,customer_only,d_only,d_to_e,0,85,0.0
horizon_double,5,customer_only,d_only,e_to_d,0,85,0.0
horizon_double,5,customer_only,e_only,none,0,85,0.0
horizon_double,5,customer_only,e_only,d_only,14,85,0.16470588235294117
horizon_double,5,customer_only,e_only,e_only,1,85,0.011764705882352941
horizon_double,5,customer_only,e_only,simultaneous,6,85,0.07058823529411765
horizon_double,5,customer_only,e_only,d_to_e,25,85,0.29411764705882354
horizon_double,5,customer_only,e_only,e_to_d,7,85,0.08235294117647059
horizon_double,5,customer_only,simultaneous,none,0,85,0.0
horizon_double,5,customer_only,simultaneous,d_only,0,85,0.0
horizon_double,5,customer_only,simultaneous,e_only,0,85,0.0
horizon_double,5,customer_only,simultaneous,simultaneous,0,85,0.0
horizon_double,5,customer_only,simultaneous,d_to_e,0,85,0.0
horizon_double,5,customer_only,simultaneous,e_to_d,0,85,0.0
horizon_double,5,customer_only,d_to_e,none,0,85,0.0
horizon_double,5,customer_only,d_to_e,d_only,0,85,0.0
horizon_double,5,customer_only,d_to_e,e_only,0,85,0.0
horizon_double,5,customer_only,d_to_e,simultaneous,0,85,0.0
horizon_double,5,customer_only,d_to_e,d_to_e,0,85,0.0
horizon_double,5,customer_only,d_to_e,e_to_d,0,85,0.0
horizon_double,5,customer_only,e_to_d,none,0,85,0.0
horizon_double,5,customer_only,e_to_d,d_only,0,85,0.0
horizon_double,5,customer_only,e_to_d,e_only,0,85,0.0
horizon_double,5,customer_only,e_to_d,simultaneous,0,85,0.0
horizon_double,5,customer_only,e_to_d,d_to_e,0,85,0.0
horizon_double,5,customer_only,e_to_d,e_to_d,0,85,0.0
horizon_double,6,domestic_only,none,none,0,86,0.0
horizon_double,6,domestic_only,none,d_only,0,86,0.0
horizon_double,6,domestic_only,none,e_only,0,86,0.0
horizon_double,6,domestic_only,none,simultaneous,0,86,0.0
horizon_double,6,domestic_only,none,d_to_e,0,86,0.0
horizon_double,6,domestic_only,none,e_to_d,0,86,0.0
horizon_double,6,domestic_only,d_only,none,0,86,0.0
horizon_double,6,domestic_only,d_only,d_only,48,86,0.5581395348837209
horizon_double,6,domestic_only,d_only,e_only,1,86,0.011627906976744186
horizon_double,6,domestic_only,d_only,simultaneous,5,86,0.05813953488372093
horizon_double,6,domestic_only,d_only,d_to_e,26,86,0.3023255813953488
horizon_double,6,domestic_only,d_only,e_to_d,6,86,0.06976744186046512
horizon_double,6,domestic_only,e_only,none,0,86,0.0
horizon_double,6,domestic_only,e_only,d_only,0,86,0.0
horizon_double,6,domestic_only,e_only,e_only,0,86,0.0
horizon_double,6,domestic_only,e_only,simultaneous,0,86,0.0
horizon_double,6,domestic_only,e_only,d_to_e,0,86,0.0
horizon_double,6,domestic_only,e_only,e_to_d,0,86,0.0
horizon_double,6,domestic_only,simultaneous,none,0,86,0.0
horizon_double,6,domestic_only,simultaneous,d_only,0,86,0.0
horizon_double,6,domestic_only,simultaneous,e_only,0,86,0.0
horizon_double,6,domestic_only,simultaneous,simultaneous,0,86,0.0
horizon_double,6,domestic_only,simultaneous,d_to_e,0,86,0.0
horizon_double,6,domestic_only,simultaneous,e_to_d,0,86,0.0
horizon_double,6,domestic_only,d_to_e,none,0,86,0.0
horizon_double,6,domestic_only,d_to_e,d_only,0,86,0.0
horizon_double,6,domestic_only,d_to_e,e_only,0,86,0.0
horizon_double,6,domestic_only,d_to_e,simultaneous,0,86,0.0
horizon_double,6,domestic_only,d_to_e,d_to_e,0,86,0.0
horizon_double,6,domestic_only,d_to_e,e_to_d,0,86,0.0
horizon_double,6,domestic_only,e_to_d,none,0,86,0.0
horizon_double,6,domestic_only,e_to_d,d_only,0,86,0.0
horizon_double,6,domestic_only,e_to_d,e_only,0,86,0.0
horizon_double,6,domestic_only,e_to_d,simultaneous,0,86,0.0
horizon_double,6,domestic_only,e_to_d,d_to_e,0,86,0.0
horizon_double,6,domestic_only,e_to_d,e_to_d,0,86,0.0
horizon_double,6,customer_only,none,none,0,86,0.0
horizon_double,6,customer_only,none,d_only,27,86,0.313953488372093
horizon_double,6,customer_only,none,e_only,0,86,0.0
horizon_double,6,customer_only,none,simultaneous,0,86,0.0
horizon_double,6,customer_only,none,d_to_e,0,86,0.0
horizon_double,6,customer_only,none,e_to_d,0,86,0.0
horizon_double,6,customer_only,d_only,none,0,86,0.0
horizon_double,6,customer_only,d_only,d_only,0,86,0.0
horizon_double,6,customer_only,d_only,e_only,0,86,0.0
horizon_double,6,customer_only,d_only,simultaneous,0,86,0.0
horizon_double,6,customer_only,d_only,d_to_e,0,86,0.0
horizon_double,6,customer_only,d_only,e_to_d,0,86,0.0
horizon_double,6,customer_only,e_only,none,0,86,0.0
horizon_double,6,customer_only,e_only,d_only,21,86,0.2441860465116279
horizon_double,6,customer_only,e_only,e_only,1,86,0.011627906976744186
horizon_double,6,customer_only,e_only,simultaneous,5,86,0.05813953488372093
horizon_double,6,customer_only,e_only,d_to_e,26,86,0.3023255813953488
horizon_double,6,customer_only,e_only,e_to_d,6,86,0.06976744186046512
horizon_double,6,customer_only,simultaneous,none,0,86,0.0
horizon_double,6,customer_only,simultaneous,d_only,0,86,0.0
horizon_double,6,customer_only,simultaneous,e_only,0,86,0.0
horizon_double,6,customer_only,simultaneous,simultaneous,0,86,0.0
horizon_double,6,customer_only,simultaneous,d_to_e,0,86,0.0
horizon_double,6,customer_only,simultaneous,e_to_d,0,86,0.0
horizon_double,6,customer_only,d_to_e,none,0,86,0.0
horizon_double,6,customer_only,d_to_e,d_only,0,86,0.0
horizon_double,6,customer_only,d_to_e,e_only,0,86,0.0
horizon_double,6,customer_only,d_to_e,simultaneous,0,86,0.0
horizon_double,6,customer_only,d_to_e,d_to_e,0,86,0.0
horizon_double,6,customer_only,d_to_e,e_to_d,0,86,0.0
horizon_double,6,customer_only,e_to_d,none,0,86,0.0
horizon_double,6,customer_only,e_to_d,d_only,0,86,0.0
horizon_double,6,customer_only,e_to_d,e_only,0,86,0.0
horizon_double,6,customer_only,e_to_d,simultaneous,0,86,0.0
horizon_double,6,customer_only,e_to_d,d_to_e,0,86,0.0
horizon_double,6,customer_only,e_to_d,e_to_d,0,86,0.0
horizon_double,7,domestic_only,none,none,0,84,0.0
horizon_double,7,domestic_only,none,d_only,0,84,0.0
horizon_double,7,domestic_only,none,e_only,0,84,0.0
horizon_double,7,domestic_only,none,simultaneous,0,84,0.0
horizon_double,7,domestic_only,none,d_to_e,0,84,0.0
horizon_double,7,domestic_only,none,e_to_d,0,84,0.0
horizon_double,7,domestic_only,d_only,none,0,84,0.0
horizon_double,7,domestic_only,d_only,d_only,51,84,0.6071428571428571
horizon_double,7,domestic_only,d_only,e_only,0,84,0.0
horizon_double,7,domestic_only,d_only,simultaneous,10,84,0.11904761904761904
horizon_double,7,domestic_only,d_only,d_to_e,19,84,0.2261904761904762
horizon_double,7,domestic_only,d_only,e_to_d,4,84,0.047619047619047616
horizon_double,7,domestic_only,e_only,none,0,84,0.0
horizon_double,7,domestic_only,e_only,d_only,0,84,0.0
horizon_double,7,domestic_only,e_only,e_only,0,84,0.0
horizon_double,7,domestic_only,e_only,simultaneous,0,84,0.0
horizon_double,7,domestic_only,e_only,d_to_e,0,84,0.0
horizon_double,7,domestic_only,e_only,e_to_d,0,84,0.0
horizon_double,7,domestic_only,simultaneous,none,0,84,0.0
horizon_double,7,domestic_only,simultaneous,d_only,0,84,0.0
horizon_double,7,domestic_only,simultaneous,e_only,0,84,0.0
horizon_double,7,domestic_only,simultaneous,simultaneous,0,84,0.0
horizon_double,7,domestic_only,simultaneous,d_to_e,0,84,0.0
horizon_double,7,domestic_only,simultaneous,e_to_d,0,84,0.0
horizon_double,7,domestic_only,d_to_e,none,0,84,0.0
horizon_double,7,domestic_only,d_to_e,d_only,0,84,0.0
horizon_double,7,domestic_only,d_to_e,e_only,0,84,0.0
horizon_double,7,domestic_only,d_to_e,simultaneous,0,84,0.0
horizon_double,7,domestic_only,d_to_e,d_to_e,0,84,0.0
horizon_double,7,domestic_only,d_to_e,e_to_d,0,84,0.0
horizon_double,7,domestic_only,e_to_d,none,0,84,0.0
horizon_double,7,domestic_only,e_to_d,d_only,0,84,0.0
horizon_double,7,domestic_only,e_to_d,e_only,0,84,0.0
horizon_double,7,domestic_only,e_to_d,simultaneous,0,84,0.0
horizon_double,7,domestic_only,e_to_d,d_to_e,0,84,0.0
horizon_double,7,domestic_only,e_to_d,e_to_d,0,84,0.0
horizon_double,7,customer_only,none,none,0,84,0.0
horizon_double,7,customer_only,none,d_only,35,84,0.4166666666666667
horizon_double,7,customer_only,none,e_only,0,84,0.0
horizon_double,7,customer_only,none,simultaneous,0,84,0.0
horizon_double,7,customer_only,none,d_to_e,0,84,0.0
horizon_double,7,customer_only,none,e_to_d,0,84,0.0
horizon_double,7,customer_only,d_only,none,0,84,0.0
horizon_double,7,customer_only,d_only,d_only,0,84,0.0
horizon_double,7,customer_only,d_only,e_only,0,84,0.0
horizon_double,7,customer_only,d_only,simultaneous,0,84,0.0
horizon_double,7,customer_only,d_only,d_to_e,0,84,0.0
horizon_double,7,customer_only,d_only,e_to_d,0,84,0.0
horizon_double,7,customer_only,e_only,none,0,84,0.0
horizon_double,7,customer_only,e_only,d_only,16,84,0.19047619047619047
horizon_double,7,customer_only,e_only,e_only,0,84,0.0
horizon_double,7,customer_only,e_only,simultaneous,10,84,0.11904761904761904
horizon_double,7,customer_only,e_only,d_to_e,19,84,0.2261904761904762
horizon_double,7,customer_only,e_only,e_to_d,4,84,0.047619047619047616
horizon_double,7,customer_only,simultaneous,none,0,84,0.0
horizon_double,7,customer_only,simultaneous,d_only,0,84,0.0
horizon_double,7,customer_only,simultaneous,e_only,0,84,0.0
horizon_double,7,customer_only,simultaneous,simultaneous,0,84,0.0
horizon_double,7,customer_only,simultaneous,d_to_e,0,84,0.0
horizon_double,7,customer_only,simultaneous,e_to_d,0,84,0.0
horizon_double,7,customer_only,d_to_e,none,0,84,0.0
horizon_double,7,customer_only,d_to_e,d_only,0,84,0.0
horizon_double,7,customer_only,d_to_e,e_only,0,84,0.0
horizon_double,7,customer_only,d_to_e,simultaneous,0,84,0.0
horizon_double,7,customer_only,d_to_e,d_to_e,0,84,0.0
horizon_double,7,customer_only,d_to_e,e_to_d,0,84,0.0
horizon_double,7,customer_only,e_to_d,none,0,84,0.0
horizon_double,7,customer_only,e_to_d,d_only,0,84,0.0
horizon_double,7,customer_only,e_to_d,e_only,0,84,0.0
horizon_double,7,customer_only,e_to_d,simultaneous,0,84,0.0
horizon_double,7,customer_only,e_to_d,d_to_e,0,84,0.0
horizon_double,7,customer_only,e_to_d,e_to_d,0,84,0.0
horizon_double,8,domestic_only,none,none,0,71,0.0
horizon_double,8,domestic_only,none,d_only,0,71,0.0
horizon_double,8,domestic_only,none,e_only,0,71,0.0
horizon_double,8,domestic_only,none,simultaneous,0,71,0.0
horizon_double,8,domestic_only,none,d_to_e,0,71,0.0
horizon_double,8,domestic_only,none,e_to_d,0,71,0.0
horizon_double,8,domestic_only,d_only,none,0,71,0.0
horizon_double,8,domestic_only,d_only,d_only,45,71,0.6338028169014085
horizon_double,8,domestic_only,d_only,e_only,0,71,0.0
horizon_double,8,domestic_only,d_only,simultaneous,9,71,0.1267605633802817
horizon_double,8,domestic_only,d_only,d_to_e,16,71,0.22535211267605634
horizon_double,8,domestic_only,d_only,e_to_d,1,71,0.014084507042253521
horizon_double,8,domestic_only,e_only,none,0,71,0.0
horizon_double,8,domestic_only,e_only,d_only,0,71,0.0
horizon_double,8,domestic_only,e_only,e_only,0,71,0.0
horizon_double,8,domestic_only,e_only,simultaneous,0,71,0.0
horizon_double,8,domestic_only,e_only,d_to_e,0,71,0.0
horizon_double,8,domestic_only,e_only,e_to_d,0,71,0.0
horizon_double,8,domestic_only,simultaneous,none,0,71,0.0
horizon_double,8,domestic_only,simultaneous,d_only,0,71,0.0
horizon_double,8,domestic_only,simultaneous,e_only,0,71,0.0
horizon_double,8,domestic_only,simultaneous,simultaneous,0,71,0.0
horizon_double,8,domestic_only,simultaneous,d_to_e,0,71,0.0
horizon_double,8,domestic_only,simultaneous,e_to_d,0,71,0.0
horizon_double,8,domestic_only,d_to_e,none,0,71,0.0
horizon_double,8,domestic_only,d_to_e,d_only,0,71,0.0
horizon_double,8,domestic_only,d_to_e,e_only,0,71,0.0
horizon_double,8,domestic_only,d_to_e,simultaneous,0,71,0.0
horizon_double,8,domestic_only,d_to_e,d_to_e,0,71,0.0
horizon_double,8,domestic_only,d_to_e,e_to_d,0,71,0.0
horizon_double,8,domestic_only,e_to_d,none,0,71,0.0
horizon_double,8,domestic_only,e_to_d,d_only,0,71,0.0
horizon_double,8,domestic_only,e_to_d,e_only,0,71,0.0
horizon_double,8,domestic_only,e_to_d,simultaneous,0,71,0.0
horizon_double,8,domestic_only,e_to_d,d_to_e,0,71,0.0
horizon_double,8,domestic_only,e_to_d,e_to_d,0,71,0.0
horizon_double,8,customer_only,none,none,0,71,0.0
horizon_double,8,customer_only,none,d_only,32,71,0.4507042253521127
horizon_double,8,customer_only,none,e_only,0,71,0.0
horizon_double,8,customer_only,none,simultaneous,0,71,0.0
horizon_double,8,customer_only,none,d_to_e,0,71,0.0
horizon_double,8,customer_only,none,e_to_d,0,71,0.0
horizon_double,8,customer_only,d_only,none,0,71,0.0
horizon_double,8,customer_only,d_only,d_only,0,71,0.0
horizon_double,8,customer_only,d_only,e_only,0,71,0.0
horizon_double,8,customer_only,d_only,simultaneous,0,71,0.0
horizon_double,8,customer_only,d_only,d_to_e,0,71,0.0
horizon_double,8,customer_only,d_only,e_to_d,0,71,0.0
horizon_double,8,customer_only,e_only,none,0,71,0.0
horizon_double,8,customer_only,e_only,d_only,13,71,0.18309859154929578
horizon_double,8,customer_only,e_only,e_only,0,71,0.0
horizon_double,8,customer_only,e_only,simultaneous,9,71,0.1267605633802817
horizon_double,8,customer_only,e_only,d_to_e,16,71,0.22535211267605634
horizon_double,8,customer_only,e_only,e_to_d,1,71,0.014084507042253521
horizon_double,8,customer_only,simultaneous,none,0,71,0.0
horizon_double,8,customer_only,simultaneous,d_only,0,71,0.0
horizon_double,8,customer_only,simultaneous,e_only,0,71,0.0
horizon_double,8,customer_only,simultaneous,simultaneous,0,71,0.0
horizon_double,8,customer_only,simultaneous,d_to_e,0,71,0.0
horizon_double,8,customer_only,simultaneous,e_to_d,0,71,0.0
horizon_double,8,customer_only,d_to_e,none,0,71,0.0
horizon_double,8,customer_only,d_to_e,d_only,0,71,0.0
horizon_double,8,customer_only,d_to_e,e_only,0,71,0.0
horizon_double,8,customer_only,d_to_e,simultaneous,0,71,0.0
horizon_double,8,customer_only,d_to_e,d_to_e,0,71,0.0
horizon_double,8,customer_only,d_to_e,e_to_d,0,71,0.0
horizon_double,8,customer_only,e_to_d,none,0,71,0.0
horizon_double,8,customer_only,e_to_d,d_only,0,71,0.0
horizon_double,8,customer_only,e_to_d,e_only,0,71,0.0
horizon_double,8,customer_only,e_to_d,simultaneous,0,71,0.0
horizon_double,8,customer_only,e_to_d,d_to_e,0,71,0.0
horizon_double,8,customer_only,e_to_d,e_to_d,0,71,0.0
horizon_double,9,domestic_only,none,none,0,64,0.0
horizon_double,9,domestic_only,none,d_only,0,64,0.0
horizon_double,9,domestic_only,none,e_only,0,64,0.0
horizon_double,9,domestic_only,none,simultaneous,0,64,0.0
horizon_double,9,domestic_only,none,d_to_e,0,64,0.0
horizon_double,9,domestic_only,none,e_to_d,0,64,0.0
horizon_double,9,domestic_only,d_only,none,0,64,0.0
horizon_double,9,domestic_only,d_only,d_only,29,64,0.453125
horizon_double,9,domestic_only,d_only,e_only,1,64,0.015625
horizon_double,9,domestic_only,d_only,simultaneous,4,64,0.0625
horizon_double,9,domestic_only,d_only,d_to_e,27,64,0.421875
horizon_double,9,domestic_only,d_only,e_to_d,3,64,0.046875
horizon_double,9,domestic_only,e_only,none,0,64,0.0
horizon_double,9,domestic_only,e_only,d_only,0,64,0.0
horizon_double,9,domestic_only,e_only,e_only,0,64,0.0
horizon_double,9,domestic_only,e_only,simultaneous,0,64,0.0
horizon_double,9,domestic_only,e_only,d_to_e,0,64,0.0
horizon_double,9,domestic_only,e_only,e_to_d,0,64,0.0
horizon_double,9,domestic_only,simultaneous,none,0,64,0.0
horizon_double,9,domestic_only,simultaneous,d_only,0,64,0.0
horizon_double,9,domestic_only,simultaneous,e_only,0,64,0.0
horizon_double,9,domestic_only,simultaneous,simultaneous,0,64,0.0
horizon_double,9,domestic_only,simultaneous,d_to_e,0,64,0.0
horizon_double,9,domestic_only,simultaneous,e_to_d,0,64,0.0
horizon_double,9,domestic_only,d_to_e,none,0,64,0.0
horizon_double,9,domestic_only,d_to_e,d_only,0,64,0.0
horizon_double,9,domestic_only,d_to_e,e_only,0,64,0.0
horizon_double,9,domestic_only,d_to_e,simultaneous,0,64,0.0
horizon_double,9,domestic_only,d_to_e,d_to_e,0,64,0.0
horizon_double,9,domestic_only,d_to_e,e_to_d,0,64,0.0
horizon_double,9,domestic_only,e_to_d,none,0,64,0.0
horizon_double,9,domestic_only,e_to_d,d_only,0,64,0.0
horizon_double,9,domestic_only,e_to_d,e_only,0,64,0.0
horizon_double,9,domestic_only,e_to_d,simultaneous,0,64,0.0
horizon_double,9,domestic_only,e_to_d,d_to_e,0,64,0.0
horizon_double,9,domestic_only,e_to_d,e_to_d,0,64,0.0
horizon_double,9,customer_only,none,none,0,64,0.0
horizon_double,9,customer_only,none,d_only,20,64,0.3125
horizon_double,9,customer_only,none,e_only,0,64,0.0
horizon_double,9,customer_only,none,simultaneous,0,64,0.0
horizon_double,9,customer_only,none,d_to_e,0,64,0.0
horizon_double,9,customer_only,none,e_to_d,0,64,0.0
horizon_double,9,customer_only,d_only,none,0,64,0.0
horizon_double,9,customer_only,d_only,d_only,0,64,0.0
horizon_double,9,customer_only,d_only,e_only,0,64,0.0
horizon_double,9,customer_only,d_only,simultaneous,0,64,0.0
horizon_double,9,customer_only,d_only,d_to_e,0,64,0.0
horizon_double,9,customer_only,d_only,e_to_d,0,64,0.0
horizon_double,9,customer_only,e_only,none,0,64,0.0
horizon_double,9,customer_only,e_only,d_only,9,64,0.140625
horizon_double,9,customer_only,e_only,e_only,1,64,0.015625
horizon_double,9,customer_only,e_only,simultaneous,4,64,0.0625
horizon_double,9,customer_only,e_only,d_to_e,27,64,0.421875
horizon_double,9,customer_only,e_only,e_to_d,3,64,0.046875
horizon_double,9,customer_only,simultaneous,none,0,64,0.0
horizon_double,9,customer_only,simultaneous,d_only,0,64,0.0
horizon_double,9,customer_only,simultaneous,e_only,0,64,0.0
horizon_double,9,customer_only,simultaneous,simultaneous,0,64,0.0
horizon_double,9,customer_only,simultaneous,d_to_e,0,64,0.0
horizon_double,9,customer_only,simultaneous,e_to_d,0,64,0.0
horizon_double,9,customer_only,d_to_e,none,0,64,0.0
horizon_double,9,customer_only,d_to_e,d_only,0,64,0.0
horizon_double,9,customer_only,d_to_e,e_only,0,64,0.0
horizon_double,9,customer_only,d_to_e,simultaneous,0,64,0.0
horizon_double,9,customer_only,d_to_e,d_to_e,0,64,0.0
horizon_double,9,customer_only,d_to_e,e_to_d,0,64,0.0
horizon_double,9,customer_only,e_to_d,none,0,64,0.0
horizon_double,9,customer_only,e_to_d,d_only,0,64,0.0
horizon_double,9,customer_only,e_to_d,e_only,0,64,0.0
horizon_double,9,customer_only,e_to_d,simultaneous,0,64,0.0
horizon_double,9,customer_only,e_to_d,d_to_e,0,64,0.0
horizon_double,9,customer_only,e_to_d,e_to_d,0,64,0.0
horizon_double,10,domestic_only,none,none,0,77,0.0
horizon_double,10,domestic_only,none,d_only,0,77,0.0
horizon_double,10,domestic_only,none,e_only,0,77,0.0
horizon_double,10,domestic_only,none,simultaneous,0,77,0.0
horizon_double,10,domestic_only,none,d_to_e,0,77,0.0
horizon_double,10,domestic_only,none,e_to_d,0,77,0.0
horizon_double,10,domestic_only,d_only,none,0,77,0.0
horizon_double,10,domestic_only,d_only,d_only,55,77,0.7142857142857143
horizon_double,10,domestic_only,d_only,e_only,0,77,0.0
horizon_double,10,domestic_only,d_only,simultaneous,7,77,0.09090909090909091
horizon_double,10,domestic_only,d_only,d_to_e,13,77,0.16883116883116883
horizon_double,10,domestic_only,d_only,e_to_d,2,77,0.025974025974025976
horizon_double,10,domestic_only,e_only,none,0,77,0.0
horizon_double,10,domestic_only,e_only,d_only,0,77,0.0
horizon_double,10,domestic_only,e_only,e_only,0,77,0.0
horizon_double,10,domestic_only,e_only,simultaneous,0,77,0.0
horizon_double,10,domestic_only,e_only,d_to_e,0,77,0.0
horizon_double,10,domestic_only,e_only,e_to_d,0,77,0.0
horizon_double,10,domestic_only,simultaneous,none,0,77,0.0
horizon_double,10,domestic_only,simultaneous,d_only,0,77,0.0
horizon_double,10,domestic_only,simultaneous,e_only,0,77,0.0
horizon_double,10,domestic_only,simultaneous,simultaneous,0,77,0.0
horizon_double,10,domestic_only,simultaneous,d_to_e,0,77,0.0
horizon_double,10,domestic_only,simultaneous,e_to_d,0,77,0.0
horizon_double,10,domestic_only,d_to_e,none,0,77,0.0
horizon_double,10,domestic_only,d_to_e,d_only,0,77,0.0
horizon_double,10,domestic_only,d_to_e,e_only,0,77,0.0
horizon_double,10,domestic_only,d_to_e,simultaneous,0,77,0.0
horizon_double,10,domestic_only,d_to_e,d_to_e,0,77,0.0
horizon_double,10,domestic_only,d_to_e,e_to_d,0,77,0.0
horizon_double,10,domestic_only,e_to_d,none,0,77,0.0
horizon_double,10,domestic_only,e_to_d,d_only,0,77,0.0
horizon_double,10,domestic_only,e_to_d,e_only,0,77,0.0
horizon_double,10,domestic_only,e_to_d,simultaneous,0,77,0.0
horizon_double,10,domestic_only,e_to_d,d_to_e,0,77,0.0
horizon_double,10,domestic_only,e_to_d,e_to_d,0,77,0.0
horizon_double,10,customer_only,none,none,0,77,0.0
horizon_double,10,customer_only,none,d_only,43,77,0.5584415584415584
horizon_double,10,customer_only,none,e_only,0,77,0.0
horizon_double,10,customer_only,none,simultaneous,0,77,0.0
horizon_double,10,customer_only,none,d_to_e,0,77,0.0
horizon_double,10,customer_only,none,e_to_d,0,77,0.0
horizon_double,10,customer_only,d_only,none,0,77,0.0
horizon_double,10,customer_only,d_only,d_only,0,77,0.0
horizon_double,10,customer_only,d_only,e_only,0,77,0.0
horizon_double,10,customer_only,d_only,simultaneous,0,77,0.0
horizon_double,10,customer_only,d_only,d_to_e,0,77,0.0
horizon_double,10,customer_only,d_only,e_to_d,0,77,0.0
horizon_double,10,customer_only,e_only,none,0,77,0.0
horizon_double,10,customer_only,e_only,d_only,12,77,0.15584415584415584
horizon_double,10,customer_only,e_only,e_only,0,77,0.0
horizon_double,10,customer_only,e_only,simultaneous,7,77,0.09090909090909091
horizon_double,10,customer_only,e_only,d_to_e,13,77,0.16883116883116883
horizon_double,10,customer_only,e_only,e_to_d,2,77,0.025974025974025976
horizon_double,10,customer_only,simultaneous,none,0,77,0.0
horizon_double,10,customer_only,simultaneous,d_only,0,77,0.0
horizon_double,10,customer_only,simultaneous,e_only,0,77,0.0
horizon_double,10,customer_only,simultaneous,simultaneous,0,77,0.0
horizon_double,10,customer_only,simultaneous,d_to_e,0,77,0.0
horizon_double,10,customer_only,simultaneous,e_to_d,0,77,0.0
horizon_double,10,customer_only,d_to_e,none,0,77,0.0
horizon_double,10,customer_only,d_to_e,d_only,0,77,0.0
horizon_double,10,customer_only,d_to_e,e_only,0,77,0.0
horizon_double,10,customer_only,d_to_e,simultaneous,0,77,0.0
horizon_double,10,customer_only,d_to_e,d_to_e,0,77,0.0
horizon_double,10,customer_only,d_to_e,e_to_d,0,77,0.0
horizon_double,10,customer_only,e_to_d,none,0,77,0.0
horizon_double,10,customer_only,e_to_d,d_only,0,77,0.0
horizon_double,10,customer_only,e_to_d,e_only,0,77,0.0
horizon_double,10,customer_only,e_to_d,simultaneous,0,77,0.0
horizon_double,10,customer_only,e_to_d,d_to_e,0,77,0.0
horizon_double,10,customer_only,e_to_d,e_to_d,0,77,0.0
horizon_double,11,domestic_only,none,none,0,75,0.0
horizon_double,11,domestic_only,none,d_only,0,75,0.0
horizon_double,11,domestic_only,none,e_only,0,75,0.0
horizon_double,11,domestic_only,none,simultaneous,0,75,0.0
horizon_double,11,domestic_only,none,d_to_e,0,75,0.0
horizon_double,11,domestic_only,none,e_to_d,0,75,0.0
horizon_double,11,domestic_only,d_only,none,0,75,0.0
horizon_double,11,domestic_only,d_only,d_only,44,75,0.5866666666666667
horizon_double,11,domestic_only,d_only,e_only,0,75,0.0
horizon_double,11,domestic_only,d_only,simultaneous,6,75,0.08
horizon_double,11,domestic_only,d_only,d_to_e,19,75,0.25333333333333335
horizon_double,11,domestic_only,d_only,e_to_d,6,75,0.08
horizon_double,11,domestic_only,e_only,none,0,75,0.0
horizon_double,11,domestic_only,e_only,d_only,0,75,0.0
horizon_double,11,domestic_only,e_only,e_only,0,75,0.0
horizon_double,11,domestic_only,e_only,simultaneous,0,75,0.0
horizon_double,11,domestic_only,e_only,d_to_e,0,75,0.0
horizon_double,11,domestic_only,e_only,e_to_d,0,75,0.0
horizon_double,11,domestic_only,simultaneous,none,0,75,0.0
horizon_double,11,domestic_only,simultaneous,d_only,0,75,0.0
horizon_double,11,domestic_only,simultaneous,e_only,0,75,0.0
horizon_double,11,domestic_only,simultaneous,simultaneous,0,75,0.0
horizon_double,11,domestic_only,simultaneous,d_to_e,0,75,0.0
horizon_double,11,domestic_only,simultaneous,e_to_d,0,75,0.0
horizon_double,11,domestic_only,d_to_e,none,0,75,0.0
horizon_double,11,domestic_only,d_to_e,d_only,0,75,0.0
horizon_double,11,domestic_only,d_to_e,e_only,0,75,0.0
horizon_double,11,domestic_only,d_to_e,simultaneous,0,75,0.0
horizon_double,11,domestic_only,d_to_e,d_to_e,0,75,0.0
horizon_double,11,domestic_only,d_to_e,e_to_d,0,75,0.0
horizon_double,11,domestic_only,e_to_d,none,0,75,0.0
horizon_double,11,domestic_only,e_to_d,d_only,0,75,0.0
horizon_double,11,domestic_only,e_to_d,e_only,0,75,0.0
horizon_double,11,domestic_only,e_to_d,simultaneous,0,75,0.0
horizon_double,11,domestic_only,e_to_d,d_to_e,0,75,0.0
horizon_double,11,domestic_only,e_to_d,e_to_d,0,75,0.0
horizon_double,11,customer_only,none,none,0,75,0.0
horizon_double,11,customer_only,none,d_only,38,75,0.5066666666666667
horizon_double,11,customer_only,none,e_only,0,75,0.0
horizon_double,11,customer_only,none,simultaneous,0,75,0.0
horizon_double,11,customer_only,none,d_to_e,0,75,0.0
horizon_double,11,customer_only,none,e_to_d,0,75,0.0
horizon_double,11,customer_only,d_only,none,0,75,0.0
horizon_double,11,customer_only,d_only,d_only,0,75,0.0
horizon_double,11,customer_only,d_only,e_only,0,75,0.0
horizon_double,11,customer_only,d_only,simultaneous,0,75,0.0
horizon_double,11,customer_only,d_only,d_to_e,0,75,0.0
horizon_double,11,customer_only,d_only,e_to_d,0,75,0.0
horizon_double,11,customer_only,e_only,none,0,75,0.0
horizon_double,11,customer_only,e_only,d_only,6,75,0.08
horizon_double,11,customer_only,e_only,e_only,0,75,0.0
horizon_double,11,customer_only,e_only,simultaneous,6,75,0.08
horizon_double,11,customer_only,e_only,d_to_e,19,75,0.25333333333333335
horizon_double,11,customer_only,e_only,e_to_d,6,75,0.08
horizon_double,11,customer_only,simultaneous,none,0,75,0.0
horizon_double,11,customer_only,simultaneous,d_only,0,75,0.0
horizon_double,11,customer_only,simultaneous,e_only,0,75,0.0
horizon_double,11,customer_only,simultaneous,simultaneous,0,75,0.0
horizon_double,11,customer_only,simultaneous,d_to_e,0,75,0.0
horizon_double,11,customer_only,simultaneous,e_to_d,0,75,0.0
horizon_double,11,customer_only,d_to_e,none,0,75,0.0
horizon_double,11,customer_only,d_to_e,d_only,0,75,0.0
horizon_double,11,customer_only,d_to_e,e_only,0,75,0.0
horizon_double,11,customer_only,d_to_e,simultaneous,0,75,0.0
horizon_double,11,customer_only,d_to_e,d_to_e,0,75,0.0
horizon_double,11,customer_only,d_to_e,e_to_d,0,75,0.0
horizon_double,11,customer_only,e_to_d,none,0,75,0.0
horizon_double,11,customer_only,e_to_d,d_only,0,75,0.0
horizon_double,11,customer_only,e_to_d,e_only,0,75,0.0
horizon_double,11,customer_only,e_to_d,simultaneous,0,75,0.0
horizon_double,11,customer_only,e_to_d,d_to_e,0,75,0.0
horizon_double,11,customer_only,e_to_d,e_to_d,0,75,0.0
horizon_double,12,domestic_only,none,none,0,77,0.0
horizon_double,12,domestic_only,none,d_only,0,77,0.0
horizon_double,12,domestic_only,none,e_only,0,77,0.0
horizon_double,12,domestic_only,none,simultaneous,0,77,0.0
horizon_double,12,domestic_only,none,d_to_e,0,77,0.0
horizon_double,12,domestic_only,none,e_to_d,0,77,0.0
horizon_double,12,domestic_only,d_only,none,0,77,0.0
horizon_double,12,domestic_only,d_only,d_only,42,77,0.5454545454545454
horizon_double,12,domestic_only,d_only,e_only,1,77,0.012987012987012988
horizon_double,12,domestic_only,d_only,simultaneous,6,77,0.07792207792207792
horizon_double,12,domestic_only,d_only,d_to_e,22,77,0.2857142857142857
horizon_double,12,domestic_only,d_only,e_to_d,6,77,0.07792207792207792
horizon_double,12,domestic_only,e_only,none,0,77,0.0
horizon_double,12,domestic_only,e_only,d_only,0,77,0.0
horizon_double,12,domestic_only,e_only,e_only,0,77,0.0
horizon_double,12,domestic_only,e_only,simultaneous,0,77,0.0
horizon_double,12,domestic_only,e_only,d_to_e,0,77,0.0
horizon_double,12,domestic_only,e_only,e_to_d,0,77,0.0
horizon_double,12,domestic_only,simultaneous,none,0,77,0.0
horizon_double,12,domestic_only,simultaneous,d_only,0,77,0.0
horizon_double,12,domestic_only,simultaneous,e_only,0,77,0.0
horizon_double,12,domestic_only,simultaneous,simultaneous,0,77,0.0
horizon_double,12,domestic_only,simultaneous,d_to_e,0,77,0.0
horizon_double,12,domestic_only,simultaneous,e_to_d,0,77,0.0
horizon_double,12,domestic_only,d_to_e,none,0,77,0.0
horizon_double,12,domestic_only,d_to_e,d_only,0,77,0.0
horizon_double,12,domestic_only,d_to_e,e_only,0,77,0.0
horizon_double,12,domestic_only,d_to_e,simultaneous,0,77,0.0
horizon_double,12,domestic_only,d_to_e,d_to_e,0,77,0.0
horizon_double,12,domestic_only,d_to_e,e_to_d,0,77,0.0
horizon_double,12,domestic_only,e_to_d,none,0,77,0.0
horizon_double,12,domestic_only,e_to_d,d_only,0,77,0.0
horizon_double,12,domestic_only,e_to_d,e_only,0,77,0.0
horizon_double,12,domestic_only,e_to_d,simultaneous,0,77,0.0
horizon_double,12,domestic_only,e_to_d,d_to_e,0,77,0.0
horizon_double,12,domestic_only,e_to_d,e_to_d,0,77,0.0
horizon_double,12,customer_only,none,none,0,77,0.0
horizon_double,12,customer_only,none,d_only,24,77,0.3116883116883117
horizon_double,12,customer_only,none,e_only,0,77,0.0
horizon_double,12,customer_only,none,simultaneous,0,77,0.0
horizon_double,12,customer_only,none,d_to_e,0,77,0.0
horizon_double,12,customer_only,none,e_to_d,0,77,0.0
horizon_double,12,customer_only,d_only,none,0,77,0.0
horizon_double,12,customer_only,d_only,d_only,0,77,0.0
horizon_double,12,customer_only,d_only,e_only,0,77,0.0
horizon_double,12,customer_only,d_only,simultaneous,0,77,0.0
horizon_double,12,customer_only,d_only,d_to_e,0,77,0.0
horizon_double,12,customer_only,d_only,e_to_d,0,77,0.0
horizon_double,12,customer_only,e_only,none,0,77,0.0
horizon_double,12,customer_only,e_only,d_only,18,77,0.23376623376623376
horizon_double,12,customer_only,e_only,e_only,1,77,0.012987012987012988
horizon_double,12,customer_only,e_only,simultaneous,6,77,0.07792207792207792
horizon_double,12,customer_only,e_only,d_to_e,22,77,0.2857142857142857
horizon_double,12,customer_only,e_only,e_to_d,6,77,0.07792207792207792
horizon_double,12,customer_only,simultaneous,none,0,77,0.0
horizon_double,12,customer_only,simultaneous,d_only,0,77,0.0
horizon_double,12,customer_only,simultaneous,e_only,0,77,0.0
horizon_double,12,customer_only,simultaneous,simultaneous,0,77,0.0
horizon_double,12,customer_only,simultaneous,d_to_e,0,77,0.0
horizon_double,12,customer_only,simultaneous,e_to_d,0,77,0.0
horizon_double,12,customer_only,d_to_e,none,0,77,0.0
horizon_double,12,customer_only,d_to_e,d_only,0,77,0.0
horizon_double,12,customer_only,d_to_e,e_only,0,77,0.0
horizon_double,12,customer_only,d_to_e,simultaneous,0,77,0.0
horizon_double,12,customer_only,d_to_e,d_to_e,0,77,0.0
horizon_double,12,customer_only,d_to_e,e_to_d,0,77,0.0
horizon_double,12,customer_only,e_to_d,none,0,77,0.0
horizon_double,12,customer_only,e_to_d,d_only,0,77,0.0
horizon_double,12,customer_only,e_to_d,e_only,0,77,0.0
horizon_double,12,customer_only,e_to_d,simultaneous,0,77,0.0
horizon_double,12,customer_only,e_to_d,d_to_e,0,77,0.0
horizon_double,12,customer_only,e_to_d,e_to_d,0,77,0.0
horizon_double,13,domestic_only,none,none,0,88,0.0
horizon_double,13,domestic_only,none,d_only,0,88,0.0
horizon_double,13,domestic_only,none,e_only,0,88,0.0
horizon_double,13,domestic_only,none,simultaneous,0,88,0.0
horizon_double,13,domestic_only,none,d_to_e,0,88,0.0
horizon_double,13,domestic_only,none,e_to_d,0,88,0.0
horizon_double,13,domestic_only,d_only,none,0,88,0.0
horizon_double,13,domestic_only,d_only,d_only,39,88,0.4431818181818182
horizon_double,13,domestic_only,d_only,e_only,6,88,0.06818181818181818
horizon_double,13,domestic_only,d_only,simultaneous,4,88,0.045454545454545456
horizon_double,13,domestic_only,d_only,d_to_e,33,88,0.375
horizon_double,13,domestic_only,d_only,e_to_d,6,88,0.06818181818181818
horizon_double,13,domestic_only,e_only,none,0,88,0.0
horizon_double,13,domestic_only,e_only,d_only,0,88,0.0
horizon_double,13,domestic_only,e_only,e_only,0,88,0.0
horizon_double,13,domestic_only,e_only,simultaneous,0,88,0.0
horizon_double,13,domestic_only,e_only,d_to_e,0,88,0.0
horizon_double,13,domestic_only,e_only,e_to_d,0,88,0.0
horizon_double,13,domestic_only,simultaneous,none,0,88,0.0
horizon_double,13,domestic_only,simultaneous,d_only,0,88,0.0
horizon_double,13,domestic_only,simultaneous,e_only,0,88,0.0
horizon_double,13,domestic_only,simultaneous,simultaneous,0,88,0.0
horizon_double,13,domestic_only,simultaneous,d_to_e,0,88,0.0
horizon_double,13,domestic_only,simultaneous,e_to_d,0,88,0.0
horizon_double,13,domestic_only,d_to_e,none,0,88,0.0
horizon_double,13,domestic_only,d_to_e,d_only,0,88,0.0
horizon_double,13,domestic_only,d_to_e,e_only,0,88,0.0
horizon_double,13,domestic_only,d_to_e,simultaneous,0,88,0.0
horizon_double,13,domestic_only,d_to_e,d_to_e,0,88,0.0
horizon_double,13,domestic_only,d_to_e,e_to_d,0,88,0.0
horizon_double,13,domestic_only,e_to_d,none,0,88,0.0
horizon_double,13,domestic_only,e_to_d,d_only,0,88,0.0
horizon_double,13,domestic_only,e_to_d,e_only,0,88,0.0
horizon_double,13,domestic_only,e_to_d,simultaneous,0,88,0.0
horizon_double,13,domestic_only,e_to_d,d_to_e,0,88,0.0
horizon_double,13,domestic_only,e_to_d,e_to_d,0,88,0.0
horizon_double,13,customer_only,none,none,0,88,0.0
horizon_double,13,customer_only,none,d_only,25,88,0.2840909090909091
horizon_double,13,customer_only,none,e_only,0,88,0.0
horizon_double,13,customer_only,none,simultaneous,0,88,0.0
horizon_double,13,customer_only,none,d_to_e,0,88,0.0
horizon_double,13,customer_only,none,e_to_d,0,88,0.0
horizon_double,13,customer_only,d_only,none,0,88,0.0
horizon_double,13,customer_only,d_only,d_only,0,88,0.0
horizon_double,13,customer_only,d_only,e_only,0,88,0.0
horizon_double,13,customer_only,d_only,simultaneous,0,88,0.0
horizon_double,13,customer_only,d_only,d_to_e,0,88,0.0
horizon_double,13,customer_only,d_only,e_to_d,0,88,0.0
horizon_double,13,customer_only,e_only,none,0,88,0.0
horizon_double,13,customer_only,e_only,d_only,14,88,0.1590909090909091
horizon_double,13,customer_only,e_only,e_only,6,88,0.06818181818181818
horizon_double,13,customer_only,e_only,simultaneous,4,88,0.045454545454545456
horizon_double,13,customer_only,e_only,d_to_e,33,88,0.375
horizon_double,13,customer_only,e_only,e_to_d,6,88,0.06818181818181818
horizon_double,13,customer_only,simultaneous,none,0,88,0.0
horizon_double,13,customer_only,simultaneous,d_only,0,88,0.0
horizon_double,13,customer_only,simultaneous,e_only,0,88,0.0
horizon_double,13,customer_only,simultaneous,simultaneous,0,88,0.0
horizon_double,13,customer_only,simultaneous,d_to_e,0,88,0.0
horizon_double,13,customer_only,simultaneous,e_to_d,0,88,0.0
horizon_double,13,customer_only,d_to_e,none,0,88,0.0
horizon_double,13,customer_only,d_to_e,d_only,0,88,0.0
horizon_double,13,customer_only,d_to_e,e_only,0,88,0.0
horizon_double,13,customer_only,d_to_e,simultaneous,0,88,0.0
horizon_double,13,customer_only,d_to_e,d_to_e,0,88,0.0
horizon_double,13,customer_only,d_to_e,e_to_d,0,88,0.0
horizon_double,13,customer_only,e_to_d,none,0,88,0.0
horizon_double,13,customer_only,e_to_d,d_only,0,88,0.0
horizon_double,13,customer_only,e_to_d,e_only,0,88,0.0
horizon_double,13,customer_only,e_to_d,simultaneous,0,88,0.0
horizon_double,13,customer_only,e_to_d,d_to_e,0,88,0.0
horizon_double,13,customer_only,e_to_d,e_to_d,0,88,0.0
horizon_double,14,domestic_only,none,none,0,69,0.0
horizon_double,14,domestic_only,none,d_only,0,69,0.0
horizon_double,14,domestic_only,none,e_only,0,69,0.0
horizon_double,14,domestic_only,none,simultaneous,0,69,0.0
horizon_double,14,domestic_only,none,d_to_e,0,69,0.0
horizon_double,14,domestic_only,none,e_to_d,0,69,0.0
horizon_double,14,domestic_only,d_only,none,0,69,0.0
horizon_double,14,domestic_only,d_only,d_only,40,69,0.5797101449275363
horizon_double,14,domestic_only,d_only,e_only,2,69,0.028985507246376812
horizon_double,14,domestic_only,d_only,simultaneous,4,69,0.057971014492753624
horizon_double,14,domestic_only,d_only,d_to_e,19,69,0.2753623188405797
horizon_double,14,domestic_only,d_only,e_to_d,4,69,0.057971014492753624
horizon_double,14,domestic_only,e_only,none,0,69,0.0
horizon_double,14,domestic_only,e_only,d_only,0,69,0.0
horizon_double,14,domestic_only,e_only,e_only,0,69,0.0
horizon_double,14,domestic_only,e_only,simultaneous,0,69,0.0
horizon_double,14,domestic_only,e_only,d_to_e,0,69,0.0
horizon_double,14,domestic_only,e_only,e_to_d,0,69,0.0
horizon_double,14,domestic_only,simultaneous,none,0,69,0.0
horizon_double,14,domestic_only,simultaneous,d_only,0,69,0.0
horizon_double,14,domestic_only,simultaneous,e_only,0,69,0.0
horizon_double,14,domestic_only,simultaneous,simultaneous,0,69,0.0
horizon_double,14,domestic_only,simultaneous,d_to_e,0,69,0.0
horizon_double,14,domestic_only,simultaneous,e_to_d,0,69,0.0
horizon_double,14,domestic_only,d_to_e,none,0,69,0.0
horizon_double,14,domestic_only,d_to_e,d_only,0,69,0.0
horizon_double,14,domestic_only,d_to_e,e_only,0,69,0.0
horizon_double,14,domestic_only,d_to_e,simultaneous,0,69,0.0
horizon_double,14,domestic_only,d_to_e,d_to_e,0,69,0.0
horizon_double,14,domestic_only,d_to_e,e_to_d,0,69,0.0
horizon_double,14,domestic_only,e_to_d,none,0,69,0.0
horizon_double,14,domestic_only,e_to_d,d_only,0,69,0.0
horizon_double,14,domestic_only,e_to_d,e_only,0,69,0.0
horizon_double,14,domestic_only,e_to_d,simultaneous,0,69,0.0
horizon_double,14,domestic_only,e_to_d,d_to_e,0,69,0.0
horizon_double,14,domestic_only,e_to_d,e_to_d,0,69,0.0
horizon_double,14,customer_only,none,none,0,69,0.0
horizon_double,14,customer_only,none,d_only,23,69,0.3333333333333333
horizon_double,14,customer_only,none,e_only,0,69,0.0
horizon_double,14,customer_only,none,simultaneous,0,69,0.0
horizon_double,14,customer_only,none,d_to_e,0,69,0.0
horizon_double,14,customer_only,none,e_to_d,0,69,0.0
horizon_double,14,customer_only,d_only,none,0,69,0.0
horizon_double,14,customer_only,d_only,d_only,0,69,0.0
horizon_double,14,customer_only,d_only,e_only,0,69,0.0
horizon_double,14,customer_only,d_only,simultaneous,0,69,0.0
horizon_double,14,customer_only,d_only,d_to_e,0,69,0.0
horizon_double,14,customer_only,d_only,e_to_d,0,69,0.0
horizon_double,14,customer_only,e_only,none,0,69,0.0
horizon_double,14,customer_only,e_only,d_only,17,69,0.2463768115942029
horizon_double,14,customer_only,e_only,e_only,2,69,0.028985507246376812
horizon_double,14,customer_only,e_only,simultaneous,4,69,0.057971014492753624
horizon_double,14,customer_only,e_only,d_to_e,19,69,0.2753623188405797
horizon_double,14,customer_only,e_only,e_to_d,4,69,0.057971014492753624
horizon_double,14,customer_only,simultaneous,none,0,69,0.0
horizon_double,14,customer_only,simultaneous,d_only,0,69,0.0
horizon_double,14,customer_only,simultaneous,e_only,0,69,0.0
horizon_double,14,customer_only,simultaneous,simultaneous,0,69,0.0
horizon_double,14,customer_only,simultaneous,d_to_e,0,69,0.0
horizon_double,14,customer_only,simultaneous,e_to_d,0,69,0.0
horizon_double,14,customer_only,d_to_e,none,0,69,0.0
horizon_double,14,customer_only,d_to_e,d_only,0,69,0.0
horizon_double,14,customer_only,d_to_e,e_only,0,69,0.0
horizon_double,14,customer_only,d_to_e,simultaneous,0,69,0.0
horizon_double,14,customer_only,d_to_e,d_to_e,0,69,0.0
horizon_double,14,customer_only,d_to_e,e_to_d,0,69,0.0
horizon_double,14,customer_only,e_to_d,none,0,69,0.0
horizon_double,14,customer_only,e_to_d,d_only,0,69,0.0
horizon_double,14,customer_only,e_to_d,e_only,0,69,0.0
horizon_double,14,customer_only,e_to_d,simultaneous,0,69,0.0
horizon_double,14,customer_only,e_to_d,d_to_e,0,69,0.0
horizon_double,14,customer_only,e_to_d,e_to_d,0,69,0.0
horizon_double,15,domestic_only,none,none,0,78,0.0
horizon_double,15,domestic_only,none,d_only,0,78,0.0
horizon_double,15,domestic_only,none,e_only,0,78,0.0
horizon_double,15,domestic_only,none,simultaneous,0,78,0.0
horizon_double,15,domestic_only,none,d_to_e,0,78,0.0
horizon_double,15,domestic_only,none,e_to_d,0,78,0.0
horizon_double,15,domestic_only,d_only,none,0,78,0.0
horizon_double,15,domestic_only,d_only,d_only,32,78,0.41025641025641024
horizon_double,15,domestic_only,d_only,e_only,2,78,0.02564102564102564
horizon_double,15,domestic_only,d_only,simultaneous,8,78,0.10256410256410256
horizon_double,15,domestic_only,d_only,d_to_e,32,78,0.41025641025641024
horizon_double,15,domestic_only,d_only,e_to_d,4,78,0.05128205128205128
horizon_double,15,domestic_only,e_only,none,0,78,0.0
horizon_double,15,domestic_only,e_only,d_only,0,78,0.0
horizon_double,15,domestic_only,e_only,e_only,0,78,0.0
horizon_double,15,domestic_only,e_only,simultaneous,0,78,0.0
horizon_double,15,domestic_only,e_only,d_to_e,0,78,0.0
horizon_double,15,domestic_only,e_only,e_to_d,0,78,0.0
horizon_double,15,domestic_only,simultaneous,none,0,78,0.0
horizon_double,15,domestic_only,simultaneous,d_only,0,78,0.0
horizon_double,15,domestic_only,simultaneous,e_only,0,78,0.0
horizon_double,15,domestic_only,simultaneous,simultaneous,0,78,0.0
horizon_double,15,domestic_only,simultaneous,d_to_e,0,78,0.0
horizon_double,15,domestic_only,simultaneous,e_to_d,0,78,0.0
horizon_double,15,domestic_only,d_to_e,none,0,78,0.0
horizon_double,15,domestic_only,d_to_e,d_only,0,78,0.0
horizon_double,15,domestic_only,d_to_e,e_only,0,78,0.0
horizon_double,15,domestic_only,d_to_e,simultaneous,0,78,0.0
horizon_double,15,domestic_only,d_to_e,d_to_e,0,78,0.0
horizon_double,15,domestic_only,d_to_e,e_to_d,0,78,0.0
horizon_double,15,domestic_only,e_to_d,none,0,78,0.0
horizon_double,15,domestic_only,e_to_d,d_only,0,78,0.0
horizon_double,15,domestic_only,e_to_d,e_only,0,78,0.0
horizon_double,15,domestic_only,e_to_d,simultaneous,0,78,0.0
horizon_double,15,domestic_only,e_to_d,d_to_e,0,78,0.0
horizon_double,15,domestic_only,e_to_d,e_to_d,0,78,0.0
horizon_double,15,customer_only,none,none,0,78,0.0
horizon_double,15,customer_only,none,d_only,18,78,0.23076923076923078
horizon_double,15,customer_only,none,e_only,0,78,0.0
horizon_double,15,customer_only,none,simultaneous,0,78,0.0
horizon_double,15,customer_only,none,d_to_e,0,78,0.0
horizon_double,15,customer_only,none,e_to_d,0,78,0.0
horizon_double,15,customer_only,d_only,none,0,78,0.0
horizon_double,15,customer_only,d_only,d_only,0,78,0.0
horizon_double,15,customer_only,d_only,e_only,0,78,0.0
horizon_double,15,customer_only,d_only,simultaneous,0,78,0.0
horizon_double,15,customer_only,d_only,d_to_e,0,78,0.0
horizon_double,15,customer_only,d_only,e_to_d,0,78,0.0
horizon_double,15,customer_only,e_only,none,0,78,0.0
horizon_double,15,customer_only,e_only,d_only,14,78,0.1794871794871795
horizon_double,15,customer_only,e_only,e_only,2,78,0.02564102564102564
horizon_double,15,customer_only,e_only,simultaneous,8,78,0.10256410256410256
horizon_double,15,customer_only,e_only,d_to_e,32,78,0.41025641025641024
horizon_double,15,customer_only,e_only,e_to_d,4,78,0.05128205128205128
horizon_double,15,customer_only,simultaneous,none,0,78,0.0
horizon_double,15,customer_only,simultaneous,d_only,0,78,0.0
horizon_double,15,customer_only,simultaneous,e_only,0,78,0.0
horizon_double,15,customer_only,simultaneous,simultaneous,0,78,0.0
horizon_double,15,customer_only,simultaneous,d_to_e,0,78,0.0
horizon_double,15,customer_only,simultaneous,e_to_d,0,78,0.0
horizon_double,15,customer_only,d_to_e,none,0,78,0.0
horizon_double,15,customer_only,d_to_e,d_only,0,78,0.0
horizon_double,15,customer_only,d_to_e,e_only,0,78,0.0
horizon_double,15,customer_only,d_to_e,simultaneous,0,78,0.0
horizon_double,15,customer_only,d_to_e,d_to_e,0,78,0.0
horizon_double,15,customer_only,d_to_e,e_to_d,0,78,0.0
horizon_double,15,customer_only,e_to_d,none,0,78,0.0
horizon_double,15,customer_only,e_to_d,d_only,0,78,0.0
horizon_double,15,customer_only,e_to_d,e_only,0,78,0.0
horizon_double,15,customer_only,e_to_d,simultaneous,0,78,0.0
horizon_double,15,customer_only,e_to_d,d_to_e,0,78,0.0
horizon_double,15,customer_only,e_to_d,e_to_d,0,78,0.0
horizon_double,16,domestic_only,none,none,0,81,0.0
horizon_double,16,domestic_only,none,d_only,0,81,0.0
horizon_double,16,domestic_only,none,e_only,0,81,0.0
horizon_double,16,domestic_only,none,simultaneous,0,81,0.0
horizon_double,16,domestic_only,none,d_to_e,0,81,0.0
horizon_double,16,domestic_only,none,e_to_d,0,81,0.0
horizon_double,16,domestic_only,d_only,none,0,81,0.0
horizon_double,16,domestic_only,d_only,d_only,52,81,0.6419753086419753
horizon_double,16,domestic_only,d_only,e_only,1,81,0.012345679012345678
horizon_double,16,domestic_only,d_only,simultaneous,0,81,0.0
horizon_double,16,domestic_only,d_only,d_to_e,23,81,0.2839506172839506
horizon_double,16,domestic_only,d_only,e_to_d,5,81,0.06172839506172839
horizon_double,16,domestic_only,e_only,none,0,81,0.0
horizon_double,16,domestic_only,e_only,d_only,0,81,0.0
horizon_double,16,domestic_only,e_only,e_only,0,81,0.0
horizon_double,16,domestic_only,e_only,simultaneous,0,81,0.0
horizon_double,16,domestic_only,e_only,d_to_e,0,81,0.0
horizon_double,16,domestic_only,e_only,e_to_d,0,81,0.0
horizon_double,16,domestic_only,simultaneous,none,0,81,0.0
horizon_double,16,domestic_only,simultaneous,d_only,0,81,0.0
horizon_double,16,domestic_only,simultaneous,e_only,0,81,0.0
horizon_double,16,domestic_only,simultaneous,simultaneous,0,81,0.0
horizon_double,16,domestic_only,simultaneous,d_to_e,0,81,0.0
horizon_double,16,domestic_only,simultaneous,e_to_d,0,81,0.0
horizon_double,16,domestic_only,d_to_e,none,0,81,0.0
horizon_double,16,domestic_only,d_to_e,d_only,0,81,0.0
horizon_double,16,domestic_only,d_to_e,e_only,0,81,0.0
horizon_double,16,domestic_only,d_to_e,simultaneous,0,81,0.0
horizon_double,16,domestic_only,d_to_e,d_to_e,0,81,0.0
horizon_double,16,domestic_only,d_to_e,e_to_d,0,81,0.0
horizon_double,16,domestic_only,e_to_d,none,0,81,0.0
horizon_double,16,domestic_only,e_to_d,d_only,0,81,0.0
horizon_double,16,domestic_only,e_to_d,e_only,0,81,0.0
horizon_double,16,domestic_only,e_to_d,simultaneous,0,81,0.0
horizon_double,16,domestic_only,e_to_d,d_to_e,0,81,0.0
horizon_double,16,domestic_only,e_to_d,e_to_d,0,81,0.0
horizon_double,16,customer_only,none,none,0,81,0.0
horizon_double,16,customer_only,none,d_only,43,81,0.5308641975308642
horizon_double,16,customer_only,none,e_only,0,81,0.0
horizon_double,16,customer_only,none,simultaneous,0,81,0.0
horizon_double,16,customer_only,none,d_to_e,0,81,0.0
horizon_double,16,customer_only,none,e_to_d,0,81,0.0
horizon_double,16,customer_only,d_only,none,0,81,0.0
horizon_double,16,customer_only,d_only,d_only,0,81,0.0
horizon_double,16,customer_only,d_only,e_only,0,81,0.0
horizon_double,16,customer_only,d_only,simultaneous,0,81,0.0
horizon_double,16,customer_only,d_only,d_to_e,0,81,0.0
horizon_double,16,customer_only,d_only,e_to_d,0,81,0.0
horizon_double,16,customer_only,e_only,none,0,81,0.0
horizon_double,16,customer_only,e_only,d_only,9,81,0.1111111111111111
horizon_double,16,customer_only,e_only,e_only,1,81,0.012345679012345678
horizon_double,16,customer_only,e_only,simultaneous,0,81,0.0
horizon_double,16,customer_only,e_only,d_to_e,23,81,0.2839506172839506
horizon_double,16,customer_only,e_only,e_to_d,5,81,0.06172839506172839
horizon_double,16,customer_only,simultaneous,none,0,81,0.0
horizon_double,16,customer_only,simultaneous,d_only,0,81,0.0
horizon_double,16,customer_only,simultaneous,e_only,0,81,0.0
horizon_double,16,customer_only,simultaneous,simultaneous,0,81,0.0
horizon_double,16,customer_only,simultaneous,d_to_e,0,81,0.0
horizon_double,16,customer_only,simultaneous,e_to_d,0,81,0.0
horizon_double,16,customer_only,d_to_e,none,0,81,0.0
horizon_double,16,customer_only,d_to_e,d_only,0,81,0.0
horizon_double,16,customer_only,d_to_e,e_only,0,81,0.0
horizon_double,16,customer_only,d_to_e,simultaneous,0,81,0.0
horizon_double,16,customer_only,d_to_e,d_to_e,0,81,0.0
horizon_double,16,customer_only,d_to_e,e_to_d,0,81,0.0
horizon_double,16,customer_only,e_to_d,none,0,81,0.0
horizon_double,16,customer_only,e_to_d,d_only,0,81,0.0
horizon_double,16,customer_only,e_to_d,e_only,0,81,0.0
horizon_double,16,customer_only,e_to_d,simultaneous,0,81,0.0
horizon_double,16,customer_only,e_to_d,d_to_e,0,81,0.0
horizon_double,16,customer_only,e_to_d,e_to_d,0,81,0.0
horizon_double,17,domestic_only,none,none,0,85,0.0
horizon_double,17,domestic_only,none,d_only,0,85,0.0
horizon_double,17,domestic_only,none,e_only,0,85,0.0
horizon_double,17,domestic_only,none,simultaneous,0,85,0.0
horizon_double,17,domestic_only,none,d_to_e,0,85,0.0
horizon_double,17,domestic_only,none,e_to_d,0,85,0.0
horizon_double,17,domestic_only,d_only,none,0,85,0.0
horizon_double,17,domestic_only,d_only,d_only,51,85,0.6
horizon_double,17,domestic_only,d_only,e_only,1,85,0.011764705882352941
horizon_double,17,domestic_only,d_only,simultaneous,3,85,0.03529411764705882
horizon_double,17,domestic_only,d_only,d_to_e,20,85,0.23529411764705882
horizon_double,17,domestic_only,d_only,e_to_d,10,85,0.11764705882352941
horizon_double,17,domestic_only,e_only,none,0,85,0.0
horizon_double,17,domestic_only,e_only,d_only,0,85,0.0
horizon_double,17,domestic_only,e_only,e_only,0,85,0.0
horizon_double,17,domestic_only,e_only,simultaneous,0,85,0.0
horizon_double,17,domestic_only,e_only,d_to_e,0,85,0.0
horizon_double,17,domestic_only,e_only,e_to_d,0,85,0.0
horizon_double,17,domestic_only,simultaneous,none,0,85,0.0
horizon_double,17,domestic_only,simultaneous,d_only,0,85,0.0
horizon_double,17,domestic_only,simultaneous,e_only,0,85,0.0
horizon_double,17,domestic_only,simultaneous,simultaneous,0,85,0.0
horizon_double,17,domestic_only,simultaneous,d_to_e,0,85,0.0
horizon_double,17,domestic_only,simultaneous,e_to_d,0,85,0.0
horizon_double,17,domestic_only,d_to_e,none,0,85,0.0
horizon_double,17,domestic_only,d_to_e,d_only,0,85,0.0
horizon_double,17,domestic_only,d_to_e,e_only,0,85,0.0
horizon_double,17,domestic_only,d_to_e,simultaneous,0,85,0.0
horizon_double,17,domestic_only,d_to_e,d_to_e,0,85,0.0
horizon_double,17,domestic_only,d_to_e,e_to_d,0,85,0.0
horizon_double,17,domestic_only,e_to_d,none,0,85,0.0
horizon_double,17,domestic_only,e_to_d,d_only,0,85,0.0
horizon_double,17,domestic_only,e_to_d,e_only,0,85,0.0
horizon_double,17,domestic_only,e_to_d,simultaneous,0,85,0.0
horizon_double,17,domestic_only,e_to_d,d_to_e,0,85,0.0
horizon_double,17,domestic_only,e_to_d,e_to_d,0,85,0.0
horizon_double,17,customer_only,none,none,0,85,0.0
horizon_double,17,customer_only,none,d_only,37,85,0.43529411764705883
horizon_double,17,customer_only,none,e_only,0,85,0.0
horizon_double,17,customer_only,none,simultaneous,0,85,0.0
horizon_double,17,customer_only,none,d_to_e,0,85,0.0
horizon_double,17,customer_only,none,e_to_d,0,85,0.0
horizon_double,17,customer_only,d_only,none,0,85,0.0
horizon_double,17,customer_only,d_only,d_only,0,85,0.0
horizon_double,17,customer_only,d_only,e_only,0,85,0.0
horizon_double,17,customer_only,d_only,simultaneous,0,85,0.0
horizon_double,17,customer_only,d_only,d_to_e,0,85,0.0
horizon_double,17,customer_only,d_only,e_to_d,0,85,0.0
horizon_double,17,customer_only,e_only,none,0,85,0.0
horizon_double,17,customer_only,e_only,d_only,14,85,0.16470588235294117
horizon_double,17,customer_only,e_only,e_only,1,85,0.011764705882352941
horizon_double,17,customer_only,e_only,simultaneous,3,85,0.03529411764705882
horizon_double,17,customer_only,e_only,d_to_e,20,85,0.23529411764705882
horizon_double,17,customer_only,e_only,e_to_d,10,85,0.11764705882352941
horizon_double,17,customer_only,simultaneous,none,0,85,0.0
horizon_double,17,customer_only,simultaneous,d_only,0,85,0.0
horizon_double,17,customer_only,simultaneous,e_only,0,85,0.0
horizon_double,17,customer_only,simultaneous,simultaneous,0,85,0.0
horizon_double,17,customer_only,simultaneous,d_to_e,0,85,0.0
horizon_double,17,customer_only,simultaneous,e_to_d,0,85,0.0
horizon_double,17,customer_only,d_to_e,none,0,85,0.0
horizon_double,17,customer_only,d_to_e,d_only,0,85,0.0
horizon_double,17,customer_only,d_to_e,e_only,0,85,0.0
horizon_double,17,customer_only,d_to_e,simultaneous,0,85,0.0
horizon_double,17,customer_only,d_to_e,d_to_e,0,85,0.0
horizon_double,17,customer_only,d_to_e,e_to_d,0,85,0.0
horizon_double,17,customer_only,e_to_d,none,0,85,0.0
horizon_double,17,customer_only,e_to_d,d_only,0,85,0.0
horizon_double,17,customer_only,e_to_d,e_only,0,85,0.0
horizon_double,17,customer_only,e_to_d,simultaneous,0,85,0.0
horizon_double,17,customer_only,e_to_d,d_to_e,0,85,0.0
horizon_double,17,customer_only,e_to_d,e_to_d,0,85,0.0
horizon_double,18,domestic_only,none,none,0,71,0.0
horizon_double,18,domestic_only,none,d_only,0,71,0.0
horizon_double,18,domestic_only,none,e_only,0,71,0.0
horizon_double,18,domestic_only,none,simultaneous,0,71,0.0
horizon_double,18,domestic_only,none,d_to_e,0,71,0.0
horizon_double,18,domestic_only,none,e_to_d,0,71,0.0
horizon_double,18,domestic_only,d_only,none,0,71,0.0
horizon_double,18,domestic_only,d_only,d_only,29,71,0.4084507042253521
horizon_double,18,domestic_only,d_only,e_only,1,71,0.014084507042253521
horizon_double,18,domestic_only,d_only,simultaneous,6,71,0.08450704225352113
horizon_double,18,domestic_only,d_only,d_to_e,29,71,0.4084507042253521
horizon_double,18,domestic_only,d_only,e_to_d,6,71,0.08450704225352113
horizon_double,18,domestic_only,e_only,none,0,71,0.0
horizon_double,18,domestic_only,e_only,d_only,0,71,0.0
horizon_double,18,domestic_only,e_only,e_only,0,71,0.0
horizon_double,18,domestic_only,e_only,simultaneous,0,71,0.0
horizon_double,18,domestic_only,e_only,d_to_e,0,71,0.0
horizon_double,18,domestic_only,e_only,e_to_d,0,71,0.0
horizon_double,18,domestic_only,simultaneous,none,0,71,0.0
horizon_double,18,domestic_only,simultaneous,d_only,0,71,0.0
horizon_double,18,domestic_only,simultaneous,e_only,0,71,0.0
horizon_double,18,domestic_only,simultaneous,simultaneous,0,71,0.0
horizon_double,18,domestic_only,simultaneous,d_to_e,0,71,0.0
horizon_double,18,domestic_only,simultaneous,e_to_d,0,71,0.0
horizon_double,18,domestic_only,d_to_e,none,0,71,0.0
horizon_double,18,domestic_only,d_to_e,d_only,0,71,0.0
horizon_double,18,domestic_only,d_to_e,e_only,0,71,0.0
horizon_double,18,domestic_only,d_to_e,simultaneous,0,71,0.0
horizon_double,18,domestic_only,d_to_e,d_to_e,0,71,0.0
horizon_double,18,domestic_only,d_to_e,e_to_d,0,71,0.0
horizon_double,18,domestic_only,e_to_d,none,0,71,0.0
horizon_double,18,domestic_only,e_to_d,d_only,0,71,0.0
horizon_double,18,domestic_only,e_to_d,e_only,0,71,0.0
horizon_double,18,domestic_only,e_to_d,simultaneous,0,71,0.0
horizon_double,18,domestic_only,e_to_d,d_to_e,0,71,0.0
horizon_double,18,domestic_only,e_to_d,e_to_d,0,71,0.0
horizon_double,18,customer_only,none,none,0,71,0.0
horizon_double,18,customer_only,none,d_only,14,71,0.19718309859154928
horizon_double,18,customer_only,none,e_only,0,71,0.0
horizon_double,18,customer_only,none,simultaneous,0,71,0.0
horizon_double,18,customer_only,none,d_to_e,0,71,0.0
horizon_double,18,customer_only,none,e_to_d,0,71,0.0
horizon_double,18,customer_only,d_only,none,0,71,0.0
horizon_double,18,customer_only,d_only,d_only,0,71,0.0
horizon_double,18,customer_only,d_only,e_only,0,71,0.0
horizon_double,18,customer_only,d_only,simultaneous,0,71,0.0
horizon_double,18,customer_only,d_only,d_to_e,0,71,0.0
horizon_double,18,customer_only,d_only,e_to_d,0,71,0.0
horizon_double,18,customer_only,e_only,none,0,71,0.0
horizon_double,18,customer_only,e_only,d_only,15,71,0.2112676056338028
horizon_double,18,customer_only,e_only,e_only,1,71,0.014084507042253521
horizon_double,18,customer_only,e_only,simultaneous,6,71,0.08450704225352113
horizon_double,18,customer_only,e_only,d_to_e,29,71,0.4084507042253521
horizon_double,18,customer_only,e_only,e_to_d,6,71,0.08450704225352113
horizon_double,18,customer_only,simultaneous,none,0,71,0.0
horizon_double,18,customer_only,simultaneous,d_only,0,71,0.0
horizon_double,18,customer_only,simultaneous,e_only,0,71,0.0
horizon_double,18,customer_only,simultaneous,simultaneous,0,71,0.0
horizon_double,18,customer_only,simultaneous,d_to_e,0,71,0.0
horizon_double,18,customer_only,simultaneous,e_to_d,0,71,0.0
horizon_double,18,customer_only,d_to_e,none,0,71,0.0
horizon_double,18,customer_only,d_to_e,d_only,0,71,0.0
horizon_double,18,customer_only,d_to_e,e_only,0,71,0.0
horizon_double,18,customer_only,d_to_e,simultaneous,0,71,0.0
horizon_double,18,customer_only,d_to_e,d_to_e,0,71,0.0
horizon_double,18,customer_only,d_to_e,e_to_d,0,71,0.0
horizon_double,18,customer_only,e_to_d,none,0,71,0.0
horizon_double,18,customer_only,e_to_d,d_only,0,71,0.0
horizon_double,18,customer_only,e_to_d,e_only,0,71,0.0
horizon_double,18,customer_only,e_to_d,simultaneous,0,71,0.0
horizon_double,18,customer_only,e_to_d,d_to_e,0,71,0.0
horizon_double,18,customer_only,e_to_d,e_to_d,0,71,0.0
horizon_double,19,domestic_only,none,none,0,75,0.0
horizon_double,19,domestic_only,none,d_only,0,75,0.0
horizon_double,19,domestic_only,none,e_only,0,75,0.0
horizon_double,19,domestic_only,none,simultaneous,0,75,0.0
horizon_double,19,domestic_only,none,d_to_e,0,75,0.0
horizon_double,19,domestic_only,none,e_to_d,0,75,0.0
horizon_double,19,domestic_only,d_only,none,0,75,0.0
horizon_double,19,domestic_only,d_only,d_only,35,75,0.4666666666666667
horizon_double,19,domestic_only,d_only,e_only,1,75,0.013333333333333334
horizon_double,19,domestic_only,d_only,simultaneous,8,75,0.10666666666666667
horizon_double,19,domestic_only,d_only,d_to_e,27,75,0.36
horizon_double,19,domestic_only,d_only,e_to_d,4,75,0.05333333333333334
horizon_double,19,domestic_only,e_only,none,0,75,0.0
horizon_double,19,domestic_only,e_only,d_only,0,75,0.0
horizon_double,19,domestic_only,e_only,e_only,0,75,0.0
horizon_double,19,domestic_only,e_only,simultaneous,0,75,0.0
horizon_double,19,domestic_only,e_only,d_to_e,0,75,0.0
horizon_double,19,domestic_only,e_only,e_to_d,0,75,0.0
horizon_double,19,domestic_only,simultaneous,none,0,75,0.0
horizon_double,19,domestic_only,simultaneous,d_only,0,75,0.0
horizon_double,19,domestic_only,simultaneous,e_only,0,75,0.0
horizon_double,19,domestic_only,simultaneous,simultaneous,0,75,0.0
horizon_double,19,domestic_only,simultaneous,d_to_e,0,75,0.0
horizon_double,19,domestic_only,simultaneous,e_to_d,0,75,0.0
horizon_double,19,domestic_only,d_to_e,none,0,75,0.0
horizon_double,19,domestic_only,d_to_e,d_only,0,75,0.0
horizon_double,19,domestic_only,d_to_e,e_only,0,75,0.0
horizon_double,19,domestic_only,d_to_e,simultaneous,0,75,0.0
horizon_double,19,domestic_only,d_to_e,d_to_e,0,75,0.0
horizon_double,19,domestic_only,d_to_e,e_to_d,0,75,0.0
horizon_double,19,domestic_only,e_to_d,none,0,75,0.0
horizon_double,19,domestic_only,e_to_d,d_only,0,75,0.0
horizon_double,19,domestic_only,e_to_d,e_only,0,75,0.0
horizon_double,19,domestic_only,e_to_d,simultaneous,0,75,0.0
horizon_double,19,domestic_only,e_to_d,d_to_e,0,75,0.0
horizon_double,19,domestic_only,e_to_d,e_to_d,0,75,0.0
horizon_double,19,customer_only,none,none,0,75,0.0
horizon_double,19,customer_only,none,d_only,17,75,0.22666666666666666
horizon_double,19,customer_only,none,e_only,0,75,0.0
horizon_double,19,customer_only,none,simultaneous,0,75,0.0
horizon_double,19,customer_only,none,d_to_e,0,75,0.0
horizon_double,19,customer_only,none,e_to_d,0,75,0.0
horizon_double,19,customer_only,d_only,none,0,75,0.0
horizon_double,19,customer_only,d_only,d_only,0,75,0.0
horizon_double,19,customer_only,d_only,e_only,0,75,0.0
horizon_double,19,customer_only,d_only,simultaneous,0,75,0.0
horizon_double,19,customer_only,d_only,d_to_e,0,75,0.0
horizon_double,19,customer_only,d_only,e_to_d,0,75,0.0
horizon_double,19,customer_only,e_only,none,0,75,0.0
horizon_double,19,customer_only,e_only,d_only,18,75,0.24
horizon_double,19,customer_only,e_only,e_only,1,75,0.013333333333333334
horizon_double,19,customer_only,e_only,simultaneous,8,75,0.10666666666666667
horizon_double,19,customer_only,e_only,d_to_e,27,75,0.36
horizon_double,19,customer_only,e_only,e_to_d,4,75,0.05333333333333334
horizon_double,19,customer_only,simultaneous,none,0,75,0.0
horizon_double,19,customer_only,simultaneous,d_only,0,75,0.0
horizon_double,19,customer_only,simultaneous,e_only,0,75,0.0
horizon_double,19,customer_only,simultaneous,simultaneous,0,75,0.0
horizon_double,19,customer_only,simultaneous,d_to_e,0,75,0.0
horizon_double,19,customer_only,simultaneous,e_to_d,0,75,0.0
horizon_double,19,customer_only,d_to_e,none,0,75,0.0
horizon_double,19,customer_only,d_to_e,d_only,0,75,0.0
horizon_double,19,customer_only,d_to_e,e_only,0,75,0.0
horizon_double,19,customer_only,d_to_e,simultaneous,0,75,0.0
horizon_double,19,customer_only,d_to_e,d_to_e,0,75,0.0
horizon_double,19,customer_only,d_to_e,e_to_d,0,75,0.0
horizon_double,19,customer_only,e_to_d,none,0,75,0.0
horizon_double,19,customer_only,e_to_d,d_only,0,75,0.0
horizon_double,19,customer_only,e_to_d,e_only,0,75,0.0
horizon_double,19,customer_only,e_to_d,simultaneous,0,75,0.0
horizon_double,19,customer_only,e_to_d,d_to_e,0,75,0.0
horizon_double,19,customer_only,e_to_d,e_to_d,0,75,0.0
costs_up20,0,domestic_only,none,none,0,69,0.0
costs_up20,0,domestic_only,none,d_only,0,69,0.0
costs_up20,0,domestic_only,none,e_only,0,69,0.0
costs_up20,0,domestic_only,none,simultaneous,0,69,0.0
costs_up20,0,domestic_only,none,d_to_e,0,69,0.0
costs_up20,0,domestic_only,none,e_to_d,0,69,0.0
costs_up20,0,domestic_only,d_only,none,0,69,0.0
costs_up20,0,domestic_only,d_only,d_only,35,69,0.5072463768115942
costs_up20,0,domestic_only,d_only,e_only,1,69,0.014492753623188406
costs_up20,0,domestic_only,d_only,simultaneous,2,69,0.028985507246376812
costs_up20,0,domestic_only,d_only,d_to_e,25,69,0.36231884057971014
costs_up20,0,domestic_only,d_only,e_to_d,6,69,0.08695652173913043
costs_up20,0,domestic_only,e_only,none,0,69,0.0
costs_up20,0,domestic_only,e_only,d_only,0,69,0.0
costs_up20,0,domestic_only,e_only,e_only,0,69,0.0
costs_up20,0,domestic_only,e_only,simultaneous,0,69,0.0
costs_up20,0,domestic_only,e_only,d_to_e,0,69,0.0
costs_up20,0,domestic_only,e_only,e_to_d,0,69,0.0
costs_up20,0,domestic_only,simultaneous,none,0,69,0.0
costs_up20,0,domestic_only,simultaneous,d_only,0,69,0.0
costs_up20,0,domestic_only,simultaneous,e_only,0,69,0.0
costs_up20,0,domestic_only,simultaneous,simultaneous,0,69,0.0
costs_up20,0,domestic_only,simultaneous,d_to_e,0,69,0.0
costs_up20,0,domestic_only,simultaneous,e_to_d,0,69,0.0
costs_up20,0,domestic_only,d_to_e,none,0,69,0.0
costs_up20,0,domestic_only,d_to_e,d_only,0,69,0.0
costs_up20,0,domestic_only,d_to_e,e_only,0,69,0.0
costs_up20,0,domestic_only,d_to_e,simultaneous,0,69,0.0
costs_up20,0,domestic_only,d_to_e,d_to_e,0,69,0.0
costs_up20,0,domestic_only,d_to_e,e_to_d,0,69,0.0
costs_up20,0,domestic_only,e_to_d,none,0,69,0.0
costs_up20,0,domestic_only,e_to_d,d_only,0,69,0.0
costs_up20,0,domestic_only,e_to_d,e_only,0,69,0.0
costs_up20,0,domestic_only,e_to_d,simultaneous,0,69,0.0
costs_up20,0,domestic_only,e_to_d,d_to_e,0,69,0.0
costs_up20,0,domestic_only,e_to_d,e_to_d,0,69,0.0
costs_up20,0,customer_only,none,none,0,69,0.0
costs_up20,0,customer_only,none,d_only,17,69,0.2463768115942029
costs_up20,0,customer_only,none,e_only,0,69,0.0
costs_up20,0,customer_only,none,simultaneous,0,69,0.0
costs_up20,0,customer_only,none,d_to_e,1,69,0.014492753623188406
costs_up20,0,customer_only,none,e_to_d,0,69,0.0
costs_up20,0,customer_only,d_only,none,0,69,0.0
costs_up20,0,customer_only,d_only,d_only,0,69,0.0
costs_up20,0,customer_only,d_only,e_only,0,69,0.0
costs_up20,0,customer_only,d_only,simultaneous,0,69,0.0
costs_up20,0,customer_only,d_only,d_to_e,0,69,0.0
costs_up20,0,customer_only,d_only,e_to_d,0,69,0.0
costs_up20,0,customer_only,e_only,none,0,69,0.0
costs_up20,0,customer_only,e_only,d_only,18,69,0.2608695652173913
costs_up20,0,customer_only,e_only,e_only,1,69,0.014492753623188406
costs_up20,0,customer_only,e_only,simultaneous,2,69,0.028985507246376812
costs_up20,0,customer_only,e_only,d_to_e,24,69,0.34782608695652173
costs_up20,0,customer_only,e_only,e_to_d,6,69,0.08695652173913043
costs_up20,0,customer_only,simultaneous,none,0,69,0.0
costs_up20,0,customer_only,simultaneous,d_only,0,69,0.0
costs_up20,0,customer_only,simultaneous,e_only,0,69,0.0
costs_up20,0,customer_only,simultaneous,simultaneous,0,69,0.0
costs_up20,0,customer_only,simultaneous,d_to_e,0,69,0.0
costs_up20,0,customer_only,simultaneous,e_to_d,0,69,0.0
costs_up20,0,customer_only,d_to_e,none,0,69,0.0
costs_up20,0,customer_only,d_to_e,d_only,0,69,0.0
costs_up20,0,customer_only,d_to_e,e_only,0,69,0.0
costs_up20,0,customer_only,d_to_e,simultaneous,0,69,0.0
costs_up20,0,customer_only,d_to_e,d_to_e,0,69,0.0
costs_up20,0,customer_only,d_to_e,e_to_d,0,69,0.0
costs_up20,0,customer_only,e_to_d,none,0,69,0.0
costs_up20,0,customer_only,e_to_d,d_only,0,69,0.0
costs_up20,0,customer_only,e_to_d,e_only,0,69,0.0
costs_up20,0,customer_only,e_to_d,simultaneous,0,69,0.0
costs_up20,0,customer_only,e_to_d,d_to_e,0,69,0.0
costs_up20,0,customer_only,e_to_d,e_to_d,0,69,0.0
costs_up20,1,domestic_only,none,none,0,81,0.0
costs_up20,1,domestic_only,none,d_only,0,81,0.0
costs_up20,1,domestic_only,none,e_only,0,81,0.0
costs_up20,1,domestic_only,none,simultaneous,0,81,0.0
costs_up20,1,domestic_only,none,d_to_e,0,81,0.0
costs_up20,1,domestic_only,none,e_to_d,0,81,0.0
costs_up20,1,domestic_only,d_only,none,0,81,0.0
costs_up20,1,domestic_only,d_only,d_only,44,81,0.5432098765432098
costs_up20,1,domestic_only,d_only,e_only,1,81,0.012345679012345678
costs_up20,1,domestic_only,d_only,simultaneous,3,81,0.037037037037037035
costs_up20,1,domestic_only,d_only,d_to_e,28,81,0.345679012345679
costs_up20,1,domestic_only,d_only,e_to_d,5,81,0.06172839506172839
costs_up20,1,domestic_only,e_only,none,0,81,0.0
costs_up20,1,domestic_only,e_only,d_only,0,81,0.0
costs_up20,1,domestic_only,e_only,e_only,0,81,0.0
costs_up20,1,domestic_only,e_only,simultaneous,0,81,0.0
costs_up20,1,domestic_only,e_only,d_to_e,0,81,0.0
costs_up20,1,domestic_only,e_only,e_to_d,0,81,0.0
costs_up20,1,domestic_only,simultaneous,none,0,81,0.0
costs_up20,1,domestic_only,simultaneous,d_only,0,81,0.0
costs_up20,1,domestic_only,simultaneous,e_only,0,81,0.0
costs_up20,1,domestic_only,simultaneous,simultaneous,0,81,0.0
costs_up20,1,domestic_only,simultaneous,d_to_e,0,81,0.0
costs_up20,1,domestic_only,simultaneous,e_to_d,0,81,0.0
costs_up20,1,domestic_only,d_to_e,none,0,81,0.0
costs_up20,1,domestic_only,d_to_e,d_only,0,81,0.0
costs_up20,1,domestic_only,d_to_e,e_only,0,81,0.0
costs_up20,1,domestic_only,d_to_e,simultaneous,0,81,0.0
costs_up20,1,domestic_only,d_to_e,d_to_e,0,81,0.0
costs_up20,1,domestic_only,d_to_e,e_to_d,0,81,0.0
costs_up20,1,domestic_only,e_to_d,none,0,81,0.0
costs_up20,1,domestic_only,e_to_d,d_only,0,81,0.0
costs_up20,1,domestic_only,e_to_d,e_only,0,81,0.0
costs_up20,1,domestic_only,e_to_d,simultaneous,0,81,0.0
costs_up20,1,domestic_only,e_to_d,d_to_e,0,81,0.0
costs_up20,1,domestic_only,e_to_d,e_to_d,0,81,0.0
costs_up20,1,customer_only,none,none,0,81,0.0
costs_up20,1,customer_only,none,d_only,29,81,0.35802469135802467
costs_up20,1,customer_only,none,e_only,0,81,0.0
costs_up20,1,customer_only,none,simultaneous,0,81,0.0
costs_up20,1,customer_only,none,d_to_e,0,81,0.0
costs_up20,1,customer_only,none,e_to_d,0,81,0.0
costs_up20,1,customer_only,d_only,none,0,81,0.0
costs_up20,1,customer_only,d_only,d_only,0,81,0.0
costs_up20,1,customer_only,d_only,e_only,0,81,0.0
costs_up20,1,customer_only,d_only,simultaneous,0,81,0.0
costs_up20,1,customer_only,d_only,d_to_e,0,81,0.0
costs_up20,1,customer_only,d_only,e_to_d,0,81,0.0
costs_up20,1,customer_only,e_only,none,0,81,0.0
costs_up20,1,customer_only,e_only,d_only,15,81,0.18518518518518517
costs_up20,1,customer_only,e_only,e_only,1,81,0.012345679012345678
costs_up20,1,customer_only,e_only,simultaneous,3,81,0.037037037037037035
costs_up20,1,customer_only,e_only,d_to_e,28,81,0.345679012345679
costs_up20,1,customer_only,e_only,e_to_d,5,81,0.06172839506172839
costs_up20,1,customer_only,simultaneous,none,0,81,0.0
costs_up20,1,customer_only,simultaneous,d_only,0,81,0.0
costs_up20,1,customer_only,simultaneous,e_only,0,81,0.0
costs_up20,1,customer_only,simultaneous,simultaneous,0,81,0.0
costs_up20,1,customer_only,simultaneous,d_to_e,0,81,0.0
costs_up20,1,customer_only,simultaneous,e_to_d,0,81,0.0
costs_up20,1,customer_only,d_to_e,none,0,81,0.0
costs_up20,1,customer_only,d_to_e,d_only,0,81,0.0
costs_up20,1,customer_only,d_to_e,e_only,0,81,0.0
costs_up20,1,customer_only,d_to_e,simultaneous,0,81,0.0
costs_up20,1,customer_only,d_to_e,d_to_e,0,81,0.0
costs_up20,1,customer_only,d_to_e,e_to_d,0,81,0.0
costs_up20,1,customer_only,e_to_d,none,0,81,0.0
costs_up20,1,customer_only,e_to_d,d_only,0,81,0.0
costs_up20,1,customer_only,e_to_d,e_only,0,81,0.0
costs_up20,1,customer_only,e_to_d,simultaneous,0,81,0.0
costs_up20,1,customer_only,e_to_d,d_to_e,0,81,0.0
costs_up20,1,customer_only,e_to_d,e_to_d,0,81,0.0
costs_up20,2,domestic_only,none,none,0,75,0.0
costs_up20,2,domestic_only,none,d_only,0,75,0.0
costs_up20,2,domestic_only,none,e_only,0,75,0.0
costs_up20,2,domestic_only,none,simultaneous,0,75,0.0
costs_up20,2,domestic_only,none,d_to_e,0,75,0.0
costs_up20,2,domestic_only,none,e_to_d,0,75,0.0
costs_up20,2,domestic_only,d_only,none,0,75,0.0
costs_up20,2,domestic_only,d_only,d_only,46,75,0.6133333333333333
costs_up20,2,domestic_only,d_only,e_only,1,75,0.013333333333333334
costs_up20,2,domestic_only,d_only,simultaneous,5,75,0.06666666666666667
costs_up20,2,domestic_only,d_only,d_to_e,16,75,0.21333333333333335
costs_up20,2,domestic_only,d_only,e_to_d,7,75,0.09333333333333334
costs_up20,2,domestic_only,e_only,none,0,75,0.0
costs_up20,2,domestic_only,e_only,d_only,0,75,0.0
costs_up20,2,domestic_only,e_only,e_only,0,75,0.0
costs_up20,2,domestic_only,e_only,simultaneous,0,75,0.0
costs_up20,2,domestic_only,e_only,d_to_e,0,75,0.0
costs_up20,2,domestic_only,e_only,e_to_d,0,75,0.0
costs_up20,2,domestic_only,simultaneous,none,0,75,0.0
costs_up20,2,domestic_only,simultaneous,d_only,0,75,0.0
costs_up20,2,domestic_only,simultaneous,e_only,0,75,0.0
costs_up20,2,domestic_only,simultaneous,simultaneous,0,75,0.0
costs_up20,2,domestic_only,simultaneous,d_to_e,0,75,0.0
costs_up20,2,domestic_only,simultaneous,e_to_d,0,75,0.0
costs_up20,2,domestic_only,d_to_e,none,0,75,0.0
costs_up20,2,domestic_only,d_to_e,d_only,0,75,0.0
costs_up20,2,domestic_only,d_to_e,e_only,0,75,0.0
costs_up20,2,domestic_only,d_to_e,simultaneous,0,75,0.0
costs_up20,2,domestic_only,d_to_e,d_to_e,0,75,0.0
costs_up20,2,domestic_only,d_to_e,e_to_d,0,75,0.0
costs_up20,2,domestic_only,e_to_d,none,0,75,0.0
costs_up20,2,domestic_only,e_to_d,d_only,0,75,0.0
costs_up20,2,domestic_only,e_to_d,e_only,0,75,0.0
costs_up20,2,domestic_only,e_to_d,simultaneous,0,75,0.0
costs_up20,2,domestic_only,e_to_d,d_to_e,0,75,0.0
costs_up20,2,domestic_only,e_to_d,e_to_d,0,75,0.0
costs_up20,2,customer_only,none,none,0,75,0.0
costs_up20,2,customer_only,none,d_only,33,75,0.44
costs_up20,2,customer_only,none,e_only,0,75,0.0
costs_up20,2,customer_only,none,simultaneous,0,75,0.0
costs_up20,2,customer_only,none,d_to_e,0,75,0.0
costs_up20,2,customer_only,none,e_to_d,0,75,0.0
costs_up20,2,customer_only,d_only,none,0,75,0.0
costs_up20,2,customer_only,d_only,d_only,0,75,0.0
costs_up20,2,customer_only,d_only,e_only,0,75,0.0
costs_up20,2,customer_only,d_only,simultaneous,0,75,0.0
costs_up20,2,customer_only,d_only,d_to_e,0,75,0.0
costs_up20,2,customer_only,d_only,e_to_d,0,75,0.0
costs_up20,2,customer_only,e_only,none,0,75,0.0
costs_up20,2,customer_only,e_only,d_only,13,75,0.17333333333333334
costs_up20,2,customer_only,e_only,e_only,1,75,0.013333333333333334
costs_up20,2,customer_only,e_only,simultaneous,5,75,0.06666666666666667
costs_up20,2,customer_only,e_only,d_to_e,16,75,0.21333333333333335
costs_up20,2,customer_only,e_only,e_to_d,7,75,0.09333333333333334
costs_up20,2,customer_only,simultaneous,none,0,75,0.0
costs_up20,2,customer_only,simultaneous,d_only,0,75,0.0
costs_up20,2,customer_only,simultaneous,e_only,0,75,0.0
costs_up20,2,customer_only,simultaneous,simultaneous,0,75,0.0
costs_up20,2,customer_only,simultaneous,d_to_e,0,75,0.0
costs_up20,2,customer_only,simultaneous,e_to_d,0,75,0.0
costs_up20,2,customer_only,d_to_e,none,0,75,0.0
costs_up20,2,customer_only,d_to_e,d_only,0,75,0.0
costs_up20,2,customer_only,d_to_e,e_only,0,75,0.0
costs_up20,2,customer_only,d_to_e,simultaneous,0,75,0.0
costs_up20,2,customer_only,d_to_e,d_to_e,0,75,0.0
costs_up20,2,customer_only,d_to_e,e_to_d,0,75,0.0
costs_up20,2,customer_only,e_to_d,none,0,75,0.0
costs_up20,2,customer_only,e_to_d,d_only,0,75,0.0
costs_up20,2,customer_only,e_to_d,e_only,0,75,0.0
costs_up20,2,customer_only,e_to_d,simultaneous,0,75,0.0
costs_up20,2,customer_only,e_to_d,d_to_e,0,75,0.0
costs_up20,2,customer_only,e_to_d,e_to_d,0,75,0.0
costs_up20,3,domestic_only,none,none,0,84,0.0
costs_up20,3,domestic_only,none,d_only,0,84,0.0
costs_up20,3,domestic_only,none,e_only,0,84,0.0
costs_up20,3,domestic_only,none,simultaneous,0,84,0.0
costs_up20,3,domestic_only,none,d_to_e,0,84,0.0
costs_up20,3,domestic_only,none,e_to_d,0,84,0.0
costs_up20,3,domestic_only,d_only,none,0,84,0.0
costs_up20,3,domestic_only,d_only,d_only,52,84,0.6190476190476191
costs_up20,3,domestic_only,d_only,e_only,4,84,0.047619047619047616
costs_up20,3,domestic_only,d_only,simultaneous,0,84,0.0
costs_up20,3,domestic_only,d_only,d_to_e,22,84,0.2619047619047619
costs_up20,3,domestic_only,d_only,e_to_d,6,84,0.07142857142857142
costs_up20,3,domestic_only,e_only,none,0,84,0.0
costs_up20,3,domestic_only,e_only,d_only,0,84,0.0
costs_up20,3,domestic_only,e_only,e_only,0,84,0.0
costs_up20,3,domestic_only,e_only,simultaneous,0,84,0.0
costs_up20,3,domestic_only,e_only,d_to_e,0,84,0.0
costs_up20,3,domestic_only,e_only,e_to_d,0,84,0.0
costs_up20,3,domestic_only,simultaneous,none,0,84,0.0
costs_up20,3,domestic_only,simultaneous,d_only,0,84,0.0
costs_up20,3,domestic_only,simultaneous,e_only,0,84,0.0
costs_up20,3,domestic_only,simultaneous,simultaneous,0,84,0.0
costs_up20,3,domestic_only,simultaneous,d_to_e,0,84,0.0
costs_up20,3,domestic_only,simultaneous,e_to_d,0,84,0.0
costs_up20,3,domestic_only,d_to_e,none,0,84,0.0
costs_up20,3,domestic_only,d_to_e,d_only,0,84,0.0
costs_up20,3,domestic_only,d_to_e,e_only,0,84,0.0
costs_up20,3,domestic_only,d_to_e,simultaneous,0,84,0.0
costs_up20,3,domestic_only,d_to_e,d_to_e,0,84,0.0
costs_up20,3,domestic_only,d_to_e,e_to_d,0,84,0.0
costs_up20,3,domestic_only,e_to_d,none,0,84,0.0
costs_up20,3,domestic_only,e_to_d,d_only,0,84,0.0
costs_up20,3,domestic_only,e_to_d,e_only,0,84,0.0
costs_up20,3,domestic_only,e_to_d,simultaneous,0,84,0.0
costs_up20,3,domestic_only,e_to_d,d_to_e,0,84,0.0
costs_up20,3,domestic_only,e_to_d,e_to_d,0,84,0.0
costs_up20,3,customer_only,none,none,0,84,0.0
costs_up20,3,customer_only,none,d_only,39,84,0.4642857142857143
costs_up20,3,customer_only,none,e_only,0,84,0.0
costs_up20,3,customer_only,none,simultaneous,0,84,0.0
costs_up20,3,customer_only,none,d_to_e,1,84,0.011904761904761904
costs_up20,3,customer_only,none,e_to_d,0,84,0.0
costs_up20,3,customer_only,d_only,none,0,84,0.0
costs_up20,3,customer_only,d_only,d_only,0,84,0.0
costs_up20,3,customer_only,d_only,e_only,0,84,0.0
costs_up20,3,customer_only,d_only,simultaneous,0,84,0.0
costs_up20,3,customer_only,d_only,d_to_e,0,84,0.0
costs_up20,3,customer_only,d_only,e_to_d,0,84,0.0
costs_up20,3,customer_only,e_only,none,0,84,0.0
costs_up20,3,customer_only,e_only,d_only,13,84,0.15476190476190477
costs_up20,3,customer_only,e_only,e_only,4,84,0.047619047619047616
costs_up20,3,customer_only,e_only,simultaneous,0,84,0.0
costs_up20,3,customer_only,e_only,d_to_e,21,84,0.25
costs_up20,3,customer_only,e_only,e_to_d,6,84,0.07142857142857142
costs_up20,3,customer_only,simultaneous,none,0,84,0.0
costs_up20,3,customer_only,simultaneous,d_only,0,84,0.0
costs_up20,3,customer_only,simultaneous,e_only,0,84,0.0
costs_up20,3,customer_only,simultaneous,simultaneous,0,84,0.0
costs_up20,3,customer_only,simultaneous,d_to_e,0,84,0.0
costs_up20,3,customer_only,simultaneous,e_to_d,0,84,0.0
costs_up20,3,customer_only,d_to_e,none,0,84,0.0
costs_up20,3,customer_only,d_to_e,d_only,0,84,0.0
costs_up20,3,customer_only,d_to_e,e_only,0,84,0.0
costs_up20,3,customer_only,d_to_e,simultaneous,0,84,0.0
costs_up20,3,customer_only,d_to_e,d_to_e,0,84,0.0
costs_up20,3,customer_only,d_to_e,e_to_d,0,84,0.0
costs_up20,3,customer_only,e_to_d,none,0,84,0.0
costs_up20,3,customer_only,e_to_d,d_only,0,84,0.0
costs_up20,3,customer_only,e_to_d,e_only,0,84,0.0
costs_up20,3,customer_only,e_to_d,simultaneous,0,84,0.0
costs_up20,3,customer_only,e_to_d,d_to_e,0,84,0.0
costs_up20,3,customer_only,e_to_d,e_to_d,0,84,0.0
costs_up20,4,domestic_only,none,none,0,82,0.0
costs_up20,4,domestic_only,none,d_only,0,82,0.0
costs_up20,4,domestic_only,none,e_only,0,82,0.0
costs_up20,4,domestic_only,none,simultaneous,0,82,0.0
costs_up20,4,domestic_only,none,d_to_e,0,82,0.0
costs_up20,4,domestic_only,none,e_to_d,0,82,0.0
costs_up20,4,domestic_only,d_only,none,0,82,0.0
costs_up20,4,domestic_only,d_only,d_only,60,82,0.7317073170731707
costs_up20,4,domestic_only,d_only,e_only,3,82,0.036585365853658534
costs_up20,4,domestic_only,d_only,simultaneous,2,82,0.024390243902439025
costs_up20,4,domestic_only,d_only,d_to_e,14,82,0.17073170731707318
costs_up20,4,domestic_only,d_only,e_to_d,3,82,0.036585365853658534
costs_up20,4,domestic_only,e_only,none,0,82,0.0
costs_up20,4,domestic_only,e_only,d_only,0,82,0.0
costs_up20,4,domestic_only,e_only,e_only,0,82,0.0
costs_up20,4,domestic_only,e_only,simultaneous,0,82,0.0
costs_up20,4,domestic_only,e_only,d_to_e,0,82,0.0
costs_up20,4,domestic_only,e_only,e_to_d,0,82,0.0
costs_up20,4,domestic_only,simultaneous,none,0,82,0.0
costs_up20,4,domestic_only,simultaneous,d_only,0,82,0.0
costs_up20,4,domestic_only,simultaneous,e_only,0,82,0.0
costs_up20,4,domestic_only,simultaneous,simultaneous,0,82,0.0
costs_up20,4,domestic_only,simultaneous,d_to_e,0,82,0.0
costs_up20,4,domestic_only,simultaneous,e_to_d,0,82,0.0
costs_up20,4,domestic_only,d_to_e,none,0,82,0.0
costs_up20,4,domestic_only,d_to_e,d_only,0,82,0.0
costs_up20,4,domestic_only,d_to_e,e_only,0,82,0.0
costs_up20,4,domestic_only,d_to_e,simultaneous,0,82,0.0
costs_up20,4,domestic_only,d_to_e,d_to_e,0,82,0.0
costs_up20,4,domestic_only,d_to_e,e_to_d,0,82,0.0
costs_up20,4,domestic_only,e_to_d,none,0,82,0.0
costs_up20,4,domestic_only,e_to_d,d_only,0,82,0.0
costs_up20,4,domestic_only,e_to_d,e_only,0,82,0.0
costs_up20,4,domestic_only,e_to_d,simultaneous,0,82,0.0
costs_up20,4,domestic_only,e_to_d,d_to_e,0,82,0.0
costs_up20,4,domestic_only,e_to_d,e_to_d,0,82,0.0
costs_up20,4,customer_only,none,none,0,82,0.0
costs_up20,4,customer_only,none,d_only,51,82,0.6219512195121951
costs_up20,4,customer_only,none,e_only,0,82,0.0
costs_up20,4,customer_only,none,simultaneous,0,82,0.0
costs_up20,4,customer_only,none,d_to_e,0,82,0.0
costs_up20,4,customer_only,none,e_to_d,0,82,0.0
costs_up20,4,customer_only,d_only,none,0,82,0.0
costs_up20,4,customer_only,d_only,d_only,0,82,0.0
costs_up20,4,customer_only,d_only,e_only,0,82,0.0
costs_up20,4,customer_only,d_only,simultaneous,0,82,0.0
costs_up20,4,customer_only,d_only,d_to_e,0,82,0.0
costs_up20,4,customer_only,d_only,e_to_d,0,82,0.0
costs_up20,4,customer_only,e_only,none,0,82,0.0
costs_up20,4,customer_only,e_only,d_only,9,82,0.10975609756097561
costs_up20,4,customer_only,e_only,e_only,3,82,0.036585365853658534
costs_up20,4,customer_only,e_only,simultaneous,2,82,0.024390243902439025
costs_up20,4,customer_only,e_only,d_to_e,14,82,0.17073170731707318
costs_up20,4,customer_only,e_only,e_to_d,3,82,0.036585365853658534
costs_up20,4,customer_only,simultaneous,none,0,82,0.0
costs_up20,4,customer_only,simultaneous,d_only,0,82,0.0
costs_up20,4,customer_only,simultaneous,e_only,0,82,0.0
costs_up20,4,customer_only,simultaneous,simultaneous,0,82,0.0
costs_up20,4,customer_only,simultaneous,d_to_e,0,82,0.0
costs_up20,4,customer_only,simultaneous,e_to_d,0,82,0.0
costs_up20,4,customer_only,d_to_e,none,0,82,0.0
costs_up20,4,customer_only,d_to_e,d_only,0,82,0.0
costs_up20,4,customer_only,d_to_e,e_only,0,82,0.0
costs_up20,4,customer_only,d_to_e,simultaneous,0,82,0.0
costs_up20,4,customer_only,d_to_e,d_to_e,0,82,0.0
costs_up20,4,customer_only,d_to_e,e_to_d,0,82,0.0
costs_up20,4,customer_only,e_to_d,none,0,82,0.0
costs_up20,4,customer_only,e_to_d,d_only,0,82,0.0
costs_up20,4,customer_only,e_to_d,e_only,0,82,0.0
costs_up20,4,customer_only,e_to_d,simultaneous,0,82,0.0
costs_up20,4,customer_only,e_to_d,d_to_e,0,82,0.0
costs_up20,4,customer_only,e_to_d,e_to_d,0,82,0.0
costs_up20,5,domestic_only,none,none,0,85,0.0
costs_up20,5,domestic_only,none,d_only,0,85,0.0
costs_up20,5,domestic_only,none,e_only,0,85,0.0
costs_up20,5,domestic_only,none,simultaneous,0,85,0.0
costs_up20,5,domestic_only,none,d_to_e,0,85,0.0
costs_up20,5,domestic_only,none,e_to_d,0,85,0.0
costs_up20,5,domestic_only,d_only,none,0,85,0.0
costs_up20,5,domestic_only,d_only,d_only,51,85,0.6
costs_up20,5,domestic_only,d_only,e_only,1,85,0.011764705882352941
costs_up20,5,domestic_only,d_only,simultaneous,3,85,0.03529411764705882
costs_up20,5,domestic_only,d_only,d_to_e,22,85,0.25882352941176473
costs_up20,5,domestic_only,d_only,e_to_d,8,85,0.09411764705882353
costs_up20,5,domestic_only,e_only,none,0,85,0.0
costs_up20,5,domestic_only,e_only,d_only,0,85,0.0
costs_up20,5,domestic_only,e_only,e_only,0,85,0.0
costs_up20,5,domestic_only,e_only,simultaneous,0,85,0.0
costs_up20,5,domestic_only,e_only,d_to_e,0,85,0.0
costs_up20,5,domestic_only,e_only,e_to_d,0,85,0.0
costs_up20,5,domestic_only,simultaneous,none,0,85,0.0
costs_up20,5,domestic_only,simultaneous,d_only,0,85,0.0
costs_up20,5,domestic_only,simultaneous,e_only,0,85,0.0
costs_up20,5,domestic_only,simultaneous,simultaneous,0,85,0.0
costs_up20,5,domestic_only,simultaneous,d_to_e,0,85,0.0
costs_up20,5,domestic_only,simultaneous,e_to_d,0,85,0.0
costs_up20,5,domestic_only,d_to_e,none,0,85,0.0
costs_up20,5,domestic_only,d_to_e,d_only,0,85,0.0
costs_up20,5,domestic_only,d_to_e,e_only,0,85,0.0
costs_up20,5,domestic_only,d_to_e,simultaneous,0,85,0.0
costs_up20,5,domestic_only,d_to_e,d_to_e,0,85,0.0
costs_up20,5,domestic_only,d_to_e,e_to_d,0,85,0.0
costs_up20,5,domestic_only,e_to_d,none,0,85,0.0
costs_up20,5,domestic_only,e_to_d,d_only,0,85,0.0
costs_up20,5,domestic_only,e_to_d,e_only,0,85,0.0
costs_up20,5,domestic_only,e_to_d,simultaneous,0,85,0.0
costs_up20,5,domestic_only,e_to_d,d_to_e,0,85,0.0
costs_up20,5,domestic_only,e_to_d,e_to_d,0,85,0.0
costs_up20,5,customer_only,none,none,0,85,0.0
costs_up20,5,customer_only,none,d_only,36,85,0.4235294117647059
costs_up20,5,customer_only,none,e_only,0,85,0.0
costs_up20,5,customer_only,none,simultaneous,0,85,0.0
costs_up20,5,customer_only,none,d_to_e,0,85,0.0
costs_up20,5,customer_only,none,e_to_d,0,85,0.0
costs_up20,5,customer_only,d_only,none,0,85,0.0
costs_up20,5,customer_only,d_only,d_only,0,85,0.0
costs_up20,5,customer_only,d_only,e_only,0,85,0.0
costs_up20,5,customer_only,d_only,simultaneous,0,85,0.0
costs_up20,5,customer_only,d_only,d_to_e,0,85,0.0
costs_up20,5,customer_only,d_only,e_to_d,0,85,0.0
costs_up20,5,customer_only,e_only,none,0,85,0.0
costs_up20,5,customer_only,e_only,d_only,15,85,0.17647058823529413
costs_up20,5,customer_only,e_only,e_only,1,85,0.011764705882352941
costs_up20,5,customer_only,e_only,simultaneous,3,85,0.03529411764705882
costs_up20,5,customer_only,e_only,d_to_e,22,85,0.25882352941176473
costs_up20,5,customer_only,e_only,e_to_d,8,85,0.09411764705882353
costs_up20,5,customer_only,simultaneous,none,0,85,0.0
costs_up20,5,customer_only,simultaneous,d_only,0,85,0.0
costs_up20,5,customer_only,simultaneous,e_only,0,85,0.0
costs_up20,5,customer_only,simultaneous,simultaneous,0,85,0.0
costs_up20,5,customer_only,simultaneous,d_to_e,0,85,0.0
costs_up20,5,customer_only,simultaneous,e_to_d,0,85,0.0
costs_up20,5,customer_only,d_to_e,none,0,85,0.0
costs_up20,5,customer_only,d_to_e,d_only,0,85,0.0
costs_up20,5,customer_only,d_to_e,e_only,0,85,0.0
costs_up20,5,customer_only,d_to_e,simultaneous,0,85,0.0
costs_up20,5,customer_only,d_to_e,d_to_e,0,85,0.0
costs_up20,5,customer_only,d_to_e,e_to_d,0,85,0.0
costs_up20,5,customer_only,e_to_d,none,0,85,0.0
costs_up20,5,customer_only,e_to_d,d_only,0,85,0.0
costs_up20,5,customer_only,e_to_d,e_only,0,85,0.0
costs_up20,5,customer_only,e_to_d,simultaneous,0,85,0.0
costs_up20,5,customer_only,e_to_d,d_to_e,0,85,0.0
costs_up20,5,customer_only,e_to_d,e_to_d,0,85,0.0
costs_up20,6,domestic_only,none,none,0,86,0.0
costs_up20,6,domestic_only,none,d_only,0,86,0.0
costs_up20,6,domestic_only,none,e_only,0,86,0.0
costs_up20,6,domestic_only,none,simultaneous,0,86,0.0
costs_up20,6,domestic_only,none,d_to_e,0,86,0.0
costs_up20,6,domestic_only,none,e_to_d,0,86,0.0
costs_up20,6,domestic_only,d_only,none,0,86,0.0
costs_up20,6,domestic_only,d_only,d_only,56,86,0.6511627906976745
costs_up20,6,domestic_only,d_only,e_only,1,86,0.011627906976744186
costs_up20,6,domestic_only,d_only,simultaneous,3,86,0.03488372093023256
costs_up20,6,domestic_only,d_only,d_to_e,19,86,0.22093023255813954
costs_up20,6,domestic_only,d_only,e_to_d,7,86,0.08139534883720931
costs_up20,6,domestic_only,e_only,none,0,86,0.0
costs_up20,6,domestic_only,e_only,d_only,0,86,0.0
costs_up20,6,domestic_only,e_only,e_only,0,86,0.0
costs_up20,6,domestic_only,e_only,simultaneous,0,86,0.0
costs_up20,6,domestic_only,e_only,d_to_e,0,86,0.0
costs_up20,6,domestic_only,e_only,e_to_d,0,86,0.0
costs_up20,6,domestic_only,simultaneous,none,0,86,0.0
costs_up20,6,domestic_only,simultaneous,d_only,0,86,0.0
costs_up20,6,domestic_only,simultaneous,e_only,0,86,0.0
costs_up20,6,domestic_only,simultaneous,simultaneous,0,86,0.0
costs_up20,6,domestic_only,simultaneous,d_to_e,0,86,0.0
costs_up20,6,domestic_only,simultaneous,e_to_d,0,86,0.0
costs_up20,6,domestic_only,d_to_e,none,0,86,0.0
costs_up20,6,domestic_only,d_to_e,d_only,0,86,0.0
costs_up20,6,domestic_only,d_to_e,e_only,0,86,0.0
costs_up20,6,domestic_only,d_to_e,simultaneous,0,86,0.0
costs_up20,6,domestic_only,d_to_e,d_to_e,0,86,0.0
costs_up20,6,domestic_only,d_to_e,e_to_d,0,86,0.0
costs_up20,6,domestic_only,e_to_d,none,0,86,0.0
costs_up20,6,domestic_only,e_to_d,d_only,0,86,0.0
costs_up20,6,domestic_only,e_to_d,e_only,0,86,0.0
costs_up20,6,domestic_only,e_to_d,simultaneous,0,86,0.0
costs_up20,6,domestic_only,e_to_d,d_to_e,0,86,0.0
costs_up20,6,domestic_only,e_to_d,e_to_d,0,86,0.0
costs_up20,6,customer_only,none,none,0,86,0.0
costs_up20,6,customer_only,none,d_only,36,86,0.4186046511627907
costs_up20,6,customer_only,none,e_only,0,86,0.0
costs_up20,6,customer_only,none,simultaneous,0,86,0.0
costs_up20,6,customer_only,none,d_to_e,0,86,0.0
costs_up20,6,customer_only,none,e_to_d,0,86,0.0
costs_up20,6,customer_only,d_only,none,0,86,0.0
costs_up20,6,customer_only,d_only,d_only,0,86,0.0
costs_up20,6,customer_only,d_only,e_only,0,86,0.0
costs_up20,6,customer_only,d_only,simultaneous,0,86,0.0
costs_up20,6,customer_only,d_only,d_to_e,0,86,0.0
costs_up20,6,customer_only,d_only,e_to_d,0,86,0.0
costs_up20,6,customer_only,e_only,none,0,86,0.0
costs_up20,6,customer_only,e_only,d_only,20,86,0.23255813953488372
costs_up20,6,customer_only,e_only,e_only,1,86,0.011627906976744186
costs_up20,6,customer_only,e_only,simultaneous,3,86,0.03488372093023256
costs_up20,6,customer_only,e_only,d_to_e,19,86,0.22093023255813954
costs_up20,6,customer_only,e_only,e_to_d,7,86,0.08139534883720931
costs_up20,6,customer_only,simultaneous,none,0,86,0.0
costs_up20,6,customer_only,simultaneous,d_only,0,86,0.0
costs_up20,6,customer_only,simultaneous,e_only,0,86,0.0
costs_up20,6,customer_only,simultaneous,simultaneous,0,86,0.0
costs_up20,6,customer_only,simultaneous,d_to_e,0,86,0.0
costs_up20,6,customer_only,simultaneous,e_to_d,0,86,0.0
costs_up20,6,customer_only,d_to_e,none,0,86,0.0
costs_up20,6,customer_only,d_to_e,d_only,0,86,0.0
costs_up20,6,customer_only,d_to_e,e_only,0,86,0.0
costs_up20,6,customer_only,d_to_e,simultaneous,0,86,0.0
costs_up20,6,customer_only,d_to_e,d_to_e,0,86,0.0
costs_up20,6,customer_only,d_to_e,e_to_d,0,86,0.0
costs_up20,6,customer_only,e_to_d,none,0,86,0.0
costs_up20,6,customer_only,e_to_d,d_only,0,86,0.0
costs_up20,6,customer_only,e_to_d,e_only,0,86,0.0
costs_up20,6,customer_only,e_to_d,simultaneous,0,86,0.0
costs_up20,6,customer_only,e_to_d,d_to_e,0,86,0.0
costs_up20,6,customer_only,e_to_d,e_to_d,0,86,0.0
costs_up20,7,domestic_only,none,none,0,84,0.0
costs_up20,7,domestic_only,none,d_only,0,84,0.0
costs_up20,7,domestic_only,none,e_only,0,84,0.0
costs_up20,7,domestic_only,none,simultaneous,0,84,0.0
costs_up20,7,domestic_only,none,d_to_e,0,84,0.0
costs_up20,7,domestic_only,none,e_to_d,0,84,0.0
costs_up20,7,domestic_only,d_only,none,0,84,0.0
costs_up20,7,domestic_only,d_only,d_only,54,84,0.6428571428571429
costs_up20,7,domestic_only,d_only,e_only,1,84,0.011904761904761904
costs_up20,7,domestic_only,d_only,simultaneous,4,84,0.047619047619047616
costs_up20,7,domestic_only,d_only,d_to_e,21,84,0.25
costs_up20,7,domestic_only,d_only,e_to_d,4,84,0.047619047619047616
costs_up20,7,domestic_only,e_only,none,0,84,0.0
costs_up20,7,domestic_only,e_only,d_only,0,84,0.0
costs_up20,7,domestic_only,e_only,e_only,0,84,0.0
costs_up20,7,domestic_only,e_only,simultaneous,0,84,0.0
costs_up20,7,domestic_only,e_only,d_to_e,0,84,0.0
costs_up20,7,domestic_only,e_only,e_to_d,0,84,0.0
costs_up20,7,domestic_only,simultaneous,none,0,84,0.0
costs_up20,7,domestic_only,simultaneous,d_only,0,84,0.0
costs_up20,7,domestic_only,simultaneous,e_only,0,84,0.0
costs_up20,7,domestic_only,simultaneous,simultaneous,0,84,0.0
costs_up20,7,domestic_only,simultaneous,d_to_e,0,84,0.0
costs_up20,7,domestic_only,simultaneous,e_to_d,0,84,0.0
costs_up20,7,domestic_only,d_to_e,none,0,84,0.0
costs_up20,7,domestic_only,d_to_e,d_only,0,84,0.0
costs_up20,7,domestic_only,d_to_e,e_only,0,84,0.0
costs_up20,7,domestic_only,d_to_e,simultaneous,0,84,0.0
costs_up20,7,domestic_only,d_to_e,d_to_e,0,84,0.0
costs_up20,7,domestic_only,d_to_e,e_to_d,0,84,0.0
costs_up20,7,domestic_only,e_to_d,none,0,84,0.0
costs_up20,7,domestic_only,e_to_d,d_only,0,84,0.0
costs_up20,7,domestic_only,e_to_d,e_only,0,84,0.0
costs_up20,7,domestic_only,e_to_d,simultaneous,0,84,0.0
costs_up20,7,domestic_only,e_to_d,d_to_e,0,84,0.0
costs_up20,7,domestic_only,e_to_d,e_to_d,0,84,0.0
costs_up20,7,customer_only,none,none,0,84,0.0
costs_up20,7,customer_only,none,d_only,46,84,0.5476190476190477
costs_up20,7,customer_only,none,e_only,0,84,0.0
costs_up20,7,customer_only,none,simultaneous,0,84,0.0
costs_up20,7,customer_only,none,d_to_e,0,84,0.0
costs_up20,7,customer_only,none,e_to_d,0,84,0.0
costs_up20,7,customer_only,d_only,none,0,84,0.0
costs_up20,7,customer_only,d_only,d_only,0,84,0.0
costs_up20,7,customer_only,d_only,e_only,0,84,0.0
costs_up20,7,customer_only,d_only,simultaneous,0,84,0.0
costs_up20,7,customer_only,d_only,d_to_e,0,84,0.0
costs_up20,7,customer_only,d_only,e_to_d,0,84,0.0
costs_up20,7,customer_only,e_only,none,0,84,0.0
costs_up20,7,customer_only,e_only,d_only,8,84,0.09523809523809523
costs_up20,7,customer_only,e_only,e_only,1,84,0.011904761904761904
costs_up20,7,customer_only,e_only,simultaneous,4,84,0.047619047619047616
costs_up20,7,customer_only,e_only,d_to_e,21,84,0.25
costs_up20,7,customer_only,e_only,e_to_d,4,84,0.047619047619047616
costs_up20,7,customer_only,simultaneous,none,0,84,0.0
costs_up20,7,customer_only,simultaneous,d_only,0,84,0.0
costs_up20,7,customer_only,simultaneous,e_only,0,84,0.0
costs_up20,7,customer_only,simultaneous,simultaneous,0,84,0.0
costs_up20,7,customer_only,simultaneous,d_to_e,0,84,0.0
costs_up20,7,customer_only,simultaneous,e_to_d,0,84,0.0
costs_up20,7,customer_only,d_to_e,none,0,84,0.0
costs_up20,7,customer_only,d_to_e,d_only,0,84,0.0
costs_up20,7,customer_only,d_to_e,e_only,0,84,0.0
costs_up20,7,customer_only,d_to_e,simultaneous,0,84,0.0
costs_up20,7,customer_only,d_to_e,d_to_e,0,84,0.0
costs_up20,7,customer_only,d_to_e,e_to_d,0,84,0.0
costs_up20,7,customer_only,e_to_d,none,0,84,0.0
costs_up20,7,customer_only,e_to_d,d_only,0,84,0.0
costs_up20,7,customer_only,e_to_d,e_only,0,84,0.0
costs_up20,7,customer_only,e_to_d,simultaneous,0,84,0.0
costs_up20,7,customer_only,e_to_d,d_to_e,0,84,0.0
costs_up20,7,customer_only,e_to_d,e_to_d,0,84,0.0
costs_up20,8,domestic_only,none,none,0,71,0.0
costs_up20,8,domestic_only,none,d_only,0,71,0.0
costs_up20,8,domestic_only,none,e_only,0,71,0.0
costs_up20,8,domestic_only,none,simultaneous,0,71,0.0
costs_up20,8,domestic_only,none,d_to_e,0,71,0.0
costs_up20,8,domestic_only,none,e_to_d,0,71,0.0
costs_up20,8,domestic_only,d_only,none,0,71,0.0
costs_up20,8,domestic_only,d_only,d_only,54,71,0.7605633802816901
costs_up20,8,domestic_only,d_only,e_only,0,71,0.0
costs_up20,8,domestic_only,d_only,simultaneous,4,71,0.056338028169014086
costs_up20,8,domestic_only,d_only,d_to_e,12,71,0.16901408450704225
costs_up20,8,domestic_only,d_only,e_to_d,1,71,0.014084507042253521
costs_up20,8,domestic_only,e_only,none,0,71,0.0
costs_up20,8,domestic_only,e_only,d_only,0,71,0.0
costs_up20,8,domestic_only,e_only,e_only,0,71,0.0
costs_up20,8,domestic_only,e_only,simultaneous,0,71,0.0
costs_up20,8,domestic_only,e_only,d_to_e,0,71,0.0
costs_up20,8,domestic_only,e_only,e_to_d,0,71,0.0
costs_up20,8,domestic_only,simultaneous,none,0,71,0.0
costs_up20,8,domestic_only,simultaneous,d_only,0,71,0.0
costs_up20,8,domestic_only,simultaneous,e_only,0,71,0.0
costs_up20,8,domestic_only,simultaneous,simultaneous,0,71,0.0
costs_up20,8,domestic_only,simultaneous,d_to_e,0,71,0.0
costs_up20,8,domestic_only,simultaneous,e_to_d,0,71,0.0
costs_up20,8,domestic_only,d_to_e,none,0,71,0.0
costs_up20,8,domestic_only,d_to_e,d_only,0,71,0.0
costs_up20,8,domestic_only,d_to_e,e_only,0,71,0.0
costs_up20,8,domestic_only,d_to_e,simultaneous,0,71,0.0
costs_up20,8,domestic_only,d_to_e,d_to_e,0,71,0.0
costs_up20,8,domestic_only,d_to_e,e_to_d,0,71,0.0
costs_up20,8,domestic_only,e_to_d,none,0,71,0.0
costs_up20,8,domestic_only,e_to_d,d_only,0,71,0.0
costs_up20,8,domestic_only,e_to_d,e_only,0,71,0.0
costs_up20,8,domestic_only,e_to_d,simultaneous,0,71,0.0
costs_up20,8,domestic_only,e_to_d,d_to_e,0,71,0.0
costs_up20,8,domestic_only,e_to_d,e_to_d,0,71,0.0
costs_up20,8,customer_only,none,none,0,71,0.0
costs_up20,8,customer_only,none,d_only,40,71,0.5633802816901409
costs_up20,8,customer_only,none,e_only,0,71,0.0
costs_up20,8,customer_only,none,simultaneous,0,71,0.0
costs_up20,8,customer_only,none,d_to_e,0,71,0.0
costs_up20,8,customer_only,none,e_to_d,0,71,0.0
costs_up20,8,customer_only,d_only,none,0,71,0.0
costs_up20,8,customer_only,d_only,d_only,0,71,0.0
costs_up20,8,customer_only,d_only,e_only,0,71,0.0
costs_up20,8,customer_only,d_only,simultaneous,0,71,0.0
costs_up20,8,customer_only,d_only,d_to_e,0,71,0.0
costs_up20,8,customer_only,d_only,e_to_d,0,71,0.0
costs_up20,8,customer_only,e_only,none,0,71,0.0
costs_up20,8,customer_only,e_only,d_only,14,71,0.19718309859154928
costs_up20,8,customer_only,e_only,e_only,0,71,0.0
costs_up20,8,customer_only,e_only,simultaneous,4,71,0.056338028169014086
costs_up20,8,customer_only,e_only,d_to_e,12,71,0.16901408450704225
costs_up20,8,customer_only,e_only,e_to_d,1,71,0.014084507042253521
costs_up20,8,customer_only,simultaneous,none,0,71,0.0
costs_up20,8,customer_only,simultaneous,d_only,0,71,0.0
costs_up20,8,customer_only,simultaneous,e_only,0,71,0.0
costs_up20,8,customer_only,simultaneous,simultaneous,0,71,0.0
costs_up20,8,customer_only,simultaneous,d_to_e,0,71,0.0
costs_up20,8,customer_only,simultaneous,e_to_d,0,71,0.0
costs_up20,8,customer_only,d_to_e,none,0,71,0.0
costs_up20,8,customer_only,d_to_e,d_only,0,71,0.0
costs_up20,8,customer_only,d_to_e,e_only,0,71,0.0
costs_up20,8,customer_only,d_to_e,simultaneous,0,71,0.0
costs_up20,8,customer_only,d_to_e,d_to_e,0,71,0.0
costs_up20,8,customer_only,d_to_e,e_to_d,0,71,0.0
costs_up20,8,customer_only,e_to_d,none,0,71,0.0
costs_up20,8,customer_only,e_to_d,d_only,0,71,0.0
costs_up20,8,customer_only,e_to_d,e_only,0,71,0.0
costs_up20,8,customer_only,e_to_d,simultaneous,0,71,0.0
costs_up20,8,customer_only,e_to_d,d_to_e,0,71,0.0
costs_up20,8,customer_only,e_to_d,e_to_d,0,71,0.0
costs_up20,9,domestic_only,none,none,0,64,0.0
costs_up20,9,domestic_only,none,d_only,0,64,0.0
costs_up20,9,domestic_only,none,e_only,0,64,0.0
costs_up20,9,domestic_only,none,simultaneous,0,64,0.0
costs_up20,9,domestic_only,none,d_to_e,0,64,0.0
costs_up20,9,domestic_only,none,e_to_d,0,64,0.0
costs_up20,9,domestic_only,d_only,none,0,64,0.0
costs_up20,9,domestic_only,d_only,d_only,38,64,0.59375
costs_up20,9,domestic_only,d_only,e_only,2,64,0.03125
costs_up20,9,domestic_only,d_only,simultaneous,2,64,0.03125
costs_up20,9,domestic_only,d_only,d_to_e,19,64,0.296875
costs_up20,9,domestic_only,d_only,e_to_d,3,64,0.046875
costs_up20,9,domestic_only,e_only,none,0,64,0.0
costs_up20,9,domestic_only,e_only,d_only,0,64,0.0
costs_up20,9,domestic_only,e_only,e_only,0,64,0.0
costs_up20,9,domestic_only,e_only,simultaneous,0,64,0.0
costs_up20,9,domestic_only,e_only,d_to_e,0,64,0.0
costs_up20,9,domestic_only,e_only,e_to_d,0,64,0.0
costs_up20,9,domestic_only,simultaneous,none,0,64,0.0
costs_up20,9,domestic_only,simultaneous,d_only,0,64,0.0
costs_up20,9,domestic_only,simultaneous,e_only,0,64,0.0
costs_up20,9,domestic_only,simultaneous,simultaneous,0,64,0.0
costs_up20,9,domestic_only,simultaneous,d_to_e,0,64,0.0
costs_up20,9,domestic_only,simultaneous,e_to_d,0,64,0.0
costs_up20,9,domestic_only,d_to_e,none,0,64,0.0
costs_up20,9,domestic_only,d_to_e,d_only,0,64,0.0
costs_up20,9,domestic_only,d_to_e,e_only,0,64,0.0
costs_up20,9,domestic_only,d_to_e,simultaneous,0,64,0.0
costs_up20,9,domestic_only,d_to_e,d_to_e,0,64,0.0
costs_up20,9,domestic_only,d_to_e,e_to_d,0,64,0.0
costs_up20,9,domestic_only,e_to_d,none,0,64,0.0
costs_up20,9,domestic_only,e_to_d,d_only,0,64,0.0
costs_up20,9,domestic_only,e_to_d,e_only,0,64,0.0
costs_up20,9,domestic_only,e_to_d,simultaneous,0,64,0.0
costs_up20,9,domestic_only,e_to_d,d_to_e,0,64,0.0
costs_up20,9,domestic_only,e_to_d,e_to_d,0,64,0.0
costs_up20,9,customer_only,none,none,0,64,0.0
costs_up20,9,customer_only,none,d_only,26,64,0.40625
costs_up20,9,customer_only,none,e_only,0,64,0.0
costs_up20,9,customer_only,none,simultaneous,0,64,0.0
costs_up20,9,customer_only,none,d_to_e,0,64,0.0
costs_up20,9,customer_only,none,e_to_d,0,64,0.0
costs_up20,9,customer_only,d_only,none,0,64,0.0
costs_up20,9,customer_only,d_only,d_only,0,64,0.0
costs_up20,9,customer_only,d_only,e_only,0,64,0.0
costs_up20,9,customer_only,d_only,simultaneous,0,64,0.0
costs_up20,9,customer_only,d_only,d_to_e,0,64,0.0
costs_up20,9,customer_only,d_only,e_to_d,0,64,0.0
costs_up20,9,customer_only,e_only,none,0,64,0.0
costs_up20,9,customer_only,e_only,d_only,12,64,0.1875
costs_up20,9,customer_only,e_only,e_only,2,64,0.03125
costs_up20,9,customer_only,e_only,simultaneous,2,64,0.03125
costs_up20,9,customer_only,e_only,d_to_e,19,64,0.296875
costs_up20,9,customer_only,e_only,e_to_d,3,64,0.046875
costs_up20,9,customer_only,simultaneous,none,0,64,0.0
costs_up20,9,customer_only,simultaneous,d_only,0,64,0.0
costs_up20,9,customer_only,simultaneous,e_only,0,64,0.0
costs_up20,9,customer_only,simultaneous,simultaneous,0,64,0.0
costs_up20,9,customer_only,simultaneous,d_to_e,0,64,0.0
costs_up20,9,customer_only,simultaneous,e_to_d,0,64,0.0
costs_up20,9,customer_only,d_to_e,none,0,64,0.0
costs_up20,9,customer_only,d_to_e,d_only,0,64,0.0
costs_up20,9,customer_only,d_to_e,e_only,0,64,0.0
costs_up20,9,customer_only,d_to_e,simultaneous,0,64,0.0
costs_up20,9,customer_only,d_to_e,d_to_e,0,64,0.0
costs_up20,9,customer_only,d_to_e,e_to_d,0,64,0.0
costs_up20,9,customer_only,e_to_d,none,0,64,0.0
costs_up20,9,customer_only,e_to_d,d_only,0,64,0.0
costs_up20,9,customer_only,e_to_d,e_only,0,64,0.0
costs_up20,9,customer_only,e_to_d,simultaneous,0,64,0.0
costs_up20,9,customer_only,e_to_d,d_to_e,0,64,0.0
costs_up20,9,customer_only,e_to_d,e_to_d,0,64,0.0
costs_up20,10,domestic_only,none,none,0,77,0.0
costs_up20,10,domestic_only,none,d_only,0,77,0.0
costs_up20,10,domestic_only,none,e_only,0,77,0.0
costs_up20,10,domestic_only,none,simultaneous,0,77,0.0
costs_up20,10,domestic_only,none,d_to_e,0,77,0.0
costs_up20,10,domestic_only,none,e_to_d,0,77,0.0
costs_up20,10,domestic_only,d_only,none,0,77,0.0
costs_up20,10,domestic_only,d_only,d_only,63,77,0.8181818181818182
costs_up20,10,domestic_only,d_only,e_only,1,77,0.012987012987012988
costs_up20,10,domestic_only,d_only,simultaneous,5,77,0.06493506493506493
costs_up20,10,domestic_only,d_only,d_to_e,5,77,0.06493506493506493
costs_up20,10,domestic_only,d_only,e_to_d,3,77,0.03896103896103896
costs_up20,10,domestic_only,e_only,none,0,77,0.0
costs_up20,10,domestic_only,e_only,d_only,0,77,0.0
costs_up20,10,domestic_only,e_only,e_only,0,77,0.0
costs_up20,10,domestic_only,e_only,simultaneous,0,77,0.0
costs_up20,10,domestic_only,e_only,d_to_e,0,77,0.0
costs_up20,10,domestic_only,e_only,e_to_d,0,77,0.0
costs_up20,10,domestic_only,simultaneous,none,0,77,0.0
costs_up20,10,domestic_only,simultaneous,d_only,0,77,0.0
costs_up20,10,domestic_only,simultaneous,e_only,0,77,0.0
costs_up20,10,domestic_only,simultaneous,simultaneous,0,77,0.0
costs_up20,10,domestic_only,simultaneous,d_to_e,0,77,0.0
costs_up20,10,domestic_only,simultaneous,e_to_d,0,77,0.0
costs_up20,10,domestic_only,d_to_e,none,0,77,0.0
costs_up20,10,domestic_only,d_to_e,d_only,0,77,0.0
costs_up20,10,domestic_only,d_to_e,e_only,0,77,0.0
costs_up20,10,domestic_only,d_to_e,simultaneous,0,77,0.0
costs_up20,10,domestic_only,d_to_e,d_to_e,0,77,0.0
costs_up20,10,domestic_only,d_to_e,e_to_d,0,77,0.0
costs_up20,10,domestic_only,e_to_d,none,0,77,0.0
costs_up20,10,domestic_only,e_to_d,d_only,0,77,0.0
costs_up20,10,domestic_only,e_to_d,e_only,0,77,0.0
costs_up20,10,domestic_only,e_to_d,simultaneous,0,77,0.0
costs_up20,10,domestic_only,e_to_d,d_to_e,0,77,0.0
costs_up20,10,domestic_only,e_to_d,e_to_d,0,77,0.0
costs_up20,10,customer_only,none,none,0,77,0.0
costs_up20,10,customer_only,none,d_only,55,77,0.7142857142857143
costs_up20,10,customer_only,none,e_only,0,77,0.0
costs_up20,10,customer_only,none,simultaneous,0,77,0.0
costs_up20,10,customer_only,none,d_to_e,0,77,0.0
costs_up20,10,customer_only,none,e_to_d,0,77,0.0
costs_up20,10,customer_only,d_only,none,0,77,0.0
costs_up20,10,customer_only,d_only,d_only,0,77,0.0
costs_up20,10,customer_only,d_only,e_only,0,77,0.0
costs_up20,10,customer_only,d_only,simultaneous,0,77,0.0
costs_up20,10,customer_only,d_only,d_to_e,0,77,0.0
costs_up20,10,customer_only,d_only,e_to_d,0,77,0.0
costs_up20,10,customer_only,e_only,none,0,77,0.0
costs_up20,10,customer_only,e_only,d_only,8,77,0.1038961038961039
costs_up20,10,customer_only,e_only,e_only,1,77,0.012987012987012988
costs_up20,10,customer_only,e_only,simultaneous,5,77,0.06493506493506493
costs_up20,10,customer_only,e_only,d_to_e,5,77,0.06493506493506493
costs_up20,10,customer_only,e_only,e_to_d,3,77,0.03896103896103896
costs_up20,10,customer_only,simultaneous,none,0,77,0.0
costs_up20,10,customer_only,simultaneous,d_only,0,77,0.0
costs_up20,10,customer_only,simultaneous,e_only,0,77,0.0
costs_up20,10,customer_only,simultaneous,simultaneous,0,77,0.0
costs_up20,10,customer_only,simultaneous,d_to_e,0,77,0.0
costs_up20,10,customer_only,simultaneous,e_to_d,0,77,0.0
costs_up20,10,customer_only,d_to_e,none,0,77,0.0
costs_up20,10,customer_only,d_to_e,d_only,0,77,0.0
costs_up20,10,customer_only,d_to_e,e_only,0,77,0.0
costs_up20,10,customer_only,d_to_e,simultaneous,0,77,0.0
costs_up20,10,customer_only,d_to_e,d_to_e,0,77,0.0
costs_up20,10,customer_only,d_to_e,e_to_d,0,77,0.0
costs_up20,10,customer_only,e_to_d,none,0,77,0.0
costs_up20,10,customer_only,e_to_d,d_only,0,77,0.0
costs_up20,10,customer_only,e_to_d,e_only,0,77,0.0
costs_up20,10,customer_only,e_to_d,simultaneous,0,77,0.0
costs_up20,10,customer_only,e_to_d,d_to_e,0,77,0.0
costs_up20,10,customer_only,e_to_d,e_to_d,0,77,0.0
costs_up20,11,domestic_only,none,none,0,75,0.0
costs_up20,11,domestic_only,none,d_only,0,75,0.0
costs_up20,11,domestic_only,none,e_only,0,75,0.0
costs_up20,11,domestic_only,none,simultaneous,0,75,0.0
costs_up20,11,domestic_only,none,d_to_e,0,75,0.0
costs_up20,11,domestic_only,none,e_to_d,0,75,0.0
costs_up20,11,domestic_only,d_only,none,0,75,0.0
costs_up20,11,domestic_only,d_only,d_only,49,75,0.6533333333333333
costs_up20,11,domestic_only,d_only,e_only,1,75,0.013333333333333334
costs_up20,11,domestic_only,d_only,simultaneous,3,75,0.04
costs_up20,11,domestic_only,d_only,d_to_e,16,75,0.21333333333333335
costs_up20,11,domestic_only,d_only,e_to_d,6,75,0.08
costs_up20,11,domestic_only,e_only,none,0,75,0.0
costs_up20,11,domestic_only,e_only,d_only,0,75,0.0
costs_up20,11,domestic_only,e_only,e_only,0,75,0.0
costs_up20,11,domestic_only,e_only,simultaneous,0,75,0.0
costs_up20,11,domestic_only,e_only,d_to_e,0,75,0.0
costs_up20,11,domestic_only,e_only,e_to_d,0,75,0.0
costs_up20,11,domestic_only,simultaneous,none,0,75,0.0
costs_up20,11,domestic_only,simultaneous,d_only,0,75,0.0
costs_up20,11,domestic_only,simultaneous,e_only,0,75,0.0
costs_up20,11,domestic_only,simultaneous,simultaneous,0,75,0.0
costs_up20,11,domestic_only,simultaneous,d_to_e,0,75,0.0
costs_up20,11,domestic_only,simultaneous,e_to_d,0,75,0.0
costs_up20,11,domestic_only,d_to_e,none,0,75,0.0
costs_up20,11,domestic_only,d_to_e,d_only,0,75,0.0
costs_up20,11,domestic_only,d_to_e,e_only,0,75,0.0
costs_up20,11,domestic_only,d_to_e,simultaneous,0,75,0.0
costs_up20,11,domestic_only,d_to_e,d_to_e,0,75,0.0
costs_up20,11,domestic_only,d_to_e,e_to_d,0,75,0.0
costs_up20,11,domestic_only,e_to_d,none,0,75,0.0
costs_up20,11,domestic_only,e_to_d,d_only,0,75,0.0
costs_up20,11,domestic_only,e_to_d,e_only,0,75,0.0
costs_up20,11,domestic_only,e_to_d,simultaneous,0,75,0.0
costs_up20,11,domestic_only,e_to_d,d_to_e,0,75,0.0
costs_up20,11,domestic_only,e_to_d,e_to_d,0,75,0.0
costs_up20,11,customer_only,none,none,0,75,0.0
costs_up20,11,customer_only,none,d_only,41,75,0.5466666666666666
costs_up20,11,customer_only,none,e_only,0,75,0.0
costs_up20,11,customer_only,none,simultaneous,0,75,0.0
costs_up20,11,customer_only,none,d_to_e,0,75,0.0
costs_up20,11,customer_only,none,e_to_d,0,75,0.0
costs_up20,11,customer_only,d_only,none,0,75,0.0
costs_up20,11,customer_only,d_only,d_only,0,75,0.0
costs_up20,11,customer_only,d_only,e_only,0,75,0.0
costs_up20,11,customer_only,d_only,simultaneous,0,75,0.0
costs_up20,11,customer_only,d_only,d_to_e,0,75,0.0
costs_up20,11,customer_only,d_only,e_to_d,0,75,0.0
costs_up20,11,customer_only,e_only,none,0,75,0.0
costs_up20,11,customer_only,e_only,d_only,8,75,0.10666666666666667
costs_up20,11,customer_only,e_only,e_only,1,75,0.013333333333333334
costs_up20,11,customer_only,e_only,simultaneous,3,75,0.04
costs_up20,11,customer_only,e_only,d_to_e,16,75,0.21333333333333335
costs_up20,11,customer_only,e_only,e_to_d,6,75,0.08
costs_up20,11,customer_only,simultaneous,none,0,75,0.0
costs_up20,11,customer_only,simultaneous,d_only,0,75,0.0
costs_up20,11,customer_only,simultaneous,e_only,0,75,0.0
costs_up20,11,customer_only,simultaneous,simultaneous,0,75,0.0
costs_up20,11,customer_only,simultaneous,d_to_e,0,75,0.0
costs_up20,11,customer_only,simultaneous,e_to_d,0,75,0.0
costs_up20,11,customer_only,d_to_e,none,0,75,0.0
costs_up20,11,customer_only,d_to_e,d_only,0,75,0.0
costs_up20,11,customer_only,d_to_e,e_only,0,75,0.0
costs_up20,11,customer_only,d_to_e,simultaneous,0,75,0.0
costs_up20,11,customer_only,d_to_e,d_to_e,0,75,0.0
costs_up20,11,customer_only,d_to_e,e_to_d,0,75,0.0
costs_up20,11,customer_only,e_to_d,none,0,75,0.0
costs_up20,11,customer_only,e_to_d,d_only,0,75,0.0
costs_up20,11,customer_only,e_to_d,e_only,0,75,0.0
costs_up20,11,customer_only,e_to_d,simultaneous,0,75,0.0
costs_up20,11,customer_only,e_to_d,d_to_e,0,75,0.0
costs_up20,11,customer_only,e_to_d,e_to_d,0,75,0.0
costs_up20,12,domestic_only,none,none,0,77,0.0
costs_up20,12,domestic_only,none,d_only,0,77,0.0
costs_up20,12,domestic_only,none,e_only,0,77,0.0
costs_up20,12,domestic_only,none,simultaneous,0,77,0.0
costs_up20,12,domestic_only,none,d_to_e,0,77,0.0
costs_up20,12,domestic_only,none,e_to_d,0,77,0.0
costs_up20,12,domestic_only,d_only,none,0,77,0.0
costs_up20,12,domestic_only,d_only,d_only,50,77,0.6493506493506493
costs_up20,12,domestic_only,d_only,e_only,0,77,0.0
costs_up20,12,domestic_only,d_only,simultaneous,1,77,0.012987012987012988
costs_up20,12,domestic_only,d_only,d_to_e,21,77,0.2727272727272727
costs_up20,12,domestic_only,d_only,e_to_d,5,77,0.06493506493506493
costs_up20,12,domestic_only,e_only,none,0,77,0.0
costs_up20,12,domestic_only,e_only,d_only,0,77,0.0
costs_up20,12,domestic_only,e_only,e_only,0,77,0.0
costs_up20,12,domestic_only,e_only,simultaneous,0,77,0.0
costs_up20,12,domestic_only,e_only,d_to_e,0,77,0.0
costs_up20,12,domestic_only,e_only,e_to_d,0,77,0.0
costs_up20,12,domestic_only,simultaneous,none,0,77,0.0
costs_up20,12,domestic_only,simultaneous,d_only,0,77,0.0
costs_up20,12,domestic_only,simultaneous,e_only,0,77,0.0
costs_up20,12,domestic_only,simultaneous,simultaneous,0,77,0.0
costs_up20,12,domestic_only,simultaneous,d_to_e,0,77,0.0
costs_up20,12,domestic_only,simultaneous,e_to_d,0,77,0.0
costs_up20,12,domestic_only,d_to_e,none,0,77,0.0
costs_up20,12,domestic_only,d_to_e,d_only,0,77,0.0
costs_up20,12,domestic_only,d_to_e,e_only,0,77,0.0
costs_up20,12,domestic_only,d_to_e,simultaneous,0,77,0.0
costs_up20,12,domestic_only,d_to_e,d_to_e,0,77,0.0
costs_up20,12,domestic_only,d_to_e,e_to_d,0,77,0.0
costs_up20,12,domestic_only,e_to_d,none,0,77,0.0
costs_up20,12,domestic_only,e_to_d,d_only,0,77,0.0
costs_up20,12,domestic_only,e_to_d,e_only,0,77,0.0
costs_up20,12,domestic_only,e_to_d,simultaneous,0,77,0.0
costs_up20,12,domestic_only,e_to_d,d_to_e,0,77,0.0
costs_up20,12,domestic_only,e_to_d,e_to_d,0,77,0.0
costs_up20,12,customer_only,none,none,0,77,0.0
costs_up20,12,customer_only,none,d_only,36,77,0.4675324675324675
costs_up20,12,customer_only,none,e_only,0,77,0.0
costs_up20,12,customer_only,none,simultaneous,0,77,0.0
costs_up20,12,customer_only,none,d_to_e,0,77,0.0
costs_up20,12,customer_only,none,e_to_d,0,77,0.0
costs_up20,12,customer_only,d_only,none,0,77,0.0
costs_up20,12,customer_only,d_only,d_only,0,77,0.0
costs_up20,12,customer_only,d_only,e_only,0,77,0.0
costs_up20,12,customer_only,d_only,simultaneous,0,77,0.0
costs_up20,12,customer_only,d_only,d_to_e,0,77,0.0
costs_up20,12,customer_only,d_only,e_to_d,0,77,0.0
costs_up20,12,customer_only,e_only,none,0,77,0.0
costs_up20,12,customer_only,e_only,d_only,14,77,0.18181818181818182
costs_up20,12,customer_only,e_only,e_only,0,77,0.0
costs_up20,12,customer_only,e_only,simultaneous,1,77,0.012987012987012988
costs_up20,12,customer_only,e_only,d_to_e,21,77,0.2727272727272727
costs_up20,12,customer_only,e_only,e_to_d,5,77,0.06493506493506493
costs_up20,12,customer_only,simultaneous,none,0,77,0.0
costs_up20,12,customer_only,simultaneous,d_only,0,77,0.0
costs_up20,12,customer_only,simultaneous,e_only,0,77,0.0
costs_up20,12,customer_only,simultaneous,simultaneous,0,77,0.0
costs_up20,12,customer_only,simultaneous,d_to_e,0,77,0.0
costs_up20,12,customer_only,simultaneous,e_to_d,0,77,0.0
costs_up20,12,customer_only,d_to_e,none,0,77,0.0
costs_up20,12,customer_only,d_to_e,d_only,0,77,0.0
costs_up20,12,customer_only,d_to_e,e_only,0,77,0.0
costs_up20,12,customer_only,d_to_e,simultaneous,0,77,0.0
costs_up20,12,customer_only,d_to_e,d_to_e,0,77,0.0
costs_up20,12,customer_only,d_to_e,e_to_d,0,77,0.0
costs_up20,12,customer_only,e_to_d,none,0,77,0.0
costs_up20,12,customer_only,e_to_d,d_only,0,77,0.0
costs_up20,12,customer_only,e_to_d,e_only,0,77,0.0
costs_up20,12,customer_only,e_to_d,simultaneous,0,77,0.0
costs_up20,12,customer_only,e_to_d,d_to_e,0,77,0.0
costs_up20,12,customer_only,e_to_d,e_to_d,0,77,0.0
costs_up20,13,domestic_only,none,none,0,88,0.0
costs_up20,13,domestic_only,none,d_only,0,88,0.0
costs_up20,13,domestic_only,none,e_only,0,88,0.0
costs_up20,13,domestic_only,none,simultaneous,0,88,0.0
costs_up20,13,domestic_only,none,d_to_e,0,88,0.0
costs_up20,13,domestic_only,none,e_to_d,0,88,0.0
costs_up20,13,domestic_only,d_only,none,0,88,0.0
costs_up20,13,domestic_only,d_only,d_only,52,88,0.5909090909090909
costs_up20,13,domestic_only,d_only,e_only,6,88,0.06818181818181818
costs_up20,13,domestic_only,d_only,simultaneous,0,88,0.0
costs_up20,13,domestic_only,d_only,d_to_e,21,88,0.23863636363636365
costs_up20,13,domestic_only,d_only,e_to_d,9,88,0.10227272727272728
costs_up20,13,domestic_only,e_only,none,0,88,0.0
costs_up20,13,domestic_only,e_only,d_only,0,88,0.0
costs_up20,13,domestic_only,e_only,e_only,0,88,0.0
costs_up20,13,domestic_only,e_only,simultaneous,0,88,0.0
costs_up20,13,domestic_only,e_only,d_to_e,0,88,0.0
costs_up20,13,domestic_only,e_only,e_to_d,0,88,0.0
costs_up20,13,domestic_only,simultaneous,none,0,88,0.0
costs_up20,13,domestic_only,simultaneous,d_only,0,88,0.0
costs_up20,13,domestic_only,simultaneous,e_only,0,88,0.0
costs_up20,13,domestic_only,simultaneous,simultaneous,0,88,0.0
costs_up20,13,domestic_only,simultaneous,d_to_e,0,88,0.0
costs_up20,13,domestic_only,simultaneous,e_to_d,0,88,0.0
costs_up20,13,domestic_only,d_to_e,none,0,88,0.0
costs_up20,13,domestic_only,d_to_e,d_only,0,88,0.0
costs_up20,13,domestic_only,d_to_e,e_only,0,88,0.0
costs_up20,13,domestic_only,d_to_e,simultaneous,0,88,0.0
costs_up20,13,domestic_only,d_to_e,d_to_e,0,88,0.0
costs_up20,13,domestic_only,d_to_e,e_to_d,0,88,0.0
costs_up20,13,domestic_only,e_to_d,none,0,88,0.0
costs_up20,13,domestic_only,e_to_d,d_only,0,88,0.0
costs_up20,13,domestic_only,e_to_d,e_only,0,88,0.0
costs_up20,13,domestic_only,e_to_d,simultaneous,0,88,0.0
costs_up20,13,domestic_only,e_to_d,d_to_e,0,88,0.0
costs_up20,13,domestic_only,e_to_d,e_to_d,0,88,0.0
costs_up20,13,customer_only,none,none,0,88,0.0
costs_up20,13,customer_only,none,d_only,31,88,0.3522727272727273
costs_up20,13,customer_only,none,e_only,0,88,0.0
costs_up20,13,customer_only,none,simultaneous,0,88,0.0
costs_up20,13,customer_only,none,d_to_e,0,88,0.0
costs_up20,13,customer_only,none,e_to_d,0,88,0.0
costs_up20,13,customer_only,d_only,none,0,88,0.0
costs_up20,13,customer_only,d_only,d_only,0,88,0.0
costs_up20,13,customer_only,d_only,e_only,0,88,0.0
costs_up20,13,customer_only,d_only,simultaneous,0,88,0.0
costs_up20,13,customer_only,d_only,d_to_e,0,88,0.0
costs_up20,13,customer_only,d_only,e_to_d,0,88,0.0
costs_up20,13,customer_only,e_only,none,0,88,0.0
costs_up20,13,customer_only,e_only,d_only,21,88,0.23863636363636365
costs_up20,13,customer_only,e_only,e_only,6,88,0.06818181818181818
costs_up20,13,customer_only,e_only,simultaneous,0,88,0.0
costs_up20,13,customer_only,e_only,d_to_e,21,88,0.23863636363636365
costs_up20,13,customer_only,e_only,e_to_d,9,88,0.10227272727272728
costs_up20,13,customer_only,simultaneous,none,0,88,0.0
costs_up20,13,customer_only,simultaneous,d_only,0,88,0.0
costs_up20,13,customer_only,simultaneous,e_only,0,88,0.0
costs_up20,13,customer_only,simultaneous,simultaneous,0,88,0.0
costs_up20,13,customer_only,simultaneous,d_to_e,0,88,0.0
costs_up20,13,customer_only,simultaneous,e_to_d,0,88,0.0
costs_up20,13,customer_only,d_to_e,none,0,88,0.0
costs_up20,13,customer_only,d_to_e,d_only,0,88,0.0
costs_up20,13,customer_only,d_to_e,e_only,0,88,0.0
costs_up20,13,customer_only,d_to_e,simultaneous,0,88,0.0
costs_up20,13,customer_only,d_to_e,d_to_e,0,88,0.0
costs_up20,13,customer_only,d_to_e,e_to_d,0,88,0.0
costs_up20,13,customer_only,e_to_d,none,0,88,0.0
costs_up20,13,customer_only,e_to_d,d_only,0,88,0.0
costs_up20,13,customer_only,e_to_d,e_only,0,88,0.0
costs_up20,13,customer_only,e_to_d,simultaneous,0,88,0.0
costs_up20,13,customer_only,e_to_d,d_to_e,0,88,0.0
costs_up20,13,customer_only,e_to_d,e_to_d,0,88,0.0
costs_up20,14,domestic_only,none,none,0,69,0.0
costs_up20,14,domestic_only,none,d_only,0,69,0.0
costs_up20,14,domestic_only,none,e_only,0,69,0.0
costs_up20,14,domestic_only,none,simultaneous,0,69,0.0
costs_up20,14,domestic_only,none,d_to_e,0,69,0.0
costs_up20,14,domestic_only,none,e_to_d,0,69,0.0
costs_up20,14,domestic_only,d_only,none,0,69,0.0
costs_up20,14,domestic_only,d_only,d_only,45,69,0.6521739130434783
costs_up20,14,domestic_only,d_only,e_only,2,69,0.028985507246376812
costs_up20,14,domestic_only,d_only,simultaneous,2,69,0.028985507246376812
costs_up20,14,domestic_only,d_only,d_to_e,16,69,0.2318840579710145
costs_up20,14,domestic_only,d_only,e_to_d,4,69,0.057971014492753624
costs_up20,14,domestic_only,e_only,none,0,69,0.0
costs_up20,14,domestic_only,e_only,d_only,0,69,0.0
costs_up20,14,domestic_only,e_only,e_only,0,69,0.0
costs_up20,14,domestic_only,e_only,simultaneous,0,69,0.0
costs_up20,14,domestic_only,e_only,d_to_e,0,69,0.0
costs_up20,14,domestic_only,e_only,e_to_d,0,69,0.0
costs_up20,14,domestic_only,simultaneous,none,0,69,0.0
costs_up20,14,domestic_only,simultaneous,d_only,0,69,0.0
costs_up20,14,domestic_only,simultaneous,e_only,0,69,0.0
costs_up20,14,domestic_only,simultaneous,simultaneous,0,69,0.0
costs_up20,14,domestic_only,simultaneous,d_to_e,0,69,0.0
costs_up20,14,domestic_only,simultaneous,e_to_d,0,69,0.0
costs_up20,14,domestic_only,d_to_e,none,0,69,0.0
costs_up20,14,domestic_only,d_to_e,d_only,0,69,0.0
costs_up20,14,domestic_only,d_to_e,e_only,0,69,0.0
costs_up20,14,domestic_only,d_to_e,simultaneous,0,69,0.0
costs_up20,14,domestic_only,d_to_e,d_to_e,0,69,0.0
costs_up20,14,domestic_only,d_to_e,e_to_d,0,69,0.0
costs_up20,14,domestic_only,e_to_d,none,0,69,0.0
costs_up20,14,domestic_only,e_to_d,d_only,0,69,0.0
costs_up20,14,domestic_only,e_to_d,e_only,0,69,0.0
costs_up20,14,domestic_only,e_to_d,simultaneous,0,69,0.0
costs_up20,14,domestic_only,e_to_d,d_to_e,0,69,0.0
costs_up20,14,domestic_only,e_to_d,e_to_d,0,69,0.0
costs_up20,14,customer_only,none,none,0,69,0.0
costs_up20,14,customer_only,none,d_only,33,69,0.4782608695652174
costs_up20,14,customer_only,none,e_only,0,69,0.0
costs_up20,14,customer_only,none,simultaneous,0,69,0.0
costs_up20,14,customer_only,none,d_to_e,0,69,0.0
costs_up20,14,customer_only,none,e_to_d,0,69,0.0
costs_up20,14,customer_only,d_only,none,0,69,0.0
costs_up20,14,customer_only,d_only,d_only,0,69,0.0
costs_up20,14,customer_only,d_only,e_only,0,69,0.0
costs_up20,14,customer_only,d_only,simultaneous,0,69,0.0
costs_up20,14,customer_only,d_only,d_to_e,0,69,0.0
costs_up20,14,customer_only,d_only,e_to_d,0,69,0.0
costs_up20,14,customer_only,e_only,none,0,69,0.0
costs_up20,14,customer_only,e_only,d_only,12,69,0.17391304347826086
costs_up20,14,customer_only,e_only,e_only,2,69,0.028985507246376812
costs_up20,14,customer_only,e_only,simultaneous,2,69,0.028985507246376812
costs_up20,14,customer_only,e_only,d_to_e,16,69,0.2318840579710145
costs_up20,14,customer_only,e_only,e_to_d,4,69,0.057971014492753624
costs_up20,14,customer_only,simultaneous,none,0,69,0.0
costs_up20,14,customer_only,simultaneous,d_only,0,69,0.0
costs_up20,14,customer_only,simultaneous,e_only,0,69,0.0
costs_up20,14,customer_only,simultaneous,simultaneous,0,69,0.0
costs_up20,14,customer_only,simultaneous,d_to_e,0,69,0.0
costs_up20,14,customer_only,simultaneous,e_to_d,0,69,0.0
costs_up20,14,customer_only,d_to_e,none,0,69,0.0
costs_up20,14,customer_only,d_to_e,d_only,0,69,0.0
costs_up20,14,customer_only,d_to_e,e_only,0,69,0.0
costs_up20,14,customer_only,d_to_e,simultaneous,0,69,0.0
costs_up20,14,customer_only,d_to_e,d_to_e,0,69,0.0
costs_up20,14,customer_only,d_to_e,e_to_d,0,69,0.0
costs_up20,14,customer_only,e_to_d,none,0,69,0.0
costs_up20,14,customer_only,e_to_d,d_only,0,69,0.0
costs_up20,14,customer_only,e_to_d,e_only,0,69,0.0
costs_up20,14,customer_only,e_to_d,simultaneous,0,69,0.0
costs_up20,14,customer_only,e_to_d,d_to_e,0,69,0.0
costs_up20,14,customer_only,e_to_d,e_to_d,0,69,0.0
costs_up20,15,domestic_only,none,none,0,78,0.0
costs_up20,15,domestic_only,none,d_only,0,78,0.0
costs_up20,15,domestic_only,none,e_only,0,78,0.0
costs_up20,15,domestic_only,none,simultaneous,0,78,0.0
costs_up20,15,domestic_only,none,d_to_e,0,78,0.0
costs_up20,15,domestic_only,none,e_to_d,0,78,0.0
costs_up20,15,domestic_only,d_only,none,0,78,0.0
costs_up20,15,domestic_only,d_only,d_only,39,78,0.5
costs_up20,15,domestic_only,d_only,e_only,3,78,0.038461538461538464
costs_up20,15,domestic_only,d_only,simultaneous,1,78,0.01282051282051282
costs_up20,15,domestic_only,d_only,d_to_e,29,78,0.3717948717948718
costs_up20,15,domestic_only,d_only,e_to_d,6,78,0.07692307692307693
costs_up20,15,domestic_only,e_only,none,0,78,0.0
costs_up20,15,domestic_only,e_only,d_only,0,78,0.0
costs_up20,15,domestic_only,e_only,e_only,0,78,0.0
costs_up20,15,domestic_only,e_only,simultaneous,0,78,0.0
costs_up20,15,domestic_only,e_only,d_to_e,0,78,0.0
costs_up20,15,domestic_only,e_only,e_to_d,0,78,0.0
costs_up20,15,domestic_only,simultaneous,none,0,78,0.0
costs_up20,15,domestic_only,simultaneous,d_only,0,78,0.0
costs_up20,15,domestic_only,simultaneous,e_only,0,78,0.0
costs_up20,15,domestic_only,simultaneous,simultaneous,0,78,0.0
costs_up20,15,domestic_only,simultaneous,d_to_e,0,78,0.0
costs_up20,15,domestic_only,simultaneous,e_to_d,0,78,0.0
costs_up20,15,domestic_only,d_to_e,none,0,78,0.0
costs_up20,15,domestic_only,d_to_e,d_only,0,78,0.0
costs_up20,15,domestic_only,d_to_e,e_only,0,78,0.0
costs_up20,15,domestic_only,d_to_e,simultaneous,0,78,0.0
costs_up20,15,domestic_only,d_to_e,d_to_e,0,78,0.0
costs_up20,15,domestic_only,d_to_e,e_to_d,0,78,0.0
costs_up20,15,domestic_only,e_to_d,none,0,78,0.0
costs_up20,15,domestic_only,e_to_d,d_only,0,78,0.0
costs_up20,15,domestic_only,e_to_d,e_only,0,78,0.0
costs_up20,15,domestic_only,e_to_d,simultaneous,0,78,0.0
costs_up20,15,domestic_only,e_to_d,d_to_e,0,78,0.0
costs_up20,15,domestic_only,e_to_d,e_to_d,0,78,0.0
costs_up20,15,customer_only,none,none,0,78,0.0
costs_up20,15,customer_only,none,d_only,23,78,0.2948717948717949
costs_up20,15,customer_only,none,e_only,0,78,0.0
costs_up20,15,customer_only,none,simultaneous,0,78,0.0
costs_up20,15,customer_only,none,d_to_e,1,78,0.01282051282051282
costs_up20,15,customer_only,none,e_to_d,0,78,0.0
costs_up20,15,customer_only,d_only,none,0,78,0.0
costs_up20,15,customer_only,d_only,d_only,0,78,0.0
costs_up20,15,customer_only,d_only,e_only,0,78,0.0
costs_up20,15,customer_only,d_only,simultaneous,0,78,0.0
costs_up20,15,customer_only,d_only,d_to_e,0,78,0.0
costs_up20,15,customer_only,d_only,e_to_d,0,78,0.0
costs_up20,15,customer_only,e_only,none,0,78,0.0
costs_up20,15,customer_only,e_only,d_only,16,78,0.20512820512820512
costs_up20,15,customer_only,e_only,e_only,3,78,0.038461538461538464
costs_up20,15,customer_only,e_only,simultaneous,1,78,0.01282051282051282
costs_up20,15,customer_only,e_only,d_to_e,28,78,0.358974358974359
costs_up20,15,customer_only,e_only,e_to_d,6,78,0.07692307692307693
costs_up20,15,customer_only,simultaneous,none,0,78,0.0
costs_up20,15,customer_only,simultaneous,d_only,0,78,0.0
costs_up20,15,customer_only,simultaneous,e_only,0,78,0.0
costs_up20,15,customer_only,simultaneous,simultaneous,0,78,0.0
costs_up20,15,customer_only,simultaneous,d_to_e,0,78,0.0
costs_up20,15,customer_only,simultaneous,e_to_d,0,78,0.0
costs_up20,15,customer_only,d_to_e,none,0,78,0.0
costs_up20,15,customer_only,d_to_e,d_only,0,78,0.0
costs_up20,15,customer_only,d_to_e,e_only,0,78,0.0
costs_up20,15,customer_only,d_to_e,simultaneous,0,78,0.0
costs_up20,15,customer_only,d_to_e,d_to_e,0,78,0.0
costs_up20,15,customer_only,d_to_e,e_to_d,0,78,0.0
costs_up20,15,customer_only,e_to_d,none,0,78,0.0
costs_up20,15,customer_only,e_to_d,d_only,0,78,0.0
costs_up20,15,customer_only,e_to_d,e_only,0,78,0.0
costs_up20,15,customer_only,e_to_d,simultaneous,0,78,0.0
costs_up20,15,customer_only,e_to_d,d_to_e,0,78,0.0
costs_up20,15,customer_only,e_to_d,e_to_d,0,78,0.0
costs_up20,16,domestic_only,none,none,0,81,0.0
costs_up20,16,domestic_only,none,d_only,0,81,0.0
costs_up20,16,domestic_only,none,e_only,0,81,0.0
costs_up20,16,domestic_only,none,simultaneous,0,81,0.0
costs_up20,16,domestic_only,none,d_to_e,0,81,0.0
costs_up20,16,domestic_only,none,e_to_d,0,81,0.0
costs_up20,16,domestic_only,d_only,none,0,81,0.0
costs_up20,16,domestic_only,d_only,d_only,57,81,0.7037037037037037
costs_up20,16,domestic_only,d_only,e_only,1,81,0.012345679012345678
costs_up20,16,domestic_only,d_only,simultaneous,0,81,0.0
costs_up20,16,domestic_only,d_only,d_to_e,19,81,0.2345679012345679
costs_up20,16,domestic_only,d_only,e_to_d,4,81,0.04938271604938271
costs_up20,16,domestic_only,e_only,none,0,81,0.0
costs_up20,16,domestic_only,e_only,d_only,0,81,0.0
costs_up20,16,domestic_only,e_only,e_only,0,81,0.0
costs_up20,16,domestic_only,e_only,simultaneous,0,81,0.0
costs_up20,16,domestic_only,e_only,d_to_e,0,81,0.0
costs_up20,16,domestic_only,e_only,e_to_d,0,81,0.0
costs_up20,16,domestic_only,simultaneous,none,0,81,0.0
costs_up20,16,domestic_only,simultaneous,d_only,0,81,0.0
costs_up20,16,domestic_only,simultaneous,e_only,0,81,0.0
costs_up20,16,domestic_only,simultaneous,simultaneous,0,81,0.0
costs_up20,16,domestic_only,simultaneous,d_to_e,0,81,0.0
costs_up20,16,domestic_only,simultaneous,e_to_d,0,81,0.0
costs_up20,16,domestic_only,d_to_e,none,0,81,0.0
costs_up20,16,domestic_only,d_to_e,d_only,0,81,0.0
costs_up20,16,domestic_only,d_to_e,e_only,0,81,0.0
costs_up20,16,domestic_only,d_to_e,simultaneous,0,81,0.0
costs_up20,16,domestic_only,d_to_e,d_to_e,0,81,0.0
costs_up20,16,domestic_only,d_to_e,e_to_d,0,81,0.0
costs_up20,16,domestic_only,e_to_d,none,0,81,0.0
costs_up20,16,domestic_only,e_to_d,d_only,0,81,0.0
costs_up20,16,domestic_only,e_to_d,e_only,0,81,0.0
costs_up20,16,domestic_only,e_to_d,simultaneous,0,81,0.0
costs_up20,16,domestic_only,e_to_d,d_to_e,0,81,0.0
costs_up20,16,domestic_only,e_to_d,e_to_d,0,81,0.0
costs_up20,16,customer_only,none,none,0,81,0.0
costs_up20,16,customer_only,none,d_only,45,81,0.5555555555555556
costs_up20,16,customer_only,none,e_only,0,81,0.0
costs_up20,16,customer_only,none,simultaneous,0,81,0.0
costs_up20,16,customer_only,none,d_to_e,0,81,0.0
costs_up20,16,customer_only,none,e_to_d,0,81,0.0
costs_up20,16,customer_only,d_only,none,0,81,0.0
costs_up20,16,customer_only,d_only,d_only,0,81,0.0
costs_up20,16,customer_only,d_only,e_only,0,81,0.0
costs_up20,16,customer_only,d_only,simultaneous,0,81,0.0
costs_up20,16,customer_only,d_only,d_to_e,0,81,0.0
costs_up20,16,customer_only,d_only,e_to_d,0,81,0.0
costs_up20,16,customer_only,e_only,none,0,81,0.0
costs_up20,16,customer_only,e_only,d_only,12,81,0.14814814814814814
costs_up20,16,customer_only,e_only,e_only,1,81,0.012345679012345678
costs_up20,16,customer_only,e_only,simultaneous,0,81,0.0
costs_up20,16,customer_only,e_only,d_to_e,19,81,0.2345679012345679
costs_up20,16,customer_only,e_only,e_to_d,4,81,0.04938271604938271
costs_up20,16,customer_only,simultaneous,none,0,81,0.0
costs_up20,16,customer_only,simultaneous,d_only,0,81,0.0
costs_up20,16,customer_only,simultaneous,e_only,0,81,0.0
costs_up20,16,customer_only,simultaneous,simultaneous,0,81,0.0
costs_up20,16,customer_only,simultaneous,d_to_e,0,81,0.0
costs_up20,16,customer_only,simultaneous,e_to_d,0,81,0.0
costs_up20,16,customer_only,d_to_e,none,0,81,0.0
costs_up20,16,customer_only,d_to_e,d_only,0,81,0.0
costs_up20,16,customer_only,d_to_e,e_only,0,81,0.0
costs_up20,16,customer_only,d_to_e,simultaneous,0,81,0.0
costs_up20,16,customer_only,d_to_e,d_to_e,0,81,0.0
costs_up20,16,customer_only,d_to_e,e_to_d,0,81,0.0
costs_up20,16,customer_only,e_to_d,none,0,81,0.0
costs_up20,16,customer_only,e_to_d,d_only,0,81,0.0
costs_up20,16,customer_only,e_to_d,e_only,0,81,0.0
costs_up20,16,customer_only,e_to_d,simultaneous,0,81,0.0
costs_up20,16,customer_only,e_to_d,d_to_e,0,81,0.0
costs_up20,16,customer_only,e_to_d,e_to_d,0,81,0.0
costs_up20,17,domestic_only,none,none,0,85,0.0
costs_up20,17,domestic_only,none,d_only,0,85,0.0
costs_up20,17,domestic_only,none,e_only,0,85,0.0
costs_up20,17,domestic_only,none,simultaneous,0,85,0.0
costs_up20,17,domestic_only,none,d_to_e,0,85,0.0
costs_up20,17,domestic_only,none,e_to_d,0,85,0.0
costs_up20,17,domestic_only,d_only,none,0,85,0.0
costs_up20,17,domestic_only,d_only,d_only,60,85,0.7058823529411765
costs_up20,17,domestic_only,d_only,e_only,3,85,0.03529411764705882
costs_up20,17,domestic_only,d_only,simultaneous,1,85,0.011764705882352941
costs_up20,17,domestic_only,d_only,d_to_e,13,85,0.15294117647058825
costs_up20,17,domestic_only,d_only,e_to_d,8,85,0.09411764705882353
costs_up20,17,domestic_only,e_only,none,0,85,0.0
costs_up20,17,domestic_only,e_only,d_only,0,85,0.0
costs_up20,17,domestic_only,e_only,e_only,0,85,0.0
costs_up20,17,domestic_only,e_only,simultaneous,0,85,0.0
costs_up20,17,domestic_only,e_only,d_to_e,0,85,0.0
costs_up20,17,domestic_only,e_only,e_to_d,0,85,0.0
costs_up20,17,domestic_only,simultaneous,none,0,85,0.0
costs_up20,17,domestic_only,simultaneous,d_only,0,85,0.0
costs_up20,17,domestic_only,simultaneous,e_only,0,85,0.0
costs_up20,17,domestic_only,simultaneous,simultaneous,0,85,0.0
costs_up20,17,domestic_only,simultaneous,d_to_e,0,85,0.0
costs_up20,17,domestic_only,simultaneous,e_to_d,0,85,0.0
costs_up20,17,domestic_only,d_to_e,none,0,85,0.0
costs_up20,17,domestic_only,d_to_e,d_only,0,85,0.0
costs_up20,17,domestic_only,d_to_e,e_only,0,85,0.0
costs_up20,17,domestic_only,d_to_e,simultaneous,0,85,0.0
costs_up20,17,domestic_only,d_to_e,d_to_e,0,85,0.0
costs_up20,17,domestic_only,d_to_e,e_to_d,0,85,0.0
costs_up20,17,domestic_only,e_to_d,none,0,85,0.0
costs_up20,17,domestic_only,e_to_d,d_only,0,85,0.0
costs_up20,17,domestic_only,e_to_d,e_only,0,85,0.0
costs_up20,17,domestic_only,e_to_d,simultaneous,0,85,0.0
costs_up20,17,domestic_only,e_to_d,d_to_e,0,85,0.0
costs_up20,17,domestic_only,e_to_d,e_to_d,0,85,0.0
costs_up20,17,customer_only,none,none,0,85,0.0
costs_up20,17,customer_only,none,d_only,45,85,0.5294117647058824
costs_up20,17,customer_only,none,e_only,0,85,0.0
costs_up20,17,customer_only,none,simultaneous,0,85,0.0
costs_up20,17,customer_only,none,d_to_e,0,85,0.0
costs_up20,17,customer_only,none,e_to_d,0,85,0.0
costs_up20,17,customer_only,d_only,none,0,85,0.0
costs_up20,17,customer_only,d_only,d_only,0,85,0.0
costs_up20,17,customer_only,d_only,e_only,0,85,0.0
costs_up20,17,customer_only,d_only,simultaneous,0,85,0.0
costs_up20,17,customer_only,d_only,d_to_e,0,85,0.0
costs_up20,17,customer_only,d_only,e_to_d,0,85,0.0
costs_up20,17,customer_only,e_only,none,0,85,0.0
costs_up20,17,customer_only,e_only,d_only,15,85,0.17647058823529413
costs_up20,17,customer_only,e_only,e_only,3,85,0.03529411764705882
costs_up20,17,customer_only,e_only,simultaneous,1,85,0.011764705882352941
costs_up20,17,customer_only,e_only,d_to_e,13,85,0.15294117647058825
costs_up20,17,customer_only,e_only,e_to_d,8,85,0.09411764705882353
costs_up20,17,customer_only,simultaneous,none,0,85,0.0
costs_up20,17,customer_only,simultaneous,d_only,0,85,0.0
costs_up20,17,customer_only,simultaneous,e_only,0,85,0.0
costs_up20,17,customer_only,simultaneous,simultaneous,0,85,0.0
costs_up20,17,customer_only,simultaneous,d_to_e,0,85,0.0
costs_up20,17,customer_only,simultaneous,e_to_d,0,85,0.0
costs_up20,17,customer_only,d_to_e,none,0,85,0.0
costs_up20,17,customer_only,d_to_e,d_only,0,85,0.0
costs_up20,17,customer_only,d_to_e,e_only,0,85,0.0
costs_up20,17,customer_only,d_to_e,simultaneous,0,85,0.0
costs_up20,17,customer_only,d_to_e,d_to_e,0,85,0.0
costs_up20,17,customer_only,d_to_e,e_to_d,0,85,0.0
costs_up20,17,customer_only,e_to_d,none,0,85,0.0
costs_up20,17,customer_only,e_to_d,d_only,0,85,0.0
costs_up20,17,customer_only,e_to_d,e_only,0,85,0.0
costs_up20,17,customer_only,e_to_d,simultaneous,0,85,0.0
costs_up20,17,customer_only,e_to_d,d_to_e,0,85,0.0
costs_up20,17,customer_only,e_to_d,e_to_d,0,85,0.0
costs_up20,18,domestic_only,none,none,0,71,0.0
costs_up20,18,domestic_only,none,d_only,0,71,0.0
costs_up20,18,domestic_only,none,e_only,0,71,0.0
costs_up20,18,domestic_only,none,simultaneous,0,71,0.0
costs_up20,18,domestic_only,none,d_to_e,0,71,0.0
costs_up20,18,domestic_only,none,e_to_d,0,71,0.0
costs_up20,18,domestic_only,d_only,none,0,71,0.0
costs_up20,18,domestic_only,d_only,d_only,34,71,0.4788732394366197
costs_up20,18,domestic_only,d_only,e_only,1,71,0.014084507042253521
costs_up20,18,domestic_only,d_only,simultaneous,0,71,0.0
costs_up20,18,domestic_only,d_only,d_to_e,29,71,0.4084507042253521
costs_up20,18,domestic_only,d_only,e_to_d,7,71,0.09859154929577464
costs_up20,18,domestic_only,e_only,none,0,71,0.0
costs_up20,18,domestic_only,e_only,d_only,0,71,0.0
costs_up20,18,domestic_only,e_only,e_only,0,71,0.0
costs_up20,18,domestic_only,e_only,simultaneous,0,71,0.0
costs_up20,18,domestic_only,e_only,d_to_e,0,71,0.0
costs_up20,18,domestic_only,e_only,e_to_d,0,71,0.0
costs_up20,18,domestic_only,simultaneous,none,0,71,0.0
costs_up20,18,domestic_only,simultaneous,d_only,0,71,0.0
costs_up20,18,domestic_only,simultaneous,e_only,0,71,0.0
costs_up20,18,domestic_only,simultaneous,simultaneous,0,71,0.0
costs_up20,18,domestic_only,simultaneous,d_to_e,0,71,0.0
costs_up20,18,domestic_only,simultaneous,e_to_d,0,71,0.0
costs_up20,18,domestic_only,d_to_e,none,0,71,0.0
costs_up20,18,domestic_only,d_to_e,d_only,0,71,0.0
costs_up20,18,domestic_only,d_to_e,e_only,0,71,0.0
costs_up20,18,domestic_only,d_to_e,simultaneous,0,71,0.0
costs_up20,18,domestic_only,d_to_e,d_to_e,0,71,0.0
costs_up20,18,domestic_only,d_to_e,e_to_d,0,71,0.0
costs_up20,18,domestic_only,e_to_d,none,0,71,0.0
costs_up20,18,domestic_only,e_to_d,d_only,0,71,0.0
costs_up20,18,domestic_only,e_to_d,e_only,0,71,0.0
costs_up20,18,domestic_only,e_to_d,simultaneous,0,71,0.0
costs_up20,18,domestic_only,e_to_d,d_to_e,0,71,0.0
costs_up20,18,domestic_only,e_to_d,e_to_d,0,71,0.0
costs_up20,18,customer_only,none,none,0,71,0.0
costs_up20,18,customer_only,none,d_only,21,71,0.29577464788732394
costs_up20,18,customer_only,none,e_only,0,71,0.0
costs_up20,18,customer_only,none,simultaneous,0,71,0.0
costs_up20,18,customer_only,none,d_to_e,1,71,0.014084507042253521
costs_up20,18,customer_only,none,e_to_d,0,71,0.0
costs_up20,18,customer_only,d_only,none,0,71,0.0
costs_up20,18,customer_only,d_only,d_only,0,71,0.0
costs_up20,18,customer_only,d_only,e_only,0,71,0.0
costs_up20,18,customer_only,d_only,simultaneous,0,71,0.0
costs_up20,18,customer_only,d_only,d_to_e,0,71,0.0
costs_up20,18,customer_only,d_only,e_to_d,0,71,0.0
costs_up20,18,customer_only,e_only,none,0,71,0.0
costs_up20,18,customer_only,e_only,d_only,13,71,0.18309859154929578
costs_up20,18,customer_only,e_only,e_only,1,71,0.014084507042253521
costs_up20,18,customer_only,e_only,simultaneous,0,71,0.0
costs_up20,18,customer_only,e_only,d_to_e,28,71,0.39436619718309857
costs_up20,18,customer_only,e_only,e_to_d,7,71,0.09859154929577464
costs_up20,18,customer_only,simultaneous,none,0,71,0.0
costs_up20,18,customer_only,simultaneous,d_only,0,71,0.0
costs_up20,18,customer_only,simultaneous,e_only,0,71,0.0
costs_up20,18,customer_only,simultaneous,simultaneous,0,71,0.0
costs_up20,18,customer_only,simultaneous,d_to_e,0,71,0.0
costs_up20,18,customer_only,simultaneous,e_to_d,0,71,0.0
costs_up20,18,customer_only,d_to_e,none,0,71,0.0
costs_up20,18,customer_only,d_to_e,d_only,0,71,0.0
costs_up20,18,customer_only,d_to_e,e_only,0,71,0.0
costs_up20,18,customer_only,d_to_e,simultaneous,0,71,0.0
costs_up20,18,customer_only,d_to_e,d_to_e,0,71,0.0
costs_up20,18,customer_only,d_to_e,e_to_d,0,71,0.0
costs_up20,18,customer_only,e_to_d,none,0,71,0.0
costs_up20,18,customer_only,e_to_d,d_only,0,71,0.0
costs_up20,18,customer_only,e_to_d,e_only,0,71,0.0
costs_up20,18,customer_only,e_to_d,simultaneous,0,71,0.0
costs_up20,18,customer_only,e_to_d,d_to_e,0,71,0.0
costs_up20,18,customer_only,e_to_d,e_to_d,0,71,0.0
costs_up20,19,domestic_only,none,none,0,75,0.0
costs_up20,19,domestic_only,none,d_only,0,75,0.0
costs_up20,19,domestic_only,none,e_only,0,75,0.0
costs_up20,19,domestic_only,none,simultaneous,0,75,0.0
costs_up20,19,domestic_only,none,d_to_e,0,75,0.0
costs_up20,19,domestic_only,none,e_to_d,0,75,0.0
costs_up20,19,domestic_only,d_only,none,0,75,0.0
costs_up20,19,domestic_only,d_only,d_only,45,75,0.6
costs_up20,19,domestic_only,d_only,e_only,2,75,0.02666666666666667
costs_up20,19,domestic_only,d_only,simultaneous,3,75,0.04
costs_up20,19,domestic_only,d_only,d_to_e,21,75,0.28
costs_up20,19,domestic_only,d_only,e_to_d,4,75,0.05333333333333334
costs_up20,19,domestic_only,e_only,none,0,75,0.0
costs_up20,19,domestic_only,e_only,d_only,0,75,0.0
costs_up20,19,domestic_only,e_only,e_only,0,75,0.0
costs_up20,19,domestic_only,e_only,simultaneous,0,75,0.0
costs_up20,19,domestic_only,e_only,d_to_e,0,75,0.0
costs_up20,19,domestic_only,e_only,e_to_d,0,75,0.0
costs_up20,19,domestic_only,simultaneous,none,0,75,0.0
costs_up20,19,domestic_only,simultaneous,d_only,0,75,0.0
costs_up20,19,domestic_only,simultaneous,e_only,0,75,0.0
costs_up20,19,domestic_only,simultaneous,simultaneous,0,75,0.0
costs_up20,19,domestic_only,simultaneous,d_to_e,0,75,0.0
costs_up20,19,domestic_only,simultaneous,e_to_d,0,75,0.0
costs_up20,19,domestic_only,d_to_e,none,0,75,0.0
costs_up20,19,domestic_only,d_to_e,d_only,0,75,0.0
costs_up20,19,domestic_only,d_to_e,e_only,0,75,0.0
costs_up20,19,domestic_only,d_to_e,simultaneous,0,75,0.0
costs_up20,19,domestic_only,d_to_e,d_to_e,0,75,0.0
costs_up20,19,domestic_only,d_to_e,e_to_d,0,75,0.0
costs_up20,19,domestic_only,e_to_d,none,0,75,0.0
costs_up20,19,domestic_only,e_to_d,d_only,0,75,0.0
costs_up20,19,domestic_only,e_to_d,e_only,0,75,0.0
costs_up20,19,domestic_only,e_to_d,simultaneous,0,75,0.0
costs_up20,19,domestic_only,e_to_d,d_to_e,0,75,0.0
costs_up20,19,domestic_only,e_to_d,e_to_d,0,75,0.0
costs_up20,19,customer_only,none,none,0,75,0.0
costs_up20,19,customer_only,none,d_only,22,75,0.29333333333333333
costs_up20,19,customer_only,none,e_only,0,75,0.0
costs_up20,19,customer_only,none,simultaneous,0,75,0.0
costs_up20,19,customer_only,none,d_to_e,0,75,0.0
costs_up20,19,customer_only,none,e_to_d,0,75,0.0
costs_up20,19,customer_only,d_only,none,0,75,0.0
costs_up20,19,customer_only,d_only,d_only,0,75,0.0
costs_up20,19,customer_only,d_only,e_only,0,75,0.0
costs_up20,19,customer_only,d_only,simultaneous,0,75,0.0
costs_up20,19,customer_only,d_only,d_to_e,0,75,0.0
costs_up20,19,customer_only,d_only,e_to_d,0,75,0.0
costs_up20,19,customer_only,e_only,none,0,75,0.0
costs_up20,19,customer_only,e_only,d_only,23,75,0.30666666666666664
costs_up20,19,customer_only,e_only,e_only,2,75,0.02666666666666667
costs_up20,19,customer_only,e_only,simultaneous,3,75,0.04
costs_up20,19,customer_only,e_only,d_to_e,21,75,0.28
costs_up20,19,customer_only,e_only,e_to_d,4,75,0.05333333333333334
costs_up20,19,customer_only,simultaneous,none,0,75,0.0
costs_up20,19,customer_only,simultaneous,d_only,0,75,0.0
costs_up20,19,customer_only,simultaneous,e_only,0,75,0.0
costs_up20,19,customer_only,simultaneous,simultaneous,0,75,0.0
costs_up20,19,customer_only,simultaneous,d_to_e,0,75,0.0
costs_up20,19,customer_only,simultaneous,e_to_d,0,75,0.0
costs_up20,19,customer_only,d_to_e,none,0,75,0.0
costs_up20,19,customer_only,d_to_e,d_only,0,75,0.0
costs_up20,19,customer_only,d_to_e,e_only,0,75,0.0
costs_up20,19,customer_only,d_to_e,simultaneous,0,75,0.0
costs_up20,19,customer_only,d_to_e,d_to_e,0,75,0.0
costs_up20,19,customer_only,d_to_e,e_to_d,0,75,0.0
costs_up20,19,customer_only,e_to_d,none,0,75,0.0
costs_up20,19,customer_only,e_to_d,d_only,0,75,0.0
costs_up20,19,customer_only,e_to_d,e_only,0,75,0.0
costs_up20,19,customer_only,e_to_d,simultaneous,0,75,0.0
costs_up20,19,customer_only,e_to_d,d_to_e,0,75,0.0
costs_up20,19,customer_only,e_to_d,e_to_d,0,75,0.0
priors_down10,0,domestic_only,none,none,0,69,0.0
priors_down10,0,domestic_only,none,d_only,0,69,0.0
priors_down10,0,domestic_only,none,e_only,0,69,0.0
priors_down10,0,domestic_only,none,simultaneous,0,69,0.0
priors_down10,0,domestic_only,none,d_to_e,0,69,0.0
priors_down10,0,domestic_only,none,e_to_d,0,69,0.0
priors_down10,0,domestic_only,d_only,none,0,69,0.0
priors_down10,0,domestic_only,d_only,d_only,36,69,0.5217391304347826
priors_down10,0,domestic_only,d_only,e_only,1,69,0.014492753623188406
priors_down10,0,domestic_only,d_only,simultaneous,6,69,0.08695652173913043
priors_down10,0,domestic_only,d_only,d_to_e,20,69,0.2898550724637681
priors_down10,0,domestic_only,d_only,e_to_d,6,69,0.08695652173913043
priors_down10,0,domestic_only,e_only,none,0,69,0.0
priors_down10,0,domestic_only,e_only,d_only,0,69,0.0
priors_down10,0,domestic_only,e_only,e_only,0,69,0.0
priors_down10,0,domestic_only,e_only,simultaneous,0,69,0.0
priors_down10,0,domestic_only,e_only,d_to_e,0,69,0.0
priors_down10,0,domestic_only,e_only,e_to_d,0,69,0.0
priors_down10,0,domestic_only,simultaneous,none,0,69,0.0
priors_down10,0,domestic_only,simultaneous,d_only,0,69,0.0
priors_down10,0,domestic_only,simultaneous,e_only,0,69,0.0
priors_down10,0,domestic_only,simultaneous,simultaneous,0,69,0.0
priors_down10,0,domestic_only,simultaneous,d_to_e,0,69,0.0
priors_down10,0,domestic_only,simultaneous,e_to_d,0,69,0.0
priors_down10,0,domestic_only,d_to_e,none,0,69,0.0
priors_down10,0,domestic_only,d_to_e,d_only,0,69,0.0
priors_down10,0,domestic_only,d_to_e,e_only,0,69,0.0
priors_down10,0,domestic_only,d_to_e,simultaneous,0,69,0.0
priors_down10,0,domestic_only,d_to_e,d_to_e,0,69,0.0
priors_down10,0,domestic_only,d_to_e,e_to_d,0,69,0.0
priors_down10,0,domestic_only,e_to_d,none,0,69,0.0
priors_down10,0,domestic_only,e_to_d,d_only,0,69,0.0
priors_down10,0,domestic_only,e_to_d,e_only,0,69,0.0
priors_down10,0,domestic_only,e_to_d,simultaneous,0,69,0.0
priors_down10,0,domestic_only,e_to_d,d_to_e,0,69,0.0
priors_down10,0,domestic_only,e_to_d,e_to_d,0,69,0.0
priors_down10,0,customer_only,none,none,0,69,0.0
priors_down10,0,customer_only,none,d_only,21,69,0.30434782608695654
priors_down10,0,customer_only,none,e_only,0,69,0.0
priors_down10,0,customer_only,none,simultaneous,0,69,0.0
priors_down10,0,customer_only,none,d_to_e,0,69,0.0
priors_down10,0,customer_only,none,e_to_d,0,69,0.0
priors_down10,0,customer_only,d_only,none,0,69,0.0
priors_down10,0,customer_only,d_only,d_only,0,69,0.0
priors_down10,0,customer_only,d_only,e_only,0,69,0.0
priors_down10,0,customer_only,d_only,simultaneous,0,69,0.0
priors_down10,0,customer_only,d_only,d_to_e,0,69,0.0
priors_down10,0,customer_only,d_only,e_to_d,0,69,0.0
priors_down10,0,customer_only,e_only,none,0,69,0.0
priors_down10,0,customer_only,e_only,d_only,15,69,0.21739130434782608
priors_down10,0,customer_only,e_only,e_only,1,69,0.014492753623188406
priors_down10,0,customer_only,e_only,simultaneous,6,69,0.08695652173913043
priors_down10,0,customer_only,e_only,d_to_e,20,69,0.2898550724637681
priors_down10,0,customer_only,e_only,e_to_d,6,69,0.08695652173913043
priors_down10,0,customer_only,simultaneous,none,0,69,0.0
priors_down10,0,customer_only,simultaneous,d_only,0,69,0.0
priors_down10,0,customer_only,simultaneous,e_only,0,69,0.0
priors_down10,0,customer_only,simultaneous,simultaneous,0,69,0.0
priors_down10,0,customer_only,simultaneous,d_to_e,0,69,0.0
priors_down10,0,customer_only,simultaneous,e_to_d,0,69,0.0
priors_down10,0,customer_only,d_to_e,none,0,69,0.0
priors_down10,0,customer_only,d_to_e,d_only,0,69,0.0
priors_down10,0,customer_only,d_to_e,e_only,0,69,0.0
priors_down10,0,customer_only,d_to_e,simultaneous,0,69,0.0
priors_down10,0,customer_only,d_to_e,d_to_e,0,69,0.0
priors_down10,0,customer_only,d_to_e,e_to_d,0,69,0.0
priors_down10,0,customer_only,e_to_d,none,0,69,0.0
priors_down10,0,customer_only,e_to_d,d_only,0,69,0.0
priors_down10,0,customer_only,e_to_d,e_only,0,69,0.0
priors_down10,0,customer_only,e_to_d,simultaneous,0,69,0.0
priors_down10,0,customer_only,e_to_d,d_to_e,0,69,0.0
priors_down10,0,customer_only,e_to_d,e_to_d,0,69,0.0
priors_down10,1,domestic_only,none,none,0,81,0.0
priors_down10,1,domestic_only,none,d_only,0,81,0.0
priors_down10,1,domestic_only,none,e_only,0,81,0.0
priors_down10,1,domestic_only,none,simultaneous,0,81,0.0
priors_down10,1,domestic_only,none,d_to_e,0,81,0.0
priors_down10,1,domestic_only,none,e_to_d,0,81,0.0
priors_down10,1,domestic_only,d_only,none,0,81,0.0
priors_down10,1,domestic_only,d_only,d_only,44,81,0.5432098765432098
priors_down10,1,domestic_only,d_only,e_only,1,81,0.012345679012345678
priors_down10,1,domestic_only,d_only,simultaneous,9,81,0.1111111111111111
priors_down10,1,domestic_only,d_only,d_to_e,23,81,0.2839506172839506
priors_down10,1,domestic_only,d_only,e_to_d,4,81,0.04938271604938271
priors_down10,1,domestic_only,e_only,none,0,81,0.0
priors_down10,1,domestic_only,e_only,d_only,0,81,0.0
priors_down10,1,domestic_only,e_only,e_only,0,81,0.0
priors_down10,1,domestic_only,e_only,simultaneous,0,81,0.0
priors_down10,1,domestic_only,e_only,d_to_e,0,81,0.0
priors_down10,1,domestic_only,e_only,e_to_d,0,81,0.0
priors_down10,1,domestic_only,simultaneous,none,0,81,0.0
priors_down10,1,domestic_only,simultaneous,d_only,0,81,0.0
priors_down10,1,domestic_only,simultaneous,e_only,0,81,0.0
priors_down10,1,domestic_only,simultaneous,simultaneous,0,81,0.0
priors_down10,1,domestic_only,simultaneous,d_to_e,0,81,0.0
priors_down10,1,domestic_only,simultaneous,e_to_d,0,81,0.0
priors_down10,1,domestic_only,d_to_e,none,0,81,0.0
priors_down10,1,domestic_only,d_to_e,d_only,0,81,0.0
priors_down10,1,domestic_only,d_to_e,e_only,0,81,0.0
priors_down10,1,domestic_only,d_to_e,simultaneous,0,81,0.0
priors_down10,1,domestic_only,d_to_e,d_to_e,0,81,0.0
priors_down10,1,domestic_only,d_to_e,e_to_d,0,81,0.0
priors_down10,1,domestic_only,e_to_d,none,0,81,0.0
priors_down10,1,domestic_only,e_to_d,d_only,0,81,0.0
priors_down10,1,domestic_only,e_to_d,e_only,0,81,0.0
priors_down10,1,domestic_only,e_to_d,simultaneous,0,81,0.0
priors_down10,1,domestic_only,e_to_d,d_to_e,0,81,0.0
priors_down10,1,domestic_only,e_to_d,e_to_d,0,81,0.0
priors_down10,1,customer_only,none,none,0,81,0.0
priors_down10,1,customer_only,none,d_only,31,81,0.38271604938271603
priors_down10,1,customer_only,none,e_only,0,81,0.0
priors_down10,1,customer_only,none,simultaneous,0,81,0.0
priors_down10,1,customer_only,none,d_to_e,0,81,0.0
priors_down10,1,customer_only,none,e_to_d,0,81,0.0
priors_down10,1,customer_only,d_only,none,0,81,0.0
priors_down10,1,customer_only,d_only,d_only,0,81,0.0
priors_down10,1,customer_only,d_only,e_only,0,81,0.0
priors_down10,1,customer_only,d_only,simultaneous,0,81,0.0
priors_down10,1,customer_only,d_only,d_to_e,0,81,0.0
priors_down10,1,customer_only,d_only,e_to_d,0,81,0.0
priors_down10,1,customer_only,e_only,none,0,81,0.0
priors_down10,1,customer_only,e_only,d_only,13,81,0.16049382716049382
priors_down10,1,customer_only,e_only,e_only,1,81,0.012345679012345678
priors_down10,1,customer_only,e_only,simultaneous,9,81,0.1111111111111111
priors_down10,1,customer_only,e_only,d_to_e,23,81,0.2839506172839506
priors_down10,1,customer_only,e_only,e_to_d,4,81,0.04938271604938271
priors_down10,1,customer_only,simultaneous,none,0,81,0.0
priors_down10,1,customer_only,simultaneous,d_only,0,81,0.0
priors_down10,1,customer_only,simultaneous,e_only,0,81,0.0
priors_down10,1,customer_only,simultaneous,simultaneous,0,81,0.0
priors_down10,1,customer_only,simultaneous,d_to_e,0,81,0.0
priors_down10,1,customer_only,simultaneous,e_to_d,0,81,0.0
priors_down10,1,customer_only,d_to_e,none,0,81,0.0
priors_down10,1,customer_only,d_to_e,d_only,0,81,0.0
priors_down10,1,customer_only,d_to_e,e_only,0,81,0.0
priors_down10,1,customer_only,d_to_e,simultaneous,0,81,0.0
priors_down10,1,customer_only,d_to_e,d_to_e,0,81,0.0
priors_down10,1,customer_only,d_to_e,e_to_d,0,81,0.0
priors_down10,1,customer_only,e_to_d,none,0,81,0.0
priors_down10,1,customer_only,e_to_d,d_only,0,81,0.0
priors_down10,1,customer_only,e_to_d,e_only,0,81,0.0
priors_down10,1,customer_only,e_to_d,simultaneous,0,81,0.0
priors_down10,1,customer_only,e_to_d,d_to_e,0,81,0.0
priors_down10,1,customer_only,e_to_d,e_to_d,0,81,0.0
priors_down10,2,domestic_only,none,none,0,75,0.0
priors_down10,2,domestic_only,none,d_only,0,75,0.0
priors_down10,2,domestic_only,none,e_only,0,75,0.0
priors_down10,2,domestic_only,none,simultaneous,0,75,0.0
priors_down10,2,domestic_only,none,d_to_e,0,75,0.0
priors_down10,2,domestic_only,none,e_to_d,0,75,0.0
priors_down10,2,domestic_only,d_only,none,0,75,0.0
priors_down10,2,domestic_only,d_only,d_only,49,75,0.6533333333333333
priors_down10,2,domestic_only,d_only,e_only,1,75,0.013333333333333334
priors_down10,2,domestic_only,d_only,simultaneous,8,75,0.10666666666666667
priors_down10,2,domestic_only,d_only,d_to_e,12,75,0.16
priors_down10,2,domestic_only,d_only,e_to_d,5,75,0.06666666666666667
priors_down10,2,domestic_only,e_only,none,0,75,0.0
priors_down10,2,domestic_only,e_only,d_only,0,75,0.0
priors_down10,2,domestic_only,e_only,e_only,0,75,0.0
priors_down10,2,domestic_only,e_only,simultaneous,0,75,0.0
priors_down10,2,domestic_only,e_only,d_to_e,0,75,0.0
priors_down10,2,domestic_only,e_only,e_to_d,0,75,0.0
priors_down10,2,domestic_only,simultaneous,none,0,75,0.0
priors_down10,2,domestic_only,simultaneous,d_only,0,75,0.0
priors_down10,2,domestic_only,simultaneous,e_only,0,75,0.0
priors_down10,2,domestic_only,simultaneous,simultaneous,0,75,0.0
priors_down10,2,domestic_only,simultaneous,d_to_e,0,75,0.0
priors_down10,2,domestic_only,simultaneous,e_to_d,0,75,0.0
priors_down10,2,domestic_only,d_to_e,none,0,75,0.0
priors_down10,2,domestic_only,d_to_e,d_only,0,75,0.0
priors_down10,2,domestic_only,d_to_e,e_only,0,75,0.0
priors_down10,2,domestic_only,d_to_e,simultaneous,0,75,0.0
priors_down10,2,domestic_only,d_to_e,d_to_e,0,75,0.0
priors_down10,2,domestic_only,d_to_e,e_to_d,0,75,0.0
priors_down10,2,domestic_only,e_to_d,none,0,75,0.0
priors_down10,2,domestic_only,e_to_d,d_only,0,75,0.0
priors_down10,2,domestic_only,e_to_d,e_only,0,75,0.0
priors_down10,2,domestic_only,e_to_d,simultaneous,0,75,0.0
priors_down10,2,domestic_only,e_to_d,d_to_e,0,75,0.0
priors_down10,2,domestic_only,e_to_d,e_to_d,0,75,0.0
priors_down10,2,customer_only,none,none,0,75,0.0
priors_down10,2,customer_only,none,d_only,34,75,0.4533333333333333
priors_down10,2,customer_only,none,e_only,0,75,0.0
priors_down10,2,customer_only,none,simultaneous,0,75,0.0
priors_down10,2,customer_only,none,d_to_e,0,75,0.0
priors_down10,2,customer_only,none,e_to_d,0,75,0.0
priors_down10,2,customer_only,d_only,none,0,75,0.0
priors_down10,2,customer_only,d_only,d_only,0,75,0.0
priors_down10,2,customer_only,d_only,e_only,0,75,0.0
priors_down10,2,customer_only,d_only,simultaneous,0,75,0.0
priors_down10,2,customer_only,d_only,d_to_e,0,75,0.0
priors_down10,2,customer_only,d_only,e_to_d,0,75,0.0
priors_down10,2,customer_only,e_only,none,0,75,0.0
priors_down10,2,customer_only,e_only,d_only,15,75,0.2
priors_down10,2,customer_only,e_only,e_only,1,75,0.013333333333333334
priors_down10,2,customer_only,e_only,simultaneous,8,75,0.10666666666666667
priors_down10,2,customer_only,e_only,d_to_e,12,75,0.16
priors_down10,2,customer_only,e_only,e_to_d,5,75,0.06666666666666667
priors_down10,2,customer_only,simultaneous,none,0,75,0.0
priors_down10,2,customer_only,simultaneous,d_only,0,75,0.0
priors_down10,2,customer_only,simultaneous,e_only,0,75,0.0
priors_down10,2,customer_only,simultaneous,simultaneous,0,75,0.0
priors_down10,2,customer_only,simultaneous,d_to_e,0,75,0.0
priors_down10,2,customer_only,simultaneous,e_to_d,0,75,0.0
priors_down10,2,customer_only,d_to_e,none,0,75,0.0
priors_down10,2,customer_only,d_to_e,d_only,0,75,0.0
priors_down10,2,customer_only,d_to_e,e_only,0,75,0.0
priors_down10,2,customer_only,d_to_e,simultaneous,0,75,0.0
priors_down10,2,customer_only,d_to_e,d_to_e,0,75,0.0
priors_down10,2,customer_only,d_to_e,e_to_d,0,75,0.0
priors_down10,2,customer_only,e_to_d,none,0,75,0.0
priors_down10,2,customer_only,e_to_d,d_only,0,75,0.0
priors_down10,2,customer_only,e_to_d,e_only,0,75,0.0
priors_down10,2,customer_only,e_to_d,simultaneous,0,75,0.0
priors_down10,2,customer_only,e_to_d,d_to_e,0,75,0.0
priors_down10,2,customer_only,e_to_d,e_to_d,0,75,0.0
priors_down10,3,domestic_only,none,none,0,84,0.0
priors_down10,3,domestic_only,none,d_only,0,84,0.0
priors_down10,3,domestic_only,none,e_only,0,84,0.0
priors_down10,3,domestic_only,none,simultaneous,0,84,0.0
priors_down10,3,domestic_only,none,d_to_e,0,84,0.0
priors_down10,3,domestic_only,none,e_to_d,0,84,0.0
priors_down10,3,domestic_only,d_only,none,0,84,0.0
priors_down10,3,domestic_only,d_only,d_only,54,84,0.6428571428571429
priors_down10,3,domestic_only,d_only,e_only,4,84,0.047619047619047616
priors_down10,3,domestic_only,d_only,simultaneous,4,84,0.047619047619047616
priors_down10,3,domestic_only,d_only,d_to_e,18,84,0.21428571428571427
priors_down10,3,domestic_only,d_only,e_to_d,4,84,0.047619047619047616
priors_down10,3,domestic_only,e_only,none,0,84,0.0
priors_down10,3,domestic_only,e_only,d_only,0,84,0.0
priors_down10,3,domestic_only,e_only,e_only,0,84,0.0
priors_down10,3,domestic_only,e_only,simultaneous,0,84,0.0
priors_down10,3,domestic_only,e_only,d_to_e,0,84,0.0
priors_down10,3,domestic_only,e_only,e_to_d,0,84,0.0
priors_down10,3,domestic_only,simultaneous,none,0,84,0.0
priors_down10,3,domestic_only,simultaneous,d_only,0,84,0.0
priors_down10,3,domestic_only,simultaneous,e_only,0,84,0.0
priors_down10,3,domestic_only,simultaneous,simultaneous,0,84,0.0
priors_down10,3,domestic_only,simultaneous,d_to_e,0,84,0.0
priors_down10,3,domestic_only,simultaneous,e_to_d,0,84,0.0
priors_down10,3,domestic_only,d_to_e,none,0,84,0.0
priors_down10,3,domestic_only,d_to_e,d_only,0,84,0.0
priors_down10,3,domestic_only,d_to_e,e_only,0,84,0.0
priors_down10,3,domestic_only,d_to_e,simultaneous,0,84,0.0
priors_down10,3,domestic_only,d_to_e,d_to_e,0,84,0.0
priors_down10,3,domestic_only,d_to_e,e_to_d,0,84,0.0
priors_down10,3,domestic_only,e_to_d,none,0,84,0.0
priors_down10,3,domestic_only,e_to_d,d_only,0,84,0.0
priors_down10,3,domestic_only,e_to_d,e_only,0,84,0.0
priors_down10,3,domestic_only,e_to_d,simultaneous,0,84,0.0
priors_down10,3,domestic_only,e_to_d,d_to_e,0,84,0.0
priors_down10,3,domestic_only,e_to_d,e_to_d,0,84,0.0
priors_down10,3,customer_only,none,none,0,84,0.0
priors_down10,3,customer_only,none,d_only,44,84,0.5238095238095238
priors_down10,3,customer_only,none,e_only,0,84,0.0
priors_down10,3,customer_only,none,simultaneous,0,84,0.0
priors_down10,3,customer_only,none,d_to_e,1,84,0.011904761904761904
priors_down10,3,customer_only,none,e_to_d,0,84,0.0
priors_down10,3,customer_only,d_only,none,0,84,0.0
priors_down10,3,customer_only,d_only,d_only,0,84,0.0
priors_down10,3,customer_only,d_only,e_only,0,84,0.0
priors_down10,3,customer_only,d_only,simultaneous,0,84,0.0
priors_down10,3,customer_only,d_only,d_to_e,0,84,0.0
priors_down10,3,customer_only,d_only,e_to_d,0,84,0.0
priors_down10,3,customer_only,e_only,none,0,84,0.0
priors_down10,3,customer_only,e_only,d_only,10,84,0.11904761904761904
priors_down10,3,customer_only,e_only,e_only,4,84,0.047619047619047616
priors_down10,3,customer_only,e_only,simultaneous,4,84,0.047619047619047616
priors_down10,3,customer_only,e_only,d_to_e,17,84,0.20238095238095238
priors_down10,3,customer_only,e_only,e_to_d,4,84,0.047619047619047616
priors_down10,3,customer_only,simultaneous,none,0,84,0.0
priors_down10,3,customer_only,simultaneous,d_only,0,84,0.0
priors_down10,3,customer_only,simultaneous,e_only,0,84,0.0
priors_down10,3,customer_only,simultaneous,simultaneous,0,84,0.0
priors_down10,3,customer_only,simultaneous,d_to_e,0,84,0.0
priors_down10,3,customer_only,simultaneous,e_to_d,0,84,0.0
priors_down10,3,customer_only,d_to_e,none,0,84,0.0
priors_down10,3,customer_only,d_to_e,d_only,0,84,0.0
priors_down10,3,customer_only,d_to_e,e_only,0,84,0.0
priors_down10,3,customer_only,d_to_e,simultaneous,0,84,0.0
priors_down10,3,customer_only,d_to_e,d_to_e,0,84,0.0
priors_down10,3,customer_only,d_to_e,e_to_d,0,84,0.0
priors_down10,3,customer_only,e_to_d,none,0,84,0.0
priors_down10,3,customer_only,e_to_d,d_only,0,84,0.0
priors_down10,3,customer_only,e_to_d,e_only,0,84,0.0
priors_down10,3,customer_only,e_to_d,simultaneous,0,84,0.0
priors_down10,3,customer_only,e_to_d,d_to_e,0,84,0.0
priors_down10,3,customer_only,e_to_d,e_to_d,0,84,0.0
priors_down10,4,domestic_only,none,none,0,82,0.0
priors_down10,4,domestic_only,none,d_only,0,82,0.0
priors_down10,4,domestic_only,none,e_only,0,82,0.0
priors_down10,4,domestic_only,none,simultaneous,0,82,0.0
priors_down10,4,domestic_only,none,d_to_e,0,82,0.0
priors_down10,4,domestic_only,none,e_to_d,0,82,0.0
priors_down10,4,domestic_only,d_only,none,0,82,0.0
priors_down10,4,domestic_only,d_only,d_only,61,82,0.7439024390243902
priors_down10,4,domestic_only,d_only,e_only,3,82,0.036585365853658534
priors_down10,4,domestic_only,d_only,simultaneous,3,82,0.036585365853658534
priors_down10,4,domestic_only,d_only,d_to_e,12,82,0.14634146341463414
priors_down10,4,domestic_only,d_only,e_to_d,3,82,0.036585365853658534
priors_down10,4,domestic_only,e_only,none,0,82,0.0
priors_down10,4,domestic_only,e_only,d_only,0,82,0.0
priors_down10,4,domestic_only,e_only,e_only,0,82,0.0
priors_down10,4,domestic_only,e_only,simultaneous,0,82,0.0
priors_down10,4,domestic_only,e_only,d_to_e,0,82,0.0
priors_down10,4,domestic_only,e_only,e_to_d,0,82,0.0
priors_down10,4,domestic_only,simultaneous,none,0,82,0.0
priors_down10,4,domestic_only,simultaneous,d_only,0,82,0.0
priors_down10,4,domestic_only,simultaneous,e_only,0,82,0.0
priors_down10,4,domestic_only,simultaneous,simultaneous,0,82,0.0
priors_down10,4,domestic_only,simultaneous,d_to_e,0,82,0.0
priors_down10,4,domestic_only,simultaneous,e_to_d,0,82,0.0
priors_down10,4,domestic_only,d_to_e,none,0,82,0.0
priors_down10,4,domestic_only,d_to_e,d_only,0,82,0.0
priors_down10,4,domestic_only,d_to_e,e_only,0,82,0.0
priors_down10,4,domestic_only,d_to_e,simultaneous,0,82,0.0
priors_down10,4,domestic_only,d_to_e,d_to_e,0,82,0.0
priors_down10,4,domestic_only,d_to_e,e_to_d,0,82,0.0
priors_down10,4,domestic_only,e_to_d,none,0,82,0.0
priors_down10,4,domestic_only,e_to_d,d_only,0,82,0.0
priors_down10,4,domestic_only,e_to_d,e_only,0,82,0.0
priors_down10,4,domestic_only,e_to_d,simultaneous,0,82,0.0
priors_down10,4,domestic_only,e_to_d,d_to_e,0,82,0.0
priors_down10,4,domestic_only,e_to_d,e_to_d,0,82,0.0
priors_down10,4,customer_only,none,none,0,82,0.0
priors_down10,4,customer_only,none,d_only,53,82,0.6463414634146342
priors_down10,4,customer_only,none,e_only,0,82,0.0
priors_down10,4,customer_only,none,simultaneous,0,82,0.0
priors_down10,4,customer_only,none,d_to_e,0,82,0.0
priors_down10,4,customer_only,none,e_to_d,0,82,0.0
priors_down10,4,customer_only,d_only,none,0,82,0.0
priors_down10,4,customer_only,d_only,d_only,0,82,0.0
priors_down10,4,customer_only,d_only,e_only,0,82,0.0
priors_down10,4,customer_only,d_only,simultaneous,0,82,0.0
priors_down10,4,customer_only,d_only,d_to_e,0,82,0.0
priors_down10,4,customer_only,d_only,e_to_d,0,82,0.0
priors_down10,4,customer_only,e_only,none,0,82,0.0
priors_down10,4,customer_only,e_only,d_only,8,82,0.0975609756097561
priors_down10,4,customer_only,e_only,e_only,3,82,0.036585365853658534
priors_down10,4,customer_only,e_only,simultaneous,3,82,0.036585365853658534
priors_down10,4,customer_only,e_only,d_to_e,12,82,0.14634146341463414
priors_down10,4,customer_only,e_only,e_to_d,3,82,0.036585365853658534
priors_down10,4,customer_only,simultaneous,none,0,82,0.0
priors_down10,4,customer_only,simultaneous,d_only,0,82,0.0
priors_down10,4,customer_only,simultaneous,e_only,0,82,0.0
priors_down10,4,customer_only,simultaneous,simultaneous,0,82,0.0
priors_down10,4,customer_only,simultaneous,d_to_e,0,82,0.0
priors_down10,4,customer_only,simultaneous,e_to_d,0,82,0.0
priors_down10,4,customer_only,d_to_e,none,0,82,0.0
priors_down10,4,customer_only,d_to_e,d_only,0,82,0.0
priors_down10,4,customer_only,d_to_e,e_only,0,82,0.0
priors_down10,4,customer_only,d_to_e,simultaneous,0,82,0.0
priors_down10,4,customer_only,d_to_e,d_to_e,0,82,0.0
priors_down10,4,customer_only,d_to_e,e_to_d,0,82,0.0
priors_down10,4,customer_only,e_to_d,none,0,82,0.0
priors_down10,4,customer_only,e_to_d,d_only,0,82,0.0
priors_down10,4,customer_only,e_to_d,e_only,0,82,0.0
priors_down10,4,customer_only,e_to_d,simultaneous,0,82,0.0
priors_down10,4,customer_only,e_to_d,d_to_e,0,82,0.0
priors_down10,4,customer_only,e_to_d,e_to_d,0,82,0.0
priors_down10,5,domestic_only,none,none,0,85,0.0
priors_down10,5,domestic_only,none,d_only,0,85,0.0
priors_down10,5,domestic_only,none,e_only,0,85,0.0
priors_down10,5,domestic_only,none,simultaneous,0,85,0.0
priors_down10,5,domestic_only,none,d_to_e,0,85,0.0
priors_down10,5,domestic_only,none,e_to_d,0,85,0.0
priors_down10,5,domestic_only,d_only,none,0,85,0.0
priors_down10,5,domestic_only,d_only,d_only,52,85,0.611764705882353
priors_down10,5,domestic_only,d_only,e_only,2,85,0.023529411764705882
priors_down10,5,domestic_only,d_only,simultaneous,5,85,0.058823529411764705
priors_down10,5,domestic_only,d_only,d_to_e,19,85,0.2235294117647059
priors_down10,5,domestic_only,d_only,e_to_d,7,85,0.08235294117647059
priors_down10,5,domestic_only,e_only,none,0,85,0.0
priors_down10,5,domestic_only,e_only,d_only,0,85,0.0
priors_down10,5,domestic_only,e_only,e_only,0,85,0.0
priors_down10,5,domestic_only,e_only,simultaneous,0,85,0.0
priors_down10,5,domestic_only,e_only,d_to_e,0,85,0.0
priors_down10,5,domestic_only,e_only,e_to_d,0,85,0.0
priors_down10,5,domestic_only,simultaneous,none,0,85,0.0
priors_down10,5,domestic_only,simultaneous,d_only,0,85,0.0
priors_down10,5,domestic_only,simultaneous,e_only,0,85,0.0
priors_down10,5,domestic_only,simultaneous,simultaneous,0,85,0.0
priors_down10,5,domestic_only,simultaneous,d_to_e,0,85,0.0
priors_down10,5,domestic_only,simultaneous,e_to_d,0,85,0.0
priors_down10,5,domestic_only,d_to_e,none,0,85,0.0
priors_down10,5,domestic_only,d_to_e,d_only,0,85,0.0
priors_down10,5,domestic_only,d_to_e,e_only,0,85,0.0
priors_down10,5,domestic_only,d_to_e,simultaneous,0,85,0.0
priors_down10,5,domestic_only,d_to_e,d_to_e,0,85,0.0
priors_down10,5,domestic_only,d_to_e,e_to_d,0,85,0.0
priors_down10,5,domestic_only,e_to_d,none,0,85,0.0
priors_down10,5,domestic_only,e_to_d,d_only,0,85,0.0
priors_down10,5,domestic_only,e_to_d,e_only,0,85,0.0
priors_down10,5,domestic_only,e_to_d,simultaneous,0,85,0.0
priors_down10,5,domestic_only,e_to_d,d_to_e,0,85,0.0
priors_down10,5,domestic_only,e_to_d,e_to_d,0,85,0.0
priors_down10,5,customer_only,none,none,0,85,0.0
priors_down10,5,customer_only,none,d_only,43,85,0.5058823529411764
priors_down10,5,customer_only,none,e_only,0,85,0.0
priors_down10,5,customer_only,none,simultaneous,0,85,0.0
priors_down10,5,customer_only,none,d_to_e,1,85,0.011764705882352941
priors_down10,5,customer_only,none,e_to_d,0,85,0.0
priors_down10,5,customer_only,d_only,none,0,85,0.0
priors_down10,5,customer_only,d_only,d_only,0,85,0.0
priors_down10,5,customer_only,d_only,e_only,0,85,0.0
priors_down10,5,customer_only,d_only,simultaneous,0,85,0.0
priors_down10,5,customer_only,d_only,d_to_e,0,85,0.0
priors_down10,5,customer_only,d_only,e_to_d,0,85,0.0
priors_down10,5,customer_only,e_only,none,0,85,0.0
priors_down10,5,customer_only,e_only,d_only,9,85,0.10588235294117647
priors_down10,5,customer_only,e_only,e_only,2,85,0.023529411764705882
priors_down10,5,customer_only,e_only,simultaneous,5,85,0.058823529411764705
priors_down10,5,customer_only,e_only,d_to_e,18,85,0.21176470588235294
priors_down10,5,customer_only,e_only,e_to_d,7,85,0.08235294117647059
priors_down10,5,customer_only,simultaneous,none,0,85,0.0
priors_down10,5,customer_only,simultaneous,d_only,0,85,0.0
priors_down10,5,customer_only,simultaneous,e_only,0,85,0.0
priors_down10,5,customer_only,simultaneous,simultaneous,0,85,0.0
priors_down10,5,customer_only,simultaneous,d_to_e,0,85,0.0
priors_down10,5,customer_only,simultaneous,e_to_d,0,85,0.0
priors_down10,5,customer_only,d_to_e,none,0,85,0.0
priors_down10,5,customer_only,d_to_e,d_only,0,85,0.0
priors_down10,5,customer_only,d_to_e,e_only,0,85,0.0
priors_down10,5,customer_only,d_to_e,simultaneous,0,85,0.0
priors_down10,5,customer_only,d_to_e,d_to_e,0,85,0.0
priors_down10,5,customer_only,d_to_e,e_to_d,0,85,0.0
priors_down10,5,customer_only,e_to_d,none,0,85,0.0
priors_down10,5,customer_only,e_to_d,d_only,0,85,0.0
priors_down10,5,customer_only,e_to_d,e_only,0,85,0.0
priors_down10,5,customer_only,e_to_d,simultaneous,0,85,0.0
priors_down10,5,customer_only,e_to_d,d_to_e,0,85,0.0
priors_down10,5,customer_only,e_to_d,e_to_d,0,85,0.0
priors_down10,6,domestic_only,none,none,0,86,0.0
priors_down10,6,domestic_only,none,d_only,0,86,0.0
priors_down10,6,domestic_only,none,e_only,0,86,0.0
priors_down10,6,domestic_only,none,simultaneous,0,86,0.0
priors_down10,6,domestic_only,none,d_to_e,0,86,0.0
priors_down10,6,domestic_only,none,e_to_d,0,86,0.0
priors_down10,6,domestic_only,d_only,none,0,86,0.0
priors_down10,6,domestic_only,d_only,d_only,56,86,0.6511627906976745
priors_down10,6,domestic_only,d_only,e_only,2,86,0.023255813953488372
priors_down10,6,domestic_only,d_only,simultaneous,5,86,0.05813953488372093
priors_down10,6,domestic_only,d_only,d_to_e,17,86,0.19767441860465115
priors_down10,6,domestic_only,d_only,e_to_d,6,86,0.06976744186046512
priors_down10,6,domestic_only,e_only,none,0,86,0.0
priors_down10,6,domestic_only,e_only,d_only,0,86,0.0
priors_down10,6,domestic_only,e_only,e_only,0,86,0.0
priors_down10,6,domestic_only,e_only,simultaneous,0,86,0.0
priors_down10,6,domestic_only,e_only,d_to_e,0,86,0.0
priors_down10,6,domestic_only,e_only,e_to_d,0,86,0.0
priors_down10,6,domestic_only,simultaneous,none,0,86,0.0
priors_down10,6,domestic_only,simultaneous,d_only,0,86,0.0
priors_down10,6,domestic_only,simultaneous,e_only,0,86,0.0
priors_down10,6,domestic_only,simultaneous,simultaneous,0,86,0.0
priors_down10,6,domestic_only,simultaneous,d_to_e,0,86,0.0
priors_down10,6,domestic_only,simultaneous,e_to_d,0,86,0.0
priors_down10,6,domestic_only,d_to_e,none,0,86,0.0
priors_down10,6,domestic_only,d_to_e,d_only,0,86,0.0
priors_down10,6,domestic_only,d_to_e,e_only,0,86,0.0
priors_down10,6,domestic_only,d_to_e,simultaneous,0,86,0.0
priors_down10,6,domestic_only,d_to_e,d_to_e,0,86,0.0
priors_down10,6,domestic_only,d_to_e,e_to_d,0,86,0.0
priors_down10,6,domestic_only,e_to_d,none,0,86,0.0
priors_down10,6,domestic_only,e_to_d,d_only,0,86,0.0
priors_down10,6,domestic_only,e_to_d,e_only,0,86,0.0
priors_down10,6,domestic_only,e_to_d,simultaneous,0,86,0.0
priors_down10,6,domestic_only,e_to_d,d_to_e,0,86,0.0
priors_down10,6,domestic_only,e_to_d,e_to_d,0,86,0.0
priors_down10,6,customer_only,none,none,0,86,0.0
priors_down10,6,customer_only,none,d_only,38,86,0.4418604651162791
priors_down10,6,customer_only,none,e_only,1,86,0.011627906976744186
priors_down10,6,customer_only,none,simultaneous,0,86,0.0
priors_down10,6,customer_only,none,d_to_e,0,86,0.0
priors_down10,6,customer_only,none,e_to_d,0,86,0.0
priors_down10,6,customer_only,d_only,none,0,86,0.0
priors_down10,6,customer_only,d_only,d_only,0,86,0.0
priors_down10,6,customer_only,d_only,e_only,0,86,0.0
priors_down10,6,customer_only,d_only,simultaneous,0,86,0.0
priors_down10,6,customer_only,d_only,d_to_e,0,86,0.0
priors_down10,6,customer_only,d_only,e_to_d,0,86,0.0
priors_down10,6,customer_only,e_only,none,0,86,0.0
priors_down10,6,customer_only,e_only,d_only,18,86,0.20930232558139536
priors_down10,6,customer_only,e_only,e_only,1,86,0.011627906976744186
priors_down10,6,customer_only,e_only,simultaneous,5,86,0.05813953488372093
priors_down10,6,customer_only,e_only,d_to_e,17,86,0.19767441860465115
priors_down10,6,customer_only,e_only,e_to_d,6,86,0.06976744186046512
priors_down10,6,customer_only,simultaneous,none,0,86,0.0
priors_down10,6,customer_only,simultaneous,d_only,0,86,0.0
priors_down10,6,customer_only,simultaneous,e_only,0,86,0.0
priors_down10,6,customer_only,simultaneous,simultaneous,0,86,0.0
priors_down10,6,customer_only,simultaneous,d_to_e,0,86,0.0
priors_down10,6,customer_only,simultaneous,e_to_d,0,86,0.0
priors_down10,6,customer_only,d_to_e,none,0,86,0.0
priors_down10,6,customer_only,d_to_e,d_only,0,86,0.0
priors_down10,6,customer_only,d_to_e,e_only,0,86,0.0
priors_down10,6,customer_only,d_to_e,simultaneous,0,86,0.0
priors_down10,6,customer_only,d_to_e,d_to_e,0,86,0.0
priors_down10,6,customer_only,d_to_e,e_to_d,0,86,0.0
priors_down10,6,customer_only,e_to_d,none,0,86,0.0
priors_down10,6,customer_only,e_to_d,d_only,0,86,0.0
priors_down10,6,customer_only,e_to_d,e_only,0,86,0.0
priors_down10,6,customer_only,e_to_d,simultaneous,0,86,0.0
priors_down10,6,customer_only,e_to_d,d_to_e,0,86,0.0
priors_down10,6,customer_only,e_to_d,e_to_d,0,86,0.0
priors_down10,7,domestic_only,none,none,0,84,0.0
priors_down10,7,domestic_only,none,d_only,0,84,0.0
priors_down10,7,domestic_only,none,e_only,0,84,0.0
priors_down10,7,domestic_only,none,simultaneous,0,84,0.0
priors_down10,7,domestic_only,none,d_to_e,0,84,0.0
priors_down10,7,domestic_only,none,e_to_d,0,84,0.0
priors_down10,7,domestic_only,d_only,none,0,84,0.0
priors_down10,7,domestic_only,d_only,d_only,60,84,0.7142857142857143
priors_down10,7,domestic_only,d_only,e_only,0,84,0.0
priors_down10,7,domestic_only,d_only,simultaneous,8,84,0.09523809523809523
priors_down10,7,domestic_only,d_only,d_to_e,11,84,0.13095238095238096
priors_down10,7,domestic_only,d_only,e_to_d,5,84,0.05952380952380952
priors_down10,7,domestic_only,e_only,none,0,84,0.0
priors_down10,7,domestic_only,e_only,d_only,0,84,0.0
priors_down10,7,domestic_only,e_only,e_only,0,84,0.0
priors_down10,7,domestic_only,e_only,simultaneous,0,84,0.0
priors_down10,7,domestic_only,e_only,d_to_e,0,84,0.0
priors_down10,7,domestic_only,e_only,e_to_d,0,84,0.0
priors_down10,7,domestic_only,simultaneous,none,0,84,0.0
priors_down10,7,domestic_only,simultaneous,d_only,0,84,0.0
priors_down10,7,domestic_only,simultaneous,e_only,0,84,0.0
priors_down10,7,domestic_only,simultaneous,simultaneous,0,84,0.0
priors_down10,7,domestic_only,simultaneous,d_to_e,0,84,0.0
priors_down10,7,domestic_only,simultaneous,e_to_d,0,84,0.0
priors_down10,7,domestic_only,d_to_e,none,0,84,0.0
priors_down10,7,domestic_only,d_to_e,d_only,0,84,0.0
priors_down10,7,domestic_only,d_to_e,e_only,0,84,0.0
priors_down10,7,domestic_only,d_to_e,simultaneous,0,84,0.0
priors_down10,7,domestic_only,d_to_e,d_to_e,0,84,0.0
priors_down10,7,domestic_only,d_to_e,e_to_d,0,84,0.0
priors_down10,7,domestic_only,e_to_d,none,0,84,0.0
priors_down10,7,domestic_only,e_to_d,d_only,0,84,0.0
priors_down10,7,domestic_only,e_to_d,e_only,0,84,0.0
priors_down10,7,domestic_only,e_to_d,simultaneous,0,84,0.0
priors_down10,7,domestic_only,e_to_d,d_to_e,0,84,0.0
priors_down10,7,domestic_only,e_to_d,e_to_d,0,84,0.0
priors_down10,7,customer_only,none,none,0,84,0.0
priors_down10,7,customer_only,none,d_only,49,84,0.5833333333333334
priors_down10,7,customer_only,none,e_only,0,84,0.0
priors_down10,7,customer_only,none,simultaneous,0,84,0.0
priors_down10,7,customer_only,none,d_to_e,0,84,0.0
priors_down10,7,customer_only,none,e_to_d,0,84,0.0
priors_down10,7,customer_only,d_only,none,0,84,0.0
priors_down10,7,customer_only,d_only,d_only,0,84,0.0
priors_down10,7,customer_only,d_only,e_only,0,84,0.0
priors_down10,7,customer_only,d_only,simultaneous,0,84,0.0
priors_down10,7,customer_only,d_only,d_to_e,0,84,0.0
priors_down10,7,customer_only,d_only,e_to_d,0,84,0.0
priors_down10,7,customer_only,e_only,none,0,84,0.0
priors_down10,7,customer_only,e_only,d_only,11,84,0.13095238095238096
priors_down10,7,customer_only,e_only,e_only,0,84,0.0
priors_down10,7,customer_only,e_only,simultaneous,8,84,0.09523809523809523
priors_down10,7,customer_only,e_only,d_to_e,11,84,0.13095238095238096
priors_down10,7,customer_only,e_only,e_to_d,5,84,0.05952380952380952
priors_down10,7,customer_only,simultaneous,none,0,84,0.0
priors_down10,7,customer_only,simultaneous,d_only,0,84,0.0
priors_down10,7,customer_only,simultaneous,e_only,0,84,0.0
priors_down10,7,customer_only,simultaneous,simultaneous,0,84,0.0
priors_down10,7,customer_only,simultaneous,d_to_e,0,84,0.0
priors_down10,7,customer_only,simultaneous,e_to_d,0,84,0.0
priors_down10,7,customer_only,d_to_e,none,0,84,0.0
priors_down10,7,customer_only,d_to_e,d_only,0,84,0.0
priors_down10,7,customer_only,d_to_e,e_only,0,84,0.0
priors_down10,7,customer_only,d_to_e,simultaneous,0,84,0.0
priors_down10,7,customer_only,d_to_e,d_to_e,0,84,0.0
priors_down10,7,customer_only,d_to_e,e_to_d,0,84,0.0
priors_down10,7,customer_only,e_to_d,none,0,84,0.0
priors_down10,7,customer_only,e_to_d,d_only,0,84,0.0
priors_down10,7,customer_only,e_to_d,e_only,0,84,0.0
priors_down10,7,customer_only,e_to_d,simultaneous,0,84,0.0
priors_down10,7,customer_only,e_to_d,d_to_e,0,84,0.0
priors_down10,7,customer_only,e_to_d,e_to_d,0,84,0.0
priors_down10,8,domestic_only,none,none,0,71,0.0
priors_down10,8,domestic_only,none,d_only,0,71,0.0
priors_down10,8,domestic_only,none,e_only,0,71,0.0
priors_down10,8,domestic_only,none,simultaneous,0,71,0.0
priors_down10,8,domestic_only,none,d_to_e,0,71,0.0
priors_down10,8,domestic_only,none,e_to_d,0,71,0.0
priors_down10,8,domestic_only,d_only,none,0,71,0.0
priors_down10,8,domestic_only,d_only,d_only,57,71,0.8028169014084507
priors_down10,8,domestic_only,d_only,e_only,0,71,0.0
priors_down10,8,domestic_only,d_only,simultaneous,6,71,0.08450704225352113
priors_down10,8,domestic_only,d_only,d_to_e,7,71,0.09859154929577464
priors_down10,8,domestic_only,d_only,e_to_d,1,71,0.014084507042253521
priors_down10,8,domestic_only,e_only,none,0,71,0.0
priors_down10,8,domestic_only,e_only,d_only,0,71,0.0
priors_down10,8,domestic_only,e_only,e_only,0,71,0.0
priors_down10,8,domestic_only,e_only,simultaneous,0,71,0.0
priors_down10,8,domestic_only,e_only,d_to_e,0,71,0.0
priors_down10,8,domestic_only,e_only,e_to_d,0,71,0.0
priors_down10,8,domestic_only,simultaneous,none,0,71,0.0
priors_down10,8,domestic_only,simultaneous,d_only,0,71,0.0
priors_down10,8,domestic_only,simultaneous,e_only,0,71,0.0
priors_down10,8,domestic_only,simultaneous,simultaneous,0,71,0.0
priors_down10,8,domestic_only,simultaneous,d_to_e,0,71,0.0
priors_down10,8,domestic_only,simultaneous,e_to_d,0,71,0.0
priors_down10,8,domestic_only,d_to_e,none,0,71,0.0
priors_down10,8,domestic_only,d_to_e,d_only,0,71,0.0
priors_down10,8,domestic_only,d_to_e,e_only,0,71,0.0
priors_down10,8,domestic_only,d_to_e,simultaneous,0,71,0.0
priors_down10,8,domestic_only,d_to_e,d_to_e,0,71,0.0
priors_down10,8,domestic_only,d_to_e,e_to_d,0,71,0.0
priors_down10,8,domestic_only,e_to_d,none,0,71,0.0
priors_down10,8,domestic_only,e_to_d,d_only,0,71,0.0
priors_down10,8,domestic_only,e_to_d,e_only,0,71,0.0
priors_down10,8,domestic_only,e_to_d,simultaneous,0,71,0.0
priors_down10,8,domestic_only,e_to_d,d_to_e,0,71,0.0
priors_down10,8,domestic_only,e_to_d,e_to_d,0,71,0.0
priors_down10,8,customer_only,none,none,0,71,0.0
priors_down10,8,customer_only,none,d_only,45,71,0.6338028169014085
priors_down10,8,customer_only,none,e_only,0,71,0.0
priors_down10,8,customer_only,none,simultaneous,0,71,0.0
priors_down10,8,customer_only,none,d_to_e,0,71,0.0
priors_down10,8,customer_only,none,e_to_d,0,71,0.0
priors_down10,8,customer_only,d_only,none,0,71,0.0
priors_down10,8,customer_only,d_only,d_only,0,71,0.0
priors_down10,8,customer_only,d_only,e_only,0,71,0.0
priors_down10,8,customer_only,d_only,simultaneous,0,71,0.0
priors_down10,8,customer_only,d_only,d_to_e,0,71,0.0
priors_down10,8,customer_only,d_only,e_to_d,0,71,0.0
priors_down10,8,customer_only,e_only,none,0,71,0.0
priors_down10,8,customer_only,e_only,d_only,12,71,0.16901408450704225
priors_down10,8,customer_only,e_only,e_only,0,71,0.0
priors_down10,8,customer_only,e_only,simultaneous,6,71,0.08450704225352113
priors_down10,8,customer_only,e_only,d_to_e,7,71,0.09859154929577464
priors_down10,8,customer_only,e_only,e_to_d,1,71,0.014084507042253521
priors_down10,8,customer_only,simultaneous,none,0,71,0.0
priors_down10,8,customer_only,simultaneous,d_only,0,71,0.0
priors_down10,8,customer_only,simultaneous,e_only,0,71,0.0
priors_down10,8,customer_only,simultaneous,simultaneous,0,71,0.0
priors_down10,8,customer_only,simultaneous,d_to_e,0,71,0.0
priors_down10,8,customer_only,simultaneous,e_to_d,0,71,0.0
priors_down10,8,customer_only,d_to_e,none,0,71,0.0
priors_down10,8,customer_only,d_to_e,d_only,0,71,0.0
priors_down10,8,customer_only,d_to_e,e_only,0,71,0.0
priors_down10,8,customer_only,d_to_e,simultaneous,0,71,0.0
priors_down10,8,customer_only,d_to_e,d_to_e,0,71,0.0
priors_down10,8,customer_only,d_to_e,e_to_d,0,71,0.0
priors_down10,8,customer_only,e_to_d,none,0,71,0.0
priors_down10,8,customer_only,e_to_d,d_only,0,71,0.0
priors_down10,8,customer_only,e_to_d,e_only,0,71,0.0
priors_down10,8,customer_only,e_to_d,simultaneous,0,71,0.0
priors_down10,8,customer_only,e_to_d,d_to_e,0,71,0.0
priors_down10,8,customer_only,e_to_d,e_to_d,0,71,0.0
priors_down10,9,domestic_only,none,none,0,64,0.0
priors_down10,9,domestic_only,none,d_only,0,64,0.0
priors_down10,9,domestic_only,none,e_only,0,64,0.0
priors_down10,9,domestic_only,none,simultaneous,0,64,0.0
priors_down10,9,domestic_only,none,d_to_e,0,64,0.0
priors_down10,9,domestic_only,none,e_to_d,0,64,0.0
priors_down10,9,domestic_only,d_only,none,0,64,0.0
priors_down10,9,domestic_only,d_only,d_only,42,64,0.65625
priors_down10,9,domestic_only,d_only,e_only,2,64,0.03125
priors_down10,9,domestic_only,d_only,simultaneous,3,64,0.046875
priors_down10,9,domestic_only,d_only,d_to_e,14,64,0.21875
priors_down10,9,domestic_only,d_only,e_to_d,3,64,0.046875
priors_down10,9,domestic_only,e_only,none,0,64,0.0
priors_down10,9,domestic_only,e_only,d_only,0,64,0.0
priors_down10,9,domestic_only,e_only,e_only,0,64,0.0
priors_down10,9,domestic_only,e_only,simultaneous,0,64,0.0
priors_down10,9,domestic_only,e_only,d_to_e,0,64,0.0
priors_down10,9,domestic_only,e_only,e_to_d,0,64,0.0
priors_down10,9,domestic_only,simultaneous,none,0,64,0.0
priors_down10,9,domestic_only,simultaneous,d_only,0,64,0.0
priors_down10,9,domestic_only,simultaneous,e_only,0,64,0.0
priors_down10,9,domestic_only,simultaneous,simultaneous,0,64,0.0
priors_down10,9,domestic_only,simultaneous,d_to_e,0,64,0.0
priors_down10,9,domestic_only,simultaneous,e_to_d,0,64,0.0
priors_down10,9,domestic_only,d_to_e,none,0,64,0.0
priors_down10,9,domestic_only,d_to_e,d_only,0,64,0.0
priors_down10,9,domestic_only,d_to_e,e_only,0,64,0.0
priors_down10,9,domestic_only,d_to_e,simultaneous,0,64,0.0
priors_down10,9,domestic_only,d_to_e,d_to_e,0,64,0.0
priors_down10,9,domestic_only,d_to_e,e_to_d,0,64,0.0
priors_down10,9,domestic_only,e_to_d,none,0,64,0.0
priors_down10,9,domestic_only,e_to_d,d_only,0,64,0.0
priors_down10,9,domestic_only,e_to_d,e_only,0,64,0.0
priors_down10,9,domestic_only,e_to_d,simultaneous,0,64,0.0
priors_down10,9,domestic_only,e_to_d,d_to_e,0,64,0.0
priors_down10,9,domestic_only,e_to_d,e_to_d,0,64,0.0
priors_down10,9,customer_only,none,none,0,64,0.0
priors_down10,9,customer_only,none,d_only,32,64,0.5
priors_down10,9,customer_only,none,e_only,0,64,0.0
priors_down10,9,customer_only,none,simultaneous,0,64,0.0
priors_down10,9,customer_only,none,d_to_e,1,64,0.015625
priors_down10,9,customer_only,none,e_to_d,0,64,0.0
priors_down10,9,customer_only,d_only,none,0,64,0.0
priors_down10,9,customer_only,d_only,d_only,0,64,0.0
priors_down10,9,customer_only,d_only,e_only,0,64,0.0
priors_down10,9,customer_only,d_only,simultaneous,0,64,0.0
priors_down10,9,customer_only,d_only,d_to_e,0,64,0.0
priors_down10,9,customer_only,d_only,e_to_d,0,64,0.0
priors_down10,9,customer_only,e_only,none,0,64,0.0
priors_down10,9,customer_only,e_only,d_only,10,64,0.15625
priors_down10,9,customer_only,e_only,e_only,2,64,0.03125
priors_down10,9,customer_only,e_only,simultaneous,3,64,0.046875
priors_down10,9,customer_only,e_only,d_to_e,13,64,0.203125
priors_down10,9,customer_only,e_only,e_to_d,3,64,0.046875
priors_down10,9,customer_only,simultaneous,none,0,64,0.0
priors_down10,9,customer_only,simultaneous,d_only,0,64,0.0
priors_down10,9,customer_only,simultaneous,e_only,0,64,0.0
priors_down10,9,customer_only,simultaneous,simultaneous,0,64,0.0
priors_down10,9,customer_only,simultaneous,d_to_e,0,64,0.0
priors_down10,9,customer_only,simultaneous,e_to_d,0,64,0.0
priors_down10,9,customer_only,d_to_e,none,0,64,0.0
priors_down10,9,customer_only,d_to_e,d_only,0,64,0.0
priors_down10,9,customer_only,d_to_e,e_only,0,64,0.0
priors_down10,9,customer_only,d_to_e,simultaneous,0,64,0.0
priors_down10,9,customer_only,d_to_e,d_to_e,0,64,0.0
priors_down10,9,customer_only,d_to_e,e_to_d,0,64,0.0
priors_down10,9,customer_only,e_to_d,none,0,64,0.0
priors_down10,9,customer_only,e_to_d,d_only,0,64,0.0
priors_down10,9,customer_only,e_to_d,e_only,0,64,0.0
priors_down10,9,customer_only,e_to_d,simultaneous,0,64,0.0
priors_down10,9,customer_only,e_to_d,d_to_e,0,64,0.0
priors_down10,9,customer_only,e_to_d,e_to_d,0,64,0.0
priors_down10,10,domestic_only,none,none,0,77,0.0
priors_down10,10,domestic_only,none,d_only,0,77,0.0
priors_down10,10,domestic_only,none,e_only,0,77,0.0
priors_down10,10,domestic_only,none,simultaneous,0,77,0.0
priors_down10,10,domestic_only,none,d_to_e,0,77,0.0
priors_down10,10,domestic_only,none,e_to_d,0,77,0.0
priors_down10,10,domestic_only,d_only,none,0,77,0.0
priors_down10,10,domestic_only,d_only,d_only,63,77,0.8181818181818182
priors_down10,10,domestic_only,d_only,e_only,1,77,0.012987012987012988
priors_down10,10,domestic_only,d_only,simultaneous,5,77,0.06493506493506493
priors_down10,10,domestic_only,d_only,d_to_e,5,77,0.06493506493506493
priors_down10,10,domestic_only,d_only,e_to_d,3,77,0.03896103896103896
priors_down10,10,domestic_only,e_only,none,0,77,0.0
priors_down10,10,domestic_only,e_only,d_only,0,77,0.0
priors_down10,10,domestic_only,e_only,e_only,0,77,0.0
priors_down10,10,domestic_only,e_only,simultaneous,0,77,0.0
priors_down10,10,domestic_only,e_only,d_to_e,0,77,0.0
priors_down10,10,domestic_only,e_only,e_to_d,0,77,0.0
priors_down10,10,domestic_only,simultaneous,none,0,77,0.0
priors_down10,10,domestic_only,simultaneous,d_only,0,77,0.0
priors_down10,10,domestic_only,simultaneous,e_only,0,77,0.0
priors_down10,10,domestic_only,simultaneous,simultaneous,0,77,0.0
priors_down10,10,domestic_only,simultaneous,d_to_e,0,77,0.0
priors_down10,10,domestic_only,simultaneous,e_to_d,0,77,0.0
priors_down10,10,domestic_only,d_to_e,none,0,77,0.0
priors_down10,10,domestic_only,d_to_e,d_only,0,77,0.0
priors_down10,10,domestic_only,d_to_e,e_only,0,77,0.0
priors_down10,10,domestic_only,d_to_e,simultaneous,0,77,0.0
priors_down10,10,domestic_only,d_to_e,d_to_e,0,77,0.0
priors_down10,10,domestic_only,d_to_e,e_to_d,0,77,0.0
priors_down10,10,domestic_only,e_to_d,none,0,77,0.0
priors_down10,10,domestic_only,e_to_d,d_only,0,77,0.0
priors_down10,10,domestic_only,e_to_d,e_only,0,77,0.0
priors_down10,10,domestic_only,e_to_d,simultaneous,0,77,0.0
priors_down10,10,domestic_only,e_to_d,d_to_e,0,77,0.0
priors_down10,10,domestic_only,e_to_d,e_to_d,0,77,0.0
priors_down10,10,customer_only,none,none,0,77,0.0
priors_down10,10,customer_only,none,d_only,59,77,0.7662337662337663
priors_down10,10,customer_only,none,e_only,0,77,0.0
priors_down10,10,customer_only,none,simultaneous,0,77,0.0
priors_down10,10,customer_only,none,d_to_e,0,77,0.0
priors_down10,10,customer_only,none,e_to_d,0,77,0.0
priors_down10,10,customer_only,d_only,none,0,77,0.0
priors_down10,10,customer_only,d_only,d_only,0,77,0.0
priors_down10,10,customer_only,d_only,e_only,0,77,0.0
priors_down10,10,customer_only,d_only,simultaneous,0,77,0.0
priors_down10,10,customer_only,d_only,d_to_e,0,77,0.0
priors_down10,10,customer_only,d_only,e_to_d,0,77,0.0
priors_down10,10,customer_only,e_only,none,0,77,0.0
priors_down10,10,customer_only,e_only,d_only,4,77,0.05194805194805195
priors_down10,10,customer_only,e_only,e_only,1,77,0.012987012987012988
priors_down10,10,customer_only,e_only,simultaneous,5,77,0.06493506493506493
priors_down10,10,customer_only,e_only,d_to_e,5,77,0.06493506493506493
priors_down10,10,customer_only,e_only,e_to_d,3,77,0.03896103896103896
priors_down10,10,customer_only,simultaneous,none,0,77,0.0
priors_down10,10,customer_only,simultaneous,d_only,0,77,0.0
priors_down10,10,customer_only,simultaneous,e_only,0,77,0.0
priors_down10,10,customer_only,simultaneous,simultaneous,0,77,0.0
priors_down10,10,customer_only,simultaneous,d_to_e,0,77,0.0
priors_down10,10,customer_only,simultaneous,e_to_d,0,77,0.0
priors_down10,10,customer_only,d_to_e,none,0,77,0.0
priors_down10,10,customer_only,d_to_e,d_only,0,77,0.0
priors_down10,10,customer_only,d_to_e,e_only,0,77,0.0
priors_down10,10,customer_only,d_to_e,simultaneous,0,77,0.0
priors_down10,10,customer_only,d_to_e,d_to_e,0,77,0.0
priors_down10,10,customer_only,d_to_e,e_to_d,0,77,0.0
priors_down10,10,customer_only,e_to_d,none,0,77,0.0
priors_down10,10,customer_only,e_to_d,d_only,0,77,0.0
priors_down10,10,customer_only,e_to_d,e_only,0,77,0.0
priors_down10,10,customer_only,e_to_d,simultaneous,0,77,0.0
priors_down10,10,customer_only,e_to_d,d_to_e,0,77,0.0
priors_down10,10,customer_only,e_to_d,e_to_d,0,77,0.0
priors_down10,11,domestic_only,none,none,0,75,0.0
priors_down10,11,domestic_only,none,d_only,0,75,0.0
priors_down10,11,domestic_only,none,e_only,0,75,0.0
priors_down10,11,domestic_only,none,simultaneous,0,75,0.0
priors_down10,11,domestic_only,none,d_to_e,0,75,0.0
priors_down10,11,domestic_only,none,e_to_d,0,75,0.0
priors_down10,11,domestic_only,d_only,none,0,75,0.0
priors_down10,11,domestic_only,d_only,d_only,51,75,0.68
priors_down10,11,domestic_only,d_only,e_only,0,75,0.0
priors_down10,11,domestic_only,d_only,simultaneous,4,75,0.05333333333333334
priors_down10,11,domestic_only,d_only,d_to_e,14,75,0.18666666666666668
priors_down10,11,domestic_only,d_only,e_to_d,6,75,0.08
priors_down10,11,domestic_only,e_only,none,0,75,0.0
priors_down10,11,domestic_only,e_only,d_only,0,75,0.0
priors_down10,11,domestic_only,e_only,e_only,0,75,0.0
priors_down10,11,domestic_only,e_only,simultaneous,0,75,0.0
priors_down10,11,domestic_only,e_only,d_to_e,0,75,0.0
priors_down10,11,domestic_only,e_only,e_to_d,0,75,0.0
priors_down10,11,domestic_only,simultaneous,none,0,75,0.0
priors_down10,11,domestic_only,simultaneous,d_only,0,75,0.0
priors_down10,11,domestic_only,simultaneous,e_only,0,75,0.0
priors_down10,11,domestic_only,simultaneous,simultaneous,0,75,0.0
priors_down10,11,domestic_only,simultaneous,d_to_e,0,75,0.0
priors_down10,11,domestic_only,simultaneous,e_to_d,0,75,0.0
priors_down10,11,domestic_only,d_to_e,none,0,75,0.0
priors_down10,11,domestic_only,d_to_e,d_only,0,75,0.0
priors_down10,11,domestic_only,d_to_e,e_only,0,75,0.0
priors_down10,11,domestic_only,d_to_e,simultaneous,0,75,0.0
priors_down10,11,domestic_only,d_to_e,d_to_e,0,75,0.0
priors_down10,11,domestic_only,d_to_e,e_to_d,0,75,0.0
priors_down10,11,domestic_only,e_to_d,none,0,75,0.0
priors_down10,11,domestic_only,e_to_d,d_only,0,75,0.0
priors_down10,11,domestic_only,e_to_d,e_only,0,75,0.0
priors_down10,11,domestic_only,e_to_d,simultaneous,0,75,0.0
priors_down10,11,domestic_only,e_to_d,d_to_e,0,75,0.0
priors_down10,11,domestic_only,e_to_d,e_to_d,0,75,0.0
priors_down10,11,customer_only,none,none,0,75,0.0
priors_down10,11,customer_only,none,d_only,45,75,0.6
priors_down10,11,customer_only,none,e_only,0,75,0.0
priors_down10,11,customer_only,none,simultaneous,0,75,0.0
priors_down10,11,customer_only,none,d_to_e,0,75,0.0
priors_down10,11,customer_only,none,e_to_d,0,75,0.0
priors_down10,11,customer_only,d_only,none,0,75,0.0
priors_down10,11,customer_only,d_only,d_only,0,75,0.0
priors_down10,11,customer_only,d_only,e_only,0,75,0.0
priors_down10,11,customer_only,d_only,simultaneous,0,75,0.0
priors_down10,11,customer_only,d_only,d_to_e,0,75,0.0
priors_down10,11,customer_only,d_only,e_to_d,0,75,0.0
priors_down10,11,customer_only,e_only,none,0,75,0.0
priors_down10,11,customer_only,e_only,d_only,6,75,0.08
priors_down10,11,customer_only,e_only,e_only,0,75,0.0
priors_down10,11,customer_only,e_only,simultaneous,4,75,0.05333333333333334
priors_down10,11,customer_only,e_only,d_to_e,14,75,0.18666666666666668
priors_down10,11,customer_only,e_only,e_to_d,6,75,0.08
priors_down10,11,customer_only,simultaneous,none,0,75,0.0
priors_down10,11,customer_only,simultaneous,d_only,0,75,0.0
priors_down10,11,customer_only,simultaneous,e_only,0,75,0.0
priors_down10,11,customer_only,simultaneous,simultaneous,0,75,0.0
priors_down10,11,customer_only,simultaneous,d_to_e,0,75,0.0
priors_down10,11,customer_only,simultaneous,e_to_d,0,75,0.0
priors_down10,11,customer_only,d_to_e,none,0,75,0.0
priors_down10,11,customer_only,d_to_e,d_only,0,75,0.0
priors_down10,11,customer_only,d_to_e,e_only,0,75,0.0
priors_down10,11,customer_only,d_to_e,simultaneous,0,75,0.0
priors_down10,11,customer_only,d_to_e,d_to_e,0,75,0.0
priors_down10,11,customer_only,d_to_e,e_to_d,0,75,0.0
priors_down10,11,customer_only,e_to_d,none,0,75,0.0
priors_down10,11,customer_only,e_to_d,d_only,0,75,0.0
priors_down10,11,customer_only,e_to_d,e_only,0,75,0.0
priors_down10,11,customer_only,e_to_d,simultaneous,0,75,0.0
priors_down10,11,customer_only,e_to_d,d_to_e,0,75,0.0
priors_down10,11,customer_only,e_to_d,e_to_d,0,75,0.0
priors_down10,12,domestic_only,none,none,0,77,0.0
priors_down10,12,domestic_only,none,d_only,0,77,0.0
priors_down10,12,domestic_only,none,e_only,0,77,0.0
priors_down10,12,domestic_only,none,simultaneous,0,77,0.0
priors_down10,12,domestic_only,none,d_to_e,0,77,0.0
priors_down10,12,domestic_only,none,e_to_d,0,77,0.0
priors_down10,12,domestic_only,d_only,none,0,77,0.0
priors_down10,12,domestic_only,d_only,d_only,53,77,0.6883116883116883
priors_down10,12,domestic_only,d_only,e_only,0,77,0.0
priors_down10,12,domestic_only,d_only,simultaneous,5,77,0.06493506493506493
priors_down10,12,domestic_only,d_only,d_to_e,12,77,0.15584415584415584
priors_down10,12,domestic_only,d_only,e_to_d,7,77,0.09090909090909091
priors_down10,12,domestic_only,e_only,none,0,77,0.0
priors_down10,12,domestic_only,e_only,d_only,0,77,0.0
priors_down10,12,domestic_only,e_only,e_only,0,77,0.0
priors_down10,12,domestic_only,e_only,simultaneous,0,77,0.0
priors_down10,12,domestic_only,e_only,d_to_e,0,77,0.0
priors_down10,12,domestic_only,e_only,e_to_d,0,77,0.0
priors_down10,12,domestic_only,simultaneous,none,0,77,0.0
priors_down10,12,domestic_only,simultaneous,d_only,0,77,0.0
priors_down10,12,domestic_only,simultaneous,e_only,0,77,0.0
priors_down10,12,domestic_only,simultaneous,simultaneous,0,77,0.0
priors_down10,12,domestic_only,simultaneous,d_to_e,0,77,0.0
priors_down10,12,domestic_only,simultaneous,e_to_d,0,77,0.0
priors_down10,12,domestic_only,d_to_e,none,0,77,0.0
priors_down10,12,domestic_only,d_to_e,d_only,0,77,0.0
priors_down10,12,domestic_only,d_to_e,e_only,0,77,0.0
priors_down10,12,domestic_only,d_to_e,simultaneous,0,77,0.0
priors_down10,12,domestic_only,d_to_e,d_to_e,0,77,0.0
priors_down10,12,domestic_only,d_to_e,e_to_d,0,77,0.0
priors_down10,12,domestic_only,e_to_d,none,0,77,0.0
priors_down10,12,domestic_only,e_to_d,d_only,0,77,0.0
priors_down10,12,domestic_only,e_to_d,e_only,0,77,0.0
priors_down10,12,domestic_only,e_to_d,simultaneous,0,77,0.0
priors_down10,12,domestic_only,e_to_d,d_to_e,0,77,0.0
priors_down10,12,domestic_only,e_to_d,e_to_d,0,77,0.0
priors_down10,12,customer_only,none,none,0,77,0.0
priors_down10,12,customer_only,none,d_only,39,77,0.5064935064935064
priors_down10,12,customer_only,none,e_only,0,77,0.0
priors_down10,12,customer_only,none,simultaneous,0,77,0.0
priors_down10,12,customer_only,none,d_to_e,0,77,0.0
priors_down10,12,customer_only,none,e_to_d,0,77,0.0
priors_down10,12,customer_only,d_only,none,0,77,0.0
priors_down10,12,customer_only,d_only,d_only,0,77,0.0
priors_down10,12,customer_only,d_only,e_only,0,77,0.0
priors_down10,12,customer_only,d_only,simultaneous,0,77,0.0
priors_down10,12,customer_only,d_only,d_to_e,0,77,0.0
priors_down10,12,customer_only,d_only,e_to_d,0,77,0.0
priors_down10,12,customer_only,e_only,none,0,77,0.0
priors_down10,12,customer_only,e_only,d_only,14,77,0.18181818181818182
priors_down10,12,customer_only,e_only,e_only,0,77,0.0
priors_down10,12,customer_only,e_only,simultaneous,5,77,0.06493506493506493
priors_down10,12,customer_only,e_only,d_to_e,12,77,0.15584415584415584
priors_down10,12,customer_only,e_only,e_to_d,7,77,0.09090909090909091
priors_down10,12,customer_only,simultaneous,none,0,77,0.0
priors_down10,12,customer_only,simultaneous,d_only,0,77,0.0
priors_down10,12,customer_only,simultaneous,e_only,0,77,0.0
priors_down10,12,customer_only,simultaneous,simultaneous,0,77,0.0
priors_down10,12,customer_only,simultaneous,d_to_e,0,77,0.0
priors_down10,12,customer_only,simultaneous,e_to_d,0,77,0.0
priors_down10,12,customer_only,d_to_e,none,0,77,0.0
priors_down10,12,customer_only,d_to_e,d_only,0,77,0.0
priors_down10,12,customer_only,d_to_e,e_only,0,77,0.0
priors_down10,12,customer_only,d_to_e,simultaneous,0,77,0.0
priors_down10,12,customer_only,d_to_e,d_to_e,0,77,0.0
priors_down10,12,customer_only,d_to_e,e_to_d,0,77,0.0
priors_down10,12,customer_only,e_to_d,none,0,77,0.0
priors_down10,12,customer_only,e_to_d,d_only,0,77,0.0
priors_down10,12,customer_only,e_to_d,e_only,0,77,0.0
priors_down10,12,customer_only,e_to_d,simultaneous,0,77,0.0
priors_down10,12,customer_only,e_to_d,d_to_e,0,77,0.0
priors_down10,12,customer_only,e_to_d,e_to_d,0,77,0.0
priors_down10,13,domestic_only,none,none,0,88,0.0
priors_down10,13,domestic_only,none,d_only,0,88,0.0
priors_down10,13,domestic_only,none,e_only,0,88,0.0
priors_down10,13,domestic_only,none,simultaneous,0,88,0.0
priors_down10,13,domestic_only,none,d_to_e,0,88,0.0
priors_down10,13,domestic_only,none,e_to_d,0,88,0.0
priors_down10,13,domestic_only,d_only,none,0,88,0.0
priors_down10,13,domestic_only,d_only,d_only,57,88,0.6477272727272727
priors_down10,13,domestic_only,d_only,e_only,6,88,0.06818181818181818
priors_down10,13,domestic_only,d_only,simultaneous,3,88,0.03409090909090909
priors_down10,13,domestic_only,d_only,d_to_e,15,88,0.17045454545454544
priors_down10,13,domestic_only,d_only,e_to_d,7,88,0.07954545454545454
priors_down10,13,domestic_only,e_only,none,0,88,0.0
priors_down10,13,domestic_only,e_only,d_only,0,88,0.0
priors_down10,13,domestic_only,e_only,e_only,0,88,0.0
priors_down10,13,domestic_only,e_only,simultaneous,0,88,0.0
priors_down10,13,domestic_only,e_only,d_to_e,0,88,0.0
priors_down10,13,domestic_only,e_only,e_to_d,0,88,0.0
priors_down10,13,domestic_only,simultaneous,none,0,88,0.0
priors_down10,13,domestic_only,simultaneous,d_only,0,88,0.0
priors_down10,13,domestic_only,simultaneous,e_only,0,88,0.0
priors_down10,13,domestic_only,simultaneous,simultaneous,0,88,0.0
priors_down10,13,domestic_only,simultaneous,d_to_e,0,88,0.0
priors_down10,13,domestic_only,simultaneous,e_to_d,0,88,0.0
priors_down10,13,domestic_only,d_to_e,none,0,88,0.0
priors_down10,13,domestic_only,d_to_e,d_only,0,88,0.0
priors_down10,13,domestic_only,d_to_e,e_only,0,88,0.0
priors_down10,13,domestic_only,d_to_e,simultaneous,0,88,0.0
priors_down10,13,domestic_only,d_to_e,d_to_e,0,88,0.0
priors_down10,13,domestic_only,d_to_e,e_to_d,0,88,0.0
priors_down10,13,domestic_only,e_to_d,none,0,88,0.0
priors_down10,13,domestic_only,e_to_d,d_only,0,88,0.0
priors_down10,13,domestic_only,e_to_d,e_only,0,88,0.0
priors_down10,13,domestic_only,e_to_d,simultaneous,0,88,0.0
priors_down10,13,domestic_only,e_to_d,d_to_e,0,88,0.0
priors_down10,13,domestic_only,e_to_d,e_to_d,0,88,0.0
priors_down10,13,customer_only,none,none,0,88,0.0
priors_down10,13,customer_only,none,d_only,37,88,0.42045454545454547
priors_down10,13,customer_only,none,e_only,0,88,0.0
priors_down10,13,customer_only,none,simultaneous,0,88,0.0
priors_down10,13,customer_only,none,d_to_e,0,88,0.0
priors_down10,13,customer_only,none,e_to_d,0,88,0.0
priors_down10,13,customer_only,d_only,none,0,88,0.0
priors_down10,13,customer_only,d_only,d_only,0,88,0.0
priors_down10,13,customer_only,d_only,e_only,0,88,0.0
priors_down10,13,customer_only,d_only,simultaneous,0,88,0.0
priors_down10,13,customer_only,d_only,d_to_e,0,88,0.0
priors_down10,13,customer_only,d_only,e_to_d,0,88,0.0
priors_down10,13,customer_only,e_only,none,0,88,0.0
priors_down10,13,customer_only,e_only,d_only,20,88,0.22727272727272727
priors_down10,13,customer_only,e_only,e_only,6,88,0.06818181818181818
priors_down10,13,customer_only,e_only,simultaneous,3,88,0.03409090909090909
priors_down10,13,customer_only,e_only,d_to_e,15,88,0.17045454545454544
priors_down10,13,customer_only,e_only,e_to_d,7,88,0.07954545454545454
priors_down10,13,customer_only,simultaneous,none,0,88,0.0
priors_down10,13,customer_only,simultaneous,d_only,0,88,0.0
priors_down10,13,customer_only,simultaneous,e_only,0,88,0.0
priors_down10,13,customer_only,simultaneous,simultaneous,0,88,0.0
priors_down10,13,customer_only,simultaneous,d_to_e,0,88,0.0
priors_down10,13,customer_only,simultaneous,e_to_d,0,88,0.0
priors_down10,13,customer_only,d_to_e,none,0,88,0.0
priors_down10,13,customer_only,d_to_e,d_only,0,88,0.0
priors_down10,13,customer_only,d_to_e,e_only,0,88,0.0
priors_down10,13,customer_only,d_to_e,simultaneous,0,88,0.0
priors_down10,13,customer_only,d_to_e,d_to_e,0,88,0.0
priors_down10,13,customer_only,d_to_e,e_to_d,0,88,0.0
priors_down10,13,customer_only,e_to_d,none,0,88,0.0
priors_down10,13,customer_only,e_to_d,d_only,0,88,0.0
priors_down10,13,customer_only,e_to_d,e_only,0,88,0.0
priors_down10,13,customer_only,e_to_d,simultaneous,0,88,0.0
priors_down10,13,customer_only,e_to_d,d_to_e,0,88,0.0
priors_down10,13,customer_only,e_to_d,e_to_d,0,88,0.0
priors_down10,14,domestic_only,none,none,0,69,0.0
priors_down10,14,domestic_only,none,d_only,0,69,0.0
priors_down10,14,domestic_only,none,e_only,0,69,0.0
priors_down10,14,domestic_only,none,simultaneous,0,69,0.0
priors_down10,14,domestic_only,none,d_to_e,0,69,0.0
priors_down10,14,domestic_only,none,e_to_d,0,69,0.0
priors_down10,14,domestic_only,d_only,none,0,69,0.0
priors_down10,14,domestic_only,d_only,d_only,48,69,0.6956521739130435
priors_down10,14,domestic_only,d_only,e_only,2,69,0.028985507246376812
priors_down10,14,domestic_only,d_only,simultaneous,2,69,0.028985507246376812
priors_down10,14,domestic_only,d_only,d_to_e,13,69,0.18840579710144928
priors_down10,14,domestic_only,d_only,e_to_d,4,69,0.057971014492753624
priors_down10,14,domestic_only,e_only,none,0,69,0.0
priors_down10,14,domestic_only,e_only,d_only,0,69,0.0
priors_down10,14,domestic_only,e_only,e_only,0,69,0.0
priors_down10,14,domestic_only,e_only,simultaneous,0,69,0.0
priors_down10,14,domestic_only,e_only,d_to_e,0,69,0.0
priors_down10,14,domestic_only,e_only,e_to_d,0,69,0.0
priors_down10,14,domestic_only,simultaneous,none,0,69,0.0
priors_down10,14,domestic_only,simultaneous,d_only,0,69,0.0
priors_down10,14,domestic_only,simultaneous,e_only,0,69,0.0
priors_down10,14,domestic_only,simultaneous,simultaneous,0,69,0.0
priors_down10,14,domestic_only,simultaneous,d_to_e,0,69,0.0
priors_down10,14,domestic_only,simultaneous,e_to_d,0,69,0.0
priors_down10,14,domestic_only,d_to_e,none,0,69,0.0
priors_down10,14,domestic_only,d_to_e,d_only,0,69,0.0
priors_down10,14,domestic_only,d_to_e,e_only,0,69,0.0
priors_down10,14,domestic_only,d_to_e,simultaneous,0,69,0.0
priors_down10,14,domestic_only,d_to_e,d_to_e,0,69,0.0
priors_down10,14,domestic_only,d_to_e,e_to_d,0,69,0.0
priors_down10,14,domestic_only,e_to_d,none,0,69,0.0
priors_down10,14,domestic_only,e_to_d,d_only,0,69,0.0
priors_down10,14,domestic_only,e_to_d,e_only,0,69,0.0
priors_down10,14,domestic_only,e_to_d,simultaneous,0,69,0.0
priors_down10,14,domestic_only,e_to_d,d_to_e,0,69,0.0
priors_down10,14,domestic_only,e_to_d,e_to_d,0,69,0.0
priors_down10,14,customer_only,none,none,0,69,0.0
priors_down10,14,customer_only,none,d_only,36,69,0.5217391304347826
priors_down10,14,customer_only,none,e_only,0,69,0.0
priors_down10,14,customer_only,none,simultaneous,0,69,0.0
priors_down10,14,customer_only,none,d_to_e,1,69,0.014492753623188406
priors_down10,14,customer_only,none,e_to_d,0,69,0.0
priors_down10,14,customer_only,d_only,none,0,69,0.0
priors_down10,14,customer_only,d_only,d_only,0,69,0.0
priors_down10,14,customer_only,d_only,e_only,0,69,0.0
priors_down10,14,customer_only,d_only,simultaneous,0,69,0.0
priors_down10,14,customer_only,d_only,d_to_e,0,69,0.0
priors_down10,14,customer_only,d_only,e_to_d,0,69,0.0
priors_down10,14,customer_only,e_only,none,0,69,0.0
priors_down10,14,customer_only,e_only,d_only,12,69,0.17391304347826086
priors_down10,14,customer_only,e_only,e_only,2,69,0.028985507246376812
priors_down10,14,customer_only,e_only,simultaneous,2,69,0.028985507246376812
priors_down10,14,customer_only,e_only,d_to_e,12,69,0.17391304347826086
priors_down10,14,customer_only,e_only,e_to_d,4,69,0.057971014492753624
priors_down10,14,customer_only,simultaneous,none,0,69,0.0
priors_down10,14,customer_only,simultaneous,d_only,0,69,0.0
priors_down10,14,customer_only,simultaneous,e_only,0,69,0.0
priors_down10,14,customer_only,simultaneous,simultaneous,0,69,0.0
priors_down10,14,customer_only,simultaneous,d_to_e,0,69,0.0
priors_down10,14,customer_only,simultaneous,e_to_d,0,69,0.0
priors_down10,14,customer_only,d_to_e,none,0,69,0.0
priors_down10,14,customer_only,d_to_e,d_only,0,69,0.0
priors_down10,14,customer_only,d_to_e,e_only,0,69,0.0
priors_down10,14,customer_only,d_to_e,simultaneous,0,69,0.0
priors_down10,14,customer_only,d_to_e,d_to_e,0,69,0.0
priors_down10,14,customer_only,d_to_e,e_to_d,0,69,0.0
priors_down10,14,customer_only,e_to_d,none,0,69,0.0
priors_down10,14,customer_only,e_to_d,d_only,0,69,0.0
priors_down10,14,customer_only,e_to_d,e_only,0,69,0.0
priors_down10,14,customer_only,e_to_d,simultaneous,0,69,0.0
priors_down10,14,customer_only,e_to_d,d_to_e,0,69,0.0
priors_down10,14,customer_only,e_to_d,e_to_d,0,69,0.0
priors_down10,15,domestic_only,none,none,0,78,0.0
priors_down10,15,domestic_only,none,d_only,0,78,0.0
priors_down10,15,domestic_only,none,e_only,0,78,0.0
priors_down10,15,domestic_only,none,simultaneous,0,78,0.0
priors_down10,15,domestic_only,none,d_to_e,0,78,0.0
priors_down10,15,domestic_only,none,e_to_d,0,78,0.0
priors_down10,15,domestic_only,d_only,none,0,78,0.0
priors_down10,15,domestic_only,d_only,d_only,43,78,0.5512820512820513
priors_down10,15,domestic_only,d_only,e_only,2,78,0.02564102564102564
priors_down10,15,domestic_only,d_only,simultaneous,6,78,0.07692307692307693
priors_down10,15,domestic_only,d_only,d_to_e,23,78,0.2948717948717949
priors_down10,15,domestic_only,d_only,e_to_d,4,78,0.05128205128205128
priors_down10,15,domestic_only,e_only,none,0,78,0.0
priors_down10,15,domestic_only,e_only,d_only,0,78,0.0
priors_down10,15,domestic_only,e_only,e_only,0,78,0.0
priors_down10,15,domestic_only,e_only,simultaneous,0,78,0.0
priors_down10,15,domestic_only,e_only,d_to_e,0,78,0.0
priors_down10,15,domestic_only,e_only,e_to_d,0,78,0.0
priors_down10,15,domestic_only,simultaneous,none,0,78,0.0
priors_down10,15,domestic_only,simultaneous,d_only,0,78,0.0
priors_down10,15,domestic_only,simultaneous,e_only,0,78,0.0
priors_down10,15,domestic_only,simultaneous,simultaneous,0,78,0.0
priors_down10,15,domestic_only,simultaneous,d_to_e,0,78,0.0
priors_down10,15,domestic_only,simultaneous,e_to_d,0,78,0.0
priors_down10,15,domestic_only,d_to_e,none,0,78,0.0
priors_down10,15,domestic_only,d_to_e,d_only,0,78,0.0
priors_down10,15,domestic_only,d_to_e,e_only,0,78,0.0
priors_down10,15,domestic_only,d_to_e,simultaneous,0,78,0.0
priors_down10,15,domestic_only,d_to_e,d_to_e,0,78,0.0
priors_down10,15,domestic_only,d_to_e,e_to_d,0,78,0.0
priors_down10,15,domestic_only,e_to_d,none,0,78,0.0
priors_down10,15,domestic_only,e_to_d,d_only,0,78,0.0
priors_down10,15,domestic_only,e_to_d,e_only,0,78,0.0
priors_down10,15,domestic_only,e_to_d,simultaneous,0,78,0.0
priors_down10,15,domestic_only,e_to_d,d_to_e,0,78,0.0
priors_down10,15,domestic_only,e_to_d,e_to_d,0,78,0.0
priors_down10,15,customer_only,none,none,0,78,0.0
priors_down10,15,customer_only,none,d_only,32,78,0.41025641025641024
priors_down10,15,customer_only,none,e_only,0,78,0.0
priors_down10,15,customer_only,none,simultaneous,0,78,0.0
priors_down10,15,customer_only,none,d_to_e,1,78,0.01282051282051282
priors_down10,15,customer_only,none,e_to_d,0,78,0.0
priors_down10,15,customer_only,d_only,none,0,78,0.0
priors_down10,15,customer_only,d_only,d_only,0,78,0.0
priors_down10,15,customer_only,d_only,e_only,0,78,0.0
priors_down10,15,customer_only,d_only,simultaneous,0,78,0.0
priors_down10,15,customer_only,d_only,d_to_e,0,78,0.0
priors_down10,15,customer_only,d_only,e_to_d,0,78,0.0
priors_down10,15,customer_only,e_only,none,0,78,0.0
priors_down10,15,customer_only,e_only,d_only,11,78,0.14102564102564102
priors_down10,15,customer_only,e_only,e_only,2,78,0.02564102564102564
priors_down10,15,customer_only,e_only,simultaneous,6,78,0.07692307692307693
priors_down10,15,customer_only,e_only,d_to_e,22,78,0.28205128205128205
priors_down10,15,customer_only,e_only,e_to_d,4,78,0.05128205128205128
priors_down10,15,customer_only,simultaneous,none,0,78,0.0
priors_down10,15,customer_only,simultaneous,d_only,0,78,0.0
priors_down10,15,customer_only,simultaneous,e_only,0,78,0.0
priors_down10,15,customer_only,simultaneous,simultaneous,0,78,0.0
priors_down10,15,customer_only,simultaneous,d_to_e,0,78,0.0
priors_down10,15,customer_only,simultaneous,e_to_d,0,78,0.0
priors_down10,15,customer_only,d_to_e,none,0,78,0.0
priors_down10,15,customer_only,d_to_e,d_only,0,78,0.0
priors_down10,15,customer_only,d_to_e,e_only,0,78,0.0
priors_down10,15,customer_only,d_to_e,simultaneous,0,78,0.0
priors_down10,15,customer_only,d_to_e,d_to_e,0,78,0.0
priors_down10,15,customer_only,d_to_e,e_to_d,0,78,0.0
priors_down10,15,customer_only,e_to_d,none,0,78,0.0
priors_down10,15,customer_only,e_to_d,d_only,0,78,0.0
priors_down10,15,customer_only,e_to_d,e_only,0,78,0.0
priors_down10,15,customer_only,e_to_d,simultaneous,0,78,0.0
priors_down10,15,customer_only,e_to_d,d_to_e,0,78,0.0
priors_down10,15,customer_only,e_to_d,e_to_d,0,78,0.0
priors_down10,16,domestic_only,none,none,0,81,0.0
priors_down10,16,domestic_only,none,d_only,0,81,0.0
priors_down10,16,domestic_only,none,e_only,0,81,0.0
priors_down10,16,domestic_only,none,simultaneous,0,81,0.0
priors_down10,16,domestic_only,none,d_to_e,0,81,0.0
priors_down10,16,domestic_only,none,e_to_d,0,81,0.0
priors_down10,16,domestic_only,d_only,none,0,81,0.0
priors_down10,16,domestic_only,d_only,d_only,57,81,0.7037037037037037
priors_down10,16,domestic_only,d_only,e_only,1,81,0.012345679012345678
priors_down10,16,domestic_only,d_only,simultaneous,0,81,0.0
priors_down10,16,domestic_only,d_only,d_to_e,18,81,0.2222222222222222
priors_down10,16,domestic_only,d_only,e_to_d,5,81,0.06172839506172839
priors_down10,16,domestic_only,e_only,none,0,81,0.0
priors_down10,16,domestic_only,e_only,d_only,0,81,0.0
priors_down10,16,domestic_only,e_only,e_only,0,81,0.0
priors_down10,16,domestic_only,e_only,simultaneous,0,81,0.0
priors_down10,16,domestic_only,e_only,d_to_e,0,81,0.0
priors_down10,16,domestic_only,e_only,e_to_d,0,81,0.0
priors_down10,16,domestic_only,simultaneous,none,0,81,0.0
priors_down10,16,domestic_only,simultaneous,d_only,0,81,0.0
priors_down10,16,domestic_only,simultaneous,e_only,0,81,0.0
priors_down10,16,domestic_only,simultaneous,simultaneous,0,81,0.0
priors_down10,16,domestic_only,simultaneous,d_to_e,0,81,0.0
priors_down10,16,domestic_only,simultaneous,e_to_d,0,81,0.0
priors_down10,16,domestic_only,d_to_e,none,0,81,0.0
priors_down10,16,domestic_only,d_to_e,d_only,0,81,0.0
priors_down10,16,domestic_only,d_to_e,e_only,0,81,0.0
priors_down10,16,domestic_only,d_to_e,simultaneous,0,81,0.0
priors_down10,16,domestic_only,d_to_e,d_to_e,0,81,0.0
priors_down10,16,domestic_only,d_to_e,e_to_d,0,81,0.0
priors_down10,16,domestic_only,e_to_d,none,0,81,0.0
priors_down10,16,domestic_only,e_to_d,d_only,0,81,0.0
priors_down10,16,domestic_only,e_to_d,e_only,0,81,0.0
priors_down10,16,domestic_only,e_to_d,simultaneous,0,81,0.0
priors_down10,16,domestic_only,e_to_d,d_to_e,0,81,0.0
priors_down10,16,domestic_only,e_to_d,e_to_d,0,81,0.0
priors_down10,16,customer_only,none,none,0,81,0.0
priors_down10,16,customer_only,none,d_only,47,81,0.5802469135802469
priors_down10,16,customer_only,none,e_only,0,81,0.0
priors_down10,16,customer_only,none,simultaneous,0,81,0.0
priors_down10,16,customer_only,none,d_to_e,0,81,0.0
priors_down10,16,customer_only,none,e_to_d,0,81,0.0
priors_down10,16,customer_only,d_only,none,0,81,0.0
priors_down10,16,customer_only,d_only,d_only,0,81,0.0
priors_down10,16,customer_only,d_only,e_only,0,81,0.0
priors_down10,16,customer_only,d_only,simultaneous,0,81,0.0
priors_down10,16,customer_only,d_only,d_to_e,0,81,0.0
priors_down10,16,customer_only,d_only,e_to_d,0,81,0.0
priors_down10,16,customer_only,e_only,none,0,81,0.0
priors_down10,16,customer_only,e_only,d_only,10,81,0.12345679012345678
priors_down10,16,customer_only,e_only,e_only,1,81,0.012345679012345678
priors_down10,16,customer_only,e_only,simultaneous,0,81,0.0
priors_down10,16,customer_only,e_only,d_to_e,18,81,0.2222222222222222
priors_down10,16,customer_only,e_only,e_to_d,5,81,0.06172839506172839
priors_down10,16,customer_only,simultaneous,none,0,81,0.0
priors_down10,16,customer_only,simultaneous,d_only,0,81,0.0
priors_down10,16,customer_only,simultaneous,e_only,0,81,0.0
priors_down10,16,customer_only,simultaneous,simultaneous,0,81,0.0
priors_down10,16,customer_only,simultaneous,d_to_e,0,81,0.0
priors_down10,16,customer_only,simultaneous,e_to_d,0,81,0.0
priors_down10,16,customer_only,d_to_e,none,0,81,0.0
priors_down10,16,customer_only,d_to_e,d_only,0,81,0.0
priors_down10,16,customer_only,d_to_e,e_only,0,81,0.0
priors_down10,16,customer_only,d_to_e,simultaneous,0,81,0.0
priors_down10,16,customer_only,d_to_e,d_to_e,0,81,0.0
priors_down10,16,customer_only,d_to_e,e_to_d,0,81,0.0
priors_down10,16,customer_only,e_to_d,none,0,81,0.0
priors_down10,16,customer_only,e_to_d,d_only,0,81,0.0
priors_down10,16,customer_only,e_to_d,e_only,0,81,0.0
priors_down10,16,customer_only,e_to_d,simultaneous,0,81,0.0
priors_down10,16,customer_only,e_to_d,d_to_e,0,81,0.0
priors_down10,16,customer_only,e_to_d,e_to_d,0,81,0.0
priors_down10,17,domestic_only,none,none,1,85,0.011764705882352941
priors_down10,17,domestic_only,none,d_only,0,85,0.0
priors_down10,17,domestic_only,none,e_only,0,85,0.0
priors_down10,17,domestic_only,none,simultaneous,0,85,0.0
priors_down10,17,domestic_only,none,d_to_e,0,85,0.0
priors_down10,17,domestic_only,none,e_to_d,0,85,0.0
priors_down10,17,domestic_only,d_only,none,0,85,0.0
priors_down10,17,domestic_only,d_only,d_only,61,85,0.7176470588235294
priors_down10,17,domestic_only,d_only,e_only,3,85,0.03529411764705882
priors_down10,17,domestic_only,d_only,simultaneous,2,85,0.023529411764705882
priors_down10,17,domestic_only,d_only,d_to_e,10,85,0.11764705882352941
priors_down10,17,domestic_only,d_only,e_to_d,8,85,0.09411764705882353
priors_down10,17,domestic_only,e_only,none,0,85,0.0
priors_down10,17,domestic_only,e_only,d_only,0,85,0.0
priors_down10,17,domestic_only,e_only,e_only,0,85,0.0
priors_down10,17,domestic_only,e_only,simultaneous,0,85,0.0
priors_down10,17,domestic_only,e_only,d_to_e,0,85,0.0
priors_down10,17,domestic_only,e_only,e_to_d,0,85,0.0
priors_down10,17,domestic_only,simultaneous,none,0,85,0.0
priors_down10,17,domestic_only,simultaneous,d_only,0,85,0.0
priors_down10,17,domestic_only,simultaneous,e_only,0,85,0.0
priors_down10,17,domestic_only,simultaneous,simultaneous,0,85,0.0
priors_down10,17,domestic_only,simultaneous,d_to_e,0,85,0.0
priors_down10,17,domestic_only,simultaneous,e_to_d,0,85,0.0
priors_down10,17,domestic_only,d_to_e,none,0,85,0.0
priors_down10,17,domestic_only,d_to_e,d_only,0,85,0.0
priors_down10,17,domestic_only,d_to_e,e_only,0,85,0.0
priors_down10,17,domestic_only,d_to_e,simultaneous,0,85,0.0
priors_down10,17,domestic_only,d_to_e,d_to_e,0,85,0.0
priors_down10,17,domestic_only,d_to_e,e_to_d,0,85,0.0
priors_down10,17,domestic_only,e_to_d,none,0,85,0.0
priors_down10,17,domestic_only,e_to_d,d_only,0,85,0.0
priors_down10,17,domestic_only,e_to_d,e_only,0,85,0.0
priors_down10,17,domestic_only,e_to_d,simultaneous,0,85,0.0
priors_down10,17,domestic_only,e_to_d,d_to_e,0,85,0.0
priors_down10,17,domestic_only,e_to_d,e_to_d,0,85,0.0
priors_down10,17,customer_only,none,none,1,85,0.011764705882352941
priors_down10,17,customer_only,none,d_only,51,85,0.6
priors_down10,17,customer_only,none,e_only,0,85,0.0
priors_down10,17,customer_only,none,simultaneous,0,85,0.0
priors_down10,17,customer_only,none,d_to_e,0,85,0.0
priors_down10,17,customer_only,none,e_to_d,0,85,0.0
priors_down10,17,customer_only,d_only,none,0,85,0.0
priors_down10,17,customer_only,d_only,d_only,0,85,0.0
priors_down10,17,customer_only,d_only,e_only,0,85,0.0
priors_down10,17,customer_only,d_only,simultaneous,0,85,0.0
priors_down10,17,customer_only,d_only,d_to_e,0,85,0.0
priors_down10,17,customer_only,d_only,e_to_d,0,85,0.0
priors_down10,17,customer_only,e_only,none,0,85,0.0
priors_down10,17,customer_only,e_only,d_only,10,85,0.11764705882352941
priors_down10,17,customer_only,e_only,e_only,3,85,0.03529411764705882
priors_down10,17,customer_only,e_only,simultaneous,2,85,0.023529411764705882
priors_down10,17,customer_only,e_only,d_to_e,10,85,0.11764705882352941
priors_down10,17,customer_only,e_only,e_to_d,8,85,0.09411764705882353
priors_down10,17,customer_only,simultaneous,none,0,85,0.0
priors_down10,17,customer_only,simultaneous,d_only,0,85,0.0
priors_down10,17,customer_only,simultaneous,e_only,0,85,0.0
priors_down10,17,customer_only,simultaneous,simultaneous,0,85,0.0
priors_down10,17,customer_only,simultaneous,d_to_e,0,85,0.0
priors_down10,17,customer_only,simultaneous,e_to_d,0,85,0.0
priors_down10,17,customer_only,d_to_e,none,0,85,0.0
priors_down10,17,customer_only,d_to_e,d_only,0,85,0.0
priors_down10,17,customer_only,d_to_e,e_only,0,85,0.0
priors_down10,17,customer_only,d_to_e,simultaneous,0,85,0.0
priors_down10,17,customer_only,d_to_e,d_to_e,0,85,0.0
priors_down10,17,customer_only,d_to_e,e_to_d,0,85,0.0
priors_down10,17,customer_only,e_to_d,none,0,85,0.0
priors_down10,17,customer_only,e_to_d,d_only,0,85,0.0
priors_down10,17,customer_only,e_to_d,e_only,0,85,0.0
priors_down10,17,customer_only,e_to_d,simultaneous,0,85,0.0
priors_down10,17,customer_only,e_to_d,d_to_e,0,85,0.0
priors_down10,17,customer_only,e_to_d,e_to_d,0,85,0.0
priors_down10,18,domestic_only,none,none,0,71,0.0
priors_down10,18,domestic_only,none,d_only,0,71,0.0
priors_down10,18,domestic_only,none,e_only,0,71,0.0
priors_down10,18,domestic_only,none,simultaneous,0,71,0.0
priors_down10,18,domestic_only,none,d_to_e,0,71,0.0
priors_down10,18,domestic_only,none,e_to_d,0,71,0.0
priors_down10,18,domestic_only,d_only,none,0,71,0.0
priors_down10,18,domestic_only,d_only,d_only,41,71,0.5774647887323944
priors_down10,18,domestic_only,d_only,e_only,1,71,0.014084507042253521
priors_down10,18,domestic_only,d_only,simultaneous,3,71,0.04225352112676056
priors_down10,18,domestic_only,d_only,d_to_e,20,71,0.28169014084507044
priors_down10,18,domestic_only,d_only,e_to_d,6,71,0.08450704225352113
priors_down10,18,domestic_only,e_only,none,0,71,0.0
priors_down10,18,domestic_only,e_only,d_only,0,71,0.0
priors_down10,18,domestic_only,e_only,e_only,0,71,0.0
priors_down10,18,domestic_only,e_only,simultaneous,0,71,0.0
priors_down10,18,domestic_only,e_only,d_to_e,0,71,0.0
priors_down10,18,domestic_only,e_only,e_to_d,0,71,0.0
priors_down10,18,domestic_only,simultaneous,none,0,71,0.0
priors_down10,18,domestic_only,simultaneous,d_only,0,71,0.0
priors_down10,18,domestic_only,simultaneous,e_only,0,71,0.0
priors_down10,18,domestic_only,simultaneous,simultaneous,0,71,0.0
priors_down10,18,domestic_only,simultaneous,d_to_e,0,71,0.0
priors_down10,18,domestic_only,simultaneous,e_to_d,0,71,0.0
priors_down10,18,domestic_only,d_to_e,none,0,71,0.0
priors_down10,18,domestic_only,d_to_e,d_only,0,71,0.0
priors_down10,18,domestic_only,d_to_e,e_only,0,71,0.0
priors_down10,18,domestic_only,d_to_e,simultaneous,0,71,0.0
priors_down10,18,domestic_only,d_to_e,d_to_e,0,71,0.0
priors_down10,18,domestic_only,d_to_e,e_to_d,0,71,0.0
priors_down10,18,domestic_only,e_to_d,none,0,71,0.0
priors_down10,18,domestic_only,e_to_d,d_only,0,71,0.0
priors_down10,18,domestic_only,e_to_d,e_only,0,71,0.0
priors_down10,18,domestic_only,e_to_d,simultaneous,0,71,0.0
priors_down10,18,domestic_only,e_to_d,d_to_e,0,71,0.0
priors_down10,18,domestic_only,e_to_d,e_to_d,0,71,0.0
priors_down10,18,customer_only,none,none,0,71,0.0
priors_down10,18,customer_only,none,d_only,24,71,0.3380281690140845
priors_down10,18,customer_only,none,e_only,0,71,0.0
priors_down10,18,customer_only,none,simultaneous,0,71,0.0
priors_down10,18,customer_only,none,d_to_e,0,71,0.0
priors_down10,18,customer_only,none,e_to_d,0,71,0.0
priors_down10,18,customer_only,d_only,none,0,71,0.0
priors_down10,18,customer_only,d_only,d_only,0,71,0.0
priors_down10,18,customer_only,d_only,e_only,0,71,0.0
priors_down10,18,customer_only,d_only,simultaneous,0,71,0.0
priors_down10,18,customer_only,d_only,d_to_e,0,71,0.0
priors_down10,18,customer_only,d_only,e_to_d,0,71,0.0
priors_down10,18,customer_only,e_only,none,0,71,0.0
priors_down10,18,customer_only,e_only,d_only,17,71,0.23943661971830985
priors_down10,18,customer_only,e_only,e_only,1,71,0.014084507042253521
priors_down10,18,customer_only,e_only,simultaneous,3,71,0.04225352112676056
priors_down10,18,customer_only,e_only,d_to_e,20,71,0.28169014084507044
priors_down10,18,customer_only,e_only,e_to_d,6,71,0.08450704225352113
priors_down10,18,customer_only,simultaneous,none,0,71,0.0
priors_down10,18,customer_only,simultaneous,d_only,0,71,0.0
priors_down10,18,customer_only,simultaneous,e_only,0,71,0.0
priors_down10,18,customer_only,simultaneous,simultaneous,0,71,0.0
priors_down10,18,customer_only,simultaneous,d_to_e,0,71,0.0
priors_down10,18,customer_only,simultaneous,e_to_d,0,71,0.0
priors_down10,18,customer_only,d_to_e,none,0,71,0.0
priors_down10,18,customer_only,d_to_e,d_only,0,71,0.0
priors_down10,18,customer_only,d_to_e,e_only,0,71,0.0
priors_down10,18,customer_only,d_to_e,simultaneous,0,71,0.0
priors_down10,18,customer_only,d_to_e,d_to_e,0,71,0.0
priors_down10,18,customer_only,d_to_e,e_to_d,0,71,0.0
priors_down10,18,customer_only,e_to_d,none,0,71,0.0
priors_down10,18,customer_only,e_to_d,d_only,0,71,0.0
priors_down10,18,customer_only,e_to_d,e_only,0,71,0.0
priors_down10,18,customer_only,e_to_d,simultaneous,0,71,0.0
priors_down10,18,customer_only,e_to_d,d_to_e,0,71,0.0
priors_down10,18,customer_only,e_to_d,e_to_d,0,71,0.0
priors_down10,19,domestic_only,none,none,0,75,0.0
priors_down10,19,domestic_only,none,d_only,0,75,0.0
priors_down10,19,domestic_only,none,e_only,0,75,0.0
priors_down10,19,domestic_only,none,simultaneous,0,75,0.0
priors_down10,19,domestic_only,none,d_to_e,0,75,0.0
priors_down10,19,domestic_only,none,e_to_d,0,75,0.0
priors_down10,19,domestic_only,d_only,none,0,75,0.0
priors_down10,19,domestic_only,d_only,d_only,45,75,0.6
priors_down10,19,domestic_only,d_only,e_only,2,75,0.02666666666666667
priors_down10,19,domestic_only,d_only,simultaneous,4,75,0.05333333333333334
priors_down10,19,domestic_only,d_only,d_to_e,20,75,0.26666666666666666
priors_down10,19,domestic_only,d_only,e_to_d,4,75,0.05333333333333334
priors_down10,19,domestic_only,e_only,none,0,75,0.0
priors_down10,19,domestic_only,e_only,d_only,0,75,0.0
priors_down10,19,domestic_only,e_only,e_only,0,75,0.0
priors_down10,19,domestic_only,e_only,simultaneous,0,75,0.0
priors_down10,19,domestic_only,e_only,d_to_e,0,75,0.0
priors_down10,19,domestic_only,e_only,e_to_d,0,75,0.0
priors_down10,19,domestic_only,simultaneous,none,0,75,0.0
priors_down10,19,domestic_only,simultaneous,d_only,0,75,0.0
priors_down10,19,domestic_only,simultaneous,e_only,0,75,0.0
priors_down10,19,domestic_only,simultaneous,simultaneous,0,75,0.0
priors_down10,19,domestic_only,simultaneous,d_to_e,0,75,0.0
priors_down10,19,domestic_only,simultaneous,e_to_d,0,75,0.0
priors_down10,19,domestic_only,d_to_e,none,0,75,0.0
priors_down10,19,domestic_only,d_to_e,d_only,0,75,0.0
priors_down10,19,domestic_only,d_to_e,e_only,0,75,0.0
priors_down10,19,domestic_only,d_to_e,simultaneous,0,75,0.0
priors_down10,19,domestic_only,d_to_e,d_to_e,0,75,0.0
priors_down10,19,domestic_only,d_to_e,e_to_d,0,75,0.0
priors_down10,19,domestic_only,e_to_d,none,0,75,0.0
priors_down10,19,domestic_only,e_to_d,d_only,0,75,0.0
priors_down10,19,domestic_only,e_to_d,e_only,0,75,0.0
priors_down10,19,domestic_only,e_to_d,simultaneous,0,75,0.0
priors_down10,19,domestic_only,e_to_d,d_to_e,0,75,0.0
priors_down10,19,domestic_only,e_to_d,e_to_d,0,75,0.0
priors_down10,19,customer_only,none,none,0,75,0.0
priors_down10,19,customer_only,none,d_only,25,75,0.3333333333333333
priors_down10,19,customer_only,none,e_only,0,75,0.0
priors_down10,19,customer_only,none,simultaneous,0,75,0.0
priors_down10,19,customer_only,none,d_to_e,0,75,0.0
priors_down10,19,customer_only,none,e_to_d,0,75,0.0
priors_down10,19,customer_only,d_only,none,0,75,0.0
priors_down10,19,customer_only,d_only,d_only,0,75,0.0
priors_down10,19,customer_only,d_only,e_only,0,75,0.0
priors_down10,19,customer_only,d_only,simultaneous,0,75,0.0
priors_down10,19,customer_only,d_only,d_to_e,0,75,0.0
priors_down10,19,customer_only,d_only,e_to_d,0,75,0.0
priors_down10,19,customer_only,e_only,none,0,75,0.0
priors_down10,19,customer_only,e_only,d_only,20,75,0.26666666666666666
priors_down10,19,customer_only,e_only,e_only,2,75,0.02666666666666667
priors_down10,19,customer_only,e_only,simultaneous,4,75,0.05333333333333334
priors_down10,19,customer_only,e_only,d_to_e,20,75,0.26666666666666666
priors_down10,19,customer_only,e_only,e_to_d,4,75,0.05333333333333334
priors_down10,19,customer_only,simultaneous,none,0,75,0.0
priors_down10,19,customer_only,simultaneous,d_only,0,75,0.0
priors_down10,19,customer_only,simultaneous,e_only,0,75,0.0
priors_down10,19,customer_only,simultaneous,simultaneous,0,75,0.0
priors_down10,19,customer_only,simultaneous,d_to_e,0,75,0.0
priors_down10,19,customer_only,simultaneous,e_to_d,0,75,0.0
priors_down10,19,customer_only,d_to_e,none,0,75,0.0
priors_down10,19,customer_only,d_to_e,d_only,0,75,0.0
priors_down10,19,customer_only,d_to_e,e_only,0,75,0.0
priors_down10,19,customer_only,d_to_e,simultaneous,0,75,0.0
priors_down10,19,customer_only,d_to_e,d_to_e,0,75,0.0
priors_down10,19,customer_only,d_to_e,e_to_d,0,75,0.0
priors_down10,19,customer_only,e_to_d,none,0,75,0.0
priors_down10,19,customer_only,e_to_d,d_only,0,75,0.0
priors_down10,19,customer_only,e_to_d,e_only,0,75,0.0
priors_down10,19,customer_only,e_to_d,simultaneous,0,75,0.0
priors_down10,19,customer_only,e_to_d,d_to_e,0,75,0.0
priors_down10,19,customer_only,e_to_d,e_to_d,0,75,0.0
expected_wait_double,0,domestic_only,none,none,0,69,0.0
expected_wait_double,0,domestic_only,none,d_only,0,69,0.0
expected_wait_double,0,domestic_only,none,e_only,0,69,0.0
expected_wait_double,0,domestic_only,none,simultaneous,0,69,0.0
expected_wait_double,0,domestic_only,none,d_to_e,0,69,0.0
expected_wait_double,0,domestic_only,none,e_to_d,0,69,0.0
expected_wait_double,0,domestic_only,d_only,none,0,69,0.0
expected_wait_double,0,domestic_only,d_only,d_only,35,69,0.5072463768115942
expected_wait_double,0,domestic_only,d_only,e_only,0,69,0.0
expected_wait_double,0,domestic_only,d_only,simultaneous,6,69,0.08695652173913043
expected_wait_double,0,domestic_only,d_only,d_to_e,21,69,0.30434782608695654
expected_wait_double,0,domestic_only,d_only,e_to_d,7,69,0.10144927536231885
expected_wait_double,0,domestic_only,e_only,none,0,69,0.0
expected_wait_double,0,domestic_only,e_only,d_only,0,69,0.0
expected_wait_double,0,domestic_only,e_only,e_only,0,69,0.0
expected_wait_double,0,domestic_only,e_only,simultaneous,0,69,0.0
expected_wait_double,0,domestic_only,e_only,d_to_e,0,69,0.0
expected_wait_double,0,domestic_only,e_only,e_to_d,0,69,0.0
expected_wait_double,0,domestic_only,simultaneous,none,0,69,0.0
expected_wait_double,0,domestic_only,simultaneous,d_only,0,69,0.0
expected_wait_double,0,domestic_only,simultaneous,e_only,0,69,0.0
expected_wait_double,0,domestic_only,simultaneous,simultaneous,0,69,0.0
expected_wait_double,0,domestic_only,simultaneous,d_to_e,0,69,0.0
expected_wait_double,0,domestic_only,simultaneous,e_to_d,0,69,0.0
expected_wait_double,0,domestic_only,d_to_e,none,0,69,0.0
expected_wait_double,0,domestic_only,d_to_e,d_only,0,69,0.0
expected_wait_double,0,domestic_only,d_to_e,e_only,0,69,0.0
expected_wait_double,0,domestic_only,d_to_e,simultaneous,0,69,0.0
expected_wait_double,0,domestic_only,d_to_e,d_to_e,0,69,0.0
expected_wait_double,0,domestic_only,d_to_e,e_to_d,0,69,0.0
expected_wait_double,0,domestic_only,e_to_d,none,0,69,0.0
expected_wait_double,0,domestic_only,e_to_d,d_only,0,69,0.0
expected_wait_double,0,domestic_only,e_to_d,e_only,0,69,0.0
expected_wait_double,0,domestic_only,e_to_d,simultaneous,0,69,0.0
expected_wait_double,0,domestic_only,e_to_d,d_to_e,0,69,0.0
expected_wait_double,0,domestic_only,e_to_d,e_to_d,0,69,0.0
expected_wait_double,0,customer_only,none,none,0,69,0.0
expected_wait_double,0,customer_only,none,d_only,16,69,0.2318840579710145
expected_wait_double,0,customer_only,none,e_only,0,69,0.0
expected_wait_double,0,customer_only,none,simultaneous,0,69,0.0
expected_wait_double,0,customer_only,none,d_to_e,0,69,0.0
expected_wait_double,0,customer_only,none,e_to_d,0,69,0.0
expected_wait_double,0,customer_only,d_only,none,0,69,0.0
expected_wait_double,0,customer_only,d_only,d_only,0,69,0.0
expected_wait_double,0,customer_only,d_only,e_only,0,69,0.0
expected_wait_double,0,customer_only,d_only,simultaneous,0,69,0.0
expected_wait_double,0,customer_only,d_only,d_to_e,0,69,0.0
expected_wait_double,0,customer_only,d_only,e_to_d,0,69,0.0
expected_wait_double,0,customer_only,e_only,none,0,69,0.0
expected_wait_double,0,customer_only,e_only,d_only,19,69,0.2753623188405797
expected_wait_double,0,customer_only,e_only,e_only,0,69,0.0
expected_wait_double,0,customer_only,e_only,simultaneous,6,69,0.08695652173913043
expected_wait_double,0,customer_only,e_only,d_to_e,21,69,0.30434782608695654
expected_wait_double,0,customer_only,e_only,e_to_d,7,69,0.10144927536231885
expected_wait_double,0,customer_only,simultaneous,none,0,69,0.0
expected_wait_double,0,customer_only,simultaneous,d_only,0,69,0.0
expected_wait_double,0,customer_only,simultaneous,e_only,0,69,0.0
expected_wait_double,0,customer_only,simultaneous,simultaneous,0,69,0.0
expected_wait_double,0,customer_only,simultaneous,d_to_e,0,69,0.0
expected_wait_double,0,customer_only,simultaneous,e_to_d,0,69,0.0
expected_wait_double,0,customer_only,d_to_e,none,0,69,0.0
expected_wait_double,0,customer_only,d_to_e,d_only,0,69,0.0
expected_wait_double,0,customer_only,d_to_e,e_only,0,69,0.0
expected_wait_double,0,customer_only,d_to_e,simultaneous,0,69,0.0
expected_wait_double,0,customer_only,d_to_e,d_to_e,0,69,0.0
expected_wait_double,0,customer_only,d_to_e,e_to_d,0,69,0.0
expected_wait_double,0,customer_only,e_to_d,none,0,69,0.0
expected_wait_double,0,customer_only,e_to_d,d_only,0,69,0.0
expected_wait_double,0,customer_only,e_to_d,e_only,0,69,0.0
expected_wait_double,0,customer_only,e_to_d,simultaneous,0,69,0.0
expected_wait_double,0,customer_only,e_to_d,d_to_e,0,69,0.0
expected_wait_double,0,customer_only,e_to_d,e_to_d,0,69,0.0
expected_wait_double,1,domestic_only,none,none,0,81,0.0
expected_wait_double,1,domestic_only,none,d_only,0,81,0.0
expected_wait_double,1,domestic_only,none,e_only,0,81,0.0
expected_wait_double,1,domestic_only,none,simultaneous,0,81,0.0
expected_wait_double,1,domestic_only,none,d_to_e,0,81,0.0
expected_wait_double,1,domestic_only,none,e_to_d,0,81,0.0
expected_wait_double,1,domestic_only,d_only,none,0,81,0.0
expected_wait_double,1,domestic_only,d_only,d_only,39,81,0.48148148148148145
expected_wait_double,1,domestic_only,d_only,e_only,1,81,0.012345679012345678
expected_wait_double,1,domestic_only,d_only,simultaneous,11,81,0.13580246913580246
expected_wait_double,1,domestic_only,d_only,d_to_e,27,81,0.3333333333333333
expected_wait_double,1,domestic_only,d_only,e_to_d,3,81,0.037037037037037035
expected_wait_double,1,domestic_only,e_only,none,0,81,0.0
expected_wait_double,1,domestic_only,e_only,d_only,0,81,0.0
expected_wait_double,1,domestic_only,e_only,e_only,0,81,0.0
expected_wait_double,1,domestic_only,e_only,simultaneous,0,81,0.0
expected_wait_double,1,domestic_only,e_only,d_to_e,0,81,0.0
expected_wait_double,1,domestic_only,e_only,e_to_d,0,81,0.0
expected_wait_double,1,domestic_only,simultaneous,none,0,81,0.0
expected_wait_double,1,domestic_only,simultaneous,d_only,0,81,0.0
expected_wait_double,1,domestic_only,simultaneous,e_only,0,81,0.0
expected_wait_double,1,domestic_only,simultaneous,simultaneous,0,81,0.0
expected_wait_double,1,domestic_only,simultaneous,d_to_e,0,81,0.0
expected_wait_double,1,domestic_only,simultaneous,e_to_d,0,81,0.0
expected_wait_double,1,domestic_only,d_to_e,none,0,81,0.0
expected_wait_double,1,domestic_only,d_to_e,d_only,0,81,0.0
expected_wait_double,1,domestic_only,d_to_e,e_only,0,81,0.0
expected_wait_double,1,domestic_only,d_to_e,simultaneous,0,81,0.0
expected_wait_double,1,domestic_only,d_to_e,d_to_e,0,81,0.0
expected_wait_double,1,domestic_only,d_to_e,e_to_d,0,81,0.0
expected_wait_double,1,domestic_only,e_to_d,none,0,81,0.0
expected_wait_double,1,domestic_only,e_to_d,d_only,0,81,0.0
expected_wait_double,1,domestic_only,e_to_d,e_only,0,81,0.0
expected_wait_double,1,domestic_only,e_to_d,simultaneous,0,81,0.0
expected_wait_double,1,domestic_only,e_to_d,d_to_e,0,81,0.0
expected_wait_double,1,domestic_only,e_to_d,e_to_d,0,81,0.0
expected_wait_double,1,customer_only,none,none,0,81,0.0
expected_wait_double,1,customer_only,none,d_only,25,81,0.30864197530864196
expected_wait_double,1,customer_only,none,e_only,0,81,0.0
expected_wait_double,1,customer_only,none,simultaneous,0,81,0.0
expected_wait_double,1,customer_only,none,d_to_e,0,81,0.0
expected_wait_double,1,customer_only,none,e_to_d,0,81,0.0
expected_wait_double,1,customer_only,d_only,none,0,81,0.0
expected_wait_double,1,customer_only,d_only,d_only,0,81,0.0
expected_wait_double,1,customer_only,d_only,e_only,0,81,0.0
expected_wait_double,1,customer_only,d_only,simultaneous,0,81,0.0
expected_wait_double,1,customer_only,d_only,d_to_e,0,81,0.0
expected_wait_double,1,customer_only,d_only,e_to_d,0,81,0.0
expected_wait_double,1,customer_only,e_only,none,0,81,0.0
expected_wait_double,1,customer_only,e_only,d_only,14,81,0.1728395061728395
expected_wait_double,1,customer_only,e_only,e_only,1,81,0.012345679012345678
expected_wait_double,1,customer_only,e_only,simultaneous,11,81,0.13580246913580246
expected_wait_double,1,customer_only,e_only,d_to_e,27,81,0.3333333333333333
expected_wait_double,1,customer_only,e_only,e_to_d,3,81,0.037037037037037035
expected_wait_double,1,customer_only,simultaneous,none,0,81,0.0
expected_wait_double,1,customer_only,simultaneous,d_only,0,81,0.0
expected_wait_double,1,customer_only,simultaneous,e_only,0,81,0.0
expected_wait_double,1,customer_only,simultaneous,simultaneous,0,81,0.0
expected_wait_double,1,customer_only,simultaneous,d_to_e,0,81,0.0
expected_wait_double,1,customer_only,simultaneous,e_to_d,0,81,0.0
expected_wait_double,1,customer_only,d_to_e,none,0,81,0.0
expected_wait_double,1,customer_only,d_to_e,d_only,0,81,0.0
expected_wait_double,1,customer_only,d_to_e,e_only,0,81,0.0
expected_wait_double,1,customer_only,d_to_e,simultaneous,0,81,0.0
expected_wait_double,1,customer_only,d_to_e,d_to_e,0,81,0.0
expected_wait_double,1,customer_only,d_to_e,e_to_d,0,81,0.0
expected_wait_double,1,customer_only,e_to_d,none,0,81,0.0
expected_wait_double,1,customer_only,e_to_d,d_only,0,81,0.0
expected_wait_double,1,customer_only,e_to_d,e_only,0,81,0.0
expected_wait_double,1,customer_only,e_to_d,simultaneous,0,81,0.0
expected_wait_double,1,customer_only,e_to_d,d_to_e,0,81,0.0
expected_wait_double,1,customer_only,e_to_d,e_to_d,0,81,0.0
expected_wait_double,2,domestic_only,none,none,0,75,0.0
expected_wait_double,2,domestic_only,none,d_only,0,75,0.0
expected_wait_double,2,domestic_only,none,e_only,0,75,0.0
expected_wait_double,2,domestic_only,none,simultaneous,0,75,0.0
expected_wait_double,2,domestic_only,none,d_to_e,0,75,0.0
expected_wait_double,2,domestic_only,none,e_to_d,0,75,0.0
expected_wait_double,2,domestic_only,d_only,none,0,75,0.0
expected_wait_double,2,domestic_only,d_only,d_only,45,75,0.6
expected_wait_double,2,domestic_only,d_only,e_only,0,75,0.0
expected_wait_double,2,domestic_only,d_only,simultaneous,9,75,0.12
expected_wait_double,2,domestic_only,d_only,d_to_e,16,75,0.21333333333333335
expected_wait_double,2,domestic_only,d_only,e_to_d,5,75,0.06666666666666667
expected_wait_double,2,domestic_only,e_only,none,0,75,0.0
expected_wait_double,2,domestic_only,e_only,d_only,0,75,0.0
expected_wait_double,2,domestic_only,e_only,e_only,0,75,0.0
expected_wait_double,2,domestic_only,e_only,simultaneous,0,75,0.0
expected_wait_double,2,domestic_only,e_only,d_to_e,0,75,0.0
expected_wait_double,2,domestic_only,e_only,e_to_d,0,75,0.0
expected_wait_double,2,domestic_only,simultaneous,none,0,75,0.0
expected_wait_double,2,domestic_only,simultaneous,d_only,0,75,0.0
expected_wait_double,2,domestic_only,simultaneous,e_only,0,75,0.0
expected_wait_double,2,domestic_only,simultaneous,simultaneous,0,75,0.0
expected_wait_double,2,domestic_only,simultaneous,d_to_e,0,75,0.0
expected_wait_double,2,domestic_only,simultaneous,e_to_d,0,75,0.0
expected_wait_double,2,domestic_only,d_to_e,none,0,75,0.0
expected_wait_double,2,domestic_only,d_to_e,d_only,0,75,0.0
expected_wait_double,2,domestic_only,d_to_e,e_only,0,75,0.0
expected_wait_double,2,domestic_only,d_to_e,simultaneous,0,75,0.0
expected_wait_double,2,domestic_only,d_to_e,d_to_e,0,75,0.0
expected_wait_double,2,domestic_only,d_to_e,e_to_d,0,75,0.0
expected_wait_double,2,domestic_only,e_to_d,none,0,75,0.0
expected_wait_double,2,domestic_only,e_to_d,d_only,0,75,0.0
expected_wait_double,2,domestic_only,e_to_d,e_only,0,75,0.0
expected_wait_double,2,domestic_only,e_to_d,simultaneous,0,75,0.0
expected_wait_double,2,domestic_only,e_to_d,d_to_e,0,75,0.0
expected_wait_double,2,domestic_only,e_to_d,e_to_d,0,75,0.0
expected_wait_double,2,customer_only,none,none,0,75,0.0
expected_wait_double,2,customer_only,none,d_only,29,75,0.38666666666666666
expected_wait_double,2,customer_only,none,e_only,0,75,0.0
expected_wait_double,2,customer_only,none,simultaneous,0,75,0.0
expected_wait_double,2,customer_only,none,d_to_e,0,75,0.0
expected_wait_double,2,customer_only,none,e_to_d,0,75,0.0
expected_wait_double,2,customer_only,d_only,none,0,75,0.0
expected_wait_double,2,customer_only,d_only,d_only,0,75,0.0
expected_wait_double,2,customer_only,d_only,e_only,0,75,0.0
expected_wait_double,2,customer_only,d_only,simultaneous,0,75,0.0
expected_wait_double,2,customer_only,d_only,d_to_e,0,75,0.0
expected_wait_double,2,customer_only,d_only,e_to_d,0,75,0.0
expected_wait_double,2,customer_only,e_only,none,0,75,0.0
expected_wait_double,2,customer_only,e_only,d_only,16,75,0.21333333333333335
expected_wait_double,2,customer_only,e_only,e_only,0,75,0.0
expected_wait_double,2,customer_only,e_only,simultaneous,9,75,0.12
expected_wait_double,2,customer_only,e_only,d_to_e,16,75,0.21333333333333335
expected_wait_double,2,customer_only,e_only,e_to_d,5,75,0.06666666666666667
expected_wait_double,2,customer_only,simultaneous,none,0,75,0.0
expected_wait_double,2,customer_only,simultaneous,d_only,0,75,0.0
expected_wait_double,2,customer_only,simultaneous,e_only,0,75,0.0
expected_wait_double,2,customer_only,simultaneous,simultaneous,0,75,0.0
expected_wait_double,2,customer_only,simultaneous,d_to_e,0,75,0.0
expected_wait_double,2,customer_only,simultaneous,e_to_d,0,75,0.0
expected_wait_double,2,customer_only,d_to_e,none,0,75,0.0
expected_wait_double,2,customer_only,d_to_e,d_only,0,75,0.0
expected_wait_double,2,customer_only,d_to_e,e_only,0,75,0.0
expected_wait_double,2,customer_only,d_to_e,simultaneous,0,75,0.0
expected_wait_double,2,customer_only,d_to_e,d_to_e,0,75,0.0
expected_wait_double,2,customer_only,d_to_e,e_to_d,0,75,0.0
expected_wait_double,2,customer_only,e_to_d,none,0,75,0.0
expected_wait_double,2,customer_only,e_to_d,d_only,0,75,0.0
expected_wait_double,2,customer_only,e_to_d,e_only,0,75,0.0
expected_wait_double,2,customer_only,e_to_d,simultaneous,0,75,0.0
expected_wait_double,2,customer_only,e_to_d,d_to_e,0,75,0.0
expected_wait_double,2,customer_only,e_to_d,e_to_d,0,75,0.0
expected_wait_double,3,domestic_only,none,none,0,84,0.0
expected_wait_double,3,domestic_only,none,d_only,0,84,0.0
expected_wait_double,3,domestic_only,none,e_only,0,84,0.0
expected_wait_double,3,domestic_only,none,simultaneous,0,84,0.0
expected_wait_double,3,domestic_only,none,d_to_e,0,84,0.0
expected_wait_double,3,domestic_only,none,e_to_d,0,84,0.0
expected_wait_double,3,domestic_only,d_only,none,0,84,0.0
expected_wait_double,3,domestic_only,d_only,d_only,52,84,0.6190476190476191
expected_wait_double,3,domestic_only,d_only,e_only,4,84,0.047619047619047616
expected_wait_double,3,domestic_only,d_only,simultaneous,6,84,0.07142857142857142
expected_wait_double,3,domestic_only,d_only,d_to_e,20,84,0.23809523809523808
expected_wait_double,3,domestic_only,d_only,e_to_d,2,84,0.023809523809523808
expected_wait_double,3,domestic_only,e_only,none,0,84,0.0
expected_wait_double,3,domestic_only,e_only,d_only,0,84,0.0
expected_wait_double,3,domestic_only,e_only,e_only,0,84,0.0
expected_wait_double,3,domestic_only,e_only,simultaneous,0,84,0.0
expected_wait_double,3,domestic_only,e_only,d_to_e,0,84,0.0
expected_wait_double,3,domestic_only,e_only,e_to_d,0,84,0.0
expected_wait_double,3,domestic_only,simultaneous,none,0,84,0.0
expected_wait_double,3,domestic_only,simultaneous,d_only,0,84,0.0
expected_wait_double,3,domestic_only,simultaneous,e_only,0,84,0.0
expected_wait_double,3,domestic_only,simultaneous,simultaneous,0,84,0.0
expected_wait_double,3,domestic_only,simultaneous,d_to_e,0,84,0.0
expected_wait_double,3,domestic_only,simultaneous,e_to_d,0,84,0.0
expected_wait_double,3,domestic_only,d_to_e,none,0,84,0.0
expected_wait_double,3,domestic_only,d_to_e,d_only,0,84,0.0
expected_wait_double,3,domestic_only,d_to_e,e_only,0,84,0.0
expected_wait_double,3,domestic_only,d_to_e,simultaneous,0,84,0.0
expected_wait_double,3,domestic_only,d_to_e,d_to_e,0,84,0.0
expected_wait_double,3,domestic_only,d_to_e,e_to_d,0,84,0.0
expected_wait_double,3,domestic_only,e_to_d,none,0,84,0.0
expected_wait_double,3,domestic_only,e_to_d,d_only,0,84,0.0
expected_wait_double,3,domestic_only,e_to_d,e_only,0,84,0.0
expected_wait_double,3,domestic_only,e_to_d,simultaneous,0,84,0.0
expected_wait_double,3,domestic_only,e_to_d,d_to_e,0,84,0.0
expected_wait_double,3,domestic_only,e_to_d,e_to_d,0,84,0.0
expected_wait_double,3,customer_only,none,none,0,84,0.0
expected_wait_double,3,customer_only,none,d_only,35,84,0.4166666666666667
expected_wait_double,3,customer_only,none,e_only,0,84,0.0
expected_wait_double,3,customer_only,none,simultaneous,0,84,0.0
expected_wait_double,3,customer_only,none,d_to_e,0,84,0.0
expected_wait_double,3,customer_only,none,e_to_d,0,84,0.0
expected_wait_double,3,customer_only,d_only,none,0,84,0.0
expected_wait_double,3,customer_only,d_only,d_only,0,84,0.0
expected_wait_double,3,customer_only,d_only,e_only,0,84,0.0
expected_wait_double,3,customer_only,d_only,simultaneous,0,84,0.0
expected_wait_double,3,customer_only,d_only,d_to_e,0,84,0.0
expected_wait_double,3,customer_only,d_only,e_to_d,0,84,0.0
expected_wait_double,3,customer_only,e_only,none,0,84,0.0
expected_wait_double,3,customer_only,e_only,d_only,17,84,0.20238095238095238
expected_wait_double,3,customer_only,e_only,e_only,4,84,0.047619047619047616
expected_wait_double,3,customer_only,e_only,simultaneous,6,84,0.07142857142857142
expected_wait_double,3,customer_only,e_only,d_to_e,20,84,0.23809523809523808
expected_wait_double,3,customer_only,e_only,e_to_d,2,84,0.023809523809523808
expected_wait_double,3,customer_only,simultaneous,none,0,84,0.0
expected_wait_double,3,customer_only,simultaneous,d_only,0,84,0.0
expected_wait_double,3,customer_only,simultaneous,e_only,0,84,0.0
expected_wait_double,3,customer_only,simultaneous,simultaneous,0,84,0.0
expected_wait_double,3,customer_only,simultaneous,d_to_e,0,84,0.0
expected_wait_double,3,customer_only,simultaneous,e_to_d,0,84,0.0
expected_wait_double,3,customer_only,d_to_e,none,0,84,0.0
expected_wait_double,3,customer_only,d_to_e,d_only,0,84,0.0
expected_wait_double,3,customer_only,d_to_e,e_only,0,84,0.0
expected_wait_double,3,customer_only,d_to_e,simultaneous,0,84,0.0
expected_wait_double,3,customer_only,d_to_e,d_to_e,0,84,0.0
expected_wait_double,3,customer_only,d_to_e,e_to_d,0,84,0.0
expected_wait_double,3,customer_only,e_to_d,none,0,84,0.0
expected_wait_double,3,customer_only,e_to_d,d_only,0,84,0.0
expected_wait_double,3,customer_only,e_to_d,e_only,0,84,0.0
expected_wait_double,3,customer_only,e_to_d,simultaneous,0,84,0.0
expected_wait_double,3,customer_only,e_to_d,d_to_e,0,84,0.0
expected_wait_double,3,customer_only,e_to_d,e_to_d,0,84,0.0
expected_wait_double,4,domestic_only,none,none,0,82,0.0
expected_wait_double,4,domestic_only,none,d_only,0,82,0.0
expected_wait_double,4,domestic_only,none,e_only,0,82,0.0
expected_wait_double,4,domestic_only,none,simultaneous,0,82,0.0
expected_wait_double,4,domestic_only,none,d_to_e,0,82,0.0
expected_wait_double,4,domestic_only,none,e_to_d,0,82,0.0
expected_wait_double,4,domestic_only,d_only,none,0,82,0.0
expected_wait_double,4,domestic_only,d_only,d_only,57,82,0.6951219512195121
expected_wait_double,4,domestic_only,d_only,e_only,2,82,0.024390243902439025
expected_wait_double,4,domestic_only,d_only,simultaneous,5,82,0.06097560975609756
expected_wait_double,4,domestic_only,d_only,d_to_e,14,82,0.17073170731707318
expected_wait_double,4,domestic_only,d_only,e_to_d,4,82,0.04878048780487805
expected_wait_double,4,domestic_only,e_only,none,0,82,0.0
expected_wait_double,4,domestic_only,e_only,d_only,0,82,0.0
expected_wait_double,4,domestic_only,e_only,e_only,0,82,0.0
expected_wait_double,4,domestic_only,e_only,simultaneous,0,82,0.0
expected_wait_double,4,domestic_only,e_only,d_to_e,0,82,0.0
expected_wait_double,4,domestic_only,e_only,e_to_d,0,82,0.0
expected_wait_double,4,domestic_only,simultaneous,none,0,82,0.0
expected_wait_double,4,domestic_only,simultaneous,d_only,0,82,0.0
expected_wait_double,4,domestic_only,simultaneous,e_only,0,82,0.0
expected_wait_double,4,domestic_only,simultaneous,simultaneous,0,82,0.0
expected_wait_double,4,domestic_only,simultaneous,d_to_e,0,82,0.0
expected_wait_double,4,domestic_only,simultaneous,e_to_d,0,82,0.0
expected_wait_double,4,domestic_only,d_to_e,none,0,82,0.0
expected_wait_double,4,domestic_only,d_to_e,d_only,0,82,0.0
expected_wait_double,4,domestic_only,d_to_e,e_only,0,82,0.0
expected_wait_double,4,domestic_only,d_to_e,simultaneous,0,82,0.0
expected_wait_double,4,domestic_only,d_to_e,d_to_e,0,82,0.0
expected_wait_double,4,domestic_only,d_to_e,e_to_d,0,82,0.0
expected_wait_double,4,domestic_only,e_to_d,none,0,82,0.0
expected_wait_double,4,domestic_only,e_to_d,d_only,0,82,0.0
expected_wait_double,4,domestic_only,e_to_d,e_only,0,82,0.0
expected_wait_double,4,domestic_only,e_to_d,simultaneous,0,82,0.0
expected_wait_double,4,domestic_only,e_to_d,d_to_e,0,82,0.0
expected_wait_double,4,domestic_only,e_to_d,e_to_d,0,82,0.0
expected_wait_double,4,customer_only,none,none,0,82,0.0
expected_wait_double,4,customer_only,none,d_only,47,82,0.573170731707317
expected_wait_double,4,customer_only,none,e_only,0,82,0.0
expected_wait_double,4,customer_only,none,simultaneous,0,82,0.0
expected_wait_double,4,customer_only,none,d_to_e,1,82,0.012195121951219513
expected_wait_double,4,customer_only,none,e_to_d,0,82,0.0
expected_wait_double,4,customer_only,d_only,none,0,82,0.0
expected_wait_double,4,customer_only,d_only,d_only,0,82,0.0
expected_wait_double,4,customer_only,d_only,e_only,0,82,0.0
expected_wait_double,4,customer_only,d_only,simultaneous,0,82,0.0
expected_wait_double,4,customer_only,d_only,d_to_e,0,82,0.0
expected_wait_double,4,customer_only,d_only,e_to_d,0,82,0.0
expected_wait_double,4,customer_only,e_only,none,0,82,0.0
expected_wait_double,4,customer_only,e_only,d_only,10,82,0.12195121951219512
expected_wait_double,4,customer_only,e_only,e_only,2,82,0.024390243902439025
expected_wait_double,4,customer_only,e_only,simultaneous,5,82,0.06097560975609756
expected_wait_double,4,customer_only,e_only,d_to_e,13,82,0.15853658536585366
expected_wait_double,4,customer_only,e_only,e_to_d,4,82,0.04878048780487805
expected_wait_double,4,customer_only,simultaneous,none,0,82,0.0
expected_wait_double,4,customer_only,simultaneous,d_only,0,82,0.0
expected_wait_double,4,customer_only,simultaneous,e_only,0,82,0.0
expected_wait_double,4,customer_only,simultaneous,simultaneous,0,82,0.0
expected_wait_double,4,customer_only,simultaneous,d_to_e,0,82,0.0
expected_wait_double,4,customer_only,simultaneous,e_to_d,0,82,0.0
expected_wait_double,4,customer_only,d_to_e,none,0,82,0.0
expected_wait_double,4,customer_only,d_to_e,d_only,0,82,0.0
expected_wait_double,4,customer_only,d_to_e,e_only,0,82,0.0
expected_wait_double,4,customer_only,d_to_e,simultaneous,0,82,0.0
expected_wait_double,4,customer_only,d_to_e,d_to_e,0,82,0.0
expected_wait_double,4,customer_only,d_to_e,e_to_d,0,82,0.0
expected_wait_double,4,customer_only,e_to_d,none,0,82,0.0
expected_wait_double,4,customer_only,e_to_d,d_only,0,82,0.0
expected_wait_double,4,customer_only,e_to_d,e_only,0,82,0.0
expected_wait_double,4,customer_only,e_to_d,simultaneous,0,82,0.0
expected_wait_double,4,customer_only,e_to_d,d_to_e,0,82,0.0
expected_wait_double,4,customer_only,e_to_d,e_to_d,0,82,0.0
expected_wait_double,5,domestic_only,none,none,0,85,0.0
expected_wait_double,5,domestic_only,none,d_only,0,85,0.0
expected_wait_double,5,domestic_only,none,e_only,0,85,0.0
expected_wait_double,5,domestic_only,none,simultaneous,0,85,0.0
expected_wait_double,5,domestic_only,none,d_to_e,0,85,0.0
expected_wait_double,5,domestic_only,none,e_to_d,0,85,0.0
expected_wait_double,5,domestic_only,d_only,none,0,85,0.0
expected_wait_double,5,domestic_only,d_only,d_only,49,85,0.5764705882352941
expected_wait_double,5,domestic_only,d_only,e_only,1,85,0.011764705882352941
expected_wait_double,5,domestic_only,d_only,simultaneous,6,85,0.07058823529411765
expected_wait_double,5,domestic_only,d_only,d_to_e,22,85,0.25882352941176473
expected_wait_double,5,domestic_only,d_only,e_to_d,7,85,0.08235294117647059
expected_wait_double,5,domestic_only,e_only,none,0,85,0.0
expected_wait_double,5,domestic_only,e_only,d_only,0,85,0.0
expected_wait_double,5,domestic_only,e_only,e_only,0,85,0.0
expected_wait_double,5,domestic_only,e_only,simultaneous,0,85,0.0
expected_wait_double,5,domestic_only,e_only,d_to_e,0,85,0.0
expected_wait_double,5,domestic_only,e_only,e_to_d,0,85,0.0
expected_wait_double,5,domestic_only,simultaneous,none,0,85,0.0
expected_wait_double,5,domestic_only,simultaneous,d_only,0,85,0.0
expected_wait_double,5,domestic_only,simultaneous,e_only,0,85,0.0
expected_wait_double,5,domestic_only,simultaneous,simultaneous,0,85,0.0
expected_wait_double,5,domestic_only,simultaneous,d_to_e,0,85,0.0
expected_wait_double,5,domestic_only,simultaneous,e_to_d,0,85,0.0
expected_wait_double,5,domestic_only,d_to_e,none,0,85,0.0
expected_wait_double,5,domestic_only,d_to_e,d_only,0,85,0.0
expected_wait_double,5,domestic_only,d_to_e,e_only,0,85,0.0
expected_wait_double,5,domestic_only,d_to_e,simultaneous,0,85,0.0
expected_wait_double,5,domestic_only,d_to_e,d_to_e,0,85,0.0
expected_wait_double,5,domestic_only,d_to_e,e_to_d,0,85,0.0
expected_wait_double,5,domestic_only,e_to_d,none,0,85,0.0
expected_wait_double,5,domestic_only,e_to_d,d_only,0,85,0.0
expected_wait_double,5,domestic_only,e_to_d,e_only,0,85,0.0
expected_wait_double,5,domestic_only,e_to_d,simultaneous,0,85,0.0
expected_wait_double,5,domestic_only,e_to_d,d_to_e,0,85,0.0
expected_wait_double,5,domestic_only,e_to_d,e_to_d,0,85,0.0
expected_wait_double,5,customer_only,none,none,0,85,0.0
expected_wait_double,5,customer_only,none,d_only,34,85,0.4
expected_wait_double,5,customer_only,none,e_only,0,85,0.0
expected_wait_double,5,customer_only,none,simultaneous,0,85,0.0
expected_wait_double,5,customer_only,none,d_to_e,0,85,0.0
expected_wait_double,5,customer_only,none,e_to_d,0,85,0.0
expected_wait_double,5,customer_only,d_only,none,0,85,0.0
expected_wait_double,5,customer_only,d_only,d_only,0,85,0.0
expected_wait_double,5,customer_only,d_only,e_only,0,85,0.0
expected_wait_double,5,customer_only,d_only,simultaneous,0,85,0.0
expected_wait_double,5,customer_only,d_only,d_to_e,0,85,0.0
expected_wait_double,5,customer_only,d_only,e_to_d,0,85,0.0
expected_wait_double,5,customer_only,e_only,none,0,85,0.0
expected_wait_double,5,customer_only,e_only,d_only,15,85,0.17647058823529413
expected_wait_double,5,customer_only,e_only,e_only,1,85,0.011764705882352941
expected_wait_double,5,customer_only,e_only,simultaneous,6,85,0.07058823529411765
expected_wait_double,5,customer_only,e_only,d_to_e,22,85,0.25882352941176473
expected_wait_double,5,customer_only,e_only,e_to_d,7,85,0.08235294117647059
expected_wait_double,5,customer_only,simultaneous,none,0,85,0.0
expected_wait_double,5,customer_only,simultaneous,d_only,0,85,0.0
expected_wait_double,5,customer_only,simultaneous,e_only,0,85,0.0
expected_wait_double,5,customer_only,simultaneous,simultaneous,0,85,0.0
expected_wait_double,5,customer_only,simultaneous,d_to_e,0,85,0.0
expected_wait_double,5,customer_only,simultaneous,e_to_d,0,85,0.0
expected_wait_double,5,customer_only,d_to_e,none,0,85,0.0
expected_wait_double,5,customer_only,d_to_e,d_only,0,85,0.0
expected_wait_double,5,customer_only,d_to_e,e_only,0,85,0.0
expected_wait_double,5,customer_only,d_to_e,simultaneous,0,85,0.0
expected_wait_double,5,customer_only,d_to_e,d_to_e,0,85,0.0
expected_wait_double,5,customer_only,d_to_e,e_to_d,0,85,0.0
expected_wait_double,5,customer_only,e_to_d,none,0,85,0.0
expected_wait_double,5,customer_only,e_to_d,d_only,0,85,0.0
expected_wait_double,5,customer_only,e_to_d,e_only,0,85,0.0
expected_wait_double,5,customer_only,e_to_d,simultaneous,0,85,0.0
expected_wait_double,5,customer_only,e_to_d,d_to_e,0,85,0.0
expected_wait_double,5,customer_only,e_to_d,e_to_d,0,85,0.0
expected_wait_double,6,domestic_only,none,none,0,86,0.0
expected_wait_double,6,domestic_only,none,d_only,0,86,0.0
expected_wait_double,6,domestic_only,none,e_only,0,86,0.0
expected_wait_double,6,domestic_only,none,simultaneous,0,86,0.0
expected_wait_double,6,domestic_only,none,d_to_e,0,86,0.0
expected_wait_double,6,domestic_only,none,e_to_d,0,86,0.0
expected_wait_double,6,domestic_only,d_only,none,0,86,0.0
expected_wait_double,6,domestic_only,d_only,d_only,55,86,0.6395348837209303
expected_wait_double,6,domestic_only,d_only,e_only,1,86,0.011627906976744186
expected_wait_double,6,domestic_only,d_only,simultaneous,5,86,0.05813953488372093
expected_wait_double,6,domestic_only,d_only,d_to_e,19,86,0.22093023255813954
expected_wait_double,6,domestic_only,d_only,e_to_d,6,86,0.06976744186046512
expected_wait_double,6,domestic_only,e_only,none,0,86,0.0
expected_wait_double,6,domestic_only,e_only,d_only,0,86,0.0
expected_wait_double,6,domestic_only,e_only,e_only,0,86,0.0
expected_wait_double,6,domestic_only,e_only,simultaneous,0,86,0.0
expected_wait_double,6,domestic_only,e_only,d_to_e,0,86,0.0
expected_wait_double,6,domestic_only,e_only,e_to_d,0,86,0.0
expected_wait_double,6,domestic_only,simultaneous,none,0,86,0.0
expected_wait_double,6,domestic_only,simultaneous,d_only,0,86,0.0
expected_wait_double,6,domestic_only,simultaneous,e_only,0,86,0.0
expected_wait_double,6,domestic_only,simultaneous,simultaneous,0,86,0.0
expected_wait_double,6,domestic_only,simultaneous,d_to_e,0,86,0.0
expected_wait_double,6,domestic_only,simultaneous,e_to_d,0,86,0.0
expected_wait_double,6,domestic_only,d_to_e,none,0,86,0.0
expected_wait_double,6,domestic_only,d_to_e,d_only,0,86,0.0
expected_wait_double,6,domestic_only,d_to_e,e_only,0,86,0.0
expected_wait_double,6,domestic_only,d_to_e,simultaneous,0,86,0.0
expected_wait_double,6,domestic_only,d_to_e,d_to_e,0,86,0.0
expected_wait_double,6,domestic_only,d_to_e,e_to_d,0,86,0.0
expected_wait_double,6,domestic_only,e_to_d,none,0,86,0.0
expected_wait_double,6,domestic_only,e_to_d,d_only,0,86,0.0
expected_wait_double,6,domestic_only,e_to_d,e_only,0,86,0.0
expected_wait_double,6,domestic_only,e_to_d,simultaneous,0,86,0.0
expected_wait_double,6,domestic_only,e_to_d,d_to_e,0,86,0.0
expected_wait_double,6,domestic_only,e_to_d,e_to_d,0,86,0.0
expected_wait_double,6,customer_only,none,none,0,86,0.0
expected_wait_double,6,customer_only,none,d_only,35,86,0.4069767441860465
expected_wait_double,6,customer_only,none,e_only,0,86,0.0
expected_wait_double,6,customer_only,none,simultaneous,0,86,0.0
expected_wait_double,6,customer_only,none,d_to_e,0,86,0.0
expected_wait_double,6,customer_only,none,e_to_d,0,86,0.0
expected_wait_double,6,customer_only,d_only,none,0,86,0.0
expected_wait_double,6,customer_only,d_only,d_only,0,86,0.0
expected_wait_double,6,customer_only,d_only,e_only,0,86,0.0
expected_wait_double,6,customer_only,d_only,simultaneous,0,86,0.0
expected_wait_double,6,customer_only,d_only,d_to_e,0,86,0.0
expected_wait_double,6,customer_only,d_only,e_to_d,0,86,0.0
expected_wait_double,6,customer_only,e_only,none,0,86,0.0
expected_wait_double,6,customer_only,e_only,d_only,20,86,0.23255813953488372
expected_wait_double,6,customer_only,e_only,e_only,1,86,0.011627906976744186
expected_wait_double,6,customer_only,e_only,simultaneous,5,86,0.05813953488372093
expected_wait_double,6,customer_only,e_only,d_to_e,19,86,0.22093023255813954
expected_wait_double,6,customer_only,e_only,e_to_d,6,86,0.06976744186046512
expected_wait_double,6,customer_only,simultaneous,none,0,86,0.0
expected_wait_double,6,customer_only,simultaneous,d_only,0,86,0.0
expected_wait_double,6,customer_only,simultaneous,e_only,0,86,0.0
expected_wait_double,6,customer_only,simultaneous,simultaneous,0,86,0.0
expected_wait_double,6,customer_only,simultaneous,d_to_e,0,86,0.0
expected_wait_double,6,customer_only,simultaneous,e_to_d,0,86,0.0
expected_wait_double,6,customer_only,d_to_e,none,0,86,0.0
expected_wait_double,6,customer_only,d_to_e,d_only,0,86,0.0
expected_wait_double,6,customer_only,d_to_e,e_only,0,86,0.0
expected_wait_double,6,customer_only,d_to_e,simultaneous,0,86,0.0
expected_wait_double,6,customer_only,d_to_e,d_to_e,0,86,0.0
expected_wait_double,6,customer_only,d_to_e,e_to_d,0,86,0.0
expected_wait_double,6,customer_only,e_to_d,none,0,86,0.0
expected_wait_double,6,customer_only,e_to_d,d_only,0,86,0.0
expected_wait_double,6,customer_only,e_to_d,e_only,0,86,0.0
expected_wait_double,6,customer_only,e_to_d,simultaneous,0,86,0.0
expected_wait_double,6,customer_only,e_to_d,d_to_e,0,86,0.0
expected_wait_double,6,customer_only,e_to_d,e_to_d,0,86,0.0
expected_wait_double,7,domestic_only,none,none,0,84,0.0
expected_wait_double,7,domestic_only,none,d_only,0,84,0.0
expected_wait_double,7,domestic_only,none,e_only,0,84,0.0
expected_wait_double,7,domestic_only,none,simultaneous,0,84,0.0
expected_wait_double,7,domestic_only,none,d_to_e,0,84,0.0
expected_wait_double,7,domestic_only,none,e_to_d,0,84,0.0
expected_wait_double,7,domestic_only,d_only,none,0,84,0.0
expected_wait_double,7,domestic_only,d_only,d_only,51,84,0.6071428571428571
expected_wait_double,7,domestic_only,d_only,e_only,0,84,0.0
expected_wait_double,7,domestic_only,d_only,simultaneous,10,84,0.11904761904761904
expected_wait_double,7,domestic_only,d_only,d_to_e,19,84,0.2261904761904762
expected_wait_double,7,domestic_only,d_only,e_to_d,4,84,0.047619047619047616
expected_wait_double,7,domestic_only,e_only,none,0,84,0.0
expected_wait_double,7,domestic_only,e_only,d_only,0,84,0.0
expected_wait_double,7,domestic_only,e_only,e_only,0,84,0.0
expected_wait_double,7,domestic_only,e_only,simultaneous,0,84,0.0
expected_wait_double,7,domestic_only,e_only,d_to_e,0,84,0.0
expected_wait_double,7,domestic_only,e_only,e_to_d,0,84,0.0
expected_wait_double,7,domestic_only,simultaneous,none,0,84,0.0
expected_wait_double,7,domestic_only,simultaneous,d_only,0,84,0.0
expected_wait_double,7,domestic_only,simultaneous,e_only,0,84,0.0
expected_wait_double,7,domestic_only,simultaneous,simultaneous,0,84,0.0
expected_wait_double,7,domestic_only,simultaneous,d_to_e,0,84,0.0
expected_wait_double,7,domestic_only,simultaneous,e_to_d,0,84,0.0
expected_wait_double,7,domestic_only,d_to_e,none,0,84,0.0
expected_wait_double,7,domestic_only,d_to_e,d_only,0,84,0.0
expected_wait_double,7,domestic_only,d_to_e,e_only,0,84,0.0
expected_wait_double,7,domestic_only,d_to_e,simultaneous,0,84,0.0
expected_wait_double,7,domestic_only,d_to_e,d_to_e,0,84,0.0
expected_wait_double,7,domestic_only,d_to_e,e_to_d,0,84,0.0
expected_wait_double,7,domestic_only,e_to_d,none,0,84,0.0
expected_wait_double,7,domestic_only,e_to_d,d_only,0,84,0.0
expected_wait_double,7,domestic_only,e_to_d,e_only,0,84,0.0
expected_wait_double,7,domestic_only,e_to_d,simultaneous,0,84,0.0
expected_wait_double,7,domestic_only,e_to_d,d_to_e,0,84,0.0
expected_wait_double,7,domestic_only,e_to_d,e_to_d,0,84,0.0
expected_wait_double,7,customer_only,none,none,0,84,0.0
expected_wait_double,7,customer_only,none,d_only,43,84,0.5119047619047619
expected_wait_double,7,customer_only,none,e_only,0,84,0.0
expected_wait_double,7,customer_only,none,simultaneous,0,84,0.0
expected_wait_double,7,customer_only,none,d_to_e,1,84,0.011904761904761904
expected_wait_double,7,customer_only,none,e_to_d,0,84,0.0
expected_wait_double,7,customer_only,d_only,none,0,84,0.0
expected_wait_double,7,customer_only,d_only,d_only,0,84,0.0
expected_wait_double,7,customer_only,d_only,e_only,0,84,0.0
expected_wait_double,7,customer_only,d_only,simultaneous,0,84,0.0
expected_wait_double,7,customer_only,d_only,d_to_e,0,84,0.0
expected_wait_double,7,customer_only,d_only,e_to_d,0,84,0.0
expected_wait_double,7,customer_only,e_only,none,0,84,0.0
expected_wait_double,7,customer_only,e_only,d_only,8,84,0.09523809523809523
expected_wait_double,7,customer_only,e_only,e_only,0,84,0.0
expected_wait_double,7,customer_only,e_only,simultaneous,10,84,0.11904761904761904
expected_wait_double,7,customer_only,e_only,d_to_e,18,84,0.21428571428571427
expected_wait_double,7,customer_only,e_only,e_to_d,4,84,0.047619047619047616
expected_wait_double,7,customer_only,simultaneous,none,0,84,0.0
expected_wait_double,7,customer_only,simultaneous,d_only,0,84,0.0
expected_wait_double,7,customer_only,simultaneous,e_only,0,84,0.0
expected_wait_double,7,customer_only,simultaneous,simultaneous,0,84,0.0
expected_wait_double,7,customer_only,simultaneous,d_to_e,0,84,0.0
expected_wait_double,7,customer_only,simultaneous,e_to_d,0,84,0.0
expected_wait_double,7,customer_only,d_to_e,none,0,84,0.0
expected_wait_double,7,customer_only,d_to_e,d_only,0,84,0.0
expected_wait_double,7,customer_only,d_to_e,e_only,0,84,0.0
expected_wait_double,7,customer_only,d_to_e,simultaneous,0,84,0.0
expected_wait_double,7,customer_only,d_to_e,d_to_e,0,84,0.0
expected_wait_double,7,customer_only,d_to_e,e_to_d,0,84,0.0
expected_wait_double,7,customer_only,e_to_d,none,0,84,0.0
expected_wait_double,7,customer_only,e_to_d,d_only,0,84,0.0
expected_wait_double,7,customer_only,e_to_d,e_only,0,84,0.0
expected_wait_double,7,customer_only,e_to_d,simultaneous,0,84,0.0
expected_wait_double,7,customer_only,e_to_d,d_to_e,0,84,0.0
expected_wait_double,7,customer_only,e_to_d,e_to_d,0,84,0.0
expected_wait_double,8,domestic_only,none,none,0,71,0.0
expected_wait_double,8,domestic_only,none,d_only,0,71,0.0
expected_wait_double,8,domestic_only,none,e_only,0,71,0.0
expected_wait_double,8,domestic_only,none,simultaneous,0,71,0.0
expected_wait_double,8,domestic_only,none,d_to_e,0,71,0.0
expected_wait_double,8,domestic_only,none,e_to_d,0,71,0.0
expected_wait_double,8,domestic_only,d_only,none,0,71,0.0
expected_wait_double,8,domestic_only,d_only,d_only,54,71,0.7605633802816901
expected_wait_double,8,domestic_only,d_only,e_only,0,71,0.0
expected_wait_double,8,domestic_only,d_only,simultaneous,8,71,0.11267605633802817
expected_wait_double,8,domestic_only,d_only,d_to_e,8,71,0.11267605633802817
expected_wait_double,8,domestic_only,d_only,e_to_d,1,71,0.014084507042253521
expected_wait_double,8,domestic_only,e_only,none,0,71,0.0
expected_wait_double,8,domestic_only,e_only,d_only,0,71,0.0
expected_wait_double,8,domestic_only,e_only,e_only,0,71,0.0
expected_wait_double,8,domestic_only,e_only,simultaneous,0,71,0.0
expected_wait_double,8,domestic_only,e_only,d_to_e,0,71,0.0
expected_wait_double,8,domestic_only,e_only,e_to_d,0,71,0.0
expected_wait_double,8,domestic_only,simultaneous,none,0,71,0.0
expected_wait_double,8,domestic_only,simultaneous,d_only,0,71,0.0
expected_wait_double,8,domestic_only,simultaneous,e_only,0,71,0.0
expected_wait_double,8,domestic_only,simultaneous,simultaneous,0,71,0.0
expected_wait_double,8,domestic_only,simultaneous,d_to_e,0,71,0.0
expected_wait_double,8,domestic_only,simultaneous,e_to_d,0,71,0.0
expected_wait_double,8,domestic_only,d_to_e,none,0,71,0.0
expected_wait_double,8,domestic_only,d_to_e,d_only,0,71,0.0
expected_wait_double,8,domestic_only,d_to_e,e_only,0,71,0.0
expected_wait_double,8,domestic_only,d_to_e,simultaneous,0,71,0.0
expected_wait_double,8,domestic_only,d_to_e,d_to_e,0,71,0.0
expected_wait_double,8,domestic_only,d_to_e,e_to_d,0,71,0.0
expected_wait_double,8,domestic_only,e_to_d,none,0,71,0.0
expected_wait_double,8,domestic_only,e_to_d,d_only,0,71,0.0
expected_wait_double,8,domestic_only,e_to_d,e_only,0,71,0.0
expected_wait_double,8,domestic_only,e_to_d,simultaneous,0,71,0.0
expected_wait_double,8,domestic_only,e_to_d,d_to_e,0,71,0.0
expected_wait_double,8,domestic_only,e_to_d,e_to_d,0,71,0.0
expected_wait_double,8,customer_only,none,none,0,71,0.0
expected_wait_double,8,customer_only,none,d_only,36,71,0.5070422535211268
expected_wait_double,8,customer_only,none,e_only,0,71,0.0
expected_wait_double,8,customer_only,none,simultaneous,0,71,0.0
expected_wait_double,8,customer_only,none,d_to_e,0,71,0.0
expected_wait_double,8,customer_only,none,e_to_d,0,71,0.0
expected_wait_double,8,customer_only,d_only,none,0,71,0.0
expected_wait_double,8,customer_only,d_only,d_only,0,71,0.0
expected_wait_double,8,customer_only,d_only,e_only,0,71,0.0
expected_wait_double,8,customer_only,d_only,simultaneous,0,71,0.0
expected_wait_double,8,customer_only,d_only,d_to_e,0,71,0.0
expected_wait_double,8,customer_only,d_only,e_to_d,0,71,0.0
expected_wait_double,8,customer_only,e_only,none,0,71,0.0
expected_wait_double,8,customer_only,e_only,d_only,18,71,0.2535211267605634
expected_wait_double,8,customer_only,e_only,e_only,0,71,0.0
expected_wait_double,8,customer_only,e_only,simultaneous,8,71,0.11267605633802817
expected_wait_double,8,customer_only,e_only,d_to_e,8,71,0.11267605633802817
expected_wait_double,8,customer_only,e_only,e_to_d,1,71,0.014084507042253521
expected_wait_double,8,customer_only,simultaneous,none,0,71,0.0
expected_wait_double,8,customer_only,simultaneous,d_only,0,71,0.0
expected_wait_double,8,customer_only,simultaneous,e_only,0,71,0.0
expected_wait_double,8,customer_only,simultaneous,simultaneous,0,71,0.0
expected_wait_double,8,customer_only,simultaneous,d_to_e,0,71,0.0
expected_wait_double,8,customer_only,simultaneous,e_to_d,0,71,0.0
expected_wait_double,8,customer_only,d_to_e,none,0,71,0.0
expected_wait_double,8,customer_only,d_to_e,d_only,0,71,0.0
expected_wait_double,8,customer_only,d_to_e,e_only,0,71,0.0
expected_wait_double,8,customer_only,d_to_e,simultaneous,0,71,0.0
expected_wait_double,8,customer_only,d_to_e,d_to_e,0,71,0.0
expected_wait_double,8,customer_only,d_to_e,e_to_d,0,71,0.0
expected_wait_double,8,customer_only,e_to_d,none,0,71,0.0
expected_wait_double,8,customer_only,e_to_d,d_only,0,71,0.0
expected_wait_double,8,customer_only,e_to_d,e_only,0,71,0.0
expected_wait_double,8,customer_only,e_to_d,simultaneous,0,71,0.0
expected_wait_double,8,customer_only,e_to_d,d_to_e,0,71,0.0
expected_wait_double,8,customer_only,e_to_d,e_to_d,0,71,0.0
expected_wait_double,9,domestic_only,none,none,0,64,0.0
expected_wait_double,9,domestic_only,none,d_only,0,64,0.0
expected_wait_double,9,domestic_only,none,e_only,0,64,0.0
expected_wait_double,9,domestic_only,none,simultaneous,0,64,0.0
expected_wait_double,9,domestic_only,none,d_to_e,0,64,0.0
expected_wait_double,9,domestic_only,none,e_to_d,0,64,0.0
expected_wait_double,9,domestic_only,d_only,none,0,64,0.0
expected_wait_double,9,domestic_only,d_only,d_only,34,64,0.53125
expected_wait_double,9,domestic_only,d_only,e_only,1,64,0.015625
expected_wait_double,9,domestic_only,d_only,simultaneous,4,64,0.0625
expected_wait_double,9,domestic_only,d_only,d_to_e,22,64,0.34375
expected_wait_double,9,domestic_only,d_only,e_to_d,3,64,0.046875
expected_wait_double,9,domestic_only,e_only,none,0,64,0.0
expected_wait_double,9,domestic_only,e_only,d_only,0,64,0.0
expected_wait_double,9,domestic_only,e_only,e_only,0,64,0.0
expected_wait_double,9,domestic_only,e_only,simultaneous,0,64,0.0
expected_wait_double,9,domestic_only,e_only,d_to_e,0,64,0.0
expected_wait_double,9,domestic_only,e_only,e_to_d,0,64,0.0
expected_wait_double,9,domestic_only,simultaneous,none,0,64,0.0
expected_wait_double,9,domestic_only,simultaneous,d_only,0,64,0.0
expected_wait_double,9,domestic_only,simultaneous,e_only,0,64,0.0
expected_wait_double,9,domestic_only,simultaneous,simultaneous,0,64,0.0
expected_wait_double,9,domestic_only,simultaneous,d_to_e,0,64,0.0
expected_wait_double,9,domestic_only,simultaneous,e_to_d,0,64,0.0
expected_wait_double,9,domestic_only,d_to_e,none,0,64,0.0
expected_wait_double,9,domestic_only,d_to_e,d_only,0,64,0.0
expected_wait_double,9,domestic_only,d_to_e,e_only,0,64,0.0
expected_wait_double,9,domestic_only,d_to_e,simultaneous,0,64,0.0
expected_wait_double,9,domestic_only,d_to_e,d_to_e,0,64,0.0
expected_wait_double,9,domestic_only,d_to_e,e_to_d,0,64,0.0
expected_wait_double,9,domestic_only,e_to_d,none,0,64,0.0
expected_wait_double,9,domestic_only,e_to_d,d_only,0,64,0.0
expected_wait_double,9,domestic_only,e_to_d,e_only,0,64,0.0
expected_wait_double,9,domestic_only,e_to_d,simultaneous,0,64,0.0
expected_wait_double,9,domestic_only,e_to_d,d_to_e,0,64,0.0
expected_wait_double,9,domestic_only,e_to_d,e_to_d,0,64,0.0
expected_wait_double,9,customer_only,none,none,0,64,0.0
expected_wait_double,9,customer_only,none,d_only,21,64,0.328125
expected_wait_double,9,customer_only,none,e_only,0,64,0.0
expected_wait_double,9,customer_only,none,simultaneous,0,64,0.0
expected_wait_double,9,customer_only,none,d_to_e,1,64,0.015625
expected_wait_double,9,customer_only,none,e_to_d,0,64,0.0
expected_wait_double,9,customer_only,d_only,none,0,64,0.0
expected_wait_double,9,customer_only,d_only,d_only,0,64,0.0
expected_wait_double,9,customer_only,d_only,e_only,0,64,0.0
expected_wait_double,9,customer_only,d_only,simultaneous,0,64,0.0
expected_wait_double,9,customer_only,d_only,d_to_e,0,64,0.0
expected_wait_double,9,customer_only,d_only,e_to_d,0,64,0.0
expected_wait_double,9,customer_only,e_only,none,0,64,0.0
expected_wait_double,9,customer_only,e_only,d_only,13,64,0.203125
expected_wait_double,9,customer_only,e_only,e_only,1,64,0.015625
expected_wait_double,9,customer_only,e_only,simultaneous,4,64,0.0625
expected_wait_double,9,customer_only,e_only,d_to_e,21,64,0.328125
expected_wait_double,9,customer_only,e_only,e_to_d,3,64,0.046875
expected_wait_double,9,customer_only,simultaneous,none,0,64,0.0
expected_wait_double,9,customer_only,simultaneous,d_only,0,64,0.0
expected_wait_double,9,customer_only,simultaneous,e_only,0,64,0.0
expected_wait_double,9,customer_only,simultaneous,simultaneous,0,64,0.0
expected_wait_double,9,customer_only,simultaneous,d_to_e,0,64,0.0
expected_wait_double,9,customer_only,simultaneous,e_to_d,0,64,0.0
expected_wait_double,9,customer_only,d_to_e,none,0,64,0.0
expected_wait_double,9,customer_only,d_to_e,d_only,0,64,0.0
expected_wait_double,9,customer_only,d_to_e,e_only,0,64,0.0
expected_wait_double,9,customer_only,d_to_e,simultaneous,0,64,0.0
expected_wait_double,9,customer_only,d_to_e,d_to_e,0,64,0.0
expected_wait_double,9,customer_only,d_to_e,e_to_d,0,64,0.0
expected_wait_double,9,customer_only,e_to_d,none,0,64,0.0
expected_wait_double,9,customer_only,e_to_d,d_only,0,64,0.0
expected_wait_double,9,customer_only,e_to_d,e_only,0,64,0.0
expected_wait_double,9,customer_only,e_to_d,simultaneous,0,64,0.0
expected_wait_double,9,customer_only,e_to_d,d_to_e,0,64,0.0
expected_wait_double,9,customer_only,e_to_d,e_to_d,0,64,0.0
expected_wait_double,10,domestic_only,none,none,0,77,0.0
expected_wait_double,10,domestic_only,none,d_only,0,77,0.0
expected_wait_double,10,domestic_only,none,e_only,0,77,0.0
expected_wait_double,10,domestic_only,none,simultaneous,0,77,0.0
expected_wait_double,10,domestic_only,none,d_to_e,0,77,0.0
expected_wait_double,10,domestic_only,none,e_to_d,0,77,0.0
expected_wait_double,10,domestic_only,d_only,none,0,77,0.0
expected_wait_double,10,domestic_only,d_only,d_only,61,77,0.7922077922077922
expected_wait_double,10,domestic_only,d_only,e_only,0,77,0.0
expected_wait_double,10,domestic_only,d_only,simultaneous,7,77,0.09090909090909091
expected_wait_double,10,domestic_only,d_only,d_to_e,7,77,0.09090909090909091
expected_wait_double,10,domestic_only,d_only,e_to_d,2,77,0.025974025974025976
expected_wait_double,10,domestic_only,e_only,none,0,77,0.0
expected_wait_double,10,domestic_only,e_only,d_only,0,77,0.0
expected_wait_double,10,domestic_only,e_only,e_only,0,77,0.0
expected_wait_double,10,domestic_only,e_only,simultaneous,0,77,0.0
expected_wait_double,10,domestic_only,e_only,d_to_e,0,77,0.0
expected_wait_double,10,domestic_only,e_only,e_to_d,0,77,0.0
expected_wait_double,10,domestic_only,simultaneous,none,0,77,0.0
expected_wait_double,10,domestic_only,simultaneous,d_only,0,77,0.0
expected_wait_double,10,domestic_only,simultaneous,e_only,0,77,0.0
expected_wait_double,10,domestic_only,simultaneous,simultaneous,0,77,0.0
expected_wait_double,10,domestic_only,simultaneous,d_to_e,0,77,0.0
expected_wait_double,10,domestic_only,simultaneous,e_to_d,0,77,0.0
expected_wait_double,10,domestic_only,d_to_e,none,0,77,0.0
expected_wait_double,10,domestic_only,d_to_e,d_only,0,77,0.0
expected_wait_double,10,domestic_only,d_to_e,e_only,0,77,0.0
expected_wait_double,10,domestic_only,d_to_e,simultaneous,0,77,0.0
expected_wait_double,10,domestic_only,d_to_e,d_to_e,0,77,0.0
expected_wait_double,10,domestic_only,d_to_e,e_to_d,0,77,0.0
expected_wait_double,10,domestic_only,e_to_d,none,0,77,0.0
expected_wait_double,10,domestic_only,e_to_d,d_only,0,77,0.0
expected_wait_double,10,domestic_only,e_to_d,e_only,0,77,0.0
expected_wait_double,10,domestic_only,e_to_d,simultaneous,0,77,0.0
expected_wait_double,10,domestic_only,e_to_d,d_to_e,0,77,0.0
expected_wait_double,10,domestic_only,e_to_d,e_to_d,0,77,0.0
expected_wait_double,10,customer_only,none,none,0,77,0.0
expected_wait_double,10,customer_only,none,d_only,48,77,0.6233766233766234
expected_wait_double,10,customer_only,none,e_only,0,77,0.0
expected_wait_double,10,customer_only,none,simultaneous,0,77,0.0
expected_wait_double,10,customer_only,none,d_to_e,0,77,0.0
expected_wait_double,10,customer_only,none,e_to_d,0,77,0.0
expected_wait_double,10,customer_only,d_only,none,0,77,0.0
expected_wait_double,10,customer_only,d_only,d_only,0,77,0.0
expected_wait_double,10,customer_only,d_only,e_only,0,77,0.0
expected_wait_double,10,customer_only,d_only,simultaneous,0,77,0.0
expected_wait_double,10,customer_only,d_only,d_to_e,0,77,0.0
expected_wait_double,10,customer_only,d_only,e_to_d,0,77,0.0
expected_wait_double,10,customer_only,e_only,none,0,77,0.0
expected_wait_double,10,customer_only,e_only,d_only,13,77,0.16883116883116883
expected_wait_double,10,customer_only,e_only,e_only,0,77,0.0
expected_wait_double,10,customer_only,e_only,simultaneous,7,77,0.09090909090909091
expected_wait_double,10,customer_only,e_only,d_to_e,7,77,0.09090909090909091
expected_wait_double,10,customer_only,e_only,e_to_d,2,77,0.025974025974025976
expected_wait_double,10,customer_only,simultaneous,none,0,77,0.0
expected_wait_double,10,customer_only,simultaneous,d_only,0,77,0.0
expected_wait_double,10,customer_only,simultaneous,e_only,0,77,0.0
expected_wait_double,10,customer_only,simultaneous,simultaneous,0,77,0.0
expected_wait_double,10,customer_only,simultaneous,d_to_e,0,77,0.0
expected_wait_double,10,customer_only,simultaneous,e_to_d,0,77,0.0
expected_wait_double,10,customer_only,d_to_e,none,0,77,0.0
expected_wait_double,10,customer_only,d_to_e,d_only,0,77,0.0
expected_wait_double,10,customer_only,d_to_e,e_only,0,77,0.0
expected_wait_double,10,customer_only,d_to_e,simultaneous,0,77,0.0
expected_wait_double,10,customer_only,d_to_e,d_to_e,0,77,0.0
expected_wait_double,10,customer_only,d_to_e,e_to_d,0,77,0.0
expected_wait_double,10,customer_only,e_to_d,none,0,77,0.0
expected_wait_double,10,customer_only,e_to_d,d_only,0,77,0.0
expected_wait_double,10,customer_only,e_to_d,e_only,0,77,0.0
expected_wait_double,10,customer_only,e_to_d,simultaneous,0,77,0.0
expected_wait_double,10,customer_only,e_to_d,d_to_e,0,77,0.0
expected_wait_double,10,customer_only,e_to_d,e_to_d,0,77,0.0
expected_wait_double,11,domestic_only,none,none,0,75,0.0
expected_wait_double,11,domestic_only,none,d_only,0,75,0.0
expected_wait_double,11,domestic_only,none,e_only,0,75,0.0
expected_wait_double,11,domestic_only,none,simultaneous,0,75,0.0
expected_wait_double,11,domestic_only,none,d_to_e,0,75,0.0
expected_wait_double,11,domestic_only,none,e_to_d,0,75,0.0
expected_wait_double,11,domestic_only,d_only,none,0,75,0.0
expected_wait_double,11,domestic_only,d_only,d_only,49,75,0.6533333333333333
expected_wait_double,11,domestic_only,d_only,e_only,0,75,0.0
expected_wait_double,11,domestic_only,d_only,simultaneous,6,75,0.08
expected_wait_double,11,domestic_only,d_only,d_to_e,14,75,0.18666666666666668
expected_wait_double,11,domestic_only,d_only,e_to_d,6,75,0.08
expected_wait_double,11,domestic_only,e_only,none,0,75,0.0
expected_wait_double,11,domestic_only,e_only,d_only,0,75,0.0
expected_wait_double,11,domestic_only,e_only,e_only,0,75,0.0
expected_wait_double,11,domestic_only,e_only,simultaneous,0,75,0.0
expected_wait_double,11,domestic_only,e_only,d_to_e,0,75,0.0
expected_wait_double,11,domestic_only,e_only,e_to_d,0,75,0.0
expected_wait_double,11,domestic_only,simultaneous,none,0,75,0.0
expected_wait_double,11,domestic_only,simultaneous,d_only,0,75,0.0
expected_wait_double,11,domestic_only,simultaneous,e_only,0,75,0.0
expected_wait_double,11,domestic_only,simultaneous,simultaneous,0,75,0.0
expected_wait_double,11,domestic_only,simultaneous,d_to_e,0,75,0.0
expected_wait_double,11,domestic_only,simultaneous,e_to_d,0,75,0.0
expected_wait_double,11,domestic_only,d_to_e,none,0,75,0.0
expected_wait_double,11,domestic_only,d_to_e,d_only,0,75,0.0
expected_wait_double,11,domestic_only,d_to_e,e_only,0,75,0.0
expected_wait_double,11,domestic_only,d_to_e,simultaneous,0,75,0.0
expected_wait_double,11,domestic_only,d_to_e,d_to_e,0,75,0.0
expected_wait_double,11,domestic_only,d_to_e,e_to_d,0,75,0.0
expected_wait_double,11,domestic_only,e_to_d,none,0,75,0.0
expected_wait_double,11,domestic_only,e_to_d,d_only,0,75,0.0
expected_wait_double,11,domestic_only,e_to_d,e_only,0,75,0.0
expected_wait_double,11,domestic_only,e_to_d,simultaneous,0,75,0.0
expected_wait_double,11,domestic_only,e_to_d,d_to_e,0,75,0.0
expected_wait_double,11,domestic_only,e_to_d,e_to_d,0,75,0.0
expected_wait_double,11,customer_only,none,none,0,75,0.0
expected_wait_double,11,customer_only,none,d_only,39,75,0.52
expected_wait_double,11,customer_only,none,e_only,0,75,0.0
expected_wait_double,11,customer_only,none,simultaneous,0,75,0.0
expected_wait_double,11,customer_only,none,d_to_e,0,75,0.0
expected_wait_double,11,customer_only,none,e_to_d,0,75,0.0
expected_wait_double,11,customer_only,d_only,none,0,75,0.0
expected_wait_double,11,customer_only,d_only,d_only,0,75,0.0
expected_wait_double,11,customer_only,d_only,e_only,0,75,0.0
expected_wait_double,11,customer_only,d_only,simultaneous,0,75,0.0
expected_wait_double,11,customer_only,d_only,d_to_e,0,75,0.0
expected_wait_double,11,customer_only,d_only,e_to_d,0,75,0.0
expected_wait_double,11,customer_only,e_only,none,0,75,0.0
expected_wait_double,11,customer_only,e_only,d_only,10,75,0.13333333333333333
expected_wait_double,11,customer_only,e_only,e_only,0,75,0.0
expected_wait_double,11,customer_only,e_only,simultaneous,6,75,0.08
expected_wait_double,11,customer_only,e_only,d_to_e,14,75,0.18666666666666668
expected_wait_double,11,customer_only,e_only,e_to_d,6,75,0.08
expected_wait_double,11,customer_only,simultaneous,none,0,75,0.0
expected_wait_double,11,customer_only,simultaneous,d_only,0,75,0.0
expected_wait_double,11,customer_only,simultaneous,e_only,0,75,0.0
expected_wait_double,11,customer_only,simultaneous,simultaneous,0,75,0.0
expected_wait_double,11,customer_only,simultaneous,d_to_e,0,75,0.0
expected_wait_double,11,customer_only,simultaneous,e_to_d,0,75,0.0
expected_wait_double,11,customer_only,d_to_e,none,0,75,0.0
expected_wait_double,11,customer_only,d_to_e,d_only,0,75,0.0
expected_wait_double,11,customer_only,d_to_e,e_only,0,75,0.0
expected_wait_double,11,customer_only,d_to_e,simultaneous,0,75,0.0
expected_wait_double,11,customer_only,d_to_e,d_to_e,0,75,0.0
expected_wait_double,11,customer_only,d_to_e,e_to_d,0,75,0.0
expected_wait_double,11,customer_only,e_to_d,none,0,75,0.0
expected_wait_double,11,customer_only,e_to_d,d_only,0,75,0.0
expected_wait_double,11,customer_only,e_to_d,e_only,0,75,0.0
expected_wait_double,11,customer_only,e_to_d,simultaneous,0,75,0.0
expected_wait_double,11,customer_only,e_to_d,d_to_e,0,75,0.0
expected_wait_double,11,customer_only,e_to_d,e_to_d,0,75,0.0
expected_wait_double,12,domestic_only,none,none,0,77,0.0
expected_wait_double,12,domestic_only,none,d_only,0,77,0.0
expected_wait_double,12,domestic_only,none,e_only,0,77,0.0
expected_wait_double,12,domestic_only,none,simultaneous,0,77,0.0
expected_wait_double,12,domestic_only,none,d_to_e,0,77,0.0
expected_wait_double,12,domestic_only,none,e_to_d,0,77,0.0
expected_wait_double,12,domestic_only,d_only,none,0,77,0.0
expected_wait_double,12,domestic_only,d_only,d_only,47,77,0.6103896103896104
expected_wait_double,12,domestic_only,d_only,e_only,1,77,0.012987012987012988
expected_wait_double,12,domestic_only,d_only,simultaneous,7,77,0.09090909090909091
expected_wait_double,12,domestic_only,d_only,d_to_e,17,77,0.22077922077922077
expected_wait_double,12,domestic_only,d_only,e_to_d,5,77,0.06493506493506493
expected_wait_double,12,domestic_only,e_only,none,0,77,0.0
expected_wait_double,12,domestic_only,e_only,d_only,0,77,0.0
expected_wait_double,12,domestic_only,e_only,e_only,0,77,0.0
expected_wait_double,12,domestic_only,e_only,simultaneous,0,77,0.0
expected_wait_double,12,domestic_only,e_only,d_to_e,0,77,0.0
expected_wait_double,12,domestic_only,e_only,e_to_d,0,77,0.0
expected_wait_double,12,domestic_only,simultaneous,none,0,77,0.0
expected_wait_double,12,domestic_only,simultaneous,d_only,0,77,0.0
expected_wait_double,12,domestic_only,simultaneous,e_only,0,77,0.0
expected_wait_double,12,domestic_only,simultaneous,simultaneous,0,77,0.0
expected_wait_double,12,domestic_only,simultaneous,d_to_e,0,77,0.0
expected_wait_double,12,domestic_only,simultaneous,e_to_d,0,77,0.0
expected_wait_double,12,domestic_only,d_to_e,none,0,77,0.0
expected_wait_double,12,domestic_only,d_to_e,d_only,0,77,0.0
expected_wait_double,12,domestic_only,d_to_e,e_only,0,77,0.0
expected_wait_double,12,domestic_only,d_to_e,simultaneous,0,77,0.0
expected_wait_double,12,domestic_only,d_to_e,d_to_e,0,77,0.0
expected_wait_double,12,domestic_only,d_to_e,e_to_d,0,77,0.0
expected_wait_double,12,domestic_only,e_to_d,none,0,77,0.0
expected_wait_double,12,domestic_only,e_to_d,d_only,0,77,0.0
expected_wait_double,12,domestic_only,e_to_d,e_only,0,77,0.0
expected_wait_double,12,domestic_only,e_to_d,simultaneous,0,77,0.0
expected_wait_double,12,domestic_only,e_to_d,d_to_e,0,77,0.0
expected_wait_double,12,domestic_only,e_to_d,e_to_d,0,77,0.0
expected_wait_double,12,customer_only,none,none,0,77,0.0
expected_wait_double,12,customer_only,none,d_only,30,77,0.38961038961038963
expected_wait_double,12,customer_only,none,e_only,0,77,0.0
expected_wait_double,12,customer_only,none,simultaneous,0,77,0.0
expected_wait_double,12,customer_only,none,d_to_e,0,77,0.0
expected_wait_double,12,customer_only,none,e_to_d,0,77,0.0
expected_wait_double,12,customer_only,d_only,none,0,77,0.0
expected_wait_double,12,customer_only,d_only,d_only,0,77,0.0
expected_wait_double,12,customer_only,d_only,e_only,0,77,0.0
expected_wait_double,12,customer_only,d_only,simultaneous,0,77,0.0
expected_wait_double,12,customer_only,d_only,d_to_e,0,77,0.0
expected_wait_double,12,customer_only,d_only,e_to_d,0,77,0.0
expected_wait_double,12,customer_only,e_only,none,0,77,0.0
expected_wait_double,12,customer_only,e_only,d_only,17,77,0.22077922077922077
expected_wait_double,12,customer_only,e_only,e_only,1,77,0.012987012987012988
expected_wait_double,12,customer_only,e_only,simultaneous,7,77,0.09090909090909091
expected_wait_double,12,customer_only,e_only,d_to_e,17,77,0.22077922077922077
expected_wait_double,12,customer_only,e_only,e_to_d,5,77,0.06493506493506493
expected_wait_double,12,customer_only,simultaneous,none,0,77,0.0
expected_wait_double,12,customer_only,simultaneous,d_only,0,77,0.0
expected_wait_double,12,customer_only,simultaneous,e_only,0,77,0.0
expected_wait_double,12,customer_only,simultaneous,simultaneous,0,77,0.0
expected_wait_double,12,customer_only,simultaneous,d_to_e,0,77,0.0
expected_wait_double,12,customer_only,simultaneous,e_to_d,0,77,0.0
expected_wait_double,12,customer_only,d_to_e,none,0,77,0.0
expected_wait_double,12,customer_only,d_to_e,d_only,0,77,0.0
expected_wait_double,12,customer_only,d_to_e,e_only,0,77,0.0
expected_wait_double,12,customer_only,d_to_e,simultaneous,0,77,0.0
expected_wait_double,12,customer_only,d_to_e,d_to_e,0,77,0.0
expected_wait_double,12,customer_only,d_to_e,e_to_d,0,77,0.0
expected_wait_double,12,customer_only,e_to_d,none,0,77,0.0
expected_wait_double,12,customer_only,e_to_d,d_only,0,77,0.0
expected_wait_double,12,customer_only,e_to_d,e_only,0,77,0.0
expected_wait_double,12,customer_only,e_to_d,simultaneous,0,77,0.0
expected_wait_double,12,customer_only,e_to_d,d_to_e,0,77,0.0
expected_wait_double,12,customer_only,e_to_d,e_to_d,0,77,0.0
expected_wait_double,13,domestic_only,none,none,0,88,0.0
expected_wait_double,13,domestic_only,none,d_only,0,88,0.0
expected_wait_double,13,domestic_only,none,e_only,0,88,0.0
expected_wait_double,13,domestic_only,none,simultaneous,0,88,0.0
expected_wait_double,13,domestic_only,none,d_to_e,0,88,0.0
expected_wait_double,13,domestic_only,none,e_to_d,0,88,0.0
expected_wait_double,13,domestic_only,d_only,none,0,88,0.0
expected_wait_double,13,domestic_only,d_only,d_only,47,88,0.5340909090909091
expected_wait_double,13,domestic_only,d_only,e_only,6,88,0.06818181818181818
expected_wait_double,13,domestic_only,d_only,simultaneous,4,88,0.045454545454545456
expected_wait_double,13,domestic_only,d_only,d_to_e,25,88,0.2840909090909091
expected_wait_double,13,domestic_only,d_only,e_to_d,6,88,0.06818181818181818
expected_wait_double,13,domestic_only,e_only,none,0,88,0.0
expected_wait_double,13,domestic_only,e_only,d_only,0,88,0.0
expected_wait_double,13,domestic_only,e_only,e_only,0,88,0.0
expected_wait_double,13,domestic_only,e_only,simultaneous,0,88,0.0
expected_wait_double,13,domestic_only,e_only,d_to_e,0,88,0.0
expected_wait_double,13,domestic_only,e_only,e_to_d,0,88,0.0
expected_wait_double,13,domestic_only,simultaneous,none,0,88,0.0
expected_wait_double,13,domestic_only,simultaneous,d_only,0,88,0.0
expected_wait_double,13,domestic_only,simultaneous,e_only,0,88,0.0
expected_wait_double,13,domestic_only,simultaneous,simultaneous,0,88,0.0
expected_wait_double,13,domestic_only,simultaneous,d_to_e,0,88,0.0
expected_wait_double,13,domestic_only,simultaneous,e_to_d,0,88,0.0
expected_wait_double,13,domestic_only,d_to_e,none,0,88,0.0
expected_wait_double,13,domestic_only,d_to_e,d_only,0,88,0.0
expected_wait_double,13,domestic_only,d_to_e,e_only,0,88,0.0
expected_wait_double,13,domestic_only,d_to_e,simultaneous,0,88,0.0
expected_wait_double,13,domestic_only,d_to_e,d_to_e,0,88,0.0
expected_wait_double,13,domestic_only,d_to_e,e_to_d,0,88,0.0
expected_wait_double,13,domestic_only,e_to_d,none,0,88,0.0
expected_wait_double,13,domestic_only,e_to_d,d_only,0,88,0.0
expected_wait_double,13,domestic_only,e_to_d,e_only,0,88,0.0
expected_wait_double,13,domestic_only,e_to_d,simultaneous,0,88,0.0
expected_wait_double,13,domestic_only,e_to_d,d_to_e,0,88,0.0
expected_wait_double,13,domestic_only,e_to_d,e_to_d,0,88,0.0
expected_wait_double,13,customer_only,none,none,0,88,0.0
expected_wait_double,13,customer_only,none,d_only,27,88,0.3068181818181818
expected_wait_double,13,customer_only,none,e_only,0,88,0.0
expected_wait_double,13,customer_only,none,simultaneous,0,88,0.0
expected_wait_double,13,customer_only,none,d_to_e,0,88,0.0
expected_wait_double,13,customer_only,none,e_to_d,0,88,0.0
expected_wait_double,13,customer_only,d_only,none,0,88,0.0
expected_wait_double,13,customer_only,d_only,d_only,0,88,0.0
expected_wait_double,13,customer_only,d_only,e_only,0,88,0.0
expected_wait_double,13,customer_only,d_only,simultaneous,0,88,0.0
expected_wait_double,13,customer_only,d_only,d_to_e,0,88,0.0
expected_wait_double,13,customer_only,d_only,e_to_d,0,88,0.0
expected_wait_double,13,customer_only,e_only,none,0,88,0.0
expected_wait_double,13,customer_only,e_only,d_only,20,88,0.22727272727272727
expected_wait_double,13,customer_only,e_only,e_only,6,88,0.06818181818181818
expected_wait_double,13,customer_only,e_only,simultaneous,4,88,0.045454545454545456
expected_wait_double,13,customer_only,e_only,d_to_e,25,88,0.2840909090909091
expected_wait_double,13,customer_only,e_only,e_to_d,6,88,0.06818181818181818
expected_wait_double,13,customer_only,simultaneous,none,0,88,0.0
expected_wait_double,13,customer_only,simultaneous,d_only,0,88,0.0
expected_wait_double,13,customer_only,simultaneous,e_only,0,88,0.0
expected_wait_double,13,customer_only,simultaneous,simultaneous,0,88,0.0
expected_wait_double,13,customer_only,simultaneous,d_to_e,0,88,0.0
expected_wait_double,13,customer_only,simultaneous,e_to_d,0,88,0.0
expected_wait_double,13,customer_only,d_to_e,none,0,88,0.0
expected_wait_double,13,customer_only,d_to_e,d_only,0,88,0.0
expected_wait_double,13,customer_only,d_to_e,e_only,0,88,0.0
expected_wait_double,13,customer_only,d_to_e,simultaneous,0,88,0.0
expected_wait_double,13,customer_only,d_to_e,d_to_e,0,88,0.0
expected_wait_double,13,customer_only,d_to_e,e_to_d,0,88,0.0
expected_wait_double,13,customer_only,e_to_d,none,0,88,0.0
expected_wait_double,13,customer_only,e_to_d,d_only,0,88,0.0
expected_wait_double,13,customer_only,e_to_d,e_only,0,88,0.0
expected_wait_double,13,customer_only,e_to_d,simultaneous,0,88,0.0
expected_wait_double,13,customer_only,e_to_d,d_to_e,0,88,0.0
expected_wait_double,13,customer_only,e_to_d,e_to_d,0,88,0.0
expected_wait_double,14,domestic_only,none,none,0,69,0.0
expected_wait_double,14,domestic_only,none,d_only,0,69,0.0
expected_wait_double,14,domestic_only,none,e_only,0,69,0.0
expected_wait_double,14,domestic_only,none,simultaneous,0,69,0.0
expected_wait_double,14,domestic_only,none,d_to_e,0,69,0.0
expected_wait_double,14,domestic_only,none,e_to_d,0,69,0.0
expected_wait_double,14,domestic_only,d_only,none,0,69,0.0
expected_wait_double,14,domestic_only,d_only,d_only,44,69,0.6376811594202898
expected_wait_double,14,domestic_only,d_only,e_only,2,69,0.028985507246376812
expected_wait_double,14,domestic_only,d_only,simultaneous,3,69,0.043478260869565216
expected_wait_double,14,domestic_only,d_only,d_to_e,16,69,0.2318840579710145
expected_wait_double,14,domestic_only,d_only,e_to_d,4,69,0.057971014492753624
expected_wait_double,14,domestic_only,e_only,none,0,69,0.0
expected_wait_double,14,domestic_only,e_only,d_only,0,69,0.0
expected_wait_double,14,domestic_only,e_only,e_only,0,69,0.0
expected_wait_double,14,domestic_only,e_only,simultaneous,0,69,0.0
expected_wait_double,14,domestic_only,e_only,d_to_e,0,69,0.0
expected_wait_double,14,domestic_only,e_only,e_to_d,0,69,0.0
expected_wait_double,14,domestic_only,simultaneous,none,0,69,0.0
expected_wait_double,14,domestic_only,simultaneous,d_only,0,69,0.0
expected_wait_double,14,domestic_only,simultaneous,e_only,0,69,0.0
expected_wait_double,14,domestic_only,simultaneous,simultaneous,0,69,0.0
expected_wait_double,14,domestic_only,simultaneous,d_to_e,0,69,0.0
expected_wait_double,14,domestic_only,simultaneous,e_to_d,0,69,0.0
expected_wait_double,14,domestic_only,d_to_e,none,0,69,0.0
expected_wait_double,14,domestic_only,d_to_e,d_only,0,69,0.0
expected_wait_double,14,domestic_only,d_to_e,e_only,0,69,0.0
expected_wait_double,14,domestic_only,d_to_e,simultaneous,0,69,0.0
expected_wait_double,14,domestic_only,d_to_e,d_to_e,0,69,0.0
expected_wait_double,14,domestic_only,d_to_e,e_to_d,0,69,0.0
expected_wait_double,14,domestic_only,e_to_d,none,0,69,0.0
expected_wait_double,14,domestic_only,e_to_d,d_only,0,69,0.0
expected_wait_double,14,domestic_only,e_to_d,e_only,0,69,0.0
expected_wait_double,14,domestic_only,e_to_d,simultaneous,0,69,0.0
expected_wait_double,14,domestic_only,e_to_d,d_to_e,0,69,0.0
expected_wait_double,14,domestic_only,e_to_d,e_to_d,0,69,0.0
expected_wait_double,14,customer_only,none,none,0,69,0.0
expected_wait_double,14,customer_only,none,d_only,28,69,0.4057971014492754
expected_wait_double,14,customer_only,none,e_only,0,69,0.0
expected_wait_double,14,customer_only,none,simultaneous,0,69,0.0
expected_wait_double,14,customer_only,none,d_to_e,0,69,0.0
expected_wait_double,14,customer_only,none,e_to_d,0,69,0.0
expected_wait_double,14,customer_only,d_only,none,0,69,0.0
expected_wait_double,14,customer_only,d_only,d_only,0,69,0.0
expected_wait_double,14,customer_only,d_only,e_only,0,69,0.0
expected_wait_double,14,customer_only,d_only,simultaneous,0,69,0.0
expected_wait_double,14,customer_only,d_only,d_to_e,0,69,0.0
expected_wait_double,14,customer_only,d_only,e_to_d,0,69,0.0
expected_wait_double,14,customer_only,e_only,none,0,69,0.0
expected_wait_double,14,customer_only,e_only,d_only,16,69,0.2318840579710145
expected_wait_double,14,customer_only,e_only,e_only,2,69,0.028985507246376812
expected_wait_double,14,customer_only,e_only,simultaneous,3,69,0.043478260869565216
expected_wait_double,14,customer_only,e_only,d_to_e,16,69,0.2318840579710145
expected_wait_double,14,customer_only,e_only,e_to_d,4,69,0.057971014492753624
expected_wait_double,14,customer_only,simultaneous,none,0,69,0.0
expected_wait_double,14,customer_only,simultaneous,d_only,0,69,0.0
expected_wait_double,14,customer_only,simultaneous,e_only,0,69,0.0
expected_wait_double,14,customer_only,simultaneous,simultaneous,0,69,0.0
expected_wait_double,14,customer_only,simultaneous,d_to_e,0,69,0.0
expected_wait_double,14,customer_only,simultaneous,e_to_d,0,69,0.0
expected_wait_double,14,customer_only,d_to_e,none,0,69,0.0
expected_wait_double,14,customer_only,d_to_e,d_only,0,69,0.0
expected_wait_double,14,customer_only,d_to_e,e_only,0,69,0.0
expected_wait_double,14,customer_only,d_to_e,simultaneous,0,69,0.0
expected_wait_double,14,customer_only,d_to_e,d_to_e,0,69,0.0
expected_wait_double,14,customer_only,d_to_e,e_to_d,0,69,0.0
expected_wait_double,14,customer_only,e_to_d,none,0,69,0.0
expected_wait_double,14,customer_only,e_to_d,d_only,0,69,0.0
expected_wait_double,14,customer_only,e_to_d,e_only,0,69,0.0
expected_wait_double,14,customer_only,e_to_d,simultaneous,0,69,0.0
expected_wait_double,14,customer_only,e_to_d,d_to_e,0,69,0.0
expected_wait_double,14,customer_only,e_to_d,e_to_d,0,69,0.0
expected_wait_double,15,domestic_only,none,none,0,78,0.0
expected_wait_double,15,domestic_only,none,d_only,0,78,0.0
expected_wait_double,15,domestic_only,none,e_only,0,78,0.0
expected_wait_double,15,domestic_only,none,simultaneous,0,78,0.0
expected_wait_double,15,domestic_only,none,d_to_e,0,78,0.0
expected_wait_double,15,domestic_only,none,e_to_d,0,78,0.0
expected_wait_double,15,domestic_only,d_only,none,0,78,0.0
expected_wait_double,15,domestic_only,d_only,d_only,38,78,0.48717948717948717
expected_wait_double,15,domestic_only,d_only,e_only,2,78,0.02564102564102564
expected_wait_double,15,domestic_only,d_only,simultaneous,9,78,0.11538461538461539
expected_wait_double,15,domestic_only,d_only,d_to_e,25,78,0.32051282051282054
expected_wait_double,15,domestic_only,d_only,e_to_d,4,78,0.05128205128205128
expected_wait_double,15,domestic_only,e_only,none,0,78,0.0
expected_wait_double,15,domestic_only,e_only,d_only,0,78,0.0
expected_wait_double,15,domestic_only,e_only,e_only,0,78,0.0
expected_wait_double,15,domestic_only,e_only,simultaneous,0,78,0.0
expected_wait_double,15,domestic_only,e_only,d_to_e,0,78,0.0
expected_wait_double,15,domestic_only,e_only,e_to_d,0,78,0.0
expected_wait_double,15,domestic_only,simultaneous,none,0,78,0.0
expected_wait_double,15,domestic_only,simultaneous,d_only,0,78,0.0
expected_wait_double,15,domestic_only,simultaneous,e_only,0,78,0.0
expected_wait_double,15,domestic_only,simultaneous,simultaneous,0,78,0.0
expected_wait_double,15,domestic_only,simultaneous,d_to_e,0,78,0.0
expected_wait_double,15,domestic_only,simultaneous,e_to_d,0,78,0.0
expected_wait_double,15,domestic_only,d_to_e,none,0,78,0.0
expected_wait_double,15,domestic_only,d_to_e,d_only,0,78,0.0
expected_wait_double,15,domestic_only,d_to_e,e_only,0,78,0.0
expected_wait_double,15,domestic_only,d_to_e,simultaneous,0,78,0.0
expected_wait_double,15,domestic_only,d_to_e,d_to_e,0,78,0.0
expected_wait_double,15,domestic_only,d_to_e,e_to_d,0,78,0.0
expected_wait_double,15,domestic_only,e_to_d,none,0,78,0.0
expected_wait_double,15,domestic_only,e_to_d,d_only,0,78,0.0
expected_wait_double,15,domestic_only,e_to_d,e_only,0,78,0.0
expected_wait_double,15,domestic_only,e_to_d,simultaneous,0,78,0.0
expected_wait_double,15,domestic_only,e_to_d,d_to_e,0,78,0.0
expected_wait_double,15,domestic_only,e_to_d,e_to_d,0,78,0.0
expected_wait_double,15,customer_only,none,none,0,78,0.0
expected_wait_double,15,customer_only,none,d_only,21,78,0.2692307692307692
expected_wait_double,15,customer_only,none,e_only,0,78,0.0
expected_wait_double,15,customer_only,none,simultaneous,0,78,0.0
expected_wait_double,15,customer_only,none,d_to_e,0,78,0.0
expected_wait_double,15,customer_only,none,e_to_d,0,78,0.0
expected_wait_double,15,customer_only,d_only,none,0,78,0.0
expected_wait_double,15,customer_only,d_only,d_only,0,78,0.0
expected_wait_double,15,customer_only,d_only,e_only,0,78,0.0
expected_wait_double,15,customer_only,d_only,simultaneous,0,78,0.0
expected_wait_double,15,customer_only,d_only,d_to_e,0,78,0.0
expected_wait_double,15,customer_only,d_only,e_to_d,0,78,0.0
expected_wait_double,15,customer_only,e_only,none,0,78,0.0
expected_wait_double,15,customer_only,e_only,d_only,17,78,0.21794871794871795
expected_wait_double,15,customer_only,e_only,e_only,2,78,0.02564102564102564
expected_wait_double,15,customer_only,e_only,simultaneous,9,78,0.11538461538461539
expected_wait_double,15,customer_only,e_only,d_to_e,25,78,0.32051282051282054
expected_wait_double,15,customer_only,e_only,e_to_d,4,78,0.05128205128205128
expected_wait_double,15,customer_only,simultaneous,none,0,78,0.0
expected_wait_double,15,customer_only,simultaneous,d_only,0,78,0.0
expected_wait_double,15,customer_only,simultaneous,e_only,0,78,0.0
expected_wait_double,15,customer_only,simultaneous,simultaneous,0,78,0.0
expected_wait_double,15,customer_only,simultaneous,d_to_e,0,78,0.0
expected_wait_double,15,customer_only,simultaneous,e_to_d,0,78,0.0
expected_wait_double,15,customer_only,d_to_e,none,0,78,0.0
expected_wait_double,15,customer_only,d_to_e,d_only,0,78,0.0
expected_wait_double,15,customer_only,d_to_e,e_only,0,78,0.0
expected_wait_double,15,customer_only,d_to_e,simultaneous,0,78,0.0
expected_wait_double,15,customer_only,d_to_e,d_to_e,0,78,0.0
expected_wait_double,15,customer_only,d_to_e,e_to_d,0,78,0.0
expected_wait_double,15,customer_only,e_to_d,none,0,78,0.0
expected_wait_double,15,customer_only,e_to_d,d_only,0,78,0.0
expected_wait_double,15,customer_only,e_to_d,e_only,0,78,0.0
expected_wait_double,15,customer_only,e_to_d,simultaneous,0,78,0.0
expected_wait_double,15,customer_only,e_to_d,d_to_e,0,78,0.0
expected_wait_double,15,customer_only,e_to_d,e_to_d,0,78,0.0
expected_wait_double,16,domestic_only,none,none,0,81,0.0
expected_wait_double,16,domestic_only,none,d_only,0,81,0.0
expected_wait_double,16,domestic_only,none,e_only,0,81,0.0
expected_wait_double,16,domestic_only,none,simultaneous,0,81,0.0
expected_wait_double,16,domestic_only,none,d_to_e,0,81,0.0
expected_wait_double,16,domestic_only,none,e_to_d,0,81,0.0
expected_wait_double,16,domestic_only,d_only,none,0,81,0.0
expected_wait_double,16,domestic_only,d_only,d_only,57,81,0.7037037037037037
expected_wait_double,16,domestic_only,d_only,e_only,1,81,0.012345679012345678
expected_wait_double,16,domestic_only,d_only,simultaneous,1,81,0.012345679012345678
expected_wait_double,16,domestic_only,d_only,d_to_e,17,81,0.20987654320987653
expected_wait_double,16,domestic_only,d_only,e_to_d,5,81,0.06172839506172839
expected_wait_double,16,domestic_only,e_only,none,0,81,0.0
expected_wait_double,16,domestic_only,e_only,d_only,0,81,0.0
expected_wait_double,16,domestic_only,e_only,e_only,0,81,0.0
expected_wait_double,16,domestic_only,e_only,simultaneous,0,81,0.0
expected_wait_double,16,domestic_only,e_only,d_to_e,0,81,0.0
expected_wait_double,16,domestic_only,e_only,e_to_d,0,81,0.0
expected_wait_double,16,domestic_only,simultaneous,none,0,81,0.0
expected_wait_double,16,domestic_only,simultaneous,d_only,0,81,0.0
expected_wait_double,16,domestic_only,simultaneous,e_only,0,81,0.0
expected_wait_double,16,domestic_only,simultaneous,simultaneous,0,81,0.0
expected_wait_double,16,domestic_only,simultaneous,d_to_e,0,81,0.0
expected_wait_double,16,domestic_only,simultaneous,e_to_d,0,81,0.0
expected_wait_double,16,domestic_only,d_to_e,none,0,81,0.0
expected_wait_double,16,domestic_only,d_to_e,d_only,0,81,0.0
expected_wait_double,16,domestic_only,d_to_e,e_only,0,81,0.0
expected_wait_double,16,domestic_only,d_to_e,simultaneous,0,81,0.0
expected_wait_double,16,domestic_only,d_to_e,d_to_e,0,81,0.0
expected_wait_double,16,domestic_only,d_to_e,e_to_d,0,81,0.0
expected_wait_double,16,domestic_only,e_to_d,none,0,81,0.0
expected_wait_double,16,domestic_only,e_to_d,d_only,0,81,0.0
expected_wait_double,16,domestic_only,e_to_d,e_only,0,81,0.0
expected_wait_double,16,domestic_only,e_to_d,simultaneous,0,81,0.0
expected_wait_double,16,domestic_only,e_to_d,d_to_e,0,81,0.0
expected_wait_double,16,domestic_only,e_to_d,e_to_d,0,81,0.0
expected_wait_double,16,customer_only,none,none,0,81,0.0
expected_wait_double,16,customer_only,none,d_only,44,81,0.5432098765432098
expected_wait_double,16,customer_only,none,e_only,0,81,0.0
expected_wait_double,16,customer_only,none,simultaneous,0,81,0.0
expected_wait_double,16,customer_only,none,d_to_e,0,81,0.0
expected_wait_double,16,customer_only,none,e_to_d,0,81,0.0
expected_wait_double,16,customer_only,d_only,none,0,81,0.0
expected_wait_double,16,customer_only,d_only,d_only,0,81,0.0
expected_wait_double,16,customer_only,d_only,e_only,0,81,0.0
expected_wait_double,16,customer_only,d_only,simultaneous,0,81,0.0
expected_wait_double,16,customer_only,d_only,d_to_e,0,81,0.0
expected_wait_double,16,customer_only,d_only,e_to_d,0,81,0.0
expected_wait_double,16,customer_only,e_only,none,0,81,0.0
expected_wait_double,16,customer_only,e_only,d_only,13,81,0.16049382716049382
expected_wait_double,16,customer_only,e_only,e_only,1,81,0.012345679012345678
expected_wait_double,16,customer_only,e_only,simultaneous,1,81,0.012345679012345678
expected_wait_double,16,customer_only,e_only,d_to_e,17,81,0.20987654320987653
expected_wait_double,16,customer_only,e_only,e_to_d,5,81,0.06172839506172839
expected_wait_double,16,customer_only,simultaneous,none,0,81,0.0
expected_wait_double,16,customer_only,simultaneous,d_only,0,81,0.0
expected_wait_double,16,customer_only,simultaneous,e_only,0,81,0.0
expected_wait_double,16,customer_only,simultaneous,simultaneous,0,81,0.0
expected_wait_double,16,customer_only,simultaneous,d_to_e,0,81,0.0
expected_wait_double,16,customer_only,simultaneous,e_to_d,0,81,0.0
expected_wait_double,16,customer_only,d_to_e,none,0,81,0.0
expected_wait_double,16,customer_only,d_to_e,d_only,0,81,0.0
expected_wait_double,16,customer_only,d_to_e,e_only,0,81,0.0
expected_wait_double,16,customer_only,d_to_e,simultaneous,0,81,0.0
expected_wait_double,16,customer_only,d_to_e,d_to_e,0,81,0.0
expected_wait_double,16,customer_only,d_to_e,e_to_d,0,81,0.0
expected_wait_double,16,customer_only,e_to_d,none,0,81,0.0
expected_wait_double,16,customer_only,e_to_d,d_only,0,81,0.0
expected_wait_double,16,customer_only,e_to_d,e_only,0,81,0.0
expected_wait_double,16,customer_only,e_to_d,simultaneous,0,81,0.0
expected_wait_double,16,customer_only,e_to_d,d_to_e,0,81,0.0
expected_wait_double,16,customer_only,e_to_d,e_to_d,0,81,0.0
expected_wait_double,17,domestic_only,none,none,0,85,0.0
expected_wait_double,17,domestic_only,none,d_only,0,85,0.0
expected_wait_double,17,domestic_only,none,e_only,0,85,0.0
expected_wait_double,17,domestic_only,none,simultaneous,0,85,0.0
expected_wait_double,17,domestic_only,none,d_to_e,0,85,0.0
expected_wait_double,17,domestic_only,none,e_to_d,0,85,0.0
expected_wait_double,17,domestic_only,d_only,none,0,85,0.0
expected_wait_double,17,domestic_only,d_only,d_only,54,85,0.6352941176470588
expected_wait_double,17,domestic_only,d_only,e_only,1,85,0.011764705882352941
expected_wait_double,17,domestic_only,d_only,simultaneous,3,85,0.03529411764705882
expected_wait_double,17,domestic_only,d_only,d_to_e,17,85,0.2
expected_wait_double,17,domestic_only,d_only,e_to_d,10,85,0.11764705882352941
expected_wait_double,17,domestic_only,e_only,none,0,85,0.0
expected_wait_double,17,domestic_only,e_only,d_only,0,85,0.0
expected_wait_double,17,domestic_only,e_only,e_only,0,85,0.0
expected_wait_double,17,domestic_only,e_only,simultaneous,0,85,0.0
expected_wait_double,17,domestic_only,e_only,d_to_e,0,85,0.0
expected_wait_double,17,domestic_only,e_only,e_to_d,0,85,0.0
expected_wait_double,17,domestic_only,simultaneous,none,0,85,0.0
expected_wait_double,17,domestic_only,simultaneous,d_only,0,85,0.0
expected_wait_double,17,domestic_only,simultaneous,e_only,0,85,0.0
expected_wait_double,17,domestic_only,simultaneous,simultaneous,0,85,0.0
expected_wait_double,17,domestic_only,simultaneous,d_to_e,0,85,0.0
expected_wait_double,17,domestic_only,simultaneous,e_to_d,0,85,0.0
expected_wait_double,17,domestic_only,d_to_e,none,0,85,0.0
expected_wait_double,17,domestic_only,d_to_e,d_only,0,85,0.0
expected_wait_double,17,domestic_only,d_to_e,e_only,0,85,0.0
expected_wait_double,17,domestic_only,d_to_e,simultaneous,0,85,0.0
expected_wait_double,17,domestic_only,d_to_e,d_to_e,0,85,0.0
expected_wait_double,17,domestic_only,d_to_e,e_to_d,0,85,0.0
expected_wait_double,17,domestic_only,e_to_d,none,0,85,0.0
expected_wait_double,17,domestic_only,e_to_d,d_only,0,85,0.0
expected_wait_double,17,domestic_only,e_to_d,e_only,0,85,0.0
expected_wait_double,17,domestic_only,e_to_d,simultaneous,0,85,0.0
expected_wait_double,17,domestic_only,e_to_d,d_to_e,0,85,0.0
expected_wait_double,17,domestic_only,e_to_d,e_to_d,0,85,0.0
expected_wait_double,17,customer_only,none,none,0,85,0.0
expected_wait_double,17,customer_only,none,d_only,41,85,0.4823529411764706
expected_wait_double,17,customer_only,none,e_only,0,85,0.0
expected_wait_double,17,customer_only,none,simultaneous,0,85,0.0
expected_wait_double,17,customer_only,none,d_to_e,0,85,0.0
expected_wait_double,17,customer_only,none,e_to_d,0,85,0.0
expected_wait_double,17,customer_only,d_only,none,0,85,0.0
expected_wait_double,17,customer_only,d_only,d_only,0,85,0.0
expected_wait_double,17,customer_only,d_only,e_only,0,85,0.0
expected_wait_double,17,customer_only,d_only,simultaneous,0,85,0.0
expected_wait_double,17,customer_only,d_only,d_to_e,0,85,0.0
expected_wait_double,17,customer_only,d_only,e_to_d,0,85,0.0
expected_wait_double,17,customer_only,e_only,none,0,85,0.0
expected_wait_double,17,customer_only,e_only,d_only,13,85,0.15294117647058825
expected_wait_double,17,customer_only,e_only,e_only,1,85,0.011764705882352941
expected_wait_double,17,customer_only,e_only,simultaneous,3,85,0.03529411764705882
expected_wait_double,17,customer_only,e_only,d_to_e,17,85,0.2
expected_wait_double,17,customer_only,e_only,e_to_d,10,85,0.11764705882352941
expected_wait_double,17,customer_only,simultaneous,none,0,85,0.0
expected_wait_double,17,customer_only,simultaneous,d_only,0,85,0.0
expected_wait_double,17,customer_only,simultaneous,e_only,0,85,0.0
expected_wait_double,17,customer_only,simultaneous,simultaneous,0,85,0.0
expected_wait_double,17,customer_only,simultaneous,d_to_e,0,85,0.0
expected_wait_double,17,customer_only,simultaneous,e_to_d,0,85,0.0
expected_wait_double,17,customer_only,d_to_e,none,0,85,0.0
expected_wait_double,17,customer_only,d_to_e,d_only,0,85,0.0
expected_wait_double,17,customer_only,d_to_e,e_only,0,85,0.0
expected_wait_double,17,customer_only,d_to_e,simultaneous,0,85,0.0
expected_wait_double,17,customer_only,d_to_e,d_to_e,0,85,0.0
expected_wait_double,17,customer_only,d_to_e,e_to_d,0,85,0.0
expected_wait_double,17,customer_only,e_to_d,none,0,85,0.0
expected_wait_double,17,customer_only,e_to_d,d_only,0,85,0.0
expected_wait_double,17,customer_only,e_to_d,e_only,0,85,0.0
expected_wait_double,17,customer_only,e_to_d,simultaneous,0,85,0.0
expected_wait_double,17,customer_only,e_to_d,d_to_e,0,85,0.0
expected_wait_double,17,customer_only,e_to_d,e_to_d,0,85,0.0
expected_wait_double,18,domestic_only,none,none,0,71,0.0
expected_wait_double,18,domestic_only,none,d_only,0,71,0.0
expected_wait_double,18,domestic_only,none,e_only,0,71,0.0
expected_wait_double,18,domestic_only,none,simultaneous,0,71,0.0
expected_wait_double,18,domestic_only,none,d_to_e,0,71,0.0
expected_wait_double,18,domestic_only,none,e_to_d,0,71,0.0
expected_wait_double,18,domestic_only,d_only,none,0,71,0.0
expected_wait_double,18,domestic_only,d_only,d_only,36,71,0.5070422535211268
expected_wait_double,18,domestic_only,d_only,e_only,1,71,0.014084507042253521
expected_wait_double,18,domestic_only,d_only,simultaneous,6,71,0.08450704225352113
expected_wait_double,18,domestic_only,d_only,d_to_e,22,71,0.30985915492957744
expected_wait_double,18,domestic_only,d_only,e_to_d,6,71,0.08450704225352113
expected_wait_double,18,domestic_only,e_only,none,0,71,0.0
expected_wait_double,18,domestic_only,e_only,d_only,0,71,0.0
expected_wait_double,18,domestic_only,e_only,e_only,0,71,0.0
expected_wait_double,18,domestic_only,e_only,simultaneous,0,71,0.0
expected_wait_double,18,domestic_only,e_only,d_to_e,0,71,0.0
expected_wait_double,18,domestic_only,e_only,e_to_d,0,71,0.0
expected_wait_double,18,domestic_only,simultaneous,none,0,71,0.0
expected_wait_double,18,domestic_only,simultaneous,d_only,0,71,0.0
expected_wait_double,18,domestic_only,simultaneous,e_only,0,71,0.0
expected_wait_double,18,domestic_only,simultaneous,simultaneous,0,71,0.0
expected_wait_double,18,domestic_only,simultaneous,d_to_e,0,71,0.0
expected_wait_double,18,domestic_only,simultaneous,e_to_d,0,71,0.0
expected_wait_double,18,domestic_only,d_to_e,none,0,71,0.0
expected_wait_double,18,domestic_only,d_to_e,d_only,0,71,0.0
expected_wait_double,18,domestic_only,d_to_e,e_only,0,71,0.0
expected_wait_double,18,domestic_only,d_to_e,simultaneous,0,71,0.0
expected_wait_double,18,domestic_only,d_to_e,d_to_e,0,71,0.0
expected_wait_double,18,domestic_only,d_to_e,e_to_d,0,71,0.0
expected_wait_double,18,domestic_only,e_to_d,none,0,71,0.0
expected_wait_double,18,domestic_only,e_to_d,d_only,0,71,0.0
expected_wait_double,18,domestic_only,e_to_d,e_only,0,71,0.0
expected_wait_double,18,domestic_only,e_to_d,simultaneous,0,71,0.0
expected_wait_double,18,domestic_only,e_to_d,d_to_e,0,71,0.0
expected_wait_double,18,domestic_only,e_to_d,e_to_d,0,71,0.0
expected_wait_double,18,customer_only,none,none,0,71,0.0
expected_wait_double,18,customer_only,none,d_only,18,71,0.2535211267605634
expected_wait_double,18,customer_only,none,e_only,0,71,0.0
expected_wait_double,18,customer_only,none,simultaneous,0,71,0.0
expected_wait_double,18,customer_only,none,d_to_e,0,71,0.0
expected_wait_double,18,customer_only,none,e_to_d,0,71,0.0
expected_wait_double,18,customer_only,d_only,none,0,71,0.0
expected_wait_double,18,customer_only,d_only,d_only,0,71,0.0
expected_wait_double,18,customer_only,d_only,e_only,0,71,0.0
expected_wait_double,18,customer_only,d_only,simultaneous,0,71,0.0
expected_wait_double,18,customer_only,d_only,d_to_e,0,71,0.0
expected_wait_double,18,customer_only,d_only,e_to_d,0,71,0.0
expected_wait_double,18,customer_only,e_only,none,0,71,0.0
expected_wait_double,18,customer_only,e_only,d_only,18,71,0.2535211267605634
expected_wait_double,18,customer_only,e_only,e_only,1,71,0.014084507042253521
expected_wait_double,18,customer_only,e_only,simultaneous,6,71,0.08450704225352113
expected_wait_double,18,customer_only,e_only,d_to_e,22,71,0.30985915492957744
expected_wait_double,18,customer_only,e_only,e_to_d,6,71,0.08450704225352113
expected_wait_double,18,customer_only,simultaneous,none,0,71,0.0
expected_wait_double,18,customer_only,simultaneous,d_only,0,71,0.0
expected_wait_double,18,customer_only,simultaneous,e_only,0,71,0.0
expected_wait_double,18,customer_only,simultaneous,simultaneous,0,71,0.0
expected_wait_double,18,customer_only,simultaneous,d_to_e,0,71,0.0
expected_wait_double,18,customer_only,simultaneous,e_to_d,0,71,0.0
expected_wait_double,18,customer_only,d_to_e,none,0,71,0.0
expected_wait_double,18,customer_only,d_to_e,d_only,0,71,0.0
expected_wait_double,18,customer_only,d_to_e,e_only,0,71,0.0
expected_wait_double,18,customer_only,d_to_e,simultaneous,0,71,0.0
expected_wait_double,18,customer_only,d_to_e,d_to_e,0,71,0.0
expected_wait_double,18,customer_only,d_to_e,e_to_d,0,71,0.0
expected_wait_double,18,customer_only,e_to_d,none,0,71,0.0
expected_wait_double,18,customer_only,e_to_d,d_only,0,71,0.0
expected_wait_double,18,customer_only,e_to_d,e_only,0,71,0.0
expected_wait_double,18,customer_only,e_to_d,simultaneous,0,71,0.0
expected_wait_double,18,customer_only,e_to_d,d_to_e,0,71,0.0
expected_wait_double,18,customer_only,e_to_d,e_to_d,0,71,0.0
expected_wait_double,19,domestic_only,none,none,0,75,0.0
expected_wait_double,19,domestic_only,none,d_only,0,75,0.0
expected_wait_double,19,domestic_only,none,e_only,0,75,0.0
expected_wait_double,19,domestic_only,none,simultaneous,0,75,0.0
expected_wait_double,19,domestic_only,none,d_to_e,0,75,0.0
expected_wait_double,19,domestic_only,none,e_to_d,0,75,0.0
expected_wait_double,19,domestic_only,d_only,none,0,75,0.0
expected_wait_double,19,domestic_only,d_only,d_only,41,75,0.5466666666666666
expected_wait_double,19,domestic_only,d_only,e_only,2,75,0.02666666666666667
expected_wait_double,19,domestic_only,d_only,simultaneous,7,75,0.09333333333333334
expected_wait_double,19,domestic_only,d_only,d_to_e,22,75,0.29333333333333333
expected_wait_double,19,domestic_only,d_only,e_to_d,3,75,0.04
expected_wait_double,19,domestic_only,e_only,none,0,75,0.0
expected_wait_double,19,domestic_only,e_only,d_only,0,75,0.0
expected_wait_double,19,domestic_only,e_only,e_only,0,75,0.0
expected_wait_double,19,domestic_only,e_only,simultaneous,0,75,0.0
expected_wait_double,19,domestic_only,e_only,d_to_e,0,75,0.0
expected_wait_double,19,domestic_only,e_only,e_to_d,0,75,0.0
expected_wait_double,19,domestic_only,simultaneous,none,0,75,0.0
expected_wait_double,19,domestic_only,simultaneous,d_only,0,75,0.0
expected_wait_double,19,domestic_only,simultaneous,e_only,0,75,0.0
expected_wait_double,19,domestic_only,simultaneous,simultaneous,0,75,0.0
expected_wait_double,19,domestic_only,simultaneous,d_to_e,0,75,0.0
expected_wait_double,19,domestic_only,simultaneous,e_to_d,0,75,0.0
expected_wait_double,19,domestic_only,d_to_e,none,0,75,0.0
expected_wait_double,19,domestic_only,d_to_e,d_only,0,75,0.0
expected_wait_double,19,domestic_only,d_to_e,e_only,0,75,0.0
expected_wait_double,19,domestic_only,d_to_e,simultaneous,0,75,0.0
expected_wait_double,19,domestic_only,d_to_e,d_to_e,0,75,0.0
expected_wait_double,19,domestic_only,d_to_e,e_to_d,0,75,0.0
expected_wait_double,19,domestic_only,e_to_d,none,0,75,0.0
expected_wait_double,19,domestic_only,e_to_d,d_only,0,75,0.0
expected_wait_double,19,domestic_only,e_to_d,e_only,0,75,0.0
expected_wait_double,19,domestic_only,e_to_d,simultaneous,0,75,0.0
expected_wait_double,19,domestic_only,e_to_d,d_to_e,0,75,0.0
expected_wait_double,19,domestic_only,e_to_d,e_to_d,0,75,0.0
expected_wait_double,19,customer_only,none,none,0,75,0.0
expected_wait_double,19,customer_only,none,d_only,21,75,0.28
expected_wait_double,19,customer_only,none,e_only,0,75,0.0
expected_wait_double,19,customer_only,none,simultaneous,0,75,0.0
expected_wait_double,19,customer_only,none,d_to_e,0,75,0.0
expected_wait_double,19,customer_only,none,e_to_d,0,75,0.0
expected_wait_double,19,customer_only,d_only,none,0,75,0.0
expected_wait_double,19,customer_only,d_only,d_only,0,75,0.0
expected_wait_double,19,customer_only,d_only,e_only,0,75,0.0
expected_wait_double,19,customer_only,d_only,simultaneous,0,75,0.0
expected_wait_double,19,customer_only,d_only,d_to_e,0,75,0.0
expected_wait_double,19,customer_only,d_only,e_to_d,0,75,0.0
expected_wait_double,19,customer_only,e_only,none,0,75,0.0
expected_wait_double,19,customer_only,e_only,d_only,20,75,0.26666666666666666
expected_wait_double,19,customer_only,e_only,e_only,2,75,0.02666666666666667
expected_wait_double,19,customer_only,e_only,simultaneous,7,75,0.09333333333333334
expected_wait_double,19,customer_only,e_only,d_to_e,22,75,0.29333333333333333
expected_wait_double,19,customer_only,e_only,e_to_d,3,75,0.04
expected_wait_double,19,customer_only,simultaneous,none,0,75,0.0
expected_wait_double,19,customer_only,simultaneous,d_only,0,75,0.0
expected_wait_double,19,customer_only,simultaneous,e_only,0,75,0.0
expected_wait_double,19,customer_only,simultaneous,simultaneous,0,75,0.0
expected_wait_double,19,customer_only,simultaneous,d_to_e,0,75,0.0
expected_wait_double,19,customer_only,simultaneous,e_to_d,0,75,0.0
expected_wait_double,19,customer_only,d_to_e,none,0,75,0.0
expected_wait_double,19,customer_only,d_to_e,d_only,0,75,0.0
expected_wait_double,19,customer_only,d_to_e,e_only,0,75,0.0
expected_wait_double,19,customer_only,d_to_e,simultaneous,0,75,0.0
expected_wait_double,19,customer_only,d_to_e,d_to_e,0,75,0.0
expected_wait_double,19,customer_only,d_to_e,e_to_d,0,75,0.0
expected_wait_double,19,customer_only,e_to_d,none,0,75,0.0
expected_wait_double,19,customer_only,e_to_d,d_only,0,75,0.0
expected_wait_double,19,customer_only,e_to_d,e_only,0,75,0.0
expected_wait_double,19,customer_only,e_to_d,simultaneous,0,75,0.0
expected_wait_double,19,customer_only,e_to_d,d_to_e,0,75,0.0
expected_wait_double,19,customer_only,e_to_d,e_to_d,0,75,0.0
symmetric,0,domestic_only,none,none,0,69,0.0
symmetric,0,domestic_only,none,d_only,0,69,0.0
symmetric,0,domestic_only,none,e_only,1,69,0.014492753623188406
symmetric,0,domestic_only,none,simultaneous,0,69,0.0
symmetric,0,domestic_only,none,d_to_e,0,69,0.0
symmetric,0,domestic_only,none,e_to_d,0,69,0.0
symmetric,0,domestic_only,d_only,none,0,69,0.0
symmetric,0,domestic_only,d_only,d_only,14,69,0.2028985507246377
symmetric,0,domestic_only,d_only,e_only,12,69,0.17391304347826086
symmetric,0,domestic_only,d_only,simultaneous,14,69,0.2028985507246377
symmetric,0,domestic_only,d_only,d_to_e,14,69,0.2028985507246377
symmetric,0,domestic_only,d_only,e_to_d,14,69,0.2028985507246377
symmetric,0,domestic_only,e_only,none,0,69,0.0
symmetric,0,domestic_only,e_only,d_only,0,69,0.0
symmetric,0,domestic_only,e_only,e_only,0,69,0.0
symmetric,0,domestic_only,e_only,simultaneous,0,69,0.0
symmetric,0,domestic_only,e_only,d_to_e,0,69,0.0
symmetric,0,domestic_only,e_only,e_to_d,0,69,0.0
symmetric,0,domestic_only,simultaneous,none,0,69,0.0
symmetric,0,domestic_only,simultaneous,d_only,0,69,0.0
symmetric,0,domestic_only,simultaneous,e_only,0,69,0.0
symmetric,0,domestic_only,simultaneous,simultaneous,0,69,0.0
symmetric,0,domestic_only,simultaneous,d_to_e,0,69,0.0
symmetric,0,domestic_only,simultaneous,e_to_d,0,69,0.0
symmetric,0,domestic_only,d_to_e,none,0,69,0.0
symmetric,0,domestic_only,d_to_e,d_only,0,69,0.0
symmetric,0,domestic_only,d_to_e,e_only,0,69,0.0
symmetric,0,domestic_only,d_to_e,simultaneous,0,69,0.0
symmetric,0,domestic_only,d_to_e,d_to_e,0,69,0.0
symmetric,0,domestic_only,d_to_e,e_to_d,0,69,0.0
symmetric,0,domestic_only,e_to_d,none,0,69,0.0
symmetric,0,domestic_only,e_to_d,d_only,0,69,0.0
symmetric,0,domestic_only,e_to_d,e_only,0,69,0.0
symmetric,0,domestic_only,e_to_d,simultaneous,0,69,0.0
symmetric,0,domestic_only,e_to_d,d_to_e,0,69,0.0
symmetric,0,domestic_only,e_to_d,e_to_d,0,69,0.0
symmetric,0,customer_only,none,none,0,69,0.0
symmetric,0,customer_only,none,d_only,0,69,0.0
symmetric,0,customer_only,none,e_only,0,69,0.0
symmetric,0,customer_only,none,simultaneous,0,69,0.0
symmetric,0,customer_only,none,d_to_e,0,69,0.0
symmetric,0,customer_only,none,e_to_d,0,69,0.0
symmetric,0,customer_only,d_only,none,0,69,0.0
symmetric,0,customer_only,d_only,d_only,0,69,0.0
symmetric,0,customer_only,d_only,e_only,0,69,0.0
symmetric,0,customer_only,d_only,simultaneous,0,69,0.0
symmetric,0,customer_only,d_only,d_to_e,0,69,0.0
symmetric,0,customer_only,d_only,e_to_d,0,69,0.0
symmetric,0,customer_only,e_only,none,0,69,0.0
symmetric,0,customer_only,e_only,d_only,14,69,0.2028985507246377
symmetric,0,customer_only,e_only,e_only,13,69,0.18840579710144928
symmetric,0,customer_only,e_only,simultaneous,14,69,0.2028985507246377
symmetric,0,customer_only,e_only,d_to_e,14,69,0.2028985507246377
symmetric,0,customer_only,e_only,e_to_d,14,69,0.2028985507246377
symmetric,0,customer_only,simultaneous,none,0,69,0.0
symmetric,0,customer_only,simultaneous,d_only,0,69,0.0
symmetric,0,customer_only,simultaneous,e_only,0,69,0.0
symmetric,0,customer_only,simultaneous,simultaneous,0,69,0.0
symmetric,0,customer_only,simultaneous,d_to_e,0,69,0.0
symmetric,0,customer_only,simultaneous,e_to_d,0,69,0.0
symmetric,0,customer_only,d_to_e,none,0,69,0.0
symmetric,0,customer_only,d_to_e,d_only,0,69,0.0
symmetric,0,customer_only,d_to_e,e_only,0,69,0.0
symmetric,0,customer_only,d_to_e,simultaneous,0,69,0.0
symmetric,0,customer_only,d_to_e,d_to_e,0,69,0.0
symmetric,0,customer_only,d_to_e,e_to_d,0,69,0.0
symmetric,0,customer_only,e_to_d,none,0,69,0.0
symmetric,0,customer_only,e_to_d,d_only,0,69,0.0
symmetric,0,customer_only,e_to_d,e_only,0,69,0.0
symmetric,0,customer_only,e_to_d,simultaneous,0,69,0.0
symmetric,0,customer_only,e_to_d,d_to_e,0,69,0.0
symmetric,0,customer_only,e_to_d,e_to_d,0,69,0.0
symmetric,1,domestic_only,none,none,0,81,0.0
symmetric,1,domestic_only,none,d_only,0,81,0.0
symmetric,1,domestic_only,none,e_only,2,81,0.024691358024691357
symmetric,1,domestic_only,none,simultaneous,0,81,0.0
symmetric,1,domestic_only,none,d_to_e,0,81,0.0
symmetric,1,domestic_only,none,e_to_d,0,81,0.0
symmetric,1,domestic_only,d_only,none,0,81,0.0
symmetric,1,domestic_only,d_only,d_only,12,81,0.14814814814814814
symmetric,1,domestic_only,d_only,e_only,13,81,0.16049382716049382
symmetric,1,domestic_only,d_only,simultaneous,16,81,0.19753086419753085
symmetric,1,domestic_only,d_only,d_to_e,19,81,0.2345679012345679
symmetric,1,domestic_only,d_only,e_to_d,19,81,0.2345679012345679
symmetric,1,domestic_only,e_only,none,0,81,0.0
symmetric,1,domestic_only,e_only,d_only,0,81,0.0
symmetric,1,domestic_only,e_only,e_only,0,81,0.0
symmetric,1,domestic_only,e_only,simultaneous,0,81,0.0
symmetric,1,domestic_only,e_only,d_to_e,0,81,0.0
symmetric,1,domestic_only,e_only,e_to_d,0,81,0.0
symmetric,1,domestic_only,simultaneous,none,0,81,0.0
symmetric,1,domestic_only,simultaneous,d_only,0,81,0.0
symmetric,1,domestic_only,simultaneous,e_only,0,81,0.0
symmetric,1,domestic_only,simultaneous,simultaneous,0,81,0.0
symmetric,1,domestic_only,simultaneous,d_to_e,0,81,0.0
symmetric,1,domestic_only,simultaneous,e_to_d,0,81,0.0
symmetric,1,domestic_only,d_to_e,none,0,81,0.0
symmetric,1,domestic_only,d_to_e,d_only,0,81,0.0
symmetric,1,domestic_only,d_to_e,e_only,0,81,0.0
symmetric,1,domestic_only,d_to_e,simultaneous,0,81,0.0
symmetric,1,domestic_only,d_to_e,d_to_e,0,81,0.0
symmetric,1,domestic_only,d_to_e,e_to_d,0,81,0.0
symmetric,1,domestic_only,e_to_d,none,0,81,0.0
symmetric,1,domestic_only,e_to_d,d_only,0,81,0.0
symmetric,1,domestic_only,e_to_d,e_only,0,81,0.0
symmetric,1,domestic_only,e_to_d,simultaneous,0,81,0.0
symmetric,1,domestic_only,e_to_d,d_to_e,0,81,0.0
symmetric,1,domestic_only,e_to_d,e_to_d,0,81,0.0
symmetric,1,customer_only,none,none,0,81,0.0
symmetric,1,customer_only,none,d_only,3,81,0.037037037037037035
symmetric,1,customer_only,none,e_only,0,81,0.0
symmetric,1,customer_only,none,simultaneous,0,81,0.0
symmetric,1,customer_only,none,d_to_e,0,81,0.0
symmetric,1,customer_only,none,e_to_d,0,81,0.0
symmetric,1,customer_only,d_only,none,0,81,0.0
symmetric,1,customer_only,d_only,d_only,0,81,0.0
symmetric,1,customer_only,d_only,e_only,0,81,0.0
symmetric,1,customer_only,d_only,simultaneous,0,81,0.0
symmetric,1,customer_only,d_only,d_to_e,0,81,0.0
symmetric,1,customer_only,d_only,e_to_d,0,81,0.0
symmetric,1,customer_only,e_only,none,0,81,0.0
symmetric,1,customer_only,e_only,d_only,9,81,0.1111111111111111
symmetric,1,customer_only,e_only,e_only,15,81,0.18518518518518517
symmetric,1,customer_only,e_only,simultaneous,16,81,0.19753086419753085
symmetric,1,customer_only,e_only,d_to_e,19,81,0.2345679012345679
symmetric,1,customer_only,e_only,e_to_d,19,81,0.2345679012345679
symmetric,1,customer_only,simultaneous,none,0,81,0.0
symmetric,1,customer_only,simultaneous,d_only,0,81,0.0
symmetric,1,customer_only,simultaneous,e_only,0,81,0.0
symmetric,1,customer_only,simultaneous,simultaneous,0,81,0.0
symmetric,1,customer_only,simultaneous,d_to_e,0,81,0.0
symmetric,1,customer_only,simultaneous,e_to_d,0,81,0.0
symmetric,1,customer_only,d_to_e,none,0,81,0.0
symmetric,1,customer_only,d_to_e,d_only,0,81,0.0
symmetric,1,customer_only,d_to_e,e_only,0,81,0.0
symmetric,1,customer_only,d_to_e,simultaneous,0,81,0.0
symmetric,1,customer_only,d_to_e,d_to_e,0,81,0.0
symmetric,1,customer_only,d_to_e,e_to_d,0,81,0.0
symmetric,1,customer_only,e_to_d,none,0,81,0.0
symmetric,1,customer_only,e_to_d,d_only,0,81,0.0
symmetric,1,customer_only,e_to_d,e_only,0,81,0.0
symmetric,1,customer_only,e_to_d,simultaneous,0,81,0.0
symmetric,1,customer_only,e_to_d,d_to_e,0,81,0.0
symmetric,1,customer_only,e_to_d,e_to_d,0,81,0.0
symmetric,2,domestic_only,none,none,1,75,0.013333333333333334
symmetric,2,domestic_only,none,d_only,0,75,0.0
symmetric,2,domestic_only,none,e_only,3,75,0.04
symmetric,2,domestic_only,none,simultaneous,0,75,0.0
symmetric,2,domestic_only,none,d_to_e,0,75,0.0
symmetric,2,domestic_only,none,e_to_d,0,75,0.0
symmetric,2,domestic_only,d_only,none,0,75,0.0
symmetric,2,domestic_only,d_only,d_only,12,75,0.16
symmetric,2,domestic_only,d_only,e_only,9,75,0.12
symmetric,2,domestic_only,d_only,simultaneous,8,75,0.10666666666666667
symmetric,2,domestic_only,d_only,d_to_e,17,75,0.22666666666666666
symmetric,2,domestic_only,d_only,e_to_d,25,75,0.3333333333333333
symmetric,2,domestic_only,e_only,none,0,75,0.0
symmetric,2,domestic_only,e_only,d_only,0,75,0.0
symmetric,2,domestic_only,e_only,e_only,0,75,0.0
symmetric,2,domestic_only,e_only,simultaneous,0,75,0.0
symmetric,2,domestic_only,e_only,d_to_e,0,75,0.0
symmetric,2,domestic_only,e_only,e_to_d,0,75,0.0
symmetric,2,domestic_only,simultaneous,none,0,75,0.0
symmetric,2,domestic_only,simultaneous,d_only,0,75,0.0
symmetric,2,domestic_only,simultaneous,e_only,0,75,0.0
symmetric,2,domestic_only,simultaneous,simultaneous,0,75,0.0
symmetric,2,domestic_only,simultaneous,d_to_e,0,75,0.0
symmetric,2,domestic_only,simultaneous,e_to_d,0,75,0.0
symmetric,2,domestic_only,d_to_e,none,0,75,0.0
symmetric,2,domestic_only,d_to_e,d_only,0,75,0.0
symmetric,2,domestic_only,d_to_e,e_only,0,75,0.0
symmetric,2,domestic_only,d_to_e,simultaneous,0,75,0.0
symmetric,2,domestic_only,d_to_e,d_to_e,0,75,0.0
symmetric,2,domestic_only,d_to_e,e_to_d,0,75,0.0
symmetric,2,domestic_only,e_to_d,none,0,75,0.0
symmetric,2,domestic_only,e_to_d,d_only,0,75,0.0
symmetric,2,domestic_only,e_to_d,e_only,0,75,0.0
symmetric,2,domestic_only,e_to_d,simultaneous,0,75,0.0
symmetric,2,domestic_only,e_to_d,d_to_e,0,75,0.0
symmetric,2,domestic_only,e_to_d,e_to_d,0,75,0.0
symmetric,2,customer_only,none,none,1,75,0.013333333333333334
symmetric,2,customer_only,none,d_only,2,75,0.02666666666666667
symmetric,2,customer_only,none,e_only,0,75,0.0
symmetric,2,customer_only,none,simultaneous,0,75,0.0
symmetric,2,customer_only,none,d_to_e,0,75,0.0
symmetric,2,customer_only,none,e_to_d,0,75,0.0
symmetric,2,customer_only,d_only,none,0,75,0.0
symmetric,2,customer_only,d_only,d_only,0,75,0.0
symmetric,2,customer_only,d_only,e_only,0,75,0.0
symmetric,2,customer_only,d_only,simultaneous,0,75,0.0
symmetric,2,customer_only,d_only,d_to_e,0,75,0.0
symmetric,2,customer_only,d_only,e_to_d,0,75,0.0
symmetric,2,customer_only,e_only,none,0,75,0.0
symmetric,2,customer_only,e_only,d_only,10,75,0.13333333333333333
symmetric,2,customer_only,e_only,e_only,12,75,0.16
symmetric,2,customer_only,e_only,simultaneous,8,75,0.10666666666666667
symmetric,2,customer_only,e_only,d_to_e,17,75,0.22666666666666666
symmetric,2,customer_only,e_only,e_to_d,25,75,0.3333333333333333
symmetric,2,customer_only,simultaneous,none,0,75,0.0
symmetric,2,customer_only,simultaneous,d_only,0,75,0.0
symmetric,2,customer_only,simultaneous,e_only,0,75,0.0
symmetric,2,customer_only,simultaneous,simultaneous,0,75,0.0
symmetric,2,customer_only,simultaneous,d_to_e,0,75,0.0
symmetric,2,customer_only,simultaneous,e_to_d,0,75,0.0
symmetric,2,customer_only,d_to_e,none,0,75,0.0
symmetric,2,customer_only,d_to_e,d_only,0,75,0.0
symmetric,2,customer_only,d_to_e,e_only,0,75,0.0
symmetric,2,customer_only,d_to_e,simultaneous,0,75,0.0
symmetric,2,customer_only,d_to_e,d_to_e,0,75,0.0
symmetric,2,customer_only,d_to_e,e_to_d,0,75,0.0
symmetric,2,customer_only,e_to_d,none,0,75,0.0
symmetric,2,customer_only,e_to_d,d_only,0,75,0.0
symmetric,2,customer_only,e_to_d,e_only,0,75,0.0
symmetric,2,customer_only,e_to_d,simultaneous,0,75,0.0
symmetric,2,customer_only,e_to_d,d_to_e,0,75,0.0
symmetric,2,customer_only,e_to_d,e_to_d,0,75,0.0
symmetric,3,domestic_only,none,none,0,84,0.0
symmetric,3,domestic_only,none,d_only,0,84,0.0
symmetric,3,domestic_only,none,e_only,5,84,0.05952380952380952
symmetric,3,domestic_only,none,simultaneous,0,84,0.0
symmetric,3,domestic_only,none,d_to_e,0,84,0.0
symmetric,3,domestic_only,none,e_to_d,0,84,0.0
symmetric,3,domestic_only,d_only,none,0,84,0.0
symmetric,3,domestic_only,d_only,d_only,20,84,0.23809523809523808
symmetric,3,domestic_only,d_only,e_only,13,84,0.15476190476190477
symmetric,3,domestic_only,d_only,simultaneous,14,84,0.16666666666666666
symmetric,3,domestic_only,d_only,d_to_e,18,84,0.21428571428571427
symmetric,3,domestic_only,d_only,e_to_d,14,84,0.16666666666666666
symmetric,3,domestic_only,e_only,none,0,84,0.0
symmetric,3,domestic_only,e_only,d_only,0,84,0.0
symmetric,3,domestic_only,e_only,e_only,0,84,0.0
symmetric,3,domestic_only,e_only,simultaneous,0,84,0.0
symmetric,3,domestic_only,e_only,d_to_e,0,84,0.0
symmetric,3,domestic_only,e_only,e_to_d,0,84,0.0
symmetric,3,domestic_only,simultaneous,none,0,84,0.0
symmetric,3,domestic_only,simultaneous,d_only,0,84,0.0
symmetric,3,domestic_only,simultaneous,e_only,0,84,0.0
symmetric,3,domestic_only,simultaneous,simultaneous,0,84,0.0
symmetric,3,domestic_only,simultaneous,d_to_e,0,84,0.0
symmetric,3,domestic_only,simultaneous,e_to_d,0,84,0.0
symmetric,3,domestic_only,d_to_e,none,0,84,0.0
symmetric,3,domestic_only,d_to_e,d_only,0,84,0.0
symmetric,3,domestic_only,d_to_e,e_only,0,84,0.0
symmetric,3,domestic_only,d_to_e,simultaneous,0,84,0.0
symmetric,3,domestic_only,d_to_e,d_to_e,0,84,0.0
symmetric,3,domestic_only,d_to_e,e_to_d,0,84,0.0
symmetric,3,domestic_only,e_to_d,none,0,84,0.0
symmetric,3,domestic_only,e_to_d,d_only,0,84,0.0
symmetric,3,domestic_only,e_to_d,e_only,0,84,0.0
symmetric,3,domestic_only,e_to_d,simultaneous,0,84,0.0
symmetric,3,domestic_only,e_to_d,d_to_e,0,84,0.0
symmetric,3,domestic_only,e_to_d,e_to_d,0,84,0.0
symmetric,3,customer_only,none,none,0,84,0.0
symmetric,3,customer_only,none,d_only,1,84,0.011904761904761904
symmetric,3,customer_only,none,e_only,0,84,0.0
symmetric,3,customer_only,none,simultaneous,0,84,0.0
symmetric,3,customer_only,none,d_to_e,0,84,0.0
symmetric,3,customer_only,none,e_to_d,0,84,0.0
symmetric,3,customer_only,d_only,none,0,84,0.0
symmetric,3,customer_only,d_only,d_only,0,84,0.0
symmetric,3,customer_only,d_only,e_only,0,84,0.0
symmetric,3,customer_only,d_only,simultaneous,0,84,0.0
symmetric,3,customer_only,d_only,d_to_e,0,84,0.0
symmetric,3,customer_only,d_only,e_to_d,0,84,0.0
symmetric,3,customer_only,e_only,none,0,84,0.0
symmetric,3,customer_only,e_only,d_only,19,84,0.2261904761904762
symmetric,3,customer_only,e_only,e_only,18,84,0.21428571428571427
symmetric,3,customer_only,e_only,simultaneous,14,84,0.16666666666666666
symmetric,3,customer_only,e_only,d_to_e,18,84,0.21428571428571427
symmetric,3,customer_only,e_only,e_to_d,14,84,0.16666666666666666
symmetric,3,customer_only,simultaneous,none,0,84,0.0
symmetric,3,customer_only,simultaneous,d_only,0,84,0.0
symmetric,3,customer_only,simultaneous,e_only,0,84,0.0
symmetric,3,customer_only,simultaneous,simultaneous,0,84,0.0
symmetric,3,customer_only,simultaneous,d_to_e,0,84,0.0
symmetric,3,customer_only,simultaneous,e_to_d,0,84,0.0
symmetric,3,customer_only,d_to_e,none,0,84,0.0
symmetric,3,customer_only,d_to_e,d_only,0,84,0.0
symmetric,3,customer_only,d_to_e,e_only,0,84,0.0
symmetric,3,customer_only,d_to_e,simultaneous,0,84,0.0
symmetric,3,customer_only,d_to_e,d_to_e,0,84,0.0
symmetric,3,customer_only,d_to_e,e_to_d,0,84,0.0
symmetric,3,customer_only,e_to_d,none,0,84,0.0
symmetric,3,customer_only,e_to_d,d_only,0,84,0.0
symmetric,3,customer_only,e_to_d,e_only,0,84,0.0
symmetric,3,customer_only,e_to_d,simultaneous,0,84,0.0
symmetric,3,customer_only,e_to_d,d_to_e,0,84,0.0
symmetric,3,customer_only,e_to_d,e_to_d,0,84,0.0
symmetric,4,domestic_only,none,none,0,82,0.0
symmetric,4,domestic_only,none,d_only,0,82,0.0
symmetric,4,domestic_only,none,e_only,5,82,0.06097560975609756
symmetric,4,domestic_only,none,simultaneous,0,82,0.0
symmetric,4,domestic_only,none,d_to_e,0,82,0.0
symmetric,4,domestic_only,none,e_to_d,0,82,0.0
symmetric,4,domestic_only,d_only,none,0,82,0.0
symmetric,4,domestic_only,d_only,d_only,13,82,0.15853658536585366
symmetric,4,domestic_only,d_only,e_only,12,82,0.14634146341463414
symmetric,4,domestic_only,d_only,simultaneous,13,82,0.15853658536585366
symmetric,4,domestic_only,d_only,d_to_e,17,82,0.2073170731707317
symmetric,4,domestic_only,d_only,e_to_d,22,82,0.2682926829268293
symmetric,4,domestic_only,e_only,none,0,82,0.0
symmetric,4,domestic_only,e_only,d_only,0,82,0.0
symmetric,4,domestic_only,e_only,e_only,0,82,0.0
symmetric,4,domestic_only,e_only,simultaneous,0,82,0.0
symmetric,4,domestic_only,e_only,d_to_e,0,82,0.0
symmetric,4,domestic_only,e_only,e_to_d,0,82,0.0
symmetric,4,domestic_only,simultaneous,none,0,82,0.0
symmetric,4,domestic_only,simultaneous,d_only,0,82,0.0
symmetric,4,domestic_only,simultaneous,e_only,0,82,0.0
symmetric,4,domestic_only,simultaneous,simultaneous,0,82,0.0
symmetric,4,domestic_only,simultaneous,d_to_e,0,82,0.0
symmetric,4,domestic_only,simultaneous,e_to_d,0,82,0.0
symmetric,4,domestic_only,d_to_e,none,0,82,0.0
symmetric,4,domestic_only,d_to_e,d_only,0,82,0.0
symmetric,4,domestic_only,d_to_e,e_only,0,82,0.0
symmetric,4,domestic_only,d_to_e,simultaneous,0,82,0.0
symmetric,4,domestic_only,d_to_e,d_to_e,0,82,0.0
symmetric,4,domestic_only,d_to_e,e_to_d,0,82,0.0
symmetric,4,domestic_only,e_to_d,none,0,82,0.0
symmetric,4,domestic_only,e_to_d,d_only,0,82,0.0
symmetric,4,domestic_only,e_to_d,e_only,0,82,0.0
symmetric,4,domestic_only,e_to_d,simultaneous,0,82,0.0
symmetric,4,domestic_only,e_to_d,d_to_e,0,82,0.0
symmetric,4,domestic_only,e_to_d,e_to_d,0,82,0.0
symmetric,4,customer_only,none,none,0,82,0.0
symmetric,4,customer_only,none,d_only,4,82,0.04878048780487805
symmetric,4,customer_only,none,e_only,0,82,0.0
symmetric,4,customer_only,none,simultaneous,0,82,0.0
symmetric,4,customer_only,none,d_to_e,0,82,0.0
symmetric,4,customer_only,none,e_to_d,0,82,0.0
symmetric,4,customer_only,d_only,none,0,82,0.0
symmetric,4,customer_only,d_only,d_only,0,82,0.0
symmetric,4,customer_only,d_only,e_only,0,82,0.0
symmetric,4,customer_only,d_only,simultaneous,0,82,0.0
symmetric,4,customer_only,d_only,d_to_e,0,82,0.0
symmetric,4,customer_only,d_only,e_to_d,0,82,0.0
symmetric,4,customer_only,e_only,none,0,82,0.0
symmetric,4,customer_only,e_only,d_only,9,82,0.10975609756097561
symmetric,4,customer_only,e_only,e_only,17,82,0.2073170731707317
symmetric,4,customer_only,e_only,simultaneous,13,82,0.15853658536585366
symmetric,4,customer_only,e_only,d_to_e,17,82,0.2073170731707317
symmetric,4,customer_only,e_only,e_to_d,22,82,0.2682926829268293
symmetric,4,customer_only,simultaneous,none,0,82,0.0
symmetric,4,customer_only,simultaneous,d_only,0,82,0.0
symmetric,4,customer_only,simultaneous,e_only,0,82,0.0
symmetric,4,customer_only,simultaneous,simultaneous,0,82,0.0
symmetric,4,customer_only,simultaneous,d_to_e,0,82,0.0
symmetric,4,customer_only,simultaneous,e_to_d,0,82,0.0
symmetric,4,customer_only,d_to_e,none,0,82,0.0
symmetric,4,customer_only,d_to_e,d_only,0,82,0.0
symmetric,4,customer_only,d_to_e,e_only,0,82,0.0
symmetric,4,customer_only,d_to_e,simultaneous,0,82,0.0
symmetric,4,customer_only,d_to_e,d_to_e,0,82,0.0
symmetric,4,customer_only,d_to_e,e_to_d,0,82,0.0
symmetric,4,customer_only,e_to_d,none,0,82,0.0
symmetric,4,customer_only,e_to_d,d_only,0,82,0.0
symmetric,4,customer_only,e_to_d,e_only,0,82,0.0
symmetric,4,customer_only,e_to_d,simultaneous,0,82,0.0
symmetric,4,customer_only,e_to_d,d_to_e,0,82,0.0
symmetric,4,customer_only,e_to_d,e_to_d,0,82,0.0
symmetric,5,domestic_only,none,none,0,85,0.0
symmetric,5,domestic_only,none,d_only,0,85,0.0
symmetric,5,domestic_only,none,e_only,5,85,0.058823529411764705
symmetric,5,domestic_only,none,simultaneous,0,85,0.0
symmetric,5,domestic_only,none,d_to_e,0,85,0.0
symmetric,5,domestic_only,none,e_to_d,0,85,0.0
symmetric,5,domestic_only,d_only,none,0,85,0.0
symmetric,5,domestic_only,d_only,d_only,25,85,0.29411764705882354
symmetric,5,domestic_only,d_only,e_only,9,85,0.10588235294117647
symmetric,5,domestic_only,d_only,simultaneous,9,85,0.10588235294117647
symmetric,5,domestic_only,d_only,d_to_e,17,85,0.2
symmetric,5,domestic_only,d_only,e_to_d,20,85,0.23529411764705882
symmetric,5,domestic_only,e_only,none,0,85,0.0
symmetric,5,domestic_only,e_only,d_only,0,85,0.0
symmetric,5,domestic_only,e_only,e_only,0,85,0.0
symmetric,5,domestic_only,e_only,simultaneous,0,85,0.0
symmetric,5,domestic_only,e_only,d_to_e,0,85,0.0
symmetric,5,domestic_only,e_only,e_to_d,0,85,0.0
symmetric,5,domestic_only,simultaneous,none,0,85,0.0
symmetric,5,domestic_only,simultaneous,d_only,0,85,0.0
symmetric,5,domestic_only,simultaneous,e_only,0,85,0.0
symmetric,5,domestic_only,simultaneous,simultaneous,0,85,0.0
symmetric,5,domestic_only,simultaneous,d_to_e,0,85,0.0
symmetric,5,domestic_only,simultaneous,e_to_d,0,85,0.0
symmetric,5,domestic_only,d_to_e,none,0,85,0.0
symmetric,5,domestic_only,d_to_e,d_only,0,85,0.0
symmetric,5,domestic_only,d_to_e,e_only,0,85,0.0
symmetric,5,domestic_only,d_to_e,simultaneous,0,85,0.0
symmetric,5,domestic_only,d_to_e,d_to_e,0,85,0.0
symmetric,5,domestic_only,d_to_e,e_to_d,0,85,0.0
symmetric,5,domestic_only,e_to_d,none,0,85,0.0
symmetric,5,domestic_only,e_to_d,d_only,0,85,0.0
symmetric,5,domestic_only,e_to_d,e_only,0,85,0.0
symmetric,5,domestic_only,e_to_d,simultaneous,0,85,0.0
symmetric,5,domestic_only,e_to_d,d_to_e,0,85,0.0
symmetric,5,domestic_only,e_to_d,e_to_d,0,85,0.0
symmetric,5,customer_only,none,none,0,85,0.0
symmetric,5,customer_only,none,d_only,4,85,0.047058823529411764
symmetric,5,customer_only,none,e_only,0,85,0.0
symmetric,5,customer_only,none,simultaneous,0,85,0.0
symmetric,5,customer_only,none,d_to_e,0,85,0.0
symmetric,5,customer_only,none,e_to_d,0,85,0.0
symmetric,5,customer_only,d_only,none,0,85,0.0
symmetric,5,customer_only,d_only,d_only,0,85,0.0
symmetric,5,customer_only,d_only,e_only,0,85,0.0
symmetric,5,customer_only,d_only,simultaneous,0,85,0.0
symmetric,5,customer_only,d_only,d_to_e,0,85,0.0
symmetric,5,customer_only,d_only,e_to_d,0,85,0.0
symmetric,5,customer_only,e_only,none,0,85,0.0
symmetric,5,customer_only,e_only,d_only,21,85,0.24705882352941178
symmetric,5,customer_only,e_only,e_only,14,85,0.16470588235294117
symmetric,5,customer_only,e_only,simultaneous,9,85,0.10588235294117647
symmetric,5,customer_only,e_only,d_to_e,17,85,0.2
symmetric,5,customer_only,e_only,e_to_d,20,85,0.23529411764705882
symmetric,5,customer_only,simultaneous,none,0,85,0.0
symmetric,5,customer_only,simultaneous,d_only,0,85,0.0
symmetric,5,customer_only,simultaneous,e_only,0,85,0.0
symmetric,5,customer_only,simultaneous,simultaneous,0,85,0.0
symmetric,5,customer_only,simultaneous,d_to_e,0,85,0.0
symmetric,5,customer_only,simultaneous,e_to_d,0,85,0.0
symmetric,5,customer_only,d_to_e,none,0,85,0.0
symmetric,5,customer_only,d_to_e,d_only,0,85,0.0
symmetric,5,customer_only,d_to_e,e_only,0,85,0.0
symmetric,5,customer_only,d_to_e,simultaneous,0,85,0.0
symmetric,5,customer_only,d_to_e,d_to_e,0,85,0.0
symmetric,5,customer_only,d_to_e,e_to_d,0,85,0.0
symmetric,5,customer_only,e_to_d,none,0,85,0.0
symmetric,5,customer_only,e_to_d,d_only,0,85,0.0
symmetric,5,customer_only,e_to_d,e_only,0,85,0.0
symmetric,5,customer_only,e_to_d,simultaneous,0,85,0.0
symmetric,5,customer_only,e_to_d,d_to_e,0,85,0.0
symmetric,5,customer_only,e_to_d,e_to_d,0,85,0.0
symmetric,6,domestic_only,none,none,0,86,0.0
symmetric,6,domestic_only,none,d_only,0,86,0.0
symmetric,6,domestic_only,none,e_only,6,86,0.06976744186046512
symmetric,6,domestic_only,none,simultaneous,0,86,0.0
symmetric,6,domestic_only,none,d_to_e,0,86,0.0
symmetric,6,domestic_only,none,e_to_d,0,86,0.0
symmetric,6,domestic_only,d_only,none,0,86,0.0
symmetric,6,domestic_only,d_only,d_only,21,86,0.2441860465116279
symmetric,6,domestic_only,d_only,e_only,14,86,0.16279069767441862
symmetric,6,domestic_only,d_only,simultaneous,11,86,0.12790697674418605
symmetric,6,domestic_only,d_only,d_to_e,18,86,0.20930232558139536
symmetric,6,domestic_only,d_only,e_to_d,16,86,0.18604651162790697
symmetric,6,domestic_only,e_only,none,0,86,0.0
symmetric,6,domestic_only,e_only,d_only,0,86,0.0
symmetric,6,domestic_only,e_only,e_only,0,86,0.0
symmetric,6,domestic_only,e_only,simultaneous,0,86,0.0
symmetric,6,domestic_only,e_only,d_to_e,0,86,0.0
symmetric,6,domestic_only,e_only,e_to_d,0,86,0.0
symmetric,6,domestic_only,simultaneous,none,0,86,0.0
symmetric,6,domestic_only,simultaneous,d_only,0,86,0.0
symmetric,6,domestic_only,simultaneous,e_only,0,86,0.0
symmetric,6,domestic_only,simultaneous,simultaneous,0,86,0.0
symmetric,6,domestic_only,simultaneous,d_to_e,0,86,0.0
symmetric,6,domestic_only,simultaneous,e_to_d,0,86,0.0
symmetric,6,domestic_only,d_to_e,none,0,86,0.0
symmetric,6,domestic_only,d_to_e,d_only,0,86,0.0
symmetric,6,domestic_only,d_to_e,e_only,0,86,0.0
symmetric,6,domestic_only,d_to_e,simultaneous,0,86,0.0
symmetric,6,domestic_only,d_to_e,d_to_e,0,86,0.0
symmetric,6,domestic_only,d_to_e,e_to_d,0,86,0.0
symmetric,6,domestic_only,e_to_d,none,0,86,0.0
symmetric,6,domestic_only,e_to_d,d_only,0,86,0.0
symmetric,6,domestic_only,e_to_d,e_only,0,86,0.0
symmetric,6,domestic_only,e_to_d,simultaneous,0,86,0.0
symmetric,6,domestic_only,e_to_d,d_to_e,0,86,0.0
symmetric,6,domestic_only,e_to_d,e_to_d,0,86,0.0
symmetric,6,customer_only,none,none,0,86,0.0
symmetric,6,customer_only,none,d_only,6,86,0.06976744186046512
symmetric,6,customer_only,none,e_only,0,86,0.0
symmetric,6,customer_only,none,simultaneous,0,86,0.0
symmetric,6,customer_only,none,d_to_e,0,86,0.0
symmetric,6,customer_only,none,e_to_d,0,86,0.0
symmetric,6,customer_only,d_only,none,0,86,0.0
symmetric,6,customer_only,d_only,d_only,0,86,0.0
symmetric,6,customer_only,d_only,e_only,0,86,0.0
symmetric,6,customer_only,d_only,simultaneous,0,86,0.0
symmetric,6,customer_only,d_only,d_to_e,0,86,0.0
symmetric,6,customer_only,d_only,e_to_d,0,86,0.0
symmetric,6,customer_only,e_only,none,0,86,0.0
symmetric,6,customer_only,e_only,d_only,15,86,0.1744186046511628
symmetric,6,customer_only,e_only,e_only,20,86,0.23255813953488372
symmetric,6,customer_only,e_only,simultaneous,11,86,0.12790697674418605
symmetric,6,customer_only,e_only,d_to_e,18,86,0.20930232558139536
symmetric,6,customer_only,e_only,e_to_d,16,86,0.18604651162790697
symmetric,6,customer_only,simultaneous,none,0,86,0.0
symmetric,6,customer_only,simultaneous,d_only,0,86,0.0
symmetric,6,customer_only,simultaneous,e_only,0,86,0.0
symmetric,6,customer_only,simultaneous,simultaneous,0,86,0.0
symmetric,6,customer_only,simultaneous,d_to_e,0,86,0.0
symmetric,6,customer_only,simultaneous,e_to_d,0,86,0.0
symmetric,6,customer_only,d_to_e,none,0,86,0.0
symmetric,6,customer_only,d_to_e,d_only,0,86,0.0
symmetric,6,customer_only,d_to_e,e_only,0,86,0.0
symmetric,6,customer_only,d_to_e,simultaneous,0,86,0.0
symmetric,6,customer_only,d_to_e,d_to_e,0,86,0.0
symmetric,6,customer_only,d_to_e,e_to_d,0,86,0.0
symmetric,6,customer_only,e_to_d,none,0,86,0.0
symmetric,6,customer_only,e_to_d,d_only,0,86,0.0
symmetric,6,customer_only,e_to_d,e_only,0,86,0.0
symmetric,6,customer_only,e_to_d,simultaneous,0,86,0.0
symmetric,6,customer_only,e_to_d,d_to_e,0,86,0.0
symmetric,6,customer_only,e_to_d,e_to_d,0,86,0.0
symmetric,7,domestic_only,none,none,0,84,0.0
symmetric,7,domestic_only,none,d_only,0,84,0.0
symmetric,7,domestic_only,none,e_only,5,84,0.05952380952380952
symmetric,7,domestic_only,none,simultaneous,0,84,0.0
symmetric,7,domestic_only,none,d_to_e,0,84,0.0
symmetric,7,domestic_only,none,e_to_d,0,84,0.0
symmetric,7,domestic_only,d_only,none,0,84,0.0
symmetric,7,domestic_only,d_only,d_only,14,84,0.16666666666666666
symmetric,7,domestic_only,d_only,e_only,14,84,0.16666666666666666
symmetric,7,domestic_only,d_only,simultaneous,12,84,0.14285714285714285
symmetric,7,domestic_only,d_only,d_to_e,23,84,0.27380952380952384
symmetric,7,domestic_only,d_only,e_to_d,16,84,0.19047619047619047
symmetric,7,domestic_only,e_only,none,0,84,0.0
symmetric,7,domestic_only,e_only,d_only,0,84,0.0
symmetric,7,domestic_only,e_only,e_only,0,84,0.0
symmetric,7,domestic_only,e_only,simultaneous,0,84,0.0
symmetric,7,domestic_only,e_only,d_to_e,0,84,0.0
symmetric,7,domestic_only,e_only,e_to_d,0,84,0.0
symmetric,7,domestic_only,simultaneous,none,0,84,0.0
symmetric,7,domestic_only,simultaneous,d_only,0,84,0.0
symmetric,7,domestic_only,simultaneous,e_only,0,84,0.0
symmetric,7,domestic_only,simultaneous,simultaneous,0,84,0.0
symmetric,7,domestic_only,simultaneous,d_to_e,0,84,0.0
symmetric,7,domestic_only,simultaneous,e_to_d,0,84,0.0
symmetric,7,domestic_only,d_to_e,none,0,84,0.0
symmetric,7,domestic_only,d_to_e,d_only,0,84,0.0
symmetric,7,domestic_only,d_to_e,e_only,0,84,0.0
symmetric,7,domestic_only,d_to_e,simultaneous,0,84,0.0
symmetric,7,domestic_only,d_to_e,d_to_e,0,84,0.0
symmetric,7,domestic_only,d_to_e,e_to_d,0,84,0.0
symmetric,7,domestic_only,e_to_d,none,0,84,0.0
symmetric,7,domestic_only,e_to_d,d_only,0,84,0.0
symmetric,7,domestic_only,e_to_d,e_only,0,84,0.0
symmetric,7,domestic_only,e_to_d,simultaneous,0,84,0.0
symmetric,7,domestic_only,e_to_d,d_to_e,0,84,0.0
symmetric,7,domestic_only,e_to_d,e_to_d,0,84,0.0
symmetric,7,customer_only,none,none,0,84,0.0
symmetric,7,customer_only,none,d_only,2,84,0.023809523809523808
symmetric,7,customer_only,none,e_only,0,84,0.0
symmetric,7,customer_only,none,simultaneous,0,84,0.0
symmetric,7,customer_only,none,d_to_e,0,84,0.0
symmetric,7,customer_only,none,e_to_d,0,84,0.0
symmetric,7,customer_only,d_only,none,0,84,0.0
symmetric,7,customer_only,d_only,d_only,0,84,0.0
symmetric,7,customer_only,d_only,e_only,0,84,0.0
symmetric,7,customer_only,d_only,simultaneous,0,84,0.0
symmetric,7,customer_only,d_only,d_to_e,0,84,0.0
symmetric,7,customer_only,d_only,e_to_d,0,84,0.0
symmetric,7,customer_only,e_only,none,0,84,0.0
symmetric,7,customer_only,e_only,d_only,12,84,0.14285714285714285
symmetric,7,customer_only,e_only,e_only,19,84,0.2261904761904762
symmetric,7,customer_only,e_only,simultaneous,12,84,0.14285714285714285
symmetric,7,customer_only,e_only,d_to_e,23,84,0.27380952380952384
symmetric,7,customer_only,e_only,e_to_d,16,84,0.19047619047619047
symmetric,7,customer_only,simultaneous,none,0,84,0.0
symmetric,7,customer_only,simultaneous,d_only,0,84,0.0
symmetric,7,customer_only,simultaneous,e_only,0,84,0.0
symmetric,7,customer_only,simultaneous,simultaneous,0,84,0.0
symmetric,7,customer_only,simultaneous,d_to_e,0,84,0.0
symmetric,7,customer_only,simultaneous,e_to_d,0,84,0.0
symmetric,7,customer_only,d_to_e,none,0,84,0.0
symmetric,7,customer_only,d_to_e,d_only,0,84,0.0
symmetric,7,customer_only,d_to_e,e_only,0,84,0.0
symmetric,7,customer_only,d_to_e,simultaneous,0,84,0.0
symmetric,7,customer_only,d_to_e,d_to_e,0,84,0.0
symmetric,7,customer_only,d_to_e,e_to_d,0,84,0.0
symmetric,7,customer_only,e_to_d,none,0,84,0.0
symmetric,7,customer_only,e_to_d,d_only,0,84,0.0
symmetric,7,customer_only,e_to_d,e_only,0,84,0.0
symmetric,7,customer_only,e_to_d,simultaneous,0,84,0.0
symmetric,7,customer_only,e_to_d,d_to_e,0,84,0.0
symmetric,7,customer_only,e_to_d,e_to_d,0,84,0.0
symmetric,8,domestic_only,none,none,0,71,0.0
symmetric,8,domestic_only,none,d_only,0,71,0.0
symmetric,8,domestic_only,none,e_only,0,71,0.0
symmetric,8,domestic_only,none,simultaneous,0,71,0.0
symmetric,8,domestic_only,none,d_to_e,0,71,0.0
symmetric,8,domestic_only,none,e_to_d,0,71,0.0
symmetric,8,domestic_only,d_only,none,0,71,0.0
symmetric,8,domestic_only,d_only,d_only,12,71,0.16901408450704225
symmetric,8,domestic_only,d_only,e_only,15,71,0.2112676056338028
symmetric,8,domestic_only,d_only,simultaneous,10,71,0.14084507042253522
symmetric,8,domestic_only,d_only,d_to_e,21,71,0.29577464788732394
symmetric,8,domestic_only,d_only,e_to_d,13,71,0.18309859154929578
symmetric,8,domestic_only,e_only,none,0,71,0.0
symmetric,8,domestic_only,e_only,d_only,0,71,0.0
symmetric,8,domestic_only,e_only,e_only,0,71,0.0
symmetric,8,domestic_only,e_only,simultaneous,0,71,0.0
symmetric,8,domestic_only,e_only,d_to_e,0,71,0.0
symmetric,8,domestic_only,e_only,e_to_d,0,71,0.0
symmetric,8,domestic_only,simultaneous,none,0,71,0.0
symmetric,8,domestic_only,simultaneous,d_only,0,71,0.0
symmetric,8,domestic_only,simultaneous,e_only,0,71,0.0
symmetric,8,domestic_only,simultaneous,simultaneous,0,71,0.0
symmetric,8,domestic_only,simultaneous,d_to_e,0,71,0.0
symmetric,8,domestic_only,simultaneous,e_to_d,0,71,0.0
symmetric,8,domestic_only,d_to_e,none,0,71,0.0
symmetric,8,domestic_only,d_to_e,d_only,0,71,0.0
symmetric,8,domestic_only,d_to_e,e_only,0,71,0.0
symmetric,8,domestic_only,d_to_e,simultaneous,0,71,0.0
symmetric,8,domestic_only,d_to_e,d_to_e,0,71,0.0
symmetric,8,domestic_only,d_to_e,e_to_d,0,71,0.0
symmetric,8,domestic_only,e_to_d,none,0,71,0.0
symmetric,8,domestic_only,e_to_d,d_only,0,71,0.0
symmetric,8,domestic_only,e_to_d,e_only,0,71,0.0
symmetric,8,domestic_only,e_to_d,simultaneous,0,71,0.0
symmetric,8,domestic_only,e_to_d,d_to_e,0,71,0.0
symmetric,8,domestic_only,e_to_d,e_to_d,0,71,0.0
symmetric,8,customer_only,none,none,0,71,0.0
symmetric,8,customer_only,none,d_only,5,71,0.07042253521126761
symmetric,8,customer_only,none,e_only,0,71,0.0
symmetric,8,customer_only,none,simultaneous,0,71,0.0
symmetric,8,customer_only,none,d_to_e,0,71,0.0
symmetric,8,customer_only,none,e_to_d,0,71,0.0
symmetric,8,customer_only,d_only,none,0,71,0.0
symmetric,8,customer_only,d_only,d_only,0,71,0.0
symmetric,8,customer_only,d_only,e_only,0,71,0.0
symmetric,8,customer_only,d_only,simultaneous,0,71,0.0
symmetric,8,customer_only,d_only,d_to_e,0,71,0.0
symmetric,8,customer_only,d_only,e_to_d,0,71,0.0
symmetric,8,customer_only,e_only,none,0,71,0.0
symmetric,8,customer_only,e_only,d_only,7,71,0.09859154929577464
symmetric,8,customer_only,e_only,e_only,15,71,0.2112676056338028
symmetric,8,customer_only,e_only,simultaneous,10,71,0.14084507042253522
symmetric,8,customer_only,e_only,d_to_e,21,71,0.29577464788732394
symmetric,8,customer_only,e_only,e_to_d,13,71,0.18309859154929578
symmetric,8,customer_only,simultaneous,none,0,71,0.0
symmetric,8,customer_only,simultaneous,d_only,0,71,0.0
symmetric,8,customer_only,simultaneous,e_only,0,71,0.0
symmetric,8,customer_only,simultaneous,simultaneous,0,71,0.0
symmetric,8,customer_only,simultaneous,d_to_e,0,71,0.0
symmetric,8,customer_only,simultaneous,e_to_d,0,71,0.0
symmetric,8,customer_only,d_to_e,none,0,71,0.0
symmetric,8,customer_only,d_to_e,d_only,0,71,0.0
symmetric,8,customer_only,d_to_e,e_only,0,71,0.0
symmetric,8,customer_only,d_to_e,simultaneous,0,71,0.0
symmetric,8,customer_only,d_to_e,d_to_e,0,71,0.0
symmetric,8,customer_only,d_to_e,e_to_d,0,71,0.0
symmetric,8,customer_only,e_to_d,none,0,71,0.0
symmetric,8,customer_only,e_to_d,d_only,0,71,0.0
symmetric,8,customer_only,e_to_d,e_only,0,71,0.0
symmetric,8,customer_only,e_to_d,simultaneous,0,71,0.0
symmetric,8,customer_only,e_to_d,d_to_e,0,71,0.0
symmetric,8,customer_only,e_to_d,e_to_d,0,71,0.0
symmetric,9,domestic_only,none,none,0,64,0.0
symmetric,9,domestic_only,none,d_only,0,64,0.0
symmetric,9,domestic_only,none,e_only,3,64,0.046875
symmetric,9,domestic_only,none,simultaneous,0,64,0.0
symmetric,9,domestic_only,none,d_to_e,0,64,0.0
symmetric,9,domestic_only,none,e_to_d,0,64,0.0
symmetric,9,domestic_only,d_only,none,0,64,0.0
symmetric,9,domestic_only,d_only,d_only,17,64,0.265625
symmetric,9,domestic_only,d_only,e_only,10,64,0.15625
symmetric,9,domestic_only,d_only,simultaneous,3,64,0.046875
symmetric,9,domestic_only,d_only,d_to_e,13,64,0.203125
symmetric,9,domestic_only,d_only,e_to_d,18,64,0.28125
symmetric,9,domestic_only,e_only,none,0,64,0.0
symmetric,9,domestic_only,e_only,d_only,0,64,0.0
symmetric,9,domestic_only,e_only,e_only,0,64,0.0
symmetric,9,domestic_only,e_only,simultaneous,0,64,0.0
symmetric,9,domestic_only,e_only,d_to_e,0,64,0.0
symmetric,9,domestic_only,e_only,e_to_d,0,64,0.0
symmetric,9,domestic_only,simultaneous,none,0,64,0.0
symmetric,9,domestic_only,simultaneous,d_only,0,64,0.0
symmetric,9,domestic_only,simultaneous,e_only,0,64,0.0
symmetric,9,domestic_only,simultaneous,simultaneous,0,64,0.0
symmetric,9,domestic_only,simultaneous,d_to_e,0,64,0.0
symmetric,9,domestic_only,simultaneous,e_to_d,0,64,0.0
symmetric,9,domestic_only,d_to_e,none,0,64,0.0
symmetric,9,domestic_only,d_to_e,d_only,0,64,0.0
symmetric,9,domestic_only,d_to_e,e_only,0,64,0.0
symmetric,9,domestic_only,d_to_e,simultaneous,0,64,0.0
symmetric,9,domestic_only,d_to_e,d_to_e,0,64,0.0
symmetric,9,domestic_only,d_to_e,e_to_d,0,64,0.0
symmetric,9,domestic_only,e_to_d,none,0,64,0.0
symmetric,9,domestic_only,e_to_d,d_only,0,64,0.0
symmetric,9,domestic_only,e_to_d,e_only,0,64,0.0
symmetric,9,domestic_only,e_to_d,simultaneous,0,64,0.0
symmetric,9,domestic_only,e_to_d,d_to_e,0,64,0.0
symmetric,9,domestic_only,e_to_d,e_to_d,0,64,0.0
symmetric,9,customer_only,none,none,0,64,0.0
symmetric,9,customer_only,none,d_only,1,64,0.015625
symmetric,9,customer_only,none,e_only,0,64,0.0
symmetric,9,customer_only,none,simultaneous,0,64,0.0
symmetric,9,customer_only,none,d_to_e,0,64,0.0
symmetric,9,customer_only,none,e_to_d,0,64,0.0
symmetric,9,customer_only,d_only,none,0,64,0.0
symmetric,9,customer_only,d_only,d_only,0,64,0.0
symmetric,9,customer_only,d_only,e_only,0,64,0.0
symmetric,9,customer_only,d_only,simultaneous,0,64,0.0
symmetric,9,customer_only,d_only,d_to_e,0,64,0.0
symmetric,9,customer_only,d_only,e_to_d,0,64,0.0
symmetric,9,customer_only,e_only,none,0,64,0.0
symmetric,9,customer_only,e_only,d_only,16,64,0.25
symmetric,9,customer_only,e_only,e_only,13,64,0.203125
symmetric,9,customer_only,e_only,simultaneous,3,64,0.046875
symmetric,9,customer_only,e_only,d_to_e,13,64,0.203125
symmetric,9,customer_only,e_only,e_to_d,18,64,0.28125
symmetric,9,customer_only,simultaneous,none,0,64,0.0
symmetric,9,customer_only,simultaneous,d_only,0,64,0.0
symmetric,9,customer_only,simultaneous,e_only,0,64,0.0
symmetric,9,customer_only,simultaneous,simultaneous,0,64,0.0
symmetric,9,customer_only,simultaneous,d_to_e,0,64,0.0
symmetric,9,customer_only,simultaneous,e_to_d,0,64,0.0
symmetric,9,customer_only,d_to_e,none,0,64,0.0
symmetric,9,customer_only,d_to_e,d_only,0,64,0.0
symmetric,9,customer_only,d_to_e,e_only,0,64,0.0
symmetric,9,customer_only,d_to_e,simultaneous,0,64,0.0
symmetric,9,customer_only,d_to_e,d_to_e,0,64,0.0
symmetric,9,customer_only,d_to_e,e_to_d,0,64,0.0
symmetric,9,customer_only,e_to_d,none,0,64,0.0
symmetric,9,customer_only,e_to_d,d_only,0,64,0.0
symmetric,9,customer_only,e_to_d,e_only,0,64,0.0
symmetric,9,customer_only,e_to_d,simultaneous,0,64,0.0
symmetric,9,customer_only,e_to_d,d_to_e,0,64,0.0
symmetric,9,customer_only,e_to_d,e_to_d,0,64,0.0
symmetric,10,domestic_only,none,none,0,77,0.0
symmetric,10,domestic_only,none,d_only,0,77,0.0
symmetric,10,domestic_only,none,e_only,1,77,0.012987012987012988
symmetric,10,domestic_only,none,simultaneous,0,77,0.0
symmetric,10,domestic_only,none,d_to_e,0,77,0.0
symmetric,10,domestic_only,none,e_to_d,0,77,0.0
symmetric,10,domestic_only,d_only,none,0,77,0.0
symmetric,10,domestic_only,d_only,d_only,22,77,0.2857142857142857
symmetric,10,domestic_only,d_only,e_only,10,77,0.12987012987012986
symmetric,10,domestic_only,d_only,simultaneous,9,77,0.11688311688311688
symmetric,10,domestic_only,d_only,d_to_e,20,77,0.2597402597402597
symmetric,10,domestic_only,d_only,e_to_d,15,77,0.19480519480519481
symmetric,10,domestic_only,e_only,none,0,77,0.0
symmetric,10,domestic_only,e_only,d_only,0,77,0.0
symmetric,10,domestic_only,e_only,e_only,0,77,0.0
symmetric,10,domestic_only,e_only,simultaneous,0,77,0.0
symmetric,10,domestic_only,e_only,d_to_e,0,77,0.0
symmetric,10,domestic_only,e_only,e_to_d,0,77,0.0
symmetric,10,domestic_only,simultaneous,none,0,77,0.0
symmetric,10,domestic_only,simultaneous,d_only,0,77,0.0
symmetric,10,domestic_only,simultaneous,e_only,0,77,0.0
symmetric,10,domestic_only,simultaneous,simultaneous,0,77,0.0
symmetric,10,domestic_only,simultaneous,d_to_e,0,77,0.0
symmetric,10,domestic_only,simultaneous,e_to_d,0,77,0.0
symmetric,10,domestic_only,d_to_e,none,0,77,0.0
symmetric,10,domestic_only,d_to_e,d_only,0,77,0.0
symmetric,10,domestic_only,d_to_e,e_only,0,77,0.0
symmetric,10,domestic_only,d_to_e,simultaneous,0,77,0.0
symmetric,10,domestic_only,d_to_e,d_to_e,0,77,0.0
symmetric,10,domestic_only,d_to_e,e_to_d,0,77,0.0
symmetric,10,domestic_only,e_to_d,none,0,77,0.0
symmetric,10,domestic_only,e_to_d,d_only,0,77,0.0
symmetric,10,domestic_only,e_to_d,e_only,0,77,0.0
symmetric,10,domestic_only,e_to_d,simultaneous,0,77,0.0
symmetric,10,domestic_only,e_to_d,d_to_e,0,77,0.0
symmetric,10,domestic_only,e_to_d,e_to_d,0,77,0.0
symmetric,10,customer_only,none,none,0,77,0.0
symmetric,10,customer_only,none,d_only,8,77,0.1038961038961039
symmetric,10,customer_only,none,e_only,0,77,0.0
symmetric,10,customer_only,none,simultaneous,0,77,0.0
symmetric,10,customer_only,none,d_to_e,0,77,0.0
symmetric,10,customer_only,none,e_to_d,0,77,0.0
symmetric,10,customer_only,d_only,none,0,77,0.0
symmetric,10,customer_only,d_only,d_only,0,77,0.0
symmetric,10,customer_only,d_only,e_only,0,77,0.0
symmetric,10,customer_only,d_only,simultaneous,0,77,0.0
symmetric,10,customer_only,d_only,d_to_e,0,77,0.0
symmetric,10,customer_only,d_only,e_to_d,0,77,0.0
symmetric,10,customer_only,e_only,none,0,77,0.0
symmetric,10,customer_only,e_only,d_only,14,77,0.18181818181818182
symmetric,10,customer_only,e_only,e_only,11,77,0.14285714285714285
symmetric,10,customer_only,e_only,simultaneous,9,77,0.11688311688311688
symmetric,10,customer_only,e_only,d_to_e,20,77,0.2597402597402597
symmetric,10,customer_only,e_only,e_to_d,15,77,0.19480519480519481
symmetric,10,customer_only,simultaneous,none,0,77,0.0
symmetric,10,customer_only,simultaneous,d_only,0,77,0.0
symmetric,10,customer_only,simultaneous,e_only,0,77,0.0
symmetric,10,customer_only,simultaneous,simultaneous,0,77,0.0
symmetric,10,customer_only,simultaneous,d_to_e,0,77,0.0
symmetric,10,customer_only,simultaneous,e_to_d,0,77,0.0
symmetric,10,customer_only,d_to_e,none,0,77,0.0
symmetric,10,customer_only,d_to_e,d_only,0,77,0.0
symmetric,10,customer_only,d_to_e,e_only,0,77,0.0
symmetric,10,customer_only,d_to_e,simultaneous,0,77,0.0
symmetric,10,customer_only,d_to_e,d_to_e,0,77,0.0
symmetric,10,customer_only,d_to_e,e_to_d,0,77,0.0
symmetric,10,customer_only,e_to_d,none,0,77,0.0
symmetric,10,customer_only,e_to_d,d_only,0,77,0.0
symmetric,10,customer_only,e_to_d,e_only,0,77,0.0
symmetric,10,customer_only,e_to_d,simultaneous,0,77,0.0
symmetric,10,customer_only,e_to_d,d_to_e,0,77,0.0
symmetric,10,customer_only,e_to_d,e_to_d,0,77,0.0
symmetric,11,domestic_only,none,none,0,75,0.0
symmetric,11,domestic_only,none,d_only,0,75,0.0
symmetric,11,domestic_only,none,e_only,2,75,0.02666666666666667
symmetric,11,domestic_only,none,simultaneous,0,75,0.0
symmetric,11,domestic_only,none,d_to_e,0,75,0.0
symmetric,11,domestic_only,none,e_to_d,0,75,0.0
symmetric,11,domestic_only,d_only,none,0,75,0.0
symmetric,11,domestic_only,d_only,d_only,13,75,0.17333333333333334
symmetric,11,domestic_only,d_only,e_only,17,75,0.22666666666666666
symmetric,11,domestic_only,d_only,simultaneous,9,75,0.12
symmetric,11,domestic_only,d_only,d_to_e,21,75,0.28
symmetric,11,domestic_only,d_only,e_to_d,13,75,0.17333333333333334
symmetric,11,domestic_only,e_only,none,0,75,0.0
symmetric,11,domestic_only,e_only,d_only,0,75,0.0
symmetric,11,domestic_only,e_only,e_only,0,75,0.0
symmetric,11,domestic_only,e_only,simultaneous,0,75,0.0
symmetric,11,domestic_only,e_only,d_to_e,0,75,0.0
symmetric,11,domestic_only,e_only,e_to_d,0,75,0.0
symmetric,11,domestic_only,simultaneous,none,0,75,0.0
symmetric,11,domestic_only,simultaneous,d_only,0,75,0.0
symmetric,11,domestic_only,simultaneous,e_only,0,75,0.0
symmetric,11,domestic_only,simultaneous,simultaneous,0,75,0.0
symmetric,11,domestic_only,simultaneous,d_to_e,0,75,0.0
symmetric,11,domestic_only,simultaneous,e_to_d,0,75,0.0
symmetric,11,domestic_only,d_to_e,none,0,75,0.0
symmetric,11,domestic_only,d_to_e,d_only,0,75,0.0
symmetric,11,domestic_only,d_to_e,e_only,0,75,0.0
symmetric,11,domestic_only,d_to_e,simultaneous,0,75,0.0
symmetric,11,domestic_only,d_to_e,d_to_e,0,75,0.0
symmetric,11,domestic_only,d_to_e,e_to_d,0,75,0.0
symmetric,11,domestic_only,e_to_d,none,0,75,0.0
symmetric,11,domestic_only,e_to_d,d_only,0,75,0.0
symmetric,11,domestic_only,e_to_d,e_only,0,75,0.0
symmetric,11,domestic_only,e_to_d,simultaneous,0,75,0.0
symmetric,11,domestic_only,e_to_d,d_to_e,0,75,0.0
symmetric,11,domestic_only,e_to_d,e_to_d,0,75,0.0
symmetric,11,customer_only,none,none,0,75,0.0
symmetric,11,customer_only,none,d_only,1,75,0.013333333333333334
symmetric,11,customer_only,none,e_only,0,75,0.0
symmetric,11,customer_only,none,simultaneous,0,75,0.0
symmetric,11,customer_only,none,d_to_e,0,75,0.0
symmetric,11,customer_only,none,e_to_d,0,75,0.0
symmetric,11,customer_only,d_only,none,0,75,0.0
symmetric,11,customer_only,d_only,d_only,0,75,0.0
symmetric,11,customer_only,d_only,e_only,0,75,0.0
symmetric,11,customer_only,d_only,simultaneous,0,75,0.0
symmetric,11,customer_only,d_only,d_to_e,0,75,0.0
symmetric,11,customer_only,d_only,e_to_d,0,75,0.0
symmetric,11,customer_only,e_only,none,0,75,0.0
symmetric,11,customer_only,e_only,d_only,12,75,0.16
symmetric,11,customer_only,e_only,e_only,19,75,0.25333333333333335
symmetric,11,customer_only,e_only,simultaneous,9,75,0.12
symmetric,11,customer_only,e_only,d_to_e,21,75,0.28
symmetric,11,customer_only,e_only,e_to_d,13,75,0.17333333333333334
symmetric,11,customer_only,simultaneous,none,0,75,0.0
symmetric,11,customer_only,simultaneous,d_only,0,75,0.0
symmetric,11,customer_only,simultaneous,e_only,0,75,0.0
symmetric,11,customer_only,simultaneous,simultaneous,0,75,0.0
symmetric,11,customer_only,simultaneous,d_to_e,0,75,0.0
symmetric,11,customer_only,simultaneous,e_to_d,0,75,0.0
symmetric,11,customer_only,d_to_e,none,0,75,0.0
symmetric,11,customer_only,d_to_e,d_only,0,75,0.0
symmetric,11,customer_only,d_to_e,e_only,0,75,0.0
symmetric,11,customer_only,d_to_e,simultaneous,0,75,0.0
symmetric,11,customer_only,d_to_e,d_to_e,0,75,0.0
symmetric,11,customer_only,d_to_e,e_to_d,0,75,0.0
symmetric,11,customer_only,e_to_d,none,0,75,0.0
symmetric,11,customer_only,e_to_d,d_only,0,75,0.0
symmetric,11,customer_only,e_to_d,e_only,0,75,0.0
symmetric,11,customer_only,e_to_d,simultaneous,0,75,0.0
symmetric,11,customer_only,e_to_d,d_to_e,0,75,0.0
symmetric,11,customer_only,e_to_d,e_to_d,0,75,0.0
symmetric,12,domestic_only,none,none,0,77,0.0
symmetric,12,domestic_only,none,d_only,0,77,0.0
symmetric,12,domestic_only,none,e_only,2,77,0.025974025974025976
symmetric,12,domestic_only,none,simultaneous,0,77,0.0
symmetric,12,domestic_only,none,d_to_e,0,77,0.0
symmetric,12,domestic_only,none,e_to_d,0,77,0.0
symmetric,12,domestic_only,d_only,none,0,77,0.0
symmetric,12,domestic_only,d_only,d_only,13,77,0.16883116883116883
symmetric,12,domestic_only,d_only,e_only,11,77,0.14285714285714285
symmetric,12,domestic_only,d_only,simultaneous,16,77,0.2077922077922078
symmetric,12,domestic_only,d_only,d_to_e,24,77,0.3116883116883117
symmetric,12,domestic_only,d_only,e_to_d,11,77,0.14285714285714285
symmetric,12,domestic_only,e_only,none,0,77,0.0
symmetric,12,domestic_only,e_only,d_only,0,77,0.0
symmetric,12,domestic_only,e_only,e_only,0,77,0.0
symmetric,12,domestic_only,e_only,simultaneous,0,77,0.0
symmetric,12,domestic_only,e_only,d_to_e,0,77,0.0
symmetric,12,domestic_only,e_only,e_to_d,0,77,0.0
symmetric,12,domestic_only,simultaneous,none,0,77,0.0
symmetric,12,domestic_only,simultaneous,d_only,0,77,0.0
symmetric,12,domestic_only,simultaneous,e_only,0,77,0.0
symmetric,12,domestic_only,simultaneous,simultaneous,0,77,0.0
symmetric,12,domestic_only,simultaneous,d_to_e,0,77,0.0
symmetric,12,domestic_only,simultaneous,e_to_d,0,77,0.0
symmetric,12,domestic_only,d_to_e,none,0,77,0.0
symmetric,12,domestic_only,d_to_e,d_only,0,77,0.0
symmetric,12,domestic_only,d_to_e,e_only,0,77,0.0
symmetric,12,domestic_only,d_to_e,simultaneous,0,77,0.0
symmetric,12,domestic_only,d_to_e,d_to_e,0,77,0.0
symmetric,12,domestic_only,d_to_e,e_to_d,0,77,0.0
symmetric,12,domestic_only,e_to_d,none,0,77,0.0
symmetric,12,domestic_only,e_to_d,d_only,0,77,0.0
symmetric,12,domestic_only,e_to_d,e_only,0,77,0.0
symmetric,12,domestic_only,e_to_d,simultaneous,0,77,0.0
symmetric,12,domestic_only,e_to_d,d_to_e,0,77,0.0
symmetric,12,domestic_only,e_to_d,e_to_d,0,77,0.0
symmetric,12,customer_only,none,none,0,77,0.0
symmetric,12,customer_only,none,d_only,2,77,0.025974025974025976
symmetric,12,customer_only,none,e_only,0,77,0.0
symmetric,12,customer_only,none,simultaneous,0,77,0.0
symmetric,12,customer_only,none,d_to_e,0,77,0.0
symmetric,12,customer_only,none,e_to_d,0,77,0.0
symmetric,12,customer_only,d_only,none,0,77,0.0
symmetric,12,customer_only,d_only,d_only,0,77,0.0
symmetric,12,customer_only,d_only,e_only,0,77,0.0
symmetric,12,customer_only,d_only,simultaneous,0,77,0.0
symmetric,12,customer_only,d_only,d_to_e,0,77,0.0
symmetric,12,customer_only,d_only,e_to_d,0,77,0.0
symmetric,12,customer_only,e_only,none,0,77,0.0
symmetric,12,customer_only,e_only,d_only,11,77,0.14285714285714285
symmetric,12,customer_only,e_only,e_only,13,77,0.16883116883116883
symmetric,12,customer_only,e_only,simultaneous,16,77,0.2077922077922078
symmetric,12,customer_only,e_only,d_to_e,24,77,0.3116883116883117
symmetric,12,customer_only,e_only,e_to_d,11,77,0.14285714285714285
symmetric,12,customer_only,simultaneous,none,0,77,0.0
symmetric,12,customer_only,simultaneous,d_only,0,77,0.0
symmetric,12,customer_only,simultaneous,e_only,0,77,0.0
symmetric,12,customer_only,simultaneous,simultaneous,0,77,0.0
symmetric,12,customer_only,simultaneous,d_to_e,0,77,0.0
symmetric,12,customer_only,simultaneous,e_to_d,0,77,0.0
symmetric,12,customer_only,d_to_e,none,0,77,0.0
symmetric,12,customer_only,d_to_e,d_only,0,77,0.0
symmetric,12,customer_only,d_to_e,e_only,0,77,0.0
symmetric,12,customer_only,d_to_e,simultaneous,0,77,0.0
symmetric,12,customer_only,d_to_e,d_to_e,0,77,0.0
symmetric,12,customer_only,d_to_e,e_to_d,0,77,0.0
symmetric,12,customer_only,e_to_d,none,0,77,0.0
symmetric,12,customer_only,e_to_d,d_only,0,77,0.0
symmetric,12,customer_only,e_to_d,e_only,0,77,0.0
symmetric,12,customer_only,e_to_d,simultaneous,0,77,0.0
symmetric,12,customer_only,e_to_d,d_to_e,0,77,0.0
symmetric,12,customer_only,e_to_d,e_to_d,0,77,0.0
symmetric,13,domestic_only,none,none,0,88,0.0
symmetric,13,domestic_only,none,d_only,0,88,0.0
symmetric,13,domestic_only,none,e_only,1,88,0.011363636363636364
symmetric,13,domestic_only,none,simultaneous,0,88,0.0
symmetric,13,domestic_only,none,d_to_e,0,88,0.0
symmetric,13,domestic_only,none,e_to_d,0,88,0.0
symmetric,13,domestic_only,d_only,none,0,88,0.0
symmetric,13,domestic_only,d_only,d_only,24,88,0.2727272727272727
symmetric,13,domestic_only,d_only,e_only,17,88,0.19318181818181818
symmetric,13,domestic_only,d_only,simultaneous,5,88,0.056818181818181816
symmetric,13,domestic_only,d_only,d_to_e,21,88,0.23863636363636365
symmetric,13,domestic_only,d_only,e_to_d,20,88,0.22727272727272727
symmetric,13,domestic_only,e_only,none,0,88,0.0
symmetric,13,domestic_only,e_only,d_only,0,88,0.0
symmetric,13,domestic_only,e_only,e_only,0,88,0.0
symmetric,13,domestic_only,e_only,simultaneous,0,88,0.0
symmetric,13,domestic_only,e_only,d_to_e,0,88,0.0
symmetric,13,domestic_only,e_only,e_to_d,0,88,0.0
symmetric,13,domestic_only,simultaneous,none,0,88,0.0
symmetric,13,domestic_only,simultaneous,d_only,0,88,0.0
symmetric,13,domestic_only,simultaneous,e_only,0,88,0.0
symmetric,13,domestic_only,simultaneous,simultaneous,0,88,0.0
symmetric,13,domestic_only,simultaneous,d_to_e,0,88,0.0
symmetric,13,domestic_only,simultaneous,e_to_d,0,88,0.0
symmetric,13,domestic_only,d_to_e,none,0,88,0.0
symmetric,13,domestic_only,d_to_e,d_only,0,88,0.0
symmetric,13,domestic_only,d_to_e,e_only,0,88,0.0
symmetric,13,domestic_only,d_to_e,simultaneous,0,88,0.0
symmetric,13,domestic_only,d_to_e,d_to_e,0,88,0.0
symmetric,13,domestic_only,d_to_e,e_to_d,0,88,0.0
symmetric,13,domestic_only,e_to_d,none,0,88,0.0
symmetric,13,domestic_only,e_to_d,d_only,0,88,0.0
symmetric,13,domestic_only,e_to_d,e_only,0,88,0.0
symmetric,13,domestic_only,e_to_d,simultaneous,0,88,0.0
symmetric,13,domestic_only,e_to_d,d_to_e,0,88,0.0
symmetric,13,domestic_only,e_to_d,e_to_d,0,88,0.0
symmetric,13,customer_only,none,none,0,88,0.0
symmetric,13,customer_only,none,d_only,4,88,0.045454545454545456
symmetric,13,customer_only,none,e_only,0,88,0.0
symmetric,13,customer_only,none,simultaneous,0,88,0.0
symmetric,13,customer_only,none,d_to_e,0,88,0.0
symmetric,13,customer_only,none,e_to_d,0,88,0.0
symmetric,13,customer_only,d_only,none,0,88,0.0
symmetric,13,customer_only,d_only,d_only,0,88,0.0
symmetric,13,customer_only,d_only,e_only,0,88,0.0
symmetric,13,customer_only,d_only,simultaneous,0,88,0.0
symmetric,13,customer_only,d_only,d_to_e,0,88,0.0
symmetric,13,customer_only,d_only,e_to_d,0,88,0.0
symmetric,13,customer_only,e_only,none,0,88,0.0
symmetric,13,customer_only,e_only,d_only,20,88,0.22727272727272727
symmetric,13,customer_only,e_only,e_only,18,88,0.20454545454545456
symmetric,13,customer_only,e_only,simultaneous,5,88,0.056818181818181816
symmetric,13,customer_only,e_only,d_to_e,21,88,0.23863636363636365
symmetric,13,customer_only,e_only,e_to_d,20,88,0.22727272727272727
symmetric,13,customer_only,simultaneous,none,0,88,0.0
symmetric,13,customer_only,simultaneous,d_only,0,88,0.0
symmetric,13,customer_only,simultaneous,e_only,0,88,0.0
symmetric,13,customer_only,simultaneous,simultaneous,0,88,0.0
symmetric,13,customer_only,simultaneous,d_to_e,0,88,0.0
symmetric,13,customer_only,simultaneous,e_to_d,0,88,0.0
symmetric,13,customer_only,d_to_e,none,0,88,0.0
symmetric,13,customer_only,d_to_e,d_only,0,88,0.0
symmetric,13,customer_only,d_to_e,e_only,0,88,0.0
symmetric,13,customer_only,d_to_e,simultaneous,0,88,0.0
symmetric,13,customer_only,d_to_e,d_to_e,0,88,0.0
symmetric,13,customer_only,d_to_e,e_to_d,0,88,0.0
symmetric,13,customer_only,e_to_d,none,0,88,0.0
symmetric,13,customer_only,e_to_d,d_only,0,88,0.0
symmetric,13,customer_only,e_to_d,e_only,0,88,0.0
symmetric,13,customer_only,e_to_d,simultaneous,0,88,0.0
symmetric,13,customer_only,e_to_d,d_to_e,0,88,0.0
symmetric,13,customer_only,e_to_d,e_to_d,0,88,0.0
symmetric,14,domestic_only,none,none,0,69,0.0
symmetric,14,domestic_only,none,d_only,0,69,0.0
symmetric,14,domestic_only,none,e_only,3,69,0.043478260869565216
symmetric,14,domestic_only,none,simultaneous,0,69,0.0
symmetric,14,domestic_only,none,d_to_e,0,69,0.0
symmetric,14,domestic_only,none,e_to_d,0,69,0.0
symmetric,14,domestic_only,d_only,none,0,69,0.0
symmetric,14,domestic_only,d_only,d_only,14,69,0.2028985507246377
symmetric,14,domestic_only,d_only,e_only,8,69,0.11594202898550725
symmetric,14,domestic_only,d_only,simultaneous,11,69,0.15942028985507245
symmetric,14,domestic_only,d_only,d_to_e,14,69,0.2028985507246377
symmetric,14,domestic_only,d_only,e_to_d,19,69,0.2753623188405797
symmetric,14,domestic_only,e_only,none,0,69,0.0
symmetric,14,domestic_only,e_only,d_only,0,69,0.0
symmetric,14,domestic_only,e_only,e_only,0,69,0.0
symmetric,14,domestic_only,e_only,simultaneous,0,69,0.0
symmetric,14,domestic_only,e_only,d_to_e,0,69,0.0
symmetric,14,domestic_only,e_only,e_to_d,0,69,0.0
symmetric,14,domestic_only,simultaneous,none,0,69,0.0
symmetric,14,domestic_only,simultaneous,d_only,0,69,0.0
symmetric,14,domestic_only,simultaneous,e_only,0,69,0.0
symmetric,14,domestic_only,simultaneous,simultaneous,0,69,0.0
symmetric,14,domestic_only,simultaneous,d_to_e,0,69,0.0
symmetric,14,domestic_only,simultaneous,e_to_d,0,69,0.0
symmetric,14,domestic_only,d_to_e,none,0,69,0.0
symmetric,14,domestic_only,d_to_e,d_only,0,69,0.0
symmetric,14,domestic_only,d_to_e,e_only,0,69,0.0
symmetric,14,domestic_only,d_to_e,simultaneous,0,69,0.0
symmetric,14,domestic_only,d_to_e,d_to_e,0,69,0.0
symmetric,14,domestic_only,d_to_e,e_to_d,0,69,0.0
symmetric,14,domestic_only,e_to_d,none,0,69,0.0
symmetric,14,domestic_only,e_to_d,d_only,0,69,0.0
symmetric,14,domestic_only,e_to_d,e_only,0,69,0.0
symmetric,14,domestic_only,e_to_d,simultaneous,0,69,0.0
symmetric,14,domestic_only,e_to_d,d_to_e,0,69,0.0
symmetric,14,domestic_only,e_to_d,e_to_d,0,69,0.0
symmetric,14,customer_only,none,none,0,69,0.0
symmetric,14,customer_only,none,d_only,2,69,0.028985507246376812
symmetric,14,customer_only,none,e_only,0,69,0.0
symmetric,14,customer_only,none,simultaneous,0,69,0.0
symmetric,14,customer_only,none,d_to_e,0,69,0.0
symmetric,14,customer_only,none,e_to_d,0,69,0.0
symmetric,14,customer_only,d_only,none,0,69,0.0
symmetric,14,customer_only,d_only,d_only,0,69,0.0
symmetric,14,customer_only,d_only,e_only,0,69,0.0
symmetric,14,customer_only,d_only,simultaneous,0,69,0.0
symmetric,14,customer_only,d_only,d_to_e,0,69,0.0
symmetric,14,customer_only,d_only,e_to_d,0,69,0.0
symmetric,14,customer_only,e_only,none,0,69,0.0
symmetric,14,customer_only,e_only,d_only,12,69,0.17391304347826086
symmetric,14,customer_only,e_only,e_only,11,69,0.15942028985507245
symmetric,14,customer_only,e_only,simultaneous,11,69,0.15942028985507245
symmetric,14,customer_only,e_only,d_to_e,14,69,0.2028985507246377
symmetric,14,customer_only,e_only,e_to_d,19,69,0.2753623188405797
symmetric,14,customer_only,simultaneous,none,0,69,0.0
symmetric,14,customer_only,simultaneous,d_only,0,69,0.0
symmetric,14,customer_only,simultaneous,e_only,0,69,0.0
symmetric,14,customer_only,simultaneous,simultaneous,0,69,0.0
symmetric,14,customer_only,simultaneous,d_to_e,0,69,0.0
symmetric,14,customer_only,simultaneous,e_to_d,0,69,0.0
symmetric,14,customer_only,d_to_e,none,0,69,0.0
symmetric,14,customer_only,d_to_e,d_only,0,69,0.0
symmetric,14,customer_only,d_to_e,e_only,0,69,0.0
symmetric,14,customer_only,d_to_e,simultaneous,0,69,0.0
symmetric,14,customer_only,d_to_e,d_to_e,0,69,0.0
symmetric,14,customer_only,d_to_e,e_to_d,0,69,0.0
symmetric,14,customer_only,e_to_d,none,0,69,0.0
symmetric,14,customer_only,e_to_d,d_only,0,69,0.0
symmetric,14,customer_only,e_to_d,e_only,0,69,0.0
symmetric,14,customer_only,e_to_d,simultaneous,0,69,0.0
symmetric,14,customer_only,e_to_d,d_to_e,0,69,0.0
symmetric,14,customer_only,e_to_d,e_to_d,0,69,0.0
symmetric,15,domestic_only,none,none,0,78,0.0
symmetric,15,domestic_only,none,d_only,0,78,0.0
symmetric,15,domestic_only,none,e_only,2,78,0.02564102564102564
symmetric,15,domestic_only,none,simultaneous,0,78,0.0
symmetric,15,domestic_only,none,d_to_e,0,78,0.0
symmetric,15,domestic_only,none,e_to_d,0,78,0.0
symmetric,15,domestic_only,d_only,none,0,78,0.0
symmetric,15,domestic_only,d_only,d_only,11,78,0.14102564102564102
symmetric,15,domestic_only,d_only,e_only,11,78,0.14102564102564102
symmetric,15,domestic_only,d_only,simultaneous,9,78,0.11538461538461539
symmetric,15,domestic_only,d_only,d_to_e,22,78,0.28205128205128205
symmetric,15,domestic_only,d_only,e_to_d,23,78,0.2948717948717949
symmetric,15,domestic_only,e_only,none,0,78,0.0
symmetric,15,domestic_only,e_only,d_only,0,78,0.0
symmetric,15,domestic_only,e_only,e_only,0,78,0.0
symmetric,15,domestic_only,e_only,simultaneous,0,78,0.0
symmetric,15,domestic_only,e_only,d_to_e,0,78,0.0
symmetric,15,domestic_only,e_only,e_to_d,0,78,0.0
symmetric,15,domestic_only,simultaneous,none,0,78,0.0
symmetric,15,domestic_only,simultaneous,d_only,0,78,0.0
symmetric,15,domestic_only,simultaneous,e_only,0,78,0.0
symmetric,15,domestic_only,simultaneous,simultaneous,0,78,0.0
symmetric,15,domestic_only,simultaneous,d_to_e,0,78,0.0
symmetric,15,domestic_only,simultaneous,e_to_d,0,78,0.0
symmetric,15,domestic_only,d_to_e,none,0,78,0.0
symmetric,15,domestic_only,d_to_e,d_only,0,78,0.0
symmetric,15,domestic_only,d_to_e,e_only,0,78,0.0
symmetric,15,domestic_only,d_to_e,simultaneous,0,78,0.0
symmetric,15,domestic_only,d_to_e,d_to_e,0,78,0.0
symmetric,15,domestic_only,d_to_e,e_to_d,0,78,0.0
symmetric,15,domestic_only,e_to_d,none,0,78,0.0
symmetric,15,domestic_only,e_to_d,d_only,0,78,0.0
symmetric,15,domestic_only,e_to_d,e_only,0,78,0.0
symmetric,15,domestic_only,e_to_d,simultaneous,0,78,0.0
symmetric,15,domestic_only,e_to_d,d_to_e,0,78,0.0
symmetric,15,domestic_only,e_to_d,e_to_d,0,78,0.0
symmetric,15,customer_only,none,none,0,78,0.0
symmetric,15,customer_only,none,d_only,2,78,0.02564102564102564
symmetric,15,customer_only,none,e_only,0,78,0.0
symmetric,15,customer_only,none,simultaneous,0,78,0.0
symmetric,15,customer_only,none,d_to_e,0,78,0.0
symmetric,15,customer_only,none,e_to_d,0,78,0.0
symmetric,15,customer_only,d_only,none,0,78,0.0
symmetric,15,customer_only,d_only,d_only,0,78,0.0
symmetric,15,customer_only,d_only,e_only,0,78,0.0
symmetric,15,customer_only,d_only,simultaneous,0,78,0.0
symmetric,15,customer_only,d_only,d_to_e,0,78,0.0
symmetric,15,customer_only,d_only,e_to_d,0,78,0.0
symmetric,15,customer_only,e_only,none,0,78,0.0
symmetric,15,customer_only,e_only,d_only,9,78,0.11538461538461539
symmetric,15,customer_only,e_only,e_only,13,78,0.16666666666666666
symmetric,15,customer_only,e_only,simultaneous,9,78,0.11538461538461539
symmetric,15,customer_only,e_only,d_to_e,22,78,0.28205128205128205
symmetric,15,customer_only,e_only,e_to_d,23,78,0.2948717948717949
symmetric,15,customer_only,simultaneous,none,0,78,0.0
symmetric,15,customer_only,simultaneous,d_only,0,78,0.0
symmetric,15,customer_only,simultaneous,e_only,0,78,0.0
symmetric,15,customer_only,simultaneous,simultaneous,0,78,0.0
symmetric,15,customer_only,simultaneous,d_to_e,0,78,0.0
symmetric,15,customer_only,simultaneous,e_to_d,0,78,0.0
symmetric,15,customer_only,d_to_e,none,0,78,0.0
symmetric,15,customer_only,d_to_e,d_only,0,78,0.0
symmetric,15,customer_only,d_to_e,e_only,0,78,0.0
symmetric,15,customer_only,d_to_e,simultaneous,0,78,0.0
symmetric,15,customer_only,d_to_e,d_to_e,0,78,0.0
symmetric,15,customer_only,d_to_e,e_to_d,0,78,0.0
symmetric,15,customer_only,e_to_d,none,0,78,0.0
symmetric,15,customer_only,e_to_d,d_only,0,78,0.0
symmetric,15,customer_only,e_to_d,e_only,0,78,0.0
symmetric,15,customer_only,e_to_d,simultaneous,0,78,0.0
symmetric,15,customer_only,e_to_d,d_to_e,0,78,0.0
symmetric,15,customer_only,e_to_d,e_to_d,0,78,0.0
symmetric,16,domestic_only,none,none,0,81,0.0
symmetric,16,domestic_only,none,d_only,0,81,0.0
symmetric,16,domestic_only,none,e_only,2,81,0.024691358024691357
symmetric,16,domestic_only,none,simultaneous,0,81,0.0
symmetric,16,domestic_only,none,d_to_e,0,81,0.0
symmetric,16,domestic_only,none,e_to_d,0,81,0.0
symmetric,16,domestic_only,d_only,none,0,81,0.0
symmetric,16,domestic_only,d_only,d_only,12,81,0.14814814814814814
symmetric,16,domestic_only,d_only,e_only,11,81,0.13580246913580246
symmetric,16,domestic_only,d_only,simultaneous,7,81,0.08641975308641975
symmetric,16,domestic_only,d_only,d_to_e,22,81,0.2716049382716049
symmetric,16,domestic_only,d_only,e_to_d,27,81,0.3333333333333333
symmetric,16,domestic_only,e_only,none,0,81,0.0
symmetric,16,domestic_only,e_only,d_only,0,81,0.0
symmetric,16,domestic_only,e_only,e_only,0,81,0.0
symmetric,16,domestic_only,e_only,simultaneous,0,81,0.0
symmetric,16,domestic_only,e_only,d_to_e,0,81,0.0
symmetric,16,domestic_only,e_only,e_to_d,0,81,0.0
symmetric,16,domestic_only,simultaneous,none,0,81,0.0
symmetric,16,domestic_only,simultaneous,d_only,0,81,0.0
symmetric,16,domestic_only,simultaneous,e_only,0,81,0.0
symmetric,16,domestic_only,simultaneous,simultaneous,0,81,0.0
symmetric,16,domestic_only,simultaneous,d_to_e,0,81,0.0
symmetric,16,domestic_only,simultaneous,e_to_d,0,81,0.0
symmetric,16,domestic_only,d_to_e,none,0,81,0.0
symmetric,16,domestic_only,d_to_e,d_only,0,81,0.0
symmetric,16,domestic_only,d_to_e,e_only,0,81,0.0
symmetric,16,domestic_only,d_to_e,simultaneous,0,81,0.0
symmetric,16,domestic_only,d_to_e,d_to_e,0,81,0.0
symmetric,16,domestic_only,d_to_e,e_to_d,0,81,0.0
symmetric,16,domestic_only,e_to_d,none,0,81,0.0
symmetric,16,domestic_only,e_to_d,d_only,0,81,0.0
symmetric,16,domestic_only,e_to_d,e_only,0,81,0.0
symmetric,16,domestic_only,e_to_d,simultaneous,0,81,0.0
symmetric,16,domestic_only,e_to_d,d_to_e,0,81,0.0
symmetric,16,domestic_only,e_to_d,e_to_d,0,81,0.0
symmetric,16,customer_only,none,none,0,81,0.0
symmetric,16,customer_only,none,d_only,5,81,0.06172839506172839
symmetric,16,customer_only,none,e_only,0,81,0.0
symmetric,16,customer_only,none,simultaneous,0,81,0.0
symmetric,16,customer_only,none,d_to_e,0,81,0.0
symmetric,16,customer_only,none,e_to_d,0,81,0.0
symmetric,16,customer_only,d_only,none,0,81,0.0
symmetric,16,customer_only,d_only,d_only,0,81,0.0
symmetric,16,customer_only,d_only,e_only,0,81,0.0
symmetric,16,customer_only,d_only,simultaneous,0,81,0.0
symmetric,16,customer_only,d_only,d_to_e,0,81,0.0
symmetric,16,customer_only,d_only,e_to_d,0,81,0.0
symmetric,16,customer_only,e_only,none,0,81,0.0
symmetric,16,customer_only,e_only,d_only,7,81,0.08641975308641975
symmetric,16,customer_only,e_only,e_only,13,81,0.16049382716049382
symmetric,16,customer_only,e_only,simultaneous,7,81,0.08641975308641975
symmetric,16,customer_only,e_only,d_to_e,22,81,0.2716049382716049
symmetric,16,customer_only,e_only,e_to_d,27,81,0.3333333333333333
symmetric,16,customer_only,simultaneous,none,0,81,0.0
symmetric,16,customer_only,simultaneous,d_only,0,81,0.0
symmetric,16,customer_only,simultaneous,e_only,0,81,0.0
symmetric,16,customer_only,simultaneous,simultaneous,0,81,0.0
symmetric,16,customer_only,simultaneous,d_to_e,0,81,0.0
symmetric,16,customer_only,simultaneous,e_to_d,0,81,0.0
symmetric,16,customer_only,d_to_e,none,0,81,0.0
symmetric,16,customer_only,d_to_e,d_only,0,81,0.0
symmetric,16,customer_only,d_to_e,e_only,0,81,0.0
symmetric,16,customer_only,d_to_e,simultaneous,0,81,0.0
symmetric,16,customer_only,d_to_e,d_to_e,0,81,0.0
symmetric,16,customer_only,d_to_e,e_to_d,0,81,0.0
symmetric,16,customer_only,e_to_d,none,0,81,0.0
symmetric,16,customer_only,e_to_d,d_only,0,81,0.0
symmetric,16,customer_only,e_to_d,e_only,0,81,0.0
symmetric,16,customer_only,e_to_d,simultaneous,0,81,0.0
symmetric,16,customer_only,e_to_d,d_to_e,0,81,0.0
symmetric,16,customer_only,e_to_d,e_to_d,0,81,0.0
symmetric,17,domestic_only,none,none,0,85,0.0
symmetric,17,domestic_only,none,d_only,0,85,0.0
symmetric,17,domestic_only,none,e_only,8,85,0.09411764705882353
symmetric,17,domestic_only,none,simultaneous,0,85,0.0
symmetric,17,domestic_only,none,d_to_e,0,85,0.0
symmetric,17,domestic_only,none,e_to_d,0,85,0.0
symmetric,17,domestic_only,d_only,none,0,85,0.0
symmetric,17,domestic_only,d_only,d_only,17,85,0.2
symmetric,17,domestic_only,d_only,e_only,16,85,0.18823529411764706
symmetric,17,domestic_only,d_only,simultaneous,5,85,0.058823529411764705
symmetric,17,domestic_only,d_only,d_to_e,22,85,0.25882352941176473
symmetric,17,domestic_only,d_only,e_to_d,17,85,0.2
symmetric,17,domestic_only,e_only,none,0,85,0.0
symmetric,17,domestic_only,e_only,d_only,0,85,0.0
symmetric,17,domestic_only,e_only,e_only,0,85,0.0
symmetric,17,domestic_only,e_only,simultaneous,0,85,0.0
symmetric,17,domestic_only,e_only,d_to_e,0,85,0.0
symmetric,17,domestic_only,e_only,e_to_d,0,85,0.0
symmetric,17,domestic_only,simultaneous,none,0,85,0.0
symmetric,17,domestic_only,simultaneous,d_only,0,85,0.0
symmetric,17,domestic_only,simultaneous,e_only,0,85,0.0
symmetric,17,domestic_only,simultaneous,simultaneous,0,85,0.0
symmetric,17,domestic_only,simultaneous,d_to_e,0,85,0.0
symmetric,17,domestic_only,simultaneous,e_to_d,0,85,0.0
symmetric,17,domestic_only,d_to_e,none,0,85,0.0
symmetric,17,domestic_only,d_to_e,d_only,0,85,0.0
symmetric,17,domestic_only,d_to_e,e_only,0,85,0.0
symmetric,17,domestic_only,d_to_e,simultaneous,0,85,0.0
symmetric,17,domestic_only,d_to_e,d_to_e,0,85,0.0
symmetric,17,domestic_only,d_to_e,e_to_d,0,85,0.0
symmetric,17,domestic_only,e_to_d,none,0,85,0.0
symmetric,17,domestic_only,e_to_d,d_only,0,85,0.0
symmetric,17,domestic_only,e_to_d,e_only,0,85,0.0
symmetric,17,domestic_only,e_to_d,simultaneous,0,85,0.0
symmetric,17,domestic_only,e_to_d,d_to_e,0,85,0.0
symmetric,17,domestic_only,e_to_d,e_to_d,0,85,0.0
symmetric,17,customer_only,none,none,0,85,0.0
symmetric,17,customer_only,none,d_only,2,85,0.023529411764705882
symmetric,17,customer_only,none,e_only,0,85,0.0
symmetric,17,customer_only,none,simultaneous,0,85,0.0
symmetric,17,customer_only,none,d_to_e,0,85,0.0
symmetric,17,customer_only,none,e_to_d,0,85,0.0
symmetric,17,customer_only,d_only,none,0,85,0.0
symmetric,17,customer_only,d_only,d_only,0,85,0.0
symmetric,17,customer_only,d_only,e_only,0,85,0.0
symmetric,17,customer_only,d_only,simultaneous,0,85,0.0
symmetric,17,customer_only,d_only,d_to_e,0,85,0.0
symmetric,17,customer_only,d_only,e_to_d,0,85,0.0
symmetric,17,customer_only,e_only,none,0,85,0.0
symmetric,17,customer_only,e_only,d_only,15,85,0.17647058823529413
symmetric,17,customer_only,e_only,e_only,24,85,0.2823529411764706
symmetric,17,customer_only,e_only,simultaneous,5,85,0.058823529411764705
symmetric,17,customer_only,e_only,d_to_e,22,85,0.25882352941176473
symmetric,17,customer_only,e_only,e_to_d,17,85,0.2
symmetric,17,customer_only,simultaneous,none,0,85,0.0
symmetric,17,customer_only,simultaneous,d_only,0,85,0.0
symmetric,17,customer_only,simultaneous,e_only,0,85,0.0
symmetric,17,customer_only,simultaneous,simultaneous,0,85,0.0
symmetric,17,customer_only,simultaneous,d_to_e,0,85,0.0
symmetric,17,customer_only,simultaneous,e_to_d,0,85,0.0
symmetric,17,customer_only,d_to_e,none,0,85,0.0
symmetric,17,customer_only,d_to_e,d_only,0,85,0.0
symmetric,17,customer_only,d_to_e,e_only,0,85,0.0
symmetric,17,customer_only,d_to_e,simultaneous,0,85,0.0
symmetric,17,customer_only,d_to_e,d_to_e,0,85,0.0
symmetric,17,customer_only,d_to_e,e_to_d,0,85,0.0
symmetric,17,customer_only,e_to_d,none,0,85,0.0
symmetric,17,customer_only,e_to_d,d_only,0,85,0.0
symmetric,17,customer_only,e_to_d,e_only,0,85,0.0
symmetric,17,customer_only,e_to_d,simultaneous,0,85,0.0
symmetric,17,customer_only,e_to_d,d_to_e,0,85,0.0
symmetric,17,customer_only,e_to_d,e_to_d,0,85,0.0
symmetric,18,domestic_only,none,none,0,71,0.0
symmetric,18,domestic_only,none,d_only,0,71,0.0
symmetric,18,domestic_only,none,e_only,0,71,0.0
symmetric,18,domestic_only,none,simultaneous,0,71,0.0
symmetric,18,domestic_only,none,d_to_e,0,71,0.0
symmetric,18,domestic_only,none,e_to_d,0,71,0.0
symmetric,18,domestic_only,d_only,none,0,71,0.0
symmetric,18,domestic_only,d_only,d_only,17,71,0.23943661971830985
symmetric,18,domestic_only,d_only,e_only,14,71,0.19718309859154928
symmetric,18,domestic_only,d_only,simultaneous,5,71,0.07042253521126761
symmetric,18,domestic_only,d_only,d_to_e,16,71,0.22535211267605634
symmetric,18,domestic_only,d_only,e_to_d,19,71,0.2676056338028169
symmetric,18,domestic_only,e_only,none,0,71,0.0
symmetric,18,domestic_only,e_only,d_only,0,71,0.0
symmetric,18,domestic_only,e_only,e_only,0,71,0.0
symmetric,18,domestic_only,e_only,simultaneous,0,71,0.0
symmetric,18,domestic_only,e_only,d_to_e,0,71,0.0
symmetric,18,domestic_only,e_only,e_to_d,0,71,0.0
symmetric,18,domestic_only,simultaneous,none,0,71,0.0
symmetric,18,domestic_only,simultaneous,d_only,0,71,0.0
symmetric,18,domestic_only,simultaneous,e_only,0,71,0.0
symmetric,18,domestic_only,simultaneous,simultaneous,0,71,0.0
symmetric,18,domestic_only,simultaneous,d_to_e,0,71,0.0
symmetric,18,domestic_only,simultaneous,e_to_d,0,71,0.0
symmetric,18,domestic_only,d_to_e,none,0,71,0.0
symmetric,18,domestic_only,d_to_e,d_only,0,71,0.0
symmetric,18,domestic_only,d_to_e,e_only,0,71,0.0
symmetric,18,domestic_only,d_to_e,simultaneous,0,71,0.0
symmetric,18,domestic_only,d_to_e,d_to_e,0,71,0.0
symmetric,18,domestic_only,d_to_e,e_to_d,0,71,0.0
symmetric,18,domestic_only,e_to_d,none,0,71,0.0
symmetric,18,domestic_only,e_to_d,d_only,0,71,0.0
symmetric,18,domestic_only,e_to_d,e_only,0,71,0.0
symmetric,18,domestic_only,e_to_d,simultaneous,0,71,0.0
symmetric,18,domestic_only,e_to_d,d_to_e,0,71,0.0
symmetric,18,domestic_only,e_to_d,e_to_d,0,71,0.0
symmetric,18,customer_only,none,none,0,71,0.0
symmetric,18,customer_only,none,d_only,5,71,0.07042253521126761
symmetric,18,customer_only,none,e_only,0,71,0.0
symmetric,18,customer_only,none,simultaneous,0,71,0.0
symmetric,18,customer_only,none,d_to_e,0,71,0.0
symmetric,18,customer_only,none,e_to_d,0,71,0.0
symmetric,18,customer_only,d_only,none,0,71,0.0
symmetric,18,customer_only,d_only,d_only,0,71,0.0
symmetric,18,customer_only,d_only,e_only,0,71,0.0
symmetric,18,customer_only,d_only,simultaneous,0,71,0.0
symmetric,18,customer_only,d_only,d_to_e,0,71,0.0
symmetric,18,customer_only,d_only,e_to_d,0,71,0.0
symmetric,18,customer_only,e_only,none,0,71,0.0
symmetric,18,customer_only,e_only,d_only,12,71,0.16901408450704225
symmetric,18,customer_only,e_only,e_only,14,71,0.19718309859154928
symmetric,18,customer_only,e_only,simultaneous,5,71,0.07042253521126761
symmetric,18,customer_only,e_only,d_to_e,16,71,0.22535211267605634
symmetric,18,customer_only,e_only,e_to_d,19,71,0.2676056338028169
symmetric,18,customer_only,simultaneous,none,0,71,0.0
symmetric,18,customer_only,simultaneous,d_only,0,71,0.0
symmetric,18,customer_only,simultaneous,e_only,0,71,0.0
symmetric,18,customer_only,simultaneous,simultaneous,0,71,0.0
symmetric,18,customer_only,simultaneous,d_to_e,0,71,0.0
symmetric,18,customer_only,simultaneous,e_to_d,0,71,0.0
symmetric,18,customer_only,d_to_e,none,0,71,0.0
symmetric,18,customer_only,d_to_e,d_only,0,71,0.0
symmetric,18,customer_only,d_to_e,e_only,0,71,0.0
symmetric,18,customer_only,d_to_e,simultaneous,0,71,0.0
symmetric,18,customer_only,d_to_e,d_to_e,0,71,0.0
symmetric,18,customer_only,d_to_e,e_to_d,0,71,0.0
symmetric,18,customer_only,e_to_d,none,0,71,0.0
symmetric,18,customer_only,e_to_d,d_only,0,71,0.0
symmetric,18,customer_only,e_to_d,e_only,0,71,0.0
symmetric,18,customer_only,e_to_d,simultaneous,0,71,0.0
symmetric,18,customer_only,e_to_d,d_to_e,0,71,0.0
symmetric,18,customer_only,e_to_d,e_to_d,0,71,0.0
symmetric,19,domestic_only,none,none,0,75,0.0
symmetric,19,domestic_only,none,d_only,0,75,0.0
symmetric,19,domestic_only,none,e_only,0,75,0.0
symmetric,19,domestic_only,none,simultaneous,0,75,0.0
symmetric,19,domestic_only,none,d_to_e,0,75,0.0
symmetric,19,domestic_only,none,e_to_d,0,75,0.0
symmetric,19,domestic_only,d_only,none,0,75,0.0
symmetric,19,domestic_only,d_only,d_only,20,75,0.26666666666666666
symmetric,19,domestic_only,d_only,e_only,9,75,0.12
symmetric,19,domestic_only,d_only,simultaneous,10,75,0.13333333333333333
symmetric,19,domestic_only,d_only,d_to_e,14,75,0.18666666666666668
symmetric,19,domestic_only,d_only,e_to_d,22,75,0.29333333333333333
symmetric,19,domestic_only,e_only,none,0,75,0.0
symmetric,19,domestic_only,e_only,d_only,0,75,0.0
symmetric,19,domestic_only,e_only,e_only,0,75,0.0
symmetric,19,domestic_only,e_only,simultaneous,0,75,0.0
symmetric,19,domestic_only,e_only,d_to_e,0,75,0.0
symmetric,19,domestic_only,e_only,e_to_d,0,75,0.0
symmetric,19,domestic_only,simultaneous,none,0,75,0.0
symmetric,19,domestic_only,simultaneous,d_only,0,75,0.0
symmetric,19,domestic_only,simultaneous,e_only,0,75,0.0
symmetric,19,domestic_only,simultaneous,simultaneous,0,75,0.0
symmetric,19,domestic_only,simultaneous,d_to_e,0,75,0.0
symmetric,19,domestic_only,simultaneous,e_to_d,0,75,0.0
symmetric,19,domestic_only,d_to_e,none,0,75,0.0
symmetric,19,domestic_only,d_to_e,d_only,0,75,0.0
symmetric,19,domestic_only,d_to_e,e_only,0,75,0.0
symmetric,19,domestic_only,d_to_e,simultaneous,0,75,0.0
symmetric,19,domestic_only,d_to_e,d_to_e,0,75,0.0
symmetric,19,domestic_only,d_to_e,e_to_d,0,75,0.0
symmetric,19,domestic_only,e_to_d,none,0,75,0.0
symmetric,19,domestic_only,e_to_d,d_only,0,75,0.0
symmetric,19,domestic_only,e_to_d,e_only,0,75,0.0
symmetric,19,domestic_only,e_to_d,simultaneous,0,75,0.0
symmetric,19,domestic_only,e_to_d,d_to_e,0,75,0.0
symmetric,19,domestic_only,e_to_d,e_to_d,0,75,0.0
symmetric,19,customer_only,none,none,0,75,0.0
symmetric,19,customer_only,none,d_only,4,75,0.05333333333333334
symmetric,19,customer_only,none,e_only,0,75,0.0
symmetric,19,customer_only,none,simultaneous,0,75,0.0
symmetric,19,customer_only,none,d_to_e,0,75,0.0
symmetric,19,customer_only,none,e_to_d,0,75,0.0
symmetric,19,customer_only,d_only,none,0,75,0.0
symmetric,19,customer_only,d_only,d_only,0,75,0.0
symmetric,19,customer_only,d_only,e_only,0,75,0.0
symmetric,19,customer_only,d_only,simultaneous,0,75,0.0
symmetric,19,customer_only,d_only,d_to_e,0,75,0.0
symmetric,19,customer_only,d_only,e_to_d,0,75,0.0
symmetric,19,customer_only,e_only,none,0,75,0.0
symmetric,19,customer_only,e_only,d_only,16,75,0.21333333333333335
symmetric,19,customer_only,e_only,e_only,9,75,0.12
symmetric,19,customer_only,e_only,simultaneous,10,75,0.13333333333333333
symmetric,19,customer_only,e_only,d_to_e,14,75,0.18666666666666668
symmetric,19,customer_only,e_only,e_to_d,22,75,0.29333333333333333
symmetric,19,customer_only,simultaneous,none,0,75,0.0
symmetric,19,customer_only,simultaneous,d_only,0,75,0.0
symmetric,19,customer_only,simultaneous,e_only,0,75,0.0
symmetric,19,customer_only,simultaneous,simultaneous,0,75,0.0
symmetric,19,customer_only,simultaneous,d_to_e,0,75,0.0
symmetric,19,customer_only,simultaneous,e_to_d,0,75,0.0
symmetric,19,customer_only,d_to_e,none,0,75,0.0
symmetric,19,customer_only,d_to_e,d_only,0,75,0.0
symmetric,19,customer_only,d_to_e,e_only,0,75,0.0
symmetric,19,customer_only,d_to_e,simultaneous,0,75,0.0
symmetric,19,customer_only,d_to_e,d_to_e,0,75,0.0
symmetric,19,customer_only,d_to_e,e_to_d,0,75,0.0
symmetric,19,customer_only,e_to_d,none,0,75,0.0
symmetric,19,customer_only,e_to_d,d_only,0,75,0.0
symmetric,19,customer_only,e_to_d,e_only,0,75,0.0
symmetric,19,customer_only,e_to_d,simultaneous,0,75,0.0
symmetric,19,customer_only,e_to_d,d_to_e,0,75,0.0
symmetric,19,customer_only,e_to_d,e_to_d,0,75,0.0
