time,case_id,employee,selected,material_known,social_d,social_e,pending_d,pending_e,recent_d,recent_e,success_d,success_e,failure_d,failure_e,p_d,p_e,cost_d,cost_e,utilities
0,0:0,0,d,False,0.0,0.0,0.0,0.0,0.0,0.0,0.0,0.0,0.0,0.0,0.6849269699863758,0.5877091393923862,0.1483707952442035,0.27587969446165017,wait:0.000000;d:0.468286;e:0.253249;d+e:0.375244
0,1:0,1,d+e,False,0.0,0.0,0.0,0.0,0.0,0.0,0.0,0.0,0.0,0.0,0.369650571145668,0.4360154983432703,0.11649237148500251,0.17870348057465263,wait:0.000000;d:0.216313;e:0.213852;d+e:0.279520
0,3:0,3,d,False,0.0,0.0,0.0,0.0,0.0,0.0,0.0,0.0,0.0,0.0,0.6216450067394355,0.5023413918212314,0.11447867665375151,0.3775813505449553,wait:0.000000;d:0.445204;e:0.074689;d+e:0.246765
0,5:0,5,d,False,0.0,0.0,0.0,0.0,0.0,0.0,0.0,0.0,0.0,0.0,0.46352023428589695,0.26921733187059427,0.1609773507552331,0.3021323944895209,wait:0.000000;d:0.256341;e:-0.059749;d+e:0.075441
0,6:0,6,d,False,0.0,0.0,0.0,0.0,0.0,0.0,0.0,0.0,0.0,0.0,0.5656081333859837,0.5586571827756612,0.22951785411666392,0.2675680860468209,wait:0.000000;d:0.279713;e:0.235405;d+e:0.238988
0,7:0,7,d+e,False,0.0,0.0,0.0,0.0,0.0,0.0,0.0,0.0,0.0,0.0,0.6195015022100783,0.5941831448229777,0.2039393136927115,0.21007926007053504,wait:0.000000;d:0.353813;e:0.324878;d+e:0.360318
0,8:0,8,d,False,0.0,0.0,0.0,0.0,0.0,0.0,0.0,0.0,0.0,0.0,0.42224487806266675,0.31676733048151573,0.09743626015620943,0.3270836536953683,wait:0.000000;d:0.282721;e:-0.041890;d+e:0.112413
0,10:0,10,d,False,0.0,0.0,0.0,0.0,0.0,0.0,0.0,0.0,0.0,0.0,0.5288431740927177,0.5882886561200341,0.2200923526510588,0.2973293003305126,wait:0.000000;d:0.256038;e:0.232321;d+e:0.216177
0,11:0,11,d,False,0.0,0.0,0.0,0.0,0.0,0.0,0.0,0.0,0.0,0.0,0.657146533296191,0.37812604292750296,0.11254230858288973,0.15467226241520335,wait:0.000000;d:0.479103;e:0.185764;d+e:0.443449
0,12:0,12,d,False,0.0,0.0,0.0,0.0,0.0,0.0,0.0,0.0,0.0,0.0,0.7437817987812785,0.48527716350699646,0.2378376446886984,0.3113206276857364,wait:0.000000;d:0.431807;e:0.125586;d+e:0.244821
0,15:0,15,d,False,0.0,0.0,0.0,0.0,0.0,0.0,0.0,0.0,0.0,0.0,0.5815402376273211,0.3651732285065892,0.12013139547880683,0.36885322864169034,wait:0.000000;d:0.403444;e:-0.040079;d+e:0.171227
0,16:0,16,d,False,0.0,0.0,0.0,0.0,0.0,0.0,0.0,0.0,0.0,0.0,0.6713353420972463,0.35549804760622816,0.2005787070626945,0.1929285768508154,wait:0.000000;d:0.403841;e:0.127135;d+e:0.317523
0,17:0,17,d,False,0.0,0.0,0.0,0.0,0.0,0.0,0.0,0.0,0.0,0.0,0.5319935126913222,0.5734977925998279,0.253902026142052,0.30760713930070754,wait:0.000000;d:0.225065;e:0.208727;d+e:0.166485
0,19:0,19,d,False,0.0,0.0,0.0,0.0,0.0,0.0,0.0,0.0,0.0,0.0,0.7251883343647291,0.445278758799319,0.134934236822975,0.22963360758369958,wait:0.000000;d:0.517971;e:0.171262;d+e:0.407486
0,20:0,20,d,False,0.0,0.0,0.0,0.0,0.0,0.0,0.0,0.0,0.0,0.0,0.6195092762977208,0.4718195611743685,0.1422286741409436,0.34279558387592546,wait:0.000000;d:0.415531;e:0.081995;d+e:0.240595
0,21:0,21,d+e,False,0.0,0.0,0.0,0.0,0.0,0.0,0.0,0.0,0.0,0.0,0.5103334540765462,0.43207319627694624,0.2492249358685547,0.16274712510260736,wait:0.000000;d:0.210241;e:0.226259;d+e:0.237765
0,22:0,22,d,False,0.0,0.0,0.0,0.0,0.0,0.0,0.0,0.0,0.0,0.0,0.5249099051021684,0.48382851322678777,0.1072317536866028,0.38624423250672224,wait:0.000000;d:0.365358;e:0.049358;d+e:0.188855
0,24:0,24,d,False,0.0,0.0,0.0,0.0,0.0,0.0,0.0,0.0,0.0,0.0,0.6684423983588719,0.5335729502393609,0.26239716001572394,0.36884069536487507,wait:0.000000;d:0.339418;e:0.111548;d+e:0.141861
0,27:0,27,d,False,0.0,0.0,0.0,0.0,0.0,0.0,0.0,0.0,0.0,0.0,0.6925893067107659,0.6392206064589001,0.15779028109324086,0.3684614046068823,wait:0.000000;d:0.465765;e:0.207045;d+e:0.293950
0,30:0,30,d,False,0.0,0.0,0.0,0.0,0.0,0.0,0.0,0.0,0.0,0.0,0.6113152525564187,0.48946698833342217,0.10568988529152609,0.2968595249016314,wait:0.000000;d:0.444692;e:0.143820;d+e:0.325970
0,31:0,31,d+e,False,0.0,0.0,0.0,0.0,0.0,0.0,0.0,0.0,0.0,0.0,0.639231730984955,0.5962232349389468,0.15877040446700252,0.19435374724412033,wait:0.000000;d:0.416746;e:0.342441;d+e:0.430252
0,35:0,35,d,False,0.0,0.0,0.0,0.0,0.0,0.0,0.0,0.0,0.0,0.0,0.5686148129675394,0.3808624764596319,0.11359345932382238,0.17179398486241937,wait:0.000000;d:0.398344;e:0.171106;d+e:0.373907
0,37:0,37,d+e,False,0.0,0.0,0.0,0.0,0.0,0.0,0.0,0.0,0.0,0.0,0.6566398133866089,0.6048095714434447,0.23900283811741982,0.19726177659029454,wait:0.000000;d:0.352186;e:0.347263;d+e:0.357532
0,39:0,39,d,False,0.0,0.0,0.0,0.0,0.0,0.0,0.0,0.0,0.0,0.0,0.4294577007052264,0.45942743266519215,0.11278642516549683,0.3142410343455689,wait:0.000000;d:0.273865;e:0.099393;d+e:0.193326
0,42:0,42,e,False,0.0,0.0,0.0,0.0,0.0,0.0,0.0,0.0,0.0,0.0,0.3646625997759556,0.43924046267399164,0.20447239480110982,0.16482639385390188,wait:0.000000;d:0.123842;e:0.230633;d+e:0.204640
0,45:0,45,d,False,0.0,0.0,0.0,0.0,0.0,0.0,0.0,0.0,0.0,0.0,0.6827854347063236,0.4698376893113625,0.2439703896260991,0.1661164392776034,wait:0.000000;d:0.370758;e:0.256890;d+e:0.347614
0,46:0,46,e,False,0.0,0.0,0.0,0.0,0.0,0.0,0.0,0.0,0.0,0.0,0.46247147996441473,0.6596503611583785,0.18523664050489752,0.15567554392335484,wait:0.000000;d:0.231138;e:0.438224;d+e:0.402077
0,49:0,49,d,False,0.0,0.0,0.0,0.0,0.0,0.0,0.0,0.0,0.0,0.0,0.5412220236875722,0.6085239383184402,0.20702198292046725,0.3550969080079869,wait:0.000000;d:0.280253;e:0.192772;d+e:0.186062
0,50:0,50,d,False,0.0,0.0,0.0,0.0,0.0,0.0,0.0,0.0,0.0,0.0,0.3887471694008641,0.28772933443180404,0.2088022698026999,0.2124178474471884,wait:0.000000;d:0.141196;e:0.046632;d+e:0.077161
0,52:0,52,d,False,0.0,0.0,0.0,0.0,0.0,0.0,0.0,0.0,0.0,0.0,0.6875190938505968,0.424566771177051,0.2476619091839592,0.2339709438701195,wait:0.000000;d:0.371328;e:0.148277;d+e:0.262998
0,54:0,54,e,False,0.0,0.0,0.0,0.0,0.0,0.0,0.0,0.0,0.0,0.0,0.36049733782908744,0.5523253568294493,0.25533682668695057,0.3412197200125101,wait:0.000000;d:0.069228;e:0.156052;d+e:0.043883
0,57:0,57,d+e,False,0.0,0.0,0.0,0.0,0.0,0.0,0.0,0.0,0.0,0.0,0.4174812585006399,0.5332006780167822,0.11110206952865519,0.17145316688890727,wait:0.000000;d:0.264767;e:0.308600;d+e:0.372930
0,58:0,58,d,False,0.0,0.0,0.0,0.0,0.0,0.0,0.0,0.0,0.0,0.0,0.6198457129212576,0.4512439536464701,0.24863939297565013,0.20532809497258347,wait:0.000000;d:0.309423;e:0.200938;d+e:0.263639
0,59:0,59,d,False,0.0,0.0,0.0,0.0,0.0,0.0,0.0,0.0,0.0,0.0,0.7002922637422113,0.5074985384558233,0.23509445490004036,0.40267072128357945,wait:0.000000;d:0.395396;e:0.054243;d+e:0.141559
0,60:0,60,e,False,0.0,0.0,0.0,0.0,0.0,0.0,0.0,0.0,0.0,0.0,0.5845134400782842,0.6274568073919631,0.21802528225456477,0.22323942159545873,wait:0.000000;d:0.308227;e:0.341675;d+e:0.332614
0,61:0,61,d,False,0.0,0.0,0.0,0.0,0.0,0.0,0.0,0.0,0.0,0.0,0.40466418061386694,0.42786425934215844,0.2012198617440855,0.3431351479999387,wait:0.000000;d:0.163109;e:0.042082;d+e:0.044845
0,62:0,62,d+e,False,0.0,0.0,0.0,0.0,0.0,0.0,0.0,0.0,0.0,0.0,0.7237425411252645,0.62163411087903,0.18924605477548054,0.1589368749570172,wait:0.000000;d:0.462357;e:0.400736;d+e:0.478408
0,68:0,68,d,False,0.0,0.0,0.0,0.0,0.0,0.0,0.0,0.0,0.0,0.0,0.4856375652076465,0.39336260514379606,0.26128882804747644,0.28765577552162636,wait:0.000000;d:0.175943;e:0.066498;d+e:0.067594
0,69:0,69,d,False,0.0,0.0,0.0,0.0,0.0,0.0,0.0,0.0,0.0,0.0,0.6022842267235775,0.3907241381421482,0.12522009883263424,0.2509880233786041,wait:0.000000;d:0.417031;e:0.100790;d+e:0.307069
0,70:0,70,d,False,0.0,0.0,0.0,0.0,0.0,0.0,0.0,0.0,0.0,0.0,0.7250418326056267,0.49302427799958903,0.2066890976646894,0.2580273057930491,wait:0.000000;d:0.446084;e:0.185855;d+e:0.322184
0,71:0,71,d,False,0.0,0.0,0.0,0.0,0.0,0.0,0.0,0.0,0.0,0.0,0.6224433221045399,0.5224597273152474,0.1538948840429757,0.22998735625467048,wait:0.000000;d:0.406506;e:0.240396;d+e:0.363299
0,73:0,73,d,False,0.0,0.0,0.0,0.0,0.0,0.0,0.0,0.0,0.0,0.0,0.40420682498105226,0.36825884895626715,0.10135193454551357,0.21381812730705063,wait:0.000000;d:0.262565;e:0.117734;d+e:0.239642
0,75:0,75,d+e,False,0.0,0.0,0.0,0.0,0.0,0.0,0.0,0.0,0.0,0.0,0.4230941969831738,0.5146117501535823,0.14526836109731428,0.21203597939779312,wait:0.000000;d:0.235654;e:0.251282;d+e:0.290447
0,76:0,76,d,False,0.0,0.0,0.0,0.0,0.0,0.0,0.0,0.0,0.0,0.0,0.4607091825541645,0.355946265462487,0.2483673802320229,0.36773318693554713,wait:0.000000;d:0.166420;e:-0.047266;d+e:-0.033771
0,77:0,77,d,False,0.0,0.0,0.0,0.0,0.0,0.0,0.0,0.0,0.0,0.0,0.7057895980559208,0.5099150606963985,0.1774995824071297,0.3403705026808585,wait:0.000000;d:0.457940;e:0.118719;d+e:0.264935
0,78:0,78,d,False,0.0,0.0,0.0,0.0,0.0,0.0,0.0,0.0,0.0,0.0,0.6649527470465615,0.2708445688219129,0.19539182057908258,0.3732642554777805,wait:0.000000;d:0.403281;e:-0.129416;d+e:0.107880
0,79:0,79,d,False,0.0,0.0,0.0,0.0,0.0,0.0,0.0,0.0,0.0,0.0,0.6554007144387883,0.3386993507256493,0.11701546148724276,0.22854336518025284,wait:0.000000;d:0.473058;e:0.076396;d+e:0.349517
0,82:0,82,d,False,0.0,0.0,0.0,0.0,0.0,0.0,0.0,0.0,0.0,0.0,0.7286328395366878,0.36352177295393373,0.15698912011979346,0.1520510595522537,wait:0.000000;d:0.499017;e:0.175237;d+e:0.439551
0,83:0,83,d,False,0.0,0.0,0.0,0.0,0.0,0.0,0.0,0.0,0.0,0.0,0.6992496307348407,0.3248307718207073,0.26025238770990045,0.20168454668107402,wait:0.000000;d:0.369299;e:0.090769;d+e:0.255953
0,85:0,85,d,False,0.0,0.0,0.0,0.0,0.0,0.0,0.0,0.0,0.0,0.0,0.7153815322741996,0.556425413119678,0.16364315346228214,0.22556310027741625,wait:0.000000;d:0.480432;e:0.275400;d+e:0.413174
0,88:0,88,d,False,0.0,0.0,0.0,0.0,0.0,0.0,0.0,0.0,0.0,0.0,0.7163316377708322,0.6143286754778456,0.09809896900767885,0.2526309343782891,wait:0.000000;d:0.546832;e:0.300464;d+e:0.470588
0,89:0,89,d,False,0.0,0.0,0.0,0.0,0.0,0.0,0.0,0.0,0.0,0.0,0.6654086354683044,0.32308926941883376,0.17411602439694465,0.28314038201118613,wait:0.000000;d:0.424968;e:0.007745;d+e:0.238448
0,90:0,90,d,False,0.0,0.0,0.0,0.0,0.0,0.0,0.0,0.0,0.0,0.0,0.5496088598221989,0.5230713273300622,0.13492759998526915,0.34468040679375855,wait:0.000000;d:0.359899;e:0.126254;d+e:0.233122
0,91:0,91,e,False,0.0,0.0,0.0,0.0,0.0,0.0,0.0,0.0,0.0,0.0,0.4008685735824922,0.45411787526818514,0.22139914132820376,0.16502895016143204,wait:0.000000;d:0.139513;e:0.243825;d+e:0.215777
0,92:0,92,d,False,0.0,0.0,0.0,0.0,0.0,0.0,0.0,0.0,0.0,0.0,0.5836859411228719,0.5217641296334619,0.18240288524889472,0.21479688753022783,wait:0.000000;d:0.343104;e:0.254960;d+e:0.331204
0,99:0,99,d,False,0.0,0.0,0.0,0.0,0.0,0.0,0.0,0.0,0.0,0.0,0.595919754635573,0.3031051908867153,0.2567075269935262,0.36362387727822276,wait:0.000000;d:0.279814;e:-0.090731;d+e:0.022670
0,100:0,100,d,False,0.0,0.0,0.0,0.0,0.0,0.0,0.0,0.0,0.0,0.0,0.7169641560585482,0.4692832919180363,0.23232263065211484,0.18559087631515395,wait:0.000000;d:0.413178;e:0.236916;d+e:0.357366
0,101:0,101,d,False,0.0,0.0,0.0,0.0,0.0,0.0,0.0,0.0,0.0,0.0,0.6310976055605848,0.36314160703095977,0.24047447859475,0.2558610523356464,wait:0.000000;d:0.327718;e:0.071084;d+e:0.193035
0,102:0,102,d,False,0.0,0.0,0.0,0.0,0.0,0.0,0.0,0.0,0.0,0.0,0.701367219239883,0.26701134800970727,0.18771390352718884,0.3406883754000892,wait:0.000000;d:0.443744;e:-0.100292;d+e:0.171652
0,103:0,103,d,False,0.0,0.0,0.0,0.0,0.0,0.0,0.0,0.0,0.0,0.0,0.48453188448400963,0.3036894266573445,0.24040021754476024,0.2514446862260086,wait:0.000000;d:0.195836;e:0.021974;d+e:0.078535
0,104:0,104,d,False,0.0,0.0,0.0,0.0,0.0,0.0,0.0,0.0,0.0,0.0,0.4805291116972771,0.3077848861998414,0.24182705034992438,0.26225319894977905,wait:0.000000;d:0.190805;e:0.014853;d+e:0.065773
0,106:0,106,d,False,0.0,0.0,0.0,0.0,0.0,0.0,0.0,0.0,0.0,0.0,0.6038869960114561,0.39577465450103894,0.16466671110779404,0.16123358388235126,wait:0.000000;d:0.379028;e:0.195092;d+e:0.360387
0,107:0,107,d,False,0.0,0.0,0.0,0.0,0.0,0.0,0.0,0.0,0.0,0.0,0.5601272085917144,0.4027578298740651,0.11188658600935725,0.20311708869163475,wait:0.000000;d:0.392410;e:0.159496;d+e:0.349041
0,108:0,108,d,False,0.0,0.0,0.0,0.0,0.0,0.0,0.0,0.0,0.0,0.0,0.712589369414454,0.5801760444086993,0.13671870609908326,0.3181198326494777,wait:0.000000;d:0.504843;e:0.204227;d+e:0.353952
0,111:0,111,d+e,False,0.0,0.0,0.0,0.0,0.0,0.0,0.0,0.0,0.0,0.0,0.6296869035044703,0.48249741418436287,0.11558516615917062,0.1539376686338176,wait:0.000000;d:0.451337;e:0.280467;d+e:0.465530
0,112:0,112,d,False,0.0,0.0,0.0,0.0,0.0,0.0,0.0,0.0,0.0,0.0,0.7348930726439825,0.5747899891492501,0.10878586675424282,0.1906376254280636,wait:0.000000;d:0.552856;e:0.326860;d+e:0.517318
0,113:0,113,e,False,0.0,0.0,0.0,0.0,0.0,0.0,0.0,0.0,0.0,0.0,0.36884265054638277,0.5871883438705638,0.20774743918817895,0.15152591661893103,wait:0.000000;d:0.124331;e:0.377134;d+e:0.305908
0,117:0,117,d,False,0.0,0.0,0.0,0.0,0.0,0.0,0.0,0.0,0.0,0.0,0.5762276374207189,0.31861268573099333,0.26177083556612213,0.28997807026483413,wait:0.000000;d:0.257021;e:-0.003123;d+e:0.085080
0,118:0,118,d,False,0.0,0.0,0.0,0.0,0.0,0.0,0.0,0.0,0.0,0.0,0.7419538127860572,0.3257052711190269,0.22127615320016214,0.1744441787687567,wait:0.000000;d:0.446723;e:0.118796;d+e:0.349635
3,0:0,0,no_addition,False,0.5,0.25,0.5,0.25,0.5,0.25,0.0,0.0,0.0,0.0,0.6849269699863758,0.5877091393923862,0.13353371571978315,0.26208570973856765,wait:0.661369;e:0.558463
3,1:0,1,no_addition,False,0.75,0.0,0.75,0.0,0.75,0.0,0.0,0.0,0.0,0.0,0.369650571145668,0.4360154983432703,0.09901851576225212,0.17870348057465263,wait:0.627678
3,3:0,3,e,False,0.16666666666666666,0.0,0.16666666666666666,0.0,0.16666666666666666,0.0,0.0,0.0,0.0,0.0,0.6216450067394355,0.5023413918212314,0.11066272076529313,0.3775813505449553,wait:0.000000;e:0.054689
3,5:0,5,no_addition,False,0.42857142857142855,0.14285714285714285,0.42857142857142855,0.0,0.42857142857142855,0.14285714285714285,0.0,0.0,0.0,1.0,0.46352023428589695,0.24229559868353484,0.14717929211907024,0.2935000403612489,wait:0.000000;e:-0.095355
3,6:0,6,no_addition,False,0.5,0.0,0.0,0.0,0.5,0.0,0.0,0.0,1.0,0.0,0.5090473200473854,0.5586571827756612,0.20656606870499752,0.2675680860468209,wait:0.491539;e:0.459713
3,7:0,7,no_addition,False,0.9,0.3,0.9,0.3,0.9,0.3,0.0,0.0,0.0,0.0,0.6195015022100783,0.5941831448229777,0.16723023722802344,0.19747450446630294,wait:0.828729
3,8:0,8,no_addition,False,0.4444444444444444,0.1111111111111111,0.4444444444444444,0.1111111111111111,0.4444444444444444,0.1111111111111111,0.0,0.0,0.0,0.0,0.42224487806266675,0.31676733048151573,0.08877525925343525,0.3198151280576934,wait:0.407722;e:0.236821
3,10:0,10,no_addition,False,0.2,0.4,0.2,0.2,0.2,0.4,0.0,0.0,0.0,1.0,0.5288431740927177,0.5294597905080307,0.21128865854501644,0.27354295630407155,wait:0.510654;e:0.450375
3,11:0,11,no_addition,False,0.3333333333333333,0.16666666666666666,0.3333333333333333,0.0,0.3333333333333333,0.16666666666666666,0.0,0.0,0.0,1.0,0.657146533296191,0.34031343863475266,0.10503948801069708,0.14951652033469656,wait:0.634544;e:0.577001
3,12:0,12,no_addition,False,0.3333333333333333,0.16666666666666666,0.3333333333333333,0.0,0.3333333333333333,0.16666666666666666,0.0,0.0,0.0,1.0,0.7437817987812785,0.4367494471562968,0.22198180170945184,0.3009432734295452,wait:0.718200;e:0.508065
3,15:0,15,no_addition,False,0.8571428571428571,0.2857142857142857,0.8571428571428571,0.2857142857142857,0.8571428571428571,0.2857142857142857,0.0,0.0,0.0,0.0,0.5815402376273211,0.3651732285065892,0.09953744196815423,0.3477759012907366,wait:0.561538;e:0.337917
3,16:0,16,no_addition,False,0.2222222222222222,0.1111111111111111,0.2222222222222222,0.1111111111111111,0.2222222222222222,0.1111111111111111,0.0,0.0,0.0,0.0,0.6713353420972463,0.35549804760622816,0.1916640978599081,0.1886412751430195,wait:0.648245;e:0.552188
3,17:0,17,no_addition,False,0.25,0.0,0.25,0.0,0.25,0.0,0.0,0.0,0.0,0.0,0.5319935126913222,0.5734977925998279,0.24120692483494938,0.30760713930070754,wait:0.513696;e:0.437184
3,19:0,19,no_addition,False,0.6666666666666666,0.3333333333333333,0.6666666666666666,0.3333333333333333,0.6666666666666666,0.3333333333333333,0.0,0.0,0.0,0.0,0.7251883343647291,0.445278758799319,0.11694300524657834,0.21432470041145293,wait:0.700246;e:0.586091
3,20:0,20,no_addition,False,0.16666666666666666,0.16666666666666666,0.16666666666666666,0.16666666666666666,0.16666666666666666,0.16666666666666666,0.0,0.0,0.0,0.0,0.6195092762977208,0.4718195611743685,0.13748771833624548,0.3313690644133946,wait:0.598202;e:0.417513
3,21:0,21,no_addition,False,0.42857142857142855,0.14285714285714285,0.42857142857142855,0.14285714285714285,0.42857142857142855,0.14285714285714285,0.0,0.0,0.0,0.0,0.5103334540765462,0.43207319627694624,0.22786279850839286,0.15809720724253287,wait:0.704399
3,22:0,22,no_addition,False,0.8333333333333334,0.16666666666666666,0.8333333333333334,0.0,0.8333333333333334,0.16666666666666666,0.0,0.0,0.0,1.0,0.5249099051021684,0.435445661904109,0.08935979473883567,0.37336942475649815,wait:0.506856;e:0.306820
3,24:0,24,no_addition,False,0.7142857142857143,0.14285714285714285,0.7142857142857143,0.14285714285714285,0.7142857142857143,0.14285714285714285,0.0,0.0,0.0,0.0,0.6684423983588719,0.5335729502393609,0.2249118514420491,0.3583023897830215,wait:0.645452;e:0.437470
3,27:0,27,no_addition,False,0.6,0.0,0.6,0.0,0.6,0.0,0.0,0.0,0.0,0.0,0.6925893067107659,0.6392206064589001,0.13885544736205196,0.3684614046068823,wait:0.668768;e:0.470933
3,30:0,30,no_addition,False,0.6666666666666666,0.25,0.6666666666666666,0.25,0.6666666666666666,0.25,0.0,0.0,0.0,0.0,0.6113152525564187,0.48946698833342217,0.09159790058598928,0.28201654865654985,wait:0.590289;e:0.468824
3,31:0,31,no_addition,False,0.9,0.1,0.9,0.1,0.9,0.1,0.0,0.0,0.0,0.0,0.639231730984955,0.5962232349389468,0.13019173166294207,0.19046667229923792,wait:0.837604
3,35:0,35,no_addition,False,0.6666666666666666,0.3333333333333333,0.6666666666666666,0.0,0.6666666666666666,0.3333333333333333,0.0,0.0,0.0,2.0,0.5686148129675394,0.3237331049906871,0.09844766474731273,0.1603410525382581,wait:0.549058;e:0.500150
3,37:0,37,no_addition,False,0.8571428571428571,0.14285714285714285,0.8571428571428571,0.14285714285714285,0.8571428571428571,0.14285714285714285,0.0,0.0,0.0,0.0,0.6566398133866089,0.6048095714434447,0.1980309230115764,0.19162572583057183,wait:0.847770
3,39:0,39,no_addition,False,0.6363636363636364,0.18181818181818182,0.6363636363636364,0.09090909090909091,0.6363636363636364,0.18181818181818182,0.0,0.0,0.0,1.0,0.4294577007052264,0.4134846893986729,0.09843178923534268,0.30281408764209367,wait:0.414687;e:0.309767
3,42:0,42,d,False,0.42857142857142855,0.0,0.42857142857142855,0.0,0.42857142857142855,0.0,0.0,0.0,0.0,0.0,0.3646625997759556,0.43924046267399164,0.18694618953244327,0.16482639385390188,wait:0.000000;d:0.121368
3,45:0,45,no_addition,False,0.7142857142857143,0.14285714285714285,0.7142857142857143,0.14285714285714285,0.7142857142857143,0.14285714285714285,0.0,0.0,0.0,0.0,0.6827854347063236,0.4698376893113625,0.20911747682237064,0.16137025529824328,wait:0.659301;e:0.622049
3,46:0,46,d,False,0.7777777777777778,0.1111111111111111,0.6666666666666666,0.1111111111111111,0.7777777777777778,0.1111111111111111,0.0,0.0,1.0,0.0,0.41622433196797326,0.6596503611583785,0.15642205198191347,0.15221608739172474,wait:0.000000;d:0.198315
3,49:0,49,no_addition,False,0.5714285714285714,0.14285714285714285,0.5714285714285714,0.14285714285714285,0.5714285714285714,0.14285714285714285,0.0,0.0,0.0,0.0,0.5412220236875722,0.6085239383184402,0.1833623277295567,0.34495128206490155,wait:0.522607;e:0.419205
3,50:0,50,no_addition,False,0.375,0.0,0.375,0.0,0.375,0.0,0.0,0.0,0.0,0.0,0.3887471694008641,0.28772933443180404,0.19314209956749742,0.2124178474471884,wait:0.375376;e:0.304767
3,52:0,52,no_addition,False,0.625,0.0,0.625,0.0,0.625,0.0,0.0,0.0,0.0,0.0,0.6875190938505968,0.424566771177051,0.2167041705359643,0.2339709438701195,wait:0.663872;e:0.538385
3,54:0,54,d,False,0.2857142857142857,0.14285714285714285,0.2857142857142857,0.14285714285714285,0.2857142857142857,0.14285714285714285,0.0,0.0,0.0,0.0,0.36049733782908744,0.5523253568294493,0.24074615087626766,0.3314705851550098,wait:0.000000;d:0.063818
3,57:0,57,no_addition,False,0.5714285714285714,0.0,0.5714285714285714,0.0,0.5714285714285714,0.0,0.0,0.0,0.0,0.0,0.4174812585006399,0.5332006780167822,0.09840469015395173,0.17145316688890727,wait:0.403122
3,58:0,58,no_addition,False,0.5,0.5,0.5,0.5,0.5,0.5,0.0,0.0,0.0,0.0,0.6198457129212576,0.4512439536464701,0.22377545367808513,0.18479528547532514,wait:0.598526;e:0.556836
3,59:0,59,no_addition,False,0.6666666666666666,0.0,0.6666666666666666,0.0,0.6666666666666666,0.0,0.0,0.0,0.0,0.0,0.7002922637422113,0.5074985384558233,0.20374852758003498,0.40267072128357945,wait:0.676206;e:0.401481
3,60:0,60,d,False,0.0,0.5,0.0,0.5,0.0,0.5,0.0,0.0,0.0,0.0,0.5845134400782842,0.6274568073919631,0.21802528225456477,0.20091547943591287,wait:0.000000;d:0.288227
3,61:0,61,no_addition,False,0.4,0.0,0.4,0.0,0.4,0.0,0.0,0.0,0.0,0.0,0.40466418061386694,0.42786425934215844,0.18512227280455865,0.3431351479999387,wait:0.390746;e:0.262306
3,62:0,62,no_addition,False,0.25,0.0,0.25,0.0,0.25,0.0,0.0,0.0,0.0,0.0,0.7237425411252645,0.62163411087903,0.1797837520367065,0.1589368749570172,wait:0.698850
3,68:0,68,no_addition,False,0.7142857142857143,0.14285714285714285,0.7142857142857143,0.14285714285714285,0.7142857142857143,0.14285714285714285,0.0,0.0,0.0,0.0,0.4856375652076465,0.39336260514379606,0.22396185261212265,0.2794370390781513,wait:0.468934;e:0.357576
3,69:0,69,no_addition,False,0.75,0.0,0.75,0.0,0.75,0.0,0.0,0.0,0.0,0.0,0.6022842267235775,0.3907241381421482,0.1064370840077391,0.2509880233786041,wait:0.581569;e:0.457776
3,70:0,70,no_addition,False,0.42857142857142855,0.0,0.42857142857142855,0.0,0.42857142857142855,0.0,0.0,0.0,0.0,0.0,0.7250418326056267,0.49302427799958903,0.1889728892934303,0.2580273057930491,wait:0.700104;e:0.555195
3,71:0,71,no_addition,False,0.2,0.6,0.2,0.4,0.2,0.6,0.0,0.0,0.0,1.0,0.6224433221045399,0.4702137545837226,0.14773908868125665,0.20238887350411003,wait:0.601035;e:0.547546
3,73:0,73,no_addition,False,0.8,0.2,0.8,0.2,0.8,0.2,0.0,0.0,0.0,0.0,0.40420682498105226,0.36825884895626715,0.0851356250182314,0.2052654022147686,wait:0.390304;e:0.367185
3,75:0,75,no_addition,False,0.6153846153846154,0.3076923076923077,0.6153846153846154,0.23076923076923078,0.6153846153846154,0.3076923076923077,0.0,0.0,0.0,1.0,0.4230941969831738,0.46315057513822405,0.12738917819302945,0.198987611434852,wait:0.673054
3,76:0,76,no_addition,False,0.8,0.2,0.8,0.2,0.8,0.2,0.0,0.0,0.0,0.0,0.4607091825541645,0.355946265462487,0.20862859939489922,0.35302385945812526,wait:0.444863;e:0.249743
3,77:0,77,no_addition,False,1.0,0.25,1.0,0.25,1.0,0.25,0.0,0.0,0.0,0.0,0.7057895980559208,0.5099150606963985,0.14199966592570376,0.32335197754681555,wait:0.681514;e:0.484376
3,78:0,78,no_addition,False,1.0,0.0,1.0,0.0,1.0,0.0,0.0,0.0,0.0,0.0,0.6649527470465615,0.2708445688219129,0.15631345646326608,0.3732642554777805,wait:0.642082;e:0.336095
3,79:0,79,no_addition,False,0.5714285714285714,0.14285714285714285,0.5714285714285714,0.14285714285714285,0.5714285714285714,0.14285714285714285,0.0,0.0,0.0,0.0,0.6554007144387883,0.3386993507256493,0.10364226588870072,0.22201355474653134,wait:0.632858;e:0.502801
3,82:0,82,no_addition,False,0.75,0.25,0.75,0.125,0.75,0.25,0.0,0.0,0.0,1.0,0.7286328395366878,0.3271695956585403,0.13344075210182443,0.144448506574641,wait:0.703572;e:0.626439
3,83:0,83,no_addition,False,0.625,0.25,0.5,0.125,0.625,0.25,0.0,0.0,1.0,1.0,0.6293246676613566,0.2923476946386365,0.22772083924616288,0.19160031934702032,wait:0.607679;e:0.499341
3,85:0,85,no_addition,False,0.75,0.25,0.75,0.25,0.75,0.25,0.0,0.0,0.0,0.0,0.7153815322741996,0.556425413119678,0.13909668044293982,0.2142849452635454,wait:0.690776;e:0.611401
3,88:0,88,no_addition,False,0.75,0.0,0.75,0.0,0.75,0.0,0.0,0.0,0.0,0.0,0.7163316377708322,0.6143286754778456,0.08338412365652702,0.2526309343782891,wait:0.691694;e:0.589585
3,89:0,89,no_addition,False,0.5,0.0,0.5,0.0,0.5,0.0,0.0,0.0,0.0,0.0,0.6654086354683044,0.32308926941883376,0.15670442195725018,0.28314038201118613,wait:0.642522;e:0.443367
3,90:0,90,no_addition,False,0.36363636363636365,0.09090909090909091,0.36363636363636365,0.09090909090909091,0.36363636363636365,0.09090909090909091,0.0,0.0,0.0,0.0,0.5496088598221989,0.5230713273300622,0.12511468362270411,0.3384134903065993,wait:0.530705;e:0.393299
3,91:0,91,no_addition,False,0.5,0.125,0.5,0.0,0.5,0.125,0.0,0.0,0.0,1.0,0.4008685735824922,0.40870608774136663,0.1992592271953834,0.16090322640739624,wait:0.394649;d:0.393868
3,92:0,92,no_addition,False,0.8,0.2,0.8,0.2,0.8,0.2,0.0,0.0,0.0,0.0,0.5836859411228719,0.5217641296334619,0.15321842360907156,0.2062050120290187,wait:0.563610;e:0.542402
3,99:0,99,no_addition,False,0.5,0.0,0.5,0.0,0.5,0.0,0.0,0.0,0.0,0.0,0.595919754635573,0.3031051908867153,0.2310367742941736,0.36362387727822276,wait:0.575423;e:0.307663
3,100:0,100,no_addition,False,0.5714285714285714,0.0,0.5714285714285714,0.0,0.5714285714285714,0.0,0.0,0.0,0.0,0.0,0.7169641560585482,0.4692832919180363,0.2057714728633017,0.18559087631515395,wait:0.692304;e:0.616717
3,101:0,101,no_addition,False,0.5555555555555556,0.0,0.4444444444444444,0.0,0.5555555555555556,0.0,0.0,0.0,1.0,0.0,0.5679878450045264,0.36314160703095977,0.2137550920842222,0.2558610523356464,wait:0.548452;e:0.420223
3,102:0,102,no_addition,False,0.8,0.0,0.8,0.0,0.8,0.0,0.0,0.0,0.0,0.0,0.701367219239883,0.26701134800970727,0.1576796789628386,0.3406883754000892,wait:0.677244;e:0.394145
3,103:0,103,no_addition,False,0.8571428571428571,0.2857142857142857,0.8571428571428571,0.2857142857142857,0.8571428571428571,0.2857142857142857,0.0,0.0,0.0,0.0,0.48453188448400963,0.3036894266573445,0.19918875167994418,0.23707641844166522,wait:0.467867;e:0.356286
3,104:0,104,no_addition,False,0.4,0.4,0.4,0.0,0.4,0.4,0.0,0.0,0.0,2.0,0.4805291116972771,0.2616171532698652,0.22248088632193042,0.2412729430337967,wait:0.464002;e:0.328978
3,106:0,106,no_addition,False,0.4,0.0,0.4,0.0,0.4,0.0,0.0,0.0,0.0,0.0,0.6038869960114561,0.39577465450103894,0.1514933742191705,0.16123358388235126,wait:0.583117;e:0.550429
3,107:0,107,no_addition,False,0.5,0.2,0.5,0.1,0.5,0.2,0.0,0.0,0.0,1.0,0.5601272085917144,0.36248204688665864,0.10069792740842153,0.19499240514396934,wait:0.540862;e:0.475710
3,108:0,108,no_addition,False,0.5,0.25,0.5,0.16666666666666666,0.5,0.25,0.0,0.0,0.0,1.0,0.712589369414454,0.5221584399678294,0.12304683548917494,0.30221384101700377,wait:0.688080;e:0.512504
3,111:0,111,no_addition,False,0.6666666666666666,0.16666666666666666,0.6666666666666666,0.16666666666666666,0.6666666666666666,0.16666666666666666,0.0,0.0,0.0,0.0,0.6296869035044703,0.48249741418436287,0.10017381067128121,0.14880641301269035,wait:0.790649
3,112:0,112,no_addition,False,0.3333333333333333,0.0,0.3333333333333333,0.0,0.3333333333333333,0.0,0.0,0.0,0.0,0.0,0.7348930726439825,0.5747899891492501,0.1015334756372933,0.1906376254280636,wait:0.709617;e:0.649252
3,113:0,113,no_addition,False,0.25,0.25,0.25,0.0,0.25,0.25,0.0,0.0,0.0,1.0,0.36884265054638277,0.5284695094835075,0.19736006722877,0.14394962078798448,wait:0.510293;d:0.455554
3,117:0,117,no_addition,False,0.6,0.0,0.4,0.0,0.6,0.0,0.0,0.0,1.0,0.0,0.5186048736786469,0.31861268573099333,0.23035833529818747,0.28997807026483413,wait:0.500768;e:0.333997
3,118:0,118,no_addition,False,0.625,0.375,0.625,0.25,0.625,0.375,0.0,0.0,0.0,1.0,0.7419538127860572,0.2931347440071242,0.19361663405014187,0.16136086536109995,wait:0.716435;e:0.609911
4,3:0,3,no_addition,False,0.0,0.0,0.0,0.0,0.0,0.0,1.0,0.0,0.0,0.0,0.6594805060654919,0.5023413918212314,0.11447867665375151,0.3775813505449553,wait:0.468380
4,5:0,5,no_addition,False,0.5714285714285714,0.0,0.5714285714285714,0.0,0.14285714285714285,0.0,0.0,0.0,0.0,1.0,0.46352023428589695,0.24229559868353484,0.1425799392403493,0.3021323944895209,wait:0.000000;e:-0.103988
4,8:0,8,no_addition,False,0.3333333333333333,0.0,0.3333333333333333,0.0,0.0,0.0,0.0,0.0,1.0,1.0,0.38002039025640005,0.2850905974333642,0.09094050947912881,0.3270836536953683,wait:0.000000;e:-0.090410
4,10:0,10,no_addition,False,0.2,0.0,0.2,0.0,0.2,0.0,1.0,1.0,0.0,1.0,0.5759588566834459,0.575045357702029,0.21128865854501644,0.2973293003305126,wait:0.493260;e:0.438284
4,11:0,11,no_addition,False,0.5,0.0,0.5,0.0,0.16666666666666666,0.0,0.0,0.0,0.0,1.0,0.657146533296191,0.34031343863475266,0.10128807772460076,0.15467226241520335,wait:0.562790;e:0.522076
4,12:0,12,no_addition,False,0.5,0.0,0.5,0.0,0.16666666666666666,0.0,0.0,0.0,0.0,1.0,0.7437817987812785,0.4367494471562968,0.21405388021982855,0.3113206276857364,wait:0.636986;e:0.448408
4,15:0,15,no_addition,False,0.7142857142857143,0.14285714285714285,0.7142857142857143,0.14285714285714285,0.0,0.0,0.0,0.0,1.0,1.0,0.5233862138645891,0.3286559056559303,0.102969767553263,0.3583145649662135,wait:0.000000;e:-0.082418
4,16:0,16,no_addition,False,0.2222222222222222,0.0,0.2222222222222222,0.0,0.0,0.0,0.0,0.0,0.0,1.0,0.6713353420972463,0.3199482428456053,0.1916640978599081,0.1929285768508154,wait:0.574942;e:0.484454
4,17:0,17,no_addition,False,0.25,0.0,0.25,0.0,0.0,0.0,0.0,0.0,0.0,0.0,0.5319935126913222,0.5734977925998279,0.24120692483494938,0.30760713930070754,wait:0.455607;e:0.409089
4,19:0,19,no_addition,False,0.3333333333333333,0.0,0.3333333333333333,0.0,0.0,0.0,1.0,1.0,0.0,0.0,0.7526695009282561,0.5007508829193871,0.12593862103477668,0.22963360758369958,wait:0.644598;e:0.555193
4,20:0,20,no_addition,False,0.16666666666666666,0.16666666666666666,0.16666666666666666,0.16666666666666666,0.0,0.0,0.0,0.0,0.0,0.0,0.6195092762977208,0.4718195611743685,0.13748771833624548,0.3313690644133946,wait:0.530557;e:0.378603
4,22:0,22,no_addition,False,0.8333333333333334,0.0,0.8333333333333334,0.0,0.0,0.0,0.0,0.0,0.0,1.0,0.5249099051021684,0.435445661904109,0.08935979473883567,0.38624423250672224,wait:0.449541;e:0.259100
4,24:0,24,no_addition,False,0.7142857142857143,0.0,0.7142857142857143,0.0,0.0,0.0,0.0,0.0,0.0,1.0,0.6684423983588719,0.48021565521542475,0.2249118514420491,0.36884069536487507,wait:0.572464;e:0.368469
4,27:0,27,no_addition,False,0.6,0.0,0.6,0.0,0.0,0.0,0.0,0.0,0.0,0.0,0.6925893067107659,0.6392206064589001,0.13885544736205196,0.3684614046068823,wait:0.593144;e:0.438831
4,30:0,30,no_addition,False,0.5833333333333334,0.0,0.5833333333333334,0.0,0.0,0.0,0.0,1.0,0.0,2.0,0.6113152525564187,0.46136293043340615,0.09335939867418137,0.2968595249016314,wait:0.523540;e:0.404590
4,31:0,31,no_addition,False,0.7,0.0,0.7,0.0,0.0,0.0,2.0,1.0,0.0,0.0,0.6933469713372117,0.6366009114450522,0.13654254784162217,0.19435374724412033,wait:0.593793
4,35:0,35,no_addition,False,0.8333333333333334,0.0,0.8333333333333334,0.0,0.16666666666666666,0.0,0.0,0.0,0.0,2.0,0.5686148129675394,0.3237331049906871,0.09466121610318531,0.17179398486241937,wait:0.486970;e:0.444706
4,37:0,37,no_addition,False,0.7142857142857143,0.0,0.7142857142857143,0.0,0.0,0.0,0.0,0.0,1.0,1.0,0.590975832047948,0.5443286142991002,0.20485957552921696,0.19726177659029454,wait:0.506121
4,39:0,39,no_addition,False,0.6363636363636364,0.0,0.6363636363636364,0.0,0.0,0.0,0.0,0.0,0.0,2.0,0.4294577007052264,0.3905133177654133,0.09843178923534268,0.3142410343455689,wait:0.367794;e:0.255830
4,42:0,42,no_addition,False,0.42857142857142855,0.0,0.42857142857142855,0.0,0.0,0.0,0.0,0.0,0.0,0.0,0.3646625997759556,0.43924046267399164,0.18694618953244327,0.16482639385390188,wait:0.340009
4,45:0,45,no_addition,False,0.5714285714285714,0.0,0.5714285714285714,0.0,0.0,0.0,1.0,1.0,0.0,0.0,0.7145068912356911,0.5228539203802262,0.21608805938311634,0.1661164392776034,wait:0.611915;e:0.608485
4,46:0,46,no_addition,False,0.6666666666666666,0.0,0.6666666666666666,0.0,0.0,0.0,0.0,0.0,1.0,1.0,0.41622433196797326,0.5936853250425407,0.16053842177091118,0.15567554392335484,wait:0.388085
4,49:0,49,no_addition,False,0.5714285714285714,0.0,0.5714285714285714,0.0,0.0,0.0,0.0,0.0,0.0,1.0,0.5412220236875722,0.5476715444865962,0.1833623277295567,0.3550969080079869,wait:0.463511;e:0.352947
4,50:0,50,no_addition,False,0.375,0.0,0.375,0.0,0.0,0.0,0.0,0.0,0.0,0.0,0.3887471694008641,0.28772933443180404,0.19314209956749742,0.2124178474471884,wait:0.332929;e:0.273316
4,52:0,52,no_addition,False,0.5,0.0,0.5,0.0,0.0,0.0,0.0,0.0,1.0,0.0,0.6187671844655371,0.424566771177051,0.2228957182655633,0.2339709438701195,wait:0.529922;e:0.455637
4,54:0,54,no_addition,False,0.2857142857142857,0.0,0.2857142857142857,0.0,0.0,0.0,0.0,0.0,0.0,1.0,0.36049733782908744,0.4970928211465043,0.24074615087626766,0.3412197200125101,wait:0.336125
4,57:0,57,no_addition,False,0.5714285714285714,0.0,0.5714285714285714,0.0,0.0,0.0,0.0,0.0,0.0,0.0,0.4174812585006399,0.5332006780167822,0.09840469015395173,0.17145316688890727,wait:0.357537
4,58:0,58,no_addition,False,0.25,0.0,0.25,0.0,0.0,0.0,1.0,1.0,0.0,1.0,0.6578611416291318,0.4585573605994996,0.23620742332686762,0.20532809497258347,wait:0.563402;e:0.518324
4,59:0,59,no_addition,False,0.6666666666666666,0.0,0.6666666666666666,0.0,0.0,0.0,0.0,0.0,0.0,0.0,0.7002922637422113,0.5074985384558233,0.20374852758003498,0.40267072128357945,wait:0.599741;e:0.359954
4,60:0,60,no_addition,False,0.0,0.0,0.0,0.0,0.0,0.0,0.0,0.0,0.0,1.0,0.5845134400782842,0.5647111266527667,0.21802528225456477,0.22323942159545873,wait:0.544997
4,61:0,61,no_addition,False,0.4,0.0,0.4,0.0,0.0,0.0,0.0,0.0,0.0,0.0,0.40466418061386694,0.42786425934215844,0.18512227280455865,0.3431351479999387,wait:0.346561;e:0.235141
4,62:0,62,no_addition,False,0.25,0.0,0.25,0.0,0.0,0.0,0.0,0.0,0.0,0.0,0.7237425411252645,0.62163411087903,0.1797837520367065,0.1589368749570172,wait:0.619824
4,68:0,68,no_addition,False,0.7142857142857143,0.14285714285714285,0.7142857142857143,0.14285714285714285,0.0,0.0,0.0,0.0,0.0,0.0,0.4856375652076465,0.39336260514379606,0.22396185261212265,0.2794370390781513,wait:0.415907;e:0.323329
4,69:0,69,no_addition,False,0.75,0.0,0.75,0.0,0.0,0.0,0.0,0.0,0.0,0.0,0.6022842267235775,0.3907241381421482,0.1064370840077391,0.2509880233786041,wait:0.515805;e:0.415147
4,70:0,70,no_addition,False,0.42857142857142855,0.0,0.42857142857142855,0.0,0.0,0.0,0.0,0.0,0.0,0.0,0.7250418326056267,0.49302427799958903,0.1889728892934303,0.2580273057930491,wait:0.620937;e:0.511169
4,71:0,71,no_addition,False,0.4,0.0,0.4,0.0,0.2,0.0,0.0,0.0,0.0,3.0,0.6224433221045399,0.42841697639850285,0.14158329331953762,0.22998735625467048,wait:0.533070;e:0.463184
4,73:0,73,e,False,0.6,0.0,0.6,0.0,0.0,0.0,1.0,1.0,0.0,0.0,0.46378614248294703,0.43143296406064047,0.08918970240005195,0.21381812730705063,wait:0.397193;e:0.397523
4,75:0,75,no_addition,False,0.5384615384615384,0.07692307692307693,0.5384615384615384,0.07692307692307693,0.07692307692307693,0.0,1.0,1.0,1.0,2.0,0.43463006743569776,0.48198163512593745,0.12962407605606505,0.20877388740705785,wait:0.372224
4,76:0,76,no_addition,False,0.8,0.0,0.8,0.0,0.0,0.0,0.0,0.0,0.0,1.0,0.4607091825541645,0.32035163891623825,0.20862859939489922,0.36773318693554713,wait:0.394558;e:0.181447
4,77:0,77,no_addition,False,0.75,0.0,0.75,0.0,0.0,0.0,1.0,1.0,0.0,0.0,0.7352106382503287,0.5589235546267586,0.15087464504606024,0.3403705026808585,wait:0.629646;e:0.455642
4,78:0,78,no_addition,False,1.0,0.0,1.0,0.0,0.0,0.0,0.0,0.0,0.0,0.0,0.6649527470465615,0.2708445688219129,0.15631345646326608,0.3732642554777805,wait:0.569476;e:0.281194
4,79:0,79,no_addition,False,0.5714285714285714,0.0,0.5714285714285714,0.0,0.0,0.0,0.0,0.0,0.0,1.0,0.6554007144387883,0.3048294156530843,0.10364226588870072,0.22854336518025284,wait:0.561295;e:0.433152
4,82:0,82,no_addition,False,0.5,0.0,0.5,0.0,0.0,0.0,2.0,1.0,0.0,1.0,0.7693379136061846,0.38399350701084367,0.14129020810781412,0.1520510595522537,wait:0.658873;e:0.604756
4,83:0,83,no_addition,False,0.5,0.0,0.5,0.0,0.125,0.0,0.0,1.0,1.0,1.0,0.6293246676613566,0.3511061560476012,0.23422714893891042,0.20168454668107402,wait:0.538963;e:0.463017
4,85:0,85,no_addition,False,0.75,0.0,0.75,0.0,0.0,0.0,0.0,0.0,0.0,1.0,0.7153815322741996,0.5007828718077101,0.13909668044293982,0.22556310027741625,wait:0.612664;e:0.541738
4,88:0,88,no_addition,False,0.75,0.0,0.75,0.0,0.0,0.0,0.0,0.0,0.0,0.0,0.7163316377708322,0.6143286754778456,0.08338412365652702,0.2526309343782891,wait:0.613477;e:0.554630
4,89:0,89,no_addition,False,0.3333333333333333,0.0,0.3333333333333333,0.0,0.0,0.0,0.0,0.0,1.0,0.0,0.5988677719214739,0.32308926941883376,0.16250828943714835,0.28314038201118613,wait:0.512879;e:0.351435
4,90:0,90,no_addition,False,0.36363636363636365,0.0,0.36363636363636365,0.0,0.0,0.0,0.0,0.0,0.0,1.0,0.5496088598221989,0.470764194597056,0.12511468362270411,0.34468040679375855,wait:0.470693;e:0.330355
4,91:0,91,d,False,0.5,0.0,0.5,0.0,0.125,0.0,1.0,0.0,0.0,1.0,0.460781716224243,0.40870608774136663,0.1992592271953834,0.16502895016143204,wait:0.000000;d:0.195594
4,92:0,92,e,False,0.6,0.0,0.6,0.0,0.0,0.0,1.0,1.0,0.0,0.0,0.6253173470105847,0.5695877166701157,0.16051453901902735,0.21479688753022783,wait:0.535531;e:0.538920
4,99:0,99,no_addition,False,0.3333333333333333,0.0,0.3333333333333333,0.0,0.0,0.0,1.0,0.0,0.0,0.0,0.6363277791720157,0.3031051908867153,0.23959369186062449,0.36362387727822276,wait:0.544961;e:0.285514
4,100:0,100,no_addition,False,0.42857142857142855,0.0,0.42857142857142855,0.0,0.0,0.0,0.0,0.0,1.0,0.0,0.6452677404526934,0.4692832919180363,0.212409262310505,0.18559087631515395,wait:0.552617;e:0.536049
4,101:0,101,no_addition,False,0.4444444444444444,0.0,0.4444444444444444,0.0,0.0,0.0,0.0,0.0,1.0,0.0,0.5679878450045264,0.36314160703095977,0.21909896938632775,0.2558610523356464,wait:0.486433;e:0.378481
4,102:0,102,no_addition,False,0.6,0.0,0.6,0.0,0.0,0.0,0.0,0.0,1.0,0.0,0.6312304973158946,0.26701134800970727,0.1651882351039262,0.3406883754000892,wait:0.540595;e:0.290346
4,103:0,103,no_addition,False,0.8571428571428571,0.0,0.8571428571428571,0.0,0.0,0.0,0.0,0.0,0.0,2.0,0.48453188448400963,0.2581360126587428,0.19918875167994418,0.2514446862260086,wait:0.414960;e:0.279483
4,104:0,104,no_addition,False,0.6,0.0,0.6,0.0,0.2,0.0,0.0,0.0,0.0,2.0,0.4805291116972771,0.2616171532698652,0.21280780430793345,0.26225319894977905,wait:0.411532;e:0.267887
4,106:0,106,no_addition,False,0.4,0.0,0.4,0.0,0.0,0.0,0.0,0.0,0.0,0.0,0.6038869960114561,0.39577465450103894,0.1514933742191705,0.16123358388235126,wait:0.517178;e:0.507986
4,107:0,107,no_addition,False,0.5,0.0,0.5,0.0,0.1,0.0,1.0,0.0,0.0,2.0,0.6041144877325428,0.3423441553929554,0.10069792740842153,0.20311708869163475,wait:0.517373;e:0.443011
4,108:0,108,no_addition,False,0.5,0.0,0.5,0.0,0.08333333333333333,0.0,0.0,0.0,1.0,3.0,0.6413304324730086,0.4757443564151334,0.12304683548917494,0.3181198326494777,wait:0.549245;e:0.404195
4,111:0,111,no_addition,False,0.5,0.0,0.5,0.0,0.0,0.0,0.0,0.0,1.0,1.0,0.5667182131540233,0.4342476727659266,0.10402664954325357,0.1539376686338176,wait:0.676744
4,112:0,112,no_addition,False,0.3333333333333333,0.0,0.3333333333333333,0.0,0.0,0.0,0.0,0.0,0.0,0.0,0.7348930726439825,0.5747899891492501,0.1015334756372933,0.1906376254280636,wait:0.629374;e:0.610534
4,113:0,113,d,False,0.5,0.0,0.5,0.0,0.25,0.0,0.0,0.0,0.0,1.0,0.36884265054638277,0.5284695094835075,0.18697269526936106,0.15152591661893103,wait:0.000000;d:0.125105
4,117:0,117,no_addition,False,0.4,0.0,0.4,0.0,0.0,0.0,0.0,0.0,1.0,0.0,0.5186048736786469,0.31861268573099333,0.24082916872083235,0.28997807026483413,wait:0.444141;e:0.293614
4,118:0,118,no_addition,False,0.625,0.0,0.625,0.0,0.125,0.0,1.0,1.0,0.0,2.0,0.7677584315074515,0.32707832231760203,0.19361663405014187,0.1744441787687567,wait:0.657520;e:0.563928
5,3:0,3,no_addition,False,0.0,0.0,0.0,0.0,0.0,0.0,1.0,0.0,0.0,0.0,0.6594805060654919,0.5023413918212314,0.11447867665375151,0.3775813505449553,wait:0.485064
5,5:0,5,no_addition,False,0.5714285714285714,0.0,0.5714285714285714,0.0,0.14285714285714285,0.0,0.0,0.0,0.0,1.0,0.46352023428589695,0.24229559868353484,0.1425799392403493,0.3021323944895209,wait:0.000000;e:-0.103988
5,8:0,8,no_addition,False,0.3333333333333333,0.0,0.3333333333333333,0.0,0.0,0.0,0.0,0.0,1.0,1.0,0.38002039025640005,0.2850905974333642,0.09094050947912881,0.3270836536953683,wait:0.000000;e:-0.090410
5,15:0,15,no_addition,False,0.5714285714285714,0.0,0.5714285714285714,0.0,0.0,0.0,0.0,1.0,1.0,1.0,0.5233862138645891,0.38539724423060084,0.10640209313837176,0.36885322864169034,wait:0.000000;e:-0.041871
5,17:0,17,e,False,0.25,0.0,0.25,0.0,0.0,0.0,0.0,0.0,0.0,0.0,0.5319935126913222,0.5734977925998279,0.24120692483494938,0.30760713930070754,wait:0.000000;e:0.188727
5,19:0,19,e,False,0.3333333333333333,0.0,0.3333333333333333,0.0,0.0,0.0,1.0,1.0,0.0,0.0,0.7526695009282561,0.5007508829193871,0.12593862103477668,0.22963360758369958,wait:0.000000;e:0.201205
5,20:0,20,e,False,0.0,0.0,0.0,0.0,0.0,0.0,0.0,1.0,0.0,0.0,0.6195092762977208,0.5246376050569317,0.1422286741409436,0.34279558387592546,wait:0.000000;e:0.109549
5,22:0,22,no_addition,False,0.6666666666666666,0.16666666666666666,0.6666666666666666,0.16666666666666666,0.0,0.16666666666666666,1.0,0.0,0.0,1.0,0.5724189145919515,0.435445661904109,0.0929341865283891,0.37336942475649815,wait:0.434793;e:0.263009
5,24:0,24,no_addition,False,0.5714285714285714,0.0,0.5714285714285714,0.0,0.0,0.0,1.0,0.0,0.0,1.0,0.7015981585229847,0.48021565521542475,0.23240891315678405,0.36884069536487507,wait:0.532914;e:0.346018
5,27:0,27,e,False,0.6,0.0,0.6,0.0,0.0,0.0,0.0,0.0,0.0,0.0,0.6925893067107659,0.6392206064589001,0.13885544736205196,0.3684614046068823,wait:0.000000;e:0.187045
5,30:0,30,no_addition,False,0.6666666666666666,0.0,0.6666666666666666,0.0,0.08333333333333333,0.0,0.0,1.0,0.0,2.0,0.6113152525564187,0.46136293043340615,0.09159790058598928,0.2968595249016314,wait:0.464338;e:0.369980
5,31:0,31,no_addition,False,0.7,0.0,0.7,0.0,0.0,0.0,2.0,1.0,0.0,0.0,0.6933469713372117,0.6366009114450522,0.13654254784162217,0.19435374724412033,wait:0.526647
5,35:0,35,no_addition,False,0.8333333333333334,0.0,0.8333333333333334,0.0,0.16666666666666666,0.0,0.0,0.0,0.0,2.0,0.5686148129675394,0.3237331049906871,0.09466121610318531,0.17179398486241937,wait:0.431904;e:0.405690
5,37:0,37,no_addition,False,0.7142857142857143,0.0,0.7142857142857143,0.0,0.0,0.0,0.0,0.0,1.0,1.0,0.590975832047948,0.5443286142991002,0.20485957552921696,0.19726177659029454,wait:0.448889
5,39:0,39,no_addition,False,0.6363636363636364,0.0,0.6363636363636364,0.0,0.0,0.0,0.0,0.0,0.0,2.0,0.4294577007052264,0.3905133177654133,0.09843178923534268,0.3142410343455689,wait:0.326204;e:0.228862
5,42:0,42,no_addition,False,0.42857142857142855,0.0,0.42857142857142855,0.0,0.0,0.0,0.0,0.0,0.0,0.0,0.3646625997759556,0.43924046267399164,0.18694618953244327,0.16482639385390188,wait:0.352120
5,45:0,45,e,False,0.42857142857142855,0.0,0.42857142857142855,0.0,0.0,0.0,1.0,1.0,1.0,0.0,0.655367619500375,0.5228539203802262,0.22305864194386202,0.1661164392776034,wait:0.497799;e:0.548088
5,46:0,46,no_addition,False,0.3333333333333333,0.0,0.3333333333333333,0.0,0.0,0.0,3.0,0.0,1.0,1.0,0.5199771839715318,0.5936853250425407,0.17288753113790437,0.15567554392335484,wait:0.502093
5,49:0,49,no_addition,False,0.5714285714285714,0.0,0.5714285714285714,0.0,0.0,0.0,0.0,0.0,0.0,1.0,0.5412220236875722,0.5476715444865962,0.1833623277295567,0.3550969080079869,wait:0.411097;e:0.326378
5,50:0,50,no_addition,False,0.375,0.0,0.375,0.0,0.0,0.0,0.0,0.0,0.0,0.0,0.3887471694008641,0.28772933443180404,0.19314209956749742,0.2124178474471884,wait:0.295282;e:0.245421
5,52:0,52,no_addition,False,0.5,0.0,0.5,0.0,0.0,0.0,0.0,0.0,1.0,0.0,0.6187671844655371,0.424566771177051,0.2228957182655633,0.2339709438701195,wait:0.469998;e:0.418619
5,54:0,54,no_addition,False,0.42857142857142855,0.0,0.42857142857142855,0.0,0.14285714285714285,0.0,0.0,0.0,0.0,1.0,0.36049733782908744,0.4970928211465043,0.23345081297092624,0.3412197200125101,wait:0.348098
5,57:0,57,no_addition,False,0.5714285714285714,0.0,0.5714285714285714,0.0,0.0,0.0,0.0,0.0,0.0,0.0,0.4174812585006399,0.5332006780167822,0.09840469015395173,0.17145316688890727,wait:0.317107
5,58:0,58,no_addition,False,0.5,0.0,0.5,0.0,0.25,0.0,1.0,1.0,0.0,1.0,0.6578611416291318,0.4585573605994996,0.22377545367808513,0.20532809497258347,wait:0.499693;e:0.480917
5,59:0,59,no_addition,False,0.6666666666666666,0.0,0.6666666666666666,0.0,0.0,0.0,0.0,0.0,0.0,0.0,0.7002922637422113,0.5074985384558233,0.20374852758003498,0.40267072128357945,wait:0.531922;e:0.323123
5,60:0,60,no_addition,False,0.5,0.0,0.5,0.0,0.5,0.0,0.0,0.0,0.0,1.0,0.5845134400782842,0.5647111266527667,0.1962227540291083,0.22323942159545873,wait:0.564409
5,61:0,61,no_addition,False,0.2,0.0,0.2,0.0,0.0,0.0,0.0,0.0,1.0,0.0,0.36419776255248026,0.42786425934215844,0.19317106727432207,0.3431351479999387,wait:0.276634;e:0.192152
5,62:0,62,no_addition,False,0.25,0.0,0.25,0.0,0.0,0.0,0.0,0.0,0.0,0.0,0.7237425411252645,0.62163411087903,0.1797837520367065,0.1589368749570172,wait:0.549735
5,68:0,68,no_addition,False,0.5714285714285714,0.0,0.5714285714285714,0.0,0.0,0.0,0.0,1.0,0.0,0.0,0.4856375652076465,0.4540263446294165,0.2314272476991934,0.28765577552162636,wait:0.368877;e:0.319206
5,69:0,69,no_addition,False,0.75,0.0,0.75,0.0,0.0,0.0,0.0,0.0,0.0,0.0,0.6022842267235775,0.3907241381421482,0.1064370840077391,0.2509880233786041,wait:0.457478;e:0.377338
5,70:0,70,no_addition,False,0.42857142857142855,0.0,0.42857142857142855,0.0,0.0,0.0,0.0,0.0,0.0,0.0,0.7250418326056267,0.49302427799958903,0.1889728892934303,0.2580273057930491,wait:0.550722;e:0.472121
5,71:0,71,no_addition,False,0.6,0.0,0.6,0.0,0.4,0.0,0.0,0.0,0.0,3.0,0.6224433221045399,0.42841697639850285,0.1354274979578186,0.22998735625467048,wait:0.472791;e:0.426155
5,73:0,73,no_addition,False,0.4,0.2,0.4,0.2,0.0,0.2,2.0,1.0,0.0,0.0,0.49357580123389444,0.43143296406064047,0.09324377978187248,0.2052654022147686,wait:0.626360
5,75:0,75,no_addition,False,0.46153846153846156,0.0,0.46153846153846156,0.0,0.07692307692307693,0.0,1.0,2.0,1.0,2.0,0.43463006743569776,0.5116894001228658,0.13185897391910065,0.21203597939779312,wait:0.330133
5,76:0,76,no_addition,False,0.8,0.0,0.8,0.0,0.0,0.0,0.0,0.0,0.0,1.0,0.4607091825541645,0.32035163891623825,0.20862859939489922,0.36773318693554713,wait:0.349942;e:0.149699
5,77:0,77,no_addition,False,0.75,0.0,0.75,0.0,0.0,0.0,1.0,1.0,0.0,0.0,0.7352106382503287,0.5589235546267586,0.15087464504606024,0.3403705026808585,wait:0.558446;e:0.420271
5,78:0,78,no_addition,False,1.0,0.0,1.0,0.0,0.0,0.0,0.0,0.0,0.0,0.0,0.6649527470465615,0.2708445688219129,0.15631345646326608,0.3732642554777805,wait:0.505080;e:0.232501
5,79:0,79,no_addition,False,0.5714285714285714,0.0,0.5714285714285714,0.0,0.0,0.0,0.0,0.0,0.0,1.0,0.6554007144387883,0.3048294156530843,0.10364226588870072,0.22854336518025284,wait:0.497824;e:0.387101
5,82:0,82,no_addition,False,0.5,0.0,0.5,0.0,0.0,0.0,2.0,1.0,0.0,1.0,0.7693379136061846,0.38399350701084367,0.14129020810781412,0.1520510595522537,wait:0.584368;e:0.556008
5,83:0,83,no_addition,False,0.5,0.0,0.5,0.0,0.125,0.0,0.0,1.0,1.0,1.0,0.6293246676613566,0.3511061560476012,0.23422714893891042,0.20168454668107402,wait:0.478017;e:0.421337
5,85:0,85,no_addition,False,0.5,0.0,0.5,0.0,0.0,0.0,0.0,0.0,1.0,1.0,0.6438433790467797,0.5007828718077101,0.14727883811605394,0.22556310027741625,wait:0.489045;e:0.473855
5,88:0,88,no_addition,False,0.5833333333333334,0.0,0.5833333333333334,0.0,0.0,0.0,1.0,0.0,1.0,0.0,0.6838818921052074,0.6143286754778456,0.08665408929011631,0.2526309343782891,wait:0.519458;e:0.512612
5,89:0,89,no_addition,False,0.3333333333333333,0.0,0.3333333333333333,0.0,0.0,0.0,0.0,0.0,1.0,0.0,0.5988677719214739,0.32308926941883376,0.16250828943714835,0.28314038201118613,wait:0.454883;e:0.310309
5,90:0,90,no_addition,False,0.36363636363636365,0.0,0.36363636363636365,0.0,0.0,0.0,0.0,0.0,0.0,1.0,0.5496088598221989,0.470764194597056,0.12511468362270411,0.34468040679375855,wait:0.417468;e:0.299688
5,91:0,91,no_addition,False,0.375,0.0,0.375,0.0,0.125,0.0,2.0,0.0,0.0,1.0,0.4907382875451184,0.40870608774136663,0.2047942057285885,0.16502895016143204,wait:0.457561
5,92:0,92,no_addition,False,0.6,0.2,0.6,0.2,0.0,0.2,1.0,1.0,0.0,0.0,0.6253173470105847,0.5695877166701157,0.16051453901902735,0.2062050120290187,wait:0.753805
5,99:0,99,no_addition,False,0.3333333333333333,0.0,0.3333333333333333,0.0,0.0,0.0,1.0,0.0,0.0,0.0,0.6363277791720157,0.3031051908867153,0.23959369186062449,0.36362387727822276,wait:0.483337;e:0.240707
5,100:0,100,no_addition,False,0.2857142857142857,0.0,0.2857142857142857,0.0,0.0,0.0,1.0,0.0,1.0,0.0,0.684419532649766,0.4692832919180363,0.21904705175770828,0.18559087631515395,wait:0.519866;e:0.517135
5,101:0,101,no_addition,False,0.4444444444444444,0.1111111111111111,0.4444444444444444,0.1111111111111111,0.0,0.1111111111111111,0.0,0.0,1.0,0.0,0.5679878450045264,0.36314160703095977,0.21909896938632775,0.250175251172632,wait:0.431428;e:0.347145
5,102:0,102,no_addition,False,0.4,0.0,0.4,0.0,0.0,0.0,1.0,0.0,1.0,0.0,0.6711621363539005,0.26701134800970727,0.17269679124501372,0.3406883754000892,wait:0.509796;e:0.266951
5,103:0,103,no_addition,False,0.7142857142857143,0.14285714285714285,0.7142857142857143,0.14285714285714285,0.0,0.14285714285714285,0.0,0.0,1.0,2.0,0.43607869603560867,0.2581360126587428,0.2060573293240802,0.2442605523338369,wait:0.331233;e:0.222398
5,104:0,104,no_addition,False,0.6,0.0,0.6,0.0,0.2,0.0,0.0,0.0,0.0,2.0,0.4805291116972771,0.2616171532698652,0.21280780430793345,0.26225319894977905,wait:0.364997;e:0.232312
5,106:0,106,e,False,0.4,0.0,0.4,0.0,0.0,0.0,0.0,0.0,0.0,0.0,0.6038869960114561,0.39577465450103894,0.1514933742191705,0.16123358388235126,wait:0.458696;e:0.470343
5,107:0,107,no_addition,False,0.5,0.0,0.5,0.0,0.1,0.0,1.0,0.0,0.0,2.0,0.6041144877325428,0.3423441553929554,0.10069792740842153,0.20311708869163475,wait:0.458869;e:0.402539
5,108:0,108,no_addition,False,0.5,0.0,0.5,0.0,0.08333333333333333,0.0,0.0,0.0,1.0,3.0,0.6413304324730086,0.4757443564151334,0.12304683548917494,0.3181198326494777,wait:0.487137;e:0.368689
5,112:0,112,e,False,0.3333333333333333,0.0,0.3333333333333333,0.0,0.0,0.0,0.0,0.0,0.0,0.0,0.7348930726439825,0.5747899891492501,0.1015334756372933,0.1906376254280636,wait:0.558204;e:0.576195
5,113:0,113,no_addition,False,0.5,0.0,0.5,0.0,0.25,0.0,0.0,0.0,0.0,1.0,0.36884265054638277,0.5284695094835075,0.18697269526936106,0.15152591661893103,wait:0.343907
5,117:0,117,no_addition,False,0.4,0.0,0.4,0.0,0.0,0.0,0.0,0.0,1.0,0.0,0.5186048736786469,0.31861268573099333,0.24082916872083235,0.28997807026483413,wait:0.393918;e:0.257797
5,118:0,118,no_addition,False,0.625,0.0,0.625,0.0,0.125,0.0,1.0,1.0,0.0,2.0,0.7677584315074515,0.32707832231760203,0.19361663405014187,0.1744441787687567,wait:0.583168;e:0.511471
6,3:0,3,no_addition,False,0.0,0.0,0.0,0.0,0.0,0.0,1.0,0.0,0.0,0.0,0.6594805060654919,0.5023413918212314,0.11447867665375151,0.3775813505449553,wait:0.485064
6,5:0,5,no_addition,False,0.5714285714285714,0.0,0.5714285714285714,0.0,0.14285714285714285,0.0,0.0,0.0,0.0,0.0,0.46352023428589695,0.26921733187059427,0.1425799392403493,0.3021323944895209,wait:0.000000;e:-0.079749
6,8:0,8,no_addition,False,0.2222222222222222,0.0,0.2222222222222222,0.0,0.0,0.0,0.0,0.0,2.0,1.0,0.35890814635326673,0.2850905974333642,0.09310575970482235,0.3270836536953683,wait:0.000000;e:-0.090410
6,15:0,15,no_addition,False,0.5714285714285714,0.0,0.5714285714285714,0.0,0.0,0.0,0.0,1.0,1.0,1.0,0.5233862138645891,0.38539724423060084,0.10640209313837176,0.36885322864169034,wait:0.000000;e:-0.041871
6,17:0,17,no_addition,False,0.25,0.0,0.25,0.0,0.0,0.0,0.0,0.0,0.0,0.0,0.5319935126913222,0.5734977925998279,0.24120692483494938,0.30760713930070754,wait:0.534726
6,19:0,19,no_addition,False,0.3333333333333333,0.0,0.3333333333333333,0.0,0.0,0.0,1.0,1.0,0.0,0.0,0.7526695009282561,0.5007508829193871,0.12593862103477668,0.22963360758369958,wait:0.466897
6,20:0,20,no_addition,False,0.0,0.0,0.0,0.0,0.0,0.0,0.0,1.0,0.0,0.0,0.6195092762977208,0.5246376050569317,0.1422286741409436,0.34279558387592546,wait:0.489169
6,27:0,27,no_addition,False,0.6,0.2,0.6,0.2,0.0,0.2,0.0,0.0,0.0,0.0,0.6925893067107659,0.6392206064589001,0.13885544736205196,0.353722948422607,wait:0.596005
6,30:0,30,no_addition,False,0.4166666666666667,0.0,0.4166666666666667,0.0,0.08333333333333333,0.0,1.0,1.0,2.0,2.0,0.5612785070962634,0.46136293043340615,0.09688239485056559,0.2968595249016314,wait:0.378122;e:0.319576
6,31:0,31,no_addition,False,0.6,0.0,0.6,0.0,0.0,0.0,3.0,1.0,0.0,0.0,0.704170019407663,0.6366009114450522,0.13971795593096223,0.19435374724412033,wait:0.474385
6,35:0,35,e,False,0.8333333333333334,0.0,0.8333333333333334,0.0,0.16666666666666666,0.0,0.0,0.0,0.0,0.0,0.5686148129675394,0.3808624764596319,0.09466121610318531,0.17179398486241937,wait:0.000000;e:0.151106
6,37:0,37,no_addition,False,0.7142857142857143,0.0,0.7142857142857143,0.0,0.0,0.0,0.0,0.0,1.0,1.0,0.590975832047948,0.5443286142991002,0.20485957552921696,0.19726177659029454,wait:0.000000
6,39:0,39,e,False,0.6363636363636364,0.0,0.6363636363636364,0.0,0.0,0.0,0.0,0.0,0.0,1.0,0.4294577007052264,0.4134846893986729,0.09843178923534268,0.3142410343455689,wait:0.000000;e:0.038029
6,42:0,42,no_addition,False,0.2857142857142857,0.0,0.2857142857142857,0.0,0.0,0.0,0.0,0.0,1.0,0.0,0.32819633979836005,0.43924046267399164,0.1927882579553321,0.16482639385390188,wait:0.316908
6,45:0,45,no_addition,False,0.42857142857142855,0.14285714285714285,0.42857142857142855,0.14285714285714285,0.0,0.14285714285714285,1.0,1.0,1.0,0.0,0.655367619500375,0.5228539203802262,0.22305864194386202,0.16137025529824328,wait:0.713776
6,46:0,46,no_addition,False,0.3333333333333333,0.0,0.3333333333333333,0.0,0.0,0.0,3.0,0.0,0.0,1.0,0.55922661357082,0.5936853250425407,0.17288753113790437,0.15567554392335484,wait:0.539992
6,49:0,49,no_addition,False,0.5714285714285714,0.14285714285714285,0.5714285714285714,0.14285714285714285,0.0,0.14285714285714285,0.0,0.0,0.0,1.0,0.5412220236875722,0.5476715444865962,0.1833623277295567,0.34495128206490155,wait:0.364610;e:0.312958
6,50:0,50,no_addition,False,0.375,0.0,0.375,0.0,0.0,0.0,0.0,0.0,0.0,0.0,0.3887471694008641,0.28772933443180404,0.19314209956749742,0.2124178474471884,wait:0.261891;e:0.220680
6,52:0,52,no_addition,False,0.5,0.0,0.5,0.0,0.0,0.0,0.0,0.0,1.0,0.0,0.6187671844655371,0.424566771177051,0.2228957182655633,0.2339709438701195,wait:0.416851;e:0.385788
6,54:0,54,no_addition,False,0.42857142857142855,0.0,0.42857142857142855,0.0,0.14285714285714285,0.0,0.0,0.0,0.0,1.0,0.36049733782908744,0.4970928211465043,0.23345081297092624,0.3412197200125101,wait:0.348098
6,57:0,57,no_addition,False,0.14285714285714285,0.0,0.14285714285714285,0.0,0.0,0.0,1.0,0.0,2.0,0.0,0.4023346319705247,0.5332006780167822,0.10792772468497933,0.17145316688890727,wait:0.271045
6,58:0,58,e,False,0.5,0.0,0.5,0.0,0.25,0.0,1.0,1.0,0.0,1.0,0.6578611416291318,0.4585573605994996,0.22377545367808513,0.20532809497258347,wait:0.443188;e:0.447740
6,59:0,59,no_addition,False,0.5,0.0,0.5,0.0,0.0,0.0,0.0,0.0,1.0,0.0,0.6302630373679902,0.5074985384558233,0.21158500941003633,0.40267072128357945,wait:0.424596;e:0.264835
6,60:0,60,no_addition,False,0.5,0.0,0.5,0.0,0.5,0.0,0.0,0.0,0.0,1.0,0.5845134400782842,0.5647111266527667,0.1962227540291083,0.22323942159545873,wait:0.564409
6,61:0,61,no_addition,False,0.2,0.2,0.2,0.2,0.0,0.2,0.0,0.0,1.0,0.0,0.36419776255248026,0.42786425934215844,0.19317106727432207,0.32940974207994117,wait:0.245353;e:0.186646
6,62:0,62,no_addition,False,0.25,0.0,0.25,0.0,0.0,0.0,0.0,0.0,0.0,0.0,0.7237425411252645,0.62163411087903,0.1797837520367065,0.1589368749570172,wait:0.487571
6,68:0,68,no_addition,False,0.42857142857142855,0.14285714285714285,0.42857142857142855,0.14285714285714285,0.0,0.14285714285714285,0.0,1.0,1.0,0.0,0.43707380868688184,0.4540263446294165,0.23889264278626415,0.2794370390781513,wait:0.294448;e:0.283420
6,69:0,69,no_addition,False,0.25,0.0,0.25,0.0,0.0,0.0,2.0,0.0,0.0,0.0,0.6619415927150408,0.3907241381421482,0.11895909389100252,0.2509880233786041,wait:0.445937;e:0.369856
6,70:0,70,no_addition,False,0.42857142857142855,0.0,0.42857142857142855,0.0,0.0,0.0,0.0,0.0,0.0,0.0,0.7250418326056267,0.49302427799958903,0.1889728892934303,0.2580273057930491,wait:0.488446;e:0.437488
6,71:0,71,no_addition,False,0.4,0.0,0.4,0.0,0.4,0.0,0.0,0.0,1.0,2.0,0.5601989898940859,0.44409076821796023,0.14158329331953762,0.22998735625467048,wait:0.377395;e:0.376341
6,73:0,73,no_addition,False,0.4,0.2,0.4,0.2,0.0,0.2,2.0,1.0,0.0,0.0,0.49357580123389444,0.43143296406064047,0.09324377978187248,0.2052654022147686,wait:0.610584
6,75:0,75,no_addition,False,0.3076923076923077,0.0,0.3076923076923077,0.0,0.07692307692307693,0.0,1.0,2.0,3.0,1.0,0.38847535758653906,0.5419816351259374,0.13632876964517185,0.21203597939779312,wait:0.261708
6,76:0,76,no_addition,False,0.6,0.0,0.6,0.0,0.0,0.0,1.0,0.0,0.0,1.0,0.514638264298748,0.32035163891623825,0.21856329460418014,0.36773318693554713,wait:0.346702;e:0.147393
6,77:0,77,no_addition,False,0.75,0.0,0.75,0.0,0.0,0.0,1.0,1.0,0.0,0.0,0.7352106382503287,0.5589235546267586,0.15087464504606024,0.3403705026808585,wait:0.495297;e:0.388899
6,78:0,78,no_addition,False,0.5,0.0,0.5,0.0,0.0,0.0,0.0,0.0,1.0,0.0,0.5984574723419054,0.2708445688219129,0.17585263852117433,0.3732642554777805,wait:0.403169;e:0.155441
6,79:0,79,no_addition,False,0.42857142857142855,0.0,0.42857142857142855,0.0,0.0,0.0,1.0,0.0,0.0,1.0,0.6898606429949095,0.3048294156530843,0.10698556478833623,0.22854336518025284,wait:0.464745;e:0.363100
6,82:0,82,e,False,0.5,0.125,0.5,0.125,0.0,0.125,2.0,1.0,0.0,0.0,0.7693379136061846,0.42716959565854035,0.14129020810781412,0.14824978306344735,wait:0.518288;e:0.535300
6,83:0,83,no_addition,False,0.5,0.125,0.5,0.125,0.125,0.125,0.0,1.0,0.0,0.0,0.6992496307348407,0.3923476946386365,0.23422714893891042,0.19664243301404716,wait:0.471071;e:0.441267
6,85:0,85,e,False,0.5,0.25,0.5,0.25,0.0,0.25,0.0,0.0,1.0,1.0,0.6438433790467797,0.5007828718077101,0.14727883811605394,0.2142849452635454,wait:0.433744;e:0.454765
6,88:0,88,e,False,0.5833333333333334,0.08333333333333333,0.5833333333333334,0.08333333333333333,0.0,0.08333333333333333,1.0,0.0,1.0,0.0,0.6838818921052074,0.6143286754778456,0.08665408929011631,0.2484204188053176,wait:0.460718;e:0.490572
6,89:0,89,no_addition,False,0.3333333333333333,0.0,0.3333333333333333,0.0,0.0,0.0,0.0,0.0,1.0,0.0,0.5988677719214739,0.32308926941883376,0.16250828943714835,0.28314038201118613,wait:0.403445;e:0.273834
6,90:0,90,no_addition,False,0.2727272727272727,0.0,0.2727272727272727,0.0,0.0,0.0,0.0,0.0,1.0,1.0,0.49464797383997894,0.470764194597056,0.1275679127133454,0.34468040679375855,wait:0.333234;e:0.251156
6,91:0,91,no_addition,False,0.375,0.0,0.375,0.0,0.125,0.0,2.0,0.0,0.0,0.0,0.4907382875451184,0.45411787526818514,0.2047942057285885,0.16502895016143204,wait:0.473860
6,92:0,92,no_addition,False,0.4,0.2,0.4,0.2,0.0,0.2,2.0,1.0,0.0,0.0,0.6461330499544411,0.5695877166701157,0.16781065442898313,0.2062050120290187,wait:0.745877
6,99:0,99,no_addition,False,0.3333333333333333,0.0,0.3333333333333333,0.0,0.0,0.0,1.0,0.0,0.0,0.0,0.6363277791720157,0.3031051908867153,0.23959369186062449,0.36362387727822276,wait:0.428681;e:0.200966
6,100:0,100,e,False,0.2857142857142857,0.0,0.2857142857142857,0.0,0.0,0.0,1.0,0.0,1.0,0.0,0.684419532649766,0.4692832919180363,0.21904705175770828,0.18559087631515395,wait:0.461080;e:0.483187
6,101:0,101,no_addition,False,0.4444444444444444,0.1111111111111111,0.4444444444444444,0.1111111111111111,0.0,0.1111111111111111,0.0,0.0,0.0,0.0,0.6310976055605848,0.36314160703095977,0.21909896938632775,0.250175251172632,wait:0.425158;e:0.342925
6,102:0,102,no_addition,False,0.4,0.0,0.4,0.0,0.0,0.0,1.0,0.0,1.0,0.0,0.6711621363539005,0.26701134800970727,0.17269679124501372,0.3406883754000892,wait:0.452149;e:0.223162
6,103:0,103,no_addition,False,0.5714285714285714,0.2857142857142857,0.5714285714285714,0.2857142857142857,0.0,0.2857142857142857,0.0,0.0,2.0,2.0,0.4118521018114082,0.2581360126587428,0.2129259069682162,0.23707641844166522,wait:0.277457;e:0.188304
6,104:0,104,no_addition,False,0.6,0.0,0.6,0.0,0.2,0.0,0.0,0.0,0.0,0.0,0.4805291116972771,0.3077848861998414,0.21280780430793345,0.26225319894977905,wait:0.323723;e:0.228870
6,106:0,106,no_addition,False,0.4,0.0,0.4,0.0,0.0,0.0,0.0,0.0,0.0,0.0,0.6038869960114561,0.39577465450103894,0.1514933742191705,0.16123358388235126,wait:0.625718
6,107:0,107,no_addition,False,0.4,0.1,0.4,0.1,0.1,0.1,1.0,0.0,1.0,1.0,0.5511081273029572,0.36248204688665864,0.10293565912860866,0.19905474691780206,wait:0.371271;e:0.357403
6,108:0,108,no_addition,False,0.3333333333333333,0.0,0.3333333333333333,0.0,0.08333333333333333,0.0,0.0,0.0,3.0,2.0,0.5843232829198522,0.4931496377473944,0.12760412569247773,0.3181198326494777,wait:0.393647;e:0.324745
6,112:0,112,no_addition,False,0.3333333333333333,0.0,0.3333333333333333,0.0,0.0,0.0,0.0,0.0,0.0,0.0,0.7348930726439825,0.5747899891492501,0.1015334756372933,0.1906376254280636,wait:0.765683
6,113:0,113,no_addition,False,0.5,0.0,0.5,0.0,0.25,0.0,0.0,0.0,0.0,0.0,0.36884265054638277,0.5871883438705638,0.18697269526936106,0.15152591661893103,wait:0.356156
6,117:0,117,no_addition,False,0.4,0.0,0.4,0.0,0.0,0.0,0.0,0.0,0.0,0.0,0.5762276374207189,0.31861268573099333,0.24082916872083235,0.28997807026483413,wait:0.388193;e:0.253715
6,118:0,118,no_addition,False,0.5,0.125,0.5,0.125,0.125,0.125,1.0,1.0,1.0,1.0,0.7056607408681486,0.35184948045117287,0.19914853788014594,0.17008307429953778,wait:0.475390;e:0.451492
7,5:0,5,no_addition,False,0.5714285714285714,0.0,0.5714285714285714,0.0,0.0,0.0,0.0,0.0,0.0,0.0,0.46352023428589695,0.26921733187059427,0.1425799392403493,0.3021323944895209,wait:0.000000;e:-0.079749
7,8:0,8,no_addition,False,0.2222222222222222,0.0,0.2222222222222222,0.0,0.0,0.0,0.0,0.0,1.0,0.0,0.38002039025640005,0.31676733048151573,0.09310575970482235,0.3270836536953683,wait:0.000000;e:-0.061890
7,15:0,15,e,False,0.5714285714285714,0.14285714285714285,0.5714285714285714,0.14285714285714285,0.0,0.14285714285714285,0.0,1.0,0.0,0.0,0.5815402376273211,0.42865590565593026,0.10640209313837176,0.3583145649662135,wait:0.000000;e:0.007615
7,17:0,17,no_addition,False,0.25,0.25,0.25,0.25,0.0,0.25,0.0,0.0,0.0,0.0,0.5319935126913222,0.5734977925998279,0.24120692483494938,0.2922267823356722,wait:0.553773
7,19:0,19,no_addition,False,0.3333333333333333,0.3333333333333333,0.3333333333333333,0.3333333333333333,0.0,0.3333333333333333,0.0,0.0,0.0,0.0,0.7251883343647291,0.445278758799319,0.12593862103477668,0.21432470041145293,wait:0.429964
7,20:0,20,no_addition,False,0.0,0.0,0.0,0.0,0.0,0.0,0.0,1.0,0.0,0.0,0.6195092762977208,0.5246376050569317,0.1422286741409436,0.34279558387592546,wait:0.506593
7,27:0,27,no_addition,False,0.4,0.2,0.4,0.0,0.0,0.2,1.0,0.0,0.0,0.0,0.7233303760396893,0.6392206064589001,0.14516705860578158,0.353722948422607,wait:0.617235
7,35:0,35,no_addition,False,0.8333333333333334,0.0,0.8333333333333334,0.0,0.0,0.0,0.0,0.0,0.0,0.0,0.5686148129675394,0.3808624764596319,0.09466121610318531,0.17179398486241937,wait:0.355114
7,37:0,37,no_addition,False,0.5714285714285714,0.0,0.5714285714285714,0.0,0.0,0.0,1.0,0.0,0.0,0.0,0.690975832047948,0.6048095714434447,0.21168822804685755,0.19726177659029454,wait:0.000000
7,39:0,39,no_addition,False,0.5454545454545454,0.0,0.5454545454545454,0.0,0.0,0.0,1.0,0.0,0.0,0.0,0.48651193063470377,0.45942743266519215,0.100482451511079,0.3142410343455689,wait:0.428367
7,42:0,42,no_addition,False,0.2857142857142857,0.14285714285714285,0.2857142857142857,0.14285714285714285,0.0,0.14285714285714285,0.0,0.0,1.0,0.0,0.32819633979836005,0.43924046267399164,0.1927882579553321,0.16011706831521896,wait:0.281072
7,46:0,46,no_addition,False,0.3333333333333333,0.0,0.3333333333333333,0.0,0.0,0.0,3.0,0.0,0.0,0.0,0.55922661357082,0.6596503611583785,0.17288753113790437,0.15567554392335484,wait:0.478930
7,49:0,49,e,False,0.14285714285714285,0.14285714285714285,0.14285714285714285,0.0,0.0,0.14285714285714285,2.0,0.0,1.0,0.0,0.5638020594238091,0.6085239383184402,0.20110706912273962,0.34495128206490155,wait:0.000000;e:0.182918
7,50:0,50,e,False,0.25,0.0,0.25,0.0,0.0,0.0,0.0,0.0,1.0,0.0,0.3498724524607777,0.28772933443180404,0.19836215631256487,0.2124178474471884,wait:0.000000;e:0.026632
7,52:0,52,no_addition,False,0.5,0.125,0.5,0.125,0.0,0.125,0.0,0.0,0.0,0.0,0.6875190938505968,0.424566771177051,0.2228957182655633,0.2281216702733665,wait:0.410793;e:0.387894
7,54:0,54,no_addition,False,0.42857142857142855,0.0,0.42857142857142855,0.0,0.14285714285714285,0.0,0.0,0.0,0.0,0.0,0.36049733782908744,0.5523253568294493,0.23345081297092624,0.3412197200125101,wait:0.308735
7,57:0,57,no_addition,False,0.14285714285714285,0.42857142857142855,0.14285714285714285,0.42857142857142855,0.0,0.42857142857142855,1.0,0.0,2.0,0.0,0.4023346319705247,0.5332006780167822,0.10792772468497933,0.15675718115557236,wait:0.240395
7,58:0,58,no_addition,False,0.25,0.0,0.25,0.0,0.25,0.0,1.0,0.0,0.0,0.0,0.6578611416291318,0.4512439536464701,0.23620742332686762,0.20532809497258347,wait:0.420737
7,59:0,59,no_addition,False,0.3333333333333333,0.16666666666666666,0.3333333333333333,0.16666666666666666,0.0,0.16666666666666666,0.0,0.0,2.0,0.0,0.5952484241808796,0.5074985384558233,0.21942149124003768,0.38924836390746015,wait:0.355661;e:0.240820
7,60:0,60,no_addition,False,0.5,0.0,0.5,0.0,0.5,0.0,0.0,0.0,0.0,0.0,0.5845134400782842,0.6274568073919631,0.1962227540291083,0.22323942159545873,wait:0.500586
7,61:0,61,no_addition,False,0.2,0.2,0.2,0.2,0.0,0.2,0.0,0.0,1.0,0.0,0.36419776255248026,0.42786425934215844,0.19317106727432207,0.32940974207994117,wait:0.217608;e:0.169589
7,62:0,62,no_addition,False,0.25,0.0,0.25,0.0,0.0,0.0,0.0,0.0,0.0,0.0,0.7237425411252645,0.62163411087903,0.1797837520367065,0.1589368749570172,wait:0.432437
7,68:0,68,no_addition,False,0.2857142857142857,0.2857142857142857,0.2857142857142857,0.14285714285714285,0.0,0.2857142857142857,1.0,1.0,1.0,0.0,0.48779193042649954,0.4540263446294165,0.24635803787333493,0.2712183026346763,wait:0.291456;e:0.289870
7,69:0,69,no_addition,False,0.25,0.25,0.25,0.25,0.0,0.25,2.0,0.0,0.0,0.0,0.6619415927150408,0.3907241381421482,0.11895909389100252,0.23843862220967388,wait:0.395510;e:0.349718
7,70:0,70,no_addition,False,0.42857142857142855,0.0,0.42857142857142855,0.0,0.0,0.0,0.0,0.0,0.0,0.0,0.7250418326056267,0.49302427799958903,0.1889728892934303,0.2580273057930491,wait:0.433213;e:0.406772
7,71:0,71,e,False,0.4,0.0,0.4,0.0,0.2,0.0,0.0,0.0,1.0,0.0,0.5601989898940859,0.5224597273152474,0.14158329331953762,0.22998735625467048,wait:0.334719;e:0.397669
7,73:0,73,no_addition,False,0.4,0.2,0.4,0.0,0.0,0.2,1.0,0.0,0.0,1.0,0.46378614248294703,0.33143296406064043,0.09324377978187248,0.2052654022147686,wait:0.277112
7,75:0,75,no_addition,False,0.3076923076923077,0.15384615384615385,0.3076923076923077,0.15384615384615385,0.0,0.15384615384615385,0.0,1.0,2.0,0.0,0.3596300674356977,0.563150575138224,0.13632876964517185,0.20551179541632256,wait:0.214879
7,76:0,76,no_addition,False,0.4,0.0,0.4,0.0,0.0,0.0,2.0,0.0,0.0,0.0,0.5416028051710398,0.355946265462487,0.22849798981346106,0.36773318693554713,wait:0.323608;e:0.152636
7,77:0,77,no_addition,False,0.5,0.0,0.5,0.0,0.0,0.0,0.0,0.0,1.0,0.0,0.6352106382503286,0.5099150606963985,0.15974962416641675,0.3403705026808585,wait:0.379539;e:0.304015
7,78:0,78,no_addition,False,0.0,0.5,0.0,0.5,0.0,0.5,1.0,0.0,1.0,0.0,0.6402098349895773,0.2708445688219129,0.19539182057908258,0.3359378299300025,wait:0.382526;e:0.177158
7,79:0,79,no_addition,False,0.2857142857142857,0.0,0.2857142857142857,0.0,0.0,0.0,2.0,0.0,0.0,0.0,0.7070906072729701,0.3386993507256493,0.11032886368797175,0.22854336518025284,wait:0.422487;e:0.350050
7,82:0,82,no_addition,False,0.5,0.25,0.5,0.25,0.0,0.25,0.0,0.0,0.0,0.0,0.7286328395366878,0.36352177295393373,0.14129020810781412,0.144448506574641,wait:0.626741
7,83:0,83,no_addition,False,0.5,0.25,0.5,0.25,0.0,0.25,0.0,0.0,0.0,0.0,0.6992496307348407,0.3248307718207073,0.23422714893891042,0.19160031934702032,wait:0.417802;e:0.376467
7,85:0,85,no_addition,False,0.5,0.5,0.5,0.5,0.0,0.5,0.0,0.0,1.0,0.0,0.6438433790467797,0.556425413119678,0.14727883811605394,0.20300679024967463,wait:0.703921
7,88:0,88,no_addition,False,0.5,0.16666666666666666,0.5,0.16666666666666666,0.0,0.16666666666666666,2.0,0.0,1.0,0.0,0.7073919429720824,0.6143286754778456,0.08828907210691096,0.24420990323234612,wait:0.753361
7,89:0,89,no_addition,False,0.3333333333333333,0.0,0.3333333333333333,0.0,0.0,0.0,0.0,0.0,0.0,0.0,0.6654086354683044,0.32308926941883376,0.16250828943714835,0.28314038201118613,wait:0.397582;e:0.269676
7,90:0,90,no_addition,False,0.18181818181818182,0.09090909090909091,0.18181818181818182,0.09090909090909091,0.0,0.09090909090909091,1.0,0.0,1.0,0.0,0.542167530848869,0.5230713273300622,0.13002114180398663,0.3384134903065993,wait:0.323945;e:0.283909
7,91:0,91,no_addition,False,0.25,0.0,0.25,0.0,0.0,0.0,2.0,0.0,0.0,0.0,0.4907382875451184,0.45411787526818514,0.21032918426179356,0.16502895016143204,wait:0.473860
7,92:0,92,no_addition,False,0.4,0.2,0.4,0.0,0.0,0.2,1.0,0.0,0.0,1.0,0.6253173470105847,0.4695877166701157,0.16781065442898313,0.2062050120290187,wait:0.373627
7,99:0,99,no_addition,False,0.3333333333333333,0.0,0.3333333333333333,0.0,0.0,0.0,0.0,0.0,0.0,0.0,0.595919754635573,0.3031051908867153,0.23959369186062449,0.36362387727822276,wait:0.356062;e:0.148165
7,100:0,100,no_addition,False,0.2857142857142857,0.14285714285714285,0.2857142857142857,0.14285714285714285,0.0,0.14285714285714285,1.0,0.0,0.0,0.0,0.7452677404526934,0.4692832919180363,0.21904705175770828,0.1802882798490067,wait:0.688012
7,101:0,101,no_addition,False,0.3333333333333333,0.1111111111111111,0.3333333333333333,0.0,0.0,0.1111111111111111,0.0,0.0,1.0,1.0,0.5679878450045264,0.3268274463278638,0.22444284668843334,0.250175251172632,wait:0.339373;e:0.263588
7,102:0,102,no_addition,False,0.4,0.2,0.4,0.2,0.0,0.2,1.0,0.0,0.0,0.0,0.7312304973158947,0.26701134800970727,0.17269679124501372,0.32706084038408567,wait:0.436911;e:0.225215
7,103:0,103,no_addition,False,0.5714285714285714,0.42857142857142855,0.5714285714285714,0.2857142857142857,0.0,0.42857142857142855,0.0,0.0,2.0,1.0,0.4118521018114082,0.27332048399161,0.2129259069682162,0.22989228454949354,wait:0.246082;e:0.181712
7,104:0,104,no_addition,False,0.6,0.0,0.6,0.0,0.0,0.0,0.0,0.0,0.0,0.0,0.4805291116972771,0.3077848861998414,0.21280780430793345,0.26225319894977905,wait:0.287116;e:0.202408
7,106:0,106,no_addition,False,0.4,0.2,0.4,0.2,0.0,0.2,0.0,0.0,0.0,0.0,0.6038869960114561,0.39577465450103894,0.1514933742191705,0.1547842405270572,wait:0.605092
7,107:0,107,e,False,0.2,0.2,0.2,0.2,0.0,0.2,2.0,0.0,1.0,0.0,0.5793043110452057,0.4027578298740651,0.10741112256898296,0.19499240514396934,wait:0.346135;e:0.368242
7,108:0,108,e,False,0.3333333333333333,0.25,0.3333333333333333,0.25,0.0,0.25,0.0,0.0,2.0,0.0,0.6057009640022859,0.5801760444086993,0.12760412569247773,0.30221384101700377,wait:0.361907;e:0.372999
7,112:0,112,no_addition,False,0.3333333333333333,0.0,0.3333333333333333,0.0,0.0,0.0,0.0,0.0,0.0,0.0,0.7348930726439825,0.5747899891492501,0.1015334756372933,0.1906376254280636,wait:0.750410
7,113:0,113,no_addition,False,0.25,0.25,0.25,0.25,0.0,0.25,0.0,0.0,1.0,0.0,0.3319583854917445,0.5871883438705638,0.19736006722877,0.14394962078798448,wait:0.320541
7,117:0,117,no_addition,False,0.4,0.0,0.4,0.0,0.0,0.0,0.0,0.0,0.0,0.0,0.5762276374207189,0.31861268573099333,0.24082916872083235,0.28997807026483413,wait:0.344296;e:0.222410
7,118:0,118,no_addition,False,0.25,0.25,0.25,0.125,0.0,0.25,2.0,0.0,1.0,0.0,0.7284021264845668,0.3257052711190269,0.21021234554015403,0.16572196983031887,wait:0.435221;e:0.415115
8,5:0,5,no_addition,False,0.5714285714285714,0.0,0.5714285714285714,0.0,0.0,0.0,0.0,0.0,0.0,0.0,0.46352023428589695,0.26921733187059427,0.1425799392403493,0.3021323944895209,wait:0.000000;e:-0.079749
8,8:0,8,no_addition,False,0.2222222222222222,0.2222222222222222,0.2222222222222222,0.2222222222222222,0.0,0.2222222222222222,0.0,0.0,1.0,0.0,0.38002039025640005,0.31676733048151573,0.09310575970482235,0.3125466024200186,wait:0.000000;e:-0.047353
8,15:0,15,no_addition,False,0.42857142857142855,0.14285714285714285,0.42857142857142855,0.14285714285714285,0.0,0.14285714285714285,1.0,0.0,0.0,0.0,0.623386213864589,0.3651732285065892,0.10983441872348053,0.3583145649662135,wait:0.340485
8,17:0,17,no_addition,False,0.25,0.25,0.25,0.25,0.0,0.25,0.0,0.0,0.0,0.0,0.5319935126913222,0.5734977925998279,0.24120692483494938,0.2922267823356722,wait:0.000000
8,19:0,19,no_addition,False,0.3333333333333333,0.3333333333333333,0.3333333333333333,0.3333333333333333,0.0,0.3333333333333333,0.0,0.0,0.0,0.0,0.7251883343647291,0.445278758799319,0.12593862103477668,0.21432470041145293,wait:0.000000
8,20:0,20,no_addition,False,0.0,0.0,0.0,0.0,0.0,0.0,0.0,0.0,0.0,0.0,0.6195092762977208,0.4718195611743685,0.1422286741409436,0.34279558387592546,wait:0.000000
8,27:0,27,no_addition,False,0.4,0.2,0.4,0.0,0.0,0.2,1.0,0.0,0.0,0.0,0.7233303760396893,0.6392206064589001,0.14516705860578158,0.353722948422607,wait:0.617235
8,35:0,35,no_addition,False,0.6666666666666666,0.16666666666666666,0.6666666666666666,0.16666666666666666,0.0,0.16666666666666666,1.0,0.0,0.0,0.0,0.6117533316707854,0.3808624764596319,0.09844766474731273,0.16606751870033873,wait:0.367763
8,37:0,37,no_addition,False,0.5714285714285714,0.2857142857142857,0.5714285714285714,0.2857142857142857,0.0,0.2857142857142857,1.0,0.0,0.0,0.0,0.690975832047948,0.6048095714434447,0.21168822804685755,0.18598967507084913,wait:0.000000
8,39:0,39,no_addition,False,0.36363636363636365,0.09090909090909091,0.36363636363636365,0.09090909090909091,0.0,0.09090909090909091,3.0,0.0,0.0,0.0,0.5321553145782856,0.45942743266519215,0.1045837760625516,0.3085275609938313,wait:0.443626
8,42:0,42,no_addition,False,0.2857142857142857,0.2857142857142857,0.2857142857142857,0.2857142857142857,0.0,0.2857142857142857,0.0,0.0,1.0,0.0,0.32819633979836005,0.43924046267399164,0.1927882579553321,0.15540774277653605,wait:0.249289
8,46:0,46,no_addition,False,0.3333333333333333,0.1111111111111111,0.3333333333333333,0.1111111111111111,0.0,0.1111111111111111,0.0,0.0,0.0,0.0,0.46247147996441473,0.6596503611583785,0.17288753113790437,0.15221608739172474,wait:0.351280
8,49:0,49,no_addition,False,0.14285714285714285,0.2857142857142857,0.14285714285714285,0.14285714285714285,0.0,0.2857142857142857,2.0,0.0,1.0,0.0,0.5638020594238091,0.6085239383184402,0.20110706912273962,0.3348056561218162,wait:0.567384
8,50:0,50,no_addition,False,0.125,0.125,0.125,0.125,0.0,0.125,1.0,0.0,1.0,0.0,0.4054350939907345,0.28772933443180404,0.20358221305763238,0.20710740126100868,wait:0.268277
8,54:0,54,no_addition,False,0.42857142857142855,0.14285714285714285,0.42857142857142855,0.14285714285714285,0.0,0.14285714285714285,0.0,0.0,0.0,0.0,0.36049733782908744,0.5523253568294493,0.23345081297092624,0.3314705851550098,wait:0.273824
8,58:0,58,no_addition,False,0.25,0.0,0.25,0.0,0.0,0.0,1.0,0.0,0.0,0.0,0.6578611416291318,0.4512439536464701,0.23620742332686762,0.20532809497258347,wait:0.435724
8,60:0,60,no_addition,False,0.5,0.0,0.5,0.0,0.0,0.0,0.0,0.0,0.0,0.0,0.5845134400782842,0.6274568073919631,0.1962227540291083,0.22323942159545873,wait:0.443980
8,61:0,61,no_addition,False,0.2,0.2,0.2,0.2,0.0,0.2,0.0,0.0,0.0,0.0,0.40466418061386694,0.42786425934215844,0.19317106727432207,0.32940974207994117,wait:0.214446;e:0.167645
8,62:0,62,no_addition,False,0.25,0.0,0.25,0.0,0.0,0.0,0.0,0.0,0.0,0.0,0.7237425411252645,0.62163411087903,0.1797837520367065,0.1589368749570172,wait:0.383537
8,68:0,68,no_addition,False,0.2857142857142857,0.2857142857142857,0.2857142857142857,0.14285714285714285,0.0,0.2857142857142857,1.0,0.0,1.0,0.0,0.48779193042649954,0.39336260514379606,0.24635803787333493,0.2712183026346763,wait:0.258498;e:0.229886
8,69:0,69,e,False,0.25,0.25,0.25,0.25,0.0,0.25,2.0,0.0,0.0,0.0,0.6619415927150408,0.3907241381421482,0.11895909389100252,0.23843862220967388,wait:0.000000;e:0.093340
8,70:0,70,no_addition,False,0.2857142857142857,0.0,0.2857142857142857,0.0,0.0,0.0,1.0,0.0,0.0,0.0,0.7525376493450641,0.49302427799958903,0.19487829208385,0.2580273057930491,wait:0.398796;e:0.387632
8,71:0,71,no_addition,False,0.4,0.0,0.4,0.0,0.0,0.0,0.0,0.0,1.0,0.0,0.5601989898940859,0.5224597273152474,0.14158329331953762,0.22998735625467048,wait:0.639391
8,73:0,73,no_addition,False,0.4,0.0,0.4,0.0,0.0,0.0,0.0,0.0,0.0,1.0,0.40420682498105226,0.33143296406064043,0.09324377978187248,0.21381812730705063,wait:0.214204
8,75:0,75,no_addition,False,0.3076923076923077,0.3076923076923077,0.3076923076923077,0.3076923076923077,0.0,0.3076923076923077,0.0,0.0,2.0,0.0,0.3596300674356977,0.5146117501535823,0.13632876964517185,0.198987611434852,wait:0.190581
8,76:0,76,no_addition,False,0.2,0.0,0.2,0.0,0.0,0.0,3.0,0.0,0.0,0.0,0.5577815296944149,0.355946265462487,0.23843268502274198,0.36773318693554713,wait:0.295588;e:0.133596
8,77:0,77,no_addition,False,0.5,0.25,0.5,0.25,0.0,0.25,0.0,0.0,1.0,0.0,0.6352106382503286,0.5099150606963985,0.15974962416641675,0.32335197754681555,wait:0.336621;e:0.297819
8,78:0,78,no_addition,False,0.0,0.5,0.0,0.5,0.0,0.5,1.0,0.0,1.0,0.0,0.6402098349895773,0.2708445688219129,0.19539182057908258,0.3359378299300025,wait:0.339270;e:0.144450
8,79:0,79,no_addition,False,0.2857142857142857,0.0,0.2857142857142857,0.0,0.0,0.0,2.0,0.0,0.0,0.0,0.7070906072729701,0.3386993507256493,0.11032886368797175,0.22854336518025284,wait:0.374712;e:0.316844
8,82:0,82,no_addition,False,0.25,0.25,0.25,0.25,0.0,0.25,2.0,0.0,0.0,0.0,0.7693379136061846,0.36352177295393373,0.14913966411380378,0.144448506574641,wait:0.615608
8,83:0,83,no_addition,False,0.5,0.25,0.5,0.25,0.0,0.25,0.0,0.0,0.0,0.0,0.6992496307348407,0.3248307718207073,0.23422714893891042,0.19160031934702032,wait:0.370557;e:0.343039
8,85:0,85,no_addition,False,0.5,0.5,0.5,0.25,0.0,0.5,0.0,0.0,0.0,1.0,0.7153815322741996,0.5007828718077101,0.14727883811605394,0.20300679024967463,wait:0.679345
8,88:0,88,no_addition,False,0.4166666666666667,0.25,0.4166666666666667,0.16666666666666666,0.0,0.25,1.0,0.0,1.0,1.0,0.6838818921052074,0.552895807930061,0.08992405492370562,0.23999938765937462,wait:0.702808
8,89:0,89,no_addition,False,0.3333333333333333,0.0,0.3333333333333333,0.0,0.0,0.0,0.0,0.0,0.0,0.0,0.6654086354683044,0.32308926941883376,0.16250828943714835,0.28314038201118613,wait:0.352624;e:0.237795
8,90:0,90,no_addition,False,0.0,0.09090909090909091,0.0,0.09090909090909091,0.0,0.09090909090909091,3.0,0.0,1.0,0.0,0.5896870878577591,0.5230713273300622,0.13492759998526915,0.3384134903065993,wait:0.312496;e:0.277852
8,91:0,91,no_addition,False,0.25,0.125,0.25,0.125,0.0,0.125,1.0,0.0,0.0,0.0,0.460781716224243,0.45411787526818514,0.21032918426179356,0.16090322640739624,wait:0.394620
8,92:0,92,no_addition,False,0.4,0.0,0.4,0.0,0.0,0.0,1.0,0.0,0.0,1.0,0.6253173470105847,0.4695877166701157,0.16781065442898313,0.21479688753022783,wait:0.331378
8,99:0,99,no_addition,False,0.16666666666666666,0.0,0.16666666666666666,0.0,0.0,0.0,1.0,0.0,0.0,0.0,0.6363277791720157,0.3031051908867153,0.24815060942707534,0.36362387727822276,wait:0.337213;e:0.134459
8,100:0,100,no_addition,False,0.2857142857142857,0.42857142857142855,0.2857142857142857,0.42857142857142855,0.0,0.42857142857142855,0.0,0.0,0.0,0.0,0.7169641560585482,0.4692832919180363,0.21904705175770828,0.16968308691671216,wait:0.660918
8,101:0,101,no_addition,False,0.3333333333333333,0.1111111111111111,0.3333333333333333,0.1111111111111111,0.0,0.1111111111111111,0.0,0.0,1.0,1.0,0.5679878450045264,0.3268274463278638,0.22444284668843334,0.250175251172632,wait:0.300997;e:0.236504
8,102:0,102,no_addition,False,0.4,0.4,0.4,0.4,0.0,0.4,0.0,0.0,0.0,0.0,0.701367219239883,0.26701134800970727,0.17269679124501372,0.31343330536808206,wait:0.371679;e:0.189292
8,103:0,103,no_addition,False,0.5714285714285714,0.2857142857142857,0.5714285714285714,0.2857142857142857,0.0,0.2857142857142857,0.0,0.0,1.0,1.0,0.43607869603560867,0.27332048399161,0.2129259069682162,0.23707641844166522,wait:0.231094;e:0.163227
8,104:0,104,no_addition,False,0.6,0.0,0.6,0.0,0.0,0.0,0.0,0.0,0.0,0.0,0.4805291116972771,0.3077848861998414,0.21280780430793345,0.26225319894977905,wait:0.254649;e:0.178938
8,106:0,106,no_addition,False,0.4,0.4,0.4,0.4,0.0,0.4,0.0,0.0,0.0,0.0,0.6038869960114561,0.39577465450103894,0.1514933742191705,0.14833489717176315,wait:0.579883
8,107:0,107,no_addition,False,0.2,0.2,0.2,0.2,0.0,0.2,2.0,0.0,1.0,0.0,0.5793043110452057,0.4027578298740651,0.10741112256898296,0.19499240514396934,wait:0.567238
8,108:0,108,no_addition,False,0.3333333333333333,0.25,0.3333333333333333,0.25,0.0,0.25,0.0,0.0,2.0,0.0,0.6057009640022859,0.5801760444086993,0.12760412569247773,0.30221384101700377,wait:0.688299
8,112:0,112,no_addition,False,0.3333333333333333,0.0,0.3333333333333333,0.0,0.0,0.0,0.0,0.0,0.0,0.0,0.7348930726439825,0.5747899891492501,0.1015334756372933,0.1906376254280636,wait:0.728316
8,113:0,113,no_addition,False,0.25,0.25,0.25,0.25,0.0,0.25,0.0,0.0,1.0,0.0,0.3319583854917445,0.5871883438705638,0.19736006722877,0.14394962078798448,wait:0.284294
8,117:0,117,no_addition,False,0.4,0.0,0.4,0.0,0.0,0.0,0.0,0.0,0.0,0.0,0.5762276374207189,0.31861268573099333,0.24082916872083235,0.28997807026483413,wait:0.305363;e:0.194645
8,118:0,118,no_addition,False,0.25,0.25,0.25,0.125,0.0,0.25,2.0,0.0,1.0,0.0,0.7284021264845668,0.3257052711190269,0.21021234554015403,0.16572196983031887,wait:0.386006;e:0.380332
9,5:0,5,no_addition,False,0.5714285714285714,0.0,0.5714285714285714,0.0,0.0,0.0,0.0,0.0,0.0,0.0,0.46352023428589695,0.26921733187059427,0.1425799392403493,0.3021323944895209,wait:0.000000;e:-0.079749
9,8:0,8,no_addition,False,0.2222222222222222,0.2222222222222222,0.2222222222222222,0.2222222222222222,0.0,0.2222222222222222,0.0,0.0,0.0,0.0,0.42224487806266675,0.31676733048151573,0.09310575970482235,0.3125466024200186,wait:0.000000;e:-0.047353
9,15:0,15,no_addition,False,0.2857142857142857,0.14285714285714285,0.2857142857142857,0.0,0.0,0.14285714285714285,1.0,0.0,1.0,1.0,0.569309201983223,0.3286559056559303,0.1132667443085893,0.3583145649662135,wait:0.317352
9,17:0,17,no_addition,False,0.25,0.25,0.25,0.25,0.0,0.25,0.0,0.0,0.0,0.0,0.5319935126913222,0.5734977925998279,0.24120692483494938,0.2922267823356722,wait:0.000000
9,19:0,19,no_addition,False,0.3333333333333333,0.3333333333333333,0.3333333333333333,0.3333333333333333,0.0,0.3333333333333333,0.0,0.0,0.0,0.0,0.7251883343647291,0.445278758799319,0.12593862103477668,0.21432470041145293,wait:0.000000
9,20:0,20,no_addition,False,0.0,0.0,0.0,0.0,0.0,0.0,0.0,0.0,0.0,0.0,0.6195092762977208,0.4718195611743685,0.1422286741409436,0.34279558387592546,wait:0.000000
9,27:0,27,no_addition,False,0.2,0.0,0.2,0.0,0.0,0.0,2.0,0.0,0.0,0.0,0.738700910704151,0.6392206064589001,0.15147866984951122,0.3684614046068823,wait:0.000000
9,35:0,35,no_addition,False,0.5,0.16666666666666666,0.5,0.16666666666666666,0.0,0.16666666666666666,1.0,0.0,1.0,0.0,0.5583225910224083,0.3808624764596319,0.10223411339144015,0.16606751870033873,wait:0.000000
9,37:0,37,no_addition,False,0.2857142857142857,0.2857142857142857,0.2857142857142857,0.14285714285714285,0.0,0.2857142857142857,2.0,0.0,1.0,0.0,0.6584446469770193,0.6048095714434447,0.22534553308213867,0.18598967507084913,wait:0.000000
9,39:0,39,no_addition,False,0.18181818181818182,0.09090909090909091,0.18181818181818182,0.09090909090909091,0.0,0.09090909090909091,4.0,0.0,1.0,0.0,0.5088596219826779,0.45942743266519215,0.10868510061402423,0.3085275609938313,wait:0.000000
9,42:0,42,no_addition,False,0.14285714285714285,0.2857142857142857,0.14285714285714285,0.0,0.0,0.2857142857142857,1.0,0.0,0.0,1.0,0.42819633979836,0.39531641640659243,0.19863032637822098,0.15540774277653605,wait:0.288467
9,46:0,46,no_addition,False,0.2222222222222222,0.1111111111111111,0.2222222222222222,0.1111111111111111,0.0,0.1111111111111111,0.0,0.0,1.0,0.0,0.41622433196797326,0.6596503611583785,0.17700390092690207,0.15221608739172474,wait:0.280402
9,49:0,49,no_addition,False,0.14285714285714285,0.14285714285714285,0.14285714285714285,0.14285714285714285,0.0,0.14285714285714285,2.0,0.0,1.0,0.0,0.5638020594238091,0.6085239383184402,0.20110706912273962,0.34495128206490155,wait:0.587594
9,50:0,50,no_addition,False,0.125,0.125,0.125,0.125,0.0,0.125,1.0,0.0,1.0,0.0,0.4054350939907345,0.28772933443180404,0.20358221305763238,0.20710740126100868,wait:0.277833
9,54:0,54,no_addition,False,0.42857142857142855,0.14285714285714285,0.42857142857142855,0.14285714285714285,0.0,0.14285714285714285,0.0,0.0,0.0,0.0,0.36049733782908744,0.5523253568294493,0.23345081297092624,0.3314705851550098,wait:0.242860
9,58:0,58,no_addition,False,0.25,0.0,0.25,0.0,0.0,0.0,1.0,0.0,0.0,0.0,0.6578611416291318,0.4512439536464701,0.23620742332686762,0.20532809497258347,wait:0.435724
9,60:0,60,no_addition,False,0.5,0.0,0.5,0.0,0.0,0.0,0.0,0.0,0.0,0.0,0.5845134400782842,0.6274568073919631,0.1962227540291083,0.22323942159545873,wait:0.393775
9,69:0,69,no_addition,False,0.25,0.25,0.25,0.25,0.0,0.25,0.0,0.0,0.0,0.0,0.6022842267235775,0.3907241381421482,0.11895909389100252,0.23843862220967388,wait:0.364309
9,73:0,73,no_addition,False,0.4,0.0,0.4,0.0,0.0,0.0,0.0,0.0,0.0,1.0,0.40420682498105226,0.33143296406064043,0.09324377978187248,0.21381812730705063,wait:0.000000
9,75:0,75,no_addition,False,0.3076923076923077,0.3076923076923077,0.3076923076923077,0.23076923076923078,0.0,0.3076923076923077,0.0,0.0,0.0,1.0,0.4230941969831738,0.46315057513822405,0.13632876964517185,0.198987611434852,wait:0.000000
9,76:0,76,no_addition,False,0.2,0.0,0.2,0.0,0.0,0.0,2.0,0.0,0.0,0.0,0.5416028051710398,0.355946265462487,0.23843268502274198,0.36773318693554713,wait:0.000000;e:-0.067266
9,77:0,77,no_addition,False,0.25,0.25,0.25,0.25,0.0,0.25,0.0,0.0,2.0,0.0,0.5999211583475327,0.5099150606963985,0.16862460328677323,0.32335197754681555,wait:0.281969;e:0.268257
9,78:0,78,no_addition,False,0.0,0.5,0.0,0.0,0.0,0.5,1.0,0.0,0.0,1.0,0.6984574723419054,0.24376011193972158,0.19539182057908258,0.3359378299300025,wait:0.000000;e:-0.136475
9,79:0,79,e,False,0.14285714285714285,0.0,0.14285714285714285,0.0,0.0,0.0,2.0,0.0,0.0,0.0,0.7070906072729701,0.3386993507256493,0.11367216258760725,0.22854336518025284,wait:0.000000;e:0.056396
9,82:0,82,no_addition,False,0.125,0.125,0.125,0.125,0.0,0.125,2.0,1.0,0.0,0.0,0.7693379136061846,0.42716959565854035,0.15306439211679862,0.14824978306344735,wait:0.361597
9,83:0,83,e,False,0.375,0.125,0.375,0.125,0.0,0.125,0.0,1.0,0.0,0.0,0.6992496307348407,0.3923476946386365,0.24073345863165793,0.19664243301404716,wait:0.328655;e:0.349158
9,85:0,85,no_addition,False,0.25,0.25,0.25,0.0,0.0,0.25,0.0,0.0,1.0,2.0,0.6438433790467797,0.47296160115172625,0.15546099578916803,0.2142849452635454,wait:0.621106
9,88:0,88,no_addition,False,0.4166666666666667,0.25,0.4166666666666667,0.16666666666666666,0.0,0.25,1.0,0.0,1.0,2.0,0.6838818921052074,0.5221793741561688,0.08992405492370562,0.23999938765937462,wait:0.663579
9,89:0,89,no_addition,False,0.16666666666666666,0.0,0.16666666666666666,0.0,0.0,0.0,1.0,0.0,0.0,0.0,0.698867771921474,0.32308926941883376,0.16831215691704648,0.28314038201118613,wait:0.328475;e:0.220671
9,90:0,90,no_addition,False,0.0,0.09090909090909091,0.0,0.0,0.0,0.09090909090909091,3.0,0.0,0.0,1.0,0.630679265054203,0.470764194597056,0.13492759998526915,0.3384134903065993,wait:0.296426;e:0.236216
9,91:0,91,no_addition,False,0.125,0.125,0.125,0.0,0.0,0.125,2.0,0.0,0.0,0.0,0.4907382875451184,0.45411787526818514,0.21586416279499868,0.16090322640739624,wait:0.372751
9,92:0,92,no_addition,False,0.2,0.0,0.2,0.0,0.0,0.0,0.0,0.0,1.0,1.0,0.5253173470105847,0.4695877166701157,0.17510676983893894,0.21479688753022783,wait:0.246905
9,99:0,99,no_addition,False,0.16666666666666666,0.0,0.16666666666666666,0.0,0.0,0.0,1.0,0.0,0.0,0.0,0.6363277791720157,0.3031051908867153,0.24815060942707534,0.36362387727822276,wait:0.299081;e:0.106733
9,100:0,100,no_addition,False,0.2857142857142857,0.42857142857142855,0.2857142857142857,0.42857142857142855,0.0,0.42857142857142855,0.0,0.0,0.0,0.0,0.7169641560585482,0.4692832919180363,0.21904705175770828,0.16968308691671216,wait:0.336981
9,101:0,101,no_addition,False,0.1111111111111111,0.1111111111111111,0.1111111111111111,0.1111111111111111,0.0,0.1111111111111111,1.0,0.0,2.0,1.0,0.5775000365596795,0.3268274463278638,0.23513060129264443,0.250175251172632,wait:0.271431;e:0.215638
9,102:0,102,no_addition,False,0.4,0.4,0.4,0.4,0.0,0.4,0.0,0.0,0.0,0.0,0.701367219239883,0.26701134800970727,0.17269679124501372,0.31343330536808206,wait:0.329650;e:0.157367
9,103:0,103,no_addition,False,0.42857142857142855,0.14285714285714285,0.42857142857142855,0.14285714285714285,0.0,0.14285714285714285,0.0,0.0,1.0,2.0,0.43607869603560867,0.2581360126587428,0.2197944846123522,0.2442605523338369,wait:0.204962;e:0.125473
9,104:0,104,no_addition,False,0.2,0.0,0.2,0.0,0.0,0.0,1.0,0.0,1.0,0.0,0.4834497449426855,0.3077848861998414,0.23215396833592739,0.26225319894977905,wait:0.227227;e:0.159114
9,107:0,107,no_addition,False,0.1,0.1,0.1,0.0,0.0,0.1,2.0,1.0,0.0,1.0,0.6261081273029572,0.41734415539295533,0.1096488542891701,0.19905474691780206,wait:0.578676
9,108:0,108,no_addition,False,0.25,0.25,0.25,0.08333333333333333,0.0,0.25,0.0,0.0,1.0,2.0,0.6413304324730086,0.4931496377473944,0.1298827707941291,0.30221384101700377,wait:0.634082
9,113:0,113,no_addition,False,0.25,0.25,0.25,0.25,0.0,0.25,0.0,0.0,1.0,0.0,0.3319583854917445,0.5871883438705638,0.19736006722877,0.14394962078798448,wait:0.252146
9,117:0,117,no_addition,False,0.4,0.0,0.4,0.0,0.0,0.0,0.0,0.0,0.0,0.0,0.5762276374207189,0.31861268573099333,0.24082916872083235,0.28997807026483413,wait:0.270833;e:0.170020
9,118:0,118,no_addition,False,0.25,0.125,0.25,0.0,0.0,0.125,2.0,0.0,0.0,1.0,0.7806607408681485,0.2931347440071242,0.21021234554015403,0.17008307429953778,wait:0.366919;e:0.343916
10,5:0,5,no_addition,False,0.42857142857142855,0.14285714285714285,0.42857142857142855,0.14285714285714285,0.0,0.14285714285714285,0.0,0.0,1.0,0.0,0.41716821085730726,0.26921733187059427,0.14717929211907024,0.2935000403612489,wait:0.000000;e:-0.071117
10,8:0,8,no_addition,False,0.2222222222222222,0.2222222222222222,0.2222222222222222,0.1111111111111111,0.0,0.2222222222222222,0.0,0.0,0.0,1.0,0.42224487806266675,0.2850905974333642,0.09310575970482235,0.3125466024200186,wait:0.000000;e:-0.075873
10,15:0,15,no_addition,False,0.2857142857142857,0.0,0.2857142857142857,0.0,0.0,0.0,1.0,0.0,1.0,1.0,0.569309201983223,0.3286559056559303,0.1132667443085893,0.36885322864169034,wait:0.000000
10,17:0,17,no_addition,False,0.0,0.0,0.0,0.0,0.0,0.0,0.0,0.0,1.0,1.0,0.47879416142219,0.5161480133398451,0.253902026142052,0.30760713930070754,wait:0.000000
10,19:0,19,no_addition,False,0.0,0.0,0.0,0.0,0.0,0.0,0.0,0.0,1.0,1.0,0.6526695009282562,0.4007508829193871,0.134934236822975,0.22963360758369958,wait:0.000000
10,20:0,20,no_addition,False,0.0,0.0,0.0,0.0,0.0,0.0,0.0,0.0,0.0,0.0,0.6195092762977208,0.4718195611743685,0.1422286741409436,0.34279558387592546,wait:0.000000
10,27:0,27,no_addition,False,0.2,0.0,0.2,0.0,0.0,0.0,1.0,0.0,0.0,0.0,0.7233303760396893,0.6392206064589001,0.15147866984951122,0.3684614046068823,wait:0.000000
10,35:0,35,no_addition,False,0.5,0.16666666666666666,0.5,0.16666666666666666,0.0,0.16666666666666666,1.0,0.0,1.0,0.0,0.5583225910224083,0.3808624764596319,0.10223411339144015,0.16606751870033873,wait:0.000000
10,37:0,37,no_addition,False,0.2857142857142857,0.2857142857142857,0.2857142857142857,0.14285714285714285,0.0,0.2857142857142857,1.0,0.0,1.0,0.0,0.6331438413786176,0.6048095714434447,0.22534553308213867,0.18598967507084913,wait:0.000000
10,39:0,39,no_addition,False,0.09090909090909091,0.09090909090909091,0.09090909090909091,0.09090909090909091,0.0,0.09090909090909091,3.0,0.0,2.0,0.0,0.46600247912553505,0.45942743266519215,0.11073576288976053,0.3085275609938313,wait:0.000000
10,42:0,42,no_addition,False,0.14285714285714285,0.14285714285714285,0.14285714285714285,0.0,0.0,0.14285714285714285,1.0,0.0,0.0,1.0,0.42819633979836,0.39531641640659243,0.19863032637822098,0.16011706831521896,wait:0.255848
10,46:0,46,no_addition,False,0.2222222222222222,0.1111111111111111,0.2222222222222222,0.1111111111111111,0.0,0.1111111111111111,0.0,0.0,1.0,0.0,0.41622433196797326,0.6596503611583785,0.17700390092690207,0.15221608739172474,wait:0.248694
10,49:0,49,no_addition,False,0.0,0.14285714285714285,0.0,0.14285714285714285,0.0,0.14285714285714285,1.0,0.0,0.0,0.0,0.587099821318815,0.6085239383184402,0.20702198292046725,0.34495128206490155,wait:0.000000
10,50:0,50,no_addition,False,0.125,0.125,0.125,0.0,0.0,0.125,1.0,0.0,0.0,1.0,0.44987245246077767,0.2589564009886236,0.20358221305763238,0.20710740126100868,wait:0.250050
10,54:0,54,no_addition,False,0.2857142857142857,0.2857142857142857,0.2857142857142857,0.2857142857142857,0.0,0.2857142857142857,0.0,0.0,1.0,0.0,0.3244476040461787,0.5523253568294493,0.24074615087626766,0.32172145029750954,wait:0.193858
10,60:0,60,no_addition,False,0.5,0.0,0.5,0.0,0.0,0.0,0.0,0.0,0.0,0.0,0.5845134400782842,0.6274568073919631,0.1962227540291083,0.22323942159545873,wait:0.349247
10,69:0,69,no_addition,False,0.0,0.0,0.0,0.0,0.0,0.0,0.0,0.0,1.0,1.0,0.5420558040512197,0.3516517243279334,0.12522009883263424,0.2509880233786041,wait:0.339557
10,73:0,73,no_addition,False,0.4,0.0,0.4,0.0,0.0,0.0,0.0,0.0,0.0,0.0,0.40420682498105226,0.36825884895626715,0.09324377978187248,0.21381812730705063,wait:0.000000
10,75:0,75,no_addition,False,0.23076923076923078,0.15384615384615385,0.23076923076923078,0.07692307692307693,0.0,0.15384615384615385,0.0,0.0,1.0,3.0,0.3807847772848564,0.42198163512593745,0.13856366750820745,0.20551179541632256,wait:0.000000
10,76:0,76,no_addition,False,0.2,0.0,0.2,0.0,0.0,0.0,1.0,0.0,0.0,0.0,0.514638264298748,0.355946265462487,0.23843268502274198,0.36773318693554713,wait:0.000000;e:-0.067266
10,78:0,78,no_addition,False,0.0,0.0,0.0,0.0,0.0,0.0,0.0,0.0,0.0,1.0,0.6649527470465615,0.24376011193972158,0.19539182057908258,0.3732642554777805,wait:0.000000;e:-0.173801
10,79:0,79,no_addition,False,0.0,0.0,0.0,0.0,0.0,0.0,2.0,0.0,0.0,0.0,0.7070906072729701,0.3386993507256493,0.11701546148724276,0.22854336518025284,wait:0.315801
10,82:0,82,no_addition,False,0.0,0.0,0.0,0.0,0.0,0.0,2.0,1.0,1.0,1.0,0.717478928420084,0.38399350701084367,0.15698912011979346,0.1520510595522537,wait:0.000000
10,83:0,83,no_addition,False,0.25,0.0,0.25,0.0,0.0,0.0,0.0,1.0,1.0,1.0,0.6293246676613566,0.3511061560476012,0.24723976832440542,0.20168454668107402,wait:0.327369
10,85:0,85,no_addition,False,0.25,0.0,0.25,0.0,0.0,0.0,0.0,0.0,1.0,2.0,0.6438433790467797,0.47296160115172625,0.15546099578916803,0.22556310027741625,wait:0.000000
10,88:0,88,no_addition,False,0.25,0.25,0.25,0.25,0.0,0.25,0.0,0.0,3.0,2.0,0.5873919429720824,0.5221793741561688,0.09319402055729491,0.23999938765937462,wait:0.000000
10,89:0,89,no_addition,False,0.0,0.16666666666666666,0.0,0.16666666666666666,0.0,0.16666666666666666,1.0,0.0,1.0,0.0,0.6405973401480587,0.32308926941883376,0.17411602439694465,0.27370236927747993,wait:0.267041;e:0.186545
10,90:0,90,e,False,0.0,0.0,0.0,0.0,0.0,0.0,2.0,0.0,0.0,1.0,0.617167530848869,0.470764194597056,0.13492759998526915,0.34468040679375855,wait:0.000000;e:0.059160
10,91:0,91,no_addition,False,0.125,0.125,0.125,0.0,0.0,0.125,1.0,0.0,0.0,0.0,0.460781716224243,0.45411787526818514,0.21586416279499868,0.16090322640739624,wait:0.310419
10,92:0,92,no_addition,False,0.2,0.0,0.2,0.0,0.0,0.0,0.0,0.0,1.0,0.0,0.5253173470105847,0.5217641296334619,0.17510676983893894,0.21479688753022783,wait:0.218985
10,99:0,99,no_addition,False,0.16666666666666666,0.0,0.16666666666666666,0.0,0.0,0.0,1.0,0.0,0.0,0.0,0.6363277791720157,0.3031051908867153,0.24815060942707534,0.36362387727822276,wait:0.265261;e:0.082142
10,100:0,100,no_addition,False,0.14285714285714285,0.2857142857142857,0.14285714285714285,0.14285714285714285,0.0,0.2857142857142857,0.0,0.0,1.0,2.0,0.6452677404526934,0.39889079813033085,0.22568484120491156,0.17498568338285944,wait:0.268988
10,101:0,101,no_addition,False,0.0,0.1111111111111111,0.0,0.1111111111111111,0.0,0.1111111111111111,2.0,0.0,1.0,0.0,0.6375000365596796,0.36314160703095977,0.24047447859475,0.250175251172632,wait:0.265750;e:0.235634
10,102:0,102,no_addition,False,0.2,0.2,0.2,0.0,0.0,0.2,0.0,0.0,1.0,2.0,0.6312304973158946,0.22695964580825118,0.18020534738610128,0.32706084038408567,wait:0.263136;e:0.066644
10,103:0,103,no_addition,False,0.2857142857142857,0.0,0.2857142857142857,0.0,0.0,0.0,0.0,0.0,2.0,2.0,0.4118521018114082,0.2581360126587428,0.22666306225648822,0.2514446862260086,wait:0.171685;e:0.092746
10,104:0,104,no_addition,False,0.2,0.0,0.2,0.0,0.0,0.0,1.0,0.0,1.0,0.0,0.4834497449426855,0.3077848861998414,0.23215396833592739,0.26225319894977905,wait:0.201532;e:0.140539
10,107:0,107,no_addition,False,0.1,0.0,0.1,0.0,0.0,0.0,0.0,1.0,0.0,1.0,0.5601272085917144,0.41734415539295533,0.1096488542891701,0.20311708869163475,wait:0.542389
10,108:0,108,no_addition,False,0.16666666666666666,0.0,0.16666666666666666,0.0,0.0,0.0,0.0,0.0,2.0,3.0,0.6057009640022859,0.4757443564151334,0.13216141589578048,0.3181198326494777,wait:0.595884
10,113:0,113,no_addition,False,0.25,0.0,0.25,0.0,0.0,0.0,0.0,1.0,0.0,0.0,0.36884265054638277,0.6284695094835074,0.19736006722877,0.15152591661893103,wait:0.248482
10,117:0,117,no_addition,False,0.4,0.0,0.4,0.0,0.0,0.0,0.0,0.0,0.0,0.0,0.5762276374207189,0.31861268573099333,0.24082916872083235,0.28997807026483413,wait:0.240207;e:0.148180
10,118:0,118,no_addition,False,0.25,0.0,0.25,0.0,0.0,0.0,0.0,0.0,0.0,1.0,0.7419538127860572,0.2931347440071242,0.21021234554015403,0.1744441787687567,wait:0.309292;e:0.297137
11,5:0,5,no_addition,False,0.42857142857142855,0.14285714285714285,0.42857142857142855,0.14285714285714285,0.0,0.14285714285714285,0.0,0.0,1.0,0.0,0.41716821085730726,0.26921733187059427,0.14717929211907024,0.2935000403612489,wait:0.000000;e:-0.071117
11,8:0,8,no_addition,False,0.1111111111111111,0.0,0.1111111111111111,0.0,0.0,0.0,1.0,0.0,0.0,2.0,0.4800203902564001,0.2692522309092884,0.09527100993051589,0.3270836536953683,wait:0.000000;e:-0.104669
11,15:0,15,no_addition,False,0.14285714285714285,0.0,0.14285714285714285,0.0,0.0,0.0,0.0,0.0,2.0,1.0,0.494309201983223,0.3286559056559303,0.11669906989369806,0.36885322864169034,wait:0.000000
11,17:0,17,no_addition,False,0.0,0.0,0.0,0.0,0.0,0.0,0.0,0.0,1.0,1.0,0.47879416142219,0.5161480133398451,0.253902026142052,0.30760713930070754,wait:0.000000
11,19:0,19,no_addition,False,0.0,0.0,0.0,0.0,0.0,0.0,0.0,0.0,1.0,1.0,0.6526695009282562,0.4007508829193871,0.134934236822975,0.22963360758369958,wait:0.000000
11,20:0,20,no_addition,False,0.0,0.0,0.0,0.0,0.0,0.0,0.0,0.0,0.0,0.0,0.6195092762977208,0.4718195611743685,0.1422286741409436,0.34279558387592546,wait:0.000000
11,27:0,27,no_addition,False,0.0,0.0,0.0,0.0,0.0,0.0,1.0,0.0,1.0,0.0,0.663700910704151,0.6392206064589001,0.15779028109324086,0.3684614046068823,wait:0.000000
11,35:0,35,no_addition,False,0.5,0.0,0.5,0.0,0.0,0.0,0.0,0.0,1.0,1.0,0.5117533316707854,0.3427762288136687,0.10223411339144015,0.17179398486241937,wait:0.000000
11,37:0,37,no_addition,False,0.14285714285714285,0.0,0.14285714285714285,0.0,0.0,0.0,1.0,0.0,2.0,1.0,0.5984446469770193,0.5443286142991002,0.23217418559977926,0.19726177659029454,wait:0.000000
11,39:0,39,no_addition,False,0.09090909090909091,0.09090909090909091,0.09090909090909091,0.09090909090909091,0.0,0.09090909090909091,1.0,0.0,2.0,1.0,0.41215531457828564,0.4134846893986729,0.11073576288976053,0.3085275609938313,wait:0.000000
11,42:0,42,no_addition,False,0.14285714285714285,0.0,0.14285714285714285,0.0,0.0,0.0,1.0,0.0,0.0,1.0,0.42819633979836,0.39531641640659243,0.19863032637822098,0.16482639385390188,wait:0.226916
11,46:0,46,no_addition,False,0.2222222222222222,0.0,0.2222222222222222,0.0,0.0,0.0,0.0,0.0,1.0,1.0,0.41622433196797326,0.5936853250425407,0.17700390092690207,0.15567554392335484,wait:0.220572
11,49:0,49,no_addition,False,0.0,0.0,0.0,0.0,0.0,0.0,1.0,1.0,0.0,0.0,0.587099821318815,0.6476715444865961,0.20702198292046725,0.3550969080079869,wait:0.000000
11,54:0,54,no_addition,False,0.2857142857142857,0.14285714285714285,0.2857142857142857,0.14285714285714285,0.0,0.14285714285714285,0.0,0.0,1.0,1.0,0.3244476040461787,0.4970928211465043,0.24074615087626766,0.3314705851550098,wait:0.171936
11,60:0,60,no_addition,False,0.5,0.0,0.5,0.0,0.0,0.0,0.0,0.0,0.0,0.0,0.5845134400782842,0.6274568073919631,0.1962227540291083,0.22323942159545873,wait:0.309754
11,69:0,69,no_addition,False,0.0,0.0,0.0,0.0,0.0,0.0,0.0,0.0,1.0,1.0,0.5420558040512197,0.3516517243279334,0.12522009883263424,0.2509880233786041,wait:0.000000
11,73:0,73,no_addition,False,0.2,0.0,0.2,0.0,0.0,0.0,0.0,0.0,1.0,0.0,0.36378614248294705,0.36825884895626715,0.09729785716369302,0.21381812730705063,wait:0.000000
11,75:0,75,no_addition,False,0.15384615384615385,0.0,0.15384615384615385,0.0,0.0,0.0,0.0,0.0,2.0,4.0,0.3596300674356977,0.4116894001228658,0.14079856537124308,0.21203597939779312,wait:0.000000
11,76:0,76,no_addition,False,0.2,0.0,0.2,0.0,0.0,0.0,0.0,0.0,0.0,0.0,0.4607091825541645,0.355946265462487,0.23843268502274198,0.36773318693554713,wait:0.000000;e:-0.067266
11,78:0,78,no_addition,False,0.0,0.0,0.0,0.0,0.0,0.0,0.0,0.0,0.0,1.0,0.6649527470465615,0.24376011193972158,0.19539182057908258,0.3732642554777805,wait:0.000000;e:-0.173801
11,79:0,79,no_addition,False,0.0,0.0,0.0,0.0,0.0,0.0,2.0,0.0,0.0,0.0,0.7070906072729701,0.3386993507256493,0.11701546148724276,0.22854336518025284,wait:0.327050
11,82:0,82,no_addition,False,0.0,0.0,0.0,0.0,0.0,0.0,0.0,1.0,1.0,1.0,0.655769555583019,0.38399350701084367,0.15698912011979346,0.1520510595522537,wait:0.000000
11,83:0,83,no_addition,False,0.125,0.0,0.125,0.0,0.0,0.0,1.0,1.0,1.0,1.0,0.6693621861246146,0.3511061560476012,0.25374607801715293,0.20168454668107402,wait:0.339030
11,85:0,85,no_addition,False,0.0,0.0,0.0,0.0,0.0,0.0,0.0,0.0,2.0,1.0,0.6080743024330697,0.5007828718077101,0.16364315346228214,0.22556310027741625,wait:0.000000
11,88:0,88,no_addition,False,0.16666666666666666,0.16666666666666666,0.16666666666666666,0.08333333333333333,0.0,0.16666666666666666,0.0,0.0,3.0,3.0,0.5873919429720824,0.5037495138918334,0.09482900337408956,0.24420990323234612,wait:0.000000
11,90:0,90,no_addition,False,0.0,0.0,0.0,0.0,0.0,0.0,0.0,0.0,0.0,1.0,0.5496088598221989,0.470764194597056,0.13492759998526915,0.34468040679375855,wait:0.438938
11,91:0,91,no_addition,False,0.125,0.0,0.125,0.0,0.0,0.0,1.0,0.0,0.0,0.0,0.460781716224243,0.45411787526818514,0.21586416279499868,0.16502895016143204,wait:0.275317
11,92:0,92,no_addition,False,0.0,0.0,0.0,0.0,0.0,0.0,0.0,0.0,2.0,0.0,0.49613304995444113,0.5217641296334619,0.18240288524889472,0.21479688753022783,wait:0.000000
11,99:0,99,no_addition,False,0.0,0.0,0.0,0.0,0.0,0.0,0.0,0.0,1.0,0.0,0.5363277791720157,0.3031051908867153,0.2567075269935262,0.36362387727822276,wait:0.000000;e:-0.110731
11,100:0,100,no_addition,False,0.14285714285714285,0.0,0.14285714285714285,0.0,0.0,0.0,0.0,0.0,1.0,3.0,0.6452677404526934,0.38481229937278977,0.22568484120491156,0.18559087631515395,wait:0.000000
11,101:0,101,e,False,0.0,0.0,0.0,0.0,0.0,0.0,2.0,1.0,1.0,0.0,0.6375000365596796,0.42682744632786385,0.24047447859475,0.2558610523356464,wait:0.235699;e:0.253546
11,102:0,102,no_addition,False,0.2,0.0,0.2,0.0,0.0,0.0,0.0,0.0,1.0,2.0,0.6312304973158946,0.22695964580825118,0.18020534738610128,0.3406883754000892,wait:0.233381;e:0.029341
11,103:0,103,no_addition,False,0.0,0.0,0.0,0.0,0.0,0.0,0.0,0.0,4.0,2.0,0.3876255075872077,0.2581360126587428,0.24040021754476024,0.2514446862260086,wait:0.000000;e:-0.039039
11,104:0,104,no_addition,False,0.2,0.0,0.2,0.0,0.0,0.0,1.0,0.0,1.0,0.0,0.4834497449426855,0.3077848861998414,0.23215396833592739,0.26225319894977905,wait:0.178743;e:0.124065
11,107:0,107,no_addition,False,0.1,0.0,0.1,0.0,0.0,0.0,0.0,1.0,0.0,1.0,0.5601272085917144,0.41734415539295533,0.1096488542891701,0.20311708869163475,wait:0.207092
11,108:0,108,no_addition,False,0.08333333333333333,0.0,0.08333333333333333,0.0,0.0,0.0,0.0,0.0,3.0,3.0,0.5843232829198522,0.4757443564151334,0.13444006099743186,0.3181198326494777,wait:0.216038
11,113:0,113,no_addition,False,0.25,0.0,0.25,0.0,0.0,0.0,0.0,1.0,0.0,0.0,0.36884265054638277,0.6284695094835074,0.19736006722877,0.15152591661893103,wait:0.220384
11,117:0,117,no_addition,False,0.4,0.0,0.4,0.0,0.0,0.0,0.0,0.0,0.0,0.0,0.5762276374207189,0.31861268573099333,0.24082916872083235,0.28997807026483413,wait:0.213045;e:0.128809
11,118:0,118,no_addition,False,0.25,0.0,0.25,0.0,0.0,0.0,0.0,0.0,0.0,1.0,0.7419538127860572,0.2931347440071242,0.21021234554015403,0.1744441787687567,wait:0.274318;e:0.271393
12,5:0,5,no_addition,False,0.14285714285714285,0.2857142857142857,0.14285714285714285,0.2857142857142857,0.0,0.2857142857142857,0.0,0.0,3.0,0.0,0.38008659211443546,0.26921733187059427,0.15637799787651213,0.2848676862329768,wait:0.000000;e:-0.062485
12,8:0,8,no_addition,False,0.0,0.0,0.0,0.0,0.0,0.0,1.0,0.0,1.0,2.0,0.4339081463532667,0.2692522309092884,0.09743626015620943,0.3270836536953683,wait:0.000000;e:-0.104669
12,15:0,15,no_addition,False,0.0,0.0,0.0,0.0,0.0,0.0,1.0,0.0,1.0,0.0,0.569309201983223,0.3651732285065892,0.12013139547880683,0.36885322864169034,wait:0.000000
12,17:0,17,no_addition,False,0.0,0.0,0.0,0.0,0.0,0.0,0.0,0.0,1.0,1.0,0.47879416142219,0.5161480133398451,0.253902026142052,0.30760713930070754,wait:0.000000
12,19:0,19,no_addition,False,0.0,0.0,0.0,0.0,0.0,0.0,0.0,0.0,1.0,1.0,0.6526695009282562,0.4007508829193871,0.134934236822975,0.22963360758369958,wait:0.000000
12,20:0,20,no_addition,False,0.0,0.0,0.0,0.0,0.0,0.0,0.0,0.0,0.0,0.0,0.6195092762977208,0.4718195611743685,0.1422286741409436,0.34279558387592546,wait:0.000000
12,27:0,27,no_addition,False,0.0,0.0,0.0,0.0,0.0,0.0,0.0,0.0,1.0,0.0,0.6233303760396893,0.6392206064589001,0.15779028109324086,0.3684614046068823,wait:0.000000
12,35:0,35,no_addition,False,0.0,0.0,0.0,0.0,0.0,0.0,0.0,0.0,3.0,1.0,0.4662641466333822,0.3427762288136687,0.11359345932382238,0.17179398486241937,wait:0.000000
12,37:0,37,no_addition,False,0.0,0.0,0.0,0.0,0.0,0.0,0.0,0.0,2.0,1.0,0.5581438413786176,0.5443286142991002,0.23900283811741982,0.19726177659029454,wait:0.000000
12,39:0,39,no_addition,False,0.0,0.09090909090909091,0.0,0.09090909090909091,0.0,0.09090909090909091,0.0,0.0,2.0,1.0,0.36503904559944245,0.4134846893986729,0.11278642516549683,0.3085275609938313,wait:0.000000
12,42:0,42,no_addition,False,0.0,0.0,0.0,0.0,0.0,0.0,0.0,0.0,1.0,0.0,0.32819633979836005,0.43924046267399164,0.20447239480110982,0.16482639385390188,wait:0.000000
12,46:0,46,no_addition,False,0.1111111111111111,0.0,0.1111111111111111,0.0,0.0,0.0,0.0,0.0,1.0,1.0,0.41622433196797326,0.5936853250425407,0.18112027071589978,0.15567554392335484,wait:0.195630
12,49:0,49,no_addition,False,0.0,0.0,0.0,0.0,0.0,0.0,1.0,1.0,0.0,0.0,0.587099821318815,0.6476715444865961,0.20702198292046725,0.3550969080079869,wait:0.000000
12,54:0,54,no_addition,False,0.14285714285714285,0.14285714285714285,0.14285714285714285,0.14285714285714285,0.0,0.14285714285714285,0.0,0.0,2.0,1.0,0.3064227371547243,0.4970928211465043,0.24804148878160912,0.3314705851550098,wait:0.144022
12,60:0,60,no_addition,False,0.5,0.0,0.5,0.0,0.0,0.0,0.0,0.0,0.0,0.0,0.5845134400782842,0.6274568073919631,0.1962227540291083,0.22323942159545873,wait:0.274728
12,69:0,69,no_addition,False,0.0,0.0,0.0,0.0,0.0,0.0,0.0,0.0,1.0,1.0,0.5420558040512197,0.3516517243279334,0.12522009883263424,0.2509880233786041,wait:0.000000
12,73:0,73,no_addition,False,0.0,0.2,0.0,0.2,0.0,0.2,0.0,0.0,2.0,0.0,0.3435758012338944,0.36825884895626715,0.10135193454551357,0.2052654022147686,wait:0.000000
12,75:0,75,no_addition,False,0.07692307692307693,0.0,0.07692307692307693,0.0,0.0,0.0,0.0,0.0,3.0,3.0,0.34693724152620253,0.42198163512593745,0.14303346323427868,0.21203597939779312,wait:0.000000
12,76:0,76,no_addition,False,0.2,0.0,0.2,0.0,0.0,0.0,0.0,0.0,0.0,0.0,0.4607091825541645,0.355946265462487,0.23843268502274198,0.36773318693554713,wait:0.000000;e:-0.067266
12,78:0,78,no_addition,False,0.0,0.0,0.0,0.0,0.0,0.0,0.0,0.0,0.0,0.0,0.6649527470465615,0.2708445688219129,0.19539182057908258,0.3732642554777805,wait:0.000000;e:-0.149416
12,79:0,79,no_addition,False,0.0,0.0,0.0,0.0,0.0,0.0,1.0,0.0,0.0,0.0,0.6898606429949095,0.3386993507256493,0.11701546148724276,0.22854336518025284,wait:0.000000
12,82:0,82,no_addition,False,0.0,0.0,0.0,0.0,0.0,0.0,0.0,0.0,1.0,1.0,0.655769555583019,0.3271695956585403,0.15698912011979346,0.1520510595522537,wait:0.000000
12,83:0,83,no_addition,False,0.125,0.0,0.125,0.0,0.0,0.0,1.0,0.0,1.0,1.0,0.6693621861246146,0.2923476946386365,0.25374607801715293,0.20168454668107402,wait:0.282293
12,85:0,85,no_addition,False,0.0,0.0,0.0,0.0,0.0,0.0,0.0,0.0,1.0,0.0,0.6438433790467797,0.556425413119678,0.16364315346228214,0.22556310027741625,wait:0.000000
12,88:0,88,no_addition,False,0.0,0.08333333333333333,0.0,0.08333333333333333,0.0,0.08333333333333333,1.0,0.0,4.0,2.0,0.6056891439627967,0.5221793741561688,0.09809896900767885,0.2484204188053176,wait:0.000000
12,90:0,90,no_addition,False,0.0,0.0,0.0,0.0,0.0,0.0,0.0,0.0,0.0,0.0,0.5496088598221989,0.5230713273300622,0.13492759998526915,0.34468040679375855,wait:0.505081
12,91:0,91,no_addition,False,0.125,0.0,0.125,0.0,0.0,0.0,0.0,0.0,0.0,0.0,0.4008685735824922,0.45411787526818514,0.21586416279499868,0.16502895016143204,wait:0.212434
12,92:0,92,no_addition,False,0.0,0.0,0.0,0.0,0.0,0.0,0.0,0.0,1.0,0.0,0.5253173470105847,0.5217641296334619,0.18240288524889472,0.21479688753022783,wait:0.000000
12,99:0,99,no_addition,False,0.0,0.0,0.0,0.0,0.0,0.0,0.0,0.0,1.0,0.0,0.5363277791720157,0.3031051908867153,0.2567075269935262,0.36362387727822276,wait:0.000000;e:-0.110731
12,100:0,100,no_addition,False,0.0,0.0,0.0,0.0,0.0,0.0,0.0,0.0,2.0,3.0,0.609419532649766,0.38481229937278977,0.23232263065211484,0.18559087631515395,wait:0.000000
12,101:0,101,no_addition,False,0.0,0.0,0.0,0.0,0.0,0.0,1.0,1.0,0.0,0.0,0.6679878450045263,0.42682744632786385,0.24047447859475,0.2558610523356464,wait:0.397971
12,103:0,103,no_addition,False,0.0,0.0,0.0,0.0,0.0,0.0,0.0,0.0,3.0,1.0,0.3973161452768879,0.27332048399161,0.24040021754476024,0.2514446862260086,wait:0.000000;e:-0.025368
12,104:0,104,no_addition,False,0.2,0.0,0.2,0.0,0.0,0.0,0.0,0.0,0.0,0.0,0.4805291116972771,0.3077848861998414,0.23215396833592739,0.26225319894977905,wait:0.157573;e:0.108761
12,107:0,107,no_addition,False,0.1,0.0,0.1,0.0,0.0,0.0,0.0,0.0,0.0,0.0,0.5601272085917144,0.4027578298740651,0.1096488542891701,0.20311708869163475,wait:0.000000
12,108:0,108,no_addition,False,0.08333333333333333,0.0,0.08333333333333333,0.0,0.0,0.0,0.0,0.0,2.0,1.0,0.6057009640022859,0.5221584399678294,0.13444006099743186,0.3181198326494777,wait:0.000000
12,113:0,113,no_addition,False,0.25,0.0,0.25,0.0,0.0,0.0,0.0,1.0,0.0,0.0,0.36884265054638277,0.6284695094835074,0.19736006722877,0.15152591661893103,wait:0.195463
12,117:0,117,no_addition,False,0.0,0.0,0.0,0.0,0.0,0.0,1.0,0.0,1.0,0.0,0.5647934918076111,0.31861268573099333,0.26177083556612213,0.28997807026483413,wait:0.000000;e:-0.023123
12,118:0,118,e,False,0.0,0.0,0.0,0.0,0.0,0.0,0.0,0.0,2.0,0.0,0.6306607408681486,0.3257052711190269,0.22127615320016214,0.1744441787687567,wait:0.000000;e:0.098796
13,5:0,5,no_addition,False,0.14285714285714285,0.14285714285714285,0.14285714285714285,0.14285714285714285,0.0,0.14285714285714285,0.0,1.0,2.0,0.0,0.39399219914301237,0.3422955986835349,0.15637799787651213,0.2935000403612489,wait:0.000000;e:-0.005323
13,8:0,8,no_addition,False,0.0,0.0,0.0,0.0,0.0,0.0,1.0,0.0,1.0,1.0,0.4339081463532667,0.2850905974333642,0.09743626015620943,0.3270836536953683,wait:0.000000;e:-0.090410
13,15:0,15,no_addition,False,0.0,0.0,0.0,0.0,0.0,0.0,1.0,0.0,1.0,0.0,0.569309201983223,0.3651732285065892,0.12013139547880683,0.36885322864169034,wait:0.000000
13,17:0,17,no_addition,False,0.0,0.0,0.0,0.0,0.0,0.0,0.0,0.0,0.0,0.0,0.5319935126913222,0.5734977925998279,0.253902026142052,0.30760713930070754,wait:0.000000
13,19:0,19,no_addition,False,0.0,0.0,0.0,0.0,0.0,0.0,0.0,0.0,0.0,0.0,0.7251883343647291,0.445278758799319,0.134934236822975,0.22963360758369958,wait:0.000000
13,20:0,20,no_addition,False,0.0,0.0,0.0,0.0,0.0,0.0,0.0,0.0,0.0,0.0,0.6195092762977208,0.4718195611743685,0.1422286741409436,0.34279558387592546,wait:0.000000
13,27:0,27,no_addition,False,0.0,0.0,0.0,0.0,0.0,0.0,0.0,0.0,1.0,0.0,0.6233303760396893,0.6392206064589001,0.15779028109324086,0.3684614046068823,wait:0.000000
13,35:0,35,no_addition,False,0.0,0.16666666666666666,0.0,0.16666666666666666,0.0,0.16666666666666666,0.0,0.0,3.0,1.0,0.4662641466333822,0.3427762288136687,0.11359345932382238,0.16606751870033873,wait:0.000000
13,37:0,37,no_addition,False,0.0,0.0,0.0,0.0,0.0,0.0,0.0,0.0,2.0,1.0,0.5581438413786176,0.5443286142991002,0.23900283811741982,0.19726177659029454,wait:0.000000
13,39:0,39,no_addition,False,0.0,0.09090909090909091,0.0,0.0,0.0,0.09090909090909091,0.0,0.0,1.0,2.0,0.38651193063470374,0.3905133177654133,0.11278642516549683,0.3085275609938313,wait:0.000000
13,42:0,42,no_addition,False,0.0,0.14285714285714285,0.0,0.14285714285714285,0.0,0.14285714285714285,0.0,0.0,1.0,0.0,0.32819633979836005,0.43924046267399164,0.20447239480110982,0.16011706831521896,wait:0.000000
13,46:0,46,no_addition,False,0.0,0.0,0.0,0.0,0.0,0.0,1.0,0.0,1.0,1.0,0.4681007579697525,0.5936853250425407,0.18523664050489752,0.15567554392335484,wait:0.195133
13,49:0,49,no_addition,False,0.0,0.0,0.0,0.0,0.0,0.0,0.0,1.0,0.0,0.0,0.5412220236875722,0.6476715444865961,0.20702198292046725,0.3550969080079869,wait:0.000000
13,54:0,54,no_addition,False,0.0,0.0,0.0,0.0,0.0,0.0,0.0,1.0,2.0,1.0,0.3064227371547243,0.5444765533050319,0.25533682668695057,0.3412197200125101,wait:0.127736
13,60:0,60,no_addition,False,0.5,0.0,0.5,0.0,0.0,0.0,0.0,0.0,0.0,0.0,0.5845134400782842,0.6274568073919631,0.1962227540291083,0.22323942159545873,wait:0.243661
13,69:0,69,no_addition,False,0.0,0.0,0.0,0.0,0.0,0.0,0.0,0.0,0.0,0.0,0.6022842267235775,0.3907241381421482,0.12522009883263424,0.2509880233786041,wait:0.000000
13,73:0,73,no_addition,False,0.0,0.2,0.0,0.2,0.0,0.2,0.0,0.0,2.0,0.0,0.3435758012338944,0.36825884895626715,0.10135193454551357,0.2052654022147686,wait:0.000000
13,75:0,75,no_addition,False,0.07692307692307693,0.0,0.07692307692307693,0.0,0.0,0.0,0.0,0.0,2.0,1.0,0.3596300674356977,0.46315057513822405,0.14303346323427868,0.21203597939779312,wait:0.000000
13,76:0,76,no_addition,False,0.0,0.0,0.0,0.0,0.0,0.0,1.0,0.0,0.0,0.0,0.514638264298748,0.355946265462487,0.2483673802320229,0.36773318693554713,wait:0.000000;e:-0.067266
13,78:0,78,no_addition,False,0.0,0.0,0.0,0.0,0.0,0.0,0.0,0.0,0.0,0.0,0.6649527470465615,0.2708445688219129,0.19539182057908258,0.3732642554777805,wait:0.000000;e:-0.149416
13,79:0,79,no_addition,False,0.0,0.0,0.0,0.0,0.0,0.0,0.0,0.0,0.0,0.0,0.6554007144387883,0.3386993507256493,0.11701546148724276,0.22854336518025284,wait:0.000000
13,82:0,82,no_addition,False,0.0,0.0,0.0,0.0,0.0,0.0,0.0,0.0,0.0,0.0,0.7286328395366878,0.36352177295393373,0.15698912011979346,0.1520510595522537,wait:0.000000
13,85:0,85,no_addition,False,0.0,0.0,0.0,0.0,0.0,0.0,0.0,0.0,1.0,0.0,0.6438433790467797,0.556425413119678,0.16364315346228214,0.22556310027741625,wait:0.000000
13,88:0,88,no_addition,False,0.0,0.0,0.0,0.0,0.0,0.0,1.0,1.0,2.0,2.0,0.6473919429720825,0.5637495138918334,0.09809896900767885,0.2526309343782891,wait:0.000000
13,90:0,90,no_addition,False,0.0,0.0,0.0,0.0,0.0,0.0,0.0,0.0,0.0,0.0,0.5496088598221989,0.5230713273300622,0.13492759998526915,0.34468040679375855,wait:0.000000
13,91:0,91,no_addition,False,0.125,0.0,0.125,0.0,0.0,0.0,0.0,0.0,0.0,0.0,0.4008685735824922,0.45411787526818514,0.21586416279499868,0.16502895016143204,wait:0.188412
13,92:0,92,no_addition,False,0.0,0.0,0.0,0.0,0.0,0.0,0.0,0.0,1.0,0.0,0.5253173470105847,0.5217641296334619,0.18240288524889472,0.21479688753022783,wait:0.000000
13,99:0,99,no_addition,False,0.0,0.0,0.0,0.0,0.0,0.0,0.0,0.0,1.0,0.0,0.5363277791720157,0.3031051908867153,0.2567075269935262,0.36362387727822276,wait:0.000000;e:-0.110731
13,100:0,100,no_addition,False,0.0,0.0,0.0,0.0,0.0,0.0,0.0,0.0,1.0,1.0,0.6452677404526934,0.42235496272623263,0.23232263065211484,0.18559087631515395,wait:0.000000
13,101:0,101,no_addition,False,0.0,0.0,0.0,0.0,0.0,0.0,0.0,1.0,0.0,0.0,0.6310976055605848,0.42682744632786385,0.24047447859475,0.2558610523356464,wait:0.412147
13,103:0,103,e,False,0.0,0.0,0.0,0.0,0.0,0.0,0.0,0.0,2.0,0.0,0.4118521018114082,0.3036894266573445,0.24040021754476024,0.2514446862260086,wait:0.000000;e:0.001974
13,107:0,107,no_addition,False,0.1,0.0,0.1,0.0,0.0,0.0,0.0,0.0,0.0,0.0,0.5601272085917144,0.4027578298740651,0.1096488542891701,0.20311708869163475,wait:0.000000
13,108:0,108,no_addition,False,0.08333333333333333,0.0,0.08333333333333333,0.0,0.0,0.0,0.0,0.0,1.0,0.0,0.6413304324730086,0.5801760444086993,0.13444006099743186,0.3181198326494777,wait:0.000000
13,113:0,113,no_addition,False,0.25,0.0,0.25,0.0,0.0,0.0,0.0,0.0,0.0,0.0,0.36884265054638277,0.5871883438705638,0.19736006722877,0.15152591661893103,wait:0.000000
13,117:0,117,no_addition,False,0.0,0.2,0.0,0.2,0.0,0.2,1.0,0.0,1.0,0.0,0.5647934918076111,0.31861268573099333,0.26177083556612213,0.27837894745424074,wait:0.000000;e:-0.011524
13,118:0,118,no_addition,False,0.0,0.0,0.0,0.0,0.0,0.0,0.0,0.0,2.0,0.0,0.6306607408681486,0.3257052711190269,0.22127615320016214,0.1744441787687567,wait:0.303686
14,5:0,5,no_addition,False,0.0,0.14285714285714285,0.0,0.14285714285714285,0.0,0.14285714285714285,0.0,1.0,3.0,0.0,0.38008659211443546,0.3422955986835349,0.1609773507552331,0.2935000403612489,wait:0.000000;e:-0.005323
14,8:0,8,no_addition,False,0.0,0.0,0.0,0.0,0.0,0.0,0.0,0.0,1.0,0.0,0.38002039025640005,0.31676733048151573,0.09743626015620943,0.3270836536953683,wait:0.000000;e:-0.061890
14,15:0,15,no_addition,False,0.0,0.0,0.0,0.0,0.0,0.0,1.0,0.0,0.0,0.0,0.623386213864589,0.3651732285065892,0.12013139547880683,0.36885322864169034,wait:0.000000
14,17:0,17,no_addition,False,0.0,0.0,0.0,0.0,0.0,0.0,0.0,0.0,0.0,0.0,0.5319935126913222,0.5734977925998279,0.253902026142052,0.30760713930070754,wait:0.000000
14,19:0,19,no_addition,False,0.0,0.0,0.0,0.0,0.0,0.0,0.0,0.0,0.0,0.0,0.7251883343647291,0.445278758799319,0.134934236822975,0.22963360758369958,wait:0.000000
14,20:0,20,no_addition,False,0.0,0.0,0.0,0.0,0.0,0.0,0.0,0.0,0.0,0.0,0.6195092762977208,0.4718195611743685,0.1422286741409436,0.34279558387592546,wait:0.000000
14,27:0,27,no_addition,False,0.0,0.2,0.0,0.2,0.0,0.2,0.0,0.0,0.0,0.0,0.6925893067107659,0.6392206064589001,0.15779028109324086,0.353722948422607,wait:0.000000
14,35:0,35,no_addition,False,0.0,0.16666666666666666,0.0,0.16666666666666666,0.0,0.16666666666666666,0.0,0.0,3.0,0.0,0.4662641466333822,0.3808624764596319,0.11359345932382238,0.16606751870033873,wait:0.000000
14,37:0,37,no_addition,False,0.0,0.14285714285714285,0.0,0.14285714285714285,0.0,0.14285714285714285,0.0,0.0,1.0,0.0,0.590975832047948,0.6048095714434447,0.23900283811741982,0.19162572583057183,wait:0.000000
14,39:0,39,no_addition,False,0.0,0.0,0.0,0.0,0.0,0.0,0.0,0.0,1.0,1.0,0.38651193063470374,0.4134846893986729,0.11278642516549683,0.3142410343455689,wait:0.000000
14,42:0,42,no_addition,False,0.0,0.14285714285714285,0.0,0.14285714285714285,0.0,0.14285714285714285,0.0,0.0,1.0,0.0,0.32819633979836005,0.43924046267399164,0.20447239480110982,0.16011706831521896,wait:0.000000
14,46:0,46,no_addition,False,0.0,0.0,0.0,0.0,0.0,0.0,1.0,0.0,1.0,0.0,0.4681007579697525,0.6596503611583785,0.18523664050489752,0.15567554392335484,wait:0.000000
14,49:0,49,no_addition,False,0.0,0.0,0.0,0.0,0.0,0.0,0.0,0.0,0.0,0.0,0.5412220236875722,0.6085239383184402,0.20702198292046725,0.3550969080079869,wait:0.000000
14,69:0,69,no_addition,False,0.0,0.0,0.0,0.0,0.0,0.0,0.0,0.0,0.0,0.0,0.6022842267235775,0.3907241381421482,0.12522009883263424,0.2509880233786041,wait:0.000000
14,73:0,73,no_addition,False,0.0,0.2,0.0,0.2,0.0,0.2,0.0,0.0,1.0,0.0,0.36378614248294705,0.36825884895626715,0.10135193454551357,0.2052654022147686,wait:0.000000
14,75:0,75,no_addition,False,0.0,0.07692307692307693,0.0,0.07692307692307693,0.0,0.07692307692307693,0.0,0.0,2.0,0.0,0.3596300674356977,0.5146117501535823,0.14526836109731428,0.20877388740705785,wait:0.000000
14,76:0,76,no_addition,False,0.0,0.0,0.0,0.0,0.0,0.0,1.0,0.0,0.0,0.0,0.514638264298748,0.355946265462487,0.2483673802320229,0.36773318693554713,wait:0.000000;e:-0.067266
14,78:0,78,no_addition,False,0.0,0.0,0.0,0.0,0.0,0.0,0.0,0.0,0.0,0.0,0.6649527470465615,0.2708445688219129,0.19539182057908258,0.3732642554777805,wait:0.000000;e:-0.149416
14,79:0,79,no_addition,False,0.0,0.0,0.0,0.0,0.0,0.0,0.0,0.0,0.0,0.0,0.6554007144387883,0.3386993507256493,0.11701546148724276,0.22854336518025284,wait:0.000000
14,82:0,82,no_addition,False,0.0,0.0,0.0,0.0,0.0,0.0,0.0,0.0,0.0,0.0,0.7286328395366878,0.36352177295393373,0.15698912011979346,0.1520510595522537,wait:0.000000
14,85:0,85,no_addition,False,0.0,0.0,0.0,0.0,0.0,0.0,0.0,0.0,0.0,0.0,0.7153815322741996,0.556425413119678,0.16364315346228214,0.22556310027741625,wait:0.000000
14,88:0,88,no_addition,False,0.0,0.08333333333333333,0.0,0.08333333333333333,0.0,0.08333333333333333,1.0,1.0,1.0,0.0,0.6838818921052074,0.6528958079300611,0.09809896900767885,0.2484204188053176,wait:0.000000
14,90:0,90,no_addition,False,0.0,0.0,0.0,0.0,0.0,0.0,0.0,0.0,0.0,0.0,0.5496088598221989,0.5230713273300622,0.13492759998526915,0.34468040679375855,wait:0.000000
14,92:0,92,no_addition,False,0.0,0.2,0.0,0.2,0.0,0.2,0.0,0.0,0.0,0.0,0.5836859411228719,0.5217641296334619,0.18240288524889472,0.2062050120290187,wait:0.000000
14,99:0,99,no_addition,False,0.0,0.16666666666666666,0.0,0.16666666666666666,0.0,0.16666666666666666,0.0,0.0,0.0,0.0,0.595919754635573,0.3031051908867153,0.2567075269935262,0.3515030813689487,wait:0.000000;e:-0.098610
14,100:0,100,no_addition,False,0.0,0.0,0.0,0.0,0.0,0.0,0.0,0.0,1.0,0.0,0.6452677404526934,0.4692832919180363,0.23232263065211484,0.18559087631515395,wait:0.000000
14,101:0,101,no_addition,False,0.0,0.0,0.0,0.0,0.0,0.0,0.0,0.0,0.0,0.0,0.6310976055605848,0.36314160703095977,0.24047447859475,0.2558610523356464,wait:0.350652
14,103:0,103,no_addition,False,0.0,0.0,0.0,0.0,0.0,0.0,0.0,0.0,0.0,0.0,0.48453188448400963,0.3036894266573445,0.24040021754476024,0.2514446862260086,wait:0.283158
14,107:0,107,no_addition,False,0.0,0.0,0.0,0.0,0.0,0.0,0.0,0.0,1.0,0.0,0.5041144877325429,0.4027578298740651,0.11188658600935725,0.20311708869163475,wait:0.000000
14,108:0,108,no_addition,False,0.0,0.0,0.0,0.0,0.0,0.0,1.0,0.0,0.0,0.0,0.7413304324730086,0.5801760444086993,0.13671870609908326,0.3181198326494777,wait:0.000000
14,113:0,113,no_addition,False,0.0,0.0,0.0,0.0,0.0,0.0,1.0,0.0,0.0,0.0,0.4319583854917445,0.5871883438705638,0.20774743918817895,0.15152591661893103,wait:0.000000
14,117:0,117,no_addition,False,0.0,0.2,0.0,0.2,0.0,0.2,1.0,0.0,1.0,0.0,0.5647934918076111,0.31861268573099333,0.26177083556612213,0.27837894745424074,wait:0.000000;e:-0.011524
14,118:0,118,no_addition,False,0.0,0.0,0.0,0.0,0.0,0.0,0.0,0.0,2.0,0.0,0.6306607408681486,0.3257052711190269,0.22127615320016214,0.1744441787687567,wait:0.314503
15,5:0,5,e,False,0.0,0.0,0.0,0.0,0.0,0.0,0.0,2.0,1.0,0.0,0.41716821085730726,0.3788347320900052,0.1609773507552331,0.3021323944895209,wait:0.000000;e:0.018942
15,8:0,8,no_addition,False,0.0,0.0,0.0,0.0,0.0,0.0,0.0,0.0,0.0,0.0,0.42224487806266675,0.31676733048151573,0.09743626015620943,0.3270836536953683,wait:0.000000;e:-0.061890
15,15:0,15,no_addition,False,0.0,0.0,0.0,0.0,0.0,0.0,0.0,0.0,0.0,0.0,0.5815402376273211,0.3651732285065892,0.12013139547880683,0.36885322864169034,wait:0.000000
15,17:0,17,no_addition,False,0.0,0.0,0.0,0.0,0.0,0.0,0.0,0.0,0.0,0.0,0.5319935126913222,0.5734977925998279,0.253902026142052,0.30760713930070754,wait:0.000000
15,19:0,19,no_addition,False,0.0,0.0,0.0,0.0,0.0,0.0,0.0,0.0,0.0,0.0,0.7251883343647291,0.445278758799319,0.134934236822975,0.22963360758369958,wait:0.000000
15,20:0,20,no_addition,False,0.0,0.0,0.0,0.0,0.0,0.0,0.0,0.0,0.0,0.0,0.6195092762977208,0.4718195611743685,0.1422286741409436,0.34279558387592546,wait:0.000000
15,27:0,27,no_addition,False,0.0,0.2,0.0,0.2,0.0,0.2,0.0,0.0,0.0,0.0,0.6925893067107659,0.6392206064589001,0.15779028109324086,0.353722948422607,wait:0.000000
15,35:0,35,no_addition,False,0.0,0.16666666666666666,0.0,0.0,0.0,0.16666666666666666,0.0,0.0,0.0,1.0,0.5686148129675394,0.3427762288136687,0.11359345932382238,0.16606751870033873,wait:0.000000
15,37:0,37,no_addition,False,0.0,0.14285714285714285,0.0,0.14285714285714285,0.0,0.14285714285714285,0.0,0.0,0.0,0.0,0.6566398133866089,0.6048095714434447,0.23900283811741982,0.19162572583057183,wait:0.000000
15,39:0,39,no_addition,False,0.0,0.0,0.0,0.0,0.0,0.0,0.0,0.0,0.0,1.0,0.4294577007052264,0.4134846893986729,0.11278642516549683,0.3142410343455689,wait:0.000000
15,42:0,42,no_addition,False,0.0,0.14285714285714285,0.0,0.0,0.0,0.14285714285714285,0.0,0.0,0.0,1.0,0.3646625997759556,0.39531641640659243,0.20447239480110982,0.16011706831521896,wait:0.000000
15,46:0,46,no_addition,False,0.0,0.0,0.0,0.0,0.0,0.0,1.0,0.0,0.0,0.0,0.5162243319679732,0.6596503611583785,0.18523664050489752,0.15567554392335484,wait:0.000000
15,49:0,49,no_addition,False,0.0,0.0,0.0,0.0,0.0,0.0,0.0,0.0,0.0,0.0,0.5412220236875722,0.6085239383184402,0.20702198292046725,0.3550969080079869,wait:0.000000
15,69:0,69,no_addition,False,0.0,0.0,0.0,0.0,0.0,0.0,0.0,0.0,0.0,0.0,0.6022842267235775,0.3907241381421482,0.12522009883263424,0.2509880233786041,wait:0.000000
15,73:0,73,no_addition,False,0.0,0.0,0.0,0.0,0.0,0.0,0.0,1.0,0.0,0.0,0.40420682498105226,0.43143296406064047,0.10135193454551357,0.21381812730705063,wait:0.000000
15,75:0,75,no_addition,False,0.0,0.07692307692307693,0.0,0.07692307692307693,0.0,0.07692307692307693,0.0,0.0,1.0,0.0,0.3807847772848564,0.5146117501535823,0.14526836109731428,0.20877388740705785,wait:0.000000
15,76:0,76,no_addition,False,0.0,0.0,0.0,0.0,0.0,0.0,1.0,0.0,0.0,0.0,0.514638264298748,0.355946265462487,0.2483673802320229,0.36773318693554713,wait:0.000000;e:-0.067266
15,78:0,78,no_addition,False,0.0,0.0,0.0,0.0,0.0,0.0,0.0,0.0,0.0,0.0,0.6649527470465615,0.2708445688219129,0.19539182057908258,0.3732642554777805,wait:0.000000;e:-0.149416
15,79:0,79,no_addition,False,0.0,0.0,0.0,0.0,0.0,0.0,0.0,0.0,0.0,0.0,0.6554007144387883,0.3386993507256493,0.11701546148724276,0.22854336518025284,wait:0.000000
15,82:0,82,no_addition,False,0.0,0.0,0.0,0.0,0.0,0.0,0.0,0.0,0.0,0.0,0.7286328395366878,0.36352177295393373,0.15698912011979346,0.1520510595522537,wait:0.000000
15,85:0,85,no_addition,False,0.0,0.0,0.0,0.0,0.0,0.0,0.0,0.0,0.0,0.0,0.7153815322741996,0.556425413119678,0.16364315346228214,0.22556310027741625,wait:0.000000
15,88:0,88,no_addition,False,0.0,0.08333333333333333,0.0,0.08333333333333333,0.0,0.08333333333333333,0.0,1.0,0.0,0.0,0.7163316377708322,0.6528958079300611,0.09809896900767885,0.2484204188053176,wait:0.000000
15,90:0,90,no_addition,False,0.0,0.0,0.0,0.0,0.0,0.0,0.0,0.0,0.0,0.0,0.5496088598221989,0.5230713273300622,0.13492759998526915,0.34468040679375855,wait:0.000000
15,92:0,92,no_addition,False,0.0,0.2,0.0,0.2,0.0,0.2,0.0,0.0,0.0,0.0,0.5836859411228719,0.5217641296334619,0.18240288524889472,0.2062050120290187,wait:0.000000
15,99:0,99,no_addition,False,0.0,0.16666666666666666,0.0,0.16666666666666666,0.0,0.16666666666666666,0.0,0.0,0.0,0.0,0.595919754635573,0.3031051908867153,0.2567075269935262,0.3515030813689487,wait:0.000000;e:-0.098610
15,100:0,100,no_addition,False,0.0,0.0,0.0,0.0,0.0,0.0,0.0,0.0,0.0,0.0,0.7169641560585482,0.4692832919180363,0.23232263065211484,0.18559087631515395,wait:0.000000
15,103:0,103,no_addition,False,0.0,0.0,0.0,0.0,0.0,0.0,0.0,0.0,0.0,0.0,0.48453188448400963,0.3036894266573445,0.24040021754476024,0.2514446862260086,wait:0.293244
15,107:0,107,no_addition,False,0.0,0.0,0.0,0.0,0.0,0.0,0.0,0.0,1.0,0.0,0.5041144877325429,0.4027578298740651,0.11188658600935725,0.20311708869163475,wait:0.000000
15,108:0,108,no_addition,False,0.0,0.0,0.0,0.0,0.0,0.0,1.0,0.0,0.0,0.0,0.7413304324730086,0.5801760444086993,0.13671870609908326,0.3181198326494777,wait:0.000000
15,113:0,113,no_addition,False,0.0,0.0,0.0,0.0,0.0,0.0,1.0,0.0,0.0,0.0,0.4319583854917445,0.5871883438705638,0.20774743918817895,0.15152591661893103,wait:0.000000
15,117:0,117,no_addition,False,0.0,0.2,0.0,0.0,0.0,0.2,0.0,0.0,0.0,1.0,0.5762276374207189,0.286751417157894,0.26177083556612213,0.27837894745424074,wait:0.000000;e:-0.040210
15,118:0,118,no_addition,False,0.0,0.0,0.0,0.0,0.0,0.0,0.0,0.0,0.0,0.0,0.7419538127860572,0.3257052711190269,0.22127615320016214,0.1744441787687567,wait:0.000000
16,5:0,5,no_addition,False,0.0,0.0,0.0,0.0,0.0,0.0,0.0,1.0,1.0,0.0,0.41716821085730726,0.3422955986835349,0.1609773507552331,0.3021323944895209,wait:0.319154
16,8:0,8,no_addition,False,0.0,0.0,0.0,0.0,0.0,0.0,0.0,0.0,0.0,0.0,0.42224487806266675,0.31676733048151573,0.09743626015620943,0.3270836536953683,wait:0.000000;e:-0.061890
16,15:0,15,no_addition,False,0.0,0.0,0.0,0.0,0.0,0.0,0.0,0.0,0.0,0.0,0.5815402376273211,0.3651732285065892,0.12013139547880683,0.36885322864169034,wait:0.000000
16,17:0,17,no_addition,False,0.0,0.0,0.0,0.0,0.0,0.0,0.0,0.0,0.0,0.0,0.5319935126913222,0.5734977925998279,0.253902026142052,0.30760713930070754,wait:0.000000
16,19:0,19,no_addition,False,0.0,0.0,0.0,0.0,0.0,0.0,0.0,0.0,0.0,0.0,0.7251883343647291,0.445278758799319,0.134934236822975,0.22963360758369958,wait:0.000000
16,20:0,20,no_addition,False,0.0,0.0,0.0,0.0,0.0,0.0,0.0,0.0,0.0,0.0,0.6195092762977208,0.4718195611743685,0.1422286741409436,0.34279558387592546,wait:0.000000
16,27:0,27,no_addition,False,0.0,0.2,0.0,0.0,0.0,0.2,0.0,0.0,0.0,1.0,0.6925893067107659,0.57529854581301,0.15779028109324086,0.353722948422607,wait:0.000000
16,35:0,35,no_addition,False,0.0,0.0,0.0,0.0,0.0,0.0,0.0,0.0,0.0,1.0,0.5686148129675394,0.3427762288136687,0.11359345932382238,0.17179398486241937,wait:0.000000
16,37:0,37,no_addition,False,0.0,0.14285714285714285,0.0,0.0,0.0,0.14285714285714285,0.0,0.0,0.0,1.0,0.6566398133866089,0.5443286142991002,0.23900283811741982,0.19162572583057183,wait:0.000000
16,39:0,39,no_addition,False,0.0,0.0,0.0,0.0,0.0,0.0,0.0,0.0,0.0,0.0,0.4294577007052264,0.45942743266519215,0.11278642516549683,0.3142410343455689,wait:0.000000
16,42:0,42,no_addition,False,0.0,0.0,0.0,0.0,0.0,0.0,0.0,0.0,0.0,1.0,0.3646625997759556,0.39531641640659243,0.20447239480110982,0.16482639385390188,wait:0.000000
16,46:0,46,no_addition,False,0.0,0.1111111111111111,0.0,0.1111111111111111,0.0,0.1111111111111111,0.0,0.0,0.0,0.0,0.46247147996441473,0.6596503611583785,0.18523664050489752,0.15221608739172474,wait:0.000000
16,49:0,49,no_addition,False,0.0,0.0,0.0,0.0,0.0,0.0,0.0,0.0,0.0,0.0,0.5412220236875722,0.6085239383184402,0.20702198292046725,0.3550969080079869,wait:0.000000
16,69:0,69,no_addition,False,0.0,0.0,0.0,0.0,0.0,0.0,0.0,0.0,0.0,0.0,0.6022842267235775,0.3907241381421482,0.12522009883263424,0.2509880233786041,wait:0.000000
16,73:0,73,no_addition,False,0.0,0.0,0.0,0.0,0.0,0.0,0.0,1.0,0.0,0.0,0.40420682498105226,0.43143296406064047,0.10135193454551357,0.21381812730705063,wait:0.000000
16,75:0,75,no_addition,False,0.0,0.07692307692307693,0.0,0.0,0.0,0.07692307692307693,0.0,0.0,1.0,1.0,0.3807847772848564,0.46315057513822405,0.14526836109731428,0.20877388740705785,wait:0.000000
16,76:0,76,no_addition,False,0.0,0.0,0.0,0.0,0.0,0.0,0.0,0.0,0.0,0.0,0.4607091825541645,0.355946265462487,0.2483673802320229,0.36773318693554713,wait:0.000000;e:-0.067266
16,78:0,78,no_addition,False,0.0,0.0,0.0,0.0,0.0,0.0,0.0,0.0,0.0,0.0,0.6649527470465615,0.2708445688219129,0.19539182057908258,0.3732642554777805,wait:0.000000;e:-0.149416
16,79:0,79,no_addition,False,0.0,0.0,0.0,0.0,0.0,0.0,0.0,0.0,0.0,0.0,0.6554007144387883,0.3386993507256493,0.11701546148724276,0.22854336518025284,wait:0.000000
16,82:0,82,no_addition,False,0.0,0.0,0.0,0.0,0.0,0.0,0.0,0.0,0.0,0.0,0.7286328395366878,0.36352177295393373,0.15698912011979346,0.1520510595522537,wait:0.000000
16,85:0,85,no_addition,False,0.0,0.0,0.0,0.0,0.0,0.0,0.0,0.0,0.0,0.0,0.7153815322741996,0.556425413119678,0.16364315346228214,0.22556310027741625,wait:0.000000
16,88:0,88,no_addition,False,0.0,0.08333333333333333,0.0,0.0,0.0,0.08333333333333333,0.0,0.0,0.0,1.0,0.7163316377708322,0.552895807930061,0.09809896900767885,0.2484204188053176,wait:0.000000
16,90:0,90,no_addition,False,0.0,0.0,0.0,0.0,0.0,0.0,0.0,0.0,0.0,0.0,0.5496088598221989,0.5230713273300622,0.13492759998526915,0.34468040679375855,wait:0.000000
16,92:0,92,no_addition,False,0.0,0.2,0.0,0.0,0.0,0.2,0.0,0.0,0.0,1.0,0.5836859411228719,0.4695877166701157,0.18240288524889472,0.2062050120290187,wait:0.000000
16,99:0,99,no_addition,False,0.0,0.16666666666666666,0.0,0.0,0.0,0.16666666666666666,0.0,0.0,0.0,1.0,0.595919754635573,0.2727946717980438,0.2567075269935262,0.3515030813689487,wait:0.000000;e:-0.125899
16,100:0,100,no_addition,False,0.0,0.0,0.0,0.0,0.0,0.0,0.0,0.0,0.0,0.0,0.7169641560585482,0.4692832919180363,0.23232263065211484,0.18559087631515395,wait:0.000000
16,103:0,103,no_addition,False,0.0,0.0,0.0,0.0,0.0,0.0,0.0,0.0,0.0,0.0,0.48453188448400963,0.3036894266573445,0.24040021754476024,0.2514446862260086,wait:0.000000
16,107:0,107,no_addition,False,0.0,0.0,0.0,0.0,0.0,0.0,0.0,0.0,1.0,0.0,0.5041144877325429,0.4027578298740651,0.11188658600935725,0.20311708869163475,wait:0.000000
16,108:0,108,no_addition,False,0.0,0.0,0.0,0.0,0.0,0.0,1.0,0.0,0.0,0.0,0.7413304324730086,0.5801760444086993,0.13671870609908326,0.3181198326494777,wait:0.000000
16,113:0,113,no_addition,False,0.0,0.0,0.0,0.0,0.0,0.0,1.0,0.0,0.0,0.0,0.4319583854917445,0.5871883438705638,0.20774743918817895,0.15152591661893103,wait:0.000000
16,117:0,117,no_addition,False,0.0,0.2,0.0,0.2,0.0,0.2,0.0,0.0,0.0,1.0,0.5762276374207189,0.286751417157894,0.26177083556612213,0.27837894745424074,wait:0.000000;e:-0.040210
16,118:0,118,no_addition,False,0.0,0.0,0.0,0.0,0.0,0.0,0.0,0.0,0.0,0.0,0.7419538127860572,0.3257052711190269,0.22127615320016214,0.1744441787687567,wait:0.000000
17,5:0,5,no_addition,False,0.0,0.0,0.0,0.0,0.0,0.0,0.0,1.0,0.0,0.0,0.46352023428589695,0.3422955986835349,0.1609773507552331,0.3021323944895209,wait:0.330522
17,8:0,8,no_addition,False,0.0,0.0,0.0,0.0,0.0,0.0,0.0,0.0,0.0,0.0,0.42224487806266675,0.31676733048151573,0.09743626015620943,0.3270836536953683,wait:0.000000;e:-0.061890
17,15:0,15,no_addition,False,0.0,0.0,0.0,0.0,0.0,0.0,0.0,0.0,0.0,0.0,0.5815402376273211,0.3651732285065892,0.12013139547880683,0.36885322864169034,wait:0.000000
17,17:0,17,no_addition,False,0.0,0.0,0.0,0.0,0.0,0.0,0.0,0.0,0.0,0.0,0.5319935126913222,0.5734977925998279,0.253902026142052,0.30760713930070754,wait:0.000000
17,19:0,19,no_addition,False,0.0,0.0,0.0,0.0,0.0,0.0,0.0,0.0,0.0,0.0,0.7251883343647291,0.445278758799319,0.134934236822975,0.22963360758369958,wait:0.000000
17,20:0,20,no_addition,False,0.0,0.0,0.0,0.0,0.0,0.0,0.0,0.0,0.0,0.0,0.6195092762977208,0.4718195611743685,0.1422286741409436,0.34279558387592546,wait:0.000000
17,27:0,27,no_addition,False,0.0,0.0,0.0,0.0,0.0,0.0,0.0,0.0,0.0,1.0,0.6925893067107659,0.57529854581301,0.15779028109324086,0.3684614046068823,wait:0.000000
17,35:0,35,no_addition,False,0.0,0.0,0.0,0.0,0.0,0.0,0.0,0.0,0.0,1.0,0.5686148129675394,0.3427762288136687,0.11359345932382238,0.17179398486241937,wait:0.000000
17,37:0,37,no_addition,False,0.0,0.0,0.0,0.0,0.0,0.0,0.0,0.0,0.0,1.0,0.6566398133866089,0.5443286142991002,0.23900283811741982,0.19726177659029454,wait:0.000000
17,39:0,39,no_addition,False,0.0,0.0,0.0,0.0,0.0,0.0,0.0,0.0,0.0,0.0,0.4294577007052264,0.45942743266519215,0.11278642516549683,0.3142410343455689,wait:0.000000
17,42:0,42,no_addition,False,0.0,0.0,0.0,0.0,0.0,0.0,0.0,0.0,0.0,1.0,0.3646625997759556,0.39531641640659243,0.20447239480110982,0.16482639385390188,wait:0.000000
17,46:0,46,no_addition,False,0.0,0.1111111111111111,0.0,0.1111111111111111,0.0,0.1111111111111111,0.0,0.0,0.0,0.0,0.46247147996441473,0.6596503611583785,0.18523664050489752,0.15221608739172474,wait:0.000000
17,49:0,49,no_addition,False,0.0,0.0,0.0,0.0,0.0,0.0,0.0,0.0,0.0,0.0,0.5412220236875722,0.6085239383184402,0.20702198292046725,0.3550969080079869,wait:0.000000
17,69:0,69,no_addition,False,0.0,0.0,0.0,0.0,0.0,0.0,0.0,0.0,0.0,0.0,0.6022842267235775,0.3907241381421482,0.12522009883263424,0.2509880233786041,wait:0.000000
17,73:0,73,no_addition,False,0.0,0.0,0.0,0.0,0.0,0.0,0.0,1.0,0.0,0.0,0.40420682498105226,0.43143296406064047,0.10135193454551357,0.21381812730705063,wait:0.000000
17,75:0,75,no_addition,False,0.0,0.0,0.0,0.0,0.0,0.0,0.0,0.0,0.0,1.0,0.4230941969831738,0.46315057513822405,0.14526836109731428,0.21203597939779312,wait:0.000000
17,76:0,76,no_addition,False,0.0,0.0,0.0,0.0,0.0,0.0,0.0,0.0,0.0,0.0,0.4607091825541645,0.355946265462487,0.2483673802320229,0.36773318693554713,wait:0.000000;e:-0.067266
17,78:0,78,no_addition,False,0.0,0.0,0.0,0.0,0.0,0.0,0.0,0.0,0.0,0.0,0.6649527470465615,0.2708445688219129,0.19539182057908258,0.3732642554777805,wait:0.000000;e:-0.149416
17,79:0,79,no_addition,False,0.0,0.0,0.0,0.0,0.0,0.0,0.0,0.0,0.0,0.0,0.6554007144387883,0.3386993507256493,0.11701546148724276,0.22854336518025284,wait:0.000000
17,82:0,82,no_addition,False,0.0,0.0,0.0,0.0,0.0,0.0,0.0,0.0,0.0,0.0,0.7286328395366878,0.36352177295393373,0.15698912011979346,0.1520510595522537,wait:0.000000
17,85:0,85,no_addition,False,0.0,0.0,0.0,0.0,0.0,0.0,0.0,0.0,0.0,0.0,0.7153815322741996,0.556425413119678,0.16364315346228214,0.22556310027741625,wait:0.000000
17,88:0,88,no_addition,False,0.0,0.0,0.0,0.0,0.0,0.0,0.0,0.0,0.0,1.0,0.7163316377708322,0.552895807930061,0.09809896900767885,0.2526309343782891,wait:0.000000
17,90:0,90,no_addition,False,0.0,0.0,0.0,0.0,0.0,0.0,0.0,0.0,0.0,0.0,0.5496088598221989,0.5230713273300622,0.13492759998526915,0.34468040679375855,wait:0.000000
17,92:0,92,no_addition,False,0.0,0.0,0.0,0.0,0.0,0.0,0.0,0.0,0.0,1.0,0.5836859411228719,0.4695877166701157,0.18240288524889472,0.21479688753022783,wait:0.000000
17,99:0,99,no_addition,False,0.0,0.0,0.0,0.0,0.0,0.0,0.0,0.0,0.0,1.0,0.595919754635573,0.2727946717980438,0.2567075269935262,0.36362387727822276,wait:0.000000;e:-0.138020
17,100:0,100,no_addition,False,0.0,0.0,0.0,0.0,0.0,0.0,0.0,0.0,0.0,0.0,0.7169641560585482,0.4692832919180363,0.23232263065211484,0.18559087631515395,wait:0.000000
17,103:0,103,no_addition,False,0.0,0.0,0.0,0.0,0.0,0.0,0.0,0.0,0.0,0.0,0.48453188448400963,0.3036894266573445,0.24040021754476024,0.2514446862260086,wait:0.000000
17,107:0,107,no_addition,False,0.0,0.0,0.0,0.0,0.0,0.0,0.0,0.0,0.0,0.0,0.5601272085917144,0.4027578298740651,0.11188658600935725,0.20311708869163475,wait:0.000000
17,108:0,108,no_addition,False,0.0,0.0,0.0,0.0,0.0,0.0,0.0,0.0,0.0,0.0,0.712589369414454,0.5801760444086993,0.13671870609908326,0.3181198326494777,wait:0.000000
17,113:0,113,no_addition,False,0.0,0.0,0.0,0.0,0.0,0.0,0.0,0.0,0.0,0.0,0.36884265054638277,0.5871883438705638,0.20774743918817895,0.15152591661893103,wait:0.000000
17,117:0,117,no_addition,False,0.0,0.2,0.0,0.2,0.0,0.2,0.0,0.0,0.0,1.0,0.5762276374207189,0.286751417157894,0.26177083556612213,0.27837894745424074,wait:0.000000;e:-0.040210
17,118:0,118,no_addition,False,0.0,0.0,0.0,0.0,0.0,0.0,0.0,0.0,0.0,0.0,0.7419538127860572,0.3257052711190269,0.22127615320016214,0.1744441787687567,wait:0.000000
18,5:0,5,no_addition,False,0.0,0.0,0.0,0.0,0.0,0.0,0.0,0.0,0.0,0.0,0.46352023428589695,0.26921733187059427,0.1609773507552331,0.3021323944895209,wait:0.259958
18,8:0,8,no_addition,False,0.0,0.0,0.0,0.0,0.0,0.0,0.0,0.0,0.0,0.0,0.42224487806266675,0.31676733048151573,0.09743626015620943,0.3270836536953683,wait:0.000000;e:-0.061890
18,15:0,15,no_addition,False,0.0,0.0,0.0,0.0,0.0,0.0,0.0,0.0,0.0,0.0,0.5815402376273211,0.3651732285065892,0.12013139547880683,0.36885322864169034,wait:0.000000
18,17:0,17,no_addition,False,0.0,0.0,0.0,0.0,0.0,0.0,0.0,0.0,0.0,0.0,0.5319935126913222,0.5734977925998279,0.253902026142052,0.30760713930070754,wait:0.000000
18,19:0,19,no_addition,False,0.0,0.0,0.0,0.0,0.0,0.0,0.0,0.0,0.0,0.0,0.7251883343647291,0.445278758799319,0.134934236822975,0.22963360758369958,wait:0.000000
18,20:0,20,no_addition,False,0.0,0.0,0.0,0.0,0.0,0.0,0.0,0.0,0.0,0.0,0.6195092762977208,0.4718195611743685,0.1422286741409436,0.34279558387592546,wait:0.000000
18,27:0,27,no_addition,False,0.0,0.0,0.0,0.0,0.0,0.0,0.0,0.0,0.0,1.0,0.6925893067107659,0.57529854581301,0.15779028109324086,0.3684614046068823,wait:0.000000
18,35:0,35,no_addition,False,0.0,0.0,0.0,0.0,0.0,0.0,0.0,0.0,0.0,0.0,0.5686148129675394,0.3808624764596319,0.11359345932382238,0.17179398486241937,wait:0.000000
18,37:0,37,no_addition,False,0.0,0.0,0.0,0.0,0.0,0.0,0.0,0.0,0.0,1.0,0.6566398133866089,0.5443286142991002,0.23900283811741982,0.19726177659029454,wait:0.000000
18,39:0,39,no_addition,False,0.0,0.0,0.0,0.0,0.0,0.0,0.0,0.0,0.0,0.0,0.4294577007052264,0.45942743266519215,0.11278642516549683,0.3142410343455689,wait:0.000000
18,42:0,42,no_addition,False,0.0,0.0,0.0,0.0,0.0,0.0,0.0,0.0,0.0,0.0,0.3646625997759556,0.43924046267399164,0.20447239480110982,0.16482639385390188,wait:0.000000
18,46:0,46,no_addition,False,0.0,0.1111111111111111,0.0,0.1111111111111111,0.0,0.1111111111111111,0.0,0.0,0.0,0.0,0.46247147996441473,0.6596503611583785,0.18523664050489752,0.15221608739172474,wait:0.000000
18,49:0,49,no_addition,False,0.0,0.0,0.0,0.0,0.0,0.0,0.0,0.0,0.0,0.0,0.5412220236875722,0.6085239383184402,0.20702198292046725,0.3550969080079869,wait:0.000000
18,69:0,69,no_addition,False,0.0,0.0,0.0,0.0,0.0,0.0,0.0,0.0,0.0,0.0,0.6022842267235775,0.3907241381421482,0.12522009883263424,0.2509880233786041,wait:0.000000
18,73:0,73,no_addition,False,0.0,0.0,0.0,0.0,0.0,0.0,0.0,0.0,0.0,0.0,0.40420682498105226,0.36825884895626715,0.10135193454551357,0.21381812730705063,wait:0.000000
18,75:0,75,no_addition,False,0.0,0.0,0.0,0.0,0.0,0.0,0.0,0.0,0.0,1.0,0.4230941969831738,0.46315057513822405,0.14526836109731428,0.21203597939779312,wait:0.000000
18,76:0,76,no_addition,False,0.0,0.0,0.0,0.0,0.0,0.0,0.0,0.0,0.0,0.0,0.4607091825541645,0.355946265462487,0.2483673802320229,0.36773318693554713,wait:0.000000;e:-0.067266
18,78:0,78,no_addition,False,0.0,0.0,0.0,0.0,0.0,0.0,0.0,0.0,0.0,0.0,0.6649527470465615,0.2708445688219129,0.19539182057908258,0.3732642554777805,wait:0.000000;e:-0.149416
18,79:0,79,no_addition,False,0.0,0.0,0.0,0.0,0.0,0.0,0.0,0.0,0.0,0.0,0.6554007144387883,0.3386993507256493,0.11701546148724276,0.22854336518025284,wait:0.000000
18,82:0,82,no_addition,False,0.0,0.0,0.0,0.0,0.0,0.0,0.0,0.0,0.0,0.0,0.7286328395366878,0.36352177295393373,0.15698912011979346,0.1520510595522537,wait:0.000000
18,85:0,85,no_addition,False,0.0,0.0,0.0,0.0,0.0,0.0,0.0,0.0,0.0,0.0,0.7153815322741996,0.556425413119678,0.16364315346228214,0.22556310027741625,wait:0.000000
18,88:0,88,no_addition,False,0.0,0.0,0.0,0.0,0.0,0.0,0.0,0.0,0.0,1.0,0.7163316377708322,0.552895807930061,0.09809896900767885,0.2526309343782891,wait:0.000000
18,90:0,90,no_addition,False,0.0,0.0,0.0,0.0,0.0,0.0,0.0,0.0,0.0,0.0,0.5496088598221989,0.5230713273300622,0.13492759998526915,0.34468040679375855,wait:0.000000
18,92:0,92,no_addition,False,0.0,0.0,0.0,0.0,0.0,0.0,0.0,0.0,0.0,1.0,0.5836859411228719,0.4695877166701157,0.18240288524889472,0.21479688753022783,wait:0.000000
18,99:0,99,no_addition,False,0.0,0.0,0.0,0.0,0.0,0.0,0.0,0.0,0.0,1.0,0.595919754635573,0.2727946717980438,0.2567075269935262,0.36362387727822276,wait:0.000000;e:-0.138020
18,100:0,100,no_addition,False,0.0,0.0,0.0,0.0,0.0,0.0,0.0,0.0,0.0,0.0,0.7169641560585482,0.4692832919180363,0.23232263065211484,0.18559087631515395,wait:0.000000
18,103:0,103,no_addition,False,0.0,0.0,0.0,0.0,0.0,0.0,0.0,0.0,0.0,0.0,0.48453188448400963,0.3036894266573445,0.24040021754476024,0.2514446862260086,wait:0.000000
18,107:0,107,no_addition,False,0.0,0.0,0.0,0.0,0.0,0.0,0.0,0.0,0.0,0.0,0.5601272085917144,0.4027578298740651,0.11188658600935725,0.20311708869163475,wait:0.000000
18,108:0,108,no_addition,False,0.0,0.0,0.0,0.0,0.0,0.0,0.0,0.0,0.0,0.0,0.712589369414454,0.5801760444086993,0.13671870609908326,0.3181198326494777,wait:0.000000
18,113:0,113,no_addition,False,0.0,0.0,0.0,0.0,0.0,0.0,0.0,0.0,0.0,0.0,0.36884265054638277,0.5871883438705638,0.20774743918817895,0.15152591661893103,wait:0.000000
18,117:0,117,no_addition,False,0.0,0.2,0.0,0.2,0.0,0.2,0.0,0.0,0.0,0.0,0.5762276374207189,0.31861268573099333,0.26177083556612213,0.27837894745424074,wait:0.000000;e:-0.011524
18,118:0,118,no_addition,False,0.0,0.0,0.0,0.0,0.0,0.0,0.0,0.0,0.0,0.0,0.7419538127860572,0.3257052711190269,0.22127615320016214,0.1744441787687567,wait:0.000000
19,8:0,8,no_addition,False,0.0,0.0,0.0,0.0,0.0,0.0,0.0,0.0,0.0,0.0,0.42224487806266675,0.31676733048151573,0.09743626015620943,0.3270836536953683,wait:0.000000;e:-0.061890
19,15:0,15,no_addition,False,0.0,0.0,0.0,0.0,0.0,0.0,0.0,0.0,0.0,0.0,0.5815402376273211,0.3651732285065892,0.12013139547880683,0.36885322864169034,wait:0.000000
19,17:0,17,no_addition,False,0.0,0.0,0.0,0.0,0.0,0.0,0.0,0.0,0.0,0.0,0.5319935126913222,0.5734977925998279,0.253902026142052,0.30760713930070754,wait:0.000000
19,19:0,19,no_addition,False,0.0,0.0,0.0,0.0,0.0,0.0,0.0,0.0,0.0,0.0,0.7251883343647291,0.445278758799319,0.134934236822975,0.22963360758369958,wait:0.000000
19,20:0,20,no_addition,False,0.0,0.0,0.0,0.0,0.0,0.0,0.0,0.0,0.0,0.0,0.6195092762977208,0.4718195611743685,0.1422286741409436,0.34279558387592546,wait:0.000000
19,27:0,27,no_addition,False,0.0,0.0,0.0,0.0,0.0,0.0,0.0,0.0,0.0,0.0,0.6925893067107659,0.6392206064589001,0.15779028109324086,0.3684614046068823,wait:0.000000
19,35:0,35,no_addition,False,0.0,0.0,0.0,0.0,0.0,0.0,0.0,0.0,0.0,0.0,0.5686148129675394,0.3808624764596319,0.11359345932382238,0.17179398486241937,wait:0.000000
19,37:0,37,no_addition,False,0.0,0.0,0.0,0.0,0.0,0.0,0.0,0.0,0.0,0.0,0.6566398133866089,0.6048095714434447,0.23900283811741982,0.19726177659029454,wait:0.000000
19,39:0,39,no_addition,False,0.0,0.0,0.0,0.0,0.0,0.0,0.0,0.0,0.0,0.0,0.4294577007052264,0.45942743266519215,0.11278642516549683,0.3142410343455689,wait:0.000000
19,42:0,42,no_addition,False,0.0,0.0,0.0,0.0,0.0,0.0,0.0,0.0,0.0,0.0,0.3646625997759556,0.43924046267399164,0.20447239480110982,0.16482639385390188,wait:0.000000
19,46:0,46,no_addition,False,0.0,0.0,0.0,0.0,0.0,0.0,0.0,1.0,0.0,0.0,0.46247147996441473,0.6936853250425405,0.18523664050489752,0.15567554392335484,wait:0.000000
19,49:0,49,no_addition,False,0.0,0.0,0.0,0.0,0.0,0.0,0.0,0.0,0.0,0.0,0.5412220236875722,0.6085239383184402,0.20702198292046725,0.3550969080079869,wait:0.000000
19,69:0,69,no_addition,False,0.0,0.0,0.0,0.0,0.0,0.0,0.0,0.0,0.0,0.0,0.6022842267235775,0.3907241381421482,0.12522009883263424,0.2509880233786041,wait:0.000000
19,73:0,73,no_addition,False,0.0,0.0,0.0,0.0,0.0,0.0,0.0,0.0,0.0,0.0,0.40420682498105226,0.36825884895626715,0.10135193454551357,0.21381812730705063,wait:0.000000
19,75:0,75,no_addition,False,0.0,0.0,0.0,0.0,0.0,0.0,0.0,0.0,0.0,0.0,0.4230941969831738,0.5146117501535823,0.14526836109731428,0.21203597939779312,wait:0.000000
19,76:0,76,no_addition,False,0.0,0.0,0.0,0.0,0.0,0.0,0.0,0.0,0.0,0.0,0.4607091825541645,0.355946265462487,0.2483673802320229,0.36773318693554713,wait:0.000000;e:-0.067266
19,78:0,78,no_addition,False,0.0,0.0,0.0,0.0,0.0,0.0,0.0,0.0,0.0,0.0,0.6649527470465615,0.2708445688219129,0.19539182057908258,0.3732642554777805,wait:0.000000;e:-0.149416
19,79:0,79,no_addition,False,0.0,0.0,0.0,0.0,0.0,0.0,0.0,0.0,0.0,0.0,0.6554007144387883,0.3386993507256493,0.11701546148724276,0.22854336518025284,wait:0.000000
19,82:0,82,no_addition,False,0.0,0.0,0.0,0.0,0.0,0.0,0.0,0.0,0.0,0.0,0.7286328395366878,0.36352177295393373,0.15698912011979346,0.1520510595522537,wait:0.000000
19,85:0,85,no_addition,False,0.0,0.0,0.0,0.0,0.0,0.0,0.0,0.0,0.0,0.0,0.7153815322741996,0.556425413119678,0.16364315346228214,0.22556310027741625,wait:0.000000
19,88:0,88,no_addition,False,0.0,0.0,0.0,0.0,0.0,0.0,0.0,0.0,0.0,0.0,0.7163316377708322,0.6143286754778456,0.09809896900767885,0.2526309343782891,wait:0.000000
19,90:0,90,no_addition,False,0.0,0.0,0.0,0.0,0.0,0.0,0.0,0.0,0.0,0.0,0.5496088598221989,0.5230713273300622,0.13492759998526915,0.34468040679375855,wait:0.000000
19,92:0,92,no_addition,False,0.0,0.0,0.0,0.0,0.0,0.0,0.0,0.0,0.0,0.0,0.5836859411228719,0.5217641296334619,0.18240288524889472,0.21479688753022783,wait:0.000000
19,99:0,99,no_addition,False,0.0,0.0,0.0,0.0,0.0,0.0,0.0,0.0,0.0,0.0,0.595919754635573,0.3031051908867153,0.2567075269935262,0.36362387727822276,wait:0.000000;e:-0.110731
19,100:0,100,no_addition,False,0.0,0.0,0.0,0.0,0.0,0.0,0.0,0.0,0.0,0.0,0.7169641560585482,0.4692832919180363,0.23232263065211484,0.18559087631515395,wait:0.000000
19,103:0,103,no_addition,False,0.0,0.0,0.0,0.0,0.0,0.0,0.0,0.0,0.0,0.0,0.48453188448400963,0.3036894266573445,0.24040021754476024,0.2514446862260086,wait:0.000000
19,107:0,107,no_addition,False,0.0,0.0,0.0,0.0,0.0,0.0,0.0,0.0,0.0,0.0,0.5601272085917144,0.4027578298740651,0.11188658600935725,0.20311708869163475,wait:0.000000
19,108:0,108,no_addition,False,0.0,0.0,0.0,0.0,0.0,0.0,0.0,0.0,0.0,0.0,0.712589369414454,0.5801760444086993,0.13671870609908326,0.3181198326494777,wait:0.000000
19,113:0,113,no_addition,False,0.0,0.0,0.0,0.0,0.0,0.0,0.0,0.0,0.0,0.0,0.36884265054638277,0.5871883438705638,0.20774743918817895,0.15152591661893103,wait:0.000000
19,117:0,117,e,False,0.0,0.0,0.0,0.0,0.0,0.0,0.0,1.0,0.0,0.0,0.5762276374207189,0.38675141715789396,0.26177083556612213,0.28997807026483413,wait:0.000000;e:0.038224
19,118:0,118,no_addition,False,0.0,0.0,0.0,0.0,0.0,0.0,0.0,0.0,0.0,0.0,0.7419538127860572,0.3257052711190269,0.22127615320016214,0.1744441787687567,wait:0.000000
20,8:0,8,no_addition,False,0.0,0.0,0.0,0.0,0.0,0.0,0.0,0.0,0.0,0.0,0.42224487806266675,0.31676733048151573,0.09743626015620943,0.3270836536953683,wait:0.000000;e:-0.061890
20,15:0,15,no_addition,False,0.0,0.0,0.0,0.0,0.0,0.0,0.0,0.0,0.0,0.0,0.5815402376273211,0.3651732285065892,0.12013139547880683,0.36885322864169034,wait:0.000000
20,17:0,17,no_addition,False,0.0,0.0,0.0,0.0,0.0,0.0,0.0,0.0,0.0,0.0,0.5319935126913222,0.5734977925998279,0.253902026142052,0.30760713930070754,wait:0.000000
20,19:0,19,no_addition,False,0.0,0.0,0.0,0.0,0.0,0.0,0.0,0.0,0.0,0.0,0.7251883343647291,0.445278758799319,0.134934236822975,0.22963360758369958,wait:0.000000
20,20:0,20,no_addition,False,0.0,0.0,0.0,0.0,0.0,0.0,0.0,0.0,0.0,0.0,0.6195092762977208,0.4718195611743685,0.1422286741409436,0.34279558387592546,wait:0.000000
20,27:0,27,no_addition,False,0.0,0.0,0.0,0.0,0.0,0.0,0.0,0.0,0.0,0.0,0.6925893067107659,0.6392206064589001,0.15779028109324086,0.3684614046068823,wait:0.000000
20,35:0,35,no_addition,False,0.0,0.0,0.0,0.0,0.0,0.0,0.0,0.0,0.0,0.0,0.5686148129675394,0.3808624764596319,0.11359345932382238,0.17179398486241937,wait:0.000000
20,37:0,37,no_addition,False,0.0,0.0,0.0,0.0,0.0,0.0,0.0,0.0,0.0,0.0,0.6566398133866089,0.6048095714434447,0.23900283811741982,0.19726177659029454,wait:0.000000
20,39:0,39,no_addition,False,0.0,0.0,0.0,0.0,0.0,0.0,0.0,0.0,0.0,0.0,0.4294577007052264,0.45942743266519215,0.11278642516549683,0.3142410343455689,wait:0.000000
20,42:0,42,no_addition,False,0.0,0.0,0.0,0.0,0.0,0.0,0.0,0.0,0.0,0.0,0.3646625997759556,0.43924046267399164,0.20447239480110982,0.16482639385390188,wait:0.000000
20,46:0,46,no_addition,False,0.0,0.0,0.0,0.0,0.0,0.0,0.0,1.0,0.0,0.0,0.46247147996441473,0.6936853250425405,0.18523664050489752,0.15567554392335484,wait:0.000000
20,49:0,49,no_addition,False,0.0,0.0,0.0,0.0,0.0,0.0,0.0,0.0,0.0,0.0,0.5412220236875722,0.6085239383184402,0.20702198292046725,0.3550969080079869,wait:0.000000
20,69:0,69,no_addition,False,0.0,0.0,0.0,0.0,0.0,0.0,0.0,0.0,0.0,0.0,0.6022842267235775,0.3907241381421482,0.12522009883263424,0.2509880233786041,wait:0.000000
20,73:0,73,no_addition,False,0.0,0.0,0.0,0.0,0.0,0.0,0.0,0.0,0.0,0.0,0.40420682498105226,0.36825884895626715,0.10135193454551357,0.21381812730705063,wait:0.000000
20,75:0,75,no_addition,False,0.0,0.0,0.0,0.0,0.0,0.0,0.0,0.0,0.0,0.0,0.4230941969831738,0.5146117501535823,0.14526836109731428,0.21203597939779312,wait:0.000000
20,76:0,76,no_addition,False,0.0,0.0,0.0,0.0,0.0,0.0,0.0,0.0,0.0,0.0,0.4607091825541645,0.355946265462487,0.2483673802320229,0.36773318693554713,wait:0.000000;e:-0.067266
20,78:0,78,no_addition,False,0.0,0.0,0.0,0.0,0.0,0.0,0.0,0.0,0.0,0.0,0.6649527470465615,0.2708445688219129,0.19539182057908258,0.3732642554777805,wait:0.000000;e:-0.149416
20,79:0,79,no_addition,False,0.0,0.0,0.0,0.0,0.0,0.0,0.0,0.0,0.0,0.0,0.6554007144387883,0.3386993507256493,0.11701546148724276,0.22854336518025284,wait:0.000000
20,82:0,82,no_addition,False,0.0,0.0,0.0,0.0,0.0,0.0,0.0,0.0,0.0,0.0,0.7286328395366878,0.36352177295393373,0.15698912011979346,0.1520510595522537,wait:0.000000
20,85:0,85,no_addition,False,0.0,0.0,0.0,0.0,0.0,0.0,0.0,0.0,0.0,0.0,0.7153815322741996,0.556425413119678,0.16364315346228214,0.22556310027741625,wait:0.000000
20,88:0,88,no_addition,False,0.0,0.0,0.0,0.0,0.0,0.0,0.0,0.0,0.0,0.0,0.7163316377708322,0.6143286754778456,0.09809896900767885,0.2526309343782891,wait:0.000000
20,90:0,90,no_addition,False,0.0,0.0,0.0,0.0,0.0,0.0,0.0,0.0,0.0,0.0,0.5496088598221989,0.5230713273300622,0.13492759998526915,0.34468040679375855,wait:0.000000
20,92:0,92,no_addition,False,0.0,0.0,0.0,0.0,0.0,0.0,0.0,0.0,0.0,0.0,0.5836859411228719,0.5217641296334619,0.18240288524889472,0.21479688753022783,wait:0.000000
20,99:0,99,no_addition,False,0.0,0.0,0.0,0.0,0.0,0.0,0.0,0.0,0.0,0.0,0.595919754635573,0.3031051908867153,0.2567075269935262,0.36362387727822276,wait:0.000000;e:-0.110731
20,100:0,100,no_addition,False,0.0,0.0,0.0,0.0,0.0,0.0,0.0,0.0,0.0,0.0,0.7169641560585482,0.4692832919180363,0.23232263065211484,0.18559087631515395,wait:0.000000
20,103:0,103,no_addition,False,0.0,0.0,0.0,0.0,0.0,0.0,0.0,0.0,0.0,0.0,0.48453188448400963,0.3036894266573445,0.24040021754476024,0.2514446862260086,wait:0.000000
20,107:0,107,no_addition,False,0.0,0.0,0.0,0.0,0.0,0.0,0.0,0.0,0.0,0.0,0.5601272085917144,0.4027578298740651,0.11188658600935725,0.20311708869163475,wait:0.000000
20,108:0,108,no_addition,False,0.0,0.0,0.0,0.0,0.0,0.0,0.0,0.0,0.0,0.0,0.712589369414454,0.5801760444086993,0.13671870609908326,0.3181198326494777,wait:0.000000
20,113:0,113,no_addition,False,0.0,0.0,0.0,0.0,0.0,0.0,0.0,0.0,0.0,0.0,0.36884265054638277,0.5871883438705638,0.20774743918817895,0.15152591661893103,wait:0.000000
20,117:0,117,no_addition,False,0.0,0.0,0.0,0.0,0.0,0.0,0.0,1.0,0.0,0.0,0.5762276374207189,0.38675141715789396,0.26177083556612213,0.28997807026483413,wait:0.360605
20,118:0,118,no_addition,False,0.0,0.125,0.0,0.125,0.0,0.125,0.0,0.0,0.0,0.0,0.7419538127860572,0.3257052711190269,0.22127615320016214,0.17008307429953778,wait:0.000000
21,8:0,8,no_addition,False,0.0,0.0,0.0,0.0,0.0,0.0,0.0,0.0,0.0,0.0,0.42224487806266675,0.31676733048151573,0.09743626015620943,0.3270836536953683,wait:0.000000;e:-0.061890
21,15:0,15,no_addition,False,0.0,0.0,0.0,0.0,0.0,0.0,0.0,0.0,0.0,0.0,0.5815402376273211,0.3651732285065892,0.12013139547880683,0.36885322864169034,wait:0.000000
21,17:0,17,no_addition,False,0.0,0.0,0.0,0.0,0.0,0.0,0.0,0.0,0.0,0.0,0.5319935126913222,0.5734977925998279,0.253902026142052,0.30760713930070754,wait:0.000000
21,19:0,19,no_addition,False,0.0,0.0,0.0,0.0,0.0,0.0,0.0,0.0,0.0,0.0,0.7251883343647291,0.445278758799319,0.134934236822975,0.22963360758369958,wait:0.000000
21,20:0,20,no_addition,False,0.0,0.0,0.0,0.0,0.0,0.0,0.0,0.0,0.0,0.0,0.6195092762977208,0.4718195611743685,0.1422286741409436,0.34279558387592546,wait:0.000000
21,27:0,27,no_addition,False,0.0,0.0,0.0,0.0,0.0,0.0,0.0,0.0,0.0,0.0,0.6925893067107659,0.6392206064589001,0.15779028109324086,0.3684614046068823,wait:0.000000
21,35:0,35,no_addition,False,0.0,0.0,0.0,0.0,0.0,0.0,0.0,0.0,0.0,0.0,0.5686148129675394,0.3808624764596319,0.11359345932382238,0.17179398486241937,wait:0.000000
21,37:0,37,no_addition,False,0.0,0.0,0.0,0.0,0.0,0.0,0.0,0.0,0.0,0.0,0.6566398133866089,0.6048095714434447,0.23900283811741982,0.19726177659029454,wait:0.000000
21,39:0,39,no_addition,False,0.0,0.0,0.0,0.0,0.0,0.0,0.0,0.0,0.0,0.0,0.4294577007052264,0.45942743266519215,0.11278642516549683,0.3142410343455689,wait:0.000000
21,42:0,42,no_addition,False,0.0,0.0,0.0,0.0,0.0,0.0,0.0,0.0,0.0,0.0,0.3646625997759556,0.43924046267399164,0.20447239480110982,0.16482639385390188,wait:0.000000
21,46:0,46,no_addition,False,0.0,0.0,0.0,0.0,0.0,0.0,0.0,1.0,0.0,0.0,0.46247147996441473,0.6936853250425405,0.18523664050489752,0.15567554392335484,wait:0.000000
21,49:0,49,no_addition,False,0.0,0.0,0.0,0.0,0.0,0.0,0.0,0.0,0.0,0.0,0.5412220236875722,0.6085239383184402,0.20702198292046725,0.3550969080079869,wait:0.000000
21,69:0,69,no_addition,False,0.0,0.0,0.0,0.0,0.0,0.0,0.0,0.0,0.0,0.0,0.6022842267235775,0.3907241381421482,0.12522009883263424,0.2509880233786041,wait:0.000000
21,73:0,73,no_addition,False,0.0,0.0,0.0,0.0,0.0,0.0,0.0,0.0,0.0,0.0,0.40420682498105226,0.36825884895626715,0.10135193454551357,0.21381812730705063,wait:0.000000
21,75:0,75,no_addition,False,0.0,0.0,0.0,0.0,0.0,0.0,0.0,0.0,0.0,0.0,0.4230941969831738,0.5146117501535823,0.14526836109731428,0.21203597939779312,wait:0.000000
21,76:0,76,no_addition,False,0.0,0.0,0.0,0.0,0.0,0.0,0.0,0.0,0.0,0.0,0.4607091825541645,0.355946265462487,0.2483673802320229,0.36773318693554713,wait:0.000000;e:-0.067266
21,78:0,78,no_addition,False,0.0,0.0,0.0,0.0,0.0,0.0,0.0,0.0,0.0,0.0,0.6649527470465615,0.2708445688219129,0.19539182057908258,0.3732642554777805,wait:0.000000;e:-0.149416
21,79:0,79,no_addition,False,0.0,0.0,0.0,0.0,0.0,0.0,0.0,0.0,0.0,0.0,0.6554007144387883,0.3386993507256493,0.11701546148724276,0.22854336518025284,wait:0.000000
21,82:0,82,no_addition,False,0.0,0.0,0.0,0.0,0.0,0.0,0.0,0.0,0.0,0.0,0.7286328395366878,0.36352177295393373,0.15698912011979346,0.1520510595522537,wait:0.000000
21,85:0,85,no_addition,False,0.0,0.0,0.0,0.0,0.0,0.0,0.0,0.0,0.0,0.0,0.7153815322741996,0.556425413119678,0.16364315346228214,0.22556310027741625,wait:0.000000
21,88:0,88,no_addition,False,0.0,0.0,0.0,0.0,0.0,0.0,0.0,0.0,0.0,0.0,0.7163316377708322,0.6143286754778456,0.09809896900767885,0.2526309343782891,wait:0.000000
21,90:0,90,no_addition,False,0.0,0.0,0.0,0.0,0.0,0.0,0.0,0.0,0.0,0.0,0.5496088598221989,0.5230713273300622,0.13492759998526915,0.34468040679375855,wait:0.000000
21,92:0,92,no_addition,False,0.0,0.0,0.0,0.0,0.0,0.0,0.0,0.0,0.0,0.0,0.5836859411228719,0.5217641296334619,0.18240288524889472,0.21479688753022783,wait:0.000000
21,99:0,99,no_addition,False,0.0,0.0,0.0,0.0,0.0,0.0,0.0,0.0,0.0,0.0,0.595919754635573,0.3031051908867153,0.2567075269935262,0.36362387727822276,wait:0.000000;e:-0.110731
21,100:0,100,no_addition,False,0.0,0.0,0.0,0.0,0.0,0.0,0.0,0.0,0.0,0.0,0.7169641560585482,0.4692832919180363,0.23232263065211484,0.18559087631515395,wait:0.000000
21,103:0,103,no_addition,False,0.0,0.0,0.0,0.0,0.0,0.0,0.0,0.0,0.0,0.0,0.48453188448400963,0.3036894266573445,0.24040021754476024,0.2514446862260086,wait:0.000000
21,107:0,107,no_addition,False,0.0,0.0,0.0,0.0,0.0,0.0,0.0,0.0,0.0,0.0,0.5601272085917144,0.4027578298740651,0.11188658600935725,0.20311708869163475,wait:0.000000
21,108:0,108,no_addition,False,0.0,0.0,0.0,0.0,0.0,0.0,0.0,0.0,0.0,0.0,0.712589369414454,0.5801760444086993,0.13671870609908326,0.3181198326494777,wait:0.000000
21,113:0,113,no_addition,False,0.0,0.0,0.0,0.0,0.0,0.0,0.0,0.0,0.0,0.0,0.36884265054638277,0.5871883438705638,0.20774743918817895,0.15152591661893103,wait:0.000000
21,117:0,117,no_addition,False,0.0,0.0,0.0,0.0,0.0,0.0,0.0,1.0,0.0,0.0,0.5762276374207189,0.38675141715789396,0.26177083556612213,0.28997807026483413,wait:0.373449
21,118:0,118,no_addition,False,0.0,0.125,0.0,0.125,0.0,0.125,0.0,0.0,0.0,0.0,0.7419538127860572,0.3257052711190269,0.22127615320016214,0.17008307429953778,wait:0.000000
22,8:0,8,no_addition,False,0.0,0.0,0.0,0.0,0.0,0.0,0.0,0.0,0.0,0.0,0.42224487806266675,0.31676733048151573,0.09743626015620943,0.3270836536953683,wait:0.000000;e:-0.061890
22,15:0,15,no_addition,False,0.0,0.0,0.0,0.0,0.0,0.0,0.0,0.0,0.0,0.0,0.5815402376273211,0.3651732285065892,0.12013139547880683,0.36885322864169034,wait:0.000000
22,17:0,17,no_addition,False,0.0,0.0,0.0,0.0,0.0,0.0,0.0,0.0,0.0,0.0,0.5319935126913222,0.5734977925998279,0.253902026142052,0.30760713930070754,wait:0.000000
22,19:0,19,no_addition,False,0.0,0.0,0.0,0.0,0.0,0.0,0.0,0.0,0.0,0.0,0.7251883343647291,0.445278758799319,0.134934236822975,0.22963360758369958,wait:0.000000
22,20:0,20,no_addition,False,0.0,0.0,0.0,0.0,0.0,0.0,0.0,0.0,0.0,0.0,0.6195092762977208,0.4718195611743685,0.1422286741409436,0.34279558387592546,wait:0.000000
22,27:0,27,no_addition,False,0.0,0.0,0.0,0.0,0.0,0.0,0.0,0.0,0.0,0.0,0.6925893067107659,0.6392206064589001,0.15779028109324086,0.3684614046068823,wait:0.000000
22,35:0,35,no_addition,False,0.0,0.0,0.0,0.0,0.0,0.0,0.0,0.0,0.0,0.0,0.5686148129675394,0.3808624764596319,0.11359345932382238,0.17179398486241937,wait:0.000000
22,37:0,37,no_addition,False,0.0,0.0,0.0,0.0,0.0,0.0,0.0,0.0,0.0,0.0,0.6566398133866089,0.6048095714434447,0.23900283811741982,0.19726177659029454,wait:0.000000
22,39:0,39,no_addition,False,0.0,0.0,0.0,0.0,0.0,0.0,0.0,0.0,0.0,0.0,0.4294577007052264,0.45942743266519215,0.11278642516549683,0.3142410343455689,wait:0.000000
22,42:0,42,no_addition,False,0.0,0.0,0.0,0.0,0.0,0.0,0.0,0.0,0.0,0.0,0.3646625997759556,0.43924046267399164,0.20447239480110982,0.16482639385390188,wait:0.000000
22,46:0,46,no_addition,False,0.0,0.0,0.0,0.0,0.0,0.0,0.0,0.0,0.0,0.0,0.46247147996441473,0.6596503611583785,0.18523664050489752,0.15567554392335484,wait:0.000000
22,49:0,49,no_addition,False,0.0,0.0,0.0,0.0,0.0,0.0,0.0,0.0,0.0,0.0,0.5412220236875722,0.6085239383184402,0.20702198292046725,0.3550969080079869,wait:0.000000
22,69:0,69,no_addition,False,0.0,0.0,0.0,0.0,0.0,0.0,0.0,0.0,0.0,0.0,0.6022842267235775,0.3907241381421482,0.12522009883263424,0.2509880233786041,wait:0.000000
22,73:0,73,no_addition,False,0.0,0.0,0.0,0.0,0.0,0.0,0.0,0.0,0.0,0.0,0.40420682498105226,0.36825884895626715,0.10135193454551357,0.21381812730705063,wait:0.000000
22,75:0,75,no_addition,False,0.0,0.0,0.0,0.0,0.0,0.0,0.0,0.0,0.0,0.0,0.4230941969831738,0.5146117501535823,0.14526836109731428,0.21203597939779312,wait:0.000000
22,76:0,76,no_addition,False,0.0,0.0,0.0,0.0,0.0,0.0,0.0,0.0,0.0,0.0,0.4607091825541645,0.355946265462487,0.2483673802320229,0.36773318693554713,wait:0.000000;e:-0.067266
22,78:0,78,no_addition,False,0.0,0.0,0.0,0.0,0.0,0.0,0.0,0.0,0.0,0.0,0.6649527470465615,0.2708445688219129,0.19539182057908258,0.3732642554777805,wait:0.000000;e:-0.149416
22,79:0,79,no_addition,False,0.0,0.0,0.0,0.0,0.0,0.0,0.0,0.0,0.0,0.0,0.6554007144387883,0.3386993507256493,0.11701546148724276,0.22854336518025284,wait:0.000000
22,82:0,82,no_addition,False,0.0,0.0,0.0,0.0,0.0,0.0,0.0,0.0,0.0,0.0,0.7286328395366878,0.36352177295393373,0.15698912011979346,0.1520510595522537,wait:0.000000
22,85:0,85,no_addition,False,0.0,0.0,0.0,0.0,0.0,0.0,0.0,0.0,0.0,0.0,0.7153815322741996,0.556425413119678,0.16364315346228214,0.22556310027741625,wait:0.000000
22,88:0,88,no_addition,False,0.0,0.0,0.0,0.0,0.0,0.0,0.0,0.0,0.0,0.0,0.7163316377708322,0.6143286754778456,0.09809896900767885,0.2526309343782891,wait:0.000000
22,90:0,90,no_addition,False,0.0,0.0,0.0,0.0,0.0,0.0,0.0,0.0,0.0,0.0,0.5496088598221989,0.5230713273300622,0.13492759998526915,0.34468040679375855,wait:0.000000
22,92:0,92,no_addition,False,0.0,0.0,0.0,0.0,0.0,0.0,0.0,0.0,0.0,0.0,0.5836859411228719,0.5217641296334619,0.18240288524889472,0.21479688753022783,wait:0.000000
22,99:0,99,no_addition,False,0.0,0.0,0.0,0.0,0.0,0.0,0.0,0.0,0.0,0.0,0.595919754635573,0.3031051908867153,0.2567075269935262,0.36362387727822276,wait:0.000000;e:-0.110731
22,100:0,100,no_addition,False,0.0,0.0,0.0,0.0,0.0,0.0,0.0,0.0,0.0,0.0,0.7169641560585482,0.4692832919180363,0.23232263065211484,0.18559087631515395,wait:0.000000
22,103:0,103,no_addition,False,0.0,0.0,0.0,0.0,0.0,0.0,0.0,0.0,0.0,0.0,0.48453188448400963,0.3036894266573445,0.24040021754476024,0.2514446862260086,wait:0.000000
22,107:0,107,no_addition,False,0.0,0.0,0.0,0.0,0.0,0.0,0.0,0.0,0.0,0.0,0.5601272085917144,0.4027578298740651,0.11188658600935725,0.20311708869163475,wait:0.000000
22,108:0,108,no_addition,False,0.0,0.0,0.0,0.0,0.0,0.0,0.0,0.0,0.0,0.0,0.712589369414454,0.5801760444086993,0.13671870609908326,0.3181198326494777,wait:0.000000
22,113:0,113,no_addition,False,0.0,0.0,0.0,0.0,0.0,0.0,0.0,0.0,0.0,0.0,0.36884265054638277,0.5871883438705638,0.20774743918817895,0.15152591661893103,wait:0.000000
22,117:0,117,no_addition,False,0.0,0.0,0.0,0.0,0.0,0.0,0.0,0.0,0.0,0.0,0.5762276374207189,0.31861268573099333,0.26177083556612213,0.28997807026483413,wait:0.000000
22,118:0,118,no_addition,False,0.0,0.125,0.0,0.0,0.0,0.125,0.0,0.0,0.0,1.0,0.7419538127860572,0.2931347440071242,0.22127615320016214,0.17008307429953778,wait:0.000000
23,8:0,8,no_addition,False,0.0,0.0,0.0,0.0,0.0,0.0,0.0,0.0,0.0,0.0,0.42224487806266675,0.31676733048151573,0.09743626015620943,0.3270836536953683,wait:0.000000;e:-0.061890
23,15:0,15,no_addition,False,0.0,0.0,0.0,0.0,0.0,0.0,0.0,0.0,0.0,0.0,0.5815402376273211,0.3651732285065892,0.12013139547880683,0.36885322864169034,wait:0.000000
23,17:0,17,no_addition,False,0.0,0.0,0.0,0.0,0.0,0.0,0.0,0.0,0.0,0.0,0.5319935126913222,0.5734977925998279,0.253902026142052,0.30760713930070754,wait:0.000000
23,19:0,19,no_addition,False,0.0,0.0,0.0,0.0,0.0,0.0,0.0,0.0,0.0,0.0,0.7251883343647291,0.445278758799319,0.134934236822975,0.22963360758369958,wait:0.000000
23,20:0,20,no_addition,False,0.0,0.0,0.0,0.0,0.0,0.0,0.0,0.0,0.0,0.0,0.6195092762977208,0.4718195611743685,0.1422286741409436,0.34279558387592546,wait:0.000000
23,27:0,27,no_addition,False,0.0,0.0,0.0,0.0,0.0,0.0,0.0,0.0,0.0,0.0,0.6925893067107659,0.6392206064589001,0.15779028109324086,0.3684614046068823,wait:0.000000
23,35:0,35,no_addition,False,0.0,0.0,0.0,0.0,0.0,0.0,0.0,0.0,0.0,0.0,0.5686148129675394,0.3808624764596319,0.11359345932382238,0.17179398486241937,wait:0.000000
23,37:0,37,no_addition,False,0.0,0.0,0.0,0.0,0.0,0.0,0.0,0.0,0.0,0.0,0.6566398133866089,0.6048095714434447,0.23900283811741982,0.19726177659029454,wait:0.000000
23,39:0,39,no_addition,False,0.0,0.0,0.0,0.0,0.0,0.0,0.0,0.0,0.0,0.0,0.4294577007052264,0.45942743266519215,0.11278642516549683,0.3142410343455689,wait:0.000000
23,42:0,42,no_addition,False,0.0,0.0,0.0,0.0,0.0,0.0,0.0,0.0,0.0,0.0,0.3646625997759556,0.43924046267399164,0.20447239480110982,0.16482639385390188,wait:0.000000
23,46:0,46,no_addition,False,0.0,0.0,0.0,0.0,0.0,0.0,0.0,0.0,0.0,0.0,0.46247147996441473,0.6596503611583785,0.18523664050489752,0.15567554392335484,wait:0.000000
23,49:0,49,no_addition,False,0.0,0.0,0.0,0.0,0.0,0.0,0.0,0.0,0.0,0.0,0.5412220236875722,0.6085239383184402,0.20702198292046725,0.3550969080079869,wait:0.000000
23,69:0,69,no_addition,False,0.0,0.0,0.0,0.0,0.0,0.0,0.0,0.0,0.0,0.0,0.6022842267235775,0.3907241381421482,0.12522009883263424,0.2509880233786041,wait:0.000000
23,73:0,73,no_addition,False,0.0,0.0,0.0,0.0,0.0,0.0,0.0,0.0,0.0,0.0,0.40420682498105226,0.36825884895626715,0.10135193454551357,0.21381812730705063,wait:0.000000
23,75:0,75,no_addition,False,0.0,0.0,0.0,0.0,0.0,0.0,0.0,0.0,0.0,0.0,0.4230941969831738,0.5146117501535823,0.14526836109731428,0.21203597939779312,wait:0.000000
23,76:0,76,no_addition,False,0.0,0.0,0.0,0.0,0.0,0.0,0.0,0.0,0.0,0.0,0.4607091825541645,0.355946265462487,0.2483673802320229,0.36773318693554713,wait:0.000000;e:-0.067266
23,78:0,78,no_addition,False,0.0,0.0,0.0,0.0,0.0,0.0,0.0,0.0,0.0,0.0,0.6649527470465615,0.2708445688219129,0.19539182057908258,0.3732642554777805,wait:0.000000;e:-0.149416
23,79:0,79,no_addition,False,0.0,0.0,0.0,0.0,0.0,0.0,0.0,0.0,0.0,0.0,0.6554007144387883,0.3386993507256493,0.11701546148724276,0.22854336518025284,wait:0.000000
23,82:0,82,no_addition,False,0.0,0.0,0.0,0.0,0.0,0.0,0.0,0.0,0.0,0.0,0.7286328395366878,0.36352177295393373,0.15698912011979346,0.1520510595522537,wait:0.000000
23,85:0,85,no_addition,False,0.0,0.0,0.0,0.0,0.0,0.0,0.0,0.0,0.0,0.0,0.7153815322741996,0.556425413119678,0.16364315346228214,0.22556310027741625,wait:0.000000
23,88:0,88,no_addition,False,0.0,0.0,0.0,0.0,0.0,0.0,0.0,0.0,0.0,0.0,0.7163316377708322,0.6143286754778456,0.09809896900767885,0.2526309343782891,wait:0.000000
23,90:0,90,no_addition,False,0.0,0.0,0.0,0.0,0.0,0.0,0.0,0.0,0.0,0.0,0.5496088598221989,0.5230713273300622,0.13492759998526915,0.34468040679375855,wait:0.000000
23,92:0,92,no_addition,False,0.0,0.0,0.0,0.0,0.0,0.0,0.0,0.0,0.0,0.0,0.5836859411228719,0.5217641296334619,0.18240288524889472,0.21479688753022783,wait:0.000000
23,99:0,99,no_addition,False,0.0,0.0,0.0,0.0,0.0,0.0,0.0,0.0,0.0,0.0,0.595919754635573,0.3031051908867153,0.2567075269935262,0.36362387727822276,wait:0.000000;e:-0.110731
23,100:0,100,no_addition,False,0.0,0.0,0.0,0.0,0.0,0.0,0.0,0.0,0.0,0.0,0.7169641560585482,0.4692832919180363,0.23232263065211484,0.18559087631515395,wait:0.000000
23,103:0,103,no_addition,False,0.0,0.0,0.0,0.0,0.0,0.0,0.0,0.0,0.0,0.0,0.48453188448400963,0.3036894266573445,0.24040021754476024,0.2514446862260086,wait:0.000000
23,107:0,107,no_addition,False,0.0,0.0,0.0,0.0,0.0,0.0,0.0,0.0,0.0,0.0,0.5601272085917144,0.4027578298740651,0.11188658600935725,0.20311708869163475,wait:0.000000
23,108:0,108,no_addition,False,0.0,0.0,0.0,0.0,0.0,0.0,0.0,0.0,0.0,0.0,0.712589369414454,0.5801760444086993,0.13671870609908326,0.3181198326494777,wait:0.000000
23,113:0,113,no_addition,False,0.0,0.0,0.0,0.0,0.0,0.0,0.0,0.0,0.0,0.0,0.36884265054638277,0.5871883438705638,0.20774743918817895,0.15152591661893103,wait:0.000000
23,117:0,117,no_addition,False,0.0,0.0,0.0,0.0,0.0,0.0,0.0,0.0,0.0,0.0,0.5762276374207189,0.31861268573099333,0.26177083556612213,0.28997807026483413,wait:0.000000
23,118:0,118,no_addition,False,0.0,0.0,0.0,0.0,0.0,0.0,0.0,0.0,0.0,1.0,0.7419538127860572,0.2931347440071242,0.22127615320016214,0.1744441787687567,wait:0.000000
24,8:0,8,no_addition,False,0.0,0.0,0.0,0.0,0.0,0.0,0.0,0.0,0.0,0.0,0.42224487806266675,0.31676733048151573,0.09743626015620943,0.3270836536953683,wait:0.000000;e:-0.061890
24,15:0,15,no_addition,False,0.0,0.0,0.0,0.0,0.0,0.0,0.0,0.0,0.0,0.0,0.5815402376273211,0.3651732285065892,0.12013139547880683,0.36885322864169034,wait:0.000000
24,17:0,17,no_addition,False,0.0,0.0,0.0,0.0,0.0,0.0,0.0,0.0,0.0,0.0,0.5319935126913222,0.5734977925998279,0.253902026142052,0.30760713930070754,wait:0.000000
24,19:0,19,no_addition,False,0.0,0.0,0.0,0.0,0.0,0.0,0.0,0.0,0.0,0.0,0.7251883343647291,0.445278758799319,0.134934236822975,0.22963360758369958,wait:0.000000
24,20:0,20,no_addition,False,0.0,0.0,0.0,0.0,0.0,0.0,0.0,0.0,0.0,0.0,0.6195092762977208,0.4718195611743685,0.1422286741409436,0.34279558387592546,wait:0.000000
24,27:0,27,no_addition,False,0.0,0.0,0.0,0.0,0.0,0.0,0.0,0.0,0.0,0.0,0.6925893067107659,0.6392206064589001,0.15779028109324086,0.3684614046068823,wait:0.000000
24,35:0,35,no_addition,False,0.0,0.0,0.0,0.0,0.0,0.0,0.0,0.0,0.0,0.0,0.5686148129675394,0.3808624764596319,0.11359345932382238,0.17179398486241937,wait:0.000000
24,37:0,37,no_addition,False,0.0,0.0,0.0,0.0,0.0,0.0,0.0,0.0,0.0,0.0,0.6566398133866089,0.6048095714434447,0.23900283811741982,0.19726177659029454,wait:0.000000
24,39:0,39,no_addition,False,0.0,0.0,0.0,0.0,0.0,0.0,0.0,0.0,0.0,0.0,0.4294577007052264,0.45942743266519215,0.11278642516549683,0.3142410343455689,wait:0.000000
24,42:0,42,no_addition,False,0.0,0.0,0.0,0.0,0.0,0.0,0.0,0.0,0.0,0.0,0.3646625997759556,0.43924046267399164,0.20447239480110982,0.16482639385390188,wait:0.000000
24,46:0,46,no_addition,False,0.0,0.0,0.0,0.0,0.0,0.0,0.0,0.0,0.0,0.0,0.46247147996441473,0.6596503611583785,0.18523664050489752,0.15567554392335484,wait:0.000000
24,49:0,49,no_addition,False,0.0,0.0,0.0,0.0,0.0,0.0,0.0,0.0,0.0,0.0,0.5412220236875722,0.6085239383184402,0.20702198292046725,0.3550969080079869,wait:0.000000
24,69:0,69,no_addition,False,0.0,0.0,0.0,0.0,0.0,0.0,0.0,0.0,0.0,0.0,0.6022842267235775,0.3907241381421482,0.12522009883263424,0.2509880233786041,wait:0.000000
24,73:0,73,no_addition,False,0.0,0.0,0.0,0.0,0.0,0.0,0.0,0.0,0.0,0.0,0.40420682498105226,0.36825884895626715,0.10135193454551357,0.21381812730705063,wait:0.000000
24,75:0,75,no_addition,False,0.0,0.0,0.0,0.0,0.0,0.0,0.0,0.0,0.0,0.0,0.4230941969831738,0.5146117501535823,0.14526836109731428,0.21203597939779312,wait:0.000000
24,76:0,76,no_addition,False,0.0,0.0,0.0,0.0,0.0,0.0,0.0,0.0,0.0,0.0,0.4607091825541645,0.355946265462487,0.2483673802320229,0.36773318693554713,wait:0.000000;e:-0.067266
24,78:0,78,no_addition,False,0.0,0.0,0.0,0.0,0.0,0.0,0.0,0.0,0.0,0.0,0.6649527470465615,0.2708445688219129,0.19539182057908258,0.3732642554777805,wait:0.000000;e:-0.149416
24,79:0,79,no_addition,False,0.0,0.0,0.0,0.0,0.0,0.0,0.0,0.0,0.0,0.0,0.6554007144387883,0.3386993507256493,0.11701546148724276,0.22854336518025284,wait:0.000000
24,82:0,82,no_addition,False,0.0,0.0,0.0,0.0,0.0,0.0,0.0,0.0,0.0,0.0,0.7286328395366878,0.36352177295393373,0.15698912011979346,0.1520510595522537,wait:0.000000
24,85:0,85,no_addition,False,0.0,0.0,0.0,0.0,0.0,0.0,0.0,0.0,0.0,0.0,0.7153815322741996,0.556425413119678,0.16364315346228214,0.22556310027741625,wait:0.000000
24,88:0,88,no_addition,False,0.0,0.0,0.0,0.0,0.0,0.0,0.0,0.0,0.0,0.0,0.7163316377708322,0.6143286754778456,0.09809896900767885,0.2526309343782891,wait:0.000000
24,90:0,90,no_addition,False,0.0,0.0,0.0,0.0,0.0,0.0,0.0,0.0,0.0,0.0,0.5496088598221989,0.5230713273300622,0.13492759998526915,0.34468040679375855,wait:0.000000
24,92:0,92,no_addition,False,0.0,0.0,0.0,0.0,0.0,0.0,0.0,0.0,0.0,0.0,0.5836859411228719,0.5217641296334619,0.18240288524889472,0.21479688753022783,wait:0.000000
24,99:0,99,no_addition,False,0.0,0.0,0.0,0.0,0.0,0.0,0.0,0.0,0.0,0.0,0.595919754635573,0.3031051908867153,0.2567075269935262,0.36362387727822276,wait:0.000000;e:-0.110731
24,100:0,100,no_addition,False,0.0,0.0,0.0,0.0,0.0,0.0,0.0,0.0,0.0,0.0,0.7169641560585482,0.4692832919180363,0.23232263065211484,0.18559087631515395,wait:0.000000
24,103:0,103,no_addition,False,0.0,0.0,0.0,0.0,0.0,0.0,0.0,0.0,0.0,0.0,0.48453188448400963,0.3036894266573445,0.24040021754476024,0.2514446862260086,wait:0.000000
24,107:0,107,no_addition,False,0.0,0.0,0.0,0.0,0.0,0.0,0.0,0.0,0.0,0.0,0.5601272085917144,0.4027578298740651,0.11188658600935725,0.20311708869163475,wait:0.000000
24,108:0,108,no_addition,False,0.0,0.0,0.0,0.0,0.0,0.0,0.0,0.0,0.0,0.0,0.712589369414454,0.5801760444086993,0.13671870609908326,0.3181198326494777,wait:0.000000
24,113:0,113,no_addition,False,0.0,0.0,0.0,0.0,0.0,0.0,0.0,0.0,0.0,0.0,0.36884265054638277,0.5871883438705638,0.20774743918817895,0.15152591661893103,wait:0.000000
24,117:0,117,no_addition,False,0.0,0.0,0.0,0.0,0.0,0.0,0.0,0.0,0.0,0.0,0.5762276374207189,0.31861268573099333,0.26177083556612213,0.28997807026483413,wait:0.000000
24,118:0,118,no_addition,False,0.0,0.0,0.0,0.0,0.0,0.0,0.0,0.0,0.0,1.0,0.7419538127860572,0.2931347440071242,0.22127615320016214,0.1744441787687567,wait:0.000000
25,8:0,8,no_addition,False,0.0,0.0,0.0,0.0,0.0,0.0,0.0,0.0,0.0,0.0,0.42224487806266675,0.31676733048151573,0.09743626015620943,0.3270836536953683,wait:0.000000;e:-0.061890
25,15:0,15,no_addition,False,0.0,0.0,0.0,0.0,0.0,0.0,0.0,0.0,0.0,0.0,0.5815402376273211,0.3651732285065892,0.12013139547880683,0.36885322864169034,wait:0.000000
25,17:0,17,no_addition,False,0.0,0.0,0.0,0.0,0.0,0.0,0.0,0.0,0.0,0.0,0.5319935126913222,0.5734977925998279,0.253902026142052,0.30760713930070754,wait:0.000000
25,19:0,19,no_addition,False,0.0,0.0,0.0,0.0,0.0,0.0,0.0,0.0,0.0,0.0,0.7251883343647291,0.445278758799319,0.134934236822975,0.22963360758369958,wait:0.000000
25,20:0,20,no_addition,False,0.0,0.0,0.0,0.0,0.0,0.0,0.0,0.0,0.0,0.0,0.6195092762977208,0.4718195611743685,0.1422286741409436,0.34279558387592546,wait:0.000000
25,27:0,27,no_addition,False,0.0,0.0,0.0,0.0,0.0,0.0,0.0,0.0,0.0,0.0,0.6925893067107659,0.6392206064589001,0.15779028109324086,0.3684614046068823,wait:0.000000
25,35:0,35,no_addition,False,0.0,0.0,0.0,0.0,0.0,0.0,0.0,0.0,0.0,0.0,0.5686148129675394,0.3808624764596319,0.11359345932382238,0.17179398486241937,wait:0.000000
25,37:0,37,no_addition,False,0.0,0.0,0.0,0.0,0.0,0.0,0.0,0.0,0.0,0.0,0.6566398133866089,0.6048095714434447,0.23900283811741982,0.19726177659029454,wait:0.000000
25,39:0,39,no_addition,False,0.0,0.0,0.0,0.0,0.0,0.0,0.0,0.0,0.0,0.0,0.4294577007052264,0.45942743266519215,0.11278642516549683,0.3142410343455689,wait:0.000000
25,42:0,42,no_addition,False,0.0,0.0,0.0,0.0,0.0,0.0,0.0,0.0,0.0,0.0,0.3646625997759556,0.43924046267399164,0.20447239480110982,0.16482639385390188,wait:0.000000
25,46:0,46,no_addition,False,0.0,0.0,0.0,0.0,0.0,0.0,0.0,0.0,0.0,0.0,0.46247147996441473,0.6596503611583785,0.18523664050489752,0.15567554392335484,wait:0.000000
25,49:0,49,no_addition,False,0.0,0.0,0.0,0.0,0.0,0.0,0.0,0.0,0.0,0.0,0.5412220236875722,0.6085239383184402,0.20702198292046725,0.3550969080079869,wait:0.000000
25,69:0,69,no_addition,False,0.0,0.0,0.0,0.0,0.0,0.0,0.0,0.0,0.0,0.0,0.6022842267235775,0.3907241381421482,0.12522009883263424,0.2509880233786041,wait:0.000000
25,73:0,73,no_addition,False,0.0,0.0,0.0,0.0,0.0,0.0,0.0,0.0,0.0,0.0,0.40420682498105226,0.36825884895626715,0.10135193454551357,0.21381812730705063,wait:0.000000
25,75:0,75,no_addition,False,0.0,0.0,0.0,0.0,0.0,0.0,0.0,0.0,0.0,0.0,0.4230941969831738,0.5146117501535823,0.14526836109731428,0.21203597939779312,wait:0.000000
25,76:0,76,no_addition,False,0.0,0.0,0.0,0.0,0.0,0.0,0.0,0.0,0.0,0.0,0.4607091825541645,0.355946265462487,0.2483673802320229,0.36773318693554713,wait:0.000000;e:-0.067266
25,78:0,78,no_addition,False,0.0,0.0,0.0,0.0,0.0,0.0,0.0,0.0,0.0,0.0,0.6649527470465615,0.2708445688219129,0.19539182057908258,0.3732642554777805,wait:0.000000;e:-0.149416
25,79:0,79,no_addition,False,0.0,0.0,0.0,0.0,0.0,0.0,0.0,0.0,0.0,0.0,0.6554007144387883,0.3386993507256493,0.11701546148724276,0.22854336518025284,wait:0.000000
25,82:0,82,no_addition,False,0.0,0.0,0.0,0.0,0.0,0.0,0.0,0.0,0.0,0.0,0.7286328395366878,0.36352177295393373,0.15698912011979346,0.1520510595522537,wait:0.000000
25,85:0,85,no_addition,False,0.0,0.0,0.0,0.0,0.0,0.0,0.0,0.0,0.0,0.0,0.7153815322741996,0.556425413119678,0.16364315346228214,0.22556310027741625,wait:0.000000
25,88:0,88,no_addition,False,0.0,0.0,0.0,0.0,0.0,0.0,0.0,0.0,0.0,0.0,0.7163316377708322,0.6143286754778456,0.09809896900767885,0.2526309343782891,wait:0.000000
25,90:0,90,no_addition,False,0.0,0.0,0.0,0.0,0.0,0.0,0.0,0.0,0.0,0.0,0.5496088598221989,0.5230713273300622,0.13492759998526915,0.34468040679375855,wait:0.000000
25,92:0,92,no_addition,False,0.0,0.0,0.0,0.0,0.0,0.0,0.0,0.0,0.0,0.0,0.5836859411228719,0.5217641296334619,0.18240288524889472,0.21479688753022783,wait:0.000000
25,99:0,99,no_addition,False,0.0,0.0,0.0,0.0,0.0,0.0,0.0,0.0,0.0,0.0,0.595919754635573,0.3031051908867153,0.2567075269935262,0.36362387727822276,wait:0.000000;e:-0.110731
25,100:0,100,no_addition,False,0.0,0.0,0.0,0.0,0.0,0.0,0.0,0.0,0.0,0.0,0.7169641560585482,0.4692832919180363,0.23232263065211484,0.18559087631515395,wait:0.000000
25,103:0,103,no_addition,False,0.0,0.0,0.0,0.0,0.0,0.0,0.0,0.0,0.0,0.0,0.48453188448400963,0.3036894266573445,0.24040021754476024,0.2514446862260086,wait:0.000000
25,107:0,107,no_addition,False,0.0,0.0,0.0,0.0,0.0,0.0,0.0,0.0,0.0,0.0,0.5601272085917144,0.4027578298740651,0.11188658600935725,0.20311708869163475,wait:0.000000
25,108:0,108,no_addition,False,0.0,0.0,0.0,0.0,0.0,0.0,0.0,0.0,0.0,0.0,0.712589369414454,0.5801760444086993,0.13671870609908326,0.3181198326494777,wait:0.000000
25,113:0,113,no_addition,False,0.0,0.0,0.0,0.0,0.0,0.0,0.0,0.0,0.0,0.0,0.36884265054638277,0.5871883438705638,0.20774743918817895,0.15152591661893103,wait:0.000000
25,117:0,117,no_addition,False,0.0,0.0,0.0,0.0,0.0,0.0,0.0,0.0,0.0,0.0,0.5762276374207189,0.31861268573099333,0.26177083556612213,0.28997807026483413,wait:0.000000
25,118:0,118,no_addition,False,0.0,0.0,0.0,0.0,0.0,0.0,0.0,0.0,0.0,0.0,0.7419538127860572,0.3257052711190269,0.22127615320016214,0.1744441787687567,wait:0.000000
26,8:0,8,no_addition,False,0.0,0.0,0.0,0.0,0.0,0.0,0.0,0.0,0.0,0.0,0.42224487806266675,0.31676733048151573,0.09743626015620943,0.3270836536953683,wait:0.000000;e:-0.061890
26,15:0,15,no_addition,False,0.0,0.0,0.0,0.0,0.0,0.0,0.0,0.0,0.0,0.0,0.5815402376273211,0.3651732285065892,0.12013139547880683,0.36885322864169034,wait:0.000000
26,17:0,17,no_addition,False,0.0,0.0,0.0,0.0,0.0,0.0,0.0,0.0,0.0,0.0,0.5319935126913222,0.5734977925998279,0.253902026142052,0.30760713930070754,wait:0.000000
26,19:0,19,no_addition,False,0.0,0.0,0.0,0.0,0.0,0.0,0.0,0.0,0.0,0.0,0.7251883343647291,0.445278758799319,0.134934236822975,0.22963360758369958,wait:0.000000
26,20:0,20,no_addition,False,0.0,0.0,0.0,0.0,0.0,0.0,0.0,0.0,0.0,0.0,0.6195092762977208,0.4718195611743685,0.1422286741409436,0.34279558387592546,wait:0.000000
26,27:0,27,no_addition,False,0.0,0.0,0.0,0.0,0.0,0.0,0.0,0.0,0.0,0.0,0.6925893067107659,0.6392206064589001,0.15779028109324086,0.3684614046068823,wait:0.000000
26,35:0,35,no_addition,False,0.0,0.0,0.0,0.0,0.0,0.0,0.0,0.0,0.0,0.0,0.5686148129675394,0.3808624764596319,0.11359345932382238,0.17179398486241937,wait:0.000000
26,37:0,37,no_addition,False,0.0,0.0,0.0,0.0,0.0,0.0,0.0,0.0,0.0,0.0,0.6566398133866089,0.6048095714434447,0.23900283811741982,0.19726177659029454,wait:0.000000
26,39:0,39,no_addition,False,0.0,0.0,0.0,0.0,0.0,0.0,0.0,0.0,0.0,0.0,0.4294577007052264,0.45942743266519215,0.11278642516549683,0.3142410343455689,wait:0.000000
26,42:0,42,no_addition,False,0.0,0.0,0.0,0.0,0.0,0.0,0.0,0.0,0.0,0.0,0.3646625997759556,0.43924046267399164,0.20447239480110982,0.16482639385390188,wait:0.000000
26,46:0,46,no_addition,False,0.0,0.0,0.0,0.0,0.0,0.0,0.0,0.0,0.0,0.0,0.46247147996441473,0.6596503611583785,0.18523664050489752,0.15567554392335484,wait:0.000000
26,49:0,49,no_addition,False,0.0,0.0,0.0,0.0,0.0,0.0,0.0,0.0,0.0,0.0,0.5412220236875722,0.6085239383184402,0.20702198292046725,0.3550969080079869,wait:0.000000
26,69:0,69,no_addition,False,0.0,0.0,0.0,0.0,0.0,0.0,0.0,0.0,0.0,0.0,0.6022842267235775,0.3907241381421482,0.12522009883263424,0.2509880233786041,wait:0.000000
26,73:0,73,no_addition,False,0.0,0.0,0.0,0.0,0.0,0.0,0.0,0.0,0.0,0.0,0.40420682498105226,0.36825884895626715,0.10135193454551357,0.21381812730705063,wait:0.000000
26,75:0,75,no_addition,False,0.0,0.0,0.0,0.0,0.0,0.0,0.0,0.0,0.0,0.0,0.4230941969831738,0.5146117501535823,0.14526836109731428,0.21203597939779312,wait:0.000000
26,76:0,76,no_addition,False,0.0,0.0,0.0,0.0,0.0,0.0,0.0,0.0,0.0,0.0,0.4607091825541645,0.355946265462487,0.2483673802320229,0.36773318693554713,wait:0.000000;e:-0.067266
26,78:0,78,no_addition,False,0.0,0.0,0.0,0.0,0.0,0.0,0.0,0.0,0.0,0.0,0.6649527470465615,0.2708445688219129,0.19539182057908258,0.3732642554777805,wait:0.000000;e:-0.149416
26,79:0,79,no_addition,False,0.0,0.0,0.0,0.0,0.0,0.0,0.0,0.0,0.0,0.0,0.6554007144387883,0.3386993507256493,0.11701546148724276,0.22854336518025284,wait:0.000000
26,82:0,82,no_addition,False,0.0,0.0,0.0,0.0,0.0,0.0,0.0,0.0,0.0,0.0,0.7286328395366878,0.36352177295393373,0.15698912011979346,0.1520510595522537,wait:0.000000
26,85:0,85,no_addition,False,0.0,0.0,0.0,0.0,0.0,0.0,0.0,0.0,0.0,0.0,0.7153815322741996,0.556425413119678,0.16364315346228214,0.22556310027741625,wait:0.000000
26,88:0,88,no_addition,False,0.0,0.0,0.0,0.0,0.0,0.0,0.0,0.0,0.0,0.0,0.7163316377708322,0.6143286754778456,0.09809896900767885,0.2526309343782891,wait:0.000000
26,90:0,90,no_addition,False,0.0,0.0,0.0,0.0,0.0,0.0,0.0,0.0,0.0,0.0,0.5496088598221989,0.5230713273300622,0.13492759998526915,0.34468040679375855,wait:0.000000
26,92:0,92,no_addition,False,0.0,0.0,0.0,0.0,0.0,0.0,0.0,0.0,0.0,0.0,0.5836859411228719,0.5217641296334619,0.18240288524889472,0.21479688753022783,wait:0.000000
26,99:0,99,no_addition,False,0.0,0.0,0.0,0.0,0.0,0.0,0.0,0.0,0.0,0.0,0.595919754635573,0.3031051908867153,0.2567075269935262,0.36362387727822276,wait:0.000000;e:-0.110731
26,100:0,100,no_addition,False,0.0,0.0,0.0,0.0,0.0,0.0,0.0,0.0,0.0,0.0,0.7169641560585482,0.4692832919180363,0.23232263065211484,0.18559087631515395,wait:0.000000
26,103:0,103,no_addition,False,0.0,0.0,0.0,0.0,0.0,0.0,0.0,0.0,0.0,0.0,0.48453188448400963,0.3036894266573445,0.24040021754476024,0.2514446862260086,wait:0.000000
26,107:0,107,no_addition,False,0.0,0.0,0.0,0.0,0.0,0.0,0.0,0.0,0.0,0.0,0.5601272085917144,0.4027578298740651,0.11188658600935725,0.20311708869163475,wait:0.000000
26,108:0,108,no_addition,False,0.0,0.0,0.0,0.0,0.0,0.0,0.0,0.0,0.0,0.0,0.712589369414454,0.5801760444086993,0.13671870609908326,0.3181198326494777,wait:0.000000
26,113:0,113,no_addition,False,0.0,0.0,0.0,0.0,0.0,0.0,0.0,0.0,0.0,0.0,0.36884265054638277,0.5871883438705638,0.20774743918817895,0.15152591661893103,wait:0.000000
26,117:0,117,no_addition,False,0.0,0.0,0.0,0.0,0.0,0.0,0.0,0.0,0.0,0.0,0.5762276374207189,0.31861268573099333,0.26177083556612213,0.28997807026483413,wait:0.000000
26,118:0,118,no_addition,False,0.0,0.0,0.0,0.0,0.0,0.0,0.0,0.0,0.0,0.0,0.7419538127860572,0.3257052711190269,0.22127615320016214,0.1744441787687567,wait:0.000000
27,8:0,8,no_addition,False,0.0,0.0,0.0,0.0,0.0,0.0,0.0,0.0,0.0,0.0,0.42224487806266675,0.31676733048151573,0.09743626015620943,0.3270836536953683,wait:0.000000;e:-0.061890
27,15:0,15,no_addition,False,0.0,0.0,0.0,0.0,0.0,0.0,0.0,0.0,0.0,0.0,0.5815402376273211,0.3651732285065892,0.12013139547880683,0.36885322864169034,wait:0.000000
27,17:0,17,no_addition,False,0.0,0.0,0.0,0.0,0.0,0.0,0.0,0.0,0.0,0.0,0.5319935126913222,0.5734977925998279,0.253902026142052,0.30760713930070754,wait:0.000000
27,19:0,19,no_addition,False,0.0,0.0,0.0,0.0,0.0,0.0,0.0,0.0,0.0,0.0,0.7251883343647291,0.445278758799319,0.134934236822975,0.22963360758369958,wait:0.000000
27,20:0,20,no_addition,False,0.0,0.0,0.0,0.0,0.0,0.0,0.0,0.0,0.0,0.0,0.6195092762977208,0.4718195611743685,0.1422286741409436,0.34279558387592546,wait:0.000000
27,27:0,27,no_addition,False,0.0,0.0,0.0,0.0,0.0,0.0,0.0,0.0,0.0,0.0,0.6925893067107659,0.6392206064589001,0.15779028109324086,0.3684614046068823,wait:0.000000
27,35:0,35,no_addition,False,0.0,0.0,0.0,0.0,0.0,0.0,0.0,0.0,0.0,0.0,0.5686148129675394,0.3808624764596319,0.11359345932382238,0.17179398486241937,wait:0.000000
27,37:0,37,no_addition,False,0.0,0.0,0.0,0.0,0.0,0.0,0.0,0.0,0.0,0.0,0.6566398133866089,0.6048095714434447,0.23900283811741982,0.19726177659029454,wait:0.000000
27,39:0,39,no_addition,False,0.0,0.0,0.0,0.0,0.0,0.0,0.0,0.0,0.0,0.0,0.4294577007052264,0.45942743266519215,0.11278642516549683,0.3142410343455689,wait:0.000000
27,42:0,42,no_addition,False,0.0,0.0,0.0,0.0,0.0,0.0,0.0,0.0,0.0,0.0,0.3646625997759556,0.43924046267399164,0.20447239480110982,0.16482639385390188,wait:0.000000
27,46:0,46,no_addition,False,0.0,0.0,0.0,0.0,0.0,0.0,0.0,0.0,0.0,0.0,0.46247147996441473,0.6596503611583785,0.18523664050489752,0.15567554392335484,wait:0.000000
27,49:0,49,no_addition,False,0.0,0.0,0.0,0.0,0.0,0.0,0.0,0.0,0.0,0.0,0.5412220236875722,0.6085239383184402,0.20702198292046725,0.3550969080079869,wait:0.000000
27,69:0,69,no_addition,False,0.0,0.0,0.0,0.0,0.0,0.0,0.0,0.0,0.0,0.0,0.6022842267235775,0.3907241381421482,0.12522009883263424,0.2509880233786041,wait:0.000000
27,73:0,73,no_addition,False,0.0,0.0,0.0,0.0,0.0,0.0,0.0,0.0,0.0,0.0,0.40420682498105226,0.36825884895626715,0.10135193454551357,0.21381812730705063,wait:0.000000
27,75:0,75,no_addition,False,0.0,0.0,0.0,0.0,0.0,0.0,0.0,0.0,0.0,0.0,0.4230941969831738,0.5146117501535823,0.14526836109731428,0.21203597939779312,wait:0.000000
27,76:0,76,no_addition,False,0.0,0.0,0.0,0.0,0.0,0.0,0.0,0.0,0.0,0.0,0.4607091825541645,0.355946265462487,0.2483673802320229,0.36773318693554713,wait:0.000000;e:-0.067266
27,78:0,78,no_addition,False,0.0,0.0,0.0,0.0,0.0,0.0,0.0,0.0,0.0,0.0,0.6649527470465615,0.2708445688219129,0.19539182057908258,0.3732642554777805,wait:0.000000;e:-0.149416
27,79:0,79,no_addition,False,0.0,0.0,0.0,0.0,0.0,0.0,0.0,0.0,0.0,0.0,0.6554007144387883,0.3386993507256493,0.11701546148724276,0.22854336518025284,wait:0.000000
27,82:0,82,no_addition,False,0.0,0.0,0.0,0.0,0.0,0.0,0.0,0.0,0.0,0.0,0.7286328395366878,0.36352177295393373,0.15698912011979346,0.1520510595522537,wait:0.000000
27,85:0,85,no_addition,False,0.0,0.0,0.0,0.0,0.0,0.0,0.0,0.0,0.0,0.0,0.7153815322741996,0.556425413119678,0.16364315346228214,0.22556310027741625,wait:0.000000
27,88:0,88,no_addition,False,0.0,0.0,0.0,0.0,0.0,0.0,0.0,0.0,0.0,0.0,0.7163316377708322,0.6143286754778456,0.09809896900767885,0.2526309343782891,wait:0.000000
27,90:0,90,no_addition,False,0.0,0.0,0.0,0.0,0.0,0.0,0.0,0.0,0.0,0.0,0.5496088598221989,0.5230713273300622,0.13492759998526915,0.34468040679375855,wait:0.000000
27,92:0,92,no_addition,False,0.0,0.0,0.0,0.0,0.0,0.0,0.0,0.0,0.0,0.0,0.5836859411228719,0.5217641296334619,0.18240288524889472,0.21479688753022783,wait:0.000000
27,99:0,99,no_addition,False,0.0,0.0,0.0,0.0,0.0,0.0,0.0,0.0,0.0,0.0,0.595919754635573,0.3031051908867153,0.2567075269935262,0.36362387727822276,wait:0.000000;e:-0.110731
27,100:0,100,no_addition,False,0.0,0.0,0.0,0.0,0.0,0.0,0.0,0.0,0.0,0.0,0.7169641560585482,0.4692832919180363,0.23232263065211484,0.18559087631515395,wait:0.000000
27,103:0,103,no_addition,False,0.0,0.0,0.0,0.0,0.0,0.0,0.0,0.0,0.0,0.0,0.48453188448400963,0.3036894266573445,0.24040021754476024,0.2514446862260086,wait:0.000000
27,107:0,107,no_addition,False,0.0,0.0,0.0,0.0,0.0,0.0,0.0,0.0,0.0,0.0,0.5601272085917144,0.4027578298740651,0.11188658600935725,0.20311708869163475,wait:0.000000
27,108:0,108,no_addition,False,0.0,0.0,0.0,0.0,0.0,0.0,0.0,0.0,0.0,0.0,0.712589369414454,0.5801760444086993,0.13671870609908326,0.3181198326494777,wait:0.000000
27,113:0,113,no_addition,False,0.0,0.0,0.0,0.0,0.0,0.0,0.0,0.0,0.0,0.0,0.36884265054638277,0.5871883438705638,0.20774743918817895,0.15152591661893103,wait:0.000000
27,117:0,117,no_addition,False,0.0,0.0,0.0,0.0,0.0,0.0,0.0,0.0,0.0,0.0,0.5762276374207189,0.31861268573099333,0.26177083556612213,0.28997807026483413,wait:0.000000
27,118:0,118,no_addition,False,0.0,0.0,0.0,0.0,0.0,0.0,0.0,0.0,0.0,0.0,0.7419538127860572,0.3257052711190269,0.22127615320016214,0.1744441787687567,wait:0.000000
28,8:0,8,no_addition,False,0.0,0.0,0.0,0.0,0.0,0.0,0.0,0.0,0.0,0.0,0.42224487806266675,0.31676733048151573,0.09743626015620943,0.3270836536953683,wait:0.000000;e:-0.061890
28,15:0,15,no_addition,False,0.0,0.0,0.0,0.0,0.0,0.0,0.0,0.0,0.0,0.0,0.5815402376273211,0.3651732285065892,0.12013139547880683,0.36885322864169034,wait:0.000000
28,17:0,17,no_addition,False,0.0,0.0,0.0,0.0,0.0,0.0,0.0,0.0,0.0,0.0,0.5319935126913222,0.5734977925998279,0.253902026142052,0.30760713930070754,wait:0.000000
28,19:0,19,no_addition,False,0.0,0.0,0.0,0.0,0.0,0.0,0.0,0.0,0.0,0.0,0.7251883343647291,0.445278758799319,0.134934236822975,0.22963360758369958,wait:0.000000
28,20:0,20,no_addition,False,0.0,0.0,0.0,0.0,0.0,0.0,0.0,0.0,0.0,0.0,0.6195092762977208,0.4718195611743685,0.1422286741409436,0.34279558387592546,wait:0.000000
28,27:0,27,no_addition,False,0.0,0.0,0.0,0.0,0.0,0.0,0.0,0.0,0.0,0.0,0.6925893067107659,0.6392206064589001,0.15779028109324086,0.3684614046068823,wait:0.000000
28,35:0,35,no_addition,False,0.0,0.0,0.0,0.0,0.0,0.0,0.0,0.0,0.0,0.0,0.5686148129675394,0.3808624764596319,0.11359345932382238,0.17179398486241937,wait:0.000000
28,37:0,37,no_addition,False,0.0,0.0,0.0,0.0,0.0,0.0,0.0,0.0,0.0,0.0,0.6566398133866089,0.6048095714434447,0.23900283811741982,0.19726177659029454,wait:0.000000
28,39:0,39,no_addition,False,0.0,0.0,0.0,0.0,0.0,0.0,0.0,0.0,0.0,0.0,0.4294577007052264,0.45942743266519215,0.11278642516549683,0.3142410343455689,wait:0.000000
28,42:0,42,no_addition,False,0.0,0.0,0.0,0.0,0.0,0.0,0.0,0.0,0.0,0.0,0.3646625997759556,0.43924046267399164,0.20447239480110982,0.16482639385390188,wait:0.000000
28,46:0,46,no_addition,False,0.0,0.0,0.0,0.0,0.0,0.0,0.0,0.0,0.0,0.0,0.46247147996441473,0.6596503611583785,0.18523664050489752,0.15567554392335484,wait:0.000000
28,49:0,49,no_addition,False,0.0,0.0,0.0,0.0,0.0,0.0,0.0,0.0,0.0,0.0,0.5412220236875722,0.6085239383184402,0.20702198292046725,0.3550969080079869,wait:0.000000
28,69:0,69,no_addition,False,0.0,0.0,0.0,0.0,0.0,0.0,0.0,0.0,0.0,0.0,0.6022842267235775,0.3907241381421482,0.12522009883263424,0.2509880233786041,wait:0.000000
28,73:0,73,no_addition,False,0.0,0.0,0.0,0.0,0.0,0.0,0.0,0.0,0.0,0.0,0.40420682498105226,0.36825884895626715,0.10135193454551357,0.21381812730705063,wait:0.000000
28,75:0,75,no_addition,False,0.0,0.0,0.0,0.0,0.0,0.0,0.0,0.0,0.0,0.0,0.4230941969831738,0.5146117501535823,0.14526836109731428,0.21203597939779312,wait:0.000000
28,76:0,76,no_addition,False,0.0,0.0,0.0,0.0,0.0,0.0,0.0,0.0,0.0,0.0,0.4607091825541645,0.355946265462487,0.2483673802320229,0.36773318693554713,wait:0.000000;e:-0.067266
28,78:0,78,no_addition,False,0.0,0.0,0.0,0.0,0.0,0.0,0.0,0.0,0.0,0.0,0.6649527470465615,0.2708445688219129,0.19539182057908258,0.3732642554777805,wait:0.000000;e:-0.149416
28,79:0,79,no_addition,False,0.0,0.0,0.0,0.0,0.0,0.0,0.0,0.0,0.0,0.0,0.6554007144387883,0.3386993507256493,0.11701546148724276,0.22854336518025284,wait:0.000000
28,82:0,82,no_addition,False,0.0,0.0,0.0,0.0,0.0,0.0,0.0,0.0,0.0,0.0,0.7286328395366878,0.36352177295393373,0.15698912011979346,0.1520510595522537,wait:0.000000
28,85:0,85,no_addition,False,0.0,0.0,0.0,0.0,0.0,0.0,0.0,0.0,0.0,0.0,0.7153815322741996,0.556425413119678,0.16364315346228214,0.22556310027741625,wait:0.000000
28,88:0,88,no_addition,False,0.0,0.0,0.0,0.0,0.0,0.0,0.0,0.0,0.0,0.0,0.7163316377708322,0.6143286754778456,0.09809896900767885,0.2526309343782891,wait:0.000000
28,90:0,90,no_addition,False,0.0,0.0,0.0,0.0,0.0,0.0,0.0,0.0,0.0,0.0,0.5496088598221989,0.5230713273300622,0.13492759998526915,0.34468040679375855,wait:0.000000
28,92:0,92,no_addition,False,0.0,0.0,0.0,0.0,0.0,0.0,0.0,0.0,0.0,0.0,0.5836859411228719,0.5217641296334619,0.18240288524889472,0.21479688753022783,wait:0.000000
28,99:0,99,no_addition,False,0.0,0.0,0.0,0.0,0.0,0.0,0.0,0.0,0.0,0.0,0.595919754635573,0.3031051908867153,0.2567075269935262,0.36362387727822276,wait:0.000000;e:-0.110731
28,100:0,100,no_addition,False,0.0,0.0,0.0,0.0,0.0,0.0,0.0,0.0,0.0,0.0,0.7169641560585482,0.4692832919180363,0.23232263065211484,0.18559087631515395,wait:0.000000
28,103:0,103,no_addition,False,0.0,0.0,0.0,0.0,0.0,0.0,0.0,0.0,0.0,0.0,0.48453188448400963,0.3036894266573445,0.24040021754476024,0.2514446862260086,wait:0.000000
28,107:0,107,no_addition,False,0.0,0.0,0.0,0.0,0.0,0.0,0.0,0.0,0.0,0.0,0.5601272085917144,0.4027578298740651,0.11188658600935725,0.20311708869163475,wait:0.000000
28,108:0,108,no_addition,False,0.0,0.0,0.0,0.0,0.0,0.0,0.0,0.0,0.0,0.0,0.712589369414454,0.5801760444086993,0.13671870609908326,0.3181198326494777,wait:0.000000
28,113:0,113,no_addition,False,0.0,0.0,0.0,0.0,0.0,0.0,0.0,0.0,0.0,0.0,0.36884265054638277,0.5871883438705638,0.20774743918817895,0.15152591661893103,wait:0.000000
28,117:0,117,no_addition,False,0.0,0.0,0.0,0.0,0.0,0.0,0.0,0.0,0.0,0.0,0.5762276374207189,0.31861268573099333,0.26177083556612213,0.28997807026483413,wait:0.000000
28,118:0,118,no_addition,False,0.0,0.0,0.0,0.0,0.0,0.0,0.0,0.0,0.0,0.0,0.7419538127860572,0.3257052711190269,0.22127615320016214,0.1744441787687567,wait:0.000000
29,8:0,8,no_addition,False,0.0,0.0,0.0,0.0,0.0,0.0,0.0,0.0,0.0,0.0,0.42224487806266675,0.31676733048151573,0.09743626015620943,0.3270836536953683,wait:0.000000;e:-0.061890
29,15:0,15,no_addition,False,0.0,0.0,0.0,0.0,0.0,0.0,0.0,0.0,0.0,0.0,0.5815402376273211,0.3651732285065892,0.12013139547880683,0.36885322864169034,wait:0.000000
29,17:0,17,no_addition,False,0.0,0.0,0.0,0.0,0.0,0.0,0.0,0.0,0.0,0.0,0.5319935126913222,0.5734977925998279,0.253902026142052,0.30760713930070754,wait:0.000000
29,19:0,19,no_addition,False,0.0,0.0,0.0,0.0,0.0,0.0,0.0,0.0,0.0,0.0,0.7251883343647291,0.445278758799319,0.134934236822975,0.22963360758369958,wait:0.000000
29,20:0,20,no_addition,False,0.0,0.0,0.0,0.0,0.0,0.0,0.0,0.0,0.0,0.0,0.6195092762977208,0.4718195611743685,0.1422286741409436,0.34279558387592546,wait:0.000000
29,27:0,27,no_addition,False,0.0,0.0,0.0,0.0,0.0,0.0,0.0,0.0,0.0,0.0,0.6925893067107659,0.6392206064589001,0.15779028109324086,0.3684614046068823,wait:0.000000
29,35:0,35,no_addition,False,0.0,0.0,0.0,0.0,0.0,0.0,0.0,0.0,0.0,0.0,0.5686148129675394,0.3808624764596319,0.11359345932382238,0.17179398486241937,wait:0.000000
29,37:0,37,no_addition,False,0.0,0.0,0.0,0.0,0.0,0.0,0.0,0.0,0.0,0.0,0.6566398133866089,0.6048095714434447,0.23900283811741982,0.19726177659029454,wait:0.000000
29,39:0,39,no_addition,False,0.0,0.0,0.0,0.0,0.0,0.0,0.0,0.0,0.0,0.0,0.4294577007052264,0.45942743266519215,0.11278642516549683,0.3142410343455689,wait:0.000000
29,42:0,42,no_addition,False,0.0,0.0,0.0,0.0,0.0,0.0,0.0,0.0,0.0,0.0,0.3646625997759556,0.43924046267399164,0.20447239480110982,0.16482639385390188,wait:0.000000
29,46:0,46,no_addition,False,0.0,0.0,0.0,0.0,0.0,0.0,0.0,0.0,0.0,0.0,0.46247147996441473,0.6596503611583785,0.18523664050489752,0.15567554392335484,wait:0.000000
29,49:0,49,no_addition,False,0.0,0.0,0.0,0.0,0.0,0.0,0.0,0.0,0.0,0.0,0.5412220236875722,0.6085239383184402,0.20702198292046725,0.3550969080079869,wait:0.000000
29,69:0,69,no_addition,False,0.0,0.0,0.0,0.0,0.0,0.0,0.0,0.0,0.0,0.0,0.6022842267235775,0.3907241381421482,0.12522009883263424,0.2509880233786041,wait:0.000000
29,73:0,73,no_addition,False,0.0,0.0,0.0,0.0,0.0,0.0,0.0,0.0,0.0,0.0,0.40420682498105226,0.36825884895626715,0.10135193454551357,0.21381812730705063,wait:0.000000
29,75:0,75,no_addition,False,0.0,0.0,0.0,0.0,0.0,0.0,0.0,0.0,0.0,0.0,0.4230941969831738,0.5146117501535823,0.14526836109731428,0.21203597939779312,wait:0.000000
29,76:0,76,no_addition,False,0.0,0.0,0.0,0.0,0.0,0.0,0.0,0.0,0.0,0.0,0.4607091825541645,0.355946265462487,0.2483673802320229,0.36773318693554713,wait:0.000000;e:-0.067266
29,78:0,78,no_addition,False,0.0,0.0,0.0,0.0,0.0,0.0,0.0,0.0,0.0,0.0,0.6649527470465615,0.2708445688219129,0.19539182057908258,0.3732642554777805,wait:0.000000;e:-0.149416
29,79:0,79,no_addition,False,0.0,0.0,0.0,0.0,0.0,0.0,0.0,0.0,0.0,0.0,0.6554007144387883,0.3386993507256493,0.11701546148724276,0.22854336518025284,wait:0.000000
29,82:0,82,no_addition,False,0.0,0.0,0.0,0.0,0.0,0.0,0.0,0.0,0.0,0.0,0.7286328395366878,0.36352177295393373,0.15698912011979346,0.1520510595522537,wait:0.000000
29,85:0,85,no_addition,False,0.0,0.0,0.0,0.0,0.0,0.0,0.0,0.0,0.0,0.0,0.7153815322741996,0.556425413119678,0.16364315346228214,0.22556310027741625,wait:0.000000
29,88:0,88,no_addition,False,0.0,0.0,0.0,0.0,0.0,0.0,0.0,0.0,0.0,0.0,0.7163316377708322,0.6143286754778456,0.09809896900767885,0.2526309343782891,wait:0.000000
29,90:0,90,no_addition,False,0.0,0.0,0.0,0.0,0.0,0.0,0.0,0.0,0.0,0.0,0.5496088598221989,0.5230713273300622,0.13492759998526915,0.34468040679375855,wait:0.000000
29,92:0,92,no_addition,False,0.0,0.0,0.0,0.0,0.0,0.0,0.0,0.0,0.0,0.0,0.5836859411228719,0.5217641296334619,0.18240288524889472,0.21479688753022783,wait:0.000000
29,99:0,99,no_addition,False,0.0,0.0,0.0,0.0,0.0,0.0,0.0,0.0,0.0,0.0,0.595919754635573,0.3031051908867153,0.2567075269935262,0.36362387727822276,wait:0.000000;e:-0.110731
29,100:0,100,no_addition,False,0.0,0.0,0.0,0.0,0.0,0.0,0.0,0.0,0.0,0.0,0.7169641560585482,0.4692832919180363,0.23232263065211484,0.18559087631515395,wait:0.000000
29,103:0,103,no_addition,False,0.0,0.0,0.0,0.0,0.0,0.0,0.0,0.0,0.0,0.0,0.48453188448400963,0.3036894266573445,0.24040021754476024,0.2514446862260086,wait:0.000000
29,107:0,107,no_addition,False,0.0,0.0,0.0,0.0,0.0,0.0,0.0,0.0,0.0,0.0,0.5601272085917144,0.4027578298740651,0.11188658600935725,0.20311708869163475,wait:0.000000
29,108:0,108,no_addition,False,0.0,0.0,0.0,0.0,0.0,0.0,0.0,0.0,0.0,0.0,0.712589369414454,0.5801760444086993,0.13671870609908326,0.3181198326494777,wait:0.000000
29,113:0,113,no_addition,False,0.0,0.0,0.0,0.0,0.0,0.0,0.0,0.0,0.0,0.0,0.36884265054638277,0.5871883438705638,0.20774743918817895,0.15152591661893103,wait:0.000000
29,117:0,117,no_addition,False,0.0,0.0,0.0,0.0,0.0,0.0,0.0,0.0,0.0,0.0,0.5762276374207189,0.31861268573099333,0.26177083556612213,0.28997807026483413,wait:0.000000
29,118:0,118,no_addition,False,0.0,0.0,0.0,0.0,0.0,0.0,0.0,0.0,0.0,0.0,0.7419538127860572,0.3257052711190269,0.22127615320016214,0.1744441787687567,wait:0.000000
30,8:0,8,no_addition,False,0.0,0.0,0.0,0.0,0.0,0.0,0.0,0.0,0.0,0.0,0.42224487806266675,0.31676733048151573,0.09743626015620943,0.3270836536953683,wait:0.000000;e:-0.061890
30,15:0,15,no_addition,False,0.0,0.0,0.0,0.0,0.0,0.0,0.0,0.0,0.0,0.0,0.5815402376273211,0.3651732285065892,0.12013139547880683,0.36885322864169034,wait:0.000000
30,17:0,17,no_addition,False,0.0,0.0,0.0,0.0,0.0,0.0,0.0,0.0,0.0,0.0,0.5319935126913222,0.5734977925998279,0.253902026142052,0.30760713930070754,wait:0.000000
30,19:0,19,no_addition,False,0.0,0.0,0.0,0.0,0.0,0.0,0.0,0.0,0.0,0.0,0.7251883343647291,0.445278758799319,0.134934236822975,0.22963360758369958,wait:0.000000
30,20:0,20,no_addition,False,0.0,0.0,0.0,0.0,0.0,0.0,0.0,0.0,0.0,0.0,0.6195092762977208,0.4718195611743685,0.1422286741409436,0.34279558387592546,wait:0.000000
30,27:0,27,no_addition,False,0.0,0.0,0.0,0.0,0.0,0.0,0.0,0.0,0.0,0.0,0.6925893067107659,0.6392206064589001,0.15779028109324086,0.3684614046068823,wait:0.000000
30,35:0,35,no_addition,False,0.0,0.0,0.0,0.0,0.0,0.0,0.0,0.0,0.0,0.0,0.5686148129675394,0.3808624764596319,0.11359345932382238,0.17179398486241937,wait:0.000000
30,37:0,37,no_addition,False,0.0,0.0,0.0,0.0,0.0,0.0,0.0,0.0,0.0,0.0,0.6566398133866089,0.6048095714434447,0.23900283811741982,0.19726177659029454,wait:0.000000
30,39:0,39,no_addition,False,0.0,0.0,0.0,0.0,0.0,0.0,0.0,0.0,0.0,0.0,0.4294577007052264,0.45942743266519215,0.11278642516549683,0.3142410343455689,wait:0.000000
30,42:0,42,no_addition,False,0.0,0.0,0.0,0.0,0.0,0.0,0.0,0.0,0.0,0.0,0.3646625997759556,0.43924046267399164,0.20447239480110982,0.16482639385390188,wait:0.000000
30,46:0,46,no_addition,False,0.0,0.0,0.0,0.0,0.0,0.0,0.0,0.0,0.0,0.0,0.46247147996441473,0.6596503611583785,0.18523664050489752,0.15567554392335484,wait:0.000000
30,49:0,49,no_addition,False,0.0,0.0,0.0,0.0,0.0,0.0,0.0,0.0,0.0,0.0,0.5412220236875722,0.6085239383184402,0.20702198292046725,0.3550969080079869,wait:0.000000
30,69:0,69,no_addition,False,0.0,0.0,0.0,0.0,0.0,0.0,0.0,0.0,0.0,0.0,0.6022842267235775,0.3907241381421482,0.12522009883263424,0.2509880233786041,wait:0.000000
30,73:0,73,no_addition,False,0.0,0.0,0.0,0.0,0.0,0.0,0.0,0.0,0.0,0.0,0.40420682498105226,0.36825884895626715,0.10135193454551357,0.21381812730705063,wait:0.000000
30,75:0,75,no_addition,False,0.0,0.0,0.0,0.0,0.0,0.0,0.0,0.0,0.0,0.0,0.4230941969831738,0.5146117501535823,0.14526836109731428,0.21203597939779312,wait:0.000000
30,76:0,76,no_addition,False,0.0,0.0,0.0,0.0,0.0,0.0,0.0,0.0,0.0,0.0,0.4607091825541645,0.355946265462487,0.2483673802320229,0.36773318693554713,wait:0.000000;e:-0.067266
30,78:0,78,no_addition,False,0.0,0.0,0.0,0.0,0.0,0.0,0.0,0.0,0.0,0.0,0.6649527470465615,0.2708445688219129,0.19539182057908258,0.3732642554777805,wait:0.000000;e:-0.149416
30,79:0,79,no_addition,False,0.0,0.0,0.0,0.0,0.0,0.0,0.0,0.0,0.0,0.0,0.6554007144387883,0.3386993507256493,0.11701546148724276,0.22854336518025284,wait:0.000000
30,82:0,82,no_addition,False,0.0,0.0,0.0,0.0,0.0,0.0,0.0,0.0,0.0,0.0,0.7286328395366878,0.36352177295393373,0.15698912011979346,0.1520510595522537,wait:0.000000
30,85:0,85,no_addition,False,0.0,0.0,0.0,0.0,0.0,0.0,0.0,0.0,0.0,0.0,0.7153815322741996,0.556425413119678,0.16364315346228214,0.22556310027741625,wait:0.000000
30,88:0,88,no_addition,False,0.0,0.0,0.0,0.0,0.0,0.0,0.0,0.0,0.0,0.0,0.7163316377708322,0.6143286754778456,0.09809896900767885,0.2526309343782891,wait:0.000000
30,90:0,90,no_addition,False,0.0,0.0,0.0,0.0,0.0,0.0,0.0,0.0,0.0,0.0,0.5496088598221989,0.5230713273300622,0.13492759998526915,0.34468040679375855,wait:0.000000
30,92:0,92,no_addition,False,0.0,0.0,0.0,0.0,0.0,0.0,0.0,0.0,0.0,0.0,0.5836859411228719,0.5217641296334619,0.18240288524889472,0.21479688753022783,wait:0.000000
30,99:0,99,no_addition,False,0.0,0.0,0.0,0.0,0.0,0.0,0.0,0.0,0.0,0.0,0.595919754635573,0.3031051908867153,0.2567075269935262,0.36362387727822276,wait:0.000000;e:-0.110731
30,100:0,100,no_addition,False,0.0,0.0,0.0,0.0,0.0,0.0,0.0,0.0,0.0,0.0,0.7169641560585482,0.4692832919180363,0.23232263065211484,0.18559087631515395,wait:0.000000
30,103:0,103,no_addition,False,0.0,0.0,0.0,0.0,0.0,0.0,0.0,0.0,0.0,0.0,0.48453188448400963,0.3036894266573445,0.24040021754476024,0.2514446862260086,wait:0.000000
30,107:0,107,no_addition,False,0.0,0.0,0.0,0.0,0.0,0.0,0.0,0.0,0.0,0.0,0.5601272085917144,0.4027578298740651,0.11188658600935725,0.20311708869163475,wait:0.000000
30,108:0,108,no_addition,False,0.0,0.0,0.0,0.0,0.0,0.0,0.0,0.0,0.0,0.0,0.712589369414454,0.5801760444086993,0.13671870609908326,0.3181198326494777,wait:0.000000
30,113:0,113,no_addition,False,0.0,0.0,0.0,0.0,0.0,0.0,0.0,0.0,0.0,0.0,0.36884265054638277,0.5871883438705638,0.20774743918817895,0.15152591661893103,wait:0.000000
30,117:0,117,no_addition,False,0.0,0.0,0.0,0.0,0.0,0.0,0.0,0.0,0.0,0.0,0.5762276374207189,0.31861268573099333,0.26177083556612213,0.28997807026483413,wait:0.000000
30,118:0,118,no_addition,False,0.0,0.0,0.0,0.0,0.0,0.0,0.0,0.0,0.0,0.0,0.7419538127860572,0.3257052711190269,0.22127615320016214,0.1744441787687567,wait:0.000000
31,8:0,8,no_addition,False,0.0,0.0,0.0,0.0,0.0,0.0,0.0,0.0,0.0,0.0,0.42224487806266675,0.31676733048151573,0.09743626015620943,0.3270836536953683,wait:0.000000;e:-0.061890
31,15:0,15,no_addition,False,0.0,0.0,0.0,0.0,0.0,0.0,0.0,0.0,0.0,0.0,0.5815402376273211,0.3651732285065892,0.12013139547880683,0.36885322864169034,wait:0.000000
31,17:0,17,no_addition,False,0.0,0.0,0.0,0.0,0.0,0.0,0.0,0.0,0.0,0.0,0.5319935126913222,0.5734977925998279,0.253902026142052,0.30760713930070754,wait:0.000000
31,19:0,19,no_addition,False,0.0,0.0,0.0,0.0,0.0,0.0,0.0,0.0,0.0,0.0,0.7251883343647291,0.445278758799319,0.134934236822975,0.22963360758369958,wait:0.000000
31,20:0,20,no_addition,False,0.0,0.0,0.0,0.0,0.0,0.0,0.0,0.0,0.0,0.0,0.6195092762977208,0.4718195611743685,0.1422286741409436,0.34279558387592546,wait:0.000000
31,27:0,27,no_addition,False,0.0,0.0,0.0,0.0,0.0,0.0,0.0,0.0,0.0,0.0,0.6925893067107659,0.6392206064589001,0.15779028109324086,0.3684614046068823,wait:0.000000
31,35:0,35,no_addition,False,0.0,0.0,0.0,0.0,0.0,0.0,0.0,0.0,0.0,0.0,0.5686148129675394,0.3808624764596319,0.11359345932382238,0.17179398486241937,wait:0.000000
31,37:0,37,no_addition,False,0.0,0.0,0.0,0.0,0.0,0.0,0.0,0.0,0.0,0.0,0.6566398133866089,0.6048095714434447,0.23900283811741982,0.19726177659029454,wait:0.000000
31,39:0,39,no_addition,False,0.0,0.0,0.0,0.0,0.0,0.0,0.0,0.0,0.0,0.0,0.4294577007052264,0.45942743266519215,0.11278642516549683,0.3142410343455689,wait:0.000000
31,42:0,42,no_addition,False,0.0,0.0,0.0,0.0,0.0,0.0,0.0,0.0,0.0,0.0,0.3646625997759556,0.43924046267399164,0.20447239480110982,0.16482639385390188,wait:0.000000
31,46:0,46,no_addition,False,0.0,0.0,0.0,0.0,0.0,0.0,0.0,0.0,0.0,0.0,0.46247147996441473,0.6596503611583785,0.18523664050489752,0.15567554392335484,wait:0.000000
31,49:0,49,no_addition,False,0.0,0.0,0.0,0.0,0.0,0.0,0.0,0.0,0.0,0.0,0.5412220236875722,0.6085239383184402,0.20702198292046725,0.3550969080079869,wait:0.000000
31,69:0,69,no_addition,False,0.0,0.0,0.0,0.0,0.0,0.0,0.0,0.0,0.0,0.0,0.6022842267235775,0.3907241381421482,0.12522009883263424,0.2509880233786041,wait:0.000000
31,73:0,73,no_addition,False,0.0,0.0,0.0,0.0,0.0,0.0,0.0,0.0,0.0,0.0,0.40420682498105226,0.36825884895626715,0.10135193454551357,0.21381812730705063,wait:0.000000
31,75:0,75,no_addition,False,0.0,0.0,0.0,0.0,0.0,0.0,0.0,0.0,0.0,0.0,0.4230941969831738,0.5146117501535823,0.14526836109731428,0.21203597939779312,wait:0.000000
31,76:0,76,no_addition,False,0.0,0.0,0.0,0.0,0.0,0.0,0.0,0.0,0.0,0.0,0.4607091825541645,0.355946265462487,0.2483673802320229,0.36773318693554713,wait:0.000000;e:-0.067266
31,78:0,78,no_addition,False,0.0,0.0,0.0,0.0,0.0,0.0,0.0,0.0,0.0,0.0,0.6649527470465615,0.2708445688219129,0.19539182057908258,0.3732642554777805,wait:0.000000;e:-0.149416
31,79:0,79,no_addition,False,0.0,0.0,0.0,0.0,0.0,0.0,0.0,0.0,0.0,0.0,0.6554007144387883,0.3386993507256493,0.11701546148724276,0.22854336518025284,wait:0.000000
31,82:0,82,no_addition,False,0.0,0.0,0.0,0.0,0.0,0.0,0.0,0.0,0.0,0.0,0.7286328395366878,0.36352177295393373,0.15698912011979346,0.1520510595522537,wait:0.000000
31,85:0,85,no_addition,False,0.0,0.0,0.0,0.0,0.0,0.0,0.0,0.0,0.0,0.0,0.7153815322741996,0.556425413119678,0.16364315346228214,0.22556310027741625,wait:0.000000
31,88:0,88,no_addition,False,0.0,0.0,0.0,0.0,0.0,0.0,0.0,0.0,0.0,0.0,0.7163316377708322,0.6143286754778456,0.09809896900767885,0.2526309343782891,wait:0.000000
31,90:0,90,no_addition,False,0.0,0.0,0.0,0.0,0.0,0.0,0.0,0.0,0.0,0.0,0.5496088598221989,0.5230713273300622,0.13492759998526915,0.34468040679375855,wait:0.000000
31,92:0,92,no_addition,False,0.0,0.0,0.0,0.0,0.0,0.0,0.0,0.0,0.0,0.0,0.5836859411228719,0.5217641296334619,0.18240288524889472,0.21479688753022783,wait:0.000000
31,99:0,99,no_addition,False,0.0,0.0,0.0,0.0,0.0,0.0,0.0,0.0,0.0,0.0,0.595919754635573,0.3031051908867153,0.2567075269935262,0.36362387727822276,wait:0.000000;e:-0.110731
31,100:0,100,no_addition,False,0.0,0.0,0.0,0.0,0.0,0.0,0.0,0.0,0.0,0.0,0.7169641560585482,0.4692832919180363,0.23232263065211484,0.18559087631515395,wait:0.000000
31,103:0,103,no_addition,False,0.0,0.0,0.0,0.0,0.0,0.0,0.0,0.0,0.0,0.0,0.48453188448400963,0.3036894266573445,0.24040021754476024,0.2514446862260086,wait:0.000000
31,107:0,107,no_addition,False,0.0,0.0,0.0,0.0,0.0,0.0,0.0,0.0,0.0,0.0,0.5601272085917144,0.4027578298740651,0.11188658600935725,0.20311708869163475,wait:0.000000
31,108:0,108,no_addition,False,0.0,0.0,0.0,0.0,0.0,0.0,0.0,0.0,0.0,0.0,0.712589369414454,0.5801760444086993,0.13671870609908326,0.3181198326494777,wait:0.000000
31,113:0,113,no_addition,False,0.0,0.0,0.0,0.0,0.0,0.0,0.0,0.0,0.0,0.0,0.36884265054638277,0.5871883438705638,0.20774743918817895,0.15152591661893103,wait:0.000000
31,117:0,117,no_addition,False,0.0,0.0,0.0,0.0,0.0,0.0,0.0,0.0,0.0,0.0,0.5762276374207189,0.31861268573099333,0.26177083556612213,0.28997807026483413,wait:0.000000
31,118:0,118,no_addition,False,0.0,0.0,0.0,0.0,0.0,0.0,0.0,0.0,0.0,0.0,0.7419538127860572,0.3257052711190269,0.22127615320016214,0.1744441787687567,wait:0.000000
32,8:0,8,no_addition,False,0.0,0.0,0.0,0.0,0.0,0.0,0.0,0.0,0.0,0.0,0.42224487806266675,0.31676733048151573,0.09743626015620943,0.3270836536953683,wait:0.000000;e:-0.061890
32,15:0,15,no_addition,False,0.0,0.0,0.0,0.0,0.0,0.0,0.0,0.0,0.0,0.0,0.5815402376273211,0.3651732285065892,0.12013139547880683,0.36885322864169034,wait:0.000000
32,17:0,17,no_addition,False,0.0,0.0,0.0,0.0,0.0,0.0,0.0,0.0,0.0,0.0,0.5319935126913222,0.5734977925998279,0.253902026142052,0.30760713930070754,wait:0.000000
32,19:0,19,no_addition,False,0.0,0.0,0.0,0.0,0.0,0.0,0.0,0.0,0.0,0.0,0.7251883343647291,0.445278758799319,0.134934236822975,0.22963360758369958,wait:0.000000
32,20:0,20,no_addition,False,0.0,0.0,0.0,0.0,0.0,0.0,0.0,0.0,0.0,0.0,0.6195092762977208,0.4718195611743685,0.1422286741409436,0.34279558387592546,wait:0.000000
32,27:0,27,no_addition,False,0.0,0.0,0.0,0.0,0.0,0.0,0.0,0.0,0.0,0.0,0.6925893067107659,0.6392206064589001,0.15779028109324086,0.3684614046068823,wait:0.000000
32,35:0,35,no_addition,False,0.0,0.0,0.0,0.0,0.0,0.0,0.0,0.0,0.0,0.0,0.5686148129675394,0.3808624764596319,0.11359345932382238,0.17179398486241937,wait:0.000000
32,37:0,37,no_addition,False,0.0,0.0,0.0,0.0,0.0,0.0,0.0,0.0,0.0,0.0,0.6566398133866089,0.6048095714434447,0.23900283811741982,0.19726177659029454,wait:0.000000
32,39:0,39,no_addition,False,0.0,0.0,0.0,0.0,0.0,0.0,0.0,0.0,0.0,0.0,0.4294577007052264,0.45942743266519215,0.11278642516549683,0.3142410343455689,wait:0.000000
32,42:0,42,no_addition,False,0.0,0.0,0.0,0.0,0.0,0.0,0.0,0.0,0.0,0.0,0.3646625997759556,0.43924046267399164,0.20447239480110982,0.16482639385390188,wait:0.000000
32,46:0,46,no_addition,False,0.0,0.0,0.0,0.0,0.0,0.0,0.0,0.0,0.0,0.0,0.46247147996441473,0.6596503611583785,0.18523664050489752,0.15567554392335484,wait:0.000000
32,49:0,49,no_addition,False,0.0,0.0,0.0,0.0,0.0,0.0,0.0,0.0,0.0,0.0,0.5412220236875722,0.6085239383184402,0.20702198292046725,0.3550969080079869,wait:0.000000
32,69:0,69,no_addition,False,0.0,0.0,0.0,0.0,0.0,0.0,0.0,0.0,0.0,0.0,0.6022842267235775,0.3907241381421482,0.12522009883263424,0.2509880233786041,wait:0.000000
32,73:0,73,no_addition,False,0.0,0.0,0.0,0.0,0.0,0.0,0.0,0.0,0.0,0.0,0.40420682498105226,0.36825884895626715,0.10135193454551357,0.21381812730705063,wait:0.000000
32,75:0,75,no_addition,False,0.0,0.0,0.0,0.0,0.0,0.0,0.0,0.0,0.0,0.0,0.4230941969831738,0.5146117501535823,0.14526836109731428,0.21203597939779312,wait:0.000000
32,76:0,76,no_addition,False,0.0,0.0,0.0,0.0,0.0,0.0,0.0,0.0,0.0,0.0,0.4607091825541645,0.355946265462487,0.2483673802320229,0.36773318693554713,wait:0.000000;e:-0.067266
32,78:0,78,no_addition,False,0.0,0.0,0.0,0.0,0.0,0.0,0.0,0.0,0.0,0.0,0.6649527470465615,0.2708445688219129,0.19539182057908258,0.3732642554777805,wait:0.000000;e:-0.149416
32,79:0,79,no_addition,False,0.0,0.0,0.0,0.0,0.0,0.0,0.0,0.0,0.0,0.0,0.6554007144387883,0.3386993507256493,0.11701546148724276,0.22854336518025284,wait:0.000000
32,82:0,82,no_addition,False,0.0,0.0,0.0,0.0,0.0,0.0,0.0,0.0,0.0,0.0,0.7286328395366878,0.36352177295393373,0.15698912011979346,0.1520510595522537,wait:0.000000
32,85:0,85,no_addition,False,0.0,0.0,0.0,0.0,0.0,0.0,0.0,0.0,0.0,0.0,0.7153815322741996,0.556425413119678,0.16364315346228214,0.22556310027741625,wait:0.000000
32,88:0,88,no_addition,False,0.0,0.0,0.0,0.0,0.0,0.0,0.0,0.0,0.0,0.0,0.7163316377708322,0.6143286754778456,0.09809896900767885,0.2526309343782891,wait:0.000000
32,90:0,90,no_addition,False,0.0,0.0,0.0,0.0,0.0,0.0,0.0,0.0,0.0,0.0,0.5496088598221989,0.5230713273300622,0.13492759998526915,0.34468040679375855,wait:0.000000
32,92:0,92,no_addition,False,0.0,0.0,0.0,0.0,0.0,0.0,0.0,0.0,0.0,0.0,0.5836859411228719,0.5217641296334619,0.18240288524889472,0.21479688753022783,wait:0.000000
32,99:0,99,no_addition,False,0.0,0.0,0.0,0.0,0.0,0.0,0.0,0.0,0.0,0.0,0.595919754635573,0.3031051908867153,0.2567075269935262,0.36362387727822276,wait:0.000000;e:-0.110731
32,100:0,100,no_addition,False,0.0,0.0,0.0,0.0,0.0,0.0,0.0,0.0,0.0,0.0,0.7169641560585482,0.4692832919180363,0.23232263065211484,0.18559087631515395,wait:0.000000
32,103:0,103,no_addition,False,0.0,0.0,0.0,0.0,0.0,0.0,0.0,0.0,0.0,0.0,0.48453188448400963,0.3036894266573445,0.24040021754476024,0.2514446862260086,wait:0.000000
32,107:0,107,no_addition,False,0.0,0.0,0.0,0.0,0.0,0.0,0.0,0.0,0.0,0.0,0.5601272085917144,0.4027578298740651,0.11188658600935725,0.20311708869163475,wait:0.000000
32,108:0,108,no_addition,False,0.0,0.0,0.0,0.0,0.0,0.0,0.0,0.0,0.0,0.0,0.712589369414454,0.5801760444086993,0.13671870609908326,0.3181198326494777,wait:0.000000
32,113:0,113,no_addition,False,0.0,0.0,0.0,0.0,0.0,0.0,0.0,0.0,0.0,0.0,0.36884265054638277,0.5871883438705638,0.20774743918817895,0.15152591661893103,wait:0.000000
32,117:0,117,no_addition,False,0.0,0.0,0.0,0.0,0.0,0.0,0.0,0.0,0.0,0.0,0.5762276374207189,0.31861268573099333,0.26177083556612213,0.28997807026483413,wait:0.000000
32,118:0,118,no_addition,False,0.0,0.0,0.0,0.0,0.0,0.0,0.0,0.0,0.0,0.0,0.7419538127860572,0.3257052711190269,0.22127615320016214,0.1744441787687567,wait:0.000000
33,8:0,8,no_addition,False,0.0,0.0,0.0,0.0,0.0,0.0,0.0,0.0,0.0,0.0,0.42224487806266675,0.31676733048151573,0.09743626015620943,0.3270836536953683,wait:0.000000;e:-0.061890
33,15:0,15,no_addition,False,0.0,0.0,0.0,0.0,0.0,0.0,0.0,0.0,0.0,0.0,0.5815402376273211,0.3651732285065892,0.12013139547880683,0.36885322864169034,wait:0.000000
33,17:0,17,no_addition,False,0.0,0.0,0.0,0.0,0.0,0.0,0.0,0.0,0.0,0.0,0.5319935126913222,0.5734977925998279,0.253902026142052,0.30760713930070754,wait:0.000000
33,19:0,19,no_addition,False,0.0,0.0,0.0,0.0,0.0,0.0,0.0,0.0,0.0,0.0,0.7251883343647291,0.445278758799319,0.134934236822975,0.22963360758369958,wait:0.000000
33,20:0,20,no_addition,False,0.0,0.0,0.0,0.0,0.0,0.0,0.0,0.0,0.0,0.0,0.6195092762977208,0.4718195611743685,0.1422286741409436,0.34279558387592546,wait:0.000000
33,27:0,27,no_addition,False,0.0,0.0,0.0,0.0,0.0,0.0,0.0,0.0,0.0,0.0,0.6925893067107659,0.6392206064589001,0.15779028109324086,0.3684614046068823,wait:0.000000
33,35:0,35,no_addition,False,0.0,0.0,0.0,0.0,0.0,0.0,0.0,0.0,0.0,0.0,0.5686148129675394,0.3808624764596319,0.11359345932382238,0.17179398486241937,wait:0.000000
33,37:0,37,no_addition,False,0.0,0.0,0.0,0.0,0.0,0.0,0.0,0.0,0.0,0.0,0.6566398133866089,0.6048095714434447,0.23900283811741982,0.19726177659029454,wait:0.000000
33,39:0,39,no_addition,False,0.0,0.0,0.0,0.0,0.0,0.0,0.0,0.0,0.0,0.0,0.4294577007052264,0.45942743266519215,0.11278642516549683,0.3142410343455689,wait:0.000000
33,42:0,42,no_addition,False,0.0,0.0,0.0,0.0,0.0,0.0,0.0,0.0,0.0,0.0,0.3646625997759556,0.43924046267399164,0.20447239480110982,0.16482639385390188,wait:0.000000
33,46:0,46,no_addition,False,0.0,0.0,0.0,0.0,0.0,0.0,0.0,0.0,0.0,0.0,0.46247147996441473,0.6596503611583785,0.18523664050489752,0.15567554392335484,wait:0.000000
33,49:0,49,no_addition,False,0.0,0.0,0.0,0.0,0.0,0.0,0.0,0.0,0.0,0.0,0.5412220236875722,0.6085239383184402,0.20702198292046725,0.3550969080079869,wait:0.000000
33,69:0,69,no_addition,False,0.0,0.0,0.0,0.0,0.0,0.0,0.0,0.0,0.0,0.0,0.6022842267235775,0.3907241381421482,0.12522009883263424,0.2509880233786041,wait:0.000000
33,73:0,73,no_addition,False,0.0,0.0,0.0,0.0,0.0,0.0,0.0,0.0,0.0,0.0,0.40420682498105226,0.36825884895626715,0.10135193454551357,0.21381812730705063,wait:0.000000
33,75:0,75,no_addition,False,0.0,0.0,0.0,0.0,0.0,0.0,0.0,0.0,0.0,0.0,0.4230941969831738,0.5146117501535823,0.14526836109731428,0.21203597939779312,wait:0.000000
33,76:0,76,no_addition,False,0.0,0.0,0.0,0.0,0.0,0.0,0.0,0.0,0.0,0.0,0.4607091825541645,0.355946265462487,0.2483673802320229,0.36773318693554713,wait:0.000000;e:-0.067266
33,78:0,78,no_addition,False,0.0,0.0,0.0,0.0,0.0,0.0,0.0,0.0,0.0,0.0,0.6649527470465615,0.2708445688219129,0.19539182057908258,0.3732642554777805,wait:0.000000;e:-0.149416
33,79:0,79,no_addition,False,0.0,0.0,0.0,0.0,0.0,0.0,0.0,0.0,0.0,0.0,0.6554007144387883,0.3386993507256493,0.11701546148724276,0.22854336518025284,wait:0.000000
33,82:0,82,no_addition,False,0.0,0.0,0.0,0.0,0.0,0.0,0.0,0.0,0.0,0.0,0.7286328395366878,0.36352177295393373,0.15698912011979346,0.1520510595522537,wait:0.000000
33,85:0,85,no_addition,False,0.0,0.0,0.0,0.0,0.0,0.0,0.0,0.0,0.0,0.0,0.7153815322741996,0.556425413119678,0.16364315346228214,0.22556310027741625,wait:0.000000
33,88:0,88,no_addition,False,0.0,0.0,0.0,0.0,0.0,0.0,0.0,0.0,0.0,0.0,0.7163316377708322,0.6143286754778456,0.09809896900767885,0.2526309343782891,wait:0.000000
33,90:0,90,no_addition,False,0.0,0.0,0.0,0.0,0.0,0.0,0.0,0.0,0.0,0.0,0.5496088598221989,0.5230713273300622,0.13492759998526915,0.34468040679375855,wait:0.000000
33,92:0,92,no_addition,False,0.0,0.0,0.0,0.0,0.0,0.0,0.0,0.0,0.0,0.0,0.5836859411228719,0.5217641296334619,0.18240288524889472,0.21479688753022783,wait:0.000000
33,99:0,99,no_addition,False,0.0,0.0,0.0,0.0,0.0,0.0,0.0,0.0,0.0,0.0,0.595919754635573,0.3031051908867153,0.2567075269935262,0.36362387727822276,wait:0.000000;e:-0.110731
33,100:0,100,no_addition,False,0.0,0.0,0.0,0.0,0.0,0.0,0.0,0.0,0.0,0.0,0.7169641560585482,0.4692832919180363,0.23232263065211484,0.18559087631515395,wait:0.000000
33,103:0,103,no_addition,False,0.0,0.0,0.0,0.0,0.0,0.0,0.0,0.0,0.0,0.0,0.48453188448400963,0.3036894266573445,0.24040021754476024,0.2514446862260086,wait:0.000000
33,107:0,107,no_addition,False,0.0,0.0,0.0,0.0,0.0,0.0,0.0,0.0,0.0,0.0,0.5601272085917144,0.4027578298740651,0.11188658600935725,0.20311708869163475,wait:0.000000
33,108:0,108,no_addition,False,0.0,0.0,0.0,0.0,0.0,0.0,0.0,0.0,0.0,0.0,0.712589369414454,0.5801760444086993,0.13671870609908326,0.3181198326494777,wait:0.000000
33,113:0,113,no_addition,False,0.0,0.0,0.0,0.0,0.0,0.0,0.0,0.0,0.0,0.0,0.36884265054638277,0.5871883438705638,0.20774743918817895,0.15152591661893103,wait:0.000000
33,117:0,117,no_addition,False,0.0,0.0,0.0,0.0,0.0,0.0,0.0,0.0,0.0,0.0,0.5762276374207189,0.31861268573099333,0.26177083556612213,0.28997807026483413,wait:0.000000
33,118:0,118,no_addition,False,0.0,0.0,0.0,0.0,0.0,0.0,0.0,0.0,0.0,0.0,0.7419538127860572,0.3257052711190269,0.22127615320016214,0.1744441787687567,wait:0.000000
34,8:0,8,no_addition,False,0.0,0.0,0.0,0.0,0.0,0.0,0.0,0.0,0.0,0.0,0.42224487806266675,0.31676733048151573,0.09743626015620943,0.3270836536953683,wait:0.000000;e:-0.061890
34,15:0,15,no_addition,False,0.0,0.0,0.0,0.0,0.0,0.0,0.0,0.0,0.0,0.0,0.5815402376273211,0.3651732285065892,0.12013139547880683,0.36885322864169034,wait:0.000000
34,17:0,17,no_addition,False,0.0,0.0,0.0,0.0,0.0,0.0,0.0,0.0,0.0,0.0,0.5319935126913222,0.5734977925998279,0.253902026142052,0.30760713930070754,wait:0.000000
34,19:0,19,no_addition,False,0.0,0.0,0.0,0.0,0.0,0.0,0.0,0.0,0.0,0.0,0.7251883343647291,0.445278758799319,0.134934236822975,0.22963360758369958,wait:0.000000
34,20:0,20,no_addition,False,0.0,0.0,0.0,0.0,0.0,0.0,0.0,0.0,0.0,0.0,0.6195092762977208,0.4718195611743685,0.1422286741409436,0.34279558387592546,wait:0.000000
34,27:0,27,no_addition,False,0.0,0.0,0.0,0.0,0.0,0.0,0.0,0.0,0.0,0.0,0.6925893067107659,0.6392206064589001,0.15779028109324086,0.3684614046068823,wait:0.000000
34,35:0,35,no_addition,False,0.0,0.0,0.0,0.0,0.0,0.0,0.0,0.0,0.0,0.0,0.5686148129675394,0.3808624764596319,0.11359345932382238,0.17179398486241937,wait:0.000000
34,37:0,37,no_addition,False,0.0,0.0,0.0,0.0,0.0,0.0,0.0,0.0,0.0,0.0,0.6566398133866089,0.6048095714434447,0.23900283811741982,0.19726177659029454,wait:0.000000
34,39:0,39,no_addition,False,0.0,0.0,0.0,0.0,0.0,0.0,0.0,0.0,0.0,0.0,0.4294577007052264,0.45942743266519215,0.11278642516549683,0.3142410343455689,wait:0.000000
34,42:0,42,no_addition,False,0.0,0.0,0.0,0.0,0.0,0.0,0.0,0.0,0.0,0.0,0.3646625997759556,0.43924046267399164,0.20447239480110982,0.16482639385390188,wait:0.000000
34,46:0,46,no_addition,False,0.0,0.0,0.0,0.0,0.0,0.0,0.0,0.0,0.0,0.0,0.46247147996441473,0.6596503611583785,0.18523664050489752,0.15567554392335484,wait:0.000000
34,49:0,49,no_addition,False,0.0,0.0,0.0,0.0,0.0,0.0,0.0,0.0,0.0,0.0,0.5412220236875722,0.6085239383184402,0.20702198292046725,0.3550969080079869,wait:0.000000
34,69:0,69,no_addition,False,0.0,0.0,0.0,0.0,0.0,0.0,0.0,0.0,0.0,0.0,0.6022842267235775,0.3907241381421482,0.12522009883263424,0.2509880233786041,wait:0.000000
34,73:0,73,no_addition,False,0.0,0.0,0.0,0.0,0.0,0.0,0.0,0.0,0.0,0.0,0.40420682498105226,0.36825884895626715,0.10135193454551357,0.21381812730705063,wait:0.000000
34,75:0,75,no_addition,False,0.0,0.0,0.0,0.0,0.0,0.0,0.0,0.0,0.0,0.0,0.4230941969831738,0.5146117501535823,0.14526836109731428,0.21203597939779312,wait:0.000000
34,76:0,76,no_addition,False,0.0,0.0,0.0,0.0,0.0,0.0,0.0,0.0,0.0,0.0,0.4607091825541645,0.355946265462487,0.2483673802320229,0.36773318693554713,wait:0.000000;e:-0.067266
34,78:0,78,no_addition,False,0.0,0.0,0.0,0.0,0.0,0.0,0.0,0.0,0.0,0.0,0.6649527470465615,0.2708445688219129,0.19539182057908258,0.3732642554777805,wait:0.000000;e:-0.149416
34,79:0,79,no_addition,False,0.0,0.0,0.0,0.0,0.0,0.0,0.0,0.0,0.0,0.0,0.6554007144387883,0.3386993507256493,0.11701546148724276,0.22854336518025284,wait:0.000000
34,82:0,82,no_addition,False,0.0,0.0,0.0,0.0,0.0,0.0,0.0,0.0,0.0,0.0,0.7286328395366878,0.36352177295393373,0.15698912011979346,0.1520510595522537,wait:0.000000
34,85:0,85,no_addition,False,0.0,0.0,0.0,0.0,0.0,0.0,0.0,0.0,0.0,0.0,0.7153815322741996,0.556425413119678,0.16364315346228214,0.22556310027741625,wait:0.000000
34,88:0,88,no_addition,False,0.0,0.0,0.0,0.0,0.0,0.0,0.0,0.0,0.0,0.0,0.7163316377708322,0.6143286754778456,0.09809896900767885,0.2526309343782891,wait:0.000000
34,90:0,90,no_addition,False,0.0,0.0,0.0,0.0,0.0,0.0,0.0,0.0,0.0,0.0,0.5496088598221989,0.5230713273300622,0.13492759998526915,0.34468040679375855,wait:0.000000
34,92:0,92,no_addition,False,0.0,0.0,0.0,0.0,0.0,0.0,0.0,0.0,0.0,0.0,0.5836859411228719,0.5217641296334619,0.18240288524889472,0.21479688753022783,wait:0.000000
34,99:0,99,no_addition,False,0.0,0.0,0.0,0.0,0.0,0.0,0.0,0.0,0.0,0.0,0.595919754635573,0.3031051908867153,0.2567075269935262,0.36362387727822276,wait:0.000000;e:-0.110731
34,100:0,100,no_addition,False,0.0,0.0,0.0,0.0,0.0,0.0,0.0,0.0,0.0,0.0,0.7169641560585482,0.4692832919180363,0.23232263065211484,0.18559087631515395,wait:0.000000
34,103:0,103,no_addition,False,0.0,0.0,0.0,0.0,0.0,0.0,0.0,0.0,0.0,0.0,0.48453188448400963,0.3036894266573445,0.24040021754476024,0.2514446862260086,wait:0.000000
34,107:0,107,no_addition,False,0.0,0.0,0.0,0.0,0.0,0.0,0.0,0.0,0.0,0.0,0.5601272085917144,0.4027578298740651,0.11188658600935725,0.20311708869163475,wait:0.000000
34,108:0,108,no_addition,False,0.0,0.0,0.0,0.0,0.0,0.0,0.0,0.0,0.0,0.0,0.712589369414454,0.5801760444086993,0.13671870609908326,0.3181198326494777,wait:0.000000
34,113:0,113,no_addition,False,0.0,0.0,0.0,0.0,0.0,0.0,0.0,0.0,0.0,0.0,0.36884265054638277,0.5871883438705638,0.20774743918817895,0.15152591661893103,wait:0.000000
34,117:0,117,no_addition,False,0.0,0.0,0.0,0.0,0.0,0.0,0.0,0.0,0.0,0.0,0.5762276374207189,0.31861268573099333,0.26177083556612213,0.28997807026483413,wait:0.000000
34,118:0,118,no_addition,False,0.0,0.0,0.0,0.0,0.0,0.0,0.0,0.0,0.0,0.0,0.7419538127860572,0.3257052711190269,0.22127615320016214,0.1744441787687567,wait:0.000000
35,8:0,8,no_addition,False,0.0,0.0,0.0,0.0,0.0,0.0,0.0,0.0,0.0,0.0,0.42224487806266675,0.31676733048151573,0.09743626015620943,0.3270836536953683,wait:0.000000;e:-0.061890
35,15:0,15,no_addition,False,0.0,0.0,0.0,0.0,0.0,0.0,0.0,0.0,0.0,0.0,0.5815402376273211,0.3651732285065892,0.12013139547880683,0.36885322864169034,wait:0.000000
35,17:0,17,no_addition,False,0.0,0.0,0.0,0.0,0.0,0.0,0.0,0.0,0.0,0.0,0.5319935126913222,0.5734977925998279,0.253902026142052,0.30760713930070754,wait:0.000000
35,19:0,19,no_addition,False,0.0,0.0,0.0,0.0,0.0,0.0,0.0,0.0,0.0,0.0,0.7251883343647291,0.445278758799319,0.134934236822975,0.22963360758369958,wait:0.000000
35,20:0,20,no_addition,False,0.0,0.0,0.0,0.0,0.0,0.0,0.0,0.0,0.0,0.0,0.6195092762977208,0.4718195611743685,0.1422286741409436,0.34279558387592546,wait:0.000000
35,27:0,27,no_addition,False,0.0,0.0,0.0,0.0,0.0,0.0,0.0,0.0,0.0,0.0,0.6925893067107659,0.6392206064589001,0.15779028109324086,0.3684614046068823,wait:0.000000
35,35:0,35,no_addition,False,0.0,0.0,0.0,0.0,0.0,0.0,0.0,0.0,0.0,0.0,0.5686148129675394,0.3808624764596319,0.11359345932382238,0.17179398486241937,wait:0.000000
35,37:0,37,no_addition,False,0.0,0.0,0.0,0.0,0.0,0.0,0.0,0.0,0.0,0.0,0.6566398133866089,0.6048095714434447,0.23900283811741982,0.19726177659029454,wait:0.000000
35,39:0,39,no_addition,False,0.0,0.0,0.0,0.0,0.0,0.0,0.0,0.0,0.0,0.0,0.4294577007052264,0.45942743266519215,0.11278642516549683,0.3142410343455689,wait:0.000000
35,42:0,42,no_addition,False,0.0,0.0,0.0,0.0,0.0,0.0,0.0,0.0,0.0,0.0,0.3646625997759556,0.43924046267399164,0.20447239480110982,0.16482639385390188,wait:0.000000
35,46:0,46,no_addition,False,0.0,0.0,0.0,0.0,0.0,0.0,0.0,0.0,0.0,0.0,0.46247147996441473,0.6596503611583785,0.18523664050489752,0.15567554392335484,wait:0.000000
35,49:0,49,no_addition,False,0.0,0.0,0.0,0.0,0.0,0.0,0.0,0.0,0.0,0.0,0.5412220236875722,0.6085239383184402,0.20702198292046725,0.3550969080079869,wait:0.000000
35,69:0,69,no_addition,False,0.0,0.0,0.0,0.0,0.0,0.0,0.0,0.0,0.0,0.0,0.6022842267235775,0.3907241381421482,0.12522009883263424,0.2509880233786041,wait:0.000000
35,73:0,73,no_addition,False,0.0,0.0,0.0,0.0,0.0,0.0,0.0,0.0,0.0,0.0,0.40420682498105226,0.36825884895626715,0.10135193454551357,0.21381812730705063,wait:0.000000
35,75:0,75,no_addition,False,0.0,0.0,0.0,0.0,0.0,0.0,0.0,0.0,0.0,0.0,0.4230941969831738,0.5146117501535823,0.14526836109731428,0.21203597939779312,wait:0.000000
35,76:0,76,no_addition,False,0.0,0.0,0.0,0.0,0.0,0.0,0.0,0.0,0.0,0.0,0.4607091825541645,0.355946265462487,0.2483673802320229,0.36773318693554713,wait:0.000000;e:-0.067266
35,78:0,78,no_addition,False,0.0,0.0,0.0,0.0,0.0,0.0,0.0,0.0,0.0,0.0,0.6649527470465615,0.2708445688219129,0.19539182057908258,0.3732642554777805,wait:0.000000;e:-0.149416
35,79:0,79,no_addition,False,0.0,0.0,0.0,0.0,0.0,0.0,0.0,0.0,0.0,0.0,0.6554007144387883,0.3386993507256493,0.11701546148724276,0.22854336518025284,wait:0.000000
35,82:0,82,no_addition,False,0.0,0.0,0.0,0.0,0.0,0.0,0.0,0.0,0.0,0.0,0.7286328395366878,0.36352177295393373,0.15698912011979346,0.1520510595522537,wait:0.000000
35,85:0,85,no_addition,False,0.0,0.0,0.0,0.0,0.0,0.0,0.0,0.0,0.0,0.0,0.7153815322741996,0.556425413119678,0.16364315346228214,0.22556310027741625,wait:0.000000
35,88:0,88,no_addition,False,0.0,0.0,0.0,0.0,0.0,0.0,0.0,0.0,0.0,0.0,0.7163316377708322,0.6143286754778456,0.09809896900767885,0.2526309343782891,wait:0.000000
35,90:0,90,no_addition,False,0.0,0.0,0.0,0.0,0.0,0.0,0.0,0.0,0.0,0.0,0.5496088598221989,0.5230713273300622,0.13492759998526915,0.34468040679375855,wait:0.000000
35,92:0,92,no_addition,False,0.0,0.0,0.0,0.0,0.0,0.0,0.0,0.0,0.0,0.0,0.5836859411228719,0.5217641296334619,0.18240288524889472,0.21479688753022783,wait:0.000000
35,99:0,99,no_addition,False,0.0,0.0,0.0,0.0,0.0,0.0,0.0,0.0,0.0,0.0,0.595919754635573,0.3031051908867153,0.2567075269935262,0.36362387727822276,wait:0.000000;e:-0.110731
35,100:0,100,no_addition,False,0.0,0.0,0.0,0.0,0.0,0.0,0.0,0.0,0.0,0.0,0.7169641560585482,0.4692832919180363,0.23232263065211484,0.18559087631515395,wait:0.000000
35,103:0,103,no_addition,False,0.0,0.0,0.0,0.0,0.0,0.0,0.0,0.0,0.0,0.0,0.48453188448400963,0.3036894266573445,0.24040021754476024,0.2514446862260086,wait:0.000000
35,107:0,107,no_addition,False,0.0,0.0,0.0,0.0,0.0,0.0,0.0,0.0,0.0,0.0,0.5601272085917144,0.4027578298740651,0.11188658600935725,0.20311708869163475,wait:0.000000
35,108:0,108,no_addition,False,0.0,0.0,0.0,0.0,0.0,0.0,0.0,0.0,0.0,0.0,0.712589369414454,0.5801760444086993,0.13671870609908326,0.3181198326494777,wait:0.000000
35,113:0,113,no_addition,False,0.0,0.0,0.0,0.0,0.0,0.0,0.0,0.0,0.0,0.0,0.36884265054638277,0.5871883438705638,0.20774743918817895,0.15152591661893103,wait:0.000000
35,117:0,117,no_addition,False,0.0,0.0,0.0,0.0,0.0,0.0,0.0,0.0,0.0,0.0,0.5762276374207189,0.31861268573099333,0.26177083556612213,0.28997807026483413,wait:0.000000
35,118:0,118,no_addition,False,0.0,0.0,0.0,0.0,0.0,0.0,0.0,0.0,0.0,0.0,0.7419538127860572,0.3257052711190269,0.22127615320016214,0.1744441787687567,wait:0.000000
36,8:0,8,no_addition,False,0.0,0.0,0.0,0.0,0.0,0.0,0.0,0.0,0.0,0.0,0.42224487806266675,0.31676733048151573,0.09743626015620943,0.3270836536953683,wait:0.000000;e:-0.061890
36,15:0,15,no_addition,False,0.0,0.0,0.0,0.0,0.0,0.0,0.0,0.0,0.0,0.0,0.5815402376273211,0.3651732285065892,0.12013139547880683,0.36885322864169034,wait:0.000000
36,17:0,17,no_addition,False,0.0,0.0,0.0,0.0,0.0,0.0,0.0,0.0,0.0,0.0,0.5319935126913222,0.5734977925998279,0.253902026142052,0.30760713930070754,wait:0.000000
36,19:0,19,no_addition,False,0.0,0.0,0.0,0.0,0.0,0.0,0.0,0.0,0.0,0.0,0.7251883343647291,0.445278758799319,0.134934236822975,0.22963360758369958,wait:0.000000
36,20:0,20,no_addition,False,0.0,0.0,0.0,0.0,0.0,0.0,0.0,0.0,0.0,0.0,0.6195092762977208,0.4718195611743685,0.1422286741409436,0.34279558387592546,wait:0.000000
36,27:0,27,no_addition,False,0.0,0.0,0.0,0.0,0.0,0.0,0.0,0.0,0.0,0.0,0.6925893067107659,0.6392206064589001,0.15779028109324086,0.3684614046068823,wait:0.000000
36,35:0,35,no_addition,False,0.0,0.0,0.0,0.0,0.0,0.0,0.0,0.0,0.0,0.0,0.5686148129675394,0.3808624764596319,0.11359345932382238,0.17179398486241937,wait:0.000000
36,37:0,37,no_addition,False,0.0,0.0,0.0,0.0,0.0,0.0,0.0,0.0,0.0,0.0,0.6566398133866089,0.6048095714434447,0.23900283811741982,0.19726177659029454,wait:0.000000
36,39:0,39,no_addition,False,0.0,0.0,0.0,0.0,0.0,0.0,0.0,0.0,0.0,0.0,0.4294577007052264,0.45942743266519215,0.11278642516549683,0.3142410343455689,wait:0.000000
36,42:0,42,no_addition,False,0.0,0.0,0.0,0.0,0.0,0.0,0.0,0.0,0.0,0.0,0.3646625997759556,0.43924046267399164,0.20447239480110982,0.16482639385390188,wait:0.000000
36,46:0,46,no_addition,False,0.0,0.0,0.0,0.0,0.0,0.0,0.0,0.0,0.0,0.0,0.46247147996441473,0.6596503611583785,0.18523664050489752,0.15567554392335484,wait:0.000000
36,49:0,49,no_addition,False,0.0,0.0,0.0,0.0,0.0,0.0,0.0,0.0,0.0,0.0,0.5412220236875722,0.6085239383184402,0.20702198292046725,0.3550969080079869,wait:0.000000
36,69:0,69,no_addition,False,0.0,0.0,0.0,0.0,0.0,0.0,0.0,0.0,0.0,0.0,0.6022842267235775,0.3907241381421482,0.12522009883263424,0.2509880233786041,wait:0.000000
36,73:0,73,no_addition,False,0.0,0.0,0.0,0.0,0.0,0.0,0.0,0.0,0.0,0.0,0.40420682498105226,0.36825884895626715,0.10135193454551357,0.21381812730705063,wait:0.000000
36,75:0,75,no_addition,False,0.0,0.0,0.0,0.0,0.0,0.0,0.0,0.0,0.0,0.0,0.4230941969831738,0.5146117501535823,0.14526836109731428,0.21203597939779312,wait:0.000000
36,76:0,76,no_addition,False,0.0,0.0,0.0,0.0,0.0,0.0,0.0,0.0,0.0,0.0,0.4607091825541645,0.355946265462487,0.2483673802320229,0.36773318693554713,wait:0.000000;e:-0.067266
36,78:0,78,no_addition,False,0.0,0.0,0.0,0.0,0.0,0.0,0.0,0.0,0.0,0.0,0.6649527470465615,0.2708445688219129,0.19539182057908258,0.3732642554777805,wait:0.000000;e:-0.149416
36,79:0,79,no_addition,False,0.0,0.0,0.0,0.0,0.0,0.0,0.0,0.0,0.0,0.0,0.6554007144387883,0.3386993507256493,0.11701546148724276,0.22854336518025284,wait:0.000000
36,82:0,82,no_addition,False,0.0,0.0,0.0,0.0,0.0,0.0,0.0,0.0,0.0,0.0,0.7286328395366878,0.36352177295393373,0.15698912011979346,0.1520510595522537,wait:0.000000
36,85:0,85,no_addition,False,0.0,0.0,0.0,0.0,0.0,0.0,0.0,0.0,0.0,0.0,0.7153815322741996,0.556425413119678,0.16364315346228214,0.22556310027741625,wait:0.000000
36,88:0,88,no_addition,False,0.0,0.0,0.0,0.0,0.0,0.0,0.0,0.0,0.0,0.0,0.7163316377708322,0.6143286754778456,0.09809896900767885,0.2526309343782891,wait:0.000000
36,90:0,90,no_addition,False,0.0,0.0,0.0,0.0,0.0,0.0,0.0,0.0,0.0,0.0,0.5496088598221989,0.5230713273300622,0.13492759998526915,0.34468040679375855,wait:0.000000
36,92:0,92,no_addition,False,0.0,0.0,0.0,0.0,0.0,0.0,0.0,0.0,0.0,0.0,0.5836859411228719,0.5217641296334619,0.18240288524889472,0.21479688753022783,wait:0.000000
36,99:0,99,no_addition,False,0.0,0.0,0.0,0.0,0.0,0.0,0.0,0.0,0.0,0.0,0.595919754635573,0.3031051908867153,0.2567075269935262,0.36362387727822276,wait:0.000000;e:-0.110731
36,100:0,100,no_addition,False,0.0,0.0,0.0,0.0,0.0,0.0,0.0,0.0,0.0,0.0,0.7169641560585482,0.4692832919180363,0.23232263065211484,0.18559087631515395,wait:0.000000
36,103:0,103,no_addition,False,0.0,0.0,0.0,0.0,0.0,0.0,0.0,0.0,0.0,0.0,0.48453188448400963,0.3036894266573445,0.24040021754476024,0.2514446862260086,wait:0.000000
36,107:0,107,no_addition,False,0.0,0.0,0.0,0.0,0.0,0.0,0.0,0.0,0.0,0.0,0.5601272085917144,0.4027578298740651,0.11188658600935725,0.20311708869163475,wait:0.000000
36,108:0,108,no_addition,False,0.0,0.0,0.0,0.0,0.0,0.0,0.0,0.0,0.0,0.0,0.712589369414454,0.5801760444086993,0.13671870609908326,0.3181198326494777,wait:0.000000
36,113:0,113,no_addition,False,0.0,0.0,0.0,0.0,0.0,0.0,0.0,0.0,0.0,0.0,0.36884265054638277,0.5871883438705638,0.20774743918817895,0.15152591661893103,wait:0.000000
36,117:0,117,no_addition,False,0.0,0.0,0.0,0.0,0.0,0.0,0.0,0.0,0.0,0.0,0.5762276374207189,0.31861268573099333,0.26177083556612213,0.28997807026483413,wait:0.000000
36,118:0,118,no_addition,False,0.0,0.0,0.0,0.0,0.0,0.0,0.0,0.0,0.0,0.0,0.7419538127860572,0.3257052711190269,0.22127615320016214,0.1744441787687567,wait:0.000000
37,8:0,8,no_addition,False,0.0,0.0,0.0,0.0,0.0,0.0,0.0,0.0,0.0,0.0,0.42224487806266675,0.31676733048151573,0.09743626015620943,0.3270836536953683,wait:0.000000;e:-0.061890
37,15:0,15,no_addition,False,0.0,0.0,0.0,0.0,0.0,0.0,0.0,0.0,0.0,0.0,0.5815402376273211,0.3651732285065892,0.12013139547880683,0.36885322864169034,wait:0.000000
37,17:0,17,no_addition,False,0.0,0.0,0.0,0.0,0.0,0.0,0.0,0.0,0.0,0.0,0.5319935126913222,0.5734977925998279,0.253902026142052,0.30760713930070754,wait:0.000000
37,19:0,19,no_addition,False,0.0,0.0,0.0,0.0,0.0,0.0,0.0,0.0,0.0,0.0,0.7251883343647291,0.445278758799319,0.134934236822975,0.22963360758369958,wait:0.000000
37,20:0,20,no_addition,False,0.0,0.0,0.0,0.0,0.0,0.0,0.0,0.0,0.0,0.0,0.6195092762977208,0.4718195611743685,0.1422286741409436,0.34279558387592546,wait:0.000000
37,27:0,27,no_addition,False,0.0,0.0,0.0,0.0,0.0,0.0,0.0,0.0,0.0,0.0,0.6925893067107659,0.6392206064589001,0.15779028109324086,0.3684614046068823,wait:0.000000
37,35:0,35,no_addition,False,0.0,0.0,0.0,0.0,0.0,0.0,0.0,0.0,0.0,0.0,0.5686148129675394,0.3808624764596319,0.11359345932382238,0.17179398486241937,wait:0.000000
37,37:0,37,no_addition,False,0.0,0.0,0.0,0.0,0.0,0.0,0.0,0.0,0.0,0.0,0.6566398133866089,0.6048095714434447,0.23900283811741982,0.19726177659029454,wait:0.000000
37,39:0,39,no_addition,False,0.0,0.0,0.0,0.0,0.0,0.0,0.0,0.0,0.0,0.0,0.4294577007052264,0.45942743266519215,0.11278642516549683,0.3142410343455689,wait:0.000000
37,42:0,42,no_addition,False,0.0,0.0,0.0,0.0,0.0,0.0,0.0,0.0,0.0,0.0,0.3646625997759556,0.43924046267399164,0.20447239480110982,0.16482639385390188,wait:0.000000
37,46:0,46,no_addition,False,0.0,0.0,0.0,0.0,0.0,0.0,0.0,0.0,0.0,0.0,0.46247147996441473,0.6596503611583785,0.18523664050489752,0.15567554392335484,wait:0.000000
37,49:0,49,no_addition,False,0.0,0.0,0.0,0.0,0.0,0.0,0.0,0.0,0.0,0.0,0.5412220236875722,0.6085239383184402,0.20702198292046725,0.3550969080079869,wait:0.000000
37,69:0,69,no_addition,False,0.0,0.0,0.0,0.0,0.0,0.0,0.0,0.0,0.0,0.0,0.6022842267235775,0.3907241381421482,0.12522009883263424,0.2509880233786041,wait:0.000000
37,73:0,73,no_addition,False,0.0,0.0,0.0,0.0,0.0,0.0,0.0,0.0,0.0,0.0,0.40420682498105226,0.36825884895626715,0.10135193454551357,0.21381812730705063,wait:0.000000
37,75:0,75,no_addition,False,0.0,0.0,0.0,0.0,0.0,0.0,0.0,0.0,0.0,0.0,0.4230941969831738,0.5146117501535823,0.14526836109731428,0.21203597939779312,wait:0.000000
37,76:0,76,no_addition,False,0.0,0.0,0.0,0.0,0.0,0.0,0.0,0.0,0.0,0.0,0.4607091825541645,0.355946265462487,0.2483673802320229,0.36773318693554713,wait:0.000000;e:-0.067266
37,78:0,78,no_addition,False,0.0,0.0,0.0,0.0,0.0,0.0,0.0,0.0,0.0,0.0,0.6649527470465615,0.2708445688219129,0.19539182057908258,0.3732642554777805,wait:0.000000;e:-0.149416
37,79:0,79,no_addition,False,0.0,0.0,0.0,0.0,0.0,0.0,0.0,0.0,0.0,0.0,0.6554007144387883,0.3386993507256493,0.11701546148724276,0.22854336518025284,wait:0.000000
37,82:0,82,no_addition,False,0.0,0.0,0.0,0.0,0.0,0.0,0.0,0.0,0.0,0.0,0.7286328395366878,0.36352177295393373,0.15698912011979346,0.1520510595522537,wait:0.000000
37,85:0,85,no_addition,False,0.0,0.0,0.0,0.0,0.0,0.0,0.0,0.0,0.0,0.0,0.7153815322741996,0.556425413119678,0.16364315346228214,0.22556310027741625,wait:0.000000
37,88:0,88,no_addition,False,0.0,0.0,0.0,0.0,0.0,0.0,0.0,0.0,0.0,0.0,0.7163316377708322,0.6143286754778456,0.09809896900767885,0.2526309343782891,wait:0.000000
37,90:0,90,no_addition,False,0.0,0.0,0.0,0.0,0.0,0.0,0.0,0.0,0.0,0.0,0.5496088598221989,0.5230713273300622,0.13492759998526915,0.34468040679375855,wait:0.000000
37,92:0,92,no_addition,False,0.0,0.0,0.0,0.0,0.0,0.0,0.0,0.0,0.0,0.0,0.5836859411228719,0.5217641296334619,0.18240288524889472,0.21479688753022783,wait:0.000000
37,99:0,99,no_addition,False,0.0,0.0,0.0,0.0,0.0,0.0,0.0,0.0,0.0,0.0,0.595919754635573,0.3031051908867153,0.2567075269935262,0.36362387727822276,wait:0.000000;e:-0.110731
37,100:0,100,no_addition,False,0.0,0.0,0.0,0.0,0.0,0.0,0.0,0.0,0.0,0.0,0.7169641560585482,0.4692832919180363,0.23232263065211484,0.18559087631515395,wait:0.000000
37,103:0,103,no_addition,False,0.0,0.0,0.0,0.0,0.0,0.0,0.0,0.0,0.0,0.0,0.48453188448400963,0.3036894266573445,0.24040021754476024,0.2514446862260086,wait:0.000000
37,107:0,107,no_addition,False,0.0,0.0,0.0,0.0,0.0,0.0,0.0,0.0,0.0,0.0,0.5601272085917144,0.4027578298740651,0.11188658600935725,0.20311708869163475,wait:0.000000
37,108:0,108,no_addition,False,0.0,0.0,0.0,0.0,0.0,0.0,0.0,0.0,0.0,0.0,0.712589369414454,0.5801760444086993,0.13671870609908326,0.3181198326494777,wait:0.000000
37,113:0,113,no_addition,False,0.0,0.0,0.0,0.0,0.0,0.0,0.0,0.0,0.0,0.0,0.36884265054638277,0.5871883438705638,0.20774743918817895,0.15152591661893103,wait:0.000000
37,117:0,117,no_addition,False,0.0,0.0,0.0,0.0,0.0,0.0,0.0,0.0,0.0,0.0,0.5762276374207189,0.31861268573099333,0.26177083556612213,0.28997807026483413,wait:0.000000
37,118:0,118,no_addition,False,0.0,0.0,0.0,0.0,0.0,0.0,0.0,0.0,0.0,0.0,0.7419538127860572,0.3257052711190269,0.22127615320016214,0.1744441787687567,wait:0.000000
38,8:0,8,no_addition,False,0.0,0.0,0.0,0.0,0.0,0.0,0.0,0.0,0.0,0.0,0.42224487806266675,0.31676733048151573,0.09743626015620943,0.3270836536953683,wait:0.000000;e:-0.061890
38,15:0,15,no_addition,False,0.0,0.0,0.0,0.0,0.0,0.0,0.0,0.0,0.0,0.0,0.5815402376273211,0.3651732285065892,0.12013139547880683,0.36885322864169034,wait:0.000000
38,17:0,17,no_addition,False,0.0,0.0,0.0,0.0,0.0,0.0,0.0,0.0,0.0,0.0,0.5319935126913222,0.5734977925998279,0.253902026142052,0.30760713930070754,wait:0.000000
38,19:0,19,no_addition,False,0.0,0.0,0.0,0.0,0.0,0.0,0.0,0.0,0.0,0.0,0.7251883343647291,0.445278758799319,0.134934236822975,0.22963360758369958,wait:0.000000
38,20:0,20,no_addition,False,0.0,0.0,0.0,0.0,0.0,0.0,0.0,0.0,0.0,0.0,0.6195092762977208,0.4718195611743685,0.1422286741409436,0.34279558387592546,wait:0.000000
38,27:0,27,no_addition,False,0.0,0.0,0.0,0.0,0.0,0.0,0.0,0.0,0.0,0.0,0.6925893067107659,0.6392206064589001,0.15779028109324086,0.3684614046068823,wait:0.000000
38,35:0,35,no_addition,False,0.0,0.0,0.0,0.0,0.0,0.0,0.0,0.0,0.0,0.0,0.5686148129675394,0.3808624764596319,0.11359345932382238,0.17179398486241937,wait:0.000000
38,37:0,37,no_addition,False,0.0,0.0,0.0,0.0,0.0,0.0,0.0,0.0,0.0,0.0,0.6566398133866089,0.6048095714434447,0.23900283811741982,0.19726177659029454,wait:0.000000
38,39:0,39,no_addition,False,0.0,0.0,0.0,0.0,0.0,0.0,0.0,0.0,0.0,0.0,0.4294577007052264,0.45942743266519215,0.11278642516549683,0.3142410343455689,wait:0.000000
38,42:0,42,no_addition,False,0.0,0.0,0.0,0.0,0.0,0.0,0.0,0.0,0.0,0.0,0.3646625997759556,0.43924046267399164,0.20447239480110982,0.16482639385390188,wait:0.000000
38,46:0,46,no_addition,False,0.0,0.0,0.0,0.0,0.0,0.0,0.0,0.0,0.0,0.0,0.46247147996441473,0.6596503611583785,0.18523664050489752,0.15567554392335484,wait:0.000000
38,49:0,49,no_addition,False,0.0,0.0,0.0,0.0,0.0,0.0,0.0,0.0,0.0,0.0,0.5412220236875722,0.6085239383184402,0.20702198292046725,0.3550969080079869,wait:0.000000
38,69:0,69,no_addition,False,0.0,0.0,0.0,0.0,0.0,0.0,0.0,0.0,0.0,0.0,0.6022842267235775,0.3907241381421482,0.12522009883263424,0.2509880233786041,wait:0.000000
38,73:0,73,no_addition,False,0.0,0.0,0.0,0.0,0.0,0.0,0.0,0.0,0.0,0.0,0.40420682498105226,0.36825884895626715,0.10135193454551357,0.21381812730705063,wait:0.000000
38,75:0,75,no_addition,False,0.0,0.0,0.0,0.0,0.0,0.0,0.0,0.0,0.0,0.0,0.4230941969831738,0.5146117501535823,0.14526836109731428,0.21203597939779312,wait:0.000000
38,76:0,76,no_addition,False,0.0,0.0,0.0,0.0,0.0,0.0,0.0,0.0,0.0,0.0,0.4607091825541645,0.355946265462487,0.2483673802320229,0.36773318693554713,wait:0.000000;e:-0.067266
38,78:0,78,no_addition,False,0.0,0.0,0.0,0.0,0.0,0.0,0.0,0.0,0.0,0.0,0.6649527470465615,0.2708445688219129,0.19539182057908258,0.3732642554777805,wait:0.000000;e:-0.149416
38,79:0,79,no_addition,False,0.0,0.0,0.0,0.0,0.0,0.0,0.0,0.0,0.0,0.0,0.6554007144387883,0.3386993507256493,0.11701546148724276,0.22854336518025284,wait:0.000000
38,82:0,82,no_addition,False,0.0,0.0,0.0,0.0,0.0,0.0,0.0,0.0,0.0,0.0,0.7286328395366878,0.36352177295393373,0.15698912011979346,0.1520510595522537,wait:0.000000
38,85:0,85,no_addition,False,0.0,0.0,0.0,0.0,0.0,0.0,0.0,0.0,0.0,0.0,0.7153815322741996,0.556425413119678,0.16364315346228214,0.22556310027741625,wait:0.000000
38,88:0,88,no_addition,False,0.0,0.0,0.0,0.0,0.0,0.0,0.0,0.0,0.0,0.0,0.7163316377708322,0.6143286754778456,0.09809896900767885,0.2526309343782891,wait:0.000000
38,90:0,90,no_addition,False,0.0,0.0,0.0,0.0,0.0,0.0,0.0,0.0,0.0,0.0,0.5496088598221989,0.5230713273300622,0.13492759998526915,0.34468040679375855,wait:0.000000
38,92:0,92,no_addition,False,0.0,0.0,0.0,0.0,0.0,0.0,0.0,0.0,0.0,0.0,0.5836859411228719,0.5217641296334619,0.18240288524889472,0.21479688753022783,wait:0.000000
38,99:0,99,no_addition,False,0.0,0.0,0.0,0.0,0.0,0.0,0.0,0.0,0.0,0.0,0.595919754635573,0.3031051908867153,0.2567075269935262,0.36362387727822276,wait:0.000000;e:-0.110731
38,100:0,100,no_addition,False,0.0,0.0,0.0,0.0,0.0,0.0,0.0,0.0,0.0,0.0,0.7169641560585482,0.4692832919180363,0.23232263065211484,0.18559087631515395,wait:0.000000
38,103:0,103,no_addition,False,0.0,0.0,0.0,0.0,0.0,0.0,0.0,0.0,0.0,0.0,0.48453188448400963,0.3036894266573445,0.24040021754476024,0.2514446862260086,wait:0.000000
38,107:0,107,no_addition,False,0.0,0.0,0.0,0.0,0.0,0.0,0.0,0.0,0.0,0.0,0.5601272085917144,0.4027578298740651,0.11188658600935725,0.20311708869163475,wait:0.000000
38,108:0,108,no_addition,False,0.0,0.0,0.0,0.0,0.0,0.0,0.0,0.0,0.0,0.0,0.712589369414454,0.5801760444086993,0.13671870609908326,0.3181198326494777,wait:0.000000
38,113:0,113,no_addition,False,0.0,0.0,0.0,0.0,0.0,0.0,0.0,0.0,0.0,0.0,0.36884265054638277,0.5871883438705638,0.20774743918817895,0.15152591661893103,wait:0.000000
38,117:0,117,no_addition,False,0.0,0.0,0.0,0.0,0.0,0.0,0.0,0.0,0.0,0.0,0.5762276374207189,0.31861268573099333,0.26177083556612213,0.28997807026483413,wait:0.000000
38,118:0,118,no_addition,False,0.0,0.0,0.0,0.0,0.0,0.0,0.0,0.0,0.0,0.0,0.7419538127860572,0.3257052711190269,0.22127615320016214,0.1744441787687567,wait:0.000000
39,8:0,8,no_addition,False,0.0,0.0,0.0,0.0,0.0,0.0,0.0,0.0,0.0,0.0,0.42224487806266675,0.31676733048151573,0.09743626015620943,0.3270836536953683,wait:0.000000;e:-0.061890
39,15:0,15,no_addition,False,0.0,0.0,0.0,0.0,0.0,0.0,0.0,0.0,0.0,0.0,0.5815402376273211,0.3651732285065892,0.12013139547880683,0.36885322864169034,wait:0.000000
39,17:0,17,no_addition,False,0.0,0.0,0.0,0.0,0.0,0.0,0.0,0.0,0.0,0.0,0.5319935126913222,0.5734977925998279,0.253902026142052,0.30760713930070754,wait:0.000000
39,19:0,19,no_addition,False,0.0,0.0,0.0,0.0,0.0,0.0,0.0,0.0,0.0,0.0,0.7251883343647291,0.445278758799319,0.134934236822975,0.22963360758369958,wait:0.000000
39,20:0,20,no_addition,False,0.0,0.0,0.0,0.0,0.0,0.0,0.0,0.0,0.0,0.0,0.6195092762977208,0.4718195611743685,0.1422286741409436,0.34279558387592546,wait:0.000000
39,27:0,27,no_addition,False,0.0,0.0,0.0,0.0,0.0,0.0,0.0,0.0,0.0,0.0,0.6925893067107659,0.6392206064589001,0.15779028109324086,0.3684614046068823,wait:0.000000
39,35:0,35,no_addition,False,0.0,0.0,0.0,0.0,0.0,0.0,0.0,0.0,0.0,0.0,0.5686148129675394,0.3808624764596319,0.11359345932382238,0.17179398486241937,wait:0.000000
39,37:0,37,no_addition,False,0.0,0.0,0.0,0.0,0.0,0.0,0.0,0.0,0.0,0.0,0.6566398133866089,0.6048095714434447,0.23900283811741982,0.19726177659029454,wait:0.000000
39,39:0,39,no_addition,False,0.0,0.0,0.0,0.0,0.0,0.0,0.0,0.0,0.0,0.0,0.4294577007052264,0.45942743266519215,0.11278642516549683,0.3142410343455689,wait:0.000000
39,42:0,42,no_addition,False,0.0,0.0,0.0,0.0,0.0,0.0,0.0,0.0,0.0,0.0,0.3646625997759556,0.43924046267399164,0.20447239480110982,0.16482639385390188,wait:0.000000
39,46:0,46,no_addition,False,0.0,0.0,0.0,0.0,0.0,0.0,0.0,0.0,0.0,0.0,0.46247147996441473,0.6596503611583785,0.18523664050489752,0.15567554392335484,wait:0.000000
39,49:0,49,no_addition,False,0.0,0.0,0.0,0.0,0.0,0.0,0.0,0.0,0.0,0.0,0.5412220236875722,0.6085239383184402,0.20702198292046725,0.3550969080079869,wait:0.000000
39,69:0,69,no_addition,False,0.0,0.0,0.0,0.0,0.0,0.0,0.0,0.0,0.0,0.0,0.6022842267235775,0.3907241381421482,0.12522009883263424,0.2509880233786041,wait:0.000000
39,73:0,73,no_addition,False,0.0,0.0,0.0,0.0,0.0,0.0,0.0,0.0,0.0,0.0,0.40420682498105226,0.36825884895626715,0.10135193454551357,0.21381812730705063,wait:0.000000
39,75:0,75,no_addition,False,0.0,0.0,0.0,0.0,0.0,0.0,0.0,0.0,0.0,0.0,0.4230941969831738,0.5146117501535823,0.14526836109731428,0.21203597939779312,wait:0.000000
39,76:0,76,no_addition,False,0.0,0.0,0.0,0.0,0.0,0.0,0.0,0.0,0.0,0.0,0.4607091825541645,0.355946265462487,0.2483673802320229,0.36773318693554713,wait:0.000000;e:-0.067266
39,78:0,78,no_addition,False,0.0,0.0,0.0,0.0,0.0,0.0,0.0,0.0,0.0,0.0,0.6649527470465615,0.2708445688219129,0.19539182057908258,0.3732642554777805,wait:0.000000;e:-0.149416
39,79:0,79,no_addition,False,0.0,0.0,0.0,0.0,0.0,0.0,0.0,0.0,0.0,0.0,0.6554007144387883,0.3386993507256493,0.11701546148724276,0.22854336518025284,wait:0.000000
39,82:0,82,no_addition,False,0.0,0.0,0.0,0.0,0.0,0.0,0.0,0.0,0.0,0.0,0.7286328395366878,0.36352177295393373,0.15698912011979346,0.1520510595522537,wait:0.000000
39,85:0,85,no_addition,False,0.0,0.0,0.0,0.0,0.0,0.0,0.0,0.0,0.0,0.0,0.7153815322741996,0.556425413119678,0.16364315346228214,0.22556310027741625,wait:0.000000
39,88:0,88,no_addition,False,0.0,0.0,0.0,0.0,0.0,0.0,0.0,0.0,0.0,0.0,0.7163316377708322,0.6143286754778456,0.09809896900767885,0.2526309343782891,wait:0.000000
39,90:0,90,no_addition,False,0.0,0.0,0.0,0.0,0.0,0.0,0.0,0.0,0.0,0.0,0.5496088598221989,0.5230713273300622,0.13492759998526915,0.34468040679375855,wait:0.000000
39,92:0,92,no_addition,False,0.0,0.0,0.0,0.0,0.0,0.0,0.0,0.0,0.0,0.0,0.5836859411228719,0.5217641296334619,0.18240288524889472,0.21479688753022783,wait:0.000000
39,99:0,99,no_addition,False,0.0,0.0,0.0,0.0,0.0,0.0,0.0,0.0,0.0,0.0,0.595919754635573,0.3031051908867153,0.2567075269935262,0.36362387727822276,wait:0.000000;e:-0.110731
39,100:0,100,no_addition,False,0.0,0.0,0.0,0.0,0.0,0.0,0.0,0.0,0.0,0.0,0.7169641560585482,0.4692832919180363,0.23232263065211484,0.18559087631515395,wait:0.000000
39,103:0,103,no_addition,False,0.0,0.0,0.0,0.0,0.0,0.0,0.0,0.0,0.0,0.0,0.48453188448400963,0.3036894266573445,0.24040021754476024,0.2514446862260086,wait:0.000000
39,107:0,107,no_addition,False,0.0,0.0,0.0,0.0,0.0,0.0,0.0,0.0,0.0,0.0,0.5601272085917144,0.4027578298740651,0.11188658600935725,0.20311708869163475,wait:0.000000
39,108:0,108,no_addition,False,0.0,0.0,0.0,0.0,0.0,0.0,0.0,0.0,0.0,0.0,0.712589369414454,0.5801760444086993,0.13671870609908326,0.3181198326494777,wait:0.000000
39,113:0,113,no_addition,False,0.0,0.0,0.0,0.0,0.0,0.0,0.0,0.0,0.0,0.0,0.36884265054638277,0.5871883438705638,0.20774743918817895,0.15152591661893103,wait:0.000000
39,117:0,117,no_addition,False,0.0,0.0,0.0,0.0,0.0,0.0,0.0,0.0,0.0,0.0,0.5762276374207189,0.31861268573099333,0.26177083556612213,0.28997807026483413,wait:0.000000
39,118:0,118,no_addition,False,0.0,0.0,0.0,0.0,0.0,0.0,0.0,0.0,0.0,0.0,0.7419538127860572,0.3257052711190269,0.22127615320016214,0.1744441787687567,wait:0.000000
40,8:0,8,no_addition,False,0.0,0.0,0.0,0.0,0.0,0.0,0.0,0.0,0.0,0.0,0.42224487806266675,0.31676733048151573,0.09743626015620943,0.3270836536953683,wait:0.000000;e:-0.061890
40,15:0,15,no_addition,False,0.0,0.0,0.0,0.0,0.0,0.0,0.0,0.0,0.0,0.0,0.5815402376273211,0.3651732285065892,0.12013139547880683,0.36885322864169034,wait:0.000000
40,17:0,17,no_addition,False,0.0,0.0,0.0,0.0,0.0,0.0,0.0,0.0,0.0,0.0,0.5319935126913222,0.5734977925998279,0.253902026142052,0.30760713930070754,wait:0.000000
40,19:0,19,no_addition,False,0.0,0.0,0.0,0.0,0.0,0.0,0.0,0.0,0.0,0.0,0.7251883343647291,0.445278758799319,0.134934236822975,0.22963360758369958,wait:0.000000
40,20:0,20,no_addition,False,0.0,0.0,0.0,0.0,0.0,0.0,0.0,0.0,0.0,0.0,0.6195092762977208,0.4718195611743685,0.1422286741409436,0.34279558387592546,wait:0.000000
40,27:0,27,no_addition,False,0.0,0.0,0.0,0.0,0.0,0.0,0.0,0.0,0.0,0.0,0.6925893067107659,0.6392206064589001,0.15779028109324086,0.3684614046068823,wait:0.000000
40,35:0,35,no_addition,False,0.0,0.0,0.0,0.0,0.0,0.0,0.0,0.0,0.0,0.0,0.5686148129675394,0.3808624764596319,0.11359345932382238,0.17179398486241937,wait:0.000000
40,37:0,37,no_addition,False,0.0,0.0,0.0,0.0,0.0,0.0,0.0,0.0,0.0,0.0,0.6566398133866089,0.6048095714434447,0.23900283811741982,0.19726177659029454,wait:0.000000
40,39:0,39,no_addition,False,0.0,0.0,0.0,0.0,0.0,0.0,0.0,0.0,0.0,0.0,0.4294577007052264,0.45942743266519215,0.11278642516549683,0.3142410343455689,wait:0.000000
40,42:0,42,no_addition,False,0.0,0.0,0.0,0.0,0.0,0.0,0.0,0.0,0.0,0.0,0.3646625997759556,0.43924046267399164,0.20447239480110982,0.16482639385390188,wait:0.000000
40,46:0,46,no_addition,False,0.0,0.0,0.0,0.0,0.0,0.0,0.0,0.0,0.0,0.0,0.46247147996441473,0.6596503611583785,0.18523664050489752,0.15567554392335484,wait:0.000000
40,49:0,49,no_addition,False,0.0,0.0,0.0,0.0,0.0,0.0,0.0,0.0,0.0,0.0,0.5412220236875722,0.6085239383184402,0.20702198292046725,0.3550969080079869,wait:0.000000
40,69:0,69,no_addition,False,0.0,0.0,0.0,0.0,0.0,0.0,0.0,0.0,0.0,0.0,0.6022842267235775,0.3907241381421482,0.12522009883263424,0.2509880233786041,wait:0.000000
40,73:0,73,no_addition,False,0.0,0.0,0.0,0.0,0.0,0.0,0.0,0.0,0.0,0.0,0.40420682498105226,0.36825884895626715,0.10135193454551357,0.21381812730705063,wait:0.000000
40,75:0,75,no_addition,False,0.0,0.0,0.0,0.0,0.0,0.0,0.0,0.0,0.0,0.0,0.4230941969831738,0.5146117501535823,0.14526836109731428,0.21203597939779312,wait:0.000000
40,76:0,76,no_addition,False,0.0,0.0,0.0,0.0,0.0,0.0,0.0,0.0,0.0,0.0,0.4607091825541645,0.355946265462487,0.2483673802320229,0.36773318693554713,wait:0.000000;e:-0.067266
40,78:0,78,no_addition,False,0.0,0.0,0.0,0.0,0.0,0.0,0.0,0.0,0.0,0.0,0.6649527470465615,0.2708445688219129,0.19539182057908258,0.3732642554777805,wait:0.000000;e:-0.149416
40,79:0,79,no_addition,False,0.0,0.0,0.0,0.0,0.0,0.0,0.0,0.0,0.0,0.0,0.6554007144387883,0.3386993507256493,0.11701546148724276,0.22854336518025284,wait:0.000000
40,82:0,82,no_addition,False,0.0,0.0,0.0,0.0,0.0,0.0,0.0,0.0,0.0,0.0,0.7286328395366878,0.36352177295393373,0.15698912011979346,0.1520510595522537,wait:0.000000
40,85:0,85,no_addition,False,0.0,0.0,0.0,0.0,0.0,0.0,0.0,0.0,0.0,0.0,0.7153815322741996,0.556425413119678,0.16364315346228214,0.22556310027741625,wait:0.000000
40,88:0,88,no_addition,False,0.0,0.0,0.0,0.0,0.0,0.0,0.0,0.0,0.0,0.0,0.7163316377708322,0.6143286754778456,0.09809896900767885,0.2526309343782891,wait:0.000000
40,90:0,90,no_addition,False,0.0,0.0,0.0,0.0,0.0,0.0,0.0,0.0,0.0,0.0,0.5496088598221989,0.5230713273300622,0.13492759998526915,0.34468040679375855,wait:0.000000
40,92:0,92,no_addition,False,0.0,0.0,0.0,0.0,0.0,0.0,0.0,0.0,0.0,0.0,0.5836859411228719,0.5217641296334619,0.18240288524889472,0.21479688753022783,wait:0.000000
40,99:0,99,no_addition,False,0.0,0.0,0.0,0.0,0.0,0.0,0.0,0.0,0.0,0.0,0.595919754635573,0.3031051908867153,0.2567075269935262,0.36362387727822276,wait:0.000000;e:-0.110731
40,100:0,100,no_addition,False,0.0,0.0,0.0,0.0,0.0,0.0,0.0,0.0,0.0,0.0,0.7169641560585482,0.4692832919180363,0.23232263065211484,0.18559087631515395,wait:0.000000
40,103:0,103,no_addition,False,0.0,0.0,0.0,0.0,0.0,0.0,0.0,0.0,0.0,0.0,0.48453188448400963,0.3036894266573445,0.24040021754476024,0.2514446862260086,wait:0.000000
40,107:0,107,no_addition,False,0.0,0.0,0.0,0.0,0.0,0.0,0.0,0.0,0.0,0.0,0.5601272085917144,0.4027578298740651,0.11188658600935725,0.20311708869163475,wait:0.000000
40,108:0,108,no_addition,False,0.0,0.0,0.0,0.0,0.0,0.0,0.0,0.0,0.0,0.0,0.712589369414454,0.5801760444086993,0.13671870609908326,0.3181198326494777,wait:0.000000
40,113:0,113,no_addition,False,0.0,0.0,0.0,0.0,0.0,0.0,0.0,0.0,0.0,0.0,0.36884265054638277,0.5871883438705638,0.20774743918817895,0.15152591661893103,wait:0.000000
40,117:0,117,no_addition,False,0.0,0.0,0.0,0.0,0.0,0.0,0.0,0.0,0.0,0.0,0.5762276374207189,0.31861268573099333,0.26177083556612213,0.28997807026483413,wait:0.000000
40,118:0,118,no_addition,False,0.0,0.0,0.0,0.0,0.0,0.0,0.0,0.0,0.0,0.0,0.7419538127860572,0.3257052711190269,0.22127615320016214,0.1744441787687567,wait:0.000000
41,8:0,8,no_addition,False,0.0,0.0,0.0,0.0,0.0,0.0,0.0,0.0,0.0,0.0,0.42224487806266675,0.31676733048151573,0.09743626015620943,0.3270836536953683,wait:0.000000;e:-0.061890
41,15:0,15,no_addition,False,0.0,0.0,0.0,0.0,0.0,0.0,0.0,0.0,0.0,0.0,0.5815402376273211,0.3651732285065892,0.12013139547880683,0.36885322864169034,wait:0.000000
41,17:0,17,no_addition,False,0.0,0.0,0.0,0.0,0.0,0.0,0.0,0.0,0.0,0.0,0.5319935126913222,0.5734977925998279,0.253902026142052,0.30760713930070754,wait:0.000000
41,19:0,19,no_addition,False,0.0,0.0,0.0,0.0,0.0,0.0,0.0,0.0,0.0,0.0,0.7251883343647291,0.445278758799319,0.134934236822975,0.22963360758369958,wait:0.000000
41,20:0,20,no_addition,False,0.0,0.0,0.0,0.0,0.0,0.0,0.0,0.0,0.0,0.0,0.6195092762977208,0.4718195611743685,0.1422286741409436,0.34279558387592546,wait:0.000000
41,27:0,27,no_addition,False,0.0,0.0,0.0,0.0,0.0,0.0,0.0,0.0,0.0,0.0,0.6925893067107659,0.6392206064589001,0.15779028109324086,0.3684614046068823,wait:0.000000
41,35:0,35,no_addition,False,0.0,0.0,0.0,0.0,0.0,0.0,0.0,0.0,0.0,0.0,0.5686148129675394,0.3808624764596319,0.11359345932382238,0.17179398486241937,wait:0.000000
41,37:0,37,no_addition,False,0.0,0.0,0.0,0.0,0.0,0.0,0.0,0.0,0.0,0.0,0.6566398133866089,0.6048095714434447,0.23900283811741982,0.19726177659029454,wait:0.000000
41,39:0,39,no_addition,False,0.0,0.0,0.0,0.0,0.0,0.0,0.0,0.0,0.0,0.0,0.4294577007052264,0.45942743266519215,0.11278642516549683,0.3142410343455689,wait:0.000000
41,42:0,42,no_addition,False,0.0,0.0,0.0,0.0,0.0,0.0,0.0,0.0,0.0,0.0,0.3646625997759556,0.43924046267399164,0.20447239480110982,0.16482639385390188,wait:0.000000
41,46:0,46,no_addition,False,0.0,0.0,0.0,0.0,0.0,0.0,0.0,0.0,0.0,0.0,0.46247147996441473,0.6596503611583785,0.18523664050489752,0.15567554392335484,wait:0.000000
41,49:0,49,no_addition,False,0.0,0.0,0.0,0.0,0.0,0.0,0.0,0.0,0.0,0.0,0.5412220236875722,0.6085239383184402,0.20702198292046725,0.3550969080079869,wait:0.000000
41,69:0,69,no_addition,False,0.0,0.0,0.0,0.0,0.0,0.0,0.0,0.0,0.0,0.0,0.6022842267235775,0.3907241381421482,0.12522009883263424,0.2509880233786041,wait:0.000000
41,73:0,73,no_addition,False,0.0,0.0,0.0,0.0,0.0,0.0,0.0,0.0,0.0,0.0,0.40420682498105226,0.36825884895626715,0.10135193454551357,0.21381812730705063,wait:0.000000
41,75:0,75,no_addition,False,0.0,0.0,0.0,0.0,0.0,0.0,0.0,0.0,0.0,0.0,0.4230941969831738,0.5146117501535823,0.14526836109731428,0.21203597939779312,wait:0.000000
41,76:0,76,no_addition,False,0.0,0.0,0.0,0.0,0.0,0.0,0.0,0.0,0.0,0.0,0.4607091825541645,0.355946265462487,0.2483673802320229,0.36773318693554713,wait:0.000000;e:-0.067266
41,78:0,78,no_addition,False,0.0,0.0,0.0,0.0,0.0,0.0,0.0,0.0,0.0,0.0,0.6649527470465615,0.2708445688219129,0.19539182057908258,0.3732642554777805,wait:0.000000;e:-0.149416
41,79:0,79,no_addition,False,0.0,0.0,0.0,0.0,0.0,0.0,0.0,0.0,0.0,0.0,0.6554007144387883,0.3386993507256493,0.11701546148724276,0.22854336518025284,wait:0.000000
41,82:0,82,no_addition,False,0.0,0.0,0.0,0.0,0.0,0.0,0.0,0.0,0.0,0.0,0.7286328395366878,0.36352177295393373,0.15698912011979346,0.1520510595522537,wait:0.000000
41,85:0,85,no_addition,False,0.0,0.0,0.0,0.0,0.0,0.0,0.0,0.0,0.0,0.0,0.7153815322741996,0.556425413119678,0.16364315346228214,0.22556310027741625,wait:0.000000
41,88:0,88,no_addition,False,0.0,0.0,0.0,0.0,0.0,0.0,0.0,0.0,0.0,0.0,0.7163316377708322,0.6143286754778456,0.09809896900767885,0.2526309343782891,wait:0.000000
41,90:0,90,no_addition,False,0.0,0.0,0.0,0.0,0.0,0.0,0.0,0.0,0.0,0.0,0.5496088598221989,0.5230713273300622,0.13492759998526915,0.34468040679375855,wait:0.000000
41,92:0,92,no_addition,False,0.0,0.0,0.0,0.0,0.0,0.0,0.0,0.0,0.0,0.0,0.5836859411228719,0.5217641296334619,0.18240288524889472,0.21479688753022783,wait:0.000000
41,99:0,99,no_addition,False,0.0,0.0,0.0,0.0,0.0,0.0,0.0,0.0,0.0,0.0,0.595919754635573,0.3031051908867153,0.2567075269935262,0.36362387727822276,wait:0.000000;e:-0.110731
41,100:0,100,no_addition,False,0.0,0.0,0.0,0.0,0.0,0.0,0.0,0.0,0.0,0.0,0.7169641560585482,0.4692832919180363,0.23232263065211484,0.18559087631515395,wait:0.000000
41,103:0,103,no_addition,False,0.0,0.0,0.0,0.0,0.0,0.0,0.0,0.0,0.0,0.0,0.48453188448400963,0.3036894266573445,0.24040021754476024,0.2514446862260086,wait:0.000000
41,107:0,107,no_addition,False,0.0,0.0,0.0,0.0,0.0,0.0,0.0,0.0,0.0,0.0,0.5601272085917144,0.4027578298740651,0.11188658600935725,0.20311708869163475,wait:0.000000
41,108:0,108,no_addition,False,0.0,0.0,0.0,0.0,0.0,0.0,0.0,0.0,0.0,0.0,0.712589369414454,0.5801760444086993,0.13671870609908326,0.3181198326494777,wait:0.000000
41,113:0,113,no_addition,False,0.0,0.0,0.0,0.0,0.0,0.0,0.0,0.0,0.0,0.0,0.36884265054638277,0.5871883438705638,0.20774743918817895,0.15152591661893103,wait:0.000000
41,117:0,117,no_addition,False,0.0,0.0,0.0,0.0,0.0,0.0,0.0,0.0,0.0,0.0,0.5762276374207189,0.31861268573099333,0.26177083556612213,0.28997807026483413,wait:0.000000
41,118:0,118,no_addition,False,0.0,0.0,0.0,0.0,0.0,0.0,0.0,0.0,0.0,0.0,0.7419538127860572,0.3257052711190269,0.22127615320016214,0.1744441787687567,wait:0.000000
42,8:0,8,no_addition,False,0.0,0.0,0.0,0.0,0.0,0.0,0.0,0.0,0.0,0.0,0.42224487806266675,0.31676733048151573,0.09743626015620943,0.3270836536953683,wait:0.000000;e:-0.061890
42,15:0,15,no_addition,False,0.0,0.0,0.0,0.0,0.0,0.0,0.0,0.0,0.0,0.0,0.5815402376273211,0.3651732285065892,0.12013139547880683,0.36885322864169034,wait:0.000000
42,17:0,17,no_addition,False,0.0,0.0,0.0,0.0,0.0,0.0,0.0,0.0,0.0,0.0,0.5319935126913222,0.5734977925998279,0.253902026142052,0.30760713930070754,wait:0.000000
42,19:0,19,no_addition,False,0.0,0.0,0.0,0.0,0.0,0.0,0.0,0.0,0.0,0.0,0.7251883343647291,0.445278758799319,0.134934236822975,0.22963360758369958,wait:0.000000
42,20:0,20,no_addition,False,0.0,0.0,0.0,0.0,0.0,0.0,0.0,0.0,0.0,0.0,0.6195092762977208,0.4718195611743685,0.1422286741409436,0.34279558387592546,wait:0.000000
42,27:0,27,no_addition,False,0.0,0.0,0.0,0.0,0.0,0.0,0.0,0.0,0.0,0.0,0.6925893067107659,0.6392206064589001,0.15779028109324086,0.3684614046068823,wait:0.000000
42,35:0,35,no_addition,False,0.0,0.0,0.0,0.0,0.0,0.0,0.0,0.0,0.0,0.0,0.5686148129675394,0.3808624764596319,0.11359345932382238,0.17179398486241937,wait:0.000000
42,37:0,37,no_addition,False,0.0,0.0,0.0,0.0,0.0,0.0,0.0,0.0,0.0,0.0,0.6566398133866089,0.6048095714434447,0.23900283811741982,0.19726177659029454,wait:0.000000
42,39:0,39,no_addition,False,0.0,0.0,0.0,0.0,0.0,0.0,0.0,0.0,0.0,0.0,0.4294577007052264,0.45942743266519215,0.11278642516549683,0.3142410343455689,wait:0.000000
42,42:0,42,no_addition,False,0.0,0.0,0.0,0.0,0.0,0.0,0.0,0.0,0.0,0.0,0.3646625997759556,0.43924046267399164,0.20447239480110982,0.16482639385390188,wait:0.000000
42,46:0,46,no_addition,False,0.0,0.0,0.0,0.0,0.0,0.0,0.0,0.0,0.0,0.0,0.46247147996441473,0.6596503611583785,0.18523664050489752,0.15567554392335484,wait:0.000000
42,49:0,49,no_addition,False,0.0,0.0,0.0,0.0,0.0,0.0,0.0,0.0,0.0,0.0,0.5412220236875722,0.6085239383184402,0.20702198292046725,0.3550969080079869,wait:0.000000
42,69:0,69,no_addition,False,0.0,0.0,0.0,0.0,0.0,0.0,0.0,0.0,0.0,0.0,0.6022842267235775,0.3907241381421482,0.12522009883263424,0.2509880233786041,wait:0.000000
42,73:0,73,no_addition,False,0.0,0.0,0.0,0.0,0.0,0.0,0.0,0.0,0.0,0.0,0.40420682498105226,0.36825884895626715,0.10135193454551357,0.21381812730705063,wait:0.000000
42,75:0,75,no_addition,False,0.0,0.0,0.0,0.0,0.0,0.0,0.0,0.0,0.0,0.0,0.4230941969831738,0.5146117501535823,0.14526836109731428,0.21203597939779312,wait:0.000000
42,76:0,76,no_addition,False,0.0,0.0,0.0,0.0,0.0,0.0,0.0,0.0,0.0,0.0,0.4607091825541645,0.355946265462487,0.2483673802320229,0.36773318693554713,wait:0.000000;e:-0.067266
42,78:0,78,no_addition,False,0.0,0.0,0.0,0.0,0.0,0.0,0.0,0.0,0.0,0.0,0.6649527470465615,0.2708445688219129,0.19539182057908258,0.3732642554777805,wait:0.000000;e:-0.149416
42,79:0,79,no_addition,False,0.0,0.0,0.0,0.0,0.0,0.0,0.0,0.0,0.0,0.0,0.6554007144387883,0.3386993507256493,0.11701546148724276,0.22854336518025284,wait:0.000000
42,82:0,82,no_addition,False,0.0,0.0,0.0,0.0,0.0,0.0,0.0,0.0,0.0,0.0,0.7286328395366878,0.36352177295393373,0.15698912011979346,0.1520510595522537,wait:0.000000
42,85:0,85,no_addition,False,0.0,0.0,0.0,0.0,0.0,0.0,0.0,0.0,0.0,0.0,0.7153815322741996,0.556425413119678,0.16364315346228214,0.22556310027741625,wait:0.000000
42,88:0,88,no_addition,False,0.0,0.0,0.0,0.0,0.0,0.0,0.0,0.0,0.0,0.0,0.7163316377708322,0.6143286754778456,0.09809896900767885,0.2526309343782891,wait:0.000000
42,90:0,90,no_addition,False,0.0,0.0,0.0,0.0,0.0,0.0,0.0,0.0,0.0,0.0,0.5496088598221989,0.5230713273300622,0.13492759998526915,0.34468040679375855,wait:0.000000
42,92:0,92,no_addition,False,0.0,0.0,0.0,0.0,0.0,0.0,0.0,0.0,0.0,0.0,0.5836859411228719,0.5217641296334619,0.18240288524889472,0.21479688753022783,wait:0.000000
42,99:0,99,no_addition,False,0.0,0.0,0.0,0.0,0.0,0.0,0.0,0.0,0.0,0.0,0.595919754635573,0.3031051908867153,0.2567075269935262,0.36362387727822276,wait:0.000000;e:-0.110731
42,100:0,100,no_addition,False,0.0,0.0,0.0,0.0,0.0,0.0,0.0,0.0,0.0,0.0,0.7169641560585482,0.4692832919180363,0.23232263065211484,0.18559087631515395,wait:0.000000
42,103:0,103,no_addition,False,0.0,0.0,0.0,0.0,0.0,0.0,0.0,0.0,0.0,0.0,0.48453188448400963,0.3036894266573445,0.24040021754476024,0.2514446862260086,wait:0.000000
42,107:0,107,no_addition,False,0.0,0.0,0.0,0.0,0.0,0.0,0.0,0.0,0.0,0.0,0.5601272085917144,0.4027578298740651,0.11188658600935725,0.20311708869163475,wait:0.000000
42,108:0,108,no_addition,False,0.0,0.0,0.0,0.0,0.0,0.0,0.0,0.0,0.0,0.0,0.712589369414454,0.5801760444086993,0.13671870609908326,0.3181198326494777,wait:0.000000
42,113:0,113,no_addition,False,0.0,0.0,0.0,0.0,0.0,0.0,0.0,0.0,0.0,0.0,0.36884265054638277,0.5871883438705638,0.20774743918817895,0.15152591661893103,wait:0.000000
42,117:0,117,no_addition,False,0.0,0.0,0.0,0.0,0.0,0.0,0.0,0.0,0.0,0.0,0.5762276374207189,0.31861268573099333,0.26177083556612213,0.28997807026483413,wait:0.000000
42,118:0,118,no_addition,False,0.0,0.0,0.0,0.0,0.0,0.0,0.0,0.0,0.0,0.0,0.7419538127860572,0.3257052711190269,0.22127615320016214,0.1744441787687567,wait:0.000000
43,8:0,8,no_addition,False,0.0,0.0,0.0,0.0,0.0,0.0,0.0,0.0,0.0,0.0,0.42224487806266675,0.31676733048151573,0.09743626015620943,0.3270836536953683,wait:0.000000;e:-0.061890
43,15:0,15,no_addition,False,0.0,0.0,0.0,0.0,0.0,0.0,0.0,0.0,0.0,0.0,0.5815402376273211,0.3651732285065892,0.12013139547880683,0.36885322864169034,wait:0.000000
43,17:0,17,no_addition,False,0.0,0.0,0.0,0.0,0.0,0.0,0.0,0.0,0.0,0.0,0.5319935126913222,0.5734977925998279,0.253902026142052,0.30760713930070754,wait:0.000000
43,19:0,19,no_addition,False,0.0,0.0,0.0,0.0,0.0,0.0,0.0,0.0,0.0,0.0,0.7251883343647291,0.445278758799319,0.134934236822975,0.22963360758369958,wait:0.000000
43,20:0,20,no_addition,False,0.0,0.0,0.0,0.0,0.0,0.0,0.0,0.0,0.0,0.0,0.6195092762977208,0.4718195611743685,0.1422286741409436,0.34279558387592546,wait:0.000000
43,27:0,27,no_addition,False,0.0,0.0,0.0,0.0,0.0,0.0,0.0,0.0,0.0,0.0,0.6925893067107659,0.6392206064589001,0.15779028109324086,0.3684614046068823,wait:0.000000
43,35:0,35,no_addition,False,0.0,0.0,0.0,0.0,0.0,0.0,0.0,0.0,0.0,0.0,0.5686148129675394,0.3808624764596319,0.11359345932382238,0.17179398486241937,wait:0.000000
43,37:0,37,no_addition,False,0.0,0.0,0.0,0.0,0.0,0.0,0.0,0.0,0.0,0.0,0.6566398133866089,0.6048095714434447,0.23900283811741982,0.19726177659029454,wait:0.000000
43,39:0,39,no_addition,False,0.0,0.0,0.0,0.0,0.0,0.0,0.0,0.0,0.0,0.0,0.4294577007052264,0.45942743266519215,0.11278642516549683,0.3142410343455689,wait:0.000000
43,42:0,42,no_addition,False,0.0,0.0,0.0,0.0,0.0,0.0,0.0,0.0,0.0,0.0,0.3646625997759556,0.43924046267399164,0.20447239480110982,0.16482639385390188,wait:0.000000
43,46:0,46,no_addition,False,0.0,0.0,0.0,0.0,0.0,0.0,0.0,0.0,0.0,0.0,0.46247147996441473,0.6596503611583785,0.18523664050489752,0.15567554392335484,wait:0.000000
43,49:0,49,no_addition,False,0.0,0.0,0.0,0.0,0.0,0.0,0.0,0.0,0.0,0.0,0.5412220236875722,0.6085239383184402,0.20702198292046725,0.3550969080079869,wait:0.000000
43,69:0,69,no_addition,False,0.0,0.0,0.0,0.0,0.0,0.0,0.0,0.0,0.0,0.0,0.6022842267235775,0.3907241381421482,0.12522009883263424,0.2509880233786041,wait:0.000000
43,73:0,73,no_addition,False,0.0,0.0,0.0,0.0,0.0,0.0,0.0,0.0,0.0,0.0,0.40420682498105226,0.36825884895626715,0.10135193454551357,0.21381812730705063,wait:0.000000
43,75:0,75,no_addition,False,0.0,0.0,0.0,0.0,0.0,0.0,0.0,0.0,0.0,0.0,0.4230941969831738,0.5146117501535823,0.14526836109731428,0.21203597939779312,wait:0.000000
43,76:0,76,no_addition,False,0.0,0.0,0.0,0.0,0.0,0.0,0.0,0.0,0.0,0.0,0.4607091825541645,0.355946265462487,0.2483673802320229,0.36773318693554713,wait:0.000000;e:-0.067266
43,78:0,78,no_addition,False,0.0,0.0,0.0,0.0,0.0,0.0,0.0,0.0,0.0,0.0,0.6649527470465615,0.2708445688219129,0.19539182057908258,0.3732642554777805,wait:0.000000;e:-0.149416
43,79:0,79,no_addition,False,0.0,0.0,0.0,0.0,0.0,0.0,0.0,0.0,0.0,0.0,0.6554007144387883,0.3386993507256493,0.11701546148724276,0.22854336518025284,wait:0.000000
43,82:0,82,no_addition,False,0.0,0.0,0.0,0.0,0.0,0.0,0.0,0.0,0.0,0.0,0.7286328395366878,0.36352177295393373,0.15698912011979346,0.1520510595522537,wait:0.000000
43,85:0,85,no_addition,False,0.0,0.0,0.0,0.0,0.0,0.0,0.0,0.0,0.0,0.0,0.7153815322741996,0.556425413119678,0.16364315346228214,0.22556310027741625,wait:0.000000
43,88:0,88,no_addition,False,0.0,0.0,0.0,0.0,0.0,0.0,0.0,0.0,0.0,0.0,0.7163316377708322,0.6143286754778456,0.09809896900767885,0.2526309343782891,wait:0.000000
43,90:0,90,no_addition,False,0.0,0.0,0.0,0.0,0.0,0.0,0.0,0.0,0.0,0.0,0.5496088598221989,0.5230713273300622,0.13492759998526915,0.34468040679375855,wait:0.000000
43,92:0,92,no_addition,False,0.0,0.0,0.0,0.0,0.0,0.0,0.0,0.0,0.0,0.0,0.5836859411228719,0.5217641296334619,0.18240288524889472,0.21479688753022783,wait:0.000000
43,99:0,99,no_addition,False,0.0,0.0,0.0,0.0,0.0,0.0,0.0,0.0,0.0,0.0,0.595919754635573,0.3031051908867153,0.2567075269935262,0.36362387727822276,wait:0.000000;e:-0.110731
43,100:0,100,no_addition,False,0.0,0.0,0.0,0.0,0.0,0.0,0.0,0.0,0.0,0.0,0.7169641560585482,0.4692832919180363,0.23232263065211484,0.18559087631515395,wait:0.000000
43,103:0,103,no_addition,False,0.0,0.0,0.0,0.0,0.0,0.0,0.0,0.0,0.0,0.0,0.48453188448400963,0.3036894266573445,0.24040021754476024,0.2514446862260086,wait:0.000000
43,107:0,107,no_addition,False,0.0,0.0,0.0,0.0,0.0,0.0,0.0,0.0,0.0,0.0,0.5601272085917144,0.4027578298740651,0.11188658600935725,0.20311708869163475,wait:0.000000
43,108:0,108,no_addition,False,0.0,0.0,0.0,0.0,0.0,0.0,0.0,0.0,0.0,0.0,0.712589369414454,0.5801760444086993,0.13671870609908326,0.3181198326494777,wait:0.000000
43,113:0,113,no_addition,False,0.0,0.0,0.0,0.0,0.0,0.0,0.0,0.0,0.0,0.0,0.36884265054638277,0.5871883438705638,0.20774743918817895,0.15152591661893103,wait:0.000000
43,117:0,117,no_addition,False,0.0,0.0,0.0,0.0,0.0,0.0,0.0,0.0,0.0,0.0,0.5762276374207189,0.31861268573099333,0.26177083556612213,0.28997807026483413,wait:0.000000
43,118:0,118,no_addition,False,0.0,0.0,0.0,0.0,0.0,0.0,0.0,0.0,0.0,0.0,0.7419538127860572,0.3257052711190269,0.22127615320016214,0.1744441787687567,wait:0.000000
44,8:0,8,no_addition,False,0.0,0.0,0.0,0.0,0.0,0.0,0.0,0.0,0.0,0.0,0.42224487806266675,0.31676733048151573,0.09743626015620943,0.3270836536953683,wait:0.000000;e:-0.061890
44,15:0,15,no_addition,False,0.0,0.0,0.0,0.0,0.0,0.0,0.0,0.0,0.0,0.0,0.5815402376273211,0.3651732285065892,0.12013139547880683,0.36885322864169034,wait:0.000000
44,17:0,17,no_addition,False,0.0,0.0,0.0,0.0,0.0,0.0,0.0,0.0,0.0,0.0,0.5319935126913222,0.5734977925998279,0.253902026142052,0.30760713930070754,wait:0.000000
44,19:0,19,no_addition,False,0.0,0.0,0.0,0.0,0.0,0.0,0.0,0.0,0.0,0.0,0.7251883343647291,0.445278758799319,0.134934236822975,0.22963360758369958,wait:0.000000
44,20:0,20,no_addition,False,0.0,0.0,0.0,0.0,0.0,0.0,0.0,0.0,0.0,0.0,0.6195092762977208,0.4718195611743685,0.1422286741409436,0.34279558387592546,wait:0.000000
44,27:0,27,no_addition,False,0.0,0.0,0.0,0.0,0.0,0.0,0.0,0.0,0.0,0.0,0.6925893067107659,0.6392206064589001,0.15779028109324086,0.3684614046068823,wait:0.000000
44,35:0,35,no_addition,False,0.0,0.0,0.0,0.0,0.0,0.0,0.0,0.0,0.0,0.0,0.5686148129675394,0.3808624764596319,0.11359345932382238,0.17179398486241937,wait:0.000000
44,37:0,37,no_addition,False,0.0,0.0,0.0,0.0,0.0,0.0,0.0,0.0,0.0,0.0,0.6566398133866089,0.6048095714434447,0.23900283811741982,0.19726177659029454,wait:0.000000
44,39:0,39,no_addition,False,0.0,0.0,0.0,0.0,0.0,0.0,0.0,0.0,0.0,0.0,0.4294577007052264,0.45942743266519215,0.11278642516549683,0.3142410343455689,wait:0.000000
44,42:0,42,no_addition,False,0.0,0.0,0.0,0.0,0.0,0.0,0.0,0.0,0.0,0.0,0.3646625997759556,0.43924046267399164,0.20447239480110982,0.16482639385390188,wait:0.000000
44,46:0,46,no_addition,False,0.0,0.0,0.0,0.0,0.0,0.0,0.0,0.0,0.0,0.0,0.46247147996441473,0.6596503611583785,0.18523664050489752,0.15567554392335484,wait:0.000000
44,49:0,49,no_addition,False,0.0,0.0,0.0,0.0,0.0,0.0,0.0,0.0,0.0,0.0,0.5412220236875722,0.6085239383184402,0.20702198292046725,0.3550969080079869,wait:0.000000
44,69:0,69,no_addition,False,0.0,0.0,0.0,0.0,0.0,0.0,0.0,0.0,0.0,0.0,0.6022842267235775,0.3907241381421482,0.12522009883263424,0.2509880233786041,wait:0.000000
44,73:0,73,no_addition,False,0.0,0.0,0.0,0.0,0.0,0.0,0.0,0.0,0.0,0.0,0.40420682498105226,0.36825884895626715,0.10135193454551357,0.21381812730705063,wait:0.000000
44,75:0,75,no_addition,False,0.0,0.0,0.0,0.0,0.0,0.0,0.0,0.0,0.0,0.0,0.4230941969831738,0.5146117501535823,0.14526836109731428,0.21203597939779312,wait:0.000000
44,76:0,76,no_addition,False,0.0,0.0,0.0,0.0,0.0,0.0,0.0,0.0,0.0,0.0,0.4607091825541645,0.355946265462487,0.2483673802320229,0.36773318693554713,wait:0.000000;e:-0.067266
44,78:0,78,no_addition,False,0.0,0.0,0.0,0.0,0.0,0.0,0.0,0.0,0.0,0.0,0.6649527470465615,0.2708445688219129,0.19539182057908258,0.3732642554777805,wait:0.000000;e:-0.149416
44,79:0,79,no_addition,False,0.0,0.0,0.0,0.0,0.0,0.0,0.0,0.0,0.0,0.0,0.6554007144387883,0.3386993507256493,0.11701546148724276,0.22854336518025284,wait:0.000000
44,82:0,82,no_addition,False,0.0,0.0,0.0,0.0,0.0,0.0,0.0,0.0,0.0,0.0,0.7286328395366878,0.36352177295393373,0.15698912011979346,0.1520510595522537,wait:0.000000
44,85:0,85,no_addition,False,0.0,0.0,0.0,0.0,0.0,0.0,0.0,0.0,0.0,0.0,0.7153815322741996,0.556425413119678,0.16364315346228214,0.22556310027741625,wait:0.000000
44,88:0,88,no_addition,False,0.0,0.0,0.0,0.0,0.0,0.0,0.0,0.0,0.0,0.0,0.7163316377708322,0.6143286754778456,0.09809896900767885,0.2526309343782891,wait:0.000000
44,90:0,90,no_addition,False,0.0,0.0,0.0,0.0,0.0,0.0,0.0,0.0,0.0,0.0,0.5496088598221989,0.5230713273300622,0.13492759998526915,0.34468040679375855,wait:0.000000
44,92:0,92,no_addition,False,0.0,0.0,0.0,0.0,0.0,0.0,0.0,0.0,0.0,0.0,0.5836859411228719,0.5217641296334619,0.18240288524889472,0.21479688753022783,wait:0.000000
44,99:0,99,no_addition,False,0.0,0.0,0.0,0.0,0.0,0.0,0.0,0.0,0.0,0.0,0.595919754635573,0.3031051908867153,0.2567075269935262,0.36362387727822276,wait:0.000000;e:-0.110731
44,100:0,100,no_addition,False,0.0,0.0,0.0,0.0,0.0,0.0,0.0,0.0,0.0,0.0,0.7169641560585482,0.4692832919180363,0.23232263065211484,0.18559087631515395,wait:0.000000
44,103:0,103,no_addition,False,0.0,0.0,0.0,0.0,0.0,0.0,0.0,0.0,0.0,0.0,0.48453188448400963,0.3036894266573445,0.24040021754476024,0.2514446862260086,wait:0.000000
44,107:0,107,no_addition,False,0.0,0.0,0.0,0.0,0.0,0.0,0.0,0.0,0.0,0.0,0.5601272085917144,0.4027578298740651,0.11188658600935725,0.20311708869163475,wait:0.000000
44,108:0,108,no_addition,False,0.0,0.0,0.0,0.0,0.0,0.0,0.0,0.0,0.0,0.0,0.712589369414454,0.5801760444086993,0.13671870609908326,0.3181198326494777,wait:0.000000
44,113:0,113,no_addition,False,0.0,0.0,0.0,0.0,0.0,0.0,0.0,0.0,0.0,0.0,0.36884265054638277,0.5871883438705638,0.20774743918817895,0.15152591661893103,wait:0.000000
44,117:0,117,no_addition,False,0.0,0.0,0.0,0.0,0.0,0.0,0.0,0.0,0.0,0.0,0.5762276374207189,0.31861268573099333,0.26177083556612213,0.28997807026483413,wait:0.000000
44,118:0,118,no_addition,False,0.0,0.0,0.0,0.0,0.0,0.0,0.0,0.0,0.0,0.0,0.7419538127860572,0.3257052711190269,0.22127615320016214,0.1744441787687567,wait:0.000000
